ISO-10303-21;
HEADER;
/* Generated by software containing ST-Developer
 * from STEP Tools, Inc. (www.steptools.com) 
 */
/* OPTION: using custom renumber hook */

FILE_DESCRIPTION(
/* description */ ('STEP AP242 Edition 2',
'CAx-IF Rec.Pracs.---Representation and Presentation of Product Manufa
cturing Information (PMI)---4.0---2014-10-13',
'CAx-IF Rec.Pracs.---3D Tessellated Geometry---0.4---2014-09-14','2;1',
'CAx-IF Rec.Pracs.---User Defined Attributes---1.5---2016-08-15'),
/* implementation_level */ '2;1');

FILE_NAME(
/* name */ 'Casing - Top-Left',
/* time_stamp */ '2026-09-30T14:45:05Z',
/* author */ (''),
/* organization */ (''),
/* preprocessor_version */ 'ST-DEVELOPER v20',
/* originating_system */ 'ONSHAPE BY PTC INC, 1.221',
/* authorisation */ '  ');

FILE_SCHEMA (('AP242_MANAGED_MODEL_BASED_3D_ENGINEERING_MIM_LF { 1 0 10303 442 3 1 4 }'));
ENDSEC;

DATA;
#10=SHAPE_REPRESENTATION_RELATIONSHIP('','',#6608,#11);
#11=ADVANCED_BREP_SHAPE_REPRESENTATION('',(#6606),#11018);
#12=TOROIDAL_SURFACE('',#6887,0.002,0.001);
#13=TOROIDAL_SURFACE('',#6894,0.002,0.001);
#14=TOROIDAL_SURFACE('',#6896,0.002,0.001);
#15=TOROIDAL_SURFACE('',#6902,0.002,0.001);
#16=TOROIDAL_SURFACE('',#6933,0.002,0.001);
#17=TOROIDAL_SURFACE('',#6940,0.002,0.001);
#18=TOROIDAL_SURFACE('',#6942,0.002,0.001);
#19=TOROIDAL_SURFACE('',#6948,0.002,0.001);
#20=TOROIDAL_SURFACE('',#6979,0.002,0.001);
#21=TOROIDAL_SURFACE('',#6986,0.002,0.001);
#22=TOROIDAL_SURFACE('',#6988,0.002,0.001);
#23=TOROIDAL_SURFACE('',#6994,0.002,0.001);
#24=TOROIDAL_SURFACE('',#7025,0.002,0.001);
#25=TOROIDAL_SURFACE('',#7032,0.002,0.001);
#26=TOROIDAL_SURFACE('',#7034,0.002,0.001);
#27=TOROIDAL_SURFACE('',#7040,0.002,0.001);
#28=TOROIDAL_SURFACE('',#7066,0.0055,0.002);
#29=TOROIDAL_SURFACE('',#7077,0.0055,0.002);
#30=TOROIDAL_SURFACE('',#7088,0.0055,0.002);
#31=CONICAL_SURFACE('',#6739,0.0015,0.785398163397442);
#32=CONICAL_SURFACE('',#6742,0.00265,0.785398163397442);
#33=CONICAL_SURFACE('',#6757,0.0015,0.785398163397442);
#34=CONICAL_SURFACE('',#6760,0.00265,0.785398163397442);
#35=CONICAL_SURFACE('',#6775,0.0015,0.785398163397442);
#36=CONICAL_SURFACE('',#6778,0.00265,0.785398163397442);
#37=CONICAL_SURFACE('',#6839,0.00265,0.785398163397442);
#38=CONICAL_SURFACE('',#6840,0.0015,0.785398163397442);
#39=CONICAL_SURFACE('',#7067,0.000749999999999973,1.1263771168938);
#40=CONICAL_SURFACE('',#7078,0.000749999999999973,1.1263771168938);
#41=CONICAL_SURFACE('',#7089,0.000749999999999973,1.1263771168938);
#42=CYLINDRICAL_SURFACE('',#6705,0.00375);
#43=CYLINDRICAL_SURFACE('',#6720,0.00375);
#44=CYLINDRICAL_SURFACE('',#6735,0.00375);
#45=CYLINDRICAL_SURFACE('',#6745,0.002675);
#46=CYLINDRICAL_SURFACE('',#6748,0.002675);
#47=CYLINDRICAL_SURFACE('',#6751,0.0015);
#48=CYLINDRICAL_SURFACE('',#6756,0.0015);
#49=CYLINDRICAL_SURFACE('',#6763,0.002675);
#50=CYLINDRICAL_SURFACE('',#6766,0.002675);
#51=CYLINDRICAL_SURFACE('',#6769,0.0015);
#52=CYLINDRICAL_SURFACE('',#6774,0.0015);
#53=CYLINDRICAL_SURFACE('',#6781,0.002675);
#54=CYLINDRICAL_SURFACE('',#6784,0.002675);
#55=CYLINDRICAL_SURFACE('',#6787,0.0015);
#56=CYLINDRICAL_SURFACE('',#6792,0.0015);
#57=CYLINDRICAL_SURFACE('',#6793,0.0015);
#58=CYLINDRICAL_SURFACE('',#6795,0.0015);
#59=CYLINDRICAL_SURFACE('',#6798,0.008);
#60=CYLINDRICAL_SURFACE('',#6799,0.008);
#61=CYLINDRICAL_SURFACE('',#6800,0.0125);
#62=CYLINDRICAL_SURFACE('',#6804,0.0125);
#63=CYLINDRICAL_SURFACE('',#6807,0.0125);
#64=CYLINDRICAL_SURFACE('',#6810,0.0125);
#65=CYLINDRICAL_SURFACE('',#6813,0.005);
#66=CYLINDRICAL_SURFACE('',#6814,0.005);
#67=CYLINDRICAL_SURFACE('',#6815,0.0155);
#68=CYLINDRICAL_SURFACE('',#6818,0.0155);
#69=CYLINDRICAL_SURFACE('',#6821,0.0155);
#70=CYLINDRICAL_SURFACE('',#6824,0.0155);
#71=CYLINDRICAL_SURFACE('',#6831,0.002675);
#72=CYLINDRICAL_SURFACE('',#6835,0.002675);
#73=CYLINDRICAL_SURFACE('',#6841,0.00375);
#74=CYLINDRICAL_SURFACE('',#6875,0.0016);
#75=CYLINDRICAL_SURFACE('',#6878,0.0016);
#76=CYLINDRICAL_SURFACE('',#6881,0.0016);
#77=CYLINDRICAL_SURFACE('',#6884,0.0016);
#78=CYLINDRICAL_SURFACE('',#6890,0.001);
#79=CYLINDRICAL_SURFACE('',#6892,0.001);
#80=CYLINDRICAL_SURFACE('',#6898,0.001);
#81=CYLINDRICAL_SURFACE('',#6900,0.001);
#82=CYLINDRICAL_SURFACE('',#6921,0.0016);
#83=CYLINDRICAL_SURFACE('',#6924,0.0016);
#84=CYLINDRICAL_SURFACE('',#6927,0.0016);
#85=CYLINDRICAL_SURFACE('',#6930,0.0016);
#86=CYLINDRICAL_SURFACE('',#6936,0.001);
#87=CYLINDRICAL_SURFACE('',#6938,0.001);
#88=CYLINDRICAL_SURFACE('',#6944,0.001);
#89=CYLINDRICAL_SURFACE('',#6946,0.001);
#90=CYLINDRICAL_SURFACE('',#6967,0.0016);
#91=CYLINDRICAL_SURFACE('',#6970,0.0016);
#92=CYLINDRICAL_SURFACE('',#6973,0.0016);
#93=CYLINDRICAL_SURFACE('',#6976,0.0016);
#94=CYLINDRICAL_SURFACE('',#6982,0.001);
#95=CYLINDRICAL_SURFACE('',#6984,0.001);
#96=CYLINDRICAL_SURFACE('',#6990,0.001);
#97=CYLINDRICAL_SURFACE('',#6992,0.001);
#98=CYLINDRICAL_SURFACE('',#7013,0.0016);
#99=CYLINDRICAL_SURFACE('',#7016,0.0016);
#100=CYLINDRICAL_SURFACE('',#7019,0.0016);
#101=CYLINDRICAL_SURFACE('',#7022,0.0016);
#102=CYLINDRICAL_SURFACE('',#7028,0.001);
#103=CYLINDRICAL_SURFACE('',#7030,0.001);
#104=CYLINDRICAL_SURFACE('',#7036,0.001);
#105=CYLINDRICAL_SURFACE('',#7038,0.001);
#106=CYLINDRICAL_SURFACE('',#7057,0.000749999999999973);
#107=CYLINDRICAL_SURFACE('',#7060,0.0035);
#108=CYLINDRICAL_SURFACE('',#7068,0.000749999999999973);
#109=CYLINDRICAL_SURFACE('',#7071,0.0035);
#110=CYLINDRICAL_SURFACE('',#7079,0.000749999999999973);
#111=CYLINDRICAL_SURFACE('',#7082,0.0035);
#112=CYLINDRICAL_SURFACE('',#7102,0.002);
#113=CYLINDRICAL_SURFACE('',#7117,0.002);
#114=CYLINDRICAL_SURFACE('',#7132,0.002);
#115=CYLINDRICAL_SURFACE('',#7147,0.002);
#116=CYLINDRICAL_SURFACE('',#7162,0.002);
#117=CYLINDRICAL_SURFACE('',#7177,0.002);
#118=CYLINDRICAL_SURFACE('',#7192,0.002);
#119=CYLINDRICAL_SURFACE('',#7195,0.004);
#120=CYLINDRICAL_SURFACE('',#7197,0.004);
#121=CYLINDRICAL_SURFACE('',#7199,0.004);
#122=CYLINDRICAL_SURFACE('',#7200,0.004);
#123=CYLINDRICAL_SURFACE('',#7201,0.004);
#124=CYLINDRICAL_SURFACE('',#7203,0.004);
#125=CYLINDRICAL_SURFACE('',#7205,0.004);
#126=CYLINDRICAL_SURFACE('',#7207,0.004);
#127=CYLINDRICAL_SURFACE('',#7208,0.004);
#128=CYLINDRICAL_SURFACE('',#7209,0.004);
#129=CYLINDRICAL_SURFACE('',#7211,0.004);
#130=CYLINDRICAL_SURFACE('',#7212,0.004);
#131=CYLINDRICAL_SURFACE('',#7213,0.004);
#132=CYLINDRICAL_SURFACE('',#7215,0.004);
#133=CYLINDRICAL_SURFACE('',#7216,0.004);
#134=CYLINDRICAL_SURFACE('',#7217,0.004);
#135=CYLINDRICAL_SURFACE('',#7219,0.004);
#136=CYLINDRICAL_SURFACE('',#7221,0.004);
#137=CYLINDRICAL_SURFACE('',#7223,0.004);
#138=CYLINDRICAL_SURFACE('',#7224,0.004);
#139=CYLINDRICAL_SURFACE('',#7225,0.004);
#140=CYLINDRICAL_SURFACE('',#7226,0.004);
#141=CYLINDRICAL_SURFACE('',#7227,0.004);
#142=CYLINDRICAL_SURFACE('',#7229,0.004);
#143=CYLINDRICAL_SURFACE('',#7231,0.004);
#144=CYLINDRICAL_SURFACE('',#7232,0.004);
#145=CYLINDRICAL_SURFACE('',#7233,0.004);
#146=CYLINDRICAL_SURFACE('',#7235,0.004);
#147=CYLINDRICAL_SURFACE('',#7253,0.004);
#148=CYLINDRICAL_SURFACE('',#7254,0.004);
#149=ELLIPSE('',#6645,0.00502921236742713,0.005);
#150=ELLIPSE('',#6646,0.00511400304306926,0.005);
#151=ELLIPSE('',#6676,0.00818240486891082,0.008);
#152=ELLIPSE('',#6677,0.00804673978788341,0.008);
#153=ELLIPSE('',#6681,0.00505447489208047,0.005);
#154=ELLIPSE('',#6682,0.00505539835111466,0.005);
#155=ELLIPSE('',#6683,0.00808863736178346,0.008);
#156=ELLIPSE('',#6684,0.00808715982732874,0.008);
#157=ELLIPSE('',#7098,0.00402203311825406,0.004);
#158=ELLIPSE('',#7099,0.00402203311825406,0.004);
#159=ELLIPSE('',#7114,0.00402203311825406,0.004);
#160=ELLIPSE('',#7115,0.00402203311825406,0.004);
#161=ELLIPSE('',#7129,0.00402203468753067,0.004);
#162=ELLIPSE('',#7130,0.00402203468753067,0.004);
#163=ELLIPSE('',#7144,0.00402203311825406,0.004);
#164=ELLIPSE('',#7145,0.00402203311825406,0.004);
#165=ELLIPSE('',#7159,0.00402203311825406,0.004);
#166=ELLIPSE('',#7160,0.00402203311825406,0.004);
#167=ELLIPSE('',#7174,0.00402203468753067,0.004);
#168=ELLIPSE('',#7175,0.00402203468753067,0.004);
#169=ELLIPSE('',#7189,0.00402203468753067,0.004);
#170=ELLIPSE('',#7190,0.00402203468753067,0.004);
#171=ELLIPSE('',#7196,0.00597790619945842,0.004);
#172=ELLIPSE('',#7198,0.00597790619945842,0.004);
#173=ELLIPSE('',#7202,0.00597790853185802,0.004);
#174=ELLIPSE('',#7204,0.00597790853185802,0.004);
#175=ELLIPSE('',#7206,0.00597790619945842,0.004);
#176=ELLIPSE('',#7210,0.00597790619945842,0.004);
#177=ELLIPSE('',#7214,0.00597790853185799,0.004);
#178=ELLIPSE('',#7218,0.00597790853185799,0.004);
#179=ELLIPSE('',#7220,0.00597790619945845,0.004);
#180=ELLIPSE('',#7222,0.00597790619945845,0.004);
#181=ELLIPSE('',#7228,0.00597790619945845,0.004);
#182=ELLIPSE('',#7230,0.00597790619945845,0.004);
#183=ELLIPSE('',#7234,0.00597790853185804,0.004);
#184=ELLIPSE('',#7236,0.00597790853185804,0.004);
#185=CIRCLE('',#6614,0.0055);
#186=CIRCLE('',#6615,0.0055);
#187=CIRCLE('',#6616,0.0055);
#188=CIRCLE('',#6617,0.0015);
#189=CIRCLE('',#6618,0.0015);
#190=CIRCLE('',#6619,0.0155);
#191=CIRCLE('',#6620,0.0155);
#192=CIRCLE('',#6621,0.0155);
#193=CIRCLE('',#6622,0.0155);
#194=CIRCLE('',#6623,0.0015);
#195=CIRCLE('',#6624,0.0015);
#196=CIRCLE('',#6625,0.0015);
#197=CIRCLE('',#6626,0.0015);
#198=CIRCLE('',#6627,0.0015);
#199=CIRCLE('',#6628,0.0015);
#200=CIRCLE('',#6629,0.0016);
#201=CIRCLE('',#6630,0.0016);
#202=CIRCLE('',#6631,0.0016);
#203=CIRCLE('',#6632,0.0016);
#204=CIRCLE('',#6633,0.0016);
#205=CIRCLE('',#6634,0.0016);
#206=CIRCLE('',#6635,0.0016);
#207=CIRCLE('',#6636,0.0016);
#208=CIRCLE('',#6637,0.0016);
#209=CIRCLE('',#6638,0.0016);
#210=CIRCLE('',#6639,0.0016);
#211=CIRCLE('',#6640,0.0016);
#212=CIRCLE('',#6641,0.0016);
#213=CIRCLE('',#6642,0.0016);
#214=CIRCLE('',#6643,0.0016);
#215=CIRCLE('',#6644,0.0016);
#216=CIRCLE('',#6648,0.002675);
#217=CIRCLE('',#6649,0.002675);
#218=CIRCLE('',#6650,0.0125);
#219=CIRCLE('',#6651,0.0125);
#220=CIRCLE('',#6652,0.0125);
#221=CIRCLE('',#6653,0.0125);
#222=CIRCLE('',#6654,0.002675);
#223=CIRCLE('',#6655,0.002675);
#224=CIRCLE('',#6656,0.002675);
#225=CIRCLE('',#6657,0.002675);
#226=CIRCLE('',#6658,0.002675);
#227=CIRCLE('',#6659,0.002675);
#228=CIRCLE('',#6660,0.002);
#229=CIRCLE('',#6661,0.002);
#230=CIRCLE('',#6662,0.002);
#231=CIRCLE('',#6663,0.002);
#232=CIRCLE('',#6664,0.002);
#233=CIRCLE('',#6665,0.002);
#234=CIRCLE('',#6666,0.002);
#235=CIRCLE('',#6667,0.002);
#236=CIRCLE('',#6668,0.002);
#237=CIRCLE('',#6669,0.002);
#238=CIRCLE('',#6670,0.002);
#239=CIRCLE('',#6671,0.002);
#240=CIRCLE('',#6672,0.002);
#241=CIRCLE('',#6673,0.002);
#242=CIRCLE('',#6674,0.002);
#243=CIRCLE('',#6675,0.002);
#244=CIRCLE('',#6687,0.00375);
#245=CIRCLE('',#6689,0.00375);
#246=CIRCLE('',#6691,0.00375);
#247=CIRCLE('',#6706,0.00375);
#248=CIRCLE('',#6721,0.00375);
#249=CIRCLE('',#6736,0.00375);
#250=CIRCLE('',#6738,0.0155);
#251=CIRCLE('',#6740,0.00265);
#252=CIRCLE('',#6741,0.0015);
#253=CIRCLE('',#6743,0.0015);
#254=CIRCLE('',#6744,0.00265);
#255=CIRCLE('',#6746,0.002675);
#256=CIRCLE('',#6749,0.002675);
#257=CIRCLE('',#6758,0.00265);
#258=CIRCLE('',#6759,0.0015);
#259=CIRCLE('',#6761,0.0015);
#260=CIRCLE('',#6762,0.00265);
#261=CIRCLE('',#6764,0.002675);
#262=CIRCLE('',#6767,0.002675);
#263=CIRCLE('',#6776,0.00265);
#264=CIRCLE('',#6777,0.0015);
#265=CIRCLE('',#6779,0.0015);
#266=CIRCLE('',#6780,0.00265);
#267=CIRCLE('',#6782,0.002675);
#268=CIRCLE('',#6785,0.002675);
#269=CIRCLE('',#6794,0.0015);
#270=CIRCLE('',#6796,0.0015);
#271=CIRCLE('',#6801,0.0125);
#272=CIRCLE('',#6803,0.00375);
#273=CIRCLE('',#6805,0.0125);
#274=CIRCLE('',#6808,0.0125);
#275=CIRCLE('',#6811,0.0125);
#276=CIRCLE('',#6817,0.00375);
#277=CIRCLE('',#6819,0.0155);
#278=CIRCLE('',#6822,0.0155);
#279=CIRCLE('',#6825,0.0155);
#280=CIRCLE('',#6832,0.002675);
#281=CIRCLE('',#6834,0.00265);
#282=CIRCLE('',#6836,0.002675);
#283=CIRCLE('',#6838,0.00265);
#284=CIRCLE('',#6865,0.004);
#285=CIRCLE('',#6866,0.004);
#286=CIRCLE('',#6871,0.001);
#287=CIRCLE('',#6872,0.001);
#288=CIRCLE('',#6873,0.001);
#289=CIRCLE('',#6874,0.001);
#290=CIRCLE('',#6876,0.0016);
#291=CIRCLE('',#6879,0.0016);
#292=CIRCLE('',#6882,0.0016);
#293=CIRCLE('',#6885,0.0016);
#294=CIRCLE('',#6888,0.001);
#295=CIRCLE('',#6889,0.001);
#296=CIRCLE('',#6891,0.001);
#297=CIRCLE('',#6893,0.001);
#298=CIRCLE('',#6895,0.001);
#299=CIRCLE('',#6897,0.001);
#300=CIRCLE('',#6899,0.001);
#301=CIRCLE('',#6901,0.001);
#302=CIRCLE('',#6917,0.001);
#303=CIRCLE('',#6918,0.001);
#304=CIRCLE('',#6919,0.001);
#305=CIRCLE('',#6920,0.001);
#306=CIRCLE('',#6922,0.0016);
#307=CIRCLE('',#6925,0.0016);
#308=CIRCLE('',#6928,0.0016);
#309=CIRCLE('',#6931,0.0016);
#310=CIRCLE('',#6934,0.001);
#311=CIRCLE('',#6935,0.001);
#312=CIRCLE('',#6937,0.001);
#313=CIRCLE('',#6939,0.001);
#314=CIRCLE('',#6941,0.001);
#315=CIRCLE('',#6943,0.001);
#316=CIRCLE('',#6945,0.001);
#317=CIRCLE('',#6947,0.001);
#318=CIRCLE('',#6963,0.001);
#319=CIRCLE('',#6964,0.001);
#320=CIRCLE('',#6965,0.001);
#321=CIRCLE('',#6966,0.001);
#322=CIRCLE('',#6968,0.0016);
#323=CIRCLE('',#6971,0.0016);
#324=CIRCLE('',#6974,0.0016);
#325=CIRCLE('',#6977,0.0016);
#326=CIRCLE('',#6980,0.001);
#327=CIRCLE('',#6981,0.001);
#328=CIRCLE('',#6983,0.001);
#329=CIRCLE('',#6985,0.001);
#330=CIRCLE('',#6987,0.001);
#331=CIRCLE('',#6989,0.001);
#332=CIRCLE('',#6991,0.001);
#333=CIRCLE('',#6993,0.001);
#334=CIRCLE('',#7009,0.001);
#335=CIRCLE('',#7010,0.001);
#336=CIRCLE('',#7011,0.001);
#337=CIRCLE('',#7012,0.001);
#338=CIRCLE('',#7014,0.0016);
#339=CIRCLE('',#7017,0.0016);
#340=CIRCLE('',#7020,0.0016);
#341=CIRCLE('',#7023,0.0016);
#342=CIRCLE('',#7026,0.001);
#343=CIRCLE('',#7027,0.001);
#344=CIRCLE('',#7029,0.001);
#345=CIRCLE('',#7031,0.001);
#346=CIRCLE('',#7033,0.001);
#347=CIRCLE('',#7035,0.001);
#348=CIRCLE('',#7037,0.001);
#349=CIRCLE('',#7039,0.001);
#350=CIRCLE('',#7058,0.000749999999999973);
#351=CIRCLE('',#7059,0.000749999999999973);
#352=CIRCLE('',#7061,0.0035);
#353=CIRCLE('',#7062,0.0035);
#354=CIRCLE('',#7064,0.00284999999999996);
#355=CIRCLE('',#7069,0.000749999999999973);
#356=CIRCLE('',#7070,0.000749999999999973);
#357=CIRCLE('',#7072,0.0035);
#358=CIRCLE('',#7073,0.0035);
#359=CIRCLE('',#7075,0.00284999999999996);
#360=CIRCLE('',#7080,0.000749999999999973);
#361=CIRCLE('',#7081,0.000749999999999973);
#362=CIRCLE('',#7083,0.0035);
#363=CIRCLE('',#7084,0.0035);
#364=CIRCLE('',#7086,0.00284999999999996);
#365=CIRCLE('',#7093,0.004);
#366=CIRCLE('',#7094,0.004);
#367=CIRCLE('',#7096,0.002);
#368=CIRCLE('',#7097,0.004);
#369=CIRCLE('',#7100,0.004);
#370=CIRCLE('',#7103,0.002);
#371=CIRCLE('',#7108,0.004);
#372=CIRCLE('',#7109,0.004);
#373=CIRCLE('',#7111,0.002);
#374=CIRCLE('',#7112,0.004);
#375=CIRCLE('',#7113,0.004);
#376=CIRCLE('',#7118,0.002);
#377=CIRCLE('',#7123,0.004);
#378=CIRCLE('',#7124,0.004);
#379=CIRCLE('',#7126,0.002);
#380=CIRCLE('',#7127,0.004);
#381=CIRCLE('',#7128,0.004);
#382=CIRCLE('',#7133,0.002);
#383=CIRCLE('',#7138,0.004);
#384=CIRCLE('',#7139,0.004);
#385=CIRCLE('',#7141,0.002);
#386=CIRCLE('',#7142,0.004);
#387=CIRCLE('',#7143,0.004);
#388=CIRCLE('',#7148,0.002);
#389=CIRCLE('',#7153,0.004);
#390=CIRCLE('',#7154,0.004);
#391=CIRCLE('',#7156,0.002);
#392=CIRCLE('',#7157,0.004);
#393=CIRCLE('',#7158,0.004);
#394=CIRCLE('',#7163,0.002);
#395=CIRCLE('',#7168,0.004);
#396=CIRCLE('',#7169,0.004);
#397=CIRCLE('',#7171,0.002);
#398=CIRCLE('',#7172,0.004);
#399=CIRCLE('',#7173,0.004);
#400=CIRCLE('',#7178,0.002);
#401=CIRCLE('',#7183,0.004);
#402=CIRCLE('',#7184,0.004);
#403=CIRCLE('',#7186,0.002);
#404=CIRCLE('',#7187,0.004);
#405=CIRCLE('',#7188,0.004);
#406=CIRCLE('',#7193,0.002);
#407=CIRCLE('',#7251,0.004);
#408=CIRCLE('',#7252,0.004);
#409=ORIENTED_EDGE('',*,*,#2135,.F.);
#410=ORIENTED_EDGE('',*,*,#2136,.T.);
#411=ORIENTED_EDGE('',*,*,#2137,.T.);
#412=ORIENTED_EDGE('',*,*,#2138,.T.);
#413=ORIENTED_EDGE('',*,*,#2139,.F.);
#414=ORIENTED_EDGE('',*,*,#2140,.F.);
#415=ORIENTED_EDGE('',*,*,#2141,.F.);
#416=ORIENTED_EDGE('',*,*,#2142,.F.);
#417=ORIENTED_EDGE('',*,*,#2143,.T.);
#418=ORIENTED_EDGE('',*,*,#2144,.T.);
#419=ORIENTED_EDGE('',*,*,#2145,.T.);
#420=ORIENTED_EDGE('',*,*,#2146,.T.);
#421=ORIENTED_EDGE('',*,*,#2147,.T.);
#422=ORIENTED_EDGE('',*,*,#2148,.T.);
#423=ORIENTED_EDGE('',*,*,#2149,.T.);
#424=ORIENTED_EDGE('',*,*,#2150,.T.);
#425=ORIENTED_EDGE('',*,*,#2151,.F.);
#426=ORIENTED_EDGE('',*,*,#2152,.F.);
#427=ORIENTED_EDGE('',*,*,#2153,.F.);
#428=ORIENTED_EDGE('',*,*,#2154,.T.);
#429=ORIENTED_EDGE('',*,*,#2155,.T.);
#430=ORIENTED_EDGE('',*,*,#2156,.T.);
#431=ORIENTED_EDGE('',*,*,#2157,.T.);
#432=ORIENTED_EDGE('',*,*,#2158,.T.);
#433=ORIENTED_EDGE('',*,*,#2159,.T.);
#434=ORIENTED_EDGE('',*,*,#2160,.T.);
#435=ORIENTED_EDGE('',*,*,#2161,.T.);
#436=ORIENTED_EDGE('',*,*,#2162,.T.);
#437=ORIENTED_EDGE('',*,*,#2163,.F.);
#438=ORIENTED_EDGE('',*,*,#2164,.F.);
#439=ORIENTED_EDGE('',*,*,#2165,.F.);
#440=ORIENTED_EDGE('',*,*,#2166,.T.);
#441=ORIENTED_EDGE('',*,*,#2167,.T.);
#442=ORIENTED_EDGE('',*,*,#2168,.T.);
#443=ORIENTED_EDGE('',*,*,#2169,.T.);
#444=ORIENTED_EDGE('',*,*,#2170,.F.);
#445=ORIENTED_EDGE('',*,*,#2171,.T.);
#446=ORIENTED_EDGE('',*,*,#2172,.T.);
#447=ORIENTED_EDGE('',*,*,#2173,.F.);
#448=ORIENTED_EDGE('',*,*,#2174,.F.);
#449=ORIENTED_EDGE('',*,*,#2175,.T.);
#450=ORIENTED_EDGE('',*,*,#2176,.T.);
#451=ORIENTED_EDGE('',*,*,#2177,.F.);
#452=ORIENTED_EDGE('',*,*,#2178,.T.);
#453=ORIENTED_EDGE('',*,*,#2179,.F.);
#454=ORIENTED_EDGE('',*,*,#2180,.F.);
#455=ORIENTED_EDGE('',*,*,#2181,.T.);
#456=ORIENTED_EDGE('',*,*,#2182,.T.);
#457=ORIENTED_EDGE('',*,*,#2183,.F.);
#458=ORIENTED_EDGE('',*,*,#2184,.F.);
#459=ORIENTED_EDGE('',*,*,#2185,.T.);
#460=ORIENTED_EDGE('',*,*,#2186,.T.);
#461=ORIENTED_EDGE('',*,*,#2187,.F.);
#462=ORIENTED_EDGE('',*,*,#2188,.F.);
#463=ORIENTED_EDGE('',*,*,#2189,.T.);
#464=ORIENTED_EDGE('',*,*,#2190,.T.);
#465=ORIENTED_EDGE('',*,*,#2191,.F.);
#466=ORIENTED_EDGE('',*,*,#2192,.F.);
#467=ORIENTED_EDGE('',*,*,#2193,.T.);
#468=ORIENTED_EDGE('',*,*,#2194,.T.);
#469=ORIENTED_EDGE('',*,*,#2195,.F.);
#470=ORIENTED_EDGE('',*,*,#2196,.F.);
#471=ORIENTED_EDGE('',*,*,#2197,.T.);
#472=ORIENTED_EDGE('',*,*,#2198,.T.);
#473=ORIENTED_EDGE('',*,*,#2199,.F.);
#474=ORIENTED_EDGE('',*,*,#2200,.F.);
#475=ORIENTED_EDGE('',*,*,#2201,.T.);
#476=ORIENTED_EDGE('',*,*,#2202,.T.);
#477=ORIENTED_EDGE('',*,*,#2203,.F.);
#478=ORIENTED_EDGE('',*,*,#2204,.T.);
#479=ORIENTED_EDGE('',*,*,#2205,.T.);
#480=ORIENTED_EDGE('',*,*,#2206,.F.);
#481=ORIENTED_EDGE('',*,*,#2207,.F.);
#482=ORIENTED_EDGE('',*,*,#2208,.T.);
#483=ORIENTED_EDGE('',*,*,#2209,.T.);
#484=ORIENTED_EDGE('',*,*,#2210,.T.);
#485=ORIENTED_EDGE('',*,*,#2211,.T.);
#486=ORIENTED_EDGE('',*,*,#2212,.F.);
#487=ORIENTED_EDGE('',*,*,#2213,.F.);
#488=ORIENTED_EDGE('',*,*,#2214,.T.);
#489=ORIENTED_EDGE('',*,*,#2215,.T.);
#490=ORIENTED_EDGE('',*,*,#2216,.F.);
#491=ORIENTED_EDGE('',*,*,#2217,.T.);
#492=ORIENTED_EDGE('',*,*,#2218,.F.);
#493=ORIENTED_EDGE('',*,*,#2219,.F.);
#494=ORIENTED_EDGE('',*,*,#2220,.T.);
#495=ORIENTED_EDGE('',*,*,#2221,.T.);
#496=ORIENTED_EDGE('',*,*,#2222,.F.);
#497=ORIENTED_EDGE('',*,*,#2223,.T.);
#498=ORIENTED_EDGE('',*,*,#2224,.F.);
#499=ORIENTED_EDGE('',*,*,#2225,.F.);
#500=ORIENTED_EDGE('',*,*,#2226,.T.);
#501=ORIENTED_EDGE('',*,*,#2227,.T.);
#502=ORIENTED_EDGE('',*,*,#2228,.F.);
#503=ORIENTED_EDGE('',*,*,#2229,.T.);
#504=ORIENTED_EDGE('',*,*,#2230,.T.);
#505=ORIENTED_EDGE('',*,*,#2231,.T.);
#506=ORIENTED_EDGE('',*,*,#2232,.F.);
#507=ORIENTED_EDGE('',*,*,#2233,.F.);
#508=ORIENTED_EDGE('',*,*,#2234,.F.);
#509=ORIENTED_EDGE('',*,*,#2235,.F.);
#510=ORIENTED_EDGE('',*,*,#2236,.F.);
#511=ORIENTED_EDGE('',*,*,#2237,.F.);
#512=ORIENTED_EDGE('',*,*,#2238,.T.);
#513=ORIENTED_EDGE('',*,*,#2239,.T.);
#514=ORIENTED_EDGE('',*,*,#2240,.F.);
#515=ORIENTED_EDGE('',*,*,#2241,.F.);
#516=ORIENTED_EDGE('',*,*,#2242,.F.);
#517=ORIENTED_EDGE('',*,*,#2243,.F.);
#518=ORIENTED_EDGE('',*,*,#2244,.F.);
#519=ORIENTED_EDGE('',*,*,#2245,.F.);
#520=ORIENTED_EDGE('',*,*,#2246,.T.);
#521=ORIENTED_EDGE('',*,*,#2247,.T.);
#522=ORIENTED_EDGE('',*,*,#2248,.F.);
#523=ORIENTED_EDGE('',*,*,#2249,.F.);
#524=ORIENTED_EDGE('',*,*,#2250,.F.);
#525=ORIENTED_EDGE('',*,*,#2251,.F.);
#526=ORIENTED_EDGE('',*,*,#2252,.F.);
#527=ORIENTED_EDGE('',*,*,#2253,.F.);
#528=ORIENTED_EDGE('',*,*,#2254,.T.);
#529=ORIENTED_EDGE('',*,*,#2255,.T.);
#530=ORIENTED_EDGE('',*,*,#2256,.F.);
#531=ORIENTED_EDGE('',*,*,#2257,.F.);
#532=ORIENTED_EDGE('',*,*,#2258,.F.);
#533=ORIENTED_EDGE('',*,*,#2259,.F.);
#534=ORIENTED_EDGE('',*,*,#2260,.F.);
#535=ORIENTED_EDGE('',*,*,#2261,.F.);
#536=ORIENTED_EDGE('',*,*,#2262,.F.);
#537=ORIENTED_EDGE('',*,*,#2263,.T.);
#538=ORIENTED_EDGE('',*,*,#2264,.T.);
#539=ORIENTED_EDGE('',*,*,#2265,.F.);
#540=ORIENTED_EDGE('',*,*,#2266,.F.);
#541=ORIENTED_EDGE('',*,*,#2267,.T.);
#542=ORIENTED_EDGE('',*,*,#2268,.T.);
#543=ORIENTED_EDGE('',*,*,#2269,.F.);
#544=ORIENTED_EDGE('',*,*,#2270,.F.);
#545=ORIENTED_EDGE('',*,*,#2166,.F.);
#546=ORIENTED_EDGE('',*,*,#2271,.F.);
#547=ORIENTED_EDGE('',*,*,#2272,.F.);
#548=ORIENTED_EDGE('',*,*,#2273,.F.);
#549=ORIENTED_EDGE('',*,*,#2152,.T.);
#550=ORIENTED_EDGE('',*,*,#2274,.F.);
#551=ORIENTED_EDGE('',*,*,#2275,.F.);
#552=ORIENTED_EDGE('',*,*,#2276,.F.);
#553=ORIENTED_EDGE('',*,*,#2277,.T.);
#554=ORIENTED_EDGE('',*,*,#2278,.T.);
#555=ORIENTED_EDGE('',*,*,#2279,.F.);
#556=ORIENTED_EDGE('',*,*,#2280,.F.);
#557=ORIENTED_EDGE('',*,*,#2281,.T.);
#558=ORIENTED_EDGE('',*,*,#2282,.F.);
#559=ORIENTED_EDGE('',*,*,#2283,.T.);
#560=ORIENTED_EDGE('',*,*,#2284,.T.);
#561=ORIENTED_EDGE('',*,*,#2285,.F.);
#562=ORIENTED_EDGE('',*,*,#2286,.F.);
#563=ORIENTED_EDGE('',*,*,#2287,.T.);
#564=ORIENTED_EDGE('',*,*,#2288,.T.);
#565=ORIENTED_EDGE('',*,*,#2289,.F.);
#566=ORIENTED_EDGE('',*,*,#2290,.F.);
#567=ORIENTED_EDGE('',*,*,#2291,.T.);
#568=ORIENTED_EDGE('',*,*,#2292,.T.);
#569=ORIENTED_EDGE('',*,*,#2293,.F.);
#570=ORIENTED_EDGE('',*,*,#2294,.F.);
#571=ORIENTED_EDGE('',*,*,#2295,.T.);
#572=ORIENTED_EDGE('',*,*,#2296,.T.);
#573=ORIENTED_EDGE('',*,*,#2297,.F.);
#574=ORIENTED_EDGE('',*,*,#2298,.F.);
#575=ORIENTED_EDGE('',*,*,#2299,.T.);
#576=ORIENTED_EDGE('',*,*,#2300,.F.);
#577=ORIENTED_EDGE('',*,*,#2301,.T.);
#578=ORIENTED_EDGE('',*,*,#2302,.T.);
#579=ORIENTED_EDGE('',*,*,#2303,.F.);
#580=ORIENTED_EDGE('',*,*,#2304,.F.);
#581=ORIENTED_EDGE('',*,*,#2305,.F.);
#582=ORIENTED_EDGE('',*,*,#2306,.F.);
#583=ORIENTED_EDGE('',*,*,#2307,.F.);
#584=ORIENTED_EDGE('',*,*,#2308,.F.);
#585=ORIENTED_EDGE('',*,*,#2309,.T.);
#586=ORIENTED_EDGE('',*,*,#2310,.T.);
#587=ORIENTED_EDGE('',*,*,#2311,.F.);
#588=ORIENTED_EDGE('',*,*,#2312,.T.);
#589=ORIENTED_EDGE('',*,*,#2313,.F.);
#590=ORIENTED_EDGE('',*,*,#2314,.F.);
#591=ORIENTED_EDGE('',*,*,#2315,.T.);
#592=ORIENTED_EDGE('',*,*,#2316,.T.);
#593=ORIENTED_EDGE('',*,*,#2317,.F.);
#594=ORIENTED_EDGE('',*,*,#2318,.T.);
#595=ORIENTED_EDGE('',*,*,#2319,.F.);
#596=ORIENTED_EDGE('',*,*,#2320,.F.);
#597=ORIENTED_EDGE('',*,*,#2321,.T.);
#598=ORIENTED_EDGE('',*,*,#2322,.T.);
#599=ORIENTED_EDGE('',*,*,#2323,.F.);
#600=ORIENTED_EDGE('',*,*,#2324,.T.);
#601=ORIENTED_EDGE('',*,*,#2325,.F.);
#602=ORIENTED_EDGE('',*,*,#2326,.F.);
#603=ORIENTED_EDGE('',*,*,#2327,.T.);
#604=ORIENTED_EDGE('',*,*,#2328,.F.);
#605=ORIENTED_EDGE('',*,*,#2329,.T.);
#606=ORIENTED_EDGE('',*,*,#2330,.F.);
#607=ORIENTED_EDGE('',*,*,#2331,.T.);
#608=ORIENTED_EDGE('',*,*,#2332,.F.);
#609=ORIENTED_EDGE('',*,*,#2333,.T.);
#610=ORIENTED_EDGE('',*,*,#2334,.F.);
#611=ORIENTED_EDGE('',*,*,#2335,.T.);
#612=ORIENTED_EDGE('',*,*,#2336,.F.);
#613=ORIENTED_EDGE('',*,*,#2337,.T.);
#614=ORIENTED_EDGE('',*,*,#2338,.F.);
#615=ORIENTED_EDGE('',*,*,#2339,.T.);
#616=ORIENTED_EDGE('',*,*,#2340,.F.);
#617=ORIENTED_EDGE('',*,*,#2341,.T.);
#618=ORIENTED_EDGE('',*,*,#2342,.F.);
#619=ORIENTED_EDGE('',*,*,#2343,.T.);
#620=ORIENTED_EDGE('',*,*,#2344,.F.);
#621=ORIENTED_EDGE('',*,*,#2345,.T.);
#622=ORIENTED_EDGE('',*,*,#2346,.F.);
#623=ORIENTED_EDGE('',*,*,#2347,.T.);
#624=ORIENTED_EDGE('',*,*,#2348,.F.);
#625=ORIENTED_EDGE('',*,*,#2349,.T.);
#626=ORIENTED_EDGE('',*,*,#2350,.F.);
#627=ORIENTED_EDGE('',*,*,#2351,.T.);
#628=ORIENTED_EDGE('',*,*,#2352,.F.);
#629=ORIENTED_EDGE('',*,*,#2353,.T.);
#630=ORIENTED_EDGE('',*,*,#2354,.F.);
#631=ORIENTED_EDGE('',*,*,#2355,.T.);
#632=ORIENTED_EDGE('',*,*,#2356,.F.);
#633=ORIENTED_EDGE('',*,*,#2357,.T.);
#634=ORIENTED_EDGE('',*,*,#2358,.T.);
#635=ORIENTED_EDGE('',*,*,#2141,.T.);
#636=ORIENTED_EDGE('',*,*,#2359,.F.);
#637=ORIENTED_EDGE('',*,*,#2360,.T.);
#638=ORIENTED_EDGE('',*,*,#2361,.T.);
#639=ORIENTED_EDGE('',*,*,#2362,.T.);
#640=ORIENTED_EDGE('',*,*,#2359,.T.);
#641=ORIENTED_EDGE('',*,*,#2140,.T.);
#642=ORIENTED_EDGE('',*,*,#2363,.F.);
#643=ORIENTED_EDGE('',*,*,#2364,.T.);
#644=ORIENTED_EDGE('',*,*,#2365,.T.);
#645=ORIENTED_EDGE('',*,*,#2142,.T.);
#646=ORIENTED_EDGE('',*,*,#2358,.F.);
#647=ORIENTED_EDGE('',*,*,#2366,.T.);
#648=ORIENTED_EDGE('',*,*,#2363,.T.);
#649=ORIENTED_EDGE('',*,*,#2139,.T.);
#650=ORIENTED_EDGE('',*,*,#2367,.F.);
#651=ORIENTED_EDGE('',*,*,#2368,.T.);
#652=ORIENTED_EDGE('',*,*,#2369,.F.);
#653=ORIENTED_EDGE('',*,*,#2370,.F.);
#654=ORIENTED_EDGE('',*,*,#2154,.F.);
#655=ORIENTED_EDGE('',*,*,#2371,.F.);
#656=ORIENTED_EDGE('',*,*,#2372,.F.);
#657=ORIENTED_EDGE('',*,*,#2373,.F.);
#658=ORIENTED_EDGE('',*,*,#2164,.T.);
#659=ORIENTED_EDGE('',*,*,#2374,.T.);
#660=ORIENTED_EDGE('',*,*,#2375,.T.);
#661=ORIENTED_EDGE('',*,*,#2376,.F.);
#662=ORIENTED_EDGE('',*,*,#2377,.T.);
#663=ORIENTED_EDGE('',*,*,#2135,.T.);
#664=ORIENTED_EDGE('',*,*,#2365,.F.);
#665=ORIENTED_EDGE('',*,*,#2378,.T.);
#666=ORIENTED_EDGE('',*,*,#2379,.T.);
#667=ORIENTED_EDGE('',*,*,#2380,.T.);
#668=ORIENTED_EDGE('',*,*,#2381,.T.);
#669=ORIENTED_EDGE('',*,*,#2382,.T.);
#670=ORIENTED_EDGE('',*,*,#2383,.T.);
#671=ORIENTED_EDGE('',*,*,#2384,.T.);
#672=ORIENTED_EDGE('',*,*,#2272,.T.);
#673=ORIENTED_EDGE('',*,*,#2385,.F.);
#674=ORIENTED_EDGE('',*,*,#2372,.T.);
#675=ORIENTED_EDGE('',*,*,#2386,.F.);
#676=ORIENTED_EDGE('',*,*,#2387,.T.);
#677=ORIENTED_EDGE('',*,*,#2388,.T.);
#678=ORIENTED_EDGE('',*,*,#2389,.T.);
#679=ORIENTED_EDGE('',*,*,#2390,.T.);
#680=ORIENTED_EDGE('',*,*,#2391,.T.);
#681=ORIENTED_EDGE('',*,*,#2392,.T.);
#682=ORIENTED_EDGE('',*,*,#2393,.T.);
#683=ORIENTED_EDGE('',*,*,#2394,.T.);
#684=ORIENTED_EDGE('',*,*,#2395,.F.);
#685=ORIENTED_EDGE('',*,*,#2396,.T.);
#686=ORIENTED_EDGE('',*,*,#2397,.T.);
#687=ORIENTED_EDGE('',*,*,#2398,.T.);
#688=ORIENTED_EDGE('',*,*,#2399,.F.);
#689=ORIENTED_EDGE('',*,*,#2400,.T.);
#690=ORIENTED_EDGE('',*,*,#2401,.F.);
#691=ORIENTED_EDGE('',*,*,#2402,.F.);
#692=ORIENTED_EDGE('',*,*,#2403,.T.);
#693=ORIENTED_EDGE('',*,*,#2404,.F.);
#694=ORIENTED_EDGE('',*,*,#2405,.T.);
#695=ORIENTED_EDGE('',*,*,#2406,.T.);
#696=ORIENTED_EDGE('',*,*,#2407,.T.);
#697=ORIENTED_EDGE('',*,*,#2408,.F.);
#698=ORIENTED_EDGE('',*,*,#2409,.T.);
#699=ORIENTED_EDGE('',*,*,#2410,.F.);
#700=ORIENTED_EDGE('',*,*,#2411,.F.);
#701=ORIENTED_EDGE('',*,*,#2412,.T.);
#702=ORIENTED_EDGE('',*,*,#2413,.F.);
#703=ORIENTED_EDGE('',*,*,#2414,.T.);
#704=ORIENTED_EDGE('',*,*,#2415,.T.);
#705=ORIENTED_EDGE('',*,*,#2416,.T.);
#706=ORIENTED_EDGE('',*,*,#2417,.F.);
#707=ORIENTED_EDGE('',*,*,#2418,.T.);
#708=ORIENTED_EDGE('',*,*,#2419,.F.);
#709=ORIENTED_EDGE('',*,*,#2420,.F.);
#710=ORIENTED_EDGE('',*,*,#2421,.T.);
#711=ORIENTED_EDGE('',*,*,#2397,.F.);
#712=ORIENTED_EDGE('',*,*,#2422,.F.);
#713=ORIENTED_EDGE('',*,*,#2423,.T.);
#714=ORIENTED_EDGE('',*,*,#2424,.T.);
#715=ORIENTED_EDGE('',*,*,#2399,.T.);
#716=ORIENTED_EDGE('',*,*,#2425,.F.);
#717=ORIENTED_EDGE('',*,*,#2426,.F.);
#718=ORIENTED_EDGE('',*,*,#2427,.T.);
#719=ORIENTED_EDGE('',*,*,#2398,.F.);
#720=ORIENTED_EDGE('',*,*,#2424,.F.);
#721=ORIENTED_EDGE('',*,*,#2428,.T.);
#722=ORIENTED_EDGE('',*,*,#2425,.T.);
#723=ORIENTED_EDGE('',*,*,#2423,.F.);
#724=ORIENTED_EDGE('',*,*,#2429,.T.);
#725=ORIENTED_EDGE('',*,*,#2426,.T.);
#726=ORIENTED_EDGE('',*,*,#2428,.F.);
#727=ORIENTED_EDGE('',*,*,#2430,.F.);
#728=ORIENTED_EDGE('',*,*,#2431,.F.);
#729=ORIENTED_EDGE('',*,*,#2432,.T.);
#730=ORIENTED_EDGE('',*,*,#2433,.T.);
#731=ORIENTED_EDGE('',*,*,#2434,.F.);
#732=ORIENTED_EDGE('',*,*,#2435,.F.);
#733=ORIENTED_EDGE('',*,*,#2436,.T.);
#734=ORIENTED_EDGE('',*,*,#2431,.T.);
#735=ORIENTED_EDGE('',*,*,#2437,.T.);
#736=ORIENTED_EDGE('',*,*,#2438,.F.);
#737=ORIENTED_EDGE('',*,*,#2439,.F.);
#738=ORIENTED_EDGE('',*,*,#2435,.T.);
#739=ORIENTED_EDGE('',*,*,#2440,.T.);
#740=ORIENTED_EDGE('',*,*,#2433,.F.);
#741=ORIENTED_EDGE('',*,*,#2441,.F.);
#742=ORIENTED_EDGE('',*,*,#2438,.T.);
#743=ORIENTED_EDGE('',*,*,#2396,.F.);
#744=ORIENTED_EDGE('',*,*,#2442,.F.);
#745=ORIENTED_EDGE('',*,*,#2443,.T.);
#746=ORIENTED_EDGE('',*,*,#2444,.T.);
#747=ORIENTED_EDGE('',*,*,#2400,.F.);
#748=ORIENTED_EDGE('',*,*,#2427,.F.);
#749=ORIENTED_EDGE('',*,*,#2429,.F.);
#750=ORIENTED_EDGE('',*,*,#2422,.T.);
#751=ORIENTED_EDGE('',*,*,#2403,.F.);
#752=ORIENTED_EDGE('',*,*,#2445,.F.);
#753=ORIENTED_EDGE('',*,*,#2446,.T.);
#754=ORIENTED_EDGE('',*,*,#2442,.T.);
#755=ORIENTED_EDGE('',*,*,#2402,.T.);
#756=ORIENTED_EDGE('',*,*,#2447,.F.);
#757=ORIENTED_EDGE('',*,*,#2448,.F.);
#758=ORIENTED_EDGE('',*,*,#2445,.T.);
#759=ORIENTED_EDGE('',*,*,#2401,.T.);
#760=ORIENTED_EDGE('',*,*,#2444,.F.);
#761=ORIENTED_EDGE('',*,*,#2449,.F.);
#762=ORIENTED_EDGE('',*,*,#2447,.T.);
#763=ORIENTED_EDGE('',*,*,#2432,.F.);
#764=ORIENTED_EDGE('',*,*,#2436,.F.);
#765=ORIENTED_EDGE('',*,*,#2439,.T.);
#766=ORIENTED_EDGE('',*,*,#2441,.T.);
#767=ORIENTED_EDGE('',*,*,#2443,.F.);
#768=ORIENTED_EDGE('',*,*,#2446,.F.);
#769=ORIENTED_EDGE('',*,*,#2448,.T.);
#770=ORIENTED_EDGE('',*,*,#2449,.T.);
#771=ORIENTED_EDGE('',*,*,#2450,.T.);
#772=ORIENTED_EDGE('',*,*,#2395,.T.);
#773=ORIENTED_EDGE('',*,*,#2406,.F.);
#774=ORIENTED_EDGE('',*,*,#2451,.F.);
#775=ORIENTED_EDGE('',*,*,#2452,.T.);
#776=ORIENTED_EDGE('',*,*,#2453,.T.);
#777=ORIENTED_EDGE('',*,*,#2408,.T.);
#778=ORIENTED_EDGE('',*,*,#2454,.F.);
#779=ORIENTED_EDGE('',*,*,#2455,.F.);
#780=ORIENTED_EDGE('',*,*,#2456,.T.);
#781=ORIENTED_EDGE('',*,*,#2407,.F.);
#782=ORIENTED_EDGE('',*,*,#2453,.F.);
#783=ORIENTED_EDGE('',*,*,#2457,.T.);
#784=ORIENTED_EDGE('',*,*,#2454,.T.);
#785=ORIENTED_EDGE('',*,*,#2452,.F.);
#786=ORIENTED_EDGE('',*,*,#2458,.T.);
#787=ORIENTED_EDGE('',*,*,#2455,.T.);
#788=ORIENTED_EDGE('',*,*,#2457,.F.);
#789=ORIENTED_EDGE('',*,*,#2459,.F.);
#790=ORIENTED_EDGE('',*,*,#2460,.F.);
#791=ORIENTED_EDGE('',*,*,#2461,.T.);
#792=ORIENTED_EDGE('',*,*,#2462,.T.);
#793=ORIENTED_EDGE('',*,*,#2463,.F.);
#794=ORIENTED_EDGE('',*,*,#2464,.F.);
#795=ORIENTED_EDGE('',*,*,#2465,.T.);
#796=ORIENTED_EDGE('',*,*,#2460,.T.);
#797=ORIENTED_EDGE('',*,*,#2466,.T.);
#798=ORIENTED_EDGE('',*,*,#2467,.F.);
#799=ORIENTED_EDGE('',*,*,#2468,.F.);
#800=ORIENTED_EDGE('',*,*,#2464,.T.);
#801=ORIENTED_EDGE('',*,*,#2469,.T.);
#802=ORIENTED_EDGE('',*,*,#2462,.F.);
#803=ORIENTED_EDGE('',*,*,#2470,.F.);
#804=ORIENTED_EDGE('',*,*,#2467,.T.);
#805=ORIENTED_EDGE('',*,*,#2405,.F.);
#806=ORIENTED_EDGE('',*,*,#2471,.F.);
#807=ORIENTED_EDGE('',*,*,#2472,.T.);
#808=ORIENTED_EDGE('',*,*,#2473,.T.);
#809=ORIENTED_EDGE('',*,*,#2409,.F.);
#810=ORIENTED_EDGE('',*,*,#2456,.F.);
#811=ORIENTED_EDGE('',*,*,#2458,.F.);
#812=ORIENTED_EDGE('',*,*,#2451,.T.);
#813=ORIENTED_EDGE('',*,*,#2412,.F.);
#814=ORIENTED_EDGE('',*,*,#2474,.F.);
#815=ORIENTED_EDGE('',*,*,#2475,.T.);
#816=ORIENTED_EDGE('',*,*,#2471,.T.);
#817=ORIENTED_EDGE('',*,*,#2411,.T.);
#818=ORIENTED_EDGE('',*,*,#2476,.F.);
#819=ORIENTED_EDGE('',*,*,#2477,.F.);
#820=ORIENTED_EDGE('',*,*,#2474,.T.);
#821=ORIENTED_EDGE('',*,*,#2410,.T.);
#822=ORIENTED_EDGE('',*,*,#2473,.F.);
#823=ORIENTED_EDGE('',*,*,#2478,.F.);
#824=ORIENTED_EDGE('',*,*,#2476,.T.);
#825=ORIENTED_EDGE('',*,*,#2461,.F.);
#826=ORIENTED_EDGE('',*,*,#2465,.F.);
#827=ORIENTED_EDGE('',*,*,#2468,.T.);
#828=ORIENTED_EDGE('',*,*,#2470,.T.);
#829=ORIENTED_EDGE('',*,*,#2472,.F.);
#830=ORIENTED_EDGE('',*,*,#2475,.F.);
#831=ORIENTED_EDGE('',*,*,#2477,.T.);
#832=ORIENTED_EDGE('',*,*,#2478,.T.);
#833=ORIENTED_EDGE('',*,*,#2479,.T.);
#834=ORIENTED_EDGE('',*,*,#2404,.T.);
#835=ORIENTED_EDGE('',*,*,#2415,.F.);
#836=ORIENTED_EDGE('',*,*,#2480,.F.);
#837=ORIENTED_EDGE('',*,*,#2481,.T.);
#838=ORIENTED_EDGE('',*,*,#2482,.T.);
#839=ORIENTED_EDGE('',*,*,#2417,.T.);
#840=ORIENTED_EDGE('',*,*,#2483,.F.);
#841=ORIENTED_EDGE('',*,*,#2484,.F.);
#842=ORIENTED_EDGE('',*,*,#2485,.T.);
#843=ORIENTED_EDGE('',*,*,#2416,.F.);
#844=ORIENTED_EDGE('',*,*,#2482,.F.);
#845=ORIENTED_EDGE('',*,*,#2486,.T.);
#846=ORIENTED_EDGE('',*,*,#2483,.T.);
#847=ORIENTED_EDGE('',*,*,#2481,.F.);
#848=ORIENTED_EDGE('',*,*,#2487,.T.);
#849=ORIENTED_EDGE('',*,*,#2484,.T.);
#850=ORIENTED_EDGE('',*,*,#2486,.F.);
#851=ORIENTED_EDGE('',*,*,#2488,.F.);
#852=ORIENTED_EDGE('',*,*,#2489,.F.);
#853=ORIENTED_EDGE('',*,*,#2490,.T.);
#854=ORIENTED_EDGE('',*,*,#2491,.T.);
#855=ORIENTED_EDGE('',*,*,#2492,.F.);
#856=ORIENTED_EDGE('',*,*,#2493,.F.);
#857=ORIENTED_EDGE('',*,*,#2494,.T.);
#858=ORIENTED_EDGE('',*,*,#2489,.T.);
#859=ORIENTED_EDGE('',*,*,#2495,.T.);
#860=ORIENTED_EDGE('',*,*,#2496,.F.);
#861=ORIENTED_EDGE('',*,*,#2497,.F.);
#862=ORIENTED_EDGE('',*,*,#2493,.T.);
#863=ORIENTED_EDGE('',*,*,#2498,.T.);
#864=ORIENTED_EDGE('',*,*,#2491,.F.);
#865=ORIENTED_EDGE('',*,*,#2499,.F.);
#866=ORIENTED_EDGE('',*,*,#2496,.T.);
#867=ORIENTED_EDGE('',*,*,#2414,.F.);
#868=ORIENTED_EDGE('',*,*,#2500,.F.);
#869=ORIENTED_EDGE('',*,*,#2501,.T.);
#870=ORIENTED_EDGE('',*,*,#2502,.T.);
#871=ORIENTED_EDGE('',*,*,#2418,.F.);
#872=ORIENTED_EDGE('',*,*,#2485,.F.);
#873=ORIENTED_EDGE('',*,*,#2487,.F.);
#874=ORIENTED_EDGE('',*,*,#2480,.T.);
#875=ORIENTED_EDGE('',*,*,#2421,.F.);
#876=ORIENTED_EDGE('',*,*,#2503,.F.);
#877=ORIENTED_EDGE('',*,*,#2504,.T.);
#878=ORIENTED_EDGE('',*,*,#2500,.T.);
#879=ORIENTED_EDGE('',*,*,#2420,.T.);
#880=ORIENTED_EDGE('',*,*,#2505,.F.);
#881=ORIENTED_EDGE('',*,*,#2506,.F.);
#882=ORIENTED_EDGE('',*,*,#2503,.T.);
#883=ORIENTED_EDGE('',*,*,#2419,.T.);
#884=ORIENTED_EDGE('',*,*,#2502,.F.);
#885=ORIENTED_EDGE('',*,*,#2507,.F.);
#886=ORIENTED_EDGE('',*,*,#2505,.T.);
#887=ORIENTED_EDGE('',*,*,#2490,.F.);
#888=ORIENTED_EDGE('',*,*,#2494,.F.);
#889=ORIENTED_EDGE('',*,*,#2497,.T.);
#890=ORIENTED_EDGE('',*,*,#2499,.T.);
#891=ORIENTED_EDGE('',*,*,#2501,.F.);
#892=ORIENTED_EDGE('',*,*,#2504,.F.);
#893=ORIENTED_EDGE('',*,*,#2506,.T.);
#894=ORIENTED_EDGE('',*,*,#2507,.T.);
#895=ORIENTED_EDGE('',*,*,#2508,.T.);
#896=ORIENTED_EDGE('',*,*,#2413,.T.);
#897=ORIENTED_EDGE('',*,*,#2509,.T.);
#898=ORIENTED_EDGE('',*,*,#2510,.T.);
#899=ORIENTED_EDGE('',*,*,#2511,.F.);
#900=ORIENTED_EDGE('',*,*,#2512,.F.);
#901=ORIENTED_EDGE('',*,*,#2513,.F.);
#902=ORIENTED_EDGE('',*,*,#2514,.F.);
#903=ORIENTED_EDGE('',*,*,#2515,.F.);
#904=ORIENTED_EDGE('',*,*,#2516,.F.);
#905=ORIENTED_EDGE('',*,*,#2517,.F.);
#906=ORIENTED_EDGE('',*,*,#2518,.T.);
#907=ORIENTED_EDGE('',*,*,#2324,.F.);
#908=ORIENTED_EDGE('',*,*,#2517,.T.);
#909=ORIENTED_EDGE('',*,*,#2518,.F.);
#910=ORIENTED_EDGE('',*,*,#2519,.F.);
#911=ORIENTED_EDGE('',*,*,#2325,.T.);
#912=ORIENTED_EDGE('',*,*,#2514,.T.);
#913=ORIENTED_EDGE('',*,*,#2519,.T.);
#914=ORIENTED_EDGE('',*,*,#2516,.T.);
#915=ORIENTED_EDGE('',*,*,#2224,.T.);
#916=ORIENTED_EDGE('',*,*,#2225,.T.);
#917=ORIENTED_EDGE('',*,*,#2520,.T.);
#918=ORIENTED_EDGE('',*,*,#2321,.F.);
#919=ORIENTED_EDGE('',*,*,#2521,.F.);
#920=ORIENTED_EDGE('',*,*,#2521,.T.);
#921=ORIENTED_EDGE('',*,*,#2320,.T.);
#922=ORIENTED_EDGE('',*,*,#2522,.F.);
#923=ORIENTED_EDGE('',*,*,#2226,.F.);
#924=ORIENTED_EDGE('',*,*,#2522,.T.);
#925=ORIENTED_EDGE('',*,*,#2323,.T.);
#926=ORIENTED_EDGE('',*,*,#2523,.F.);
#927=ORIENTED_EDGE('',*,*,#2227,.F.);
#928=ORIENTED_EDGE('',*,*,#2228,.T.);
#929=ORIENTED_EDGE('',*,*,#2523,.T.);
#930=ORIENTED_EDGE('',*,*,#2322,.F.);
#931=ORIENTED_EDGE('',*,*,#2520,.F.);
#932=ORIENTED_EDGE('',*,*,#2515,.T.);
#933=ORIENTED_EDGE('',*,*,#2229,.F.);
#934=ORIENTED_EDGE('',*,*,#2524,.F.);
#935=ORIENTED_EDGE('',*,*,#2525,.F.);
#936=ORIENTED_EDGE('',*,*,#2526,.F.);
#937=ORIENTED_EDGE('',*,*,#2527,.F.);
#938=ORIENTED_EDGE('',*,*,#2528,.T.);
#939=ORIENTED_EDGE('',*,*,#2318,.F.);
#940=ORIENTED_EDGE('',*,*,#2527,.T.);
#941=ORIENTED_EDGE('',*,*,#2528,.F.);
#942=ORIENTED_EDGE('',*,*,#2529,.F.);
#943=ORIENTED_EDGE('',*,*,#2319,.T.);
#944=ORIENTED_EDGE('',*,*,#2524,.T.);
#945=ORIENTED_EDGE('',*,*,#2529,.T.);
#946=ORIENTED_EDGE('',*,*,#2526,.T.);
#947=ORIENTED_EDGE('',*,*,#2218,.T.);
#948=ORIENTED_EDGE('',*,*,#2219,.T.);
#949=ORIENTED_EDGE('',*,*,#2530,.T.);
#950=ORIENTED_EDGE('',*,*,#2315,.F.);
#951=ORIENTED_EDGE('',*,*,#2531,.F.);
#952=ORIENTED_EDGE('',*,*,#2531,.T.);
#953=ORIENTED_EDGE('',*,*,#2314,.T.);
#954=ORIENTED_EDGE('',*,*,#2532,.F.);
#955=ORIENTED_EDGE('',*,*,#2220,.F.);
#956=ORIENTED_EDGE('',*,*,#2532,.T.);
#957=ORIENTED_EDGE('',*,*,#2317,.T.);
#958=ORIENTED_EDGE('',*,*,#2533,.F.);
#959=ORIENTED_EDGE('',*,*,#2221,.F.);
#960=ORIENTED_EDGE('',*,*,#2222,.T.);
#961=ORIENTED_EDGE('',*,*,#2533,.T.);
#962=ORIENTED_EDGE('',*,*,#2316,.F.);
#963=ORIENTED_EDGE('',*,*,#2530,.F.);
#964=ORIENTED_EDGE('',*,*,#2525,.T.);
#965=ORIENTED_EDGE('',*,*,#2223,.F.);
#966=ORIENTED_EDGE('',*,*,#2534,.F.);
#967=ORIENTED_EDGE('',*,*,#2535,.F.);
#968=ORIENTED_EDGE('',*,*,#2536,.F.);
#969=ORIENTED_EDGE('',*,*,#2537,.F.);
#970=ORIENTED_EDGE('',*,*,#2538,.T.);
#971=ORIENTED_EDGE('',*,*,#2312,.F.);
#972=ORIENTED_EDGE('',*,*,#2537,.T.);
#973=ORIENTED_EDGE('',*,*,#2538,.F.);
#974=ORIENTED_EDGE('',*,*,#2539,.F.);
#975=ORIENTED_EDGE('',*,*,#2313,.T.);
#976=ORIENTED_EDGE('',*,*,#2534,.T.);
#977=ORIENTED_EDGE('',*,*,#2539,.T.);
#978=ORIENTED_EDGE('',*,*,#2536,.T.);
#979=ORIENTED_EDGE('',*,*,#2212,.T.);
#980=ORIENTED_EDGE('',*,*,#2213,.T.);
#981=ORIENTED_EDGE('',*,*,#2540,.T.);
#982=ORIENTED_EDGE('',*,*,#2309,.F.);
#983=ORIENTED_EDGE('',*,*,#2541,.F.);
#984=ORIENTED_EDGE('',*,*,#2541,.T.);
#985=ORIENTED_EDGE('',*,*,#2308,.T.);
#986=ORIENTED_EDGE('',*,*,#2542,.F.);
#987=ORIENTED_EDGE('',*,*,#2214,.F.);
#988=ORIENTED_EDGE('',*,*,#2542,.T.);
#989=ORIENTED_EDGE('',*,*,#2311,.T.);
#990=ORIENTED_EDGE('',*,*,#2543,.F.);
#991=ORIENTED_EDGE('',*,*,#2215,.F.);
#992=ORIENTED_EDGE('',*,*,#2216,.T.);
#993=ORIENTED_EDGE('',*,*,#2543,.T.);
#994=ORIENTED_EDGE('',*,*,#2310,.F.);
#995=ORIENTED_EDGE('',*,*,#2540,.F.);
#996=ORIENTED_EDGE('',*,*,#2535,.T.);
#997=ORIENTED_EDGE('',*,*,#2217,.F.);
#998=ORIENTED_EDGE('',*,*,#2544,.T.);
#999=ORIENTED_EDGE('',*,*,#2207,.T.);
#1000=ORIENTED_EDGE('',*,*,#2545,.T.);
#1001=ORIENTED_EDGE('',*,*,#2202,.F.);
#1002=ORIENTED_EDGE('',*,*,#2361,.F.);
#1003=ORIENTED_EDGE('',*,*,#2546,.T.);
#1004=ORIENTED_EDGE('',*,*,#2379,.F.);
#1005=ORIENTED_EDGE('',*,*,#2547,.T.);
#1006=ORIENTED_EDGE('',*,*,#2380,.F.);
#1007=ORIENTED_EDGE('',*,*,#2546,.F.);
#1008=ORIENTED_EDGE('',*,*,#2360,.F.);
#1009=ORIENTED_EDGE('',*,*,#2364,.F.);
#1010=ORIENTED_EDGE('',*,*,#2362,.F.);
#1011=ORIENTED_EDGE('',*,*,#2547,.F.);
#1012=ORIENTED_EDGE('',*,*,#2378,.F.);
#1013=ORIENTED_EDGE('',*,*,#2366,.F.);
#1014=ORIENTED_EDGE('',*,*,#2548,.F.);
#1015=ORIENTED_EDGE('',*,*,#2307,.T.);
#1016=ORIENTED_EDGE('',*,*,#2549,.F.);
#1017=ORIENTED_EDGE('',*,*,#2548,.T.);
#1018=ORIENTED_EDGE('',*,*,#2550,.F.);
#1019=ORIENTED_EDGE('',*,*,#2306,.T.);
#1020=ORIENTED_EDGE('',*,*,#2508,.F.);
#1021=ORIENTED_EDGE('',*,*,#2550,.T.);
#1022=ORIENTED_EDGE('',*,*,#2551,.F.);
#1023=ORIENTED_EDGE('',*,*,#2305,.T.);
#1024=ORIENTED_EDGE('',*,*,#2479,.F.);
#1025=ORIENTED_EDGE('',*,*,#2551,.T.);
#1026=ORIENTED_EDGE('',*,*,#2552,.F.);
#1027=ORIENTED_EDGE('',*,*,#2304,.T.);
#1028=ORIENTED_EDGE('',*,*,#2450,.F.);
#1029=ORIENTED_EDGE('',*,*,#2552,.T.);
#1030=ORIENTED_EDGE('',*,*,#2371,.T.);
#1031=ORIENTED_EDGE('',*,*,#2153,.T.);
#1032=ORIENTED_EDGE('',*,*,#2273,.T.);
#1033=ORIENTED_EDGE('',*,*,#2386,.T.);
#1034=ORIENTED_EDGE('',*,*,#2271,.T.);
#1035=ORIENTED_EDGE('',*,*,#2165,.T.);
#1036=ORIENTED_EDGE('',*,*,#2373,.T.);
#1037=ORIENTED_EDGE('',*,*,#2385,.T.);
#1038=ORIENTED_EDGE('',*,*,#2513,.T.);
#1039=ORIENTED_EDGE('',*,*,#2211,.F.);
#1040=ORIENTED_EDGE('',*,*,#2553,.T.);
#1041=ORIENTED_EDGE('',*,*,#2554,.T.);
#1042=ORIENTED_EDGE('',*,*,#2555,.T.);
#1043=ORIENTED_EDGE('',*,*,#2556,.F.);
#1044=ORIENTED_EDGE('',*,*,#2557,.T.);
#1045=ORIENTED_EDGE('',*,*,#2558,.F.);
#1046=ORIENTED_EDGE('',*,*,#2559,.F.);
#1047=ORIENTED_EDGE('',*,*,#2560,.T.);
#1048=ORIENTED_EDGE('',*,*,#2561,.F.);
#1049=ORIENTED_EDGE('',*,*,#2562,.T.);
#1050=ORIENTED_EDGE('',*,*,#2210,.F.);
#1051=ORIENTED_EDGE('',*,*,#2492,.T.);
#1052=ORIENTED_EDGE('',*,*,#2488,.T.);
#1053=ORIENTED_EDGE('',*,*,#2498,.F.);
#1054=ORIENTED_EDGE('',*,*,#2495,.F.);
#1055=ORIENTED_EDGE('',*,*,#2562,.F.);
#1056=ORIENTED_EDGE('',*,*,#2563,.T.);
#1057=ORIENTED_EDGE('',*,*,#2209,.F.);
#1058=ORIENTED_EDGE('',*,*,#2463,.T.);
#1059=ORIENTED_EDGE('',*,*,#2459,.T.);
#1060=ORIENTED_EDGE('',*,*,#2469,.F.);
#1061=ORIENTED_EDGE('',*,*,#2466,.F.);
#1062=ORIENTED_EDGE('',*,*,#2563,.F.);
#1063=ORIENTED_EDGE('',*,*,#2564,.T.);
#1064=ORIENTED_EDGE('',*,*,#2208,.F.);
#1065=ORIENTED_EDGE('',*,*,#2434,.T.);
#1066=ORIENTED_EDGE('',*,*,#2430,.T.);
#1067=ORIENTED_EDGE('',*,*,#2440,.F.);
#1068=ORIENTED_EDGE('',*,*,#2437,.F.);
#1069=ORIENTED_EDGE('',*,*,#2564,.F.);
#1070=ORIENTED_EDGE('',*,*,#2203,.T.);
#1071=ORIENTED_EDGE('',*,*,#2565,.T.);
#1072=ORIENTED_EDGE('',*,*,#2301,.F.);
#1073=ORIENTED_EDGE('',*,*,#2566,.F.);
#1074=ORIENTED_EDGE('',*,*,#2566,.T.);
#1075=ORIENTED_EDGE('',*,*,#2300,.T.);
#1076=ORIENTED_EDGE('',*,*,#2567,.F.);
#1077=ORIENTED_EDGE('',*,*,#2204,.F.);
#1078=ORIENTED_EDGE('',*,*,#2567,.T.);
#1079=ORIENTED_EDGE('',*,*,#2303,.T.);
#1080=ORIENTED_EDGE('',*,*,#2568,.F.);
#1081=ORIENTED_EDGE('',*,*,#2205,.F.);
#1082=ORIENTED_EDGE('',*,*,#2206,.T.);
#1083=ORIENTED_EDGE('',*,*,#2568,.T.);
#1084=ORIENTED_EDGE('',*,*,#2302,.F.);
#1085=ORIENTED_EDGE('',*,*,#2565,.F.);
#1086=ORIENTED_EDGE('',*,*,#2569,.F.);
#1087=ORIENTED_EDGE('',*,*,#2298,.T.);
#1088=ORIENTED_EDGE('',*,*,#2570,.T.);
#1089=ORIENTED_EDGE('',*,*,#2569,.T.);
#1090=ORIENTED_EDGE('',*,*,#2571,.T.);
#1091=ORIENTED_EDGE('',*,*,#2299,.F.);
#1092=ORIENTED_EDGE('',*,*,#2572,.T.);
#1093=ORIENTED_EDGE('',*,*,#2571,.F.);
#1094=ORIENTED_EDGE('',*,*,#2544,.F.);
#1095=ORIENTED_EDGE('',*,*,#2572,.F.);
#1096=ORIENTED_EDGE('',*,*,#2570,.F.);
#1097=ORIENTED_EDGE('',*,*,#2545,.F.);
#1098=ORIENTED_EDGE('',*,*,#2549,.T.);
#1099=ORIENTED_EDGE('',*,*,#2561,.T.);
#1100=ORIENTED_EDGE('',*,*,#2553,.F.);
#1101=ORIENTED_EDGE('',*,*,#2573,.F.);
#1102=ORIENTED_EDGE('',*,*,#2574,.T.);
#1103=ORIENTED_EDGE('',*,*,#2575,.T.);
#1104=ORIENTED_EDGE('',*,*,#2557,.F.);
#1105=ORIENTED_EDGE('',*,*,#2576,.F.);
#1106=ORIENTED_EDGE('',*,*,#2577,.F.);
#1107=ORIENTED_EDGE('',*,*,#2578,.T.);
#1108=ORIENTED_EDGE('',*,*,#2560,.F.);
#1109=ORIENTED_EDGE('',*,*,#2579,.F.);
#1110=ORIENTED_EDGE('',*,*,#2580,.T.);
#1111=ORIENTED_EDGE('',*,*,#2573,.T.);
#1112=ORIENTED_EDGE('',*,*,#2559,.T.);
#1113=ORIENTED_EDGE('',*,*,#2581,.F.);
#1114=ORIENTED_EDGE('',*,*,#2582,.F.);
#1115=ORIENTED_EDGE('',*,*,#2579,.T.);
#1116=ORIENTED_EDGE('',*,*,#2510,.F.);
#1117=ORIENTED_EDGE('',*,*,#2583,.F.);
#1118=ORIENTED_EDGE('',*,*,#2584,.T.);
#1119=ORIENTED_EDGE('',*,*,#2585,.T.);
#1120=ORIENTED_EDGE('',*,*,#2509,.F.);
#1121=ORIENTED_EDGE('',*,*,#2586,.F.);
#1122=ORIENTED_EDGE('',*,*,#2587,.T.);
#1123=ORIENTED_EDGE('',*,*,#2583,.T.);
#1124=ORIENTED_EDGE('',*,*,#2512,.T.);
#1125=ORIENTED_EDGE('',*,*,#2588,.F.);
#1126=ORIENTED_EDGE('',*,*,#2589,.F.);
#1127=ORIENTED_EDGE('',*,*,#2586,.T.);
#1128=ORIENTED_EDGE('',*,*,#2511,.T.);
#1129=ORIENTED_EDGE('',*,*,#2585,.F.);
#1130=ORIENTED_EDGE('',*,*,#2590,.F.);
#1131=ORIENTED_EDGE('',*,*,#2588,.T.);
#1132=ORIENTED_EDGE('',*,*,#2558,.T.);
#1133=ORIENTED_EDGE('',*,*,#2575,.F.);
#1134=ORIENTED_EDGE('',*,*,#2591,.F.);
#1135=ORIENTED_EDGE('',*,*,#2581,.T.);
#1136=ORIENTED_EDGE('',*,*,#2584,.F.);
#1137=ORIENTED_EDGE('',*,*,#2587,.F.);
#1138=ORIENTED_EDGE('',*,*,#2589,.T.);
#1139=ORIENTED_EDGE('',*,*,#2590,.T.);
#1140=ORIENTED_EDGE('',*,*,#2574,.F.);
#1141=ORIENTED_EDGE('',*,*,#2580,.F.);
#1142=ORIENTED_EDGE('',*,*,#2582,.T.);
#1143=ORIENTED_EDGE('',*,*,#2591,.T.);
#1144=ORIENTED_EDGE('',*,*,#2554,.F.);
#1145=ORIENTED_EDGE('',*,*,#2578,.F.);
#1146=ORIENTED_EDGE('',*,*,#2592,.T.);
#1147=ORIENTED_EDGE('',*,*,#2593,.T.);
#1148=ORIENTED_EDGE('',*,*,#2556,.T.);
#1149=ORIENTED_EDGE('',*,*,#2594,.F.);
#1150=ORIENTED_EDGE('',*,*,#2595,.F.);
#1151=ORIENTED_EDGE('',*,*,#2576,.T.);
#1152=ORIENTED_EDGE('',*,*,#2555,.F.);
#1153=ORIENTED_EDGE('',*,*,#2593,.F.);
#1154=ORIENTED_EDGE('',*,*,#2596,.T.);
#1155=ORIENTED_EDGE('',*,*,#2594,.T.);
#1156=ORIENTED_EDGE('',*,*,#2592,.F.);
#1157=ORIENTED_EDGE('',*,*,#2577,.T.);
#1158=ORIENTED_EDGE('',*,*,#2595,.T.);
#1159=ORIENTED_EDGE('',*,*,#2596,.F.);
#1160=ORIENTED_EDGE('',*,*,#2230,.F.);
#1161=ORIENTED_EDGE('',*,*,#2597,.F.);
#1162=ORIENTED_EDGE('',*,*,#2598,.T.);
#1163=ORIENTED_EDGE('',*,*,#2599,.T.);
#1164=ORIENTED_EDGE('',*,*,#2233,.T.);
#1165=ORIENTED_EDGE('',*,*,#2600,.F.);
#1166=ORIENTED_EDGE('',*,*,#2601,.F.);
#1167=ORIENTED_EDGE('',*,*,#2597,.T.);
#1168=ORIENTED_EDGE('',*,*,#2232,.T.);
#1169=ORIENTED_EDGE('',*,*,#2602,.F.);
#1170=ORIENTED_EDGE('',*,*,#2603,.F.);
#1171=ORIENTED_EDGE('',*,*,#2600,.T.);
#1172=ORIENTED_EDGE('',*,*,#2231,.F.);
#1173=ORIENTED_EDGE('',*,*,#2599,.F.);
#1174=ORIENTED_EDGE('',*,*,#2604,.T.);
#1175=ORIENTED_EDGE('',*,*,#2602,.T.);
#1176=ORIENTED_EDGE('',*,*,#2598,.F.);
#1177=ORIENTED_EDGE('',*,*,#2601,.T.);
#1178=ORIENTED_EDGE('',*,*,#2603,.T.);
#1179=ORIENTED_EDGE('',*,*,#2604,.F.);
#1180=ORIENTED_EDGE('',*,*,#2278,.F.);
#1181=ORIENTED_EDGE('',*,*,#2605,.F.);
#1182=ORIENTED_EDGE('',*,*,#2606,.T.);
#1183=ORIENTED_EDGE('',*,*,#2607,.T.);
#1184=ORIENTED_EDGE('',*,*,#2277,.F.);
#1185=ORIENTED_EDGE('',*,*,#2608,.F.);
#1186=ORIENTED_EDGE('',*,*,#2609,.T.);
#1187=ORIENTED_EDGE('',*,*,#2605,.T.);
#1188=ORIENTED_EDGE('',*,*,#2276,.T.);
#1189=ORIENTED_EDGE('',*,*,#2610,.F.);
#1190=ORIENTED_EDGE('',*,*,#2611,.F.);
#1191=ORIENTED_EDGE('',*,*,#2608,.T.);
#1192=ORIENTED_EDGE('',*,*,#2275,.T.);
#1193=ORIENTED_EDGE('',*,*,#2612,.F.);
#1194=ORIENTED_EDGE('',*,*,#2613,.F.);
#1195=ORIENTED_EDGE('',*,*,#2610,.T.);
#1196=ORIENTED_EDGE('',*,*,#2612,.T.);
#1197=ORIENTED_EDGE('',*,*,#2274,.T.);
#1198=ORIENTED_EDGE('',*,*,#2151,.T.);
#1199=ORIENTED_EDGE('',*,*,#2370,.T.);
#1200=ORIENTED_EDGE('',*,*,#2614,.F.);
#1201=ORIENTED_EDGE('',*,*,#2615,.T.);
#1202=ORIENTED_EDGE('',*,*,#2616,.F.);
#1203=ORIENTED_EDGE('',*,*,#2617,.T.);
#1204=ORIENTED_EDGE('',*,*,#2618,.F.);
#1205=ORIENTED_EDGE('',*,*,#2374,.F.);
#1206=ORIENTED_EDGE('',*,*,#2163,.T.);
#1207=ORIENTED_EDGE('',*,*,#2270,.T.);
#1208=ORIENTED_EDGE('',*,*,#2619,.F.);
#1209=ORIENTED_EDGE('',*,*,#2620,.T.);
#1210=ORIENTED_EDGE('',*,*,#2281,.F.);
#1211=ORIENTED_EDGE('',*,*,#2621,.F.);
#1212=ORIENTED_EDGE('',*,*,#2622,.T.);
#1213=ORIENTED_EDGE('',*,*,#2619,.T.);
#1214=ORIENTED_EDGE('',*,*,#2280,.T.);
#1215=ORIENTED_EDGE('',*,*,#2623,.F.);
#1216=ORIENTED_EDGE('',*,*,#2624,.F.);
#1217=ORIENTED_EDGE('',*,*,#2621,.T.);
#1218=ORIENTED_EDGE('',*,*,#2279,.T.);
#1219=ORIENTED_EDGE('',*,*,#2607,.F.);
#1220=ORIENTED_EDGE('',*,*,#2625,.F.);
#1221=ORIENTED_EDGE('',*,*,#2623,.T.);
#1222=ORIENTED_EDGE('',*,*,#2606,.F.);
#1223=ORIENTED_EDGE('',*,*,#2609,.F.);
#1224=ORIENTED_EDGE('',*,*,#2611,.T.);
#1225=ORIENTED_EDGE('',*,*,#2613,.T.);
#1226=ORIENTED_EDGE('',*,*,#2620,.F.);
#1227=ORIENTED_EDGE('',*,*,#2622,.F.);
#1228=ORIENTED_EDGE('',*,*,#2624,.T.);
#1229=ORIENTED_EDGE('',*,*,#2625,.T.);
#1230=ORIENTED_EDGE('',*,*,#2626,.F.);
#1231=ORIENTED_EDGE('',*,*,#2627,.T.);
#1232=ORIENTED_EDGE('',*,*,#2628,.T.);
#1233=ORIENTED_EDGE('',*,*,#2629,.T.);
#1234=ORIENTED_EDGE('',*,*,#2630,.T.);
#1235=ORIENTED_EDGE('',*,*,#2631,.T.);
#1236=ORIENTED_EDGE('',*,*,#2632,.F.);
#1237=ORIENTED_EDGE('',*,*,#2633,.T.);
#1238=ORIENTED_EDGE('',*,*,#2634,.F.);
#1239=ORIENTED_EDGE('',*,*,#2234,.T.);
#1240=ORIENTED_EDGE('',*,*,#2634,.T.);
#1241=ORIENTED_EDGE('',*,*,#2635,.F.);
#1242=ORIENTED_EDGE('',*,*,#2235,.T.);
#1243=ORIENTED_EDGE('',*,*,#2635,.T.);
#1244=ORIENTED_EDGE('',*,*,#2636,.F.);
#1245=ORIENTED_EDGE('',*,*,#2236,.T.);
#1246=ORIENTED_EDGE('',*,*,#2636,.T.);
#1247=ORIENTED_EDGE('',*,*,#2637,.F.);
#1248=ORIENTED_EDGE('',*,*,#2237,.T.);
#1249=ORIENTED_EDGE('',*,*,#2637,.T.);
#1250=ORIENTED_EDGE('',*,*,#2638,.F.);
#1251=ORIENTED_EDGE('',*,*,#2629,.F.);
#1252=ORIENTED_EDGE('',*,*,#2639,.F.);
#1253=ORIENTED_EDGE('',*,*,#2328,.T.);
#1254=ORIENTED_EDGE('',*,*,#2639,.T.);
#1255=ORIENTED_EDGE('',*,*,#2628,.F.);
#1256=ORIENTED_EDGE('',*,*,#2640,.F.);
#1257=ORIENTED_EDGE('',*,*,#2329,.F.);
#1258=ORIENTED_EDGE('',*,*,#2638,.T.);
#1259=ORIENTED_EDGE('',*,*,#2327,.F.);
#1260=ORIENTED_EDGE('',*,*,#2641,.F.);
#1261=ORIENTED_EDGE('',*,*,#2630,.F.);
#1262=ORIENTED_EDGE('',*,*,#2640,.T.);
#1263=ORIENTED_EDGE('',*,*,#2627,.F.);
#1264=ORIENTED_EDGE('',*,*,#2642,.F.);
#1265=ORIENTED_EDGE('',*,*,#2330,.T.);
#1266=ORIENTED_EDGE('',*,*,#2641,.T.);
#1267=ORIENTED_EDGE('',*,*,#2326,.T.);
#1268=ORIENTED_EDGE('',*,*,#2643,.F.);
#1269=ORIENTED_EDGE('',*,*,#2631,.F.);
#1270=ORIENTED_EDGE('',*,*,#2642,.T.);
#1271=ORIENTED_EDGE('',*,*,#2626,.T.);
#1272=ORIENTED_EDGE('',*,*,#2644,.F.);
#1273=ORIENTED_EDGE('',*,*,#2331,.F.);
#1274=ORIENTED_EDGE('',*,*,#2643,.T.);
#1275=ORIENTED_EDGE('',*,*,#2333,.F.);
#1276=ORIENTED_EDGE('',*,*,#2645,.F.);
#1277=ORIENTED_EDGE('',*,*,#2632,.T.);
#1278=ORIENTED_EDGE('',*,*,#2633,.F.);
#1279=ORIENTED_EDGE('',*,*,#2645,.T.);
#1280=ORIENTED_EDGE('',*,*,#2332,.T.);
#1281=ORIENTED_EDGE('',*,*,#2644,.T.);
#1282=ORIENTED_EDGE('',*,*,#2238,.F.);
#1283=ORIENTED_EDGE('',*,*,#2646,.F.);
#1284=ORIENTED_EDGE('',*,*,#2647,.T.);
#1285=ORIENTED_EDGE('',*,*,#2648,.T.);
#1286=ORIENTED_EDGE('',*,*,#2241,.T.);
#1287=ORIENTED_EDGE('',*,*,#2649,.F.);
#1288=ORIENTED_EDGE('',*,*,#2650,.F.);
#1289=ORIENTED_EDGE('',*,*,#2646,.T.);
#1290=ORIENTED_EDGE('',*,*,#2240,.T.);
#1291=ORIENTED_EDGE('',*,*,#2651,.F.);
#1292=ORIENTED_EDGE('',*,*,#2652,.F.);
#1293=ORIENTED_EDGE('',*,*,#2649,.T.);
#1294=ORIENTED_EDGE('',*,*,#2239,.F.);
#1295=ORIENTED_EDGE('',*,*,#2648,.F.);
#1296=ORIENTED_EDGE('',*,*,#2653,.T.);
#1297=ORIENTED_EDGE('',*,*,#2651,.T.);
#1298=ORIENTED_EDGE('',*,*,#2647,.F.);
#1299=ORIENTED_EDGE('',*,*,#2650,.T.);
#1300=ORIENTED_EDGE('',*,*,#2652,.T.);
#1301=ORIENTED_EDGE('',*,*,#2653,.F.);
#1302=ORIENTED_EDGE('',*,*,#2194,.F.);
#1303=ORIENTED_EDGE('',*,*,#2654,.F.);
#1304=ORIENTED_EDGE('',*,*,#2655,.T.);
#1305=ORIENTED_EDGE('',*,*,#2656,.T.);
#1306=ORIENTED_EDGE('',*,*,#2201,.F.);
#1307=ORIENTED_EDGE('',*,*,#2657,.F.);
#1308=ORIENTED_EDGE('',*,*,#2658,.T.);
#1309=ORIENTED_EDGE('',*,*,#2654,.T.);
#1310=ORIENTED_EDGE('',*,*,#2200,.T.);
#1311=ORIENTED_EDGE('',*,*,#2659,.F.);
#1312=ORIENTED_EDGE('',*,*,#2660,.F.);
#1313=ORIENTED_EDGE('',*,*,#2657,.T.);
#1314=ORIENTED_EDGE('',*,*,#2199,.T.);
#1315=ORIENTED_EDGE('',*,*,#2661,.F.);
#1316=ORIENTED_EDGE('',*,*,#2662,.F.);
#1317=ORIENTED_EDGE('',*,*,#2659,.T.);
#1318=ORIENTED_EDGE('',*,*,#2198,.F.);
#1319=ORIENTED_EDGE('',*,*,#2663,.F.);
#1320=ORIENTED_EDGE('',*,*,#2664,.T.);
#1321=ORIENTED_EDGE('',*,*,#2661,.T.);
#1322=ORIENTED_EDGE('',*,*,#2197,.F.);
#1323=ORIENTED_EDGE('',*,*,#2665,.F.);
#1324=ORIENTED_EDGE('',*,*,#2666,.T.);
#1325=ORIENTED_EDGE('',*,*,#2663,.T.);
#1326=ORIENTED_EDGE('',*,*,#2196,.T.);
#1327=ORIENTED_EDGE('',*,*,#2667,.F.);
#1328=ORIENTED_EDGE('',*,*,#2668,.F.);
#1329=ORIENTED_EDGE('',*,*,#2665,.T.);
#1330=ORIENTED_EDGE('',*,*,#2195,.T.);
#1331=ORIENTED_EDGE('',*,*,#2656,.F.);
#1332=ORIENTED_EDGE('',*,*,#2669,.F.);
#1333=ORIENTED_EDGE('',*,*,#2667,.T.);
#1334=ORIENTED_EDGE('',*,*,#2655,.F.);
#1335=ORIENTED_EDGE('',*,*,#2658,.F.);
#1336=ORIENTED_EDGE('',*,*,#2660,.T.);
#1337=ORIENTED_EDGE('',*,*,#2662,.T.);
#1338=ORIENTED_EDGE('',*,*,#2664,.F.);
#1339=ORIENTED_EDGE('',*,*,#2666,.F.);
#1340=ORIENTED_EDGE('',*,*,#2668,.T.);
#1341=ORIENTED_EDGE('',*,*,#2669,.T.);
#1342=ORIENTED_EDGE('',*,*,#2670,.F.);
#1343=ORIENTED_EDGE('',*,*,#2671,.T.);
#1344=ORIENTED_EDGE('',*,*,#2672,.T.);
#1345=ORIENTED_EDGE('',*,*,#2673,.T.);
#1346=ORIENTED_EDGE('',*,*,#2674,.T.);
#1347=ORIENTED_EDGE('',*,*,#2675,.T.);
#1348=ORIENTED_EDGE('',*,*,#2676,.F.);
#1349=ORIENTED_EDGE('',*,*,#2677,.T.);
#1350=ORIENTED_EDGE('',*,*,#2678,.F.);
#1351=ORIENTED_EDGE('',*,*,#2242,.T.);
#1352=ORIENTED_EDGE('',*,*,#2678,.T.);
#1353=ORIENTED_EDGE('',*,*,#2679,.F.);
#1354=ORIENTED_EDGE('',*,*,#2243,.T.);
#1355=ORIENTED_EDGE('',*,*,#2679,.T.);
#1356=ORIENTED_EDGE('',*,*,#2680,.F.);
#1357=ORIENTED_EDGE('',*,*,#2244,.T.);
#1358=ORIENTED_EDGE('',*,*,#2680,.T.);
#1359=ORIENTED_EDGE('',*,*,#2681,.F.);
#1360=ORIENTED_EDGE('',*,*,#2245,.T.);
#1361=ORIENTED_EDGE('',*,*,#2681,.T.);
#1362=ORIENTED_EDGE('',*,*,#2682,.F.);
#1363=ORIENTED_EDGE('',*,*,#2673,.F.);
#1364=ORIENTED_EDGE('',*,*,#2683,.F.);
#1365=ORIENTED_EDGE('',*,*,#2336,.T.);
#1366=ORIENTED_EDGE('',*,*,#2683,.T.);
#1367=ORIENTED_EDGE('',*,*,#2672,.F.);
#1368=ORIENTED_EDGE('',*,*,#2684,.F.);
#1369=ORIENTED_EDGE('',*,*,#2337,.F.);
#1370=ORIENTED_EDGE('',*,*,#2682,.T.);
#1371=ORIENTED_EDGE('',*,*,#2335,.F.);
#1372=ORIENTED_EDGE('',*,*,#2685,.F.);
#1373=ORIENTED_EDGE('',*,*,#2674,.F.);
#1374=ORIENTED_EDGE('',*,*,#2684,.T.);
#1375=ORIENTED_EDGE('',*,*,#2671,.F.);
#1376=ORIENTED_EDGE('',*,*,#2686,.F.);
#1377=ORIENTED_EDGE('',*,*,#2338,.T.);
#1378=ORIENTED_EDGE('',*,*,#2685,.T.);
#1379=ORIENTED_EDGE('',*,*,#2334,.T.);
#1380=ORIENTED_EDGE('',*,*,#2687,.F.);
#1381=ORIENTED_EDGE('',*,*,#2675,.F.);
#1382=ORIENTED_EDGE('',*,*,#2686,.T.);
#1383=ORIENTED_EDGE('',*,*,#2670,.T.);
#1384=ORIENTED_EDGE('',*,*,#2688,.F.);
#1385=ORIENTED_EDGE('',*,*,#2339,.F.);
#1386=ORIENTED_EDGE('',*,*,#2687,.T.);
#1387=ORIENTED_EDGE('',*,*,#2341,.F.);
#1388=ORIENTED_EDGE('',*,*,#2689,.F.);
#1389=ORIENTED_EDGE('',*,*,#2676,.T.);
#1390=ORIENTED_EDGE('',*,*,#2677,.F.);
#1391=ORIENTED_EDGE('',*,*,#2689,.T.);
#1392=ORIENTED_EDGE('',*,*,#2340,.T.);
#1393=ORIENTED_EDGE('',*,*,#2688,.T.);
#1394=ORIENTED_EDGE('',*,*,#2246,.F.);
#1395=ORIENTED_EDGE('',*,*,#2690,.F.);
#1396=ORIENTED_EDGE('',*,*,#2691,.T.);
#1397=ORIENTED_EDGE('',*,*,#2692,.T.);
#1398=ORIENTED_EDGE('',*,*,#2249,.T.);
#1399=ORIENTED_EDGE('',*,*,#2693,.F.);
#1400=ORIENTED_EDGE('',*,*,#2694,.F.);
#1401=ORIENTED_EDGE('',*,*,#2690,.T.);
#1402=ORIENTED_EDGE('',*,*,#2248,.T.);
#1403=ORIENTED_EDGE('',*,*,#2695,.F.);
#1404=ORIENTED_EDGE('',*,*,#2696,.F.);
#1405=ORIENTED_EDGE('',*,*,#2693,.T.);
#1406=ORIENTED_EDGE('',*,*,#2247,.F.);
#1407=ORIENTED_EDGE('',*,*,#2692,.F.);
#1408=ORIENTED_EDGE('',*,*,#2697,.T.);
#1409=ORIENTED_EDGE('',*,*,#2695,.T.);
#1410=ORIENTED_EDGE('',*,*,#2691,.F.);
#1411=ORIENTED_EDGE('',*,*,#2694,.T.);
#1412=ORIENTED_EDGE('',*,*,#2696,.T.);
#1413=ORIENTED_EDGE('',*,*,#2697,.F.);
#1414=ORIENTED_EDGE('',*,*,#2186,.F.);
#1415=ORIENTED_EDGE('',*,*,#2698,.F.);
#1416=ORIENTED_EDGE('',*,*,#2699,.T.);
#1417=ORIENTED_EDGE('',*,*,#2700,.T.);
#1418=ORIENTED_EDGE('',*,*,#2193,.F.);
#1419=ORIENTED_EDGE('',*,*,#2701,.F.);
#1420=ORIENTED_EDGE('',*,*,#2702,.T.);
#1421=ORIENTED_EDGE('',*,*,#2698,.T.);
#1422=ORIENTED_EDGE('',*,*,#2192,.T.);
#1423=ORIENTED_EDGE('',*,*,#2703,.F.);
#1424=ORIENTED_EDGE('',*,*,#2704,.F.);
#1425=ORIENTED_EDGE('',*,*,#2701,.T.);
#1426=ORIENTED_EDGE('',*,*,#2191,.T.);
#1427=ORIENTED_EDGE('',*,*,#2705,.F.);
#1428=ORIENTED_EDGE('',*,*,#2706,.F.);
#1429=ORIENTED_EDGE('',*,*,#2703,.T.);
#1430=ORIENTED_EDGE('',*,*,#2190,.F.);
#1431=ORIENTED_EDGE('',*,*,#2707,.F.);
#1432=ORIENTED_EDGE('',*,*,#2708,.T.);
#1433=ORIENTED_EDGE('',*,*,#2705,.T.);
#1434=ORIENTED_EDGE('',*,*,#2189,.F.);
#1435=ORIENTED_EDGE('',*,*,#2709,.F.);
#1436=ORIENTED_EDGE('',*,*,#2710,.T.);
#1437=ORIENTED_EDGE('',*,*,#2707,.T.);
#1438=ORIENTED_EDGE('',*,*,#2188,.T.);
#1439=ORIENTED_EDGE('',*,*,#2711,.F.);
#1440=ORIENTED_EDGE('',*,*,#2712,.F.);
#1441=ORIENTED_EDGE('',*,*,#2709,.T.);
#1442=ORIENTED_EDGE('',*,*,#2187,.T.);
#1443=ORIENTED_EDGE('',*,*,#2700,.F.);
#1444=ORIENTED_EDGE('',*,*,#2713,.F.);
#1445=ORIENTED_EDGE('',*,*,#2711,.T.);
#1446=ORIENTED_EDGE('',*,*,#2699,.F.);
#1447=ORIENTED_EDGE('',*,*,#2702,.F.);
#1448=ORIENTED_EDGE('',*,*,#2704,.T.);
#1449=ORIENTED_EDGE('',*,*,#2706,.T.);
#1450=ORIENTED_EDGE('',*,*,#2708,.F.);
#1451=ORIENTED_EDGE('',*,*,#2710,.F.);
#1452=ORIENTED_EDGE('',*,*,#2712,.T.);
#1453=ORIENTED_EDGE('',*,*,#2713,.T.);
#1454=ORIENTED_EDGE('',*,*,#2714,.F.);
#1455=ORIENTED_EDGE('',*,*,#2715,.T.);
#1456=ORIENTED_EDGE('',*,*,#2716,.T.);
#1457=ORIENTED_EDGE('',*,*,#2717,.T.);
#1458=ORIENTED_EDGE('',*,*,#2718,.T.);
#1459=ORIENTED_EDGE('',*,*,#2719,.T.);
#1460=ORIENTED_EDGE('',*,*,#2720,.F.);
#1461=ORIENTED_EDGE('',*,*,#2721,.T.);
#1462=ORIENTED_EDGE('',*,*,#2722,.F.);
#1463=ORIENTED_EDGE('',*,*,#2250,.T.);
#1464=ORIENTED_EDGE('',*,*,#2722,.T.);
#1465=ORIENTED_EDGE('',*,*,#2723,.F.);
#1466=ORIENTED_EDGE('',*,*,#2251,.T.);
#1467=ORIENTED_EDGE('',*,*,#2723,.T.);
#1468=ORIENTED_EDGE('',*,*,#2724,.F.);
#1469=ORIENTED_EDGE('',*,*,#2252,.T.);
#1470=ORIENTED_EDGE('',*,*,#2724,.T.);
#1471=ORIENTED_EDGE('',*,*,#2725,.F.);
#1472=ORIENTED_EDGE('',*,*,#2253,.T.);
#1473=ORIENTED_EDGE('',*,*,#2725,.T.);
#1474=ORIENTED_EDGE('',*,*,#2726,.F.);
#1475=ORIENTED_EDGE('',*,*,#2717,.F.);
#1476=ORIENTED_EDGE('',*,*,#2727,.F.);
#1477=ORIENTED_EDGE('',*,*,#2344,.T.);
#1478=ORIENTED_EDGE('',*,*,#2727,.T.);
#1479=ORIENTED_EDGE('',*,*,#2716,.F.);
#1480=ORIENTED_EDGE('',*,*,#2728,.F.);
#1481=ORIENTED_EDGE('',*,*,#2345,.F.);
#1482=ORIENTED_EDGE('',*,*,#2726,.T.);
#1483=ORIENTED_EDGE('',*,*,#2343,.F.);
#1484=ORIENTED_EDGE('',*,*,#2729,.F.);
#1485=ORIENTED_EDGE('',*,*,#2718,.F.);
#1486=ORIENTED_EDGE('',*,*,#2728,.T.);
#1487=ORIENTED_EDGE('',*,*,#2715,.F.);
#1488=ORIENTED_EDGE('',*,*,#2730,.F.);
#1489=ORIENTED_EDGE('',*,*,#2346,.T.);
#1490=ORIENTED_EDGE('',*,*,#2729,.T.);
#1491=ORIENTED_EDGE('',*,*,#2342,.T.);
#1492=ORIENTED_EDGE('',*,*,#2731,.F.);
#1493=ORIENTED_EDGE('',*,*,#2719,.F.);
#1494=ORIENTED_EDGE('',*,*,#2730,.T.);
#1495=ORIENTED_EDGE('',*,*,#2714,.T.);
#1496=ORIENTED_EDGE('',*,*,#2732,.F.);
#1497=ORIENTED_EDGE('',*,*,#2347,.F.);
#1498=ORIENTED_EDGE('',*,*,#2731,.T.);
#1499=ORIENTED_EDGE('',*,*,#2349,.F.);
#1500=ORIENTED_EDGE('',*,*,#2733,.F.);
#1501=ORIENTED_EDGE('',*,*,#2720,.T.);
#1502=ORIENTED_EDGE('',*,*,#2721,.F.);
#1503=ORIENTED_EDGE('',*,*,#2733,.T.);
#1504=ORIENTED_EDGE('',*,*,#2348,.T.);
#1505=ORIENTED_EDGE('',*,*,#2732,.T.);
#1506=ORIENTED_EDGE('',*,*,#2254,.F.);
#1507=ORIENTED_EDGE('',*,*,#2734,.F.);
#1508=ORIENTED_EDGE('',*,*,#2735,.T.);
#1509=ORIENTED_EDGE('',*,*,#2736,.T.);
#1510=ORIENTED_EDGE('',*,*,#2257,.T.);
#1511=ORIENTED_EDGE('',*,*,#2737,.F.);
#1512=ORIENTED_EDGE('',*,*,#2738,.F.);
#1513=ORIENTED_EDGE('',*,*,#2734,.T.);
#1514=ORIENTED_EDGE('',*,*,#2256,.T.);
#1515=ORIENTED_EDGE('',*,*,#2739,.F.);
#1516=ORIENTED_EDGE('',*,*,#2740,.F.);
#1517=ORIENTED_EDGE('',*,*,#2737,.T.);
#1518=ORIENTED_EDGE('',*,*,#2255,.F.);
#1519=ORIENTED_EDGE('',*,*,#2736,.F.);
#1520=ORIENTED_EDGE('',*,*,#2741,.T.);
#1521=ORIENTED_EDGE('',*,*,#2739,.T.);
#1522=ORIENTED_EDGE('',*,*,#2735,.F.);
#1523=ORIENTED_EDGE('',*,*,#2738,.T.);
#1524=ORIENTED_EDGE('',*,*,#2740,.T.);
#1525=ORIENTED_EDGE('',*,*,#2741,.F.);
#1526=ORIENTED_EDGE('',*,*,#2178,.F.);
#1527=ORIENTED_EDGE('',*,*,#2742,.F.);
#1528=ORIENTED_EDGE('',*,*,#2743,.T.);
#1529=ORIENTED_EDGE('',*,*,#2744,.T.);
#1530=ORIENTED_EDGE('',*,*,#2185,.F.);
#1531=ORIENTED_EDGE('',*,*,#2745,.F.);
#1532=ORIENTED_EDGE('',*,*,#2746,.T.);
#1533=ORIENTED_EDGE('',*,*,#2742,.T.);
#1534=ORIENTED_EDGE('',*,*,#2184,.T.);
#1535=ORIENTED_EDGE('',*,*,#2747,.F.);
#1536=ORIENTED_EDGE('',*,*,#2748,.F.);
#1537=ORIENTED_EDGE('',*,*,#2745,.T.);
#1538=ORIENTED_EDGE('',*,*,#2183,.T.);
#1539=ORIENTED_EDGE('',*,*,#2749,.F.);
#1540=ORIENTED_EDGE('',*,*,#2750,.F.);
#1541=ORIENTED_EDGE('',*,*,#2747,.T.);
#1542=ORIENTED_EDGE('',*,*,#2182,.F.);
#1543=ORIENTED_EDGE('',*,*,#2751,.F.);
#1544=ORIENTED_EDGE('',*,*,#2752,.T.);
#1545=ORIENTED_EDGE('',*,*,#2749,.T.);
#1546=ORIENTED_EDGE('',*,*,#2181,.F.);
#1547=ORIENTED_EDGE('',*,*,#2753,.F.);
#1548=ORIENTED_EDGE('',*,*,#2754,.T.);
#1549=ORIENTED_EDGE('',*,*,#2751,.T.);
#1550=ORIENTED_EDGE('',*,*,#2180,.T.);
#1551=ORIENTED_EDGE('',*,*,#2755,.F.);
#1552=ORIENTED_EDGE('',*,*,#2756,.F.);
#1553=ORIENTED_EDGE('',*,*,#2753,.T.);
#1554=ORIENTED_EDGE('',*,*,#2179,.T.);
#1555=ORIENTED_EDGE('',*,*,#2744,.F.);
#1556=ORIENTED_EDGE('',*,*,#2757,.F.);
#1557=ORIENTED_EDGE('',*,*,#2755,.T.);
#1558=ORIENTED_EDGE('',*,*,#2743,.F.);
#1559=ORIENTED_EDGE('',*,*,#2746,.F.);
#1560=ORIENTED_EDGE('',*,*,#2748,.T.);
#1561=ORIENTED_EDGE('',*,*,#2750,.T.);
#1562=ORIENTED_EDGE('',*,*,#2752,.F.);
#1563=ORIENTED_EDGE('',*,*,#2754,.F.);
#1564=ORIENTED_EDGE('',*,*,#2756,.T.);
#1565=ORIENTED_EDGE('',*,*,#2757,.T.);
#1566=ORIENTED_EDGE('',*,*,#2758,.F.);
#1567=ORIENTED_EDGE('',*,*,#2759,.T.);
#1568=ORIENTED_EDGE('',*,*,#2760,.T.);
#1569=ORIENTED_EDGE('',*,*,#2761,.T.);
#1570=ORIENTED_EDGE('',*,*,#2762,.T.);
#1571=ORIENTED_EDGE('',*,*,#2763,.T.);
#1572=ORIENTED_EDGE('',*,*,#2764,.F.);
#1573=ORIENTED_EDGE('',*,*,#2765,.T.);
#1574=ORIENTED_EDGE('',*,*,#2766,.F.);
#1575=ORIENTED_EDGE('',*,*,#2258,.T.);
#1576=ORIENTED_EDGE('',*,*,#2766,.T.);
#1577=ORIENTED_EDGE('',*,*,#2767,.F.);
#1578=ORIENTED_EDGE('',*,*,#2259,.T.);
#1579=ORIENTED_EDGE('',*,*,#2767,.T.);
#1580=ORIENTED_EDGE('',*,*,#2768,.F.);
#1581=ORIENTED_EDGE('',*,*,#2260,.T.);
#1582=ORIENTED_EDGE('',*,*,#2768,.T.);
#1583=ORIENTED_EDGE('',*,*,#2769,.F.);
#1584=ORIENTED_EDGE('',*,*,#2261,.T.);
#1585=ORIENTED_EDGE('',*,*,#2769,.T.);
#1586=ORIENTED_EDGE('',*,*,#2770,.F.);
#1587=ORIENTED_EDGE('',*,*,#2761,.F.);
#1588=ORIENTED_EDGE('',*,*,#2771,.F.);
#1589=ORIENTED_EDGE('',*,*,#2352,.T.);
#1590=ORIENTED_EDGE('',*,*,#2771,.T.);
#1591=ORIENTED_EDGE('',*,*,#2760,.F.);
#1592=ORIENTED_EDGE('',*,*,#2772,.F.);
#1593=ORIENTED_EDGE('',*,*,#2353,.F.);
#1594=ORIENTED_EDGE('',*,*,#2770,.T.);
#1595=ORIENTED_EDGE('',*,*,#2351,.F.);
#1596=ORIENTED_EDGE('',*,*,#2773,.F.);
#1597=ORIENTED_EDGE('',*,*,#2762,.F.);
#1598=ORIENTED_EDGE('',*,*,#2772,.T.);
#1599=ORIENTED_EDGE('',*,*,#2759,.F.);
#1600=ORIENTED_EDGE('',*,*,#2774,.F.);
#1601=ORIENTED_EDGE('',*,*,#2354,.T.);
#1602=ORIENTED_EDGE('',*,*,#2773,.T.);
#1603=ORIENTED_EDGE('',*,*,#2350,.T.);
#1604=ORIENTED_EDGE('',*,*,#2775,.F.);
#1605=ORIENTED_EDGE('',*,*,#2763,.F.);
#1606=ORIENTED_EDGE('',*,*,#2774,.T.);
#1607=ORIENTED_EDGE('',*,*,#2758,.T.);
#1608=ORIENTED_EDGE('',*,*,#2776,.F.);
#1609=ORIENTED_EDGE('',*,*,#2355,.F.);
#1610=ORIENTED_EDGE('',*,*,#2775,.T.);
#1611=ORIENTED_EDGE('',*,*,#2357,.F.);
#1612=ORIENTED_EDGE('',*,*,#2777,.F.);
#1613=ORIENTED_EDGE('',*,*,#2764,.T.);
#1614=ORIENTED_EDGE('',*,*,#2765,.F.);
#1615=ORIENTED_EDGE('',*,*,#2777,.T.);
#1616=ORIENTED_EDGE('',*,*,#2356,.T.);
#1617=ORIENTED_EDGE('',*,*,#2776,.T.);
#1618=ORIENTED_EDGE('',*,*,#2174,.T.);
#1619=ORIENTED_EDGE('',*,*,#2778,.T.);
#1620=ORIENTED_EDGE('',*,*,#2295,.F.);
#1621=ORIENTED_EDGE('',*,*,#2779,.F.);
#1622=ORIENTED_EDGE('',*,*,#2779,.T.);
#1623=ORIENTED_EDGE('',*,*,#2294,.T.);
#1624=ORIENTED_EDGE('',*,*,#2780,.F.);
#1625=ORIENTED_EDGE('',*,*,#2175,.F.);
#1626=ORIENTED_EDGE('',*,*,#2780,.T.);
#1627=ORIENTED_EDGE('',*,*,#2297,.T.);
#1628=ORIENTED_EDGE('',*,*,#2781,.F.);
#1629=ORIENTED_EDGE('',*,*,#2176,.F.);
#1630=ORIENTED_EDGE('',*,*,#2177,.T.);
#1631=ORIENTED_EDGE('',*,*,#2781,.T.);
#1632=ORIENTED_EDGE('',*,*,#2296,.F.);
#1633=ORIENTED_EDGE('',*,*,#2778,.F.);
#1634=ORIENTED_EDGE('',*,*,#2262,.T.);
#1635=ORIENTED_EDGE('',*,*,#2782,.T.);
#1636=ORIENTED_EDGE('',*,*,#2291,.F.);
#1637=ORIENTED_EDGE('',*,*,#2783,.F.);
#1638=ORIENTED_EDGE('',*,*,#2783,.T.);
#1639=ORIENTED_EDGE('',*,*,#2290,.T.);
#1640=ORIENTED_EDGE('',*,*,#2784,.F.);
#1641=ORIENTED_EDGE('',*,*,#2263,.F.);
#1642=ORIENTED_EDGE('',*,*,#2784,.T.);
#1643=ORIENTED_EDGE('',*,*,#2293,.T.);
#1644=ORIENTED_EDGE('',*,*,#2785,.F.);
#1645=ORIENTED_EDGE('',*,*,#2264,.F.);
#1646=ORIENTED_EDGE('',*,*,#2265,.T.);
#1647=ORIENTED_EDGE('',*,*,#2785,.T.);
#1648=ORIENTED_EDGE('',*,*,#2292,.F.);
#1649=ORIENTED_EDGE('',*,*,#2782,.F.);
#1650=ORIENTED_EDGE('',*,*,#2170,.T.);
#1651=ORIENTED_EDGE('',*,*,#2786,.T.);
#1652=ORIENTED_EDGE('',*,*,#2287,.F.);
#1653=ORIENTED_EDGE('',*,*,#2787,.F.);
#1654=ORIENTED_EDGE('',*,*,#2787,.T.);
#1655=ORIENTED_EDGE('',*,*,#2286,.T.);
#1656=ORIENTED_EDGE('',*,*,#2788,.F.);
#1657=ORIENTED_EDGE('',*,*,#2171,.F.);
#1658=ORIENTED_EDGE('',*,*,#2788,.T.);
#1659=ORIENTED_EDGE('',*,*,#2289,.T.);
#1660=ORIENTED_EDGE('',*,*,#2789,.F.);
#1661=ORIENTED_EDGE('',*,*,#2172,.F.);
#1662=ORIENTED_EDGE('',*,*,#2173,.T.);
#1663=ORIENTED_EDGE('',*,*,#2789,.T.);
#1664=ORIENTED_EDGE('',*,*,#2288,.F.);
#1665=ORIENTED_EDGE('',*,*,#2786,.F.);
#1666=ORIENTED_EDGE('',*,*,#2266,.T.);
#1667=ORIENTED_EDGE('',*,*,#2790,.T.);
#1668=ORIENTED_EDGE('',*,*,#2283,.F.);
#1669=ORIENTED_EDGE('',*,*,#2791,.F.);
#1670=ORIENTED_EDGE('',*,*,#2791,.T.);
#1671=ORIENTED_EDGE('',*,*,#2282,.T.);
#1672=ORIENTED_EDGE('',*,*,#2792,.F.);
#1673=ORIENTED_EDGE('',*,*,#2267,.F.);
#1674=ORIENTED_EDGE('',*,*,#2792,.T.);
#1675=ORIENTED_EDGE('',*,*,#2285,.T.);
#1676=ORIENTED_EDGE('',*,*,#2793,.F.);
#1677=ORIENTED_EDGE('',*,*,#2268,.F.);
#1678=ORIENTED_EDGE('',*,*,#2269,.T.);
#1679=ORIENTED_EDGE('',*,*,#2793,.T.);
#1680=ORIENTED_EDGE('',*,*,#2284,.F.);
#1681=ORIENTED_EDGE('',*,*,#2790,.F.);
#1682=ORIENTED_EDGE('',*,*,#2794,.T.);
#1683=ORIENTED_EDGE('',*,*,#2795,.F.);
#1684=ORIENTED_EDGE('',*,*,#2796,.T.);
#1685=ORIENTED_EDGE('',*,*,#2797,.F.);
#1686=ORIENTED_EDGE('',*,*,#2798,.T.);
#1687=ORIENTED_EDGE('',*,*,#2797,.T.);
#1688=ORIENTED_EDGE('',*,*,#2795,.T.);
#1689=ORIENTED_EDGE('',*,*,#2169,.F.);
#1690=ORIENTED_EDGE('',*,*,#2796,.F.);
#1691=ORIENTED_EDGE('',*,*,#2798,.F.);
#1692=ORIENTED_EDGE('',*,*,#2794,.F.);
#1693=ORIENTED_EDGE('',*,*,#2799,.T.);
#1694=ORIENTED_EDGE('',*,*,#2800,.F.);
#1695=ORIENTED_EDGE('',*,*,#2801,.T.);
#1696=ORIENTED_EDGE('',*,*,#2802,.F.);
#1697=ORIENTED_EDGE('',*,*,#2803,.T.);
#1698=ORIENTED_EDGE('',*,*,#2802,.T.);
#1699=ORIENTED_EDGE('',*,*,#2800,.T.);
#1700=ORIENTED_EDGE('',*,*,#2168,.F.);
#1701=ORIENTED_EDGE('',*,*,#2801,.F.);
#1702=ORIENTED_EDGE('',*,*,#2803,.F.);
#1703=ORIENTED_EDGE('',*,*,#2799,.F.);
#1704=ORIENTED_EDGE('',*,*,#2804,.T.);
#1705=ORIENTED_EDGE('',*,*,#2805,.F.);
#1706=ORIENTED_EDGE('',*,*,#2806,.T.);
#1707=ORIENTED_EDGE('',*,*,#2807,.F.);
#1708=ORIENTED_EDGE('',*,*,#2808,.T.);
#1709=ORIENTED_EDGE('',*,*,#2807,.T.);
#1710=ORIENTED_EDGE('',*,*,#2805,.T.);
#1711=ORIENTED_EDGE('',*,*,#2167,.F.);
#1712=ORIENTED_EDGE('',*,*,#2806,.F.);
#1713=ORIENTED_EDGE('',*,*,#2808,.F.);
#1714=ORIENTED_EDGE('',*,*,#2804,.F.);
#1715=ORIENTED_EDGE('',*,*,#2809,.F.);
#1716=ORIENTED_EDGE('',*,*,#2810,.T.);
#1717=ORIENTED_EDGE('',*,*,#2811,.T.);
#1718=ORIENTED_EDGE('',*,*,#2812,.T.);
#1719=ORIENTED_EDGE('',*,*,#2813,.T.);
#1720=ORIENTED_EDGE('',*,*,#2814,.F.);
#1721=ORIENTED_EDGE('',*,*,#2815,.T.);
#1722=ORIENTED_EDGE('',*,*,#2816,.T.);
#1723=ORIENTED_EDGE('',*,*,#2817,.T.);
#1724=ORIENTED_EDGE('',*,*,#2818,.T.);
#1725=ORIENTED_EDGE('',*,*,#2812,.F.);
#1726=ORIENTED_EDGE('',*,*,#2819,.T.);
#1727=ORIENTED_EDGE('',*,*,#2814,.T.);
#1728=ORIENTED_EDGE('',*,*,#2820,.T.);
#1729=ORIENTED_EDGE('',*,*,#2821,.F.);
#1730=ORIENTED_EDGE('',*,*,#2822,.T.);
#1731=ORIENTED_EDGE('',*,*,#2823,.F.);
#1732=ORIENTED_EDGE('',*,*,#2824,.T.);
#1733=ORIENTED_EDGE('',*,*,#2825,.T.);
#1734=ORIENTED_EDGE('',*,*,#2817,.F.);
#1735=ORIENTED_EDGE('',*,*,#2826,.T.);
#1736=ORIENTED_EDGE('',*,*,#2150,.F.);
#1737=ORIENTED_EDGE('',*,*,#2827,.T.);
#1738=ORIENTED_EDGE('',*,*,#2809,.T.);
#1739=ORIENTED_EDGE('',*,*,#2828,.T.);
#1740=ORIENTED_EDGE('',*,*,#2821,.T.);
#1741=ORIENTED_EDGE('',*,*,#2829,.T.);
#1742=ORIENTED_EDGE('',*,*,#2824,.F.);
#1743=ORIENTED_EDGE('',*,*,#2830,.T.);
#1744=ORIENTED_EDGE('',*,*,#2831,.F.);
#1745=ORIENTED_EDGE('',*,*,#2823,.T.);
#1746=ORIENTED_EDGE('',*,*,#2831,.T.);
#1747=ORIENTED_EDGE('',*,*,#2832,.F.);
#1748=ORIENTED_EDGE('',*,*,#2833,.T.);
#1749=ORIENTED_EDGE('',*,*,#2834,.T.);
#1750=ORIENTED_EDGE('',*,*,#2835,.T.);
#1751=ORIENTED_EDGE('',*,*,#2836,.T.);
#1752=ORIENTED_EDGE('',*,*,#2837,.T.);
#1753=ORIENTED_EDGE('',*,*,#2838,.T.);
#1754=ORIENTED_EDGE('',*,*,#2839,.F.);
#1755=ORIENTED_EDGE('',*,*,#2840,.T.);
#1756=ORIENTED_EDGE('',*,*,#2841,.T.);
#1757=ORIENTED_EDGE('',*,*,#2835,.F.);
#1758=ORIENTED_EDGE('',*,*,#2842,.T.);
#1759=ORIENTED_EDGE('',*,*,#2839,.T.);
#1760=ORIENTED_EDGE('',*,*,#2843,.T.);
#1761=ORIENTED_EDGE('',*,*,#2844,.F.);
#1762=ORIENTED_EDGE('',*,*,#2845,.T.);
#1763=ORIENTED_EDGE('',*,*,#2846,.F.);
#1764=ORIENTED_EDGE('',*,*,#2832,.T.);
#1765=ORIENTED_EDGE('',*,*,#2847,.T.);
#1766=ORIENTED_EDGE('',*,*,#2848,.T.);
#1767=ORIENTED_EDGE('',*,*,#2849,.T.);
#1768=ORIENTED_EDGE('',*,*,#2837,.F.);
#1769=ORIENTED_EDGE('',*,*,#2850,.T.);
#1770=ORIENTED_EDGE('',*,*,#2146,.F.);
#1771=ORIENTED_EDGE('',*,*,#2851,.T.);
#1772=ORIENTED_EDGE('',*,*,#2848,.F.);
#1773=ORIENTED_EDGE('',*,*,#2852,.T.);
#1774=ORIENTED_EDGE('',*,*,#2844,.T.);
#1775=ORIENTED_EDGE('',*,*,#2853,.T.);
#1776=ORIENTED_EDGE('',*,*,#2854,.F.);
#1777=ORIENTED_EDGE('',*,*,#2846,.T.);
#1778=ORIENTED_EDGE('',*,*,#2854,.T.);
#1779=ORIENTED_EDGE('',*,*,#2855,.T.);
#1780=ORIENTED_EDGE('',*,*,#2856,.T.);
#1781=ORIENTED_EDGE('',*,*,#2857,.T.);
#1782=ORIENTED_EDGE('',*,*,#2858,.F.);
#1783=ORIENTED_EDGE('',*,*,#2859,.T.);
#1784=ORIENTED_EDGE('',*,*,#2860,.F.);
#1785=ORIENTED_EDGE('',*,*,#2861,.T.);
#1786=ORIENTED_EDGE('',*,*,#2862,.T.);
#1787=ORIENTED_EDGE('',*,*,#2863,.T.);
#1788=ORIENTED_EDGE('',*,*,#2864,.T.);
#1789=ORIENTED_EDGE('',*,*,#2858,.T.);
#1790=ORIENTED_EDGE('',*,*,#2865,.T.);
#1791=ORIENTED_EDGE('',*,*,#2862,.F.);
#1792=ORIENTED_EDGE('',*,*,#2866,.T.);
#1793=ORIENTED_EDGE('',*,*,#2867,.F.);
#1794=ORIENTED_EDGE('',*,*,#2868,.T.);
#1795=ORIENTED_EDGE('',*,*,#2869,.F.);
#1796=ORIENTED_EDGE('',*,*,#2855,.F.);
#1797=ORIENTED_EDGE('',*,*,#2870,.T.);
#1798=ORIENTED_EDGE('',*,*,#2871,.T.);
#1799=ORIENTED_EDGE('',*,*,#2872,.T.);
#1800=ORIENTED_EDGE('',*,*,#2860,.T.);
#1801=ORIENTED_EDGE('',*,*,#2873,.T.);
#1802=ORIENTED_EDGE('',*,*,#2390,.F.);
#1803=ORIENTED_EDGE('',*,*,#2874,.T.);
#1804=ORIENTED_EDGE('',*,*,#2871,.F.);
#1805=ORIENTED_EDGE('',*,*,#2875,.T.);
#1806=ORIENTED_EDGE('',*,*,#2867,.T.);
#1807=ORIENTED_EDGE('',*,*,#2876,.T.);
#1808=ORIENTED_EDGE('',*,*,#2877,.F.);
#1809=ORIENTED_EDGE('',*,*,#2869,.T.);
#1810=ORIENTED_EDGE('',*,*,#2877,.T.);
#1811=ORIENTED_EDGE('',*,*,#2878,.F.);
#1812=ORIENTED_EDGE('',*,*,#2879,.T.);
#1813=ORIENTED_EDGE('',*,*,#2880,.T.);
#1814=ORIENTED_EDGE('',*,*,#2881,.T.);
#1815=ORIENTED_EDGE('',*,*,#2882,.T.);
#1816=ORIENTED_EDGE('',*,*,#2883,.F.);
#1817=ORIENTED_EDGE('',*,*,#2884,.T.);
#1818=ORIENTED_EDGE('',*,*,#2885,.T.);
#1819=ORIENTED_EDGE('',*,*,#2886,.T.);
#1820=ORIENTED_EDGE('',*,*,#2887,.T.);
#1821=ORIENTED_EDGE('',*,*,#2883,.T.);
#1822=ORIENTED_EDGE('',*,*,#2888,.T.);
#1823=ORIENTED_EDGE('',*,*,#2880,.F.);
#1824=ORIENTED_EDGE('',*,*,#2889,.T.);
#1825=ORIENTED_EDGE('',*,*,#2890,.T.);
#1826=ORIENTED_EDGE('',*,*,#2891,.T.);
#1827=ORIENTED_EDGE('',*,*,#2892,.F.);
#1828=ORIENTED_EDGE('',*,*,#2885,.F.);
#1829=ORIENTED_EDGE('',*,*,#2893,.T.);
#1830=ORIENTED_EDGE('',*,*,#2894,.F.);
#1831=ORIENTED_EDGE('',*,*,#2895,.T.);
#1832=ORIENTED_EDGE('',*,*,#2878,.T.);
#1833=ORIENTED_EDGE('',*,*,#2896,.T.);
#1834=ORIENTED_EDGE('',*,*,#2162,.F.);
#1835=ORIENTED_EDGE('',*,*,#2897,.T.);
#1836=ORIENTED_EDGE('',*,*,#2894,.T.);
#1837=ORIENTED_EDGE('',*,*,#2898,.T.);
#1838=ORIENTED_EDGE('',*,*,#2890,.F.);
#1839=ORIENTED_EDGE('',*,*,#2899,.T.);
#1840=ORIENTED_EDGE('',*,*,#2900,.F.);
#1841=ORIENTED_EDGE('',*,*,#2892,.T.);
#1842=ORIENTED_EDGE('',*,*,#2900,.T.);
#1843=ORIENTED_EDGE('',*,*,#2901,.T.);
#1844=ORIENTED_EDGE('',*,*,#2902,.T.);
#1845=ORIENTED_EDGE('',*,*,#2903,.T.);
#1846=ORIENTED_EDGE('',*,*,#2904,.F.);
#1847=ORIENTED_EDGE('',*,*,#2905,.T.);
#1848=ORIENTED_EDGE('',*,*,#2906,.T.);
#1849=ORIENTED_EDGE('',*,*,#2907,.T.);
#1850=ORIENTED_EDGE('',*,*,#2908,.T.);
#1851=ORIENTED_EDGE('',*,*,#2909,.F.);
#1852=ORIENTED_EDGE('',*,*,#2910,.T.);
#1853=ORIENTED_EDGE('',*,*,#2909,.T.);
#1854=ORIENTED_EDGE('',*,*,#2911,.T.);
#1855=ORIENTED_EDGE('',*,*,#2901,.F.);
#1856=ORIENTED_EDGE('',*,*,#2912,.T.);
#1857=ORIENTED_EDGE('',*,*,#2913,.T.);
#1858=ORIENTED_EDGE('',*,*,#2914,.T.);
#1859=ORIENTED_EDGE('',*,*,#2915,.F.);
#1860=ORIENTED_EDGE('',*,*,#2906,.F.);
#1861=ORIENTED_EDGE('',*,*,#2916,.T.);
#1862=ORIENTED_EDGE('',*,*,#2917,.F.);
#1863=ORIENTED_EDGE('',*,*,#2918,.T.);
#1864=ORIENTED_EDGE('',*,*,#2904,.T.);
#1865=ORIENTED_EDGE('',*,*,#2919,.T.);
#1866=ORIENTED_EDGE('',*,*,#2158,.F.);
#1867=ORIENTED_EDGE('',*,*,#2920,.T.);
#1868=ORIENTED_EDGE('',*,*,#2917,.T.);
#1869=ORIENTED_EDGE('',*,*,#2921,.T.);
#1870=ORIENTED_EDGE('',*,*,#2913,.F.);
#1871=ORIENTED_EDGE('',*,*,#2922,.T.);
#1872=ORIENTED_EDGE('',*,*,#2923,.F.);
#1873=ORIENTED_EDGE('',*,*,#2915,.T.);
#1874=ORIENTED_EDGE('',*,*,#2923,.T.);
#1875=ORIENTED_EDGE('',*,*,#2924,.F.);
#1876=ORIENTED_EDGE('',*,*,#2925,.T.);
#1877=ORIENTED_EDGE('',*,*,#2926,.T.);
#1878=ORIENTED_EDGE('',*,*,#2927,.T.);
#1879=ORIENTED_EDGE('',*,*,#2928,.T.);
#1880=ORIENTED_EDGE('',*,*,#2929,.F.);
#1881=ORIENTED_EDGE('',*,*,#2930,.T.);
#1882=ORIENTED_EDGE('',*,*,#2931,.T.);
#1883=ORIENTED_EDGE('',*,*,#2932,.T.);
#1884=ORIENTED_EDGE('',*,*,#2933,.T.);
#1885=ORIENTED_EDGE('',*,*,#2924,.T.);
#1886=ORIENTED_EDGE('',*,*,#2934,.T.);
#1887=ORIENTED_EDGE('',*,*,#2931,.F.);
#1888=ORIENTED_EDGE('',*,*,#2935,.T.);
#1889=ORIENTED_EDGE('',*,*,#2936,.F.);
#1890=ORIENTED_EDGE('',*,*,#2937,.T.);
#1891=ORIENTED_EDGE('',*,*,#2938,.F.);
#1892=ORIENTED_EDGE('',*,*,#2926,.F.);
#1893=ORIENTED_EDGE('',*,*,#2939,.T.);
#1894=ORIENTED_EDGE('',*,*,#2940,.T.);
#1895=ORIENTED_EDGE('',*,*,#2941,.T.);
#1896=ORIENTED_EDGE('',*,*,#2929,.T.);
#1897=ORIENTED_EDGE('',*,*,#2942,.T.);
#1898=ORIENTED_EDGE('',*,*,#2384,.F.);
#1899=ORIENTED_EDGE('',*,*,#2943,.T.);
#1900=ORIENTED_EDGE('',*,*,#2940,.F.);
#1901=ORIENTED_EDGE('',*,*,#2944,.T.);
#1902=ORIENTED_EDGE('',*,*,#2936,.T.);
#1903=ORIENTED_EDGE('',*,*,#2945,.T.);
#1904=ORIENTED_EDGE('',*,*,#2946,.F.);
#1905=ORIENTED_EDGE('',*,*,#2938,.T.);
#1906=ORIENTED_EDGE('',*,*,#2946,.T.);
#1907=ORIENTED_EDGE('',*,*,#2947,.F.);
#1908=ORIENTED_EDGE('',*,*,#2948,.T.);
#1909=ORIENTED_EDGE('',*,*,#2949,.T.);
#1910=ORIENTED_EDGE('',*,*,#2950,.T.);
#1911=ORIENTED_EDGE('',*,*,#2951,.T.);
#1912=ORIENTED_EDGE('',*,*,#2952,.F.);
#1913=ORIENTED_EDGE('',*,*,#2953,.T.);
#1914=ORIENTED_EDGE('',*,*,#2954,.T.);
#1915=ORIENTED_EDGE('',*,*,#2955,.T.);
#1916=ORIENTED_EDGE('',*,*,#2956,.T.);
#1917=ORIENTED_EDGE('',*,*,#2947,.T.);
#1918=ORIENTED_EDGE('',*,*,#2957,.T.);
#1919=ORIENTED_EDGE('',*,*,#2954,.F.);
#1920=ORIENTED_EDGE('',*,*,#2958,.T.);
#1921=ORIENTED_EDGE('',*,*,#2959,.F.);
#1922=ORIENTED_EDGE('',*,*,#2960,.T.);
#1923=ORIENTED_EDGE('',*,*,#2961,.F.);
#1924=ORIENTED_EDGE('',*,*,#2949,.F.);
#1925=ORIENTED_EDGE('',*,*,#2962,.T.);
#1926=ORIENTED_EDGE('',*,*,#2963,.T.);
#1927=ORIENTED_EDGE('',*,*,#2964,.T.);
#1928=ORIENTED_EDGE('',*,*,#2952,.T.);
#1929=ORIENTED_EDGE('',*,*,#2965,.T.);
#1930=ORIENTED_EDGE('',*,*,#2394,.F.);
#1931=ORIENTED_EDGE('',*,*,#2966,.T.);
#1932=ORIENTED_EDGE('',*,*,#2963,.F.);
#1933=ORIENTED_EDGE('',*,*,#2967,.T.);
#1934=ORIENTED_EDGE('',*,*,#2959,.T.);
#1935=ORIENTED_EDGE('',*,*,#2968,.T.);
#1936=ORIENTED_EDGE('',*,*,#2969,.F.);
#1937=ORIENTED_EDGE('',*,*,#2961,.T.);
#1938=ORIENTED_EDGE('',*,*,#2969,.T.);
#1939=ORIENTED_EDGE('',*,*,#2149,.F.);
#1940=ORIENTED_EDGE('',*,*,#2970,.T.);
#1941=ORIENTED_EDGE('',*,*,#2810,.F.);
#1942=ORIENTED_EDGE('',*,*,#2827,.F.);
#1943=ORIENTED_EDGE('',*,*,#2816,.F.);
#1944=ORIENTED_EDGE('',*,*,#2971,.T.);
#1945=ORIENTED_EDGE('',*,*,#2147,.F.);
#1946=ORIENTED_EDGE('',*,*,#2826,.F.);
#1947=ORIENTED_EDGE('',*,*,#2960,.F.);
#1948=ORIENTED_EDGE('',*,*,#2967,.F.);
#1949=ORIENTED_EDGE('',*,*,#2962,.F.);
#1950=ORIENTED_EDGE('',*,*,#2948,.F.);
#1951=ORIENTED_EDGE('',*,*,#2958,.F.);
#1952=ORIENTED_EDGE('',*,*,#2953,.F.);
#1953=ORIENTED_EDGE('',*,*,#2964,.F.);
#1954=ORIENTED_EDGE('',*,*,#2968,.F.);
#1955=ORIENTED_EDGE('',*,*,#2965,.F.);
#1956=ORIENTED_EDGE('',*,*,#2956,.F.);
#1957=ORIENTED_EDGE('',*,*,#2972,.T.);
#1958=ORIENTED_EDGE('',*,*,#2391,.F.);
#1959=ORIENTED_EDGE('',*,*,#2966,.F.);
#1960=ORIENTED_EDGE('',*,*,#2393,.F.);
#1961=ORIENTED_EDGE('',*,*,#2973,.T.);
#1962=ORIENTED_EDGE('',*,*,#2950,.F.);
#1963=ORIENTED_EDGE('',*,*,#2145,.F.);
#1964=ORIENTED_EDGE('',*,*,#2974,.T.);
#1965=ORIENTED_EDGE('',*,*,#2833,.F.);
#1966=ORIENTED_EDGE('',*,*,#2851,.F.);
#1967=ORIENTED_EDGE('',*,*,#2845,.F.);
#1968=ORIENTED_EDGE('',*,*,#2852,.F.);
#1969=ORIENTED_EDGE('',*,*,#2847,.F.);
#1970=ORIENTED_EDGE('',*,*,#2836,.F.);
#1971=ORIENTED_EDGE('',*,*,#2843,.F.);
#1972=ORIENTED_EDGE('',*,*,#2838,.F.);
#1973=ORIENTED_EDGE('',*,*,#2849,.F.);
#1974=ORIENTED_EDGE('',*,*,#2853,.F.);
#1975=ORIENTED_EDGE('',*,*,#2841,.F.);
#1976=ORIENTED_EDGE('',*,*,#2975,.T.);
#1977=ORIENTED_EDGE('',*,*,#2143,.F.);
#1978=ORIENTED_EDGE('',*,*,#2850,.F.);
#1979=ORIENTED_EDGE('',*,*,#2820,.F.);
#1980=ORIENTED_EDGE('',*,*,#2818,.F.);
#1981=ORIENTED_EDGE('',*,*,#2825,.F.);
#1982=ORIENTED_EDGE('',*,*,#2829,.F.);
#1983=ORIENTED_EDGE('',*,*,#2822,.F.);
#1984=ORIENTED_EDGE('',*,*,#2830,.F.);
#1985=ORIENTED_EDGE('',*,*,#2828,.F.);
#1986=ORIENTED_EDGE('',*,*,#2813,.F.);
#1987=ORIENTED_EDGE('',*,*,#2874,.F.);
#1988=ORIENTED_EDGE('',*,*,#2389,.F.);
#1989=ORIENTED_EDGE('',*,*,#2976,.T.);
#1990=ORIENTED_EDGE('',*,*,#2856,.F.);
#1991=ORIENTED_EDGE('',*,*,#2868,.F.);
#1992=ORIENTED_EDGE('',*,*,#2875,.F.);
#1993=ORIENTED_EDGE('',*,*,#2870,.F.);
#1994=ORIENTED_EDGE('',*,*,#2859,.F.);
#1995=ORIENTED_EDGE('',*,*,#2866,.F.);
#1996=ORIENTED_EDGE('',*,*,#2861,.F.);
#1997=ORIENTED_EDGE('',*,*,#2872,.F.);
#1998=ORIENTED_EDGE('',*,*,#2876,.F.);
#1999=ORIENTED_EDGE('',*,*,#2873,.F.);
#2000=ORIENTED_EDGE('',*,*,#2864,.F.);
#2001=ORIENTED_EDGE('',*,*,#2977,.T.);
#2002=ORIENTED_EDGE('',*,*,#2387,.F.);
#2003=ORIENTED_EDGE('',*,*,#2919,.F.);
#2004=ORIENTED_EDGE('',*,*,#2903,.F.);
#2005=ORIENTED_EDGE('',*,*,#2978,.T.);
#2006=ORIENTED_EDGE('',*,*,#2155,.F.);
#2007=ORIENTED_EDGE('',*,*,#2920,.F.);
#2008=ORIENTED_EDGE('',*,*,#2157,.F.);
#2009=ORIENTED_EDGE('',*,*,#2979,.T.);
#2010=ORIENTED_EDGE('',*,*,#2907,.F.);
#2011=ORIENTED_EDGE('',*,*,#2914,.F.);
#2012=ORIENTED_EDGE('',*,*,#2921,.F.);
#2013=ORIENTED_EDGE('',*,*,#2916,.F.);
#2014=ORIENTED_EDGE('',*,*,#2910,.F.);
#2015=ORIENTED_EDGE('',*,*,#2912,.F.);
#2016=ORIENTED_EDGE('',*,*,#2905,.F.);
#2017=ORIENTED_EDGE('',*,*,#2918,.F.);
#2018=ORIENTED_EDGE('',*,*,#2922,.F.);
#2019=ORIENTED_EDGE('',*,*,#2891,.F.);
#2020=ORIENTED_EDGE('',*,*,#2898,.F.);
#2021=ORIENTED_EDGE('',*,*,#2893,.F.);
#2022=ORIENTED_EDGE('',*,*,#2884,.F.);
#2023=ORIENTED_EDGE('',*,*,#2889,.F.);
#2024=ORIENTED_EDGE('',*,*,#2879,.F.);
#2025=ORIENTED_EDGE('',*,*,#2895,.F.);
#2026=ORIENTED_EDGE('',*,*,#2899,.F.);
#2027=ORIENTED_EDGE('',*,*,#2896,.F.);
#2028=ORIENTED_EDGE('',*,*,#2882,.F.);
#2029=ORIENTED_EDGE('',*,*,#2980,.T.);
#2030=ORIENTED_EDGE('',*,*,#2159,.F.);
#2031=ORIENTED_EDGE('',*,*,#2897,.F.);
#2032=ORIENTED_EDGE('',*,*,#2161,.F.);
#2033=ORIENTED_EDGE('',*,*,#2981,.T.);
#2034=ORIENTED_EDGE('',*,*,#2886,.F.);
#2035=ORIENTED_EDGE('',*,*,#2937,.F.);
#2036=ORIENTED_EDGE('',*,*,#2944,.F.);
#2037=ORIENTED_EDGE('',*,*,#2939,.F.);
#2038=ORIENTED_EDGE('',*,*,#2925,.F.);
#2039=ORIENTED_EDGE('',*,*,#2935,.F.);
#2040=ORIENTED_EDGE('',*,*,#2930,.F.);
#2041=ORIENTED_EDGE('',*,*,#2941,.F.);
#2042=ORIENTED_EDGE('',*,*,#2945,.F.);
#2043=ORIENTED_EDGE('',*,*,#2942,.F.);
#2044=ORIENTED_EDGE('',*,*,#2933,.F.);
#2045=ORIENTED_EDGE('',*,*,#2982,.T.);
#2046=ORIENTED_EDGE('',*,*,#2381,.F.);
#2047=ORIENTED_EDGE('',*,*,#2943,.F.);
#2048=ORIENTED_EDGE('',*,*,#2383,.F.);
#2049=ORIENTED_EDGE('',*,*,#2983,.T.);
#2050=ORIENTED_EDGE('',*,*,#2927,.F.);
#2051=ORIENTED_EDGE('',*,*,#2973,.F.);
#2052=ORIENTED_EDGE('',*,*,#2392,.F.);
#2053=ORIENTED_EDGE('',*,*,#2972,.F.);
#2054=ORIENTED_EDGE('',*,*,#2955,.F.);
#2055=ORIENTED_EDGE('',*,*,#2957,.F.);
#2056=ORIENTED_EDGE('',*,*,#2951,.F.);
#2057=ORIENTED_EDGE('',*,*,#2983,.F.);
#2058=ORIENTED_EDGE('',*,*,#2382,.F.);
#2059=ORIENTED_EDGE('',*,*,#2982,.F.);
#2060=ORIENTED_EDGE('',*,*,#2932,.F.);
#2061=ORIENTED_EDGE('',*,*,#2934,.F.);
#2062=ORIENTED_EDGE('',*,*,#2928,.F.);
#2063=ORIENTED_EDGE('',*,*,#2979,.F.);
#2064=ORIENTED_EDGE('',*,*,#2156,.F.);
#2065=ORIENTED_EDGE('',*,*,#2978,.F.);
#2066=ORIENTED_EDGE('',*,*,#2902,.F.);
#2067=ORIENTED_EDGE('',*,*,#2911,.F.);
#2068=ORIENTED_EDGE('',*,*,#2908,.F.);
#2069=ORIENTED_EDGE('',*,*,#2981,.F.);
#2070=ORIENTED_EDGE('',*,*,#2160,.F.);
#2071=ORIENTED_EDGE('',*,*,#2980,.F.);
#2072=ORIENTED_EDGE('',*,*,#2881,.F.);
#2073=ORIENTED_EDGE('',*,*,#2888,.F.);
#2074=ORIENTED_EDGE('',*,*,#2887,.F.);
#2075=ORIENTED_EDGE('',*,*,#2976,.F.);
#2076=ORIENTED_EDGE('',*,*,#2388,.F.);
#2077=ORIENTED_EDGE('',*,*,#2977,.F.);
#2078=ORIENTED_EDGE('',*,*,#2863,.F.);
#2079=ORIENTED_EDGE('',*,*,#2865,.F.);
#2080=ORIENTED_EDGE('',*,*,#2857,.F.);
#2081=ORIENTED_EDGE('',*,*,#2974,.F.);
#2082=ORIENTED_EDGE('',*,*,#2144,.F.);
#2083=ORIENTED_EDGE('',*,*,#2975,.F.);
#2084=ORIENTED_EDGE('',*,*,#2840,.F.);
#2085=ORIENTED_EDGE('',*,*,#2842,.F.);
#2086=ORIENTED_EDGE('',*,*,#2834,.F.);
#2087=ORIENTED_EDGE('',*,*,#2970,.F.);
#2088=ORIENTED_EDGE('',*,*,#2148,.F.);
#2089=ORIENTED_EDGE('',*,*,#2971,.F.);
#2090=ORIENTED_EDGE('',*,*,#2815,.F.);
#2091=ORIENTED_EDGE('',*,*,#2819,.F.);
#2092=ORIENTED_EDGE('',*,*,#2811,.F.);
#2093=ORIENTED_EDGE('',*,*,#2618,.T.);
#2094=ORIENTED_EDGE('',*,*,#2984,.T.);
#2095=ORIENTED_EDGE('',*,*,#2985,.F.);
#2096=ORIENTED_EDGE('',*,*,#2375,.F.);
#2097=ORIENTED_EDGE('',*,*,#2986,.F.);
#2098=ORIENTED_EDGE('',*,*,#2987,.T.);
#2099=ORIENTED_EDGE('',*,*,#2616,.T.);
#2100=ORIENTED_EDGE('',*,*,#2988,.T.);
#2101=ORIENTED_EDGE('',*,*,#2989,.F.);
#2102=ORIENTED_EDGE('',*,*,#2990,.T.);
#2103=ORIENTED_EDGE('',*,*,#2614,.T.);
#2104=ORIENTED_EDGE('',*,*,#2369,.T.);
#2105=ORIENTED_EDGE('',*,*,#2136,.F.);
#2106=ORIENTED_EDGE('',*,*,#2377,.F.);
#2107=ORIENTED_EDGE('',*,*,#2991,.T.);
#2108=ORIENTED_EDGE('',*,*,#2992,.T.);
#2109=ORIENTED_EDGE('',*,*,#2138,.F.);
#2110=ORIENTED_EDGE('',*,*,#2993,.F.);
#2111=ORIENTED_EDGE('',*,*,#2994,.T.);
#2112=ORIENTED_EDGE('',*,*,#2367,.T.);
#2113=ORIENTED_EDGE('',*,*,#2137,.F.);
#2114=ORIENTED_EDGE('',*,*,#2992,.F.);
#2115=ORIENTED_EDGE('',*,*,#2995,.T.);
#2116=ORIENTED_EDGE('',*,*,#2993,.T.);
#2117=ORIENTED_EDGE('',*,*,#2991,.F.);
#2118=ORIENTED_EDGE('',*,*,#2376,.T.);
#2119=ORIENTED_EDGE('',*,*,#2985,.T.);
#2120=ORIENTED_EDGE('',*,*,#2996,.T.);
#2121=ORIENTED_EDGE('',*,*,#2986,.T.);
#2122=ORIENTED_EDGE('',*,*,#2997,.T.);
#2123=ORIENTED_EDGE('',*,*,#2989,.T.);
#2124=ORIENTED_EDGE('',*,*,#2368,.F.);
#2125=ORIENTED_EDGE('',*,*,#2994,.F.);
#2126=ORIENTED_EDGE('',*,*,#2995,.F.);
#2127=ORIENTED_EDGE('',*,*,#2617,.F.);
#2128=ORIENTED_EDGE('',*,*,#2987,.F.);
#2129=ORIENTED_EDGE('',*,*,#2996,.F.);
#2130=ORIENTED_EDGE('',*,*,#2984,.F.);
#2131=ORIENTED_EDGE('',*,*,#2615,.F.);
#2132=ORIENTED_EDGE('',*,*,#2990,.F.);
#2133=ORIENTED_EDGE('',*,*,#2997,.F.);
#2134=ORIENTED_EDGE('',*,*,#2988,.F.);
#2135=EDGE_CURVE('',#2998,#2999,#3616,.T.);
#2136=EDGE_CURVE('',#2998,#3000,#3617,.T.);
#2137=EDGE_CURVE('',#3000,#3001,#3618,.T.);
#2138=EDGE_CURVE('',#3001,#3002,#3619,.T.);
#2139=EDGE_CURVE('',#3003,#3002,#3620,.T.);
#2140=EDGE_CURVE('',#3004,#3003,#3621,.T.);
#2141=EDGE_CURVE('',#3005,#3004,#3622,.T.);
#2142=EDGE_CURVE('',#2999,#3005,#3623,.T.);
#2143=EDGE_CURVE('',#3006,#3007,#3624,.F.);
#2144=EDGE_CURVE('',#3007,#3008,#3625,.T.);
#2145=EDGE_CURVE('',#3008,#3009,#3626,.T.);
#2146=EDGE_CURVE('',#3009,#3006,#3627,.T.);
#2147=EDGE_CURVE('',#3010,#3011,#3628,.F.);
#2148=EDGE_CURVE('',#3011,#3012,#3629,.T.);
#2149=EDGE_CURVE('',#3012,#3013,#3630,.T.);
#2150=EDGE_CURVE('',#3013,#3010,#3631,.T.);
#2151=EDGE_CURVE('',#3014,#3015,#3632,.T.);
#2152=EDGE_CURVE('',#3016,#3014,#3633,.T.);
#2153=EDGE_CURVE('',#3017,#3016,#3634,.T.);
#2154=EDGE_CURVE('',#3017,#3015,#3635,.T.);
#2155=EDGE_CURVE('',#3018,#3019,#3636,.T.);
#2156=EDGE_CURVE('',#3019,#3020,#3637,.T.);
#2157=EDGE_CURVE('',#3020,#3021,#3638,.F.);
#2158=EDGE_CURVE('',#3021,#3018,#3639,.T.);
#2159=EDGE_CURVE('',#3022,#3023,#3640,.T.);
#2160=EDGE_CURVE('',#3023,#3024,#3641,.T.);
#2161=EDGE_CURVE('',#3024,#3025,#3642,.F.);
#2162=EDGE_CURVE('',#3025,#3022,#3643,.T.);
#2163=EDGE_CURVE('',#3026,#3027,#3644,.T.);
#2164=EDGE_CURVE('',#3028,#3026,#3645,.T.);
#2165=EDGE_CURVE('',#3029,#3028,#3646,.T.);
#2166=EDGE_CURVE('',#3029,#3027,#3647,.T.);
#2167=EDGE_CURVE('',#3030,#3030,#185,.T.);
#2168=EDGE_CURVE('',#3031,#3031,#186,.T.);
#2169=EDGE_CURVE('',#3032,#3032,#187,.T.);
#2170=EDGE_CURVE('',#3033,#3034,#3648,.T.);
#2171=EDGE_CURVE('',#3033,#3035,#3649,.T.);
#2172=EDGE_CURVE('',#3035,#3036,#3650,.T.);
#2173=EDGE_CURVE('',#3034,#3036,#3651,.T.);
#2174=EDGE_CURVE('',#3037,#3038,#3652,.T.);
#2175=EDGE_CURVE('',#3037,#3039,#3653,.T.);
#2176=EDGE_CURVE('',#3039,#3040,#3654,.T.);
#2177=EDGE_CURVE('',#3038,#3040,#3655,.T.);
#2178=EDGE_CURVE('',#3041,#3042,#3656,.T.);
#2179=EDGE_CURVE('',#3043,#3042,#3657,.T.);
#2180=EDGE_CURVE('',#3044,#3043,#3658,.T.);
#2181=EDGE_CURVE('',#3044,#3045,#3659,.T.);
#2182=EDGE_CURVE('',#3045,#3046,#3660,.T.);
#2183=EDGE_CURVE('',#3047,#3046,#3661,.T.);
#2184=EDGE_CURVE('',#3048,#3047,#3662,.T.);
#2185=EDGE_CURVE('',#3048,#3041,#3663,.T.);
#2186=EDGE_CURVE('',#3049,#3050,#3664,.T.);
#2187=EDGE_CURVE('',#3051,#3050,#3665,.T.);
#2188=EDGE_CURVE('',#3052,#3051,#3666,.T.);
#2189=EDGE_CURVE('',#3052,#3053,#3667,.T.);
#2190=EDGE_CURVE('',#3053,#3054,#3668,.T.);
#2191=EDGE_CURVE('',#3055,#3054,#3669,.T.);
#2192=EDGE_CURVE('',#3056,#3055,#3670,.T.);
#2193=EDGE_CURVE('',#3056,#3049,#3671,.T.);
#2194=EDGE_CURVE('',#3057,#3058,#3672,.T.);
#2195=EDGE_CURVE('',#3059,#3058,#3673,.T.);
#2196=EDGE_CURVE('',#3060,#3059,#3674,.T.);
#2197=EDGE_CURVE('',#3060,#3061,#3675,.T.);
#2198=EDGE_CURVE('',#3061,#3062,#3676,.T.);
#2199=EDGE_CURVE('',#3063,#3062,#3677,.T.);
#2200=EDGE_CURVE('',#3064,#3063,#3678,.T.);
#2201=EDGE_CURVE('',#3064,#3057,#3679,.T.);
#2202=EDGE_CURVE('',#3065,#3065,#188,.T.);
#2203=EDGE_CURVE('',#3066,#3067,#3680,.T.);
#2204=EDGE_CURVE('',#3066,#3068,#3681,.T.);
#2205=EDGE_CURVE('',#3068,#3069,#3682,.T.);
#2206=EDGE_CURVE('',#3067,#3069,#3683,.T.);
#2207=EDGE_CURVE('',#3070,#3070,#189,.F.);
#2208=EDGE_CURVE('',#3071,#3071,#190,.T.);
#2209=EDGE_CURVE('',#3072,#3072,#191,.T.);
#2210=EDGE_CURVE('',#3073,#3073,#192,.T.);
#2211=EDGE_CURVE('',#3074,#3074,#193,.T.);
#2212=EDGE_CURVE('',#3075,#3075,#194,.F.);
#2213=EDGE_CURVE('',#3076,#3077,#3684,.T.);
#2214=EDGE_CURVE('',#3076,#3078,#3685,.T.);
#2215=EDGE_CURVE('',#3078,#3079,#3686,.T.);
#2216=EDGE_CURVE('',#3077,#3079,#3687,.T.);
#2217=EDGE_CURVE('',#3080,#3080,#195,.T.);
#2218=EDGE_CURVE('',#3081,#3081,#196,.F.);
#2219=EDGE_CURVE('',#3082,#3083,#3688,.T.);
#2220=EDGE_CURVE('',#3082,#3084,#3689,.T.);
#2221=EDGE_CURVE('',#3084,#3085,#3690,.T.);
#2222=EDGE_CURVE('',#3083,#3085,#3691,.T.);
#2223=EDGE_CURVE('',#3086,#3086,#197,.T.);
#2224=EDGE_CURVE('',#3087,#3087,#198,.F.);
#2225=EDGE_CURVE('',#3088,#3089,#3692,.T.);
#2226=EDGE_CURVE('',#3088,#3090,#3693,.T.);
#2227=EDGE_CURVE('',#3090,#3091,#3694,.T.);
#2228=EDGE_CURVE('',#3089,#3091,#3695,.T.);
#2229=EDGE_CURVE('',#3092,#3092,#199,.T.);
#2230=EDGE_CURVE('',#3093,#3094,#3696,.T.);
#2231=EDGE_CURVE('',#3094,#3095,#3697,.T.);
#2232=EDGE_CURVE('',#3096,#3095,#3698,.T.);
#2233=EDGE_CURVE('',#3093,#3096,#3699,.T.);
#2234=EDGE_CURVE('',#3097,#3097,#200,.F.);
#2235=EDGE_CURVE('',#3098,#3098,#201,.F.);
#2236=EDGE_CURVE('',#3099,#3099,#202,.F.);
#2237=EDGE_CURVE('',#3100,#3100,#203,.F.);
#2238=EDGE_CURVE('',#3101,#3102,#3700,.T.);
#2239=EDGE_CURVE('',#3102,#3103,#3701,.T.);
#2240=EDGE_CURVE('',#3104,#3103,#3702,.T.);
#2241=EDGE_CURVE('',#3101,#3104,#3703,.T.);
#2242=EDGE_CURVE('',#3105,#3105,#204,.F.);
#2243=EDGE_CURVE('',#3106,#3106,#205,.F.);
#2244=EDGE_CURVE('',#3107,#3107,#206,.F.);
#2245=EDGE_CURVE('',#3108,#3108,#207,.F.);
#2246=EDGE_CURVE('',#3109,#3110,#3704,.T.);
#2247=EDGE_CURVE('',#3110,#3111,#3705,.T.);
#2248=EDGE_CURVE('',#3112,#3111,#3706,.T.);
#2249=EDGE_CURVE('',#3109,#3112,#3707,.T.);
#2250=EDGE_CURVE('',#3113,#3113,#208,.F.);
#2251=EDGE_CURVE('',#3114,#3114,#209,.F.);
#2252=EDGE_CURVE('',#3115,#3115,#210,.F.);
#2253=EDGE_CURVE('',#3116,#3116,#211,.F.);
#2254=EDGE_CURVE('',#3117,#3118,#3708,.T.);
#2255=EDGE_CURVE('',#3118,#3119,#3709,.T.);
#2256=EDGE_CURVE('',#3120,#3119,#3710,.T.);
#2257=EDGE_CURVE('',#3117,#3120,#3711,.T.);
#2258=EDGE_CURVE('',#3121,#3121,#212,.F.);
#2259=EDGE_CURVE('',#3122,#3122,#213,.F.);
#2260=EDGE_CURVE('',#3123,#3123,#214,.F.);
#2261=EDGE_CURVE('',#3124,#3124,#215,.F.);
#2262=EDGE_CURVE('',#3125,#3126,#3712,.T.);
#2263=EDGE_CURVE('',#3125,#3127,#3713,.T.);
#2264=EDGE_CURVE('',#3127,#3128,#3714,.T.);
#2265=EDGE_CURVE('',#3126,#3128,#3715,.T.);
#2266=EDGE_CURVE('',#3129,#3130,#3716,.T.);
#2267=EDGE_CURVE('',#3129,#3131,#3717,.T.);
#2268=EDGE_CURVE('',#3131,#3132,#3718,.T.);
#2269=EDGE_CURVE('',#3130,#3132,#3719,.T.);
#2270=EDGE_CURVE('',#3027,#3133,#3720,.T.);
#2271=EDGE_CURVE('',#3134,#3029,#149,.T.);
#2272=EDGE_CURVE('',#3135,#3134,#3721,.T.);
#2273=EDGE_CURVE('',#3016,#3135,#150,.T.);
#2274=EDGE_CURVE('',#3136,#3014,#3722,.T.);
#2275=EDGE_CURVE('',#3137,#3136,#3723,.T.);
#2276=EDGE_CURVE('',#3138,#3137,#3724,.T.);
#2277=EDGE_CURVE('',#3138,#3139,#3725,.T.);
#2278=EDGE_CURVE('',#3139,#3140,#3726,.T.);
#2279=EDGE_CURVE('',#3141,#3140,#3727,.T.);
#2280=EDGE_CURVE('',#3142,#3141,#3728,.T.);
#2281=EDGE_CURVE('',#3142,#3133,#3729,.T.);
#2282=EDGE_CURVE('',#3143,#3144,#3730,.T.);
#2283=EDGE_CURVE('',#3143,#3145,#3731,.T.);
#2284=EDGE_CURVE('',#3145,#3146,#3732,.T.);
#2285=EDGE_CURVE('',#3144,#3146,#3733,.T.);
#2286=EDGE_CURVE('',#3147,#3148,#3734,.T.);
#2287=EDGE_CURVE('',#3147,#3149,#3735,.T.);
#2288=EDGE_CURVE('',#3149,#3150,#3736,.T.);
#2289=EDGE_CURVE('',#3148,#3150,#3737,.T.);
#2290=EDGE_CURVE('',#3151,#3152,#3738,.T.);
#2291=EDGE_CURVE('',#3151,#3153,#3739,.T.);
#2292=EDGE_CURVE('',#3153,#3154,#3740,.T.);
#2293=EDGE_CURVE('',#3152,#3154,#3741,.T.);
#2294=EDGE_CURVE('',#3155,#3156,#3742,.T.);
#2295=EDGE_CURVE('',#3155,#3157,#3743,.T.);
#2296=EDGE_CURVE('',#3157,#3158,#3744,.T.);
#2297=EDGE_CURVE('',#3156,#3158,#3745,.T.);
#2298=EDGE_CURVE('',#3159,#3159,#216,.T.);
#2299=EDGE_CURVE('',#3160,#3160,#217,.T.);
#2300=EDGE_CURVE('',#3161,#3162,#3746,.T.);
#2301=EDGE_CURVE('',#3161,#3163,#3747,.T.);
#2302=EDGE_CURVE('',#3163,#3164,#3748,.T.);
#2303=EDGE_CURVE('',#3162,#3164,#3749,.T.);
#2304=EDGE_CURVE('',#3165,#3165,#218,.T.);
#2305=EDGE_CURVE('',#3166,#3166,#219,.T.);
#2306=EDGE_CURVE('',#3167,#3167,#220,.T.);
#2307=EDGE_CURVE('',#3168,#3168,#221,.T.);
#2308=EDGE_CURVE('',#3169,#3170,#3750,.T.);
#2309=EDGE_CURVE('',#3169,#3171,#3751,.T.);
#2310=EDGE_CURVE('',#3171,#3172,#3752,.T.);
#2311=EDGE_CURVE('',#3170,#3172,#3753,.T.);
#2312=EDGE_CURVE('',#3173,#3173,#222,.T.);
#2313=EDGE_CURVE('',#3174,#3174,#223,.T.);
#2314=EDGE_CURVE('',#3175,#3176,#3754,.T.);
#2315=EDGE_CURVE('',#3175,#3177,#3755,.T.);
#2316=EDGE_CURVE('',#3177,#3178,#3756,.T.);
#2317=EDGE_CURVE('',#3176,#3178,#3757,.T.);
#2318=EDGE_CURVE('',#3179,#3179,#224,.T.);
#2319=EDGE_CURVE('',#3180,#3180,#225,.T.);
#2320=EDGE_CURVE('',#3181,#3182,#3758,.T.);
#2321=EDGE_CURVE('',#3181,#3183,#3759,.T.);
#2322=EDGE_CURVE('',#3183,#3184,#3760,.T.);
#2323=EDGE_CURVE('',#3182,#3184,#3761,.T.);
#2324=EDGE_CURVE('',#3185,#3185,#226,.T.);
#2325=EDGE_CURVE('',#3186,#3186,#227,.T.);
#2326=EDGE_CURVE('',#3187,#3188,#228,.T.);
#2327=EDGE_CURVE('',#3187,#3189,#3762,.T.);
#2328=EDGE_CURVE('',#3190,#3189,#229,.T.);
#2329=EDGE_CURVE('',#3190,#3191,#3763,.T.);
#2330=EDGE_CURVE('',#3192,#3191,#230,.T.);
#2331=EDGE_CURVE('',#3192,#3193,#3764,.F.);
#2332=EDGE_CURVE('',#3194,#3193,#231,.T.);
#2333=EDGE_CURVE('',#3194,#3188,#3765,.F.);
#2334=EDGE_CURVE('',#3195,#3196,#232,.T.);
#2335=EDGE_CURVE('',#3195,#3197,#3766,.T.);
#2336=EDGE_CURVE('',#3198,#3197,#233,.T.);
#2337=EDGE_CURVE('',#3198,#3199,#3767,.T.);
#2338=EDGE_CURVE('',#3200,#3199,#234,.T.);
#2339=EDGE_CURVE('',#3200,#3201,#3768,.F.);
#2340=EDGE_CURVE('',#3202,#3201,#235,.T.);
#2341=EDGE_CURVE('',#3202,#3196,#3769,.F.);
#2342=EDGE_CURVE('',#3203,#3204,#236,.T.);
#2343=EDGE_CURVE('',#3203,#3205,#3770,.T.);
#2344=EDGE_CURVE('',#3206,#3205,#237,.T.);
#2345=EDGE_CURVE('',#3206,#3207,#3771,.T.);
#2346=EDGE_CURVE('',#3208,#3207,#238,.T.);
#2347=EDGE_CURVE('',#3208,#3209,#3772,.F.);
#2348=EDGE_CURVE('',#3210,#3209,#239,.T.);
#2349=EDGE_CURVE('',#3210,#3204,#3773,.F.);
#2350=EDGE_CURVE('',#3211,#3212,#240,.T.);
#2351=EDGE_CURVE('',#3211,#3213,#3774,.T.);
#2352=EDGE_CURVE('',#3214,#3213,#241,.T.);
#2353=EDGE_CURVE('',#3214,#3215,#3775,.T.);
#2354=EDGE_CURVE('',#3216,#3215,#242,.T.);
#2355=EDGE_CURVE('',#3216,#3217,#3776,.F.);
#2356=EDGE_CURVE('',#3218,#3217,#243,.T.);
#2357=EDGE_CURVE('',#3218,#3212,#3777,.F.);
#2358=EDGE_CURVE('',#3219,#3005,#3778,.T.);
#2359=EDGE_CURVE('',#3220,#3004,#3779,.T.);
#2360=EDGE_CURVE('',#3220,#3221,#151,.T.);
#2361=EDGE_CURVE('',#3221,#3222,#3780,.T.);
#2362=EDGE_CURVE('',#3222,#3219,#152,.T.);
#2363=EDGE_CURVE('',#3223,#3003,#3781,.T.);
#2364=EDGE_CURVE('',#3223,#3220,#3782,.T.);
#2365=EDGE_CURVE('',#3224,#2999,#3783,.T.);
#2366=EDGE_CURVE('',#3219,#3224,#3784,.T.);
#2367=EDGE_CURVE('',#3225,#3002,#3785,.T.);
#2368=EDGE_CURVE('',#3225,#3226,#3786,.T.);
#2369=EDGE_CURVE('',#3227,#3226,#3787,.T.);
#2370=EDGE_CURVE('',#3015,#3227,#3788,.T.);
#2371=EDGE_CURVE('',#3228,#3017,#153,.T.);
#2372=EDGE_CURVE('',#3229,#3228,#3789,.T.);
#2373=EDGE_CURVE('',#3028,#3229,#154,.T.);
#2374=EDGE_CURVE('',#3026,#3230,#3790,.T.);
#2375=EDGE_CURVE('',#3230,#3231,#3791,.T.);
#2376=EDGE_CURVE('',#3232,#3231,#3792,.T.);
#2377=EDGE_CURVE('',#3232,#2998,#3793,.T.);
#2378=EDGE_CURVE('',#3224,#3233,#155,.T.);
#2379=EDGE_CURVE('',#3233,#3234,#3794,.T.);
#2380=EDGE_CURVE('',#3234,#3223,#156,.T.);
#2381=EDGE_CURVE('',#3235,#3236,#3795,.T.);
#2382=EDGE_CURVE('',#3236,#3237,#3796,.T.);
#2383=EDGE_CURVE('',#3237,#3238,#3797,.F.);
#2384=EDGE_CURVE('',#3238,#3235,#3798,.T.);
#2385=EDGE_CURVE('',#3229,#3134,#3799,.F.);
#2386=EDGE_CURVE('',#3135,#3228,#3800,.F.);
#2387=EDGE_CURVE('',#3239,#3240,#3801,.T.);
#2388=EDGE_CURVE('',#3240,#3241,#3802,.T.);
#2389=EDGE_CURVE('',#3241,#3242,#3803,.F.);
#2390=EDGE_CURVE('',#3242,#3239,#3804,.T.);
#2391=EDGE_CURVE('',#3243,#3244,#3805,.T.);
#2392=EDGE_CURVE('',#3244,#3245,#3806,.T.);
#2393=EDGE_CURVE('',#3245,#3246,#3807,.F.);
#2394=EDGE_CURVE('',#3246,#3243,#3808,.T.);
#2395=EDGE_CURVE('',#3247,#3247,#244,.T.);
#2396=EDGE_CURVE('',#3248,#3249,#3809,.T.);
#2397=EDGE_CURVE('',#3249,#3250,#3810,.T.);
#2398=EDGE_CURVE('',#3250,#3251,#3811,.T.);
#2399=EDGE_CURVE('',#3252,#3251,#3812,.T.);
#2400=EDGE_CURVE('',#3252,#3253,#3813,.T.);
#2401=EDGE_CURVE('',#3254,#3253,#3814,.T.);
#2402=EDGE_CURVE('',#3255,#3254,#3815,.T.);
#2403=EDGE_CURVE('',#3255,#3248,#3816,.T.);
#2404=EDGE_CURVE('',#3256,#3256,#245,.T.);
#2405=EDGE_CURVE('',#3257,#3258,#3817,.T.);
#2406=EDGE_CURVE('',#3258,#3259,#3818,.T.);
#2407=EDGE_CURVE('',#3259,#3260,#3819,.T.);
#2408=EDGE_CURVE('',#3261,#3260,#3820,.T.);
#2409=EDGE_CURVE('',#3261,#3262,#3821,.T.);
#2410=EDGE_CURVE('',#3263,#3262,#3822,.T.);
#2411=EDGE_CURVE('',#3264,#3263,#3823,.T.);
#2412=EDGE_CURVE('',#3264,#3257,#3824,.T.);
#2413=EDGE_CURVE('',#3265,#3265,#246,.T.);
#2414=EDGE_CURVE('',#3266,#3267,#3825,.T.);
#2415=EDGE_CURVE('',#3267,#3268,#3826,.T.);
#2416=EDGE_CURVE('',#3268,#3269,#3827,.T.);
#2417=EDGE_CURVE('',#3270,#3269,#3828,.T.);
#2418=EDGE_CURVE('',#3270,#3271,#3829,.T.);
#2419=EDGE_CURVE('',#3272,#3271,#3830,.T.);
#2420=EDGE_CURVE('',#3273,#3272,#3831,.T.);
#2421=EDGE_CURVE('',#3273,#3266,#3832,.T.);
#2422=EDGE_CURVE('',#3274,#3249,#3833,.T.);
#2423=EDGE_CURVE('',#3274,#3275,#3834,.T.);
#2424=EDGE_CURVE('',#3275,#3250,#3835,.T.);
#2425=EDGE_CURVE('',#3276,#3251,#3836,.T.);
#2426=EDGE_CURVE('',#3277,#3276,#3837,.T.);
#2427=EDGE_CURVE('',#3277,#3252,#3838,.T.);
#2428=EDGE_CURVE('',#3275,#3276,#3839,.T.);
#2429=EDGE_CURVE('',#3274,#3277,#3840,.T.);
#2430=EDGE_CURVE('',#3278,#3279,#3841,.T.);
#2431=EDGE_CURVE('',#3280,#3278,#3842,.T.);
#2432=EDGE_CURVE('',#3280,#3281,#3843,.T.);
#2433=EDGE_CURVE('',#3281,#3279,#3844,.T.);
#2434=EDGE_CURVE('',#3282,#3278,#3845,.T.);
#2435=EDGE_CURVE('',#3283,#3282,#3846,.T.);
#2436=EDGE_CURVE('',#3283,#3280,#3847,.T.);
#2437=EDGE_CURVE('',#3282,#3284,#3848,.T.);
#2438=EDGE_CURVE('',#3285,#3284,#3849,.T.);
#2439=EDGE_CURVE('',#3283,#3285,#3850,.T.);
#2440=EDGE_CURVE('',#3284,#3279,#3851,.T.);
#2441=EDGE_CURVE('',#3285,#3281,#3852,.T.);
#2442=EDGE_CURVE('',#3286,#3248,#3853,.T.);
#2443=EDGE_CURVE('',#3286,#3287,#3854,.T.);
#2444=EDGE_CURVE('',#3287,#3253,#3855,.T.);
#2445=EDGE_CURVE('',#3288,#3255,#3856,.T.);
#2446=EDGE_CURVE('',#3288,#3286,#3857,.T.);
#2447=EDGE_CURVE('',#3289,#3254,#3858,.T.);
#2448=EDGE_CURVE('',#3288,#3289,#3859,.T.);
#2449=EDGE_CURVE('',#3289,#3287,#3860,.T.);
#2450=EDGE_CURVE('',#3290,#3290,#247,.T.);
#2451=EDGE_CURVE('',#3291,#3258,#3861,.T.);
#2452=EDGE_CURVE('',#3291,#3292,#3862,.T.);
#2453=EDGE_CURVE('',#3292,#3259,#3863,.T.);
#2454=EDGE_CURVE('',#3293,#3260,#3864,.T.);
#2455=EDGE_CURVE('',#3294,#3293,#3865,.T.);
#2456=EDGE_CURVE('',#3294,#3261,#3866,.T.);
#2457=EDGE_CURVE('',#3292,#3293,#3867,.T.);
#2458=EDGE_CURVE('',#3291,#3294,#3868,.T.);
#2459=EDGE_CURVE('',#3295,#3296,#3869,.T.);
#2460=EDGE_CURVE('',#3297,#3295,#3870,.T.);
#2461=EDGE_CURVE('',#3297,#3298,#3871,.T.);
#2462=EDGE_CURVE('',#3298,#3296,#3872,.T.);
#2463=EDGE_CURVE('',#3299,#3295,#3873,.T.);
#2464=EDGE_CURVE('',#3300,#3299,#3874,.T.);
#2465=EDGE_CURVE('',#3300,#3297,#3875,.T.);
#2466=EDGE_CURVE('',#3299,#3301,#3876,.T.);
#2467=EDGE_CURVE('',#3302,#3301,#3877,.T.);
#2468=EDGE_CURVE('',#3300,#3302,#3878,.T.);
#2469=EDGE_CURVE('',#3301,#3296,#3879,.T.);
#2470=EDGE_CURVE('',#3302,#3298,#3880,.T.);
#2471=EDGE_CURVE('',#3303,#3257,#3881,.T.);
#2472=EDGE_CURVE('',#3303,#3304,#3882,.T.);
#2473=EDGE_CURVE('',#3304,#3262,#3883,.T.);
#2474=EDGE_CURVE('',#3305,#3264,#3884,.T.);
#2475=EDGE_CURVE('',#3305,#3303,#3885,.T.);
#2476=EDGE_CURVE('',#3306,#3263,#3886,.T.);
#2477=EDGE_CURVE('',#3305,#3306,#3887,.T.);
#2478=EDGE_CURVE('',#3306,#3304,#3888,.T.);
#2479=EDGE_CURVE('',#3307,#3307,#248,.T.);
#2480=EDGE_CURVE('',#3308,#3267,#3889,.T.);
#2481=EDGE_CURVE('',#3308,#3309,#3890,.T.);
#2482=EDGE_CURVE('',#3309,#3268,#3891,.T.);
#2483=EDGE_CURVE('',#3310,#3269,#3892,.T.);
#2484=EDGE_CURVE('',#3311,#3310,#3893,.T.);
#2485=EDGE_CURVE('',#3311,#3270,#3894,.T.);
#2486=EDGE_CURVE('',#3309,#3310,#3895,.T.);
#2487=EDGE_CURVE('',#3308,#3311,#3896,.T.);
#2488=EDGE_CURVE('',#3312,#3313,#3897,.T.);
#2489=EDGE_CURVE('',#3314,#3312,#3898,.T.);
#2490=EDGE_CURVE('',#3314,#3315,#3899,.T.);
#2491=EDGE_CURVE('',#3315,#3313,#3900,.T.);
#2492=EDGE_CURVE('',#3316,#3312,#3901,.T.);
#2493=EDGE_CURVE('',#3317,#3316,#3902,.T.);
#2494=EDGE_CURVE('',#3317,#3314,#3903,.T.);
#2495=EDGE_CURVE('',#3316,#3318,#3904,.T.);
#2496=EDGE_CURVE('',#3319,#3318,#3905,.T.);
#2497=EDGE_CURVE('',#3317,#3319,#3906,.T.);
#2498=EDGE_CURVE('',#3318,#3313,#3907,.T.);
#2499=EDGE_CURVE('',#3319,#3315,#3908,.T.);
#2500=EDGE_CURVE('',#3320,#3266,#3909,.T.);
#2501=EDGE_CURVE('',#3320,#3321,#3910,.T.);
#2502=EDGE_CURVE('',#3321,#3271,#3911,.T.);
#2503=EDGE_CURVE('',#3322,#3273,#3912,.T.);
#2504=EDGE_CURVE('',#3322,#3320,#3913,.T.);
#2505=EDGE_CURVE('',#3323,#3272,#3914,.T.);
#2506=EDGE_CURVE('',#3322,#3323,#3915,.T.);
#2507=EDGE_CURVE('',#3323,#3321,#3916,.T.);
#2508=EDGE_CURVE('',#3324,#3324,#249,.T.);
#2509=EDGE_CURVE('',#3325,#3326,#3917,.T.);
#2510=EDGE_CURVE('',#3326,#3327,#3918,.T.);
#2511=EDGE_CURVE('',#3328,#3327,#3919,.T.);
#2512=EDGE_CURVE('',#3325,#3328,#3920,.T.);
#2513=EDGE_CURVE('',#3329,#3329,#250,.T.);
#2514=EDGE_CURVE('',#3330,#3330,#251,.F.);
#2515=EDGE_CURVE('',#3331,#3331,#252,.T.);
#2516=EDGE_CURVE('',#3332,#3332,#253,.T.);
#2517=EDGE_CURVE('',#3333,#3333,#254,.F.);
#2518=EDGE_CURVE('',#3334,#3334,#255,.T.);
#2519=EDGE_CURVE('',#3335,#3335,#256,.T.);
#2520=EDGE_CURVE('',#3089,#3183,#3921,.T.);
#2521=EDGE_CURVE('',#3088,#3181,#3922,.T.);
#2522=EDGE_CURVE('',#3090,#3182,#3923,.T.);
#2523=EDGE_CURVE('',#3091,#3184,#3924,.T.);
#2524=EDGE_CURVE('',#3336,#3336,#257,.F.);
#2525=EDGE_CURVE('',#3337,#3337,#258,.T.);
#2526=EDGE_CURVE('',#3338,#3338,#259,.T.);
#2527=EDGE_CURVE('',#3339,#3339,#260,.F.);
#2528=EDGE_CURVE('',#3340,#3340,#261,.T.);
#2529=EDGE_CURVE('',#3341,#3341,#262,.T.);
#2530=EDGE_CURVE('',#3083,#3177,#3925,.T.);
#2531=EDGE_CURVE('',#3082,#3175,#3926,.T.);
#2532=EDGE_CURVE('',#3084,#3176,#3927,.T.);
#2533=EDGE_CURVE('',#3085,#3178,#3928,.T.);
#2534=EDGE_CURVE('',#3342,#3342,#263,.F.);
#2535=EDGE_CURVE('',#3343,#3343,#264,.T.);
#2536=EDGE_CURVE('',#3344,#3344,#265,.T.);
#2537=EDGE_CURVE('',#3345,#3345,#266,.F.);
#2538=EDGE_CURVE('',#3346,#3346,#267,.T.);
#2539=EDGE_CURVE('',#3347,#3347,#268,.T.);
#2540=EDGE_CURVE('',#3077,#3171,#3929,.T.);
#2541=EDGE_CURVE('',#3076,#3169,#3930,.T.);
#2542=EDGE_CURVE('',#3078,#3170,#3931,.T.);
#2543=EDGE_CURVE('',#3079,#3172,#3932,.T.);
#2544=EDGE_CURVE('',#3348,#3348,#269,.T.);
#2545=EDGE_CURVE('',#3349,#3349,#270,.T.);
#2546=EDGE_CURVE('',#3221,#3234,#3933,.F.);
#2547=EDGE_CURVE('',#3233,#3222,#3934,.F.);
#2548=EDGE_CURVE('',#3350,#3350,#271,.T.);
#2549=EDGE_CURVE('',#3351,#3351,#272,.T.);
#2550=EDGE_CURVE('',#3352,#3352,#273,.T.);
#2551=EDGE_CURVE('',#3353,#3353,#274,.T.);
#2552=EDGE_CURVE('',#3354,#3354,#275,.T.);
#2553=EDGE_CURVE('',#3355,#3356,#3935,.T.);
#2554=EDGE_CURVE('',#3356,#3357,#3936,.T.);
#2555=EDGE_CURVE('',#3357,#3358,#3937,.T.);
#2556=EDGE_CURVE('',#3359,#3358,#3938,.T.);
#2557=EDGE_CURVE('',#3359,#3360,#3939,.T.);
#2558=EDGE_CURVE('',#3361,#3360,#3940,.T.);
#2559=EDGE_CURVE('',#3362,#3361,#3941,.T.);
#2560=EDGE_CURVE('',#3362,#3355,#3942,.T.);
#2561=EDGE_CURVE('',#3363,#3363,#276,.T.);
#2562=EDGE_CURVE('',#3364,#3364,#277,.T.);
#2563=EDGE_CURVE('',#3365,#3365,#278,.T.);
#2564=EDGE_CURVE('',#3366,#3366,#279,.T.);
#2565=EDGE_CURVE('',#3067,#3163,#3943,.T.);
#2566=EDGE_CURVE('',#3066,#3161,#3944,.T.);
#2567=EDGE_CURVE('',#3068,#3162,#3945,.T.);
#2568=EDGE_CURVE('',#3069,#3164,#3946,.T.);
#2569=EDGE_CURVE('',#3367,#3367,#280,.T.);
#2570=EDGE_CURVE('',#3368,#3368,#281,.F.);
#2571=EDGE_CURVE('',#3369,#3369,#282,.T.);
#2572=EDGE_CURVE('',#3370,#3370,#283,.F.);
#2573=EDGE_CURVE('',#3371,#3355,#3947,.T.);
#2574=EDGE_CURVE('',#3371,#3372,#3948,.T.);
#2575=EDGE_CURVE('',#3372,#3360,#3949,.T.);
#2576=EDGE_CURVE('',#3373,#3359,#3950,.T.);
#2577=EDGE_CURVE('',#3374,#3373,#3951,.T.);
#2578=EDGE_CURVE('',#3374,#3356,#3952,.T.);
#2579=EDGE_CURVE('',#3375,#3362,#3953,.T.);
#2580=EDGE_CURVE('',#3375,#3371,#3954,.T.);
#2581=EDGE_CURVE('',#3376,#3361,#3955,.T.);
#2582=EDGE_CURVE('',#3375,#3376,#3956,.T.);
#2583=EDGE_CURVE('',#3377,#3326,#3957,.T.);
#2584=EDGE_CURVE('',#3377,#3378,#3958,.T.);
#2585=EDGE_CURVE('',#3378,#3327,#3959,.T.);
#2586=EDGE_CURVE('',#3379,#3325,#3960,.T.);
#2587=EDGE_CURVE('',#3379,#3377,#3961,.T.);
#2588=EDGE_CURVE('',#3380,#3328,#3962,.T.);
#2589=EDGE_CURVE('',#3379,#3380,#3963,.T.);
#2590=EDGE_CURVE('',#3380,#3378,#3964,.T.);
#2591=EDGE_CURVE('',#3376,#3372,#3965,.T.);
#2592=EDGE_CURVE('',#3374,#3381,#3966,.T.);
#2593=EDGE_CURVE('',#3381,#3357,#3967,.T.);
#2594=EDGE_CURVE('',#3382,#3358,#3968,.T.);
#2595=EDGE_CURVE('',#3373,#3382,#3969,.T.);
#2596=EDGE_CURVE('',#3381,#3382,#3970,.T.);
#2597=EDGE_CURVE('',#3383,#3093,#3971,.T.);
#2598=EDGE_CURVE('',#3383,#3384,#3972,.T.);
#2599=EDGE_CURVE('',#3384,#3094,#3973,.T.);
#2600=EDGE_CURVE('',#3385,#3096,#3974,.T.);
#2601=EDGE_CURVE('',#3383,#3385,#3975,.T.);
#2602=EDGE_CURVE('',#3386,#3095,#3976,.T.);
#2603=EDGE_CURVE('',#3385,#3386,#3977,.T.);
#2604=EDGE_CURVE('',#3384,#3386,#3978,.T.);
#2605=EDGE_CURVE('',#3387,#3139,#3979,.T.);
#2606=EDGE_CURVE('',#3387,#3388,#3980,.T.);
#2607=EDGE_CURVE('',#3388,#3140,#3981,.T.);
#2608=EDGE_CURVE('',#3389,#3138,#3982,.T.);
#2609=EDGE_CURVE('',#3389,#3387,#3983,.T.);
#2610=EDGE_CURVE('',#3390,#3137,#3984,.T.);
#2611=EDGE_CURVE('',#3389,#3390,#3985,.T.);
#2612=EDGE_CURVE('',#3391,#3136,#3986,.T.);
#2613=EDGE_CURVE('',#3390,#3391,#3987,.T.);
#2614=EDGE_CURVE('',#3392,#3227,#3988,.T.);
#2615=EDGE_CURVE('',#3392,#3393,#284,.F.);
#2616=EDGE_CURVE('',#3394,#3393,#3989,.T.);
#2617=EDGE_CURVE('',#3394,#3395,#285,.F.);
#2618=EDGE_CURVE('',#3230,#3395,#3990,.T.);
#2619=EDGE_CURVE('',#3396,#3133,#3991,.T.);
#2620=EDGE_CURVE('',#3396,#3391,#3992,.T.);
#2621=EDGE_CURVE('',#3397,#3142,#3993,.T.);
#2622=EDGE_CURVE('',#3397,#3396,#3994,.T.);
#2623=EDGE_CURVE('',#3398,#3141,#3995,.T.);
#2624=EDGE_CURVE('',#3397,#3398,#3996,.T.);
#2625=EDGE_CURVE('',#3398,#3388,#3997,.T.);
#2626=EDGE_CURVE('',#3399,#3400,#3998,.T.);
#2627=EDGE_CURVE('',#3399,#3401,#286,.F.);
#2628=EDGE_CURVE('',#3401,#3402,#3999,.T.);
#2629=EDGE_CURVE('',#3402,#3403,#287,.F.);
#2630=EDGE_CURVE('',#3403,#3404,#4000,.T.);
#2631=EDGE_CURVE('',#3404,#3405,#288,.F.);
#2632=EDGE_CURVE('',#3406,#3405,#4001,.T.);
#2633=EDGE_CURVE('',#3406,#3400,#289,.F.);
#2634=EDGE_CURVE('',#3407,#3407,#290,.T.);
#2635=EDGE_CURVE('',#3408,#3408,#291,.T.);
#2636=EDGE_CURVE('',#3409,#3409,#292,.T.);
#2637=EDGE_CURVE('',#3410,#3410,#293,.T.);
#2638=EDGE_CURVE('',#3403,#3189,#294,.F.);
#2639=EDGE_CURVE('',#3190,#3402,#295,.F.);
#2640=EDGE_CURVE('',#3191,#3401,#296,.T.);
#2641=EDGE_CURVE('',#3404,#3187,#297,.T.);
#2642=EDGE_CURVE('',#3192,#3399,#298,.F.);
#2643=EDGE_CURVE('',#3405,#3188,#299,.F.);
#2644=EDGE_CURVE('',#3193,#3400,#300,.T.);
#2645=EDGE_CURVE('',#3406,#3194,#301,.T.);
#2646=EDGE_CURVE('',#3411,#3101,#4002,.T.);
#2647=EDGE_CURVE('',#3411,#3412,#4003,.T.);
#2648=EDGE_CURVE('',#3412,#3102,#4004,.T.);
#2649=EDGE_CURVE('',#3413,#3104,#4005,.T.);
#2650=EDGE_CURVE('',#3411,#3413,#4006,.T.);
#2651=EDGE_CURVE('',#3414,#3103,#4007,.T.);
#2652=EDGE_CURVE('',#3413,#3414,#4008,.T.);
#2653=EDGE_CURVE('',#3412,#3414,#4009,.T.);
#2654=EDGE_CURVE('',#3415,#3057,#4010,.T.);
#2655=EDGE_CURVE('',#3415,#3416,#4011,.T.);
#2656=EDGE_CURVE('',#3416,#3058,#4012,.T.);
#2657=EDGE_CURVE('',#3417,#3064,#4013,.T.);
#2658=EDGE_CURVE('',#3417,#3415,#4014,.T.);
#2659=EDGE_CURVE('',#3418,#3063,#4015,.T.);
#2660=EDGE_CURVE('',#3417,#3418,#4016,.T.);
#2661=EDGE_CURVE('',#3419,#3062,#4017,.T.);
#2662=EDGE_CURVE('',#3418,#3419,#4018,.T.);
#2663=EDGE_CURVE('',#3420,#3061,#4019,.T.);
#2664=EDGE_CURVE('',#3420,#3419,#4020,.T.);
#2665=EDGE_CURVE('',#3421,#3060,#4021,.T.);
#2666=EDGE_CURVE('',#3421,#3420,#4022,.T.);
#2667=EDGE_CURVE('',#3422,#3059,#4023,.T.);
#2668=EDGE_CURVE('',#3421,#3422,#4024,.T.);
#2669=EDGE_CURVE('',#3422,#3416,#4025,.T.);
#2670=EDGE_CURVE('',#3423,#3424,#4026,.T.);
#2671=EDGE_CURVE('',#3423,#3425,#302,.F.);
#2672=EDGE_CURVE('',#3425,#3426,#4027,.T.);
#2673=EDGE_CURVE('',#3426,#3427,#303,.F.);
#2674=EDGE_CURVE('',#3427,#3428,#4028,.T.);
#2675=EDGE_CURVE('',#3428,#3429,#304,.F.);
#2676=EDGE_CURVE('',#3430,#3429,#4029,.T.);
#2677=EDGE_CURVE('',#3430,#3424,#305,.F.);
#2678=EDGE_CURVE('',#3431,#3431,#306,.T.);
#2679=EDGE_CURVE('',#3432,#3432,#307,.T.);
#2680=EDGE_CURVE('',#3433,#3433,#308,.T.);
#2681=EDGE_CURVE('',#3434,#3434,#309,.T.);
#2682=EDGE_CURVE('',#3427,#3197,#310,.F.);
#2683=EDGE_CURVE('',#3198,#3426,#311,.F.);
#2684=EDGE_CURVE('',#3199,#3425,#312,.T.);
#2685=EDGE_CURVE('',#3428,#3195,#313,.T.);
#2686=EDGE_CURVE('',#3200,#3423,#314,.F.);
#2687=EDGE_CURVE('',#3429,#3196,#315,.F.);
#2688=EDGE_CURVE('',#3201,#3424,#316,.T.);
#2689=EDGE_CURVE('',#3430,#3202,#317,.T.);
#2690=EDGE_CURVE('',#3435,#3109,#4030,.T.);
#2691=EDGE_CURVE('',#3435,#3436,#4031,.T.);
#2692=EDGE_CURVE('',#3436,#3110,#4032,.T.);
#2693=EDGE_CURVE('',#3437,#3112,#4033,.T.);
#2694=EDGE_CURVE('',#3435,#3437,#4034,.T.);
#2695=EDGE_CURVE('',#3438,#3111,#4035,.T.);
#2696=EDGE_CURVE('',#3437,#3438,#4036,.T.);
#2697=EDGE_CURVE('',#3436,#3438,#4037,.T.);
#2698=EDGE_CURVE('',#3439,#3049,#4038,.T.);
#2699=EDGE_CURVE('',#3439,#3440,#4039,.T.);
#2700=EDGE_CURVE('',#3440,#3050,#4040,.T.);
#2701=EDGE_CURVE('',#3441,#3056,#4041,.T.);
#2702=EDGE_CURVE('',#3441,#3439,#4042,.T.);
#2703=EDGE_CURVE('',#3442,#3055,#4043,.T.);
#2704=EDGE_CURVE('',#3441,#3442,#4044,.T.);
#2705=EDGE_CURVE('',#3443,#3054,#4045,.T.);
#2706=EDGE_CURVE('',#3442,#3443,#4046,.T.);
#2707=EDGE_CURVE('',#3444,#3053,#4047,.T.);
#2708=EDGE_CURVE('',#3444,#3443,#4048,.T.);
#2709=EDGE_CURVE('',#3445,#3052,#4049,.T.);
#2710=EDGE_CURVE('',#3445,#3444,#4050,.T.);
#2711=EDGE_CURVE('',#3446,#3051,#4051,.T.);
#2712=EDGE_CURVE('',#3445,#3446,#4052,.T.);
#2713=EDGE_CURVE('',#3446,#3440,#4053,.T.);
#2714=EDGE_CURVE('',#3447,#3448,#4054,.T.);
#2715=EDGE_CURVE('',#3447,#3449,#318,.F.);
#2716=EDGE_CURVE('',#3449,#3450,#4055,.T.);
#2717=EDGE_CURVE('',#3450,#3451,#319,.F.);
#2718=EDGE_CURVE('',#3451,#3452,#4056,.T.);
#2719=EDGE_CURVE('',#3452,#3453,#320,.F.);
#2720=EDGE_CURVE('',#3454,#3453,#4057,.T.);
#2721=EDGE_CURVE('',#3454,#3448,#321,.F.);
#2722=EDGE_CURVE('',#3455,#3455,#322,.T.);
#2723=EDGE_CURVE('',#3456,#3456,#323,.T.);
#2724=EDGE_CURVE('',#3457,#3457,#324,.T.);
#2725=EDGE_CURVE('',#3458,#3458,#325,.T.);
#2726=EDGE_CURVE('',#3451,#3205,#326,.F.);
#2727=EDGE_CURVE('',#3206,#3450,#327,.F.);
#2728=EDGE_CURVE('',#3207,#3449,#328,.T.);
#2729=EDGE_CURVE('',#3452,#3203,#329,.T.);
#2730=EDGE_CURVE('',#3208,#3447,#330,.F.);
#2731=EDGE_CURVE('',#3453,#3204,#331,.F.);
#2732=EDGE_CURVE('',#3209,#3448,#332,.T.);
#2733=EDGE_CURVE('',#3454,#3210,#333,.T.);
#2734=EDGE_CURVE('',#3459,#3117,#4058,.T.);
#2735=EDGE_CURVE('',#3459,#3460,#4059,.T.);
#2736=EDGE_CURVE('',#3460,#3118,#4060,.T.);
#2737=EDGE_CURVE('',#3461,#3120,#4061,.T.);
#2738=EDGE_CURVE('',#3459,#3461,#4062,.T.);
#2739=EDGE_CURVE('',#3462,#3119,#4063,.T.);
#2740=EDGE_CURVE('',#3461,#3462,#4064,.T.);
#2741=EDGE_CURVE('',#3460,#3462,#4065,.T.);
#2742=EDGE_CURVE('',#3463,#3041,#4066,.T.);
#2743=EDGE_CURVE('',#3463,#3464,#4067,.T.);
#2744=EDGE_CURVE('',#3464,#3042,#4068,.T.);
#2745=EDGE_CURVE('',#3465,#3048,#4069,.T.);
#2746=EDGE_CURVE('',#3465,#3463,#4070,.T.);
#2747=EDGE_CURVE('',#3466,#3047,#4071,.T.);
#2748=EDGE_CURVE('',#3465,#3466,#4072,.T.);
#2749=EDGE_CURVE('',#3467,#3046,#4073,.T.);
#2750=EDGE_CURVE('',#3466,#3467,#4074,.T.);
#2751=EDGE_CURVE('',#3468,#3045,#4075,.T.);
#2752=EDGE_CURVE('',#3468,#3467,#4076,.T.);
#2753=EDGE_CURVE('',#3469,#3044,#4077,.T.);
#2754=EDGE_CURVE('',#3469,#3468,#4078,.T.);
#2755=EDGE_CURVE('',#3470,#3043,#4079,.T.);
#2756=EDGE_CURVE('',#3469,#3470,#4080,.T.);
#2757=EDGE_CURVE('',#3470,#3464,#4081,.T.);
#2758=EDGE_CURVE('',#3471,#3472,#4082,.T.);
#2759=EDGE_CURVE('',#3471,#3473,#334,.F.);
#2760=EDGE_CURVE('',#3473,#3474,#4083,.T.);
#2761=EDGE_CURVE('',#3474,#3475,#335,.F.);
#2762=EDGE_CURVE('',#3475,#3476,#4084,.T.);
#2763=EDGE_CURVE('',#3476,#3477,#336,.F.);
#2764=EDGE_CURVE('',#3478,#3477,#4085,.T.);
#2765=EDGE_CURVE('',#3478,#3472,#337,.F.);
#2766=EDGE_CURVE('',#3479,#3479,#338,.T.);
#2767=EDGE_CURVE('',#3480,#3480,#339,.T.);
#2768=EDGE_CURVE('',#3481,#3481,#340,.T.);
#2769=EDGE_CURVE('',#3482,#3482,#341,.T.);
#2770=EDGE_CURVE('',#3475,#3213,#342,.F.);
#2771=EDGE_CURVE('',#3214,#3474,#343,.F.);
#2772=EDGE_CURVE('',#3215,#3473,#344,.T.);
#2773=EDGE_CURVE('',#3476,#3211,#345,.T.);
#2774=EDGE_CURVE('',#3216,#3471,#346,.F.);
#2775=EDGE_CURVE('',#3477,#3212,#347,.F.);
#2776=EDGE_CURVE('',#3217,#3472,#348,.T.);
#2777=EDGE_CURVE('',#3478,#3218,#349,.T.);
#2778=EDGE_CURVE('',#3038,#3157,#4086,.T.);
#2779=EDGE_CURVE('',#3037,#3155,#4087,.T.);
#2780=EDGE_CURVE('',#3039,#3156,#4088,.T.);
#2781=EDGE_CURVE('',#3040,#3158,#4089,.T.);
#2782=EDGE_CURVE('',#3126,#3153,#4090,.T.);
#2783=EDGE_CURVE('',#3125,#3151,#4091,.T.);
#2784=EDGE_CURVE('',#3127,#3152,#4092,.T.);
#2785=EDGE_CURVE('',#3128,#3154,#4093,.T.);
#2786=EDGE_CURVE('',#3034,#3149,#4094,.T.);
#2787=EDGE_CURVE('',#3033,#3147,#4095,.T.);
#2788=EDGE_CURVE('',#3035,#3148,#4096,.T.);
#2789=EDGE_CURVE('',#3036,#3150,#4097,.T.);
#2790=EDGE_CURVE('',#3130,#3145,#4098,.T.);
#2791=EDGE_CURVE('',#3129,#3143,#4099,.T.);
#2792=EDGE_CURVE('',#3131,#3144,#4100,.T.);
#2793=EDGE_CURVE('',#3132,#3146,#4101,.T.);
#2794=EDGE_CURVE('',#3483,#3483,#350,.T.);
#2795=EDGE_CURVE('',#3484,#3484,#351,.T.);
#2796=EDGE_CURVE('',#3485,#3485,#352,.F.);
#2797=EDGE_CURVE('',#3486,#3486,#353,.T.);
#2798=EDGE_CURVE('',#3487,#3487,#354,.F.);
#2799=EDGE_CURVE('',#3488,#3488,#355,.T.);
#2800=EDGE_CURVE('',#3489,#3489,#356,.T.);
#2801=EDGE_CURVE('',#3490,#3490,#357,.F.);
#2802=EDGE_CURVE('',#3491,#3491,#358,.T.);
#2803=EDGE_CURVE('',#3492,#3492,#359,.F.);
#2804=EDGE_CURVE('',#3493,#3493,#360,.T.);
#2805=EDGE_CURVE('',#3494,#3494,#361,.T.);
#2806=EDGE_CURVE('',#3495,#3495,#362,.F.);
#2807=EDGE_CURVE('',#3496,#3496,#363,.T.);
#2808=EDGE_CURVE('',#3497,#3497,#364,.F.);
#2809=EDGE_CURVE('',#3498,#3499,#4102,.T.);
#2810=EDGE_CURVE('',#3498,#3500,#4103,.F.);
#2811=EDGE_CURVE('',#3500,#3501,#4104,.F.);
#2812=EDGE_CURVE('',#3501,#3502,#4105,.T.);
#2813=EDGE_CURVE('',#3502,#3499,#4106,.T.);
#2814=EDGE_CURVE('',#3503,#3504,#4107,.T.);
#2815=EDGE_CURVE('',#3503,#3505,#4108,.F.);
#2816=EDGE_CURVE('',#3505,#3506,#4109,.T.);
#2817=EDGE_CURVE('',#3506,#3507,#4110,.T.);
#2818=EDGE_CURVE('',#3507,#3504,#4111,.F.);
#2819=EDGE_CURVE('',#3501,#3503,#4112,.T.);
#2820=EDGE_CURVE('',#3504,#3508,#365,.F.);
#2821=EDGE_CURVE('',#3509,#3508,#4113,.T.);
#2822=EDGE_CURVE('',#3509,#3502,#366,.F.);
#2823=EDGE_CURVE('',#3510,#3510,#367,.T.);
#2824=EDGE_CURVE('',#3511,#3512,#4114,.T.);
#2825=EDGE_CURVE('',#3512,#3507,#368,.T.);
#2826=EDGE_CURVE('',#3506,#3010,#157,.F.);
#2827=EDGE_CURVE('',#3013,#3498,#158,.F.);
#2828=EDGE_CURVE('',#3499,#3511,#369,.T.);
#2829=EDGE_CURVE('',#3508,#3512,#4115,.T.);
#2830=EDGE_CURVE('',#3511,#3509,#4116,.F.);
#2831=EDGE_CURVE('',#3513,#3513,#370,.T.);
#2832=EDGE_CURVE('',#3514,#3515,#4117,.T.);
#2833=EDGE_CURVE('',#3514,#3516,#4118,.F.);
#2834=EDGE_CURVE('',#3516,#3517,#4119,.F.);
#2835=EDGE_CURVE('',#3517,#3518,#4120,.T.);
#2836=EDGE_CURVE('',#3518,#3515,#4121,.T.);
#2837=EDGE_CURVE('',#3519,#3520,#4122,.T.);
#2838=EDGE_CURVE('',#3520,#3521,#4123,.F.);
#2839=EDGE_CURVE('',#3522,#3521,#4124,.T.);
#2840=EDGE_CURVE('',#3522,#3523,#4125,.F.);
#2841=EDGE_CURVE('',#3523,#3519,#4126,.T.);
#2842=EDGE_CURVE('',#3517,#3522,#4127,.T.);
#2843=EDGE_CURVE('',#3521,#3524,#371,.F.);
#2844=EDGE_CURVE('',#3525,#3524,#4128,.T.);
#2845=EDGE_CURVE('',#3525,#3518,#372,.F.);
#2846=EDGE_CURVE('',#3526,#3526,#373,.T.);
#2847=EDGE_CURVE('',#3515,#3527,#374,.T.);
#2848=EDGE_CURVE('',#3527,#3528,#4129,.T.);
#2849=EDGE_CURVE('',#3528,#3520,#375,.T.);
#2850=EDGE_CURVE('',#3519,#3006,#159,.F.);
#2851=EDGE_CURVE('',#3009,#3514,#160,.F.);
#2852=EDGE_CURVE('',#3527,#3525,#4130,.F.);
#2853=EDGE_CURVE('',#3524,#3528,#4131,.T.);
#2854=EDGE_CURVE('',#3529,#3529,#376,.T.);
#2855=EDGE_CURVE('',#3530,#3531,#4132,.T.);
#2856=EDGE_CURVE('',#3531,#3532,#4133,.T.);
#2857=EDGE_CURVE('',#3532,#3533,#4134,.F.);
#2858=EDGE_CURVE('',#3534,#3533,#4135,.T.);
#2859=EDGE_CURVE('',#3534,#3530,#4136,.T.);
#2860=EDGE_CURVE('',#3535,#3536,#4137,.T.);
#2861=EDGE_CURVE('',#3535,#3537,#4138,.F.);
#2862=EDGE_CURVE('',#3537,#3538,#4139,.T.);
#2863=EDGE_CURVE('',#3538,#3539,#4140,.F.);
#2864=EDGE_CURVE('',#3539,#3536,#4141,.F.);
#2865=EDGE_CURVE('',#3533,#3538,#4142,.T.);
#2866=EDGE_CURVE('',#3537,#3540,#377,.F.);
#2867=EDGE_CURVE('',#3541,#3540,#4143,.T.);
#2868=EDGE_CURVE('',#3541,#3534,#378,.F.);
#2869=EDGE_CURVE('',#3542,#3542,#379,.T.);
#2870=EDGE_CURVE('',#3530,#3543,#380,.T.);
#2871=EDGE_CURVE('',#3543,#3544,#4144,.T.);
#2872=EDGE_CURVE('',#3544,#3535,#381,.T.);
#2873=EDGE_CURVE('',#3536,#3239,#161,.F.);
#2874=EDGE_CURVE('',#3242,#3531,#162,.F.);
#2875=EDGE_CURVE('',#3543,#3541,#4145,.F.);
#2876=EDGE_CURVE('',#3540,#3544,#4146,.T.);
#2877=EDGE_CURVE('',#3545,#3545,#382,.T.);
#2878=EDGE_CURVE('',#3546,#3547,#4147,.T.);
#2879=EDGE_CURVE('',#3546,#3548,#4148,.F.);
#2880=EDGE_CURVE('',#3548,#3549,#4149,.T.);
#2881=EDGE_CURVE('',#3549,#3550,#4150,.F.);
#2882=EDGE_CURVE('',#3550,#3547,#4151,.F.);
#2883=EDGE_CURVE('',#3551,#3552,#4152,.T.);
#2884=EDGE_CURVE('',#3551,#3553,#4153,.T.);
#2885=EDGE_CURVE('',#3553,#3554,#4154,.T.);
#2886=EDGE_CURVE('',#3554,#3555,#4155,.T.);
#2887=EDGE_CURVE('',#3555,#3552,#4156,.F.);
#2888=EDGE_CURVE('',#3552,#3549,#4157,.T.);
#2889=EDGE_CURVE('',#3548,#3556,#383,.F.);
#2890=EDGE_CURVE('',#3556,#3557,#4158,.T.);
#2891=EDGE_CURVE('',#3557,#3551,#384,.F.);
#2892=EDGE_CURVE('',#3558,#3558,#385,.T.);
#2893=EDGE_CURVE('',#3553,#3559,#386,.T.);
#2894=EDGE_CURVE('',#3560,#3559,#4159,.T.);
#2895=EDGE_CURVE('',#3560,#3546,#387,.T.);
#2896=EDGE_CURVE('',#3547,#3022,#163,.F.);
#2897=EDGE_CURVE('',#3025,#3554,#164,.F.);
#2898=EDGE_CURVE('',#3559,#3557,#4160,.F.);
#2899=EDGE_CURVE('',#3556,#3560,#4161,.T.);
#2900=EDGE_CURVE('',#3561,#3561,#388,.T.);
#2901=EDGE_CURVE('',#3562,#3563,#4162,.T.);
#2902=EDGE_CURVE('',#3563,#3564,#4163,.F.);
#2903=EDGE_CURVE('',#3564,#3565,#4164,.F.);
#2904=EDGE_CURVE('',#3566,#3565,#4165,.T.);
#2905=EDGE_CURVE('',#3566,#3562,#4166,.F.);
#2906=EDGE_CURVE('',#3567,#3568,#4167,.T.);
#2907=EDGE_CURVE('',#3568,#3569,#4168,.T.);
#2908=EDGE_CURVE('',#3569,#3570,#4169,.F.);
#2909=EDGE_CURVE('',#3571,#3570,#4170,.T.);
#2910=EDGE_CURVE('',#3571,#3567,#4171,.T.);
#2911=EDGE_CURVE('',#3570,#3563,#4172,.T.);
#2912=EDGE_CURVE('',#3562,#3572,#389,.F.);
#2913=EDGE_CURVE('',#3572,#3573,#4173,.T.);
#2914=EDGE_CURVE('',#3573,#3571,#390,.F.);
#2915=EDGE_CURVE('',#3574,#3574,#391,.T.);
#2916=EDGE_CURVE('',#3567,#3575,#392,.T.);
#2917=EDGE_CURVE('',#3576,#3575,#4174,.T.);
#2918=EDGE_CURVE('',#3576,#3566,#393,.T.);
#2919=EDGE_CURVE('',#3565,#3018,#165,.F.);
#2920=EDGE_CURVE('',#3021,#3568,#166,.F.);
#2921=EDGE_CURVE('',#3575,#3573,#4175,.F.);
#2922=EDGE_CURVE('',#3572,#3576,#4176,.T.);
#2923=EDGE_CURVE('',#3577,#3577,#394,.T.);
#2924=EDGE_CURVE('',#3578,#3579,#4177,.T.);
#2925=EDGE_CURVE('',#3578,#3580,#4178,.T.);
#2926=EDGE_CURVE('',#3580,#3581,#4179,.T.);
#2927=EDGE_CURVE('',#3581,#3582,#4180,.T.);
#2928=EDGE_CURVE('',#3582,#3579,#4181,.F.);
#2929=EDGE_CURVE('',#3583,#3584,#4182,.T.);
#2930=EDGE_CURVE('',#3583,#3585,#4183,.F.);
#2931=EDGE_CURVE('',#3585,#3586,#4184,.T.);
#2932=EDGE_CURVE('',#3586,#3587,#4185,.F.);
#2933=EDGE_CURVE('',#3587,#3584,#4186,.F.);
#2934=EDGE_CURVE('',#3579,#3586,#4187,.T.);
#2935=EDGE_CURVE('',#3585,#3588,#395,.F.);
#2936=EDGE_CURVE('',#3589,#3588,#4188,.T.);
#2937=EDGE_CURVE('',#3589,#3578,#396,.F.);
#2938=EDGE_CURVE('',#3590,#3590,#397,.T.);
#2939=EDGE_CURVE('',#3580,#3591,#398,.T.);
#2940=EDGE_CURVE('',#3591,#3592,#4189,.T.);
#2941=EDGE_CURVE('',#3592,#3583,#399,.T.);
#2942=EDGE_CURVE('',#3584,#3235,#167,.F.);
#2943=EDGE_CURVE('',#3238,#3581,#168,.F.);
#2944=EDGE_CURVE('',#3591,#3589,#4190,.F.);
#2945=EDGE_CURVE('',#3588,#3592,#4191,.T.);
#2946=EDGE_CURVE('',#3593,#3593,#400,.T.);
#2947=EDGE_CURVE('',#3594,#3595,#4192,.T.);
#2948=EDGE_CURVE('',#3594,#3596,#4193,.T.);
#2949=EDGE_CURVE('',#3596,#3597,#4194,.T.);
#2950=EDGE_CURVE('',#3597,#3598,#4195,.T.);
#2951=EDGE_CURVE('',#3598,#3595,#4196,.F.);
#2952=EDGE_CURVE('',#3599,#3600,#4197,.T.);
#2953=EDGE_CURVE('',#3599,#3601,#4198,.F.);
#2954=EDGE_CURVE('',#3601,#3602,#4199,.T.);
#2955=EDGE_CURVE('',#3602,#3603,#4200,.F.);
#2956=EDGE_CURVE('',#3603,#3600,#4201,.F.);
#2957=EDGE_CURVE('',#3595,#3602,#4202,.T.);
#2958=EDGE_CURVE('',#3601,#3604,#401,.F.);
#2959=EDGE_CURVE('',#3605,#3604,#4203,.T.);
#2960=EDGE_CURVE('',#3605,#3594,#402,.F.);
#2961=EDGE_CURVE('',#3606,#3606,#403,.T.);
#2962=EDGE_CURVE('',#3596,#3607,#404,.T.);
#2963=EDGE_CURVE('',#3607,#3608,#4204,.T.);
#2964=EDGE_CURVE('',#3608,#3599,#405,.T.);
#2965=EDGE_CURVE('',#3600,#3243,#169,.F.);
#2966=EDGE_CURVE('',#3246,#3597,#170,.F.);
#2967=EDGE_CURVE('',#3607,#3605,#4205,.F.);
#2968=EDGE_CURVE('',#3604,#3608,#4206,.T.);
#2969=EDGE_CURVE('',#3609,#3609,#406,.T.);
#2970=EDGE_CURVE('',#3012,#3500,#171,.T.);
#2971=EDGE_CURVE('',#3505,#3011,#172,.T.);
#2972=EDGE_CURVE('',#3603,#3244,#173,.T.);
#2973=EDGE_CURVE('',#3245,#3598,#174,.T.);
#2974=EDGE_CURVE('',#3008,#3516,#175,.T.);
#2975=EDGE_CURVE('',#3523,#3007,#176,.T.);
#2976=EDGE_CURVE('',#3241,#3532,#177,.T.);
#2977=EDGE_CURVE('',#3539,#3240,#178,.T.);
#2978=EDGE_CURVE('',#3564,#3019,#179,.T.);
#2979=EDGE_CURVE('',#3020,#3569,#180,.T.);
#2980=EDGE_CURVE('',#3550,#3023,#181,.T.);
#2981=EDGE_CURVE('',#3024,#3555,#182,.T.);
#2982=EDGE_CURVE('',#3587,#3236,#183,.T.);
#2983=EDGE_CURVE('',#3237,#3582,#184,.T.);
#2984=EDGE_CURVE('',#3395,#3610,#4207,.T.);
#2985=EDGE_CURVE('',#3231,#3610,#4208,.T.);
#2986=EDGE_CURVE('',#3611,#3612,#4209,.T.);
#2987=EDGE_CURVE('',#3611,#3394,#4210,.F.);
#2988=EDGE_CURVE('',#3393,#3612,#4211,.T.);
#2989=EDGE_CURVE('',#3613,#3226,#4212,.T.);
#2990=EDGE_CURVE('',#3613,#3392,#4213,.F.);
#2991=EDGE_CURVE('',#3232,#3614,#4214,.T.);
#2992=EDGE_CURVE('',#3614,#3000,#4215,.T.);
#2993=EDGE_CURVE('',#3615,#3001,#4216,.T.);
#2994=EDGE_CURVE('',#3615,#3225,#4217,.T.);
#2995=EDGE_CURVE('',#3614,#3615,#4218,.T.);
#2996=EDGE_CURVE('',#3610,#3611,#407,.F.);
#2997=EDGE_CURVE('',#3612,#3613,#408,.F.);
#2998=VERTEX_POINT('',#9153);
#2999=VERTEX_POINT('',#9154);
#3000=VERTEX_POINT('',#9156);
#3001=VERTEX_POINT('',#9158);
#3002=VERTEX_POINT('',#9160);
#3003=VERTEX_POINT('',#9162);
#3004=VERTEX_POINT('',#9164);
#3005=VERTEX_POINT('',#9166);
#3006=VERTEX_POINT('',#9170);
#3007=VERTEX_POINT('',#9171);
#3008=VERTEX_POINT('',#9173);
#3009=VERTEX_POINT('',#9175);
#3010=VERTEX_POINT('',#9178);
#3011=VERTEX_POINT('',#9179);
#3012=VERTEX_POINT('',#9181);
#3013=VERTEX_POINT('',#9183);
#3014=VERTEX_POINT('',#9186);
#3015=VERTEX_POINT('',#9187);
#3016=VERTEX_POINT('',#9189);
#3017=VERTEX_POINT('',#9191);
#3018=VERTEX_POINT('',#9195);
#3019=VERTEX_POINT('',#9196);
#3020=VERTEX_POINT('',#9198);
#3021=VERTEX_POINT('',#9200);
#3022=VERTEX_POINT('',#9203);
#3023=VERTEX_POINT('',#9204);
#3024=VERTEX_POINT('',#9206);
#3025=VERTEX_POINT('',#9208);
#3026=VERTEX_POINT('',#9211);
#3027=VERTEX_POINT('',#9212);
#3028=VERTEX_POINT('',#9214);
#3029=VERTEX_POINT('',#9216);
#3030=VERTEX_POINT('',#9220);
#3031=VERTEX_POINT('',#9222);
#3032=VERTEX_POINT('',#9224);
#3033=VERTEX_POINT('',#9226);
#3034=VERTEX_POINT('',#9227);
#3035=VERTEX_POINT('',#9229);
#3036=VERTEX_POINT('',#9231);
#3037=VERTEX_POINT('',#9234);
#3038=VERTEX_POINT('',#9235);
#3039=VERTEX_POINT('',#9237);
#3040=VERTEX_POINT('',#9239);
#3041=VERTEX_POINT('',#9242);
#3042=VERTEX_POINT('',#9243);
#3043=VERTEX_POINT('',#9245);
#3044=VERTEX_POINT('',#9247);
#3045=VERTEX_POINT('',#9249);
#3046=VERTEX_POINT('',#9251);
#3047=VERTEX_POINT('',#9253);
#3048=VERTEX_POINT('',#9255);
#3049=VERTEX_POINT('',#9258);
#3050=VERTEX_POINT('',#9259);
#3051=VERTEX_POINT('',#9261);
#3052=VERTEX_POINT('',#9263);
#3053=VERTEX_POINT('',#9265);
#3054=VERTEX_POINT('',#9267);
#3055=VERTEX_POINT('',#9269);
#3056=VERTEX_POINT('',#9271);
#3057=VERTEX_POINT('',#9274);
#3058=VERTEX_POINT('',#9275);
#3059=VERTEX_POINT('',#9277);
#3060=VERTEX_POINT('',#9279);
#3061=VERTEX_POINT('',#9281);
#3062=VERTEX_POINT('',#9283);
#3063=VERTEX_POINT('',#9285);
#3064=VERTEX_POINT('',#9287);
#3065=VERTEX_POINT('',#9290);
#3066=VERTEX_POINT('',#9292);
#3067=VERTEX_POINT('',#9293);
#3068=VERTEX_POINT('',#9295);
#3069=VERTEX_POINT('',#9297);
#3070=VERTEX_POINT('',#9300);
#3071=VERTEX_POINT('',#9302);
#3072=VERTEX_POINT('',#9304);
#3073=VERTEX_POINT('',#9306);
#3074=VERTEX_POINT('',#9308);
#3075=VERTEX_POINT('',#9310);
#3076=VERTEX_POINT('',#9312);
#3077=VERTEX_POINT('',#9313);
#3078=VERTEX_POINT('',#9315);
#3079=VERTEX_POINT('',#9317);
#3080=VERTEX_POINT('',#9320);
#3081=VERTEX_POINT('',#9322);
#3082=VERTEX_POINT('',#9324);
#3083=VERTEX_POINT('',#9325);
#3084=VERTEX_POINT('',#9327);
#3085=VERTEX_POINT('',#9329);
#3086=VERTEX_POINT('',#9332);
#3087=VERTEX_POINT('',#9334);
#3088=VERTEX_POINT('',#9336);
#3089=VERTEX_POINT('',#9337);
#3090=VERTEX_POINT('',#9339);
#3091=VERTEX_POINT('',#9341);
#3092=VERTEX_POINT('',#9344);
#3093=VERTEX_POINT('',#9346);
#3094=VERTEX_POINT('',#9347);
#3095=VERTEX_POINT('',#9349);
#3096=VERTEX_POINT('',#9351);
#3097=VERTEX_POINT('',#9354);
#3098=VERTEX_POINT('',#9356);
#3099=VERTEX_POINT('',#9358);
#3100=VERTEX_POINT('',#9360);
#3101=VERTEX_POINT('',#9362);
#3102=VERTEX_POINT('',#9363);
#3103=VERTEX_POINT('',#9365);
#3104=VERTEX_POINT('',#9367);
#3105=VERTEX_POINT('',#9370);
#3106=VERTEX_POINT('',#9372);
#3107=VERTEX_POINT('',#9374);
#3108=VERTEX_POINT('',#9376);
#3109=VERTEX_POINT('',#9378);
#3110=VERTEX_POINT('',#9379);
#3111=VERTEX_POINT('',#9381);
#3112=VERTEX_POINT('',#9383);
#3113=VERTEX_POINT('',#9386);
#3114=VERTEX_POINT('',#9388);
#3115=VERTEX_POINT('',#9390);
#3116=VERTEX_POINT('',#9392);
#3117=VERTEX_POINT('',#9394);
#3118=VERTEX_POINT('',#9395);
#3119=VERTEX_POINT('',#9397);
#3120=VERTEX_POINT('',#9399);
#3121=VERTEX_POINT('',#9402);
#3122=VERTEX_POINT('',#9404);
#3123=VERTEX_POINT('',#9406);
#3124=VERTEX_POINT('',#9408);
#3125=VERTEX_POINT('',#9410);
#3126=VERTEX_POINT('',#9411);
#3127=VERTEX_POINT('',#9413);
#3128=VERTEX_POINT('',#9415);
#3129=VERTEX_POINT('',#9418);
#3130=VERTEX_POINT('',#9419);
#3131=VERTEX_POINT('',#9421);
#3132=VERTEX_POINT('',#9423);
#3133=VERTEX_POINT('',#9426);
#3134=VERTEX_POINT('',#9428);
#3135=VERTEX_POINT('',#9430);
#3136=VERTEX_POINT('',#9433);
#3137=VERTEX_POINT('',#9435);
#3138=VERTEX_POINT('',#9437);
#3139=VERTEX_POINT('',#9439);
#3140=VERTEX_POINT('',#9441);
#3141=VERTEX_POINT('',#9443);
#3142=VERTEX_POINT('',#9445);
#3143=VERTEX_POINT('',#9449);
#3144=VERTEX_POINT('',#9450);
#3145=VERTEX_POINT('',#9452);
#3146=VERTEX_POINT('',#9454);
#3147=VERTEX_POINT('',#9457);
#3148=VERTEX_POINT('',#9458);
#3149=VERTEX_POINT('',#9460);
#3150=VERTEX_POINT('',#9462);
#3151=VERTEX_POINT('',#9465);
#3152=VERTEX_POINT('',#9466);
#3153=VERTEX_POINT('',#9468);
#3154=VERTEX_POINT('',#9470);
#3155=VERTEX_POINT('',#9473);
#3156=VERTEX_POINT('',#9474);
#3157=VERTEX_POINT('',#9476);
#3158=VERTEX_POINT('',#9478);
#3159=VERTEX_POINT('',#9481);
#3160=VERTEX_POINT('',#9483);
#3161=VERTEX_POINT('',#9485);
#3162=VERTEX_POINT('',#9486);
#3163=VERTEX_POINT('',#9488);
#3164=VERTEX_POINT('',#9490);
#3165=VERTEX_POINT('',#9493);
#3166=VERTEX_POINT('',#9495);
#3167=VERTEX_POINT('',#9497);
#3168=VERTEX_POINT('',#9499);
#3169=VERTEX_POINT('',#9501);
#3170=VERTEX_POINT('',#9502);
#3171=VERTEX_POINT('',#9504);
#3172=VERTEX_POINT('',#9506);
#3173=VERTEX_POINT('',#9509);
#3174=VERTEX_POINT('',#9511);
#3175=VERTEX_POINT('',#9513);
#3176=VERTEX_POINT('',#9514);
#3177=VERTEX_POINT('',#9516);
#3178=VERTEX_POINT('',#9518);
#3179=VERTEX_POINT('',#9521);
#3180=VERTEX_POINT('',#9523);
#3181=VERTEX_POINT('',#9525);
#3182=VERTEX_POINT('',#9526);
#3183=VERTEX_POINT('',#9528);
#3184=VERTEX_POINT('',#9530);
#3185=VERTEX_POINT('',#9533);
#3186=VERTEX_POINT('',#9535);
#3187=VERTEX_POINT('',#9537);
#3188=VERTEX_POINT('',#9538);
#3189=VERTEX_POINT('',#9540);
#3190=VERTEX_POINT('',#9542);
#3191=VERTEX_POINT('',#9544);
#3192=VERTEX_POINT('',#9546);
#3193=VERTEX_POINT('',#9548);
#3194=VERTEX_POINT('',#9550);
#3195=VERTEX_POINT('',#9553);
#3196=VERTEX_POINT('',#9554);
#3197=VERTEX_POINT('',#9556);
#3198=VERTEX_POINT('',#9558);
#3199=VERTEX_POINT('',#9560);
#3200=VERTEX_POINT('',#9562);
#3201=VERTEX_POINT('',#9564);
#3202=VERTEX_POINT('',#9566);
#3203=VERTEX_POINT('',#9569);
#3204=VERTEX_POINT('',#9570);
#3205=VERTEX_POINT('',#9572);
#3206=VERTEX_POINT('',#9574);
#3207=VERTEX_POINT('',#9576);
#3208=VERTEX_POINT('',#9578);
#3209=VERTEX_POINT('',#9580);
#3210=VERTEX_POINT('',#9582);
#3211=VERTEX_POINT('',#9585);
#3212=VERTEX_POINT('',#9586);
#3213=VERTEX_POINT('',#9588);
#3214=VERTEX_POINT('',#9590);
#3215=VERTEX_POINT('',#9592);
#3216=VERTEX_POINT('',#9594);
#3217=VERTEX_POINT('',#9596);
#3218=VERTEX_POINT('',#9598);
#3219=VERTEX_POINT('',#9601);
#3220=VERTEX_POINT('',#9603);
#3221=VERTEX_POINT('',#9605);
#3222=VERTEX_POINT('',#9607);
#3223=VERTEX_POINT('',#9611);
#3224=VERTEX_POINT('',#9615);
#3225=VERTEX_POINT('',#9619);
#3226=VERTEX_POINT('',#9621);
#3227=VERTEX_POINT('',#9623);
#3228=VERTEX_POINT('',#9626);
#3229=VERTEX_POINT('',#9628);
#3230=VERTEX_POINT('',#9631);
#3231=VERTEX_POINT('',#9633);
#3232=VERTEX_POINT('',#9635);
#3233=VERTEX_POINT('',#9638);
#3234=VERTEX_POINT('',#9640);
#3235=VERTEX_POINT('',#9644);
#3236=VERTEX_POINT('',#9645);
#3237=VERTEX_POINT('',#9647);
#3238=VERTEX_POINT('',#9649);
#3239=VERTEX_POINT('',#9654);
#3240=VERTEX_POINT('',#9655);
#3241=VERTEX_POINT('',#9657);
#3242=VERTEX_POINT('',#9659);
#3243=VERTEX_POINT('',#9662);
#3244=VERTEX_POINT('',#9663);
#3245=VERTEX_POINT('',#9665);
#3246=VERTEX_POINT('',#9667);
#3247=VERTEX_POINT('',#9671);
#3248=VERTEX_POINT('',#9673);
#3249=VERTEX_POINT('',#9674);
#3250=VERTEX_POINT('',#9676);
#3251=VERTEX_POINT('',#9678);
#3252=VERTEX_POINT('',#9680);
#3253=VERTEX_POINT('',#9682);
#3254=VERTEX_POINT('',#9684);
#3255=VERTEX_POINT('',#9686);
#3256=VERTEX_POINT('',#9690);
#3257=VERTEX_POINT('',#9692);
#3258=VERTEX_POINT('',#9693);
#3259=VERTEX_POINT('',#9695);
#3260=VERTEX_POINT('',#9697);
#3261=VERTEX_POINT('',#9699);
#3262=VERTEX_POINT('',#9701);
#3263=VERTEX_POINT('',#9703);
#3264=VERTEX_POINT('',#9705);
#3265=VERTEX_POINT('',#9709);
#3266=VERTEX_POINT('',#9711);
#3267=VERTEX_POINT('',#9712);
#3268=VERTEX_POINT('',#9714);
#3269=VERTEX_POINT('',#9716);
#3270=VERTEX_POINT('',#9718);
#3271=VERTEX_POINT('',#9720);
#3272=VERTEX_POINT('',#9722);
#3273=VERTEX_POINT('',#9724);
#3274=VERTEX_POINT('',#9728);
#3275=VERTEX_POINT('',#9730);
#3276=VERTEX_POINT('',#9734);
#3277=VERTEX_POINT('',#9736);
#3278=VERTEX_POINT('',#9744);
#3279=VERTEX_POINT('',#9745);
#3280=VERTEX_POINT('',#9747);
#3281=VERTEX_POINT('',#9749);
#3282=VERTEX_POINT('',#9753);
#3283=VERTEX_POINT('',#9755);
#3284=VERTEX_POINT('',#9759);
#3285=VERTEX_POINT('',#9761);
#3286=VERTEX_POINT('',#9768);
#3287=VERTEX_POINT('',#9770);
#3288=VERTEX_POINT('',#9774);
#3289=VERTEX_POINT('',#9778);
#3290=VERTEX_POINT('',#9785);
#3291=VERTEX_POINT('',#9788);
#3292=VERTEX_POINT('',#9790);
#3293=VERTEX_POINT('',#9794);
#3294=VERTEX_POINT('',#9796);
#3295=VERTEX_POINT('',#9804);
#3296=VERTEX_POINT('',#9805);
#3297=VERTEX_POINT('',#9807);
#3298=VERTEX_POINT('',#9809);
#3299=VERTEX_POINT('',#9813);
#3300=VERTEX_POINT('',#9815);
#3301=VERTEX_POINT('',#9819);
#3302=VERTEX_POINT('',#9821);
#3303=VERTEX_POINT('',#9828);
#3304=VERTEX_POINT('',#9830);
#3305=VERTEX_POINT('',#9834);
#3306=VERTEX_POINT('',#9838);
#3307=VERTEX_POINT('',#9845);
#3308=VERTEX_POINT('',#9848);
#3309=VERTEX_POINT('',#9850);
#3310=VERTEX_POINT('',#9854);
#3311=VERTEX_POINT('',#9856);
#3312=VERTEX_POINT('',#9864);
#3313=VERTEX_POINT('',#9865);
#3314=VERTEX_POINT('',#9867);
#3315=VERTEX_POINT('',#9869);
#3316=VERTEX_POINT('',#9873);
#3317=VERTEX_POINT('',#9875);
#3318=VERTEX_POINT('',#9879);
#3319=VERTEX_POINT('',#9881);
#3320=VERTEX_POINT('',#9888);
#3321=VERTEX_POINT('',#9890);
#3322=VERTEX_POINT('',#9894);
#3323=VERTEX_POINT('',#9898);
#3324=VERTEX_POINT('',#9905);
#3325=VERTEX_POINT('',#9908);
#3326=VERTEX_POINT('',#9909);
#3327=VERTEX_POINT('',#9911);
#3328=VERTEX_POINT('',#9913);
#3329=VERTEX_POINT('',#9916);
#3330=VERTEX_POINT('',#9919);
#3331=VERTEX_POINT('',#9921);
#3332=VERTEX_POINT('',#9924);
#3333=VERTEX_POINT('',#9926);
#3334=VERTEX_POINT('',#9929);
#3335=VERTEX_POINT('',#9933);
#3336=VERTEX_POINT('',#9947);
#3337=VERTEX_POINT('',#9949);
#3338=VERTEX_POINT('',#9952);
#3339=VERTEX_POINT('',#9954);
#3340=VERTEX_POINT('',#9957);
#3341=VERTEX_POINT('',#9961);
#3342=VERTEX_POINT('',#9975);
#3343=VERTEX_POINT('',#9977);
#3344=VERTEX_POINT('',#9980);
#3345=VERTEX_POINT('',#9982);
#3346=VERTEX_POINT('',#9985);
#3347=VERTEX_POINT('',#9989);
#3348=VERTEX_POINT('',#10003);
#3349=VERTEX_POINT('',#10006);
#3350=VERTEX_POINT('',#10014);
#3351=VERTEX_POINT('',#10017);
#3352=VERTEX_POINT('',#10020);
#3353=VERTEX_POINT('',#10024);
#3354=VERTEX_POINT('',#10028);
#3355=VERTEX_POINT('',#10035);
#3356=VERTEX_POINT('',#10036);
#3357=VERTEX_POINT('',#10038);
#3358=VERTEX_POINT('',#10040);
#3359=VERTEX_POINT('',#10042);
#3360=VERTEX_POINT('',#10044);
#3361=VERTEX_POINT('',#10046);
#3362=VERTEX_POINT('',#10048);
#3363=VERTEX_POINT('',#10051);
#3364=VERTEX_POINT('',#10054);
#3365=VERTEX_POINT('',#10058);
#3366=VERTEX_POINT('',#10062);
#3367=VERTEX_POINT('',#10074);
#3368=VERTEX_POINT('',#10077);
#3369=VERTEX_POINT('',#10080);
#3370=VERTEX_POINT('',#10083);
#3371=VERTEX_POINT('',#10089);
#3372=VERTEX_POINT('',#10091);
#3373=VERTEX_POINT('',#10094);
#3374=VERTEX_POINT('',#10096);
#3375=VERTEX_POINT('',#10100);
#3376=VERTEX_POINT('',#10104);
#3377=VERTEX_POINT('',#10108);
#3378=VERTEX_POINT('',#10110);
#3379=VERTEX_POINT('',#10114);
#3380=VERTEX_POINT('',#10118);
#3381=VERTEX_POINT('',#10127);
#3382=VERTEX_POINT('',#10131);
#3383=VERTEX_POINT('',#10138);
#3384=VERTEX_POINT('',#10140);
#3385=VERTEX_POINT('',#10144);
#3386=VERTEX_POINT('',#10148);
#3387=VERTEX_POINT('',#10155);
#3388=VERTEX_POINT('',#10157);
#3389=VERTEX_POINT('',#10161);
#3390=VERTEX_POINT('',#10165);
#3391=VERTEX_POINT('',#10169);
#3392=VERTEX_POINT('',#10173);
#3393=VERTEX_POINT('',#10175);
#3394=VERTEX_POINT('',#10177);
#3395=VERTEX_POINT('',#10179);
#3396=VERTEX_POINT('',#10182);
#3397=VERTEX_POINT('',#10186);
#3398=VERTEX_POINT('',#10190);
#3399=VERTEX_POINT('',#10196);
#3400=VERTEX_POINT('',#10197);
#3401=VERTEX_POINT('',#10199);
#3402=VERTEX_POINT('',#10201);
#3403=VERTEX_POINT('',#10203);
#3404=VERTEX_POINT('',#10205);
#3405=VERTEX_POINT('',#10207);
#3406=VERTEX_POINT('',#10209);
#3407=VERTEX_POINT('',#10213);
#3408=VERTEX_POINT('',#10217);
#3409=VERTEX_POINT('',#10221);
#3410=VERTEX_POINT('',#10225);
#3411=VERTEX_POINT('',#10245);
#3412=VERTEX_POINT('',#10247);
#3413=VERTEX_POINT('',#10251);
#3414=VERTEX_POINT('',#10255);
#3415=VERTEX_POINT('',#10262);
#3416=VERTEX_POINT('',#10264);
#3417=VERTEX_POINT('',#10268);
#3418=VERTEX_POINT('',#10272);
#3419=VERTEX_POINT('',#10276);
#3420=VERTEX_POINT('',#10280);
#3421=VERTEX_POINT('',#10284);
#3422=VERTEX_POINT('',#10288);
#3423=VERTEX_POINT('',#10294);
#3424=VERTEX_POINT('',#10295);
#3425=VERTEX_POINT('',#10297);
#3426=VERTEX_POINT('',#10299);
#3427=VERTEX_POINT('',#10301);
#3428=VERTEX_POINT('',#10303);
#3429=VERTEX_POINT('',#10305);
#3430=VERTEX_POINT('',#10307);
#3431=VERTEX_POINT('',#10311);
#3432=VERTEX_POINT('',#10315);
#3433=VERTEX_POINT('',#10319);
#3434=VERTEX_POINT('',#10323);
#3435=VERTEX_POINT('',#10343);
#3436=VERTEX_POINT('',#10345);
#3437=VERTEX_POINT('',#10349);
#3438=VERTEX_POINT('',#10353);
#3439=VERTEX_POINT('',#10360);
#3440=VERTEX_POINT('',#10362);
#3441=VERTEX_POINT('',#10366);
#3442=VERTEX_POINT('',#10370);
#3443=VERTEX_POINT('',#10374);
#3444=VERTEX_POINT('',#10378);
#3445=VERTEX_POINT('',#10382);
#3446=VERTEX_POINT('',#10386);
#3447=VERTEX_POINT('',#10392);
#3448=VERTEX_POINT('',#10393);
#3449=VERTEX_POINT('',#10395);
#3450=VERTEX_POINT('',#10397);
#3451=VERTEX_POINT('',#10399);
#3452=VERTEX_POINT('',#10401);
#3453=VERTEX_POINT('',#10403);
#3454=VERTEX_POINT('',#10405);
#3455=VERTEX_POINT('',#10409);
#3456=VERTEX_POINT('',#10413);
#3457=VERTEX_POINT('',#10417);
#3458=VERTEX_POINT('',#10421);
#3459=VERTEX_POINT('',#10441);
#3460=VERTEX_POINT('',#10443);
#3461=VERTEX_POINT('',#10447);
#3462=VERTEX_POINT('',#10451);
#3463=VERTEX_POINT('',#10458);
#3464=VERTEX_POINT('',#10460);
#3465=VERTEX_POINT('',#10464);
#3466=VERTEX_POINT('',#10468);
#3467=VERTEX_POINT('',#10472);
#3468=VERTEX_POINT('',#10476);
#3469=VERTEX_POINT('',#10480);
#3470=VERTEX_POINT('',#10484);
#3471=VERTEX_POINT('',#10490);
#3472=VERTEX_POINT('',#10491);
#3473=VERTEX_POINT('',#10493);
#3474=VERTEX_POINT('',#10495);
#3475=VERTEX_POINT('',#10497);
#3476=VERTEX_POINT('',#10499);
#3477=VERTEX_POINT('',#10501);
#3478=VERTEX_POINT('',#10503);
#3479=VERTEX_POINT('',#10507);
#3480=VERTEX_POINT('',#10511);
#3481=VERTEX_POINT('',#10515);
#3482=VERTEX_POINT('',#10519);
#3483=VERTEX_POINT('',#10571);
#3484=VERTEX_POINT('',#10573);
#3485=VERTEX_POINT('',#10576);
#3486=VERTEX_POINT('',#10578);
#3487=VERTEX_POINT('',#10581);
#3488=VERTEX_POINT('',#10587);
#3489=VERTEX_POINT('',#10589);
#3490=VERTEX_POINT('',#10592);
#3491=VERTEX_POINT('',#10594);
#3492=VERTEX_POINT('',#10597);
#3493=VERTEX_POINT('',#10603);
#3494=VERTEX_POINT('',#10605);
#3495=VERTEX_POINT('',#10608);
#3496=VERTEX_POINT('',#10610);
#3497=VERTEX_POINT('',#10613);
#3498=VERTEX_POINT('',#10619);
#3499=VERTEX_POINT('',#10620);
#3500=VERTEX_POINT('',#10622);
#3501=VERTEX_POINT('',#10624);
#3502=VERTEX_POINT('',#10626);
#3503=VERTEX_POINT('',#10630);
#3504=VERTEX_POINT('',#10631);
#3505=VERTEX_POINT('',#10633);
#3506=VERTEX_POINT('',#10635);
#3507=VERTEX_POINT('',#10637);
#3508=VERTEX_POINT('',#10642);
#3509=VERTEX_POINT('',#10644);
#3510=VERTEX_POINT('',#10648);
#3511=VERTEX_POINT('',#10650);
#3512=VERTEX_POINT('',#10651);
#3513=VERTEX_POINT('',#10661);
#3514=VERTEX_POINT('',#10665);
#3515=VERTEX_POINT('',#10666);
#3516=VERTEX_POINT('',#10668);
#3517=VERTEX_POINT('',#10670);
#3518=VERTEX_POINT('',#10672);
#3519=VERTEX_POINT('',#10676);
#3520=VERTEX_POINT('',#10677);
#3521=VERTEX_POINT('',#10679);
#3522=VERTEX_POINT('',#10681);
#3523=VERTEX_POINT('',#10683);
#3524=VERTEX_POINT('',#10688);
#3525=VERTEX_POINT('',#10690);
#3526=VERTEX_POINT('',#10694);
#3527=VERTEX_POINT('',#10696);
#3528=VERTEX_POINT('',#10698);
#3529=VERTEX_POINT('',#10707);
#3530=VERTEX_POINT('',#10711);
#3531=VERTEX_POINT('',#10712);
#3532=VERTEX_POINT('',#10714);
#3533=VERTEX_POINT('',#10716);
#3534=VERTEX_POINT('',#10718);
#3535=VERTEX_POINT('',#10722);
#3536=VERTEX_POINT('',#10723);
#3537=VERTEX_POINT('',#10725);
#3538=VERTEX_POINT('',#10727);
#3539=VERTEX_POINT('',#10729);
#3540=VERTEX_POINT('',#10734);
#3541=VERTEX_POINT('',#10736);
#3542=VERTEX_POINT('',#10740);
#3543=VERTEX_POINT('',#10742);
#3544=VERTEX_POINT('',#10744);
#3545=VERTEX_POINT('',#10753);
#3546=VERTEX_POINT('',#10757);
#3547=VERTEX_POINT('',#10758);
#3548=VERTEX_POINT('',#10760);
#3549=VERTEX_POINT('',#10762);
#3550=VERTEX_POINT('',#10764);
#3551=VERTEX_POINT('',#10768);
#3552=VERTEX_POINT('',#10769);
#3553=VERTEX_POINT('',#10771);
#3554=VERTEX_POINT('',#10773);
#3555=VERTEX_POINT('',#10775);
#3556=VERTEX_POINT('',#10780);
#3557=VERTEX_POINT('',#10782);
#3558=VERTEX_POINT('',#10786);
#3559=VERTEX_POINT('',#10788);
#3560=VERTEX_POINT('',#10790);
#3561=VERTEX_POINT('',#10799);
#3562=VERTEX_POINT('',#10803);
#3563=VERTEX_POINT('',#10804);
#3564=VERTEX_POINT('',#10806);
#3565=VERTEX_POINT('',#10808);
#3566=VERTEX_POINT('',#10810);
#3567=VERTEX_POINT('',#10814);
#3568=VERTEX_POINT('',#10815);
#3569=VERTEX_POINT('',#10817);
#3570=VERTEX_POINT('',#10819);
#3571=VERTEX_POINT('',#10821);
#3572=VERTEX_POINT('',#10826);
#3573=VERTEX_POINT('',#10828);
#3574=VERTEX_POINT('',#10832);
#3575=VERTEX_POINT('',#10834);
#3576=VERTEX_POINT('',#10836);
#3577=VERTEX_POINT('',#10845);
#3578=VERTEX_POINT('',#10849);
#3579=VERTEX_POINT('',#10850);
#3580=VERTEX_POINT('',#10852);
#3581=VERTEX_POINT('',#10854);
#3582=VERTEX_POINT('',#10856);
#3583=VERTEX_POINT('',#10860);
#3584=VERTEX_POINT('',#10861);
#3585=VERTEX_POINT('',#10863);
#3586=VERTEX_POINT('',#10865);
#3587=VERTEX_POINT('',#10867);
#3588=VERTEX_POINT('',#10872);
#3589=VERTEX_POINT('',#10874);
#3590=VERTEX_POINT('',#10878);
#3591=VERTEX_POINT('',#10880);
#3592=VERTEX_POINT('',#10882);
#3593=VERTEX_POINT('',#10891);
#3594=VERTEX_POINT('',#10895);
#3595=VERTEX_POINT('',#10896);
#3596=VERTEX_POINT('',#10898);
#3597=VERTEX_POINT('',#10900);
#3598=VERTEX_POINT('',#10902);
#3599=VERTEX_POINT('',#10906);
#3600=VERTEX_POINT('',#10907);
#3601=VERTEX_POINT('',#10909);
#3602=VERTEX_POINT('',#10911);
#3603=VERTEX_POINT('',#10913);
#3604=VERTEX_POINT('',#10918);
#3605=VERTEX_POINT('',#10920);
#3606=VERTEX_POINT('',#10924);
#3607=VERTEX_POINT('',#10926);
#3608=VERTEX_POINT('',#10928);
#3609=VERTEX_POINT('',#10937);
#3610=VERTEX_POINT('',#10990);
#3611=VERTEX_POINT('',#10994);
#3612=VERTEX_POINT('',#10995);
#3613=VERTEX_POINT('',#11000);
#3614=VERTEX_POINT('',#11004);
#3615=VERTEX_POINT('',#11008);
#3616=LINE('',#9152,#4219);
#3617=LINE('',#9155,#4220);
#3618=LINE('',#9157,#4221);
#3619=LINE('',#9159,#4222);
#3620=LINE('',#9161,#4223);
#3621=LINE('',#9163,#4224);
#3622=LINE('',#9165,#4225);
#3623=LINE('',#9167,#4226);
#3624=LINE('',#9169,#4227);
#3625=LINE('',#9172,#4228);
#3626=LINE('',#9174,#4229);
#3627=LINE('',#9176,#4230);
#3628=LINE('',#9177,#4231);
#3629=LINE('',#9180,#4232);
#3630=LINE('',#9182,#4233);
#3631=LINE('',#9184,#4234);
#3632=LINE('',#9185,#4235);
#3633=LINE('',#9188,#4236);
#3634=LINE('',#9190,#4237);
#3635=LINE('',#9192,#4238);
#3636=LINE('',#9194,#4239);
#3637=LINE('',#9197,#4240);
#3638=LINE('',#9199,#4241);
#3639=LINE('',#9201,#4242);
#3640=LINE('',#9202,#4243);
#3641=LINE('',#9205,#4244);
#3642=LINE('',#9207,#4245);
#3643=LINE('',#9209,#4246);
#3644=LINE('',#9210,#4247);
#3645=LINE('',#9213,#4248);
#3646=LINE('',#9215,#4249);
#3647=LINE('',#9217,#4250);
#3648=LINE('',#9225,#4251);
#3649=LINE('',#9228,#4252);
#3650=LINE('',#9230,#4253);
#3651=LINE('',#9232,#4254);
#3652=LINE('',#9233,#4255);
#3653=LINE('',#9236,#4256);
#3654=LINE('',#9238,#4257);
#3655=LINE('',#9240,#4258);
#3656=LINE('',#9241,#4259);
#3657=LINE('',#9244,#4260);
#3658=LINE('',#9246,#4261);
#3659=LINE('',#9248,#4262);
#3660=LINE('',#9250,#4263);
#3661=LINE('',#9252,#4264);
#3662=LINE('',#9254,#4265);
#3663=LINE('',#9256,#4266);
#3664=LINE('',#9257,#4267);
#3665=LINE('',#9260,#4268);
#3666=LINE('',#9262,#4269);
#3667=LINE('',#9264,#4270);
#3668=LINE('',#9266,#4271);
#3669=LINE('',#9268,#4272);
#3670=LINE('',#9270,#4273);
#3671=LINE('',#9272,#4274);
#3672=LINE('',#9273,#4275);
#3673=LINE('',#9276,#4276);
#3674=LINE('',#9278,#4277);
#3675=LINE('',#9280,#4278);
#3676=LINE('',#9282,#4279);
#3677=LINE('',#9284,#4280);
#3678=LINE('',#9286,#4281);
#3679=LINE('',#9288,#4282);
#3680=LINE('',#9291,#4283);
#3681=LINE('',#9294,#4284);
#3682=LINE('',#9296,#4285);
#3683=LINE('',#9298,#4286);
#3684=LINE('',#9311,#4287);
#3685=LINE('',#9314,#4288);
#3686=LINE('',#9316,#4289);
#3687=LINE('',#9318,#4290);
#3688=LINE('',#9323,#4291);
#3689=LINE('',#9326,#4292);
#3690=LINE('',#9328,#4293);
#3691=LINE('',#9330,#4294);
#3692=LINE('',#9335,#4295);
#3693=LINE('',#9338,#4296);
#3694=LINE('',#9340,#4297);
#3695=LINE('',#9342,#4298);
#3696=LINE('',#9345,#4299);
#3697=LINE('',#9348,#4300);
#3698=LINE('',#9350,#4301);
#3699=LINE('',#9352,#4302);
#3700=LINE('',#9361,#4303);
#3701=LINE('',#9364,#4304);
#3702=LINE('',#9366,#4305);
#3703=LINE('',#9368,#4306);
#3704=LINE('',#9377,#4307);
#3705=LINE('',#9380,#4308);
#3706=LINE('',#9382,#4309);
#3707=LINE('',#9384,#4310);
#3708=LINE('',#9393,#4311);
#3709=LINE('',#9396,#4312);
#3710=LINE('',#9398,#4313);
#3711=LINE('',#9400,#4314);
#3712=LINE('',#9409,#4315);
#3713=LINE('',#9412,#4316);
#3714=LINE('',#9414,#4317);
#3715=LINE('',#9416,#4318);
#3716=LINE('',#9417,#4319);
#3717=LINE('',#9420,#4320);
#3718=LINE('',#9422,#4321);
#3719=LINE('',#9424,#4322);
#3720=LINE('',#9425,#4323);
#3721=LINE('',#9429,#4324);
#3722=LINE('',#9432,#4325);
#3723=LINE('',#9434,#4326);
#3724=LINE('',#9436,#4327);
#3725=LINE('',#9438,#4328);
#3726=LINE('',#9440,#4329);
#3727=LINE('',#9442,#4330);
#3728=LINE('',#9444,#4331);
#3729=LINE('',#9446,#4332);
#3730=LINE('',#9448,#4333);
#3731=LINE('',#9451,#4334);
#3732=LINE('',#9453,#4335);
#3733=LINE('',#9455,#4336);
#3734=LINE('',#9456,#4337);
#3735=LINE('',#9459,#4338);
#3736=LINE('',#9461,#4339);
#3737=LINE('',#9463,#4340);
#3738=LINE('',#9464,#4341);
#3739=LINE('',#9467,#4342);
#3740=LINE('',#9469,#4343);
#3741=LINE('',#9471,#4344);
#3742=LINE('',#9472,#4345);
#3743=LINE('',#9475,#4346);
#3744=LINE('',#9477,#4347);
#3745=LINE('',#9479,#4348);
#3746=LINE('',#9484,#4349);
#3747=LINE('',#9487,#4350);
#3748=LINE('',#9489,#4351);
#3749=LINE('',#9491,#4352);
#3750=LINE('',#9500,#4353);
#3751=LINE('',#9503,#4354);
#3752=LINE('',#9505,#4355);
#3753=LINE('',#9507,#4356);
#3754=LINE('',#9512,#4357);
#3755=LINE('',#9515,#4358);
#3756=LINE('',#9517,#4359);
#3757=LINE('',#9519,#4360);
#3758=LINE('',#9524,#4361);
#3759=LINE('',#9527,#4362);
#3760=LINE('',#9529,#4363);
#3761=LINE('',#9531,#4364);
#3762=LINE('',#9539,#4365);
#3763=LINE('',#9543,#4366);
#3764=LINE('',#9547,#4367);
#3765=LINE('',#9551,#4368);
#3766=LINE('',#9555,#4369);
#3767=LINE('',#9559,#4370);
#3768=LINE('',#9563,#4371);
#3769=LINE('',#9567,#4372);
#3770=LINE('',#9571,#4373);
#3771=LINE('',#9575,#4374);
#3772=LINE('',#9579,#4375);
#3773=LINE('',#9583,#4376);
#3774=LINE('',#9587,#4377);
#3775=LINE('',#9591,#4378);
#3776=LINE('',#9595,#4379);
#3777=LINE('',#9599,#4380);
#3778=LINE('',#9600,#4381);
#3779=LINE('',#9602,#4382);
#3780=LINE('',#9606,#4383);
#3781=LINE('',#9610,#4384);
#3782=LINE('',#9612,#4385);
#3783=LINE('',#9614,#4386);
#3784=LINE('',#9616,#4387);
#3785=LINE('',#9618,#4388);
#3786=LINE('',#9620,#4389);
#3787=LINE('',#9622,#4390);
#3788=LINE('',#9624,#4391);
#3789=LINE('',#9627,#4392);
#3790=LINE('',#9630,#4393);
#3791=LINE('',#9632,#4394);
#3792=LINE('',#9634,#4395);
#3793=LINE('',#9636,#4396);
#3794=LINE('',#9639,#4397);
#3795=LINE('',#9643,#4398);
#3796=LINE('',#9646,#4399);
#3797=LINE('',#9648,#4400);
#3798=LINE('',#9650,#4401);
#3799=LINE('',#9651,#4402);
#3800=LINE('',#9652,#4403);
#3801=LINE('',#9653,#4404);
#3802=LINE('',#9656,#4405);
#3803=LINE('',#9658,#4406);
#3804=LINE('',#9660,#4407);
#3805=LINE('',#9661,#4408);
#3806=LINE('',#9664,#4409);
#3807=LINE('',#9666,#4410);
#3808=LINE('',#9668,#4411);
#3809=LINE('',#9672,#4412);
#3810=LINE('',#9675,#4413);
#3811=LINE('',#9677,#4414);
#3812=LINE('',#9679,#4415);
#3813=LINE('',#9681,#4416);
#3814=LINE('',#9683,#4417);
#3815=LINE('',#9685,#4418);
#3816=LINE('',#9687,#4419);
#3817=LINE('',#9691,#4420);
#3818=LINE('',#9694,#4421);
#3819=LINE('',#9696,#4422);
#3820=LINE('',#9698,#4423);
#3821=LINE('',#9700,#4424);
#3822=LINE('',#9702,#4425);
#3823=LINE('',#9704,#4426);
#3824=LINE('',#9706,#4427);
#3825=LINE('',#9710,#4428);
#3826=LINE('',#9713,#4429);
#3827=LINE('',#9715,#4430);
#3828=LINE('',#9717,#4431);
#3829=LINE('',#9719,#4432);
#3830=LINE('',#9721,#4433);
#3831=LINE('',#9723,#4434);
#3832=LINE('',#9725,#4435);
#3833=LINE('',#9727,#4436);
#3834=LINE('',#9729,#4437);
#3835=LINE('',#9731,#4438);
#3836=LINE('',#9733,#4439);
#3837=LINE('',#9735,#4440);
#3838=LINE('',#9737,#4441);
#3839=LINE('',#9739,#4442);
#3840=LINE('',#9741,#4443);
#3841=LINE('',#9743,#4444);
#3842=LINE('',#9746,#4445);
#3843=LINE('',#9748,#4446);
#3844=LINE('',#9750,#4447);
#3845=LINE('',#9752,#4448);
#3846=LINE('',#9754,#4449);
#3847=LINE('',#9756,#4450);
#3848=LINE('',#9758,#4451);
#3849=LINE('',#9760,#4452);
#3850=LINE('',#9762,#4453);
#3851=LINE('',#9764,#4454);
#3852=LINE('',#9765,#4455);
#3853=LINE('',#9767,#4456);
#3854=LINE('',#9769,#4457);
#3855=LINE('',#9771,#4458);
#3856=LINE('',#9773,#4459);
#3857=LINE('',#9775,#4460);
#3858=LINE('',#9777,#4461);
#3859=LINE('',#9779,#4462);
#3860=LINE('',#9781,#4463);
#3861=LINE('',#9787,#4464);
#3862=LINE('',#9789,#4465);
#3863=LINE('',#9791,#4466);
#3864=LINE('',#9793,#4467);
#3865=LINE('',#9795,#4468);
#3866=LINE('',#9797,#4469);
#3867=LINE('',#9799,#4470);
#3868=LINE('',#9801,#4471);
#3869=LINE('',#9803,#4472);
#3870=LINE('',#9806,#4473);
#3871=LINE('',#9808,#4474);
#3872=LINE('',#9810,#4475);
#3873=LINE('',#9812,#4476);
#3874=LINE('',#9814,#4477);
#3875=LINE('',#9816,#4478);
#3876=LINE('',#9818,#4479);
#3877=LINE('',#9820,#4480);
#3878=LINE('',#9822,#4481);
#3879=LINE('',#9824,#4482);
#3880=LINE('',#9825,#4483);
#3881=LINE('',#9827,#4484);
#3882=LINE('',#9829,#4485);
#3883=LINE('',#9831,#4486);
#3884=LINE('',#9833,#4487);
#3885=LINE('',#9835,#4488);
#3886=LINE('',#9837,#4489);
#3887=LINE('',#9839,#4490);
#3888=LINE('',#9841,#4491);
#3889=LINE('',#9847,#4492);
#3890=LINE('',#9849,#4493);
#3891=LINE('',#9851,#4494);
#3892=LINE('',#9853,#4495);
#3893=LINE('',#9855,#4496);
#3894=LINE('',#9857,#4497);
#3895=LINE('',#9859,#4498);
#3896=LINE('',#9861,#4499);
#3897=LINE('',#9863,#4500);
#3898=LINE('',#9866,#4501);
#3899=LINE('',#9868,#4502);
#3900=LINE('',#9870,#4503);
#3901=LINE('',#9872,#4504);
#3902=LINE('',#9874,#4505);
#3903=LINE('',#9876,#4506);
#3904=LINE('',#9878,#4507);
#3905=LINE('',#9880,#4508);
#3906=LINE('',#9882,#4509);
#3907=LINE('',#9884,#4510);
#3908=LINE('',#9885,#4511);
#3909=LINE('',#9887,#4512);
#3910=LINE('',#9889,#4513);
#3911=LINE('',#9891,#4514);
#3912=LINE('',#9893,#4515);
#3913=LINE('',#9895,#4516);
#3914=LINE('',#9897,#4517);
#3915=LINE('',#9899,#4518);
#3916=LINE('',#9901,#4519);
#3917=LINE('',#9907,#4520);
#3918=LINE('',#9910,#4521);
#3919=LINE('',#9912,#4522);
#3920=LINE('',#9914,#4523);
#3921=LINE('',#9937,#4524);
#3922=LINE('',#9938,#4525);
#3923=LINE('',#9940,#4526);
#3924=LINE('',#9942,#4527);
#3925=LINE('',#9965,#4528);
#3926=LINE('',#9966,#4529);
#3927=LINE('',#9968,#4530);
#3928=LINE('',#9970,#4531);
#3929=LINE('',#9993,#4532);
#3930=LINE('',#9994,#4533);
#3931=LINE('',#9996,#4534);
#3932=LINE('',#9998,#4535);
#3933=LINE('',#10008,#4536);
#3934=LINE('',#10009,#4537);
#3935=LINE('',#10034,#4538);
#3936=LINE('',#10037,#4539);
#3937=LINE('',#10039,#4540);
#3938=LINE('',#10041,#4541);
#3939=LINE('',#10043,#4542);
#3940=LINE('',#10045,#4543);
#3941=LINE('',#10047,#4544);
#3942=LINE('',#10049,#4545);
#3943=LINE('',#10065,#4546);
#3944=LINE('',#10066,#4547);
#3945=LINE('',#10068,#4548);
#3946=LINE('',#10070,#4549);
#3947=LINE('',#10088,#4550);
#3948=LINE('',#10090,#4551);
#3949=LINE('',#10092,#4552);
#3950=LINE('',#10093,#4553);
#3951=LINE('',#10095,#4554);
#3952=LINE('',#10097,#4555);
#3953=LINE('',#10099,#4556);
#3954=LINE('',#10101,#4557);
#3955=LINE('',#10103,#4558);
#3956=LINE('',#10105,#4559);
#3957=LINE('',#10107,#4560);
#3958=LINE('',#10109,#4561);
#3959=LINE('',#10111,#4562);
#3960=LINE('',#10113,#4563);
#3961=LINE('',#10115,#4564);
#3962=LINE('',#10117,#4565);
#3963=LINE('',#10119,#4566);
#3964=LINE('',#10121,#4567);
#3965=LINE('',#10123,#4568);
#3966=LINE('',#10126,#4569);
#3967=LINE('',#10128,#4570);
#3968=LINE('',#10130,#4571);
#3969=LINE('',#10132,#4572);
#3970=LINE('',#10134,#4573);
#3971=LINE('',#10137,#4574);
#3972=LINE('',#10139,#4575);
#3973=LINE('',#10141,#4576);
#3974=LINE('',#10143,#4577);
#3975=LINE('',#10145,#4578);
#3976=LINE('',#10147,#4579);
#3977=LINE('',#10149,#4580);
#3978=LINE('',#10151,#4581);
#3979=LINE('',#10154,#4582);
#3980=LINE('',#10156,#4583);
#3981=LINE('',#10158,#4584);
#3982=LINE('',#10160,#4585);
#3983=LINE('',#10162,#4586);
#3984=LINE('',#10164,#4587);
#3985=LINE('',#10166,#4588);
#3986=LINE('',#10168,#4589);
#3987=LINE('',#10170,#4590);
#3988=LINE('',#10172,#4591);
#3989=LINE('',#10176,#4592);
#3990=LINE('',#10180,#4593);
#3991=LINE('',#10181,#4594);
#3992=LINE('',#10183,#4595);
#3993=LINE('',#10185,#4596);
#3994=LINE('',#10187,#4597);
#3995=LINE('',#10189,#4598);
#3996=LINE('',#10191,#4599);
#3997=LINE('',#10193,#4600);
#3998=LINE('',#10195,#4601);
#3999=LINE('',#10200,#4602);
#4000=LINE('',#10204,#4603);
#4001=LINE('',#10208,#4604);
#4002=LINE('',#10244,#4605);
#4003=LINE('',#10246,#4606);
#4004=LINE('',#10248,#4607);
#4005=LINE('',#10250,#4608);
#4006=LINE('',#10252,#4609);
#4007=LINE('',#10254,#4610);
#4008=LINE('',#10256,#4611);
#4009=LINE('',#10258,#4612);
#4010=LINE('',#10261,#4613);
#4011=LINE('',#10263,#4614);
#4012=LINE('',#10265,#4615);
#4013=LINE('',#10267,#4616);
#4014=LINE('',#10269,#4617);
#4015=LINE('',#10271,#4618);
#4016=LINE('',#10273,#4619);
#4017=LINE('',#10275,#4620);
#4018=LINE('',#10277,#4621);
#4019=LINE('',#10279,#4622);
#4020=LINE('',#10281,#4623);
#4021=LINE('',#10283,#4624);
#4022=LINE('',#10285,#4625);
#4023=LINE('',#10287,#4626);
#4024=LINE('',#10289,#4627);
#4025=LINE('',#10291,#4628);
#4026=LINE('',#10293,#4629);
#4027=LINE('',#10298,#4630);
#4028=LINE('',#10302,#4631);
#4029=LINE('',#10306,#4632);
#4030=LINE('',#10342,#4633);
#4031=LINE('',#10344,#4634);
#4032=LINE('',#10346,#4635);
#4033=LINE('',#10348,#4636);
#4034=LINE('',#10350,#4637);
#4035=LINE('',#10352,#4638);
#4036=LINE('',#10354,#4639);
#4037=LINE('',#10356,#4640);
#4038=LINE('',#10359,#4641);
#4039=LINE('',#10361,#4642);
#4040=LINE('',#10363,#4643);
#4041=LINE('',#10365,#4644);
#4042=LINE('',#10367,#4645);
#4043=LINE('',#10369,#4646);
#4044=LINE('',#10371,#4647);
#4045=LINE('',#10373,#4648);
#4046=LINE('',#10375,#4649);
#4047=LINE('',#10377,#4650);
#4048=LINE('',#10379,#4651);
#4049=LINE('',#10381,#4652);
#4050=LINE('',#10383,#4653);
#4051=LINE('',#10385,#4654);
#4052=LINE('',#10387,#4655);
#4053=LINE('',#10389,#4656);
#4054=LINE('',#10391,#4657);
#4055=LINE('',#10396,#4658);
#4056=LINE('',#10400,#4659);
#4057=LINE('',#10404,#4660);
#4058=LINE('',#10440,#4661);
#4059=LINE('',#10442,#4662);
#4060=LINE('',#10444,#4663);
#4061=LINE('',#10446,#4664);
#4062=LINE('',#10448,#4665);
#4063=LINE('',#10450,#4666);
#4064=LINE('',#10452,#4667);
#4065=LINE('',#10454,#4668);
#4066=LINE('',#10457,#4669);
#4067=LINE('',#10459,#4670);
#4068=LINE('',#10461,#4671);
#4069=LINE('',#10463,#4672);
#4070=LINE('',#10465,#4673);
#4071=LINE('',#10467,#4674);
#4072=LINE('',#10469,#4675);
#4073=LINE('',#10471,#4676);
#4074=LINE('',#10473,#4677);
#4075=LINE('',#10475,#4678);
#4076=LINE('',#10477,#4679);
#4077=LINE('',#10479,#4680);
#4078=LINE('',#10481,#4681);
#4079=LINE('',#10483,#4682);
#4080=LINE('',#10485,#4683);
#4081=LINE('',#10487,#4684);
#4082=LINE('',#10489,#4685);
#4083=LINE('',#10494,#4686);
#4084=LINE('',#10498,#4687);
#4085=LINE('',#10502,#4688);
#4086=LINE('',#10538,#4689);
#4087=LINE('',#10539,#4690);
#4088=LINE('',#10541,#4691);
#4089=LINE('',#10543,#4692);
#4090=LINE('',#10546,#4693);
#4091=LINE('',#10547,#4694);
#4092=LINE('',#10549,#4695);
#4093=LINE('',#10551,#4696);
#4094=LINE('',#10554,#4697);
#4095=LINE('',#10555,#4698);
#4096=LINE('',#10557,#4699);
#4097=LINE('',#10559,#4700);
#4098=LINE('',#10562,#4701);
#4099=LINE('',#10563,#4702);
#4100=LINE('',#10565,#4703);
#4101=LINE('',#10567,#4704);
#4102=LINE('',#10618,#4705);
#4103=LINE('',#10621,#4706);
#4104=LINE('',#10623,#4707);
#4105=LINE('',#10625,#4708);
#4106=LINE('',#10627,#4709);
#4107=LINE('',#10629,#4710);
#4108=LINE('',#10632,#4711);
#4109=LINE('',#10634,#4712);
#4110=LINE('',#10636,#4713);
#4111=LINE('',#10638,#4714);
#4112=LINE('',#10640,#4715);
#4113=LINE('',#10643,#4716);
#4114=LINE('',#10649,#4717);
#4115=LINE('',#10657,#4718);
#4116=LINE('',#10658,#4719);
#4117=LINE('',#10664,#4720);
#4118=LINE('',#10667,#4721);
#4119=LINE('',#10669,#4722);
#4120=LINE('',#10671,#4723);
#4121=LINE('',#10673,#4724);
#4122=LINE('',#10675,#4725);
#4123=LINE('',#10678,#4726);
#4124=LINE('',#10680,#4727);
#4125=LINE('',#10682,#4728);
#4126=LINE('',#10684,#4729);
#4127=LINE('',#10686,#4730);
#4128=LINE('',#10689,#4731);
#4129=LINE('',#10697,#4732);
#4130=LINE('',#10703,#4733);
#4131=LINE('',#10704,#4734);
#4132=LINE('',#10710,#4735);
#4133=LINE('',#10713,#4736);
#4134=LINE('',#10715,#4737);
#4135=LINE('',#10717,#4738);
#4136=LINE('',#10719,#4739);
#4137=LINE('',#10721,#4740);
#4138=LINE('',#10724,#4741);
#4139=LINE('',#10726,#4742);
#4140=LINE('',#10728,#4743);
#4141=LINE('',#10730,#4744);
#4142=LINE('',#10732,#4745);
#4143=LINE('',#10735,#4746);
#4144=LINE('',#10743,#4747);
#4145=LINE('',#10749,#4748);
#4146=LINE('',#10750,#4749);
#4147=LINE('',#10756,#4750);
#4148=LINE('',#10759,#4751);
#4149=LINE('',#10761,#4752);
#4150=LINE('',#10763,#4753);
#4151=LINE('',#10765,#4754);
#4152=LINE('',#10767,#4755);
#4153=LINE('',#10770,#4756);
#4154=LINE('',#10772,#4757);
#4155=LINE('',#10774,#4758);
#4156=LINE('',#10776,#4759);
#4157=LINE('',#10778,#4760);
#4158=LINE('',#10781,#4761);
#4159=LINE('',#10789,#4762);
#4160=LINE('',#10795,#4763);
#4161=LINE('',#10796,#4764);
#4162=LINE('',#10802,#4765);
#4163=LINE('',#10805,#4766);
#4164=LINE('',#10807,#4767);
#4165=LINE('',#10809,#4768);
#4166=LINE('',#10811,#4769);
#4167=LINE('',#10813,#4770);
#4168=LINE('',#10816,#4771);
#4169=LINE('',#10818,#4772);
#4170=LINE('',#10820,#4773);
#4171=LINE('',#10822,#4774);
#4172=LINE('',#10824,#4775);
#4173=LINE('',#10827,#4776);
#4174=LINE('',#10835,#4777);
#4175=LINE('',#10841,#4778);
#4176=LINE('',#10842,#4779);
#4177=LINE('',#10848,#4780);
#4178=LINE('',#10851,#4781);
#4179=LINE('',#10853,#4782);
#4180=LINE('',#10855,#4783);
#4181=LINE('',#10857,#4784);
#4182=LINE('',#10859,#4785);
#4183=LINE('',#10862,#4786);
#4184=LINE('',#10864,#4787);
#4185=LINE('',#10866,#4788);
#4186=LINE('',#10868,#4789);
#4187=LINE('',#10870,#4790);
#4188=LINE('',#10873,#4791);
#4189=LINE('',#10881,#4792);
#4190=LINE('',#10887,#4793);
#4191=LINE('',#10888,#4794);
#4192=LINE('',#10894,#4795);
#4193=LINE('',#10897,#4796);
#4194=LINE('',#10899,#4797);
#4195=LINE('',#10901,#4798);
#4196=LINE('',#10903,#4799);
#4197=LINE('',#10905,#4800);
#4198=LINE('',#10908,#4801);
#4199=LINE('',#10910,#4802);
#4200=LINE('',#10912,#4803);
#4201=LINE('',#10914,#4804);
#4202=LINE('',#10916,#4805);
#4203=LINE('',#10919,#4806);
#4204=LINE('',#10927,#4807);
#4205=LINE('',#10933,#4808);
#4206=LINE('',#10934,#4809);
#4207=LINE('',#10989,#4810);
#4208=LINE('',#10991,#4811);
#4209=LINE('',#10993,#4812);
#4210=LINE('',#10996,#4813);
#4211=LINE('',#10997,#4814);
#4212=LINE('',#10999,#4815);
#4213=LINE('',#11001,#4816);
#4214=LINE('',#11003,#4817);
#4215=LINE('',#11005,#4818);
#4216=LINE('',#11007,#4819);
#4217=LINE('',#11009,#4820);
#4218=LINE('',#11011,#4821);
#4219=VECTOR('',#7259,1.);
#4220=VECTOR('',#7260,1.);
#4221=VECTOR('',#7261,1.);
#4222=VECTOR('',#7262,1.);
#4223=VECTOR('',#7263,1.);
#4224=VECTOR('',#7264,1.);
#4225=VECTOR('',#7265,1.);
#4226=VECTOR('',#7266,1.);
#4227=VECTOR('',#7269,1.);
#4228=VECTOR('',#7270,1.);
#4229=VECTOR('',#7271,1.);
#4230=VECTOR('',#7272,1.);
#4231=VECTOR('',#7273,1.);
#4232=VECTOR('',#7274,1.);
#4233=VECTOR('',#7275,1.);
#4234=VECTOR('',#7276,1.);
#4235=VECTOR('',#7277,1.);
#4236=VECTOR('',#7278,1.);
#4237=VECTOR('',#7279,1.);
#4238=VECTOR('',#7280,1.);
#4239=VECTOR('',#7283,1.);
#4240=VECTOR('',#7284,1.);
#4241=VECTOR('',#7285,1.);
#4242=VECTOR('',#7286,1.);
#4243=VECTOR('',#7287,1.);
#4244=VECTOR('',#7288,1.);
#4245=VECTOR('',#7289,1.);
#4246=VECTOR('',#7290,1.);
#4247=VECTOR('',#7291,1.);
#4248=VECTOR('',#7292,1.);
#4249=VECTOR('',#7293,1.);
#4250=VECTOR('',#7294,1.);
#4251=VECTOR('',#7303,1.);
#4252=VECTOR('',#7304,1.);
#4253=VECTOR('',#7305,1.);
#4254=VECTOR('',#7306,1.);
#4255=VECTOR('',#7307,1.);
#4256=VECTOR('',#7308,1.);
#4257=VECTOR('',#7309,1.);
#4258=VECTOR('',#7310,1.);
#4259=VECTOR('',#7311,1.);
#4260=VECTOR('',#7312,1.);
#4261=VECTOR('',#7313,1.);
#4262=VECTOR('',#7314,1.);
#4263=VECTOR('',#7315,1.);
#4264=VECTOR('',#7316,1.);
#4265=VECTOR('',#7317,1.);
#4266=VECTOR('',#7318,1.);
#4267=VECTOR('',#7319,1.);
#4268=VECTOR('',#7320,1.);
#4269=VECTOR('',#7321,1.);
#4270=VECTOR('',#7322,1.);
#4271=VECTOR('',#7323,1.);
#4272=VECTOR('',#7324,1.);
#4273=VECTOR('',#7325,1.);
#4274=VECTOR('',#7326,1.);
#4275=VECTOR('',#7327,1.);
#4276=VECTOR('',#7328,1.);
#4277=VECTOR('',#7329,1.);
#4278=VECTOR('',#7330,1.);
#4279=VECTOR('',#7331,1.);
#4280=VECTOR('',#7332,1.);
#4281=VECTOR('',#7333,1.);
#4282=VECTOR('',#7334,1.);
#4283=VECTOR('',#7337,1.);
#4284=VECTOR('',#7338,1.);
#4285=VECTOR('',#7339,1.);
#4286=VECTOR('',#7340,1.);
#4287=VECTOR('',#7353,1.);
#4288=VECTOR('',#7354,1.);
#4289=VECTOR('',#7355,1.);
#4290=VECTOR('',#7356,1.);
#4291=VECTOR('',#7361,1.);
#4292=VECTOR('',#7362,1.);
#4293=VECTOR('',#7363,1.);
#4294=VECTOR('',#7364,1.);
#4295=VECTOR('',#7369,1.);
#4296=VECTOR('',#7370,1.);
#4297=VECTOR('',#7371,1.);
#4298=VECTOR('',#7372,1.);
#4299=VECTOR('',#7375,1.);
#4300=VECTOR('',#7376,1.);
#4301=VECTOR('',#7377,1.);
#4302=VECTOR('',#7378,1.);
#4303=VECTOR('',#7387,1.);
#4304=VECTOR('',#7388,1.);
#4305=VECTOR('',#7389,1.);
#4306=VECTOR('',#7390,1.);
#4307=VECTOR('',#7399,1.);
#4308=VECTOR('',#7400,1.);
#4309=VECTOR('',#7401,1.);
#4310=VECTOR('',#7402,1.);
#4311=VECTOR('',#7411,1.);
#4312=VECTOR('',#7412,1.);
#4313=VECTOR('',#7413,1.);
#4314=VECTOR('',#7414,1.);
#4315=VECTOR('',#7423,1.);
#4316=VECTOR('',#7424,1.);
#4317=VECTOR('',#7425,1.);
#4318=VECTOR('',#7426,1.);
#4319=VECTOR('',#7427,1.);
#4320=VECTOR('',#7428,1.);
#4321=VECTOR('',#7429,1.);
#4322=VECTOR('',#7430,1.);
#4323=VECTOR('',#7431,1.);
#4324=VECTOR('',#7434,1.);
#4325=VECTOR('',#7437,1.);
#4326=VECTOR('',#7438,1.);
#4327=VECTOR('',#7439,1.);
#4328=VECTOR('',#7440,1.);
#4329=VECTOR('',#7441,1.);
#4330=VECTOR('',#7442,1.);
#4331=VECTOR('',#7443,1.);
#4332=VECTOR('',#7444,1.);
#4333=VECTOR('',#7447,1.);
#4334=VECTOR('',#7448,1.);
#4335=VECTOR('',#7449,1.);
#4336=VECTOR('',#7450,1.);
#4337=VECTOR('',#7451,1.);
#4338=VECTOR('',#7452,1.);
#4339=VECTOR('',#7453,1.);
#4340=VECTOR('',#7454,1.);
#4341=VECTOR('',#7455,1.);
#4342=VECTOR('',#7456,1.);
#4343=VECTOR('',#7457,1.);
#4344=VECTOR('',#7458,1.);
#4345=VECTOR('',#7459,1.);
#4346=VECTOR('',#7460,1.);
#4347=VECTOR('',#7461,1.);
#4348=VECTOR('',#7462,1.);
#4349=VECTOR('',#7467,1.);
#4350=VECTOR('',#7468,1.);
#4351=VECTOR('',#7469,1.);
#4352=VECTOR('',#7470,1.);
#4353=VECTOR('',#7479,1.);
#4354=VECTOR('',#7480,1.);
#4355=VECTOR('',#7481,1.);
#4356=VECTOR('',#7482,1.);
#4357=VECTOR('',#7487,1.);
#4358=VECTOR('',#7488,1.);
#4359=VECTOR('',#7489,1.);
#4360=VECTOR('',#7490,1.);
#4361=VECTOR('',#7495,1.);
#4362=VECTOR('',#7496,1.);
#4363=VECTOR('',#7497,1.);
#4364=VECTOR('',#7498,1.);
#4365=VECTOR('',#7505,1.);
#4366=VECTOR('',#7508,1.);
#4367=VECTOR('',#7511,1.);
#4368=VECTOR('',#7514,1.);
#4369=VECTOR('',#7517,1.);
#4370=VECTOR('',#7520,1.);
#4371=VECTOR('',#7523,1.);
#4372=VECTOR('',#7526,1.);
#4373=VECTOR('',#7529,1.);
#4374=VECTOR('',#7532,1.);
#4375=VECTOR('',#7535,1.);
#4376=VECTOR('',#7538,1.);
#4377=VECTOR('',#7541,1.);
#4378=VECTOR('',#7544,1.);
#4379=VECTOR('',#7547,1.);
#4380=VECTOR('',#7550,1.);
#4381=VECTOR('',#7551,1.);
#4382=VECTOR('',#7552,1.);
#4383=VECTOR('',#7555,1.);
#4384=VECTOR('',#7560,1.);
#4385=VECTOR('',#7561,1.);
#4386=VECTOR('',#7564,1.);
#4387=VECTOR('',#7565,1.);
#4388=VECTOR('',#7568,1.);
#4389=VECTOR('',#7569,1.);
#4390=VECTOR('',#7570,1.);
#4391=VECTOR('',#7571,1.);
#4392=VECTOR('',#7574,1.);
#4393=VECTOR('',#7577,1.);
#4394=VECTOR('',#7578,1.);
#4395=VECTOR('',#7579,1.);
#4396=VECTOR('',#7580,1.);
#4397=VECTOR('',#7583,1.);
#4398=VECTOR('',#7588,1.);
#4399=VECTOR('',#7589,1.);
#4400=VECTOR('',#7590,1.);
#4401=VECTOR('',#7591,1.);
#4402=VECTOR('',#7592,1.);
#4403=VECTOR('',#7593,1.);
#4404=VECTOR('',#7594,1.);
#4405=VECTOR('',#7595,1.);
#4406=VECTOR('',#7596,1.);
#4407=VECTOR('',#7597,1.);
#4408=VECTOR('',#7598,1.);
#4409=VECTOR('',#7599,1.);
#4410=VECTOR('',#7600,1.);
#4411=VECTOR('',#7601,1.);
#4412=VECTOR('',#7606,1.);
#4413=VECTOR('',#7607,1.);
#4414=VECTOR('',#7608,1.);
#4415=VECTOR('',#7609,1.);
#4416=VECTOR('',#7610,1.);
#4417=VECTOR('',#7611,1.);
#4418=VECTOR('',#7612,1.);
#4419=VECTOR('',#7613,1.);
#4420=VECTOR('',#7618,1.);
#4421=VECTOR('',#7619,1.);
#4422=VECTOR('',#7620,1.);
#4423=VECTOR('',#7621,1.);
#4424=VECTOR('',#7622,1.);
#4425=VECTOR('',#7623,1.);
#4426=VECTOR('',#7624,1.);
#4427=VECTOR('',#7625,1.);
#4428=VECTOR('',#7630,1.);
#4429=VECTOR('',#7631,1.);
#4430=VECTOR('',#7632,1.);
#4431=VECTOR('',#7633,1.);
#4432=VECTOR('',#7634,1.);
#4433=VECTOR('',#7635,1.);
#4434=VECTOR('',#7636,1.);
#4435=VECTOR('',#7637,1.);
#4436=VECTOR('',#7640,1.);
#4437=VECTOR('',#7641,1.);
#4438=VECTOR('',#7642,1.);
#4439=VECTOR('',#7645,1.);
#4440=VECTOR('',#7646,1.);
#4441=VECTOR('',#7647,1.);
#4442=VECTOR('',#7650,1.);
#4443=VECTOR('',#7653,1.);
#4444=VECTOR('',#7656,1.);
#4445=VECTOR('',#7657,1.);
#4446=VECTOR('',#7658,1.);
#4447=VECTOR('',#7659,1.);
#4448=VECTOR('',#7662,1.);
#4449=VECTOR('',#7663,1.);
#4450=VECTOR('',#7664,1.);
#4451=VECTOR('',#7667,1.);
#4452=VECTOR('',#7668,1.);
#4453=VECTOR('',#7669,1.);
#4454=VECTOR('',#7672,1.);
#4455=VECTOR('',#7673,1.);
#4456=VECTOR('',#7676,1.);
#4457=VECTOR('',#7677,1.);
#4458=VECTOR('',#7678,1.);
#4459=VECTOR('',#7681,1.);
#4460=VECTOR('',#7682,1.);
#4461=VECTOR('',#7685,1.);
#4462=VECTOR('',#7686,1.);
#4463=VECTOR('',#7689,1.);
#4464=VECTOR('',#7698,1.);
#4465=VECTOR('',#7699,1.);
#4466=VECTOR('',#7700,1.);
#4467=VECTOR('',#7703,1.);
#4468=VECTOR('',#7704,1.);
#4469=VECTOR('',#7705,1.);
#4470=VECTOR('',#7708,1.);
#4471=VECTOR('',#7711,1.);
#4472=VECTOR('',#7714,1.);
#4473=VECTOR('',#7715,1.);
#4474=VECTOR('',#7716,1.);
#4475=VECTOR('',#7717,1.);
#4476=VECTOR('',#7720,1.);
#4477=VECTOR('',#7721,1.);
#4478=VECTOR('',#7722,1.);
#4479=VECTOR('',#7725,1.);
#4480=VECTOR('',#7726,1.);
#4481=VECTOR('',#7727,1.);
#4482=VECTOR('',#7730,1.);
#4483=VECTOR('',#7731,1.);
#4484=VECTOR('',#7734,1.);
#4485=VECTOR('',#7735,1.);
#4486=VECTOR('',#7736,1.);
#4487=VECTOR('',#7739,1.);
#4488=VECTOR('',#7740,1.);
#4489=VECTOR('',#7743,1.);
#4490=VECTOR('',#7744,1.);
#4491=VECTOR('',#7747,1.);
#4492=VECTOR('',#7756,1.);
#4493=VECTOR('',#7757,1.);
#4494=VECTOR('',#7758,1.);
#4495=VECTOR('',#7761,1.);
#4496=VECTOR('',#7762,1.);
#4497=VECTOR('',#7763,1.);
#4498=VECTOR('',#7766,1.);
#4499=VECTOR('',#7769,1.);
#4500=VECTOR('',#7772,1.);
#4501=VECTOR('',#7773,1.);
#4502=VECTOR('',#7774,1.);
#4503=VECTOR('',#7775,1.);
#4504=VECTOR('',#7778,1.);
#4505=VECTOR('',#7779,1.);
#4506=VECTOR('',#7780,1.);
#4507=VECTOR('',#7783,1.);
#4508=VECTOR('',#7784,1.);
#4509=VECTOR('',#7785,1.);
#4510=VECTOR('',#7788,1.);
#4511=VECTOR('',#7789,1.);
#4512=VECTOR('',#7792,1.);
#4513=VECTOR('',#7793,1.);
#4514=VECTOR('',#7794,1.);
#4515=VECTOR('',#7797,1.);
#4516=VECTOR('',#7798,1.);
#4517=VECTOR('',#7801,1.);
#4518=VECTOR('',#7802,1.);
#4519=VECTOR('',#7805,1.);
#4520=VECTOR('',#7814,1.);
#4521=VECTOR('',#7815,1.);
#4522=VECTOR('',#7816,1.);
#4523=VECTOR('',#7817,1.);
#4524=VECTOR('',#7848,1.);
#4525=VECTOR('',#7849,1.);
#4526=VECTOR('',#7852,1.);
#4527=VECTOR('',#7855,1.);
#4528=VECTOR('',#7888,1.);
#4529=VECTOR('',#7889,1.);
#4530=VECTOR('',#7892,1.);
#4531=VECTOR('',#7895,1.);
#4532=VECTOR('',#7928,1.);
#4533=VECTOR('',#7929,1.);
#4534=VECTOR('',#7932,1.);
#4535=VECTOR('',#7935,1.);
#4536=VECTOR('',#7950,1.);
#4537=VECTOR('',#7951,1.);
#4538=VECTOR('',#7990,1.);
#4539=VECTOR('',#7991,1.);
#4540=VECTOR('',#7992,1.);
#4541=VECTOR('',#7993,1.);
#4542=VECTOR('',#7994,1.);
#4543=VECTOR('',#7995,1.);
#4544=VECTOR('',#7996,1.);
#4545=VECTOR('',#7997,1.);
#4546=VECTOR('',#8020,1.);
#4547=VECTOR('',#8021,1.);
#4548=VECTOR('',#8024,1.);
#4549=VECTOR('',#8027,1.);
#4550=VECTOR('',#8054,1.);
#4551=VECTOR('',#8055,1.);
#4552=VECTOR('',#8056,1.);
#4553=VECTOR('',#8057,1.);
#4554=VECTOR('',#8058,1.);
#4555=VECTOR('',#8059,1.);
#4556=VECTOR('',#8062,1.);
#4557=VECTOR('',#8063,1.);
#4558=VECTOR('',#8066,1.);
#4559=VECTOR('',#8067,1.);
#4560=VECTOR('',#8070,1.);
#4561=VECTOR('',#8071,1.);
#4562=VECTOR('',#8072,1.);
#4563=VECTOR('',#8075,1.);
#4564=VECTOR('',#8076,1.);
#4565=VECTOR('',#8079,1.);
#4566=VECTOR('',#8080,1.);
#4567=VECTOR('',#8083,1.);
#4568=VECTOR('',#8086,1.);
#4569=VECTOR('',#8091,1.);
#4570=VECTOR('',#8092,1.);
#4571=VECTOR('',#8095,1.);
#4572=VECTOR('',#8096,1.);
#4573=VECTOR('',#8099,1.);
#4574=VECTOR('',#8104,1.);
#4575=VECTOR('',#8105,1.);
#4576=VECTOR('',#8106,1.);
#4577=VECTOR('',#8109,1.);
#4578=VECTOR('',#8110,1.);
#4579=VECTOR('',#8113,1.);
#4580=VECTOR('',#8114,1.);
#4581=VECTOR('',#8117,1.);
#4582=VECTOR('',#8122,1.);
#4583=VECTOR('',#8123,1.);
#4584=VECTOR('',#8124,1.);
#4585=VECTOR('',#8127,1.);
#4586=VECTOR('',#8128,1.);
#4587=VECTOR('',#8131,1.);
#4588=VECTOR('',#8132,1.);
#4589=VECTOR('',#8135,1.);
#4590=VECTOR('',#8136,1.);
#4591=VECTOR('',#8139,1.);
#4592=VECTOR('',#8142,1.);
#4593=VECTOR('',#8145,1.);
#4594=VECTOR('',#8146,1.);
#4595=VECTOR('',#8147,1.);
#4596=VECTOR('',#8150,1.);
#4597=VECTOR('',#8151,1.);
#4598=VECTOR('',#8154,1.);
#4599=VECTOR('',#8155,1.);
#4600=VECTOR('',#8158,1.);
#4601=VECTOR('',#8161,1.);
#4602=VECTOR('',#8164,1.);
#4603=VECTOR('',#8167,1.);
#4604=VECTOR('',#8170,1.);
#4605=VECTOR('',#8231,1.);
#4606=VECTOR('',#8232,1.);
#4607=VECTOR('',#8233,1.);
#4608=VECTOR('',#8236,1.);
#4609=VECTOR('',#8237,1.);
#4610=VECTOR('',#8240,1.);
#4611=VECTOR('',#8241,1.);
#4612=VECTOR('',#8244,1.);
#4613=VECTOR('',#8249,1.);
#4614=VECTOR('',#8250,1.);
#4615=VECTOR('',#8251,1.);
#4616=VECTOR('',#8254,1.);
#4617=VECTOR('',#8255,1.);
#4618=VECTOR('',#8258,1.);
#4619=VECTOR('',#8259,1.);
#4620=VECTOR('',#8262,1.);
#4621=VECTOR('',#8263,1.);
#4622=VECTOR('',#8266,1.);
#4623=VECTOR('',#8267,1.);
#4624=VECTOR('',#8270,1.);
#4625=VECTOR('',#8271,1.);
#4626=VECTOR('',#8274,1.);
#4627=VECTOR('',#8275,1.);
#4628=VECTOR('',#8278,1.);
#4629=VECTOR('',#8281,1.);
#4630=VECTOR('',#8284,1.);
#4631=VECTOR('',#8287,1.);
#4632=VECTOR('',#8290,1.);
#4633=VECTOR('',#8351,1.);
#4634=VECTOR('',#8352,1.);
#4635=VECTOR('',#8353,1.);
#4636=VECTOR('',#8356,1.);
#4637=VECTOR('',#8357,1.);
#4638=VECTOR('',#8360,1.);
#4639=VECTOR('',#8361,1.);
#4640=VECTOR('',#8364,1.);
#4641=VECTOR('',#8369,1.);
#4642=VECTOR('',#8370,1.);
#4643=VECTOR('',#8371,1.);
#4644=VECTOR('',#8374,1.);
#4645=VECTOR('',#8375,1.);
#4646=VECTOR('',#8378,1.);
#4647=VECTOR('',#8379,1.);
#4648=VECTOR('',#8382,1.);
#4649=VECTOR('',#8383,1.);
#4650=VECTOR('',#8386,1.);
#4651=VECTOR('',#8387,1.);
#4652=VECTOR('',#8390,1.);
#4653=VECTOR('',#8391,1.);
#4654=VECTOR('',#8394,1.);
#4655=VECTOR('',#8395,1.);
#4656=VECTOR('',#8398,1.);
#4657=VECTOR('',#8401,1.);
#4658=VECTOR('',#8404,1.);
#4659=VECTOR('',#8407,1.);
#4660=VECTOR('',#8410,1.);
#4661=VECTOR('',#8471,1.);
#4662=VECTOR('',#8472,1.);
#4663=VECTOR('',#8473,1.);
#4664=VECTOR('',#8476,1.);
#4665=VECTOR('',#8477,1.);
#4666=VECTOR('',#8480,1.);
#4667=VECTOR('',#8481,1.);
#4668=VECTOR('',#8484,1.);
#4669=VECTOR('',#8489,1.);
#4670=VECTOR('',#8490,1.);
#4671=VECTOR('',#8491,1.);
#4672=VECTOR('',#8494,1.);
#4673=VECTOR('',#8495,1.);
#4674=VECTOR('',#8498,1.);
#4675=VECTOR('',#8499,1.);
#4676=VECTOR('',#8502,1.);
#4677=VECTOR('',#8503,1.);
#4678=VECTOR('',#8506,1.);
#4679=VECTOR('',#8507,1.);
#4680=VECTOR('',#8510,1.);
#4681=VECTOR('',#8511,1.);
#4682=VECTOR('',#8514,1.);
#4683=VECTOR('',#8515,1.);
#4684=VECTOR('',#8518,1.);
#4685=VECTOR('',#8521,1.);
#4686=VECTOR('',#8524,1.);
#4687=VECTOR('',#8527,1.);
#4688=VECTOR('',#8530,1.);
#4689=VECTOR('',#8591,1.);
#4690=VECTOR('',#8592,1.);
#4691=VECTOR('',#8595,1.);
#4692=VECTOR('',#8598,1.);
#4693=VECTOR('',#8603,1.);
#4694=VECTOR('',#8604,1.);
#4695=VECTOR('',#8607,1.);
#4696=VECTOR('',#8610,1.);
#4697=VECTOR('',#8615,1.);
#4698=VECTOR('',#8616,1.);
#4699=VECTOR('',#8619,1.);
#4700=VECTOR('',#8622,1.);
#4701=VECTOR('',#8627,1.);
#4702=VECTOR('',#8628,1.);
#4703=VECTOR('',#8631,1.);
#4704=VECTOR('',#8634,1.);
#4705=VECTOR('',#8705,1.);
#4706=VECTOR('',#8706,1.);
#4707=VECTOR('',#8707,1.);
#4708=VECTOR('',#8708,1.);
#4709=VECTOR('',#8709,1.);
#4710=VECTOR('',#8712,1.);
#4711=VECTOR('',#8713,1.);
#4712=VECTOR('',#8714,1.);
#4713=VECTOR('',#8715,1.);
#4714=VECTOR('',#8716,1.);
#4715=VECTOR('',#8719,1.);
#4716=VECTOR('',#8722,1.);
#4717=VECTOR('',#8729,1.);
#4718=VECTOR('',#8740,1.);
#4719=VECTOR('',#8741,1.);
#4720=VECTOR('',#8750,1.);
#4721=VECTOR('',#8751,1.);
#4722=VECTOR('',#8752,1.);
#4723=VECTOR('',#8753,1.);
#4724=VECTOR('',#8754,1.);
#4725=VECTOR('',#8757,1.);
#4726=VECTOR('',#8758,1.);
#4727=VECTOR('',#8759,1.);
#4728=VECTOR('',#8760,1.);
#4729=VECTOR('',#8761,1.);
#4730=VECTOR('',#8764,1.);
#4731=VECTOR('',#8767,1.);
#4732=VECTOR('',#8776,1.);
#4733=VECTOR('',#8785,1.);
#4734=VECTOR('',#8786,1.);
#4735=VECTOR('',#8795,1.);
#4736=VECTOR('',#8796,1.);
#4737=VECTOR('',#8797,1.);
#4738=VECTOR('',#8798,1.);
#4739=VECTOR('',#8799,1.);
#4740=VECTOR('',#8802,1.);
#4741=VECTOR('',#8803,1.);
#4742=VECTOR('',#8804,1.);
#4743=VECTOR('',#8805,1.);
#4744=VECTOR('',#8806,1.);
#4745=VECTOR('',#8809,1.);
#4746=VECTOR('',#8812,1.);
#4747=VECTOR('',#8821,1.);
#4748=VECTOR('',#8830,1.);
#4749=VECTOR('',#8831,1.);
#4750=VECTOR('',#8840,1.);
#4751=VECTOR('',#8841,1.);
#4752=VECTOR('',#8842,1.);
#4753=VECTOR('',#8843,1.);
#4754=VECTOR('',#8844,1.);
#4755=VECTOR('',#8847,1.);
#4756=VECTOR('',#8848,1.);
#4757=VECTOR('',#8849,1.);
#4758=VECTOR('',#8850,1.);
#4759=VECTOR('',#8851,1.);
#4760=VECTOR('',#8854,1.);
#4761=VECTOR('',#8857,1.);
#4762=VECTOR('',#8866,1.);
#4763=VECTOR('',#8875,1.);
#4764=VECTOR('',#8876,1.);
#4765=VECTOR('',#8885,1.);
#4766=VECTOR('',#8886,1.);
#4767=VECTOR('',#8887,1.);
#4768=VECTOR('',#8888,1.);
#4769=VECTOR('',#8889,1.);
#4770=VECTOR('',#8892,1.);
#4771=VECTOR('',#8893,1.);
#4772=VECTOR('',#8894,1.);
#4773=VECTOR('',#8895,1.);
#4774=VECTOR('',#8896,1.);
#4775=VECTOR('',#8899,1.);
#4776=VECTOR('',#8902,1.);
#4777=VECTOR('',#8911,1.);
#4778=VECTOR('',#8920,1.);
#4779=VECTOR('',#8921,1.);
#4780=VECTOR('',#8930,1.);
#4781=VECTOR('',#8931,1.);
#4782=VECTOR('',#8932,1.);
#4783=VECTOR('',#8933,1.);
#4784=VECTOR('',#8934,1.);
#4785=VECTOR('',#8937,1.);
#4786=VECTOR('',#8938,1.);
#4787=VECTOR('',#8939,1.);
#4788=VECTOR('',#8940,1.);
#4789=VECTOR('',#8941,1.);
#4790=VECTOR('',#8944,1.);
#4791=VECTOR('',#8947,1.);
#4792=VECTOR('',#8956,1.);
#4793=VECTOR('',#8965,1.);
#4794=VECTOR('',#8966,1.);
#4795=VECTOR('',#8975,1.);
#4796=VECTOR('',#8976,1.);
#4797=VECTOR('',#8977,1.);
#4798=VECTOR('',#8978,1.);
#4799=VECTOR('',#8979,1.);
#4800=VECTOR('',#8982,1.);
#4801=VECTOR('',#8983,1.);
#4802=VECTOR('',#8984,1.);
#4803=VECTOR('',#8985,1.);
#4804=VECTOR('',#8986,1.);
#4805=VECTOR('',#8989,1.);
#4806=VECTOR('',#8992,1.);
#4807=VECTOR('',#9001,1.);
#4808=VECTOR('',#9010,1.);
#4809=VECTOR('',#9011,1.);
#4810=VECTOR('',#9118,1.);
#4811=VECTOR('',#9119,1.);
#4812=VECTOR('',#9122,1.);
#4813=VECTOR('',#9123,1.);
#4814=VECTOR('',#9124,1.);
#4815=VECTOR('',#9127,1.);
#4816=VECTOR('',#9128,1.);
#4817=VECTOR('',#9131,1.);
#4818=VECTOR('',#9132,1.);
#4819=VECTOR('',#9135,1.);
#4820=VECTOR('',#9136,1.);
#4821=VECTOR('',#9139,1.);
#4822=EDGE_LOOP('',(#409,#410,#411,#412,#413,#414,#415,#416));
#4823=EDGE_LOOP('',(#417,#418,#419,#420));
#4824=EDGE_LOOP('',(#421,#422,#423,#424));
#4825=EDGE_LOOP('',(#425,#426,#427,#428));
#4826=EDGE_LOOP('',(#429,#430,#431,#432));
#4827=EDGE_LOOP('',(#433,#434,#435,#436));
#4828=EDGE_LOOP('',(#437,#438,#439,#440));
#4829=EDGE_LOOP('',(#441));
#4830=EDGE_LOOP('',(#442));
#4831=EDGE_LOOP('',(#443));
#4832=EDGE_LOOP('',(#444,#445,#446,#447));
#4833=EDGE_LOOP('',(#448,#449,#450,#451));
#4834=EDGE_LOOP('',(#452,#453,#454,#455,#456,#457,#458,#459));
#4835=EDGE_LOOP('',(#460,#461,#462,#463,#464,#465,#466,#467));
#4836=EDGE_LOOP('',(#468,#469,#470,#471,#472,#473,#474,#475));
#4837=EDGE_LOOP('',(#476));
#4838=EDGE_LOOP('',(#477,#478,#479,#480));
#4839=EDGE_LOOP('',(#481));
#4840=EDGE_LOOP('',(#482));
#4841=EDGE_LOOP('',(#483));
#4842=EDGE_LOOP('',(#484));
#4843=EDGE_LOOP('',(#485));
#4844=EDGE_LOOP('',(#486));
#4845=EDGE_LOOP('',(#487,#488,#489,#490));
#4846=EDGE_LOOP('',(#491));
#4847=EDGE_LOOP('',(#492));
#4848=EDGE_LOOP('',(#493,#494,#495,#496));
#4849=EDGE_LOOP('',(#497));
#4850=EDGE_LOOP('',(#498));
#4851=EDGE_LOOP('',(#499,#500,#501,#502));
#4852=EDGE_LOOP('',(#503));
#4853=EDGE_LOOP('',(#504,#505,#506,#507));
#4854=EDGE_LOOP('',(#508));
#4855=EDGE_LOOP('',(#509));
#4856=EDGE_LOOP('',(#510));
#4857=EDGE_LOOP('',(#511));
#4858=EDGE_LOOP('',(#512,#513,#514,#515));
#4859=EDGE_LOOP('',(#516));
#4860=EDGE_LOOP('',(#517));
#4861=EDGE_LOOP('',(#518));
#4862=EDGE_LOOP('',(#519));
#4863=EDGE_LOOP('',(#520,#521,#522,#523));
#4864=EDGE_LOOP('',(#524));
#4865=EDGE_LOOP('',(#525));
#4866=EDGE_LOOP('',(#526));
#4867=EDGE_LOOP('',(#527));
#4868=EDGE_LOOP('',(#528,#529,#530,#531));
#4869=EDGE_LOOP('',(#532));
#4870=EDGE_LOOP('',(#533));
#4871=EDGE_LOOP('',(#534));
#4872=EDGE_LOOP('',(#535));
#4873=EDGE_LOOP('',(#536,#537,#538,#539));
#4874=EDGE_LOOP('',(#540,#541,#542,#543));
#4875=EDGE_LOOP('',(#544,#545,#546,#547,#548,#549,#550,#551,#552,#553,#554,
#555,#556,#557));
#4876=EDGE_LOOP('',(#558,#559,#560,#561));
#4877=EDGE_LOOP('',(#562,#563,#564,#565));
#4878=EDGE_LOOP('',(#566,#567,#568,#569));
#4879=EDGE_LOOP('',(#570,#571,#572,#573));
#4880=EDGE_LOOP('',(#574));
#4881=EDGE_LOOP('',(#575));
#4882=EDGE_LOOP('',(#576,#577,#578,#579));
#4883=EDGE_LOOP('',(#580));
#4884=EDGE_LOOP('',(#581));
#4885=EDGE_LOOP('',(#582));
#4886=EDGE_LOOP('',(#583));
#4887=EDGE_LOOP('',(#584,#585,#586,#587));
#4888=EDGE_LOOP('',(#588));
#4889=EDGE_LOOP('',(#589));
#4890=EDGE_LOOP('',(#590,#591,#592,#593));
#4891=EDGE_LOOP('',(#594));
#4892=EDGE_LOOP('',(#595));
#4893=EDGE_LOOP('',(#596,#597,#598,#599));
#4894=EDGE_LOOP('',(#600));
#4895=EDGE_LOOP('',(#601));
#4896=EDGE_LOOP('',(#602,#603,#604,#605,#606,#607,#608,#609));
#4897=EDGE_LOOP('',(#610,#611,#612,#613,#614,#615,#616,#617));
#4898=EDGE_LOOP('',(#618,#619,#620,#621,#622,#623,#624,#625));
#4899=EDGE_LOOP('',(#626,#627,#628,#629,#630,#631,#632,#633));
#4900=EDGE_LOOP('',(#634,#635,#636,#637,#638,#639));
#4901=EDGE_LOOP('',(#640,#641,#642,#643));
#4902=EDGE_LOOP('',(#644,#645,#646,#647));
#4903=EDGE_LOOP('',(#648,#649,#650,#651,#652,#653,#654,#655,#656,#657,#658,
#659,#660,#661,#662,#663,#664,#665,#666,#667));
#4904=EDGE_LOOP('',(#668,#669,#670,#671));
#4905=EDGE_LOOP('',(#672,#673,#674,#675));
#4906=EDGE_LOOP('',(#676,#677,#678,#679));
#4907=EDGE_LOOP('',(#680,#681,#682,#683));
#4908=EDGE_LOOP('',(#684));
#4909=EDGE_LOOP('',(#685,#686,#687,#688,#689,#690,#691,#692));
#4910=EDGE_LOOP('',(#693));
#4911=EDGE_LOOP('',(#694,#695,#696,#697,#698,#699,#700,#701));
#4912=EDGE_LOOP('',(#702));
#4913=EDGE_LOOP('',(#703,#704,#705,#706,#707,#708,#709,#710));
#4914=EDGE_LOOP('',(#711,#712,#713,#714));
#4915=EDGE_LOOP('',(#715,#716,#717,#718));
#4916=EDGE_LOOP('',(#719,#720,#721,#722));
#4917=EDGE_LOOP('',(#723,#724,#725,#726));
#4918=EDGE_LOOP('',(#727,#728,#729,#730));
#4919=EDGE_LOOP('',(#731,#732,#733,#734));
#4920=EDGE_LOOP('',(#735,#736,#737,#738));
#4921=EDGE_LOOP('',(#739,#740,#741,#742));
#4922=EDGE_LOOP('',(#743,#744,#745,#746,#747,#748,#749,#750));
#4923=EDGE_LOOP('',(#751,#752,#753,#754));
#4924=EDGE_LOOP('',(#755,#756,#757,#758));
#4925=EDGE_LOOP('',(#759,#760,#761,#762));
#4926=EDGE_LOOP('',(#763,#764,#765,#766));
#4927=EDGE_LOOP('',(#767,#768,#769,#770));
#4928=EDGE_LOOP('',(#771));
#4929=EDGE_LOOP('',(#772));
#4930=EDGE_LOOP('',(#773,#774,#775,#776));
#4931=EDGE_LOOP('',(#777,#778,#779,#780));
#4932=EDGE_LOOP('',(#781,#782,#783,#784));
#4933=EDGE_LOOP('',(#785,#786,#787,#788));
#4934=EDGE_LOOP('',(#789,#790,#791,#792));
#4935=EDGE_LOOP('',(#793,#794,#795,#796));
#4936=EDGE_LOOP('',(#797,#798,#799,#800));
#4937=EDGE_LOOP('',(#801,#802,#803,#804));
#4938=EDGE_LOOP('',(#805,#806,#807,#808,#809,#810,#811,#812));
#4939=EDGE_LOOP('',(#813,#814,#815,#816));
#4940=EDGE_LOOP('',(#817,#818,#819,#820));
#4941=EDGE_LOOP('',(#821,#822,#823,#824));
#4942=EDGE_LOOP('',(#825,#826,#827,#828));
#4943=EDGE_LOOP('',(#829,#830,#831,#832));
#4944=EDGE_LOOP('',(#833));
#4945=EDGE_LOOP('',(#834));
#4946=EDGE_LOOP('',(#835,#836,#837,#838));
#4947=EDGE_LOOP('',(#839,#840,#841,#842));
#4948=EDGE_LOOP('',(#843,#844,#845,#846));
#4949=EDGE_LOOP('',(#847,#848,#849,#850));
#4950=EDGE_LOOP('',(#851,#852,#853,#854));
#4951=EDGE_LOOP('',(#855,#856,#857,#858));
#4952=EDGE_LOOP('',(#859,#860,#861,#862));
#4953=EDGE_LOOP('',(#863,#864,#865,#866));
#4954=EDGE_LOOP('',(#867,#868,#869,#870,#871,#872,#873,#874));
#4955=EDGE_LOOP('',(#875,#876,#877,#878));
#4956=EDGE_LOOP('',(#879,#880,#881,#882));
#4957=EDGE_LOOP('',(#883,#884,#885,#886));
#4958=EDGE_LOOP('',(#887,#888,#889,#890));
#4959=EDGE_LOOP('',(#891,#892,#893,#894));
#4960=EDGE_LOOP('',(#895));
#4961=EDGE_LOOP('',(#896));
#4962=EDGE_LOOP('',(#897,#898,#899,#900));
#4963=EDGE_LOOP('',(#901));
#4964=EDGE_LOOP('',(#902));
#4965=EDGE_LOOP('',(#903));
#4966=EDGE_LOOP('',(#904));
#4967=EDGE_LOOP('',(#905));
#4968=EDGE_LOOP('',(#906));
#4969=EDGE_LOOP('',(#907));
#4970=EDGE_LOOP('',(#908));
#4971=EDGE_LOOP('',(#909));
#4972=EDGE_LOOP('',(#910));
#4973=EDGE_LOOP('',(#911));
#4974=EDGE_LOOP('',(#912));
#4975=EDGE_LOOP('',(#913));
#4976=EDGE_LOOP('',(#914));
#4977=EDGE_LOOP('',(#915));
#4978=EDGE_LOOP('',(#916,#917,#918,#919));
#4979=EDGE_LOOP('',(#920,#921,#922,#923));
#4980=EDGE_LOOP('',(#924,#925,#926,#927));
#4981=EDGE_LOOP('',(#928,#929,#930,#931));
#4982=EDGE_LOOP('',(#932));
#4983=EDGE_LOOP('',(#933));
#4984=EDGE_LOOP('',(#934));
#4985=EDGE_LOOP('',(#935));
#4986=EDGE_LOOP('',(#936));
#4987=EDGE_LOOP('',(#937));
#4988=EDGE_LOOP('',(#938));
#4989=EDGE_LOOP('',(#939));
#4990=EDGE_LOOP('',(#940));
#4991=EDGE_LOOP('',(#941));
#4992=EDGE_LOOP('',(#942));
#4993=EDGE_LOOP('',(#943));
#4994=EDGE_LOOP('',(#944));
#4995=EDGE_LOOP('',(#945));
#4996=EDGE_LOOP('',(#946));
#4997=EDGE_LOOP('',(#947));
#4998=EDGE_LOOP('',(#948,#949,#950,#951));
#4999=EDGE_LOOP('',(#952,#953,#954,#955));
#5000=EDGE_LOOP('',(#956,#957,#958,#959));
#5001=EDGE_LOOP('',(#960,#961,#962,#963));
#5002=EDGE_LOOP('',(#964));
#5003=EDGE_LOOP('',(#965));
#5004=EDGE_LOOP('',(#966));
#5005=EDGE_LOOP('',(#967));
#5006=EDGE_LOOP('',(#968));
#5007=EDGE_LOOP('',(#969));
#5008=EDGE_LOOP('',(#970));
#5009=EDGE_LOOP('',(#971));
#5010=EDGE_LOOP('',(#972));
#5011=EDGE_LOOP('',(#973));
#5012=EDGE_LOOP('',(#974));
#5013=EDGE_LOOP('',(#975));
#5014=EDGE_LOOP('',(#976));
#5015=EDGE_LOOP('',(#977));
#5016=EDGE_LOOP('',(#978));
#5017=EDGE_LOOP('',(#979));
#5018=EDGE_LOOP('',(#980,#981,#982,#983));
#5019=EDGE_LOOP('',(#984,#985,#986,#987));
#5020=EDGE_LOOP('',(#988,#989,#990,#991));
#5021=EDGE_LOOP('',(#992,#993,#994,#995));
#5022=EDGE_LOOP('',(#996));
#5023=EDGE_LOOP('',(#997));
#5024=EDGE_LOOP('',(#998));
#5025=EDGE_LOOP('',(#999));
#5026=EDGE_LOOP('',(#1000));
#5027=EDGE_LOOP('',(#1001));
#5028=EDGE_LOOP('',(#1002,#1003,#1004,#1005));
#5029=EDGE_LOOP('',(#1006,#1007,#1008,#1009));
#5030=EDGE_LOOP('',(#1010,#1011,#1012,#1013));
#5031=EDGE_LOOP('',(#1014));
#5032=EDGE_LOOP('',(#1015));
#5033=EDGE_LOOP('',(#1016));
#5034=EDGE_LOOP('',(#1017));
#5035=EDGE_LOOP('',(#1018));
#5036=EDGE_LOOP('',(#1019));
#5037=EDGE_LOOP('',(#1020));
#5038=EDGE_LOOP('',(#1021));
#5039=EDGE_LOOP('',(#1022));
#5040=EDGE_LOOP('',(#1023));
#5041=EDGE_LOOP('',(#1024));
#5042=EDGE_LOOP('',(#1025));
#5043=EDGE_LOOP('',(#1026));
#5044=EDGE_LOOP('',(#1027));
#5045=EDGE_LOOP('',(#1028));
#5046=EDGE_LOOP('',(#1029));
#5047=EDGE_LOOP('',(#1030,#1031,#1032,#1033));
#5048=EDGE_LOOP('',(#1034,#1035,#1036,#1037));
#5049=EDGE_LOOP('',(#1038));
#5050=EDGE_LOOP('',(#1039));
#5051=EDGE_LOOP('',(#1040,#1041,#1042,#1043,#1044,#1045,#1046,#1047));
#5052=EDGE_LOOP('',(#1048));
#5053=EDGE_LOOP('',(#1049));
#5054=EDGE_LOOP('',(#1050));
#5055=EDGE_LOOP('',(#1051,#1052,#1053,#1054));
#5056=EDGE_LOOP('',(#1055));
#5057=EDGE_LOOP('',(#1056));
#5058=EDGE_LOOP('',(#1057));
#5059=EDGE_LOOP('',(#1058,#1059,#1060,#1061));
#5060=EDGE_LOOP('',(#1062));
#5061=EDGE_LOOP('',(#1063));
#5062=EDGE_LOOP('',(#1064));
#5063=EDGE_LOOP('',(#1065,#1066,#1067,#1068));
#5064=EDGE_LOOP('',(#1069));
#5065=EDGE_LOOP('',(#1070,#1071,#1072,#1073));
#5066=EDGE_LOOP('',(#1074,#1075,#1076,#1077));
#5067=EDGE_LOOP('',(#1078,#1079,#1080,#1081));
#5068=EDGE_LOOP('',(#1082,#1083,#1084,#1085));
#5069=EDGE_LOOP('',(#1086));
#5070=EDGE_LOOP('',(#1087));
#5071=EDGE_LOOP('',(#1088));
#5072=EDGE_LOOP('',(#1089));
#5073=EDGE_LOOP('',(#1090));
#5074=EDGE_LOOP('',(#1091));
#5075=EDGE_LOOP('',(#1092));
#5076=EDGE_LOOP('',(#1093));
#5077=EDGE_LOOP('',(#1094));
#5078=EDGE_LOOP('',(#1095));
#5079=EDGE_LOOP('',(#1096));
#5080=EDGE_LOOP('',(#1097));
#5081=EDGE_LOOP('',(#1098));
#5082=EDGE_LOOP('',(#1099));
#5083=EDGE_LOOP('',(#1100,#1101,#1102,#1103,#1104,#1105,#1106,#1107));
#5084=EDGE_LOOP('',(#1108,#1109,#1110,#1111));
#5085=EDGE_LOOP('',(#1112,#1113,#1114,#1115));
#5086=EDGE_LOOP('',(#1116,#1117,#1118,#1119));
#5087=EDGE_LOOP('',(#1120,#1121,#1122,#1123));
#5088=EDGE_LOOP('',(#1124,#1125,#1126,#1127));
#5089=EDGE_LOOP('',(#1128,#1129,#1130,#1131));
#5090=EDGE_LOOP('',(#1132,#1133,#1134,#1135));
#5091=EDGE_LOOP('',(#1136,#1137,#1138,#1139));
#5092=EDGE_LOOP('',(#1140,#1141,#1142,#1143));
#5093=EDGE_LOOP('',(#1144,#1145,#1146,#1147));
#5094=EDGE_LOOP('',(#1148,#1149,#1150,#1151));
#5095=EDGE_LOOP('',(#1152,#1153,#1154,#1155));
#5096=EDGE_LOOP('',(#1156,#1157,#1158,#1159));
#5097=EDGE_LOOP('',(#1160,#1161,#1162,#1163));
#5098=EDGE_LOOP('',(#1164,#1165,#1166,#1167));
#5099=EDGE_LOOP('',(#1168,#1169,#1170,#1171));
#5100=EDGE_LOOP('',(#1172,#1173,#1174,#1175));
#5101=EDGE_LOOP('',(#1176,#1177,#1178,#1179));
#5102=EDGE_LOOP('',(#1180,#1181,#1182,#1183));
#5103=EDGE_LOOP('',(#1184,#1185,#1186,#1187));
#5104=EDGE_LOOP('',(#1188,#1189,#1190,#1191));
#5105=EDGE_LOOP('',(#1192,#1193,#1194,#1195));
#5106=EDGE_LOOP('',(#1196,#1197,#1198,#1199,#1200,#1201,#1202,#1203,#1204,
#1205,#1206,#1207,#1208,#1209));
#5107=EDGE_LOOP('',(#1210,#1211,#1212,#1213));
#5108=EDGE_LOOP('',(#1214,#1215,#1216,#1217));
#5109=EDGE_LOOP('',(#1218,#1219,#1220,#1221));
#5110=EDGE_LOOP('',(#1222,#1223,#1224,#1225,#1226,#1227,#1228,#1229));
#5111=EDGE_LOOP('',(#1230,#1231,#1232,#1233,#1234,#1235,#1236,#1237));
#5112=EDGE_LOOP('',(#1238));
#5113=EDGE_LOOP('',(#1239));
#5114=EDGE_LOOP('',(#1240));
#5115=EDGE_LOOP('',(#1241));
#5116=EDGE_LOOP('',(#1242));
#5117=EDGE_LOOP('',(#1243));
#5118=EDGE_LOOP('',(#1244));
#5119=EDGE_LOOP('',(#1245));
#5120=EDGE_LOOP('',(#1246));
#5121=EDGE_LOOP('',(#1247));
#5122=EDGE_LOOP('',(#1248));
#5123=EDGE_LOOP('',(#1249));
#5124=EDGE_LOOP('',(#1250,#1251,#1252,#1253));
#5125=EDGE_LOOP('',(#1254,#1255,#1256,#1257));
#5126=EDGE_LOOP('',(#1258,#1259,#1260,#1261));
#5127=EDGE_LOOP('',(#1262,#1263,#1264,#1265));
#5128=EDGE_LOOP('',(#1266,#1267,#1268,#1269));
#5129=EDGE_LOOP('',(#1270,#1271,#1272,#1273));
#5130=EDGE_LOOP('',(#1274,#1275,#1276,#1277));
#5131=EDGE_LOOP('',(#1278,#1279,#1280,#1281));
#5132=EDGE_LOOP('',(#1282,#1283,#1284,#1285));
#5133=EDGE_LOOP('',(#1286,#1287,#1288,#1289));
#5134=EDGE_LOOP('',(#1290,#1291,#1292,#1293));
#5135=EDGE_LOOP('',(#1294,#1295,#1296,#1297));
#5136=EDGE_LOOP('',(#1298,#1299,#1300,#1301));
#5137=EDGE_LOOP('',(#1302,#1303,#1304,#1305));
#5138=EDGE_LOOP('',(#1306,#1307,#1308,#1309));
#5139=EDGE_LOOP('',(#1310,#1311,#1312,#1313));
#5140=EDGE_LOOP('',(#1314,#1315,#1316,#1317));
#5141=EDGE_LOOP('',(#1318,#1319,#1320,#1321));
#5142=EDGE_LOOP('',(#1322,#1323,#1324,#1325));
#5143=EDGE_LOOP('',(#1326,#1327,#1328,#1329));
#5144=EDGE_LOOP('',(#1330,#1331,#1332,#1333));
#5145=EDGE_LOOP('',(#1334,#1335,#1336,#1337,#1338,#1339,#1340,#1341));
#5146=EDGE_LOOP('',(#1342,#1343,#1344,#1345,#1346,#1347,#1348,#1349));
#5147=EDGE_LOOP('',(#1350));
#5148=EDGE_LOOP('',(#1351));
#5149=EDGE_LOOP('',(#1352));
#5150=EDGE_LOOP('',(#1353));
#5151=EDGE_LOOP('',(#1354));
#5152=EDGE_LOOP('',(#1355));
#5153=EDGE_LOOP('',(#1356));
#5154=EDGE_LOOP('',(#1357));
#5155=EDGE_LOOP('',(#1358));
#5156=EDGE_LOOP('',(#1359));
#5157=EDGE_LOOP('',(#1360));
#5158=EDGE_LOOP('',(#1361));
#5159=EDGE_LOOP('',(#1362,#1363,#1364,#1365));
#5160=EDGE_LOOP('',(#1366,#1367,#1368,#1369));
#5161=EDGE_LOOP('',(#1370,#1371,#1372,#1373));
#5162=EDGE_LOOP('',(#1374,#1375,#1376,#1377));
#5163=EDGE_LOOP('',(#1378,#1379,#1380,#1381));
#5164=EDGE_LOOP('',(#1382,#1383,#1384,#1385));
#5165=EDGE_LOOP('',(#1386,#1387,#1388,#1389));
#5166=EDGE_LOOP('',(#1390,#1391,#1392,#1393));
#5167=EDGE_LOOP('',(#1394,#1395,#1396,#1397));
#5168=EDGE_LOOP('',(#1398,#1399,#1400,#1401));
#5169=EDGE_LOOP('',(#1402,#1403,#1404,#1405));
#5170=EDGE_LOOP('',(#1406,#1407,#1408,#1409));
#5171=EDGE_LOOP('',(#1410,#1411,#1412,#1413));
#5172=EDGE_LOOP('',(#1414,#1415,#1416,#1417));
#5173=EDGE_LOOP('',(#1418,#1419,#1420,#1421));
#5174=EDGE_LOOP('',(#1422,#1423,#1424,#1425));
#5175=EDGE_LOOP('',(#1426,#1427,#1428,#1429));
#5176=EDGE_LOOP('',(#1430,#1431,#1432,#1433));
#5177=EDGE_LOOP('',(#1434,#1435,#1436,#1437));
#5178=EDGE_LOOP('',(#1438,#1439,#1440,#1441));
#5179=EDGE_LOOP('',(#1442,#1443,#1444,#1445));
#5180=EDGE_LOOP('',(#1446,#1447,#1448,#1449,#1450,#1451,#1452,#1453));
#5181=EDGE_LOOP('',(#1454,#1455,#1456,#1457,#1458,#1459,#1460,#1461));
#5182=EDGE_LOOP('',(#1462));
#5183=EDGE_LOOP('',(#1463));
#5184=EDGE_LOOP('',(#1464));
#5185=EDGE_LOOP('',(#1465));
#5186=EDGE_LOOP('',(#1466));
#5187=EDGE_LOOP('',(#1467));
#5188=EDGE_LOOP('',(#1468));
#5189=EDGE_LOOP('',(#1469));
#5190=EDGE_LOOP('',(#1470));
#5191=EDGE_LOOP('',(#1471));
#5192=EDGE_LOOP('',(#1472));
#5193=EDGE_LOOP('',(#1473));
#5194=EDGE_LOOP('',(#1474,#1475,#1476,#1477));
#5195=EDGE_LOOP('',(#1478,#1479,#1480,#1481));
#5196=EDGE_LOOP('',(#1482,#1483,#1484,#1485));
#5197=EDGE_LOOP('',(#1486,#1487,#1488,#1489));
#5198=EDGE_LOOP('',(#1490,#1491,#1492,#1493));
#5199=EDGE_LOOP('',(#1494,#1495,#1496,#1497));
#5200=EDGE_LOOP('',(#1498,#1499,#1500,#1501));
#5201=EDGE_LOOP('',(#1502,#1503,#1504,#1505));
#5202=EDGE_LOOP('',(#1506,#1507,#1508,#1509));
#5203=EDGE_LOOP('',(#1510,#1511,#1512,#1513));
#5204=EDGE_LOOP('',(#1514,#1515,#1516,#1517));
#5205=EDGE_LOOP('',(#1518,#1519,#1520,#1521));
#5206=EDGE_LOOP('',(#1522,#1523,#1524,#1525));
#5207=EDGE_LOOP('',(#1526,#1527,#1528,#1529));
#5208=EDGE_LOOP('',(#1530,#1531,#1532,#1533));
#5209=EDGE_LOOP('',(#1534,#1535,#1536,#1537));
#5210=EDGE_LOOP('',(#1538,#1539,#1540,#1541));
#5211=EDGE_LOOP('',(#1542,#1543,#1544,#1545));
#5212=EDGE_LOOP('',(#1546,#1547,#1548,#1549));
#5213=EDGE_LOOP('',(#1550,#1551,#1552,#1553));
#5214=EDGE_LOOP('',(#1554,#1555,#1556,#1557));
#5215=EDGE_LOOP('',(#1558,#1559,#1560,#1561,#1562,#1563,#1564,#1565));
#5216=EDGE_LOOP('',(#1566,#1567,#1568,#1569,#1570,#1571,#1572,#1573));
#5217=EDGE_LOOP('',(#1574));
#5218=EDGE_LOOP('',(#1575));
#5219=EDGE_LOOP('',(#1576));
#5220=EDGE_LOOP('',(#1577));
#5221=EDGE_LOOP('',(#1578));
#5222=EDGE_LOOP('',(#1579));
#5223=EDGE_LOOP('',(#1580));
#5224=EDGE_LOOP('',(#1581));
#5225=EDGE_LOOP('',(#1582));
#5226=EDGE_LOOP('',(#1583));
#5227=EDGE_LOOP('',(#1584));
#5228=EDGE_LOOP('',(#1585));
#5229=EDGE_LOOP('',(#1586,#1587,#1588,#1589));
#5230=EDGE_LOOP('',(#1590,#1591,#1592,#1593));
#5231=EDGE_LOOP('',(#1594,#1595,#1596,#1597));
#5232=EDGE_LOOP('',(#1598,#1599,#1600,#1601));
#5233=EDGE_LOOP('',(#1602,#1603,#1604,#1605));
#5234=EDGE_LOOP('',(#1606,#1607,#1608,#1609));
#5235=EDGE_LOOP('',(#1610,#1611,#1612,#1613));
#5236=EDGE_LOOP('',(#1614,#1615,#1616,#1617));
#5237=EDGE_LOOP('',(#1618,#1619,#1620,#1621));
#5238=EDGE_LOOP('',(#1622,#1623,#1624,#1625));
#5239=EDGE_LOOP('',(#1626,#1627,#1628,#1629));
#5240=EDGE_LOOP('',(#1630,#1631,#1632,#1633));
#5241=EDGE_LOOP('',(#1634,#1635,#1636,#1637));
#5242=EDGE_LOOP('',(#1638,#1639,#1640,#1641));
#5243=EDGE_LOOP('',(#1642,#1643,#1644,#1645));
#5244=EDGE_LOOP('',(#1646,#1647,#1648,#1649));
#5245=EDGE_LOOP('',(#1650,#1651,#1652,#1653));
#5246=EDGE_LOOP('',(#1654,#1655,#1656,#1657));
#5247=EDGE_LOOP('',(#1658,#1659,#1660,#1661));
#5248=EDGE_LOOP('',(#1662,#1663,#1664,#1665));
#5249=EDGE_LOOP('',(#1666,#1667,#1668,#1669));
#5250=EDGE_LOOP('',(#1670,#1671,#1672,#1673));
#5251=EDGE_LOOP('',(#1674,#1675,#1676,#1677));
#5252=EDGE_LOOP('',(#1678,#1679,#1680,#1681));
#5253=EDGE_LOOP('',(#1682));
#5254=EDGE_LOOP('',(#1683));
#5255=EDGE_LOOP('',(#1684));
#5256=EDGE_LOOP('',(#1685));
#5257=EDGE_LOOP('',(#1686));
#5258=EDGE_LOOP('',(#1687));
#5259=EDGE_LOOP('',(#1688));
#5260=EDGE_LOOP('',(#1689));
#5261=EDGE_LOOP('',(#1690));
#5262=EDGE_LOOP('',(#1691));
#5263=EDGE_LOOP('',(#1692));
#5264=EDGE_LOOP('',(#1693));
#5265=EDGE_LOOP('',(#1694));
#5266=EDGE_LOOP('',(#1695));
#5267=EDGE_LOOP('',(#1696));
#5268=EDGE_LOOP('',(#1697));
#5269=EDGE_LOOP('',(#1698));
#5270=EDGE_LOOP('',(#1699));
#5271=EDGE_LOOP('',(#1700));
#5272=EDGE_LOOP('',(#1701));
#5273=EDGE_LOOP('',(#1702));
#5274=EDGE_LOOP('',(#1703));
#5275=EDGE_LOOP('',(#1704));
#5276=EDGE_LOOP('',(#1705));
#5277=EDGE_LOOP('',(#1706));
#5278=EDGE_LOOP('',(#1707));
#5279=EDGE_LOOP('',(#1708));
#5280=EDGE_LOOP('',(#1709));
#5281=EDGE_LOOP('',(#1710));
#5282=EDGE_LOOP('',(#1711));
#5283=EDGE_LOOP('',(#1712));
#5284=EDGE_LOOP('',(#1713));
#5285=EDGE_LOOP('',(#1714));
#5286=EDGE_LOOP('',(#1715,#1716,#1717,#1718,#1719));
#5287=EDGE_LOOP('',(#1720,#1721,#1722,#1723,#1724));
#5288=EDGE_LOOP('',(#1725,#1726,#1727,#1728,#1729,#1730));
#5289=EDGE_LOOP('',(#1731));
#5290=EDGE_LOOP('',(#1732,#1733,#1734,#1735,#1736,#1737,#1738,#1739));
#5291=EDGE_LOOP('',(#1740,#1741,#1742,#1743));
#5292=EDGE_LOOP('',(#1744));
#5293=EDGE_LOOP('',(#1745));
#5294=EDGE_LOOP('',(#1746));
#5295=EDGE_LOOP('',(#1747,#1748,#1749,#1750,#1751));
#5296=EDGE_LOOP('',(#1752,#1753,#1754,#1755,#1756));
#5297=EDGE_LOOP('',(#1757,#1758,#1759,#1760,#1761,#1762));
#5298=EDGE_LOOP('',(#1763));
#5299=EDGE_LOOP('',(#1764,#1765,#1766,#1767,#1768,#1769,#1770,#1771));
#5300=EDGE_LOOP('',(#1772,#1773,#1774,#1775));
#5301=EDGE_LOOP('',(#1776));
#5302=EDGE_LOOP('',(#1777));
#5303=EDGE_LOOP('',(#1778));
#5304=EDGE_LOOP('',(#1779,#1780,#1781,#1782,#1783));
#5305=EDGE_LOOP('',(#1784,#1785,#1786,#1787,#1788));
#5306=EDGE_LOOP('',(#1789,#1790,#1791,#1792,#1793,#1794));
#5307=EDGE_LOOP('',(#1795));
#5308=EDGE_LOOP('',(#1796,#1797,#1798,#1799,#1800,#1801,#1802,#1803));
#5309=EDGE_LOOP('',(#1804,#1805,#1806,#1807));
#5310=EDGE_LOOP('',(#1808));
#5311=EDGE_LOOP('',(#1809));
#5312=EDGE_LOOP('',(#1810));
#5313=EDGE_LOOP('',(#1811,#1812,#1813,#1814,#1815));
#5314=EDGE_LOOP('',(#1816,#1817,#1818,#1819,#1820));
#5315=EDGE_LOOP('',(#1821,#1822,#1823,#1824,#1825,#1826));
#5316=EDGE_LOOP('',(#1827));
#5317=EDGE_LOOP('',(#1828,#1829,#1830,#1831,#1832,#1833,#1834,#1835));
#5318=EDGE_LOOP('',(#1836,#1837,#1838,#1839));
#5319=EDGE_LOOP('',(#1840));
#5320=EDGE_LOOP('',(#1841));
#5321=EDGE_LOOP('',(#1842));
#5322=EDGE_LOOP('',(#1843,#1844,#1845,#1846,#1847));
#5323=EDGE_LOOP('',(#1848,#1849,#1850,#1851,#1852));
#5324=EDGE_LOOP('',(#1853,#1854,#1855,#1856,#1857,#1858));
#5325=EDGE_LOOP('',(#1859));
#5326=EDGE_LOOP('',(#1860,#1861,#1862,#1863,#1864,#1865,#1866,#1867));
#5327=EDGE_LOOP('',(#1868,#1869,#1870,#1871));
#5328=EDGE_LOOP('',(#1872));
#5329=EDGE_LOOP('',(#1873));
#5330=EDGE_LOOP('',(#1874));
#5331=EDGE_LOOP('',(#1875,#1876,#1877,#1878,#1879));
#5332=EDGE_LOOP('',(#1880,#1881,#1882,#1883,#1884));
#5333=EDGE_LOOP('',(#1885,#1886,#1887,#1888,#1889,#1890));
#5334=EDGE_LOOP('',(#1891));
#5335=EDGE_LOOP('',(#1892,#1893,#1894,#1895,#1896,#1897,#1898,#1899));
#5336=EDGE_LOOP('',(#1900,#1901,#1902,#1903));
#5337=EDGE_LOOP('',(#1904));
#5338=EDGE_LOOP('',(#1905));
#5339=EDGE_LOOP('',(#1906));
#5340=EDGE_LOOP('',(#1907,#1908,#1909,#1910,#1911));
#5341=EDGE_LOOP('',(#1912,#1913,#1914,#1915,#1916));
#5342=EDGE_LOOP('',(#1917,#1918,#1919,#1920,#1921,#1922));
#5343=EDGE_LOOP('',(#1923));
#5344=EDGE_LOOP('',(#1924,#1925,#1926,#1927,#1928,#1929,#1930,#1931));
#5345=EDGE_LOOP('',(#1932,#1933,#1934,#1935));
#5346=EDGE_LOOP('',(#1936));
#5347=EDGE_LOOP('',(#1937));
#5348=EDGE_LOOP('',(#1938));
#5349=EDGE_LOOP('',(#1939,#1940,#1941,#1942));
#5350=EDGE_LOOP('',(#1943,#1944,#1945,#1946));
#5351=EDGE_LOOP('',(#1947,#1948,#1949,#1950));
#5352=EDGE_LOOP('',(#1951,#1952,#1953,#1954));
#5353=EDGE_LOOP('',(#1955,#1956,#1957,#1958));
#5354=EDGE_LOOP('',(#1959,#1960,#1961,#1962));
#5355=EDGE_LOOP('',(#1963,#1964,#1965,#1966));
#5356=EDGE_LOOP('',(#1967,#1968,#1969,#1970));
#5357=EDGE_LOOP('',(#1971,#1972,#1973,#1974));
#5358=EDGE_LOOP('',(#1975,#1976,#1977,#1978));
#5359=EDGE_LOOP('',(#1979,#1980,#1981,#1982));
#5360=EDGE_LOOP('',(#1983,#1984,#1985,#1986));
#5361=EDGE_LOOP('',(#1987,#1988,#1989,#1990));
#5362=EDGE_LOOP('',(#1991,#1992,#1993,#1994));
#5363=EDGE_LOOP('',(#1995,#1996,#1997,#1998));
#5364=EDGE_LOOP('',(#1999,#2000,#2001,#2002));
#5365=EDGE_LOOP('',(#2003,#2004,#2005,#2006));
#5366=EDGE_LOOP('',(#2007,#2008,#2009,#2010));
#5367=EDGE_LOOP('',(#2011,#2012,#2013,#2014));
#5368=EDGE_LOOP('',(#2015,#2016,#2017,#2018));
#5369=EDGE_LOOP('',(#2019,#2020,#2021,#2022));
#5370=EDGE_LOOP('',(#2023,#2024,#2025,#2026));
#5371=EDGE_LOOP('',(#2027,#2028,#2029,#2030));
#5372=EDGE_LOOP('',(#2031,#2032,#2033,#2034));
#5373=EDGE_LOOP('',(#2035,#2036,#2037,#2038));
#5374=EDGE_LOOP('',(#2039,#2040,#2041,#2042));
#5375=EDGE_LOOP('',(#2043,#2044,#2045,#2046));
#5376=EDGE_LOOP('',(#2047,#2048,#2049,#2050));
#5377=EDGE_LOOP('',(#2051,#2052,#2053,#2054,#2055,#2056));
#5378=EDGE_LOOP('',(#2057,#2058,#2059,#2060,#2061,#2062));
#5379=EDGE_LOOP('',(#2063,#2064,#2065,#2066,#2067,#2068));
#5380=EDGE_LOOP('',(#2069,#2070,#2071,#2072,#2073,#2074));
#5381=EDGE_LOOP('',(#2075,#2076,#2077,#2078,#2079,#2080));
#5382=EDGE_LOOP('',(#2081,#2082,#2083,#2084,#2085,#2086));
#5383=EDGE_LOOP('',(#2087,#2088,#2089,#2090,#2091,#2092));
#5384=EDGE_LOOP('',(#2093,#2094,#2095,#2096));
#5385=EDGE_LOOP('',(#2097,#2098,#2099,#2100));
#5386=EDGE_LOOP('',(#2101,#2102,#2103,#2104));
#5387=EDGE_LOOP('',(#2105,#2106,#2107,#2108));
#5388=EDGE_LOOP('',(#2109,#2110,#2111,#2112));
#5389=EDGE_LOOP('',(#2113,#2114,#2115,#2116));
#5390=EDGE_LOOP('',(#2117,#2118,#2119,#2120,#2121,#2122,#2123,#2124,#2125,
#2126));
#5391=EDGE_LOOP('',(#2127,#2128,#2129,#2130));
#5392=EDGE_LOOP('',(#2131,#2132,#2133,#2134));
#5393=FACE_BOUND('',#4822,.T.);
#5394=FACE_BOUND('',#4823,.T.);
#5395=FACE_BOUND('',#4824,.T.);
#5396=FACE_BOUND('',#4825,.T.);
#5397=FACE_BOUND('',#4826,.T.);
#5398=FACE_BOUND('',#4827,.T.);
#5399=FACE_BOUND('',#4828,.T.);
#5400=FACE_BOUND('',#4829,.T.);
#5401=FACE_BOUND('',#4830,.T.);
#5402=FACE_BOUND('',#4831,.T.);
#5403=FACE_BOUND('',#4832,.T.);
#5404=FACE_BOUND('',#4833,.T.);
#5405=FACE_BOUND('',#4834,.T.);
#5406=FACE_BOUND('',#4835,.T.);
#5407=FACE_BOUND('',#4836,.T.);
#5408=FACE_BOUND('',#4837,.T.);
#5409=FACE_BOUND('',#4838,.T.);
#5410=FACE_BOUND('',#4839,.T.);
#5411=FACE_BOUND('',#4840,.T.);
#5412=FACE_BOUND('',#4841,.T.);
#5413=FACE_BOUND('',#4842,.T.);
#5414=FACE_BOUND('',#4843,.T.);
#5415=FACE_BOUND('',#4844,.T.);
#5416=FACE_BOUND('',#4845,.T.);
#5417=FACE_BOUND('',#4846,.T.);
#5418=FACE_BOUND('',#4847,.T.);
#5419=FACE_BOUND('',#4848,.T.);
#5420=FACE_BOUND('',#4849,.T.);
#5421=FACE_BOUND('',#4850,.T.);
#5422=FACE_BOUND('',#4851,.T.);
#5423=FACE_BOUND('',#4852,.T.);
#5424=FACE_BOUND('',#4853,.T.);
#5425=FACE_BOUND('',#4854,.T.);
#5426=FACE_BOUND('',#4855,.T.);
#5427=FACE_BOUND('',#4856,.T.);
#5428=FACE_BOUND('',#4857,.T.);
#5429=FACE_BOUND('',#4858,.T.);
#5430=FACE_BOUND('',#4859,.T.);
#5431=FACE_BOUND('',#4860,.T.);
#5432=FACE_BOUND('',#4861,.T.);
#5433=FACE_BOUND('',#4862,.T.);
#5434=FACE_BOUND('',#4863,.T.);
#5435=FACE_BOUND('',#4864,.T.);
#5436=FACE_BOUND('',#4865,.T.);
#5437=FACE_BOUND('',#4866,.T.);
#5438=FACE_BOUND('',#4867,.T.);
#5439=FACE_BOUND('',#4868,.T.);
#5440=FACE_BOUND('',#4869,.T.);
#5441=FACE_BOUND('',#4870,.T.);
#5442=FACE_BOUND('',#4871,.T.);
#5443=FACE_BOUND('',#4872,.T.);
#5444=FACE_BOUND('',#4873,.T.);
#5445=FACE_BOUND('',#4874,.T.);
#5446=FACE_BOUND('',#4875,.T.);
#5447=FACE_BOUND('',#4876,.T.);
#5448=FACE_BOUND('',#4877,.T.);
#5449=FACE_BOUND('',#4878,.T.);
#5450=FACE_BOUND('',#4879,.T.);
#5451=FACE_BOUND('',#4880,.T.);
#5452=FACE_BOUND('',#4881,.T.);
#5453=FACE_BOUND('',#4882,.T.);
#5454=FACE_BOUND('',#4883,.T.);
#5455=FACE_BOUND('',#4884,.T.);
#5456=FACE_BOUND('',#4885,.T.);
#5457=FACE_BOUND('',#4886,.T.);
#5458=FACE_BOUND('',#4887,.T.);
#5459=FACE_BOUND('',#4888,.T.);
#5460=FACE_BOUND('',#4889,.T.);
#5461=FACE_BOUND('',#4890,.T.);
#5462=FACE_BOUND('',#4891,.T.);
#5463=FACE_BOUND('',#4892,.T.);
#5464=FACE_BOUND('',#4893,.T.);
#5465=FACE_BOUND('',#4894,.T.);
#5466=FACE_BOUND('',#4895,.T.);
#5467=FACE_BOUND('',#4896,.T.);
#5468=FACE_BOUND('',#4897,.T.);
#5469=FACE_BOUND('',#4898,.T.);
#5470=FACE_BOUND('',#4899,.T.);
#5471=FACE_BOUND('',#4900,.T.);
#5472=FACE_BOUND('',#4901,.T.);
#5473=FACE_BOUND('',#4902,.T.);
#5474=FACE_BOUND('',#4903,.T.);
#5475=FACE_BOUND('',#4904,.T.);
#5476=FACE_BOUND('',#4905,.T.);
#5477=FACE_BOUND('',#4906,.T.);
#5478=FACE_BOUND('',#4907,.T.);
#5479=FACE_BOUND('',#4908,.T.);
#5480=FACE_BOUND('',#4909,.T.);
#5481=FACE_BOUND('',#4910,.T.);
#5482=FACE_BOUND('',#4911,.T.);
#5483=FACE_BOUND('',#4912,.T.);
#5484=FACE_BOUND('',#4913,.T.);
#5485=FACE_BOUND('',#4914,.T.);
#5486=FACE_BOUND('',#4915,.T.);
#5487=FACE_BOUND('',#4916,.T.);
#5488=FACE_BOUND('',#4917,.T.);
#5489=FACE_BOUND('',#4918,.T.);
#5490=FACE_BOUND('',#4919,.T.);
#5491=FACE_BOUND('',#4920,.T.);
#5492=FACE_BOUND('',#4921,.T.);
#5493=FACE_BOUND('',#4922,.T.);
#5494=FACE_BOUND('',#4923,.T.);
#5495=FACE_BOUND('',#4924,.T.);
#5496=FACE_BOUND('',#4925,.T.);
#5497=FACE_BOUND('',#4926,.T.);
#5498=FACE_BOUND('',#4927,.T.);
#5499=FACE_BOUND('',#4928,.T.);
#5500=FACE_BOUND('',#4929,.T.);
#5501=FACE_BOUND('',#4930,.T.);
#5502=FACE_BOUND('',#4931,.T.);
#5503=FACE_BOUND('',#4932,.T.);
#5504=FACE_BOUND('',#4933,.T.);
#5505=FACE_BOUND('',#4934,.T.);
#5506=FACE_BOUND('',#4935,.T.);
#5507=FACE_BOUND('',#4936,.T.);
#5508=FACE_BOUND('',#4937,.T.);
#5509=FACE_BOUND('',#4938,.T.);
#5510=FACE_BOUND('',#4939,.T.);
#5511=FACE_BOUND('',#4940,.T.);
#5512=FACE_BOUND('',#4941,.T.);
#5513=FACE_BOUND('',#4942,.T.);
#5514=FACE_BOUND('',#4943,.T.);
#5515=FACE_BOUND('',#4944,.T.);
#5516=FACE_BOUND('',#4945,.T.);
#5517=FACE_BOUND('',#4946,.T.);
#5518=FACE_BOUND('',#4947,.T.);
#5519=FACE_BOUND('',#4948,.T.);
#5520=FACE_BOUND('',#4949,.T.);
#5521=FACE_BOUND('',#4950,.T.);
#5522=FACE_BOUND('',#4951,.T.);
#5523=FACE_BOUND('',#4952,.T.);
#5524=FACE_BOUND('',#4953,.T.);
#5525=FACE_BOUND('',#4954,.T.);
#5526=FACE_BOUND('',#4955,.T.);
#5527=FACE_BOUND('',#4956,.T.);
#5528=FACE_BOUND('',#4957,.T.);
#5529=FACE_BOUND('',#4958,.T.);
#5530=FACE_BOUND('',#4959,.T.);
#5531=FACE_BOUND('',#4960,.T.);
#5532=FACE_BOUND('',#4961,.T.);
#5533=FACE_BOUND('',#4962,.T.);
#5534=FACE_BOUND('',#4963,.T.);
#5535=FACE_BOUND('',#4964,.T.);
#5536=FACE_BOUND('',#4965,.T.);
#5537=FACE_BOUND('',#4966,.T.);
#5538=FACE_BOUND('',#4967,.T.);
#5539=FACE_BOUND('',#4968,.T.);
#5540=FACE_BOUND('',#4969,.T.);
#5541=FACE_BOUND('',#4970,.T.);
#5542=FACE_BOUND('',#4971,.T.);
#5543=FACE_BOUND('',#4972,.T.);
#5544=FACE_BOUND('',#4973,.T.);
#5545=FACE_BOUND('',#4974,.T.);
#5546=FACE_BOUND('',#4975,.T.);
#5547=FACE_BOUND('',#4976,.T.);
#5548=FACE_BOUND('',#4977,.T.);
#5549=FACE_BOUND('',#4978,.T.);
#5550=FACE_BOUND('',#4979,.T.);
#5551=FACE_BOUND('',#4980,.T.);
#5552=FACE_BOUND('',#4981,.T.);
#5553=FACE_BOUND('',#4982,.T.);
#5554=FACE_BOUND('',#4983,.T.);
#5555=FACE_BOUND('',#4984,.T.);
#5556=FACE_BOUND('',#4985,.T.);
#5557=FACE_BOUND('',#4986,.T.);
#5558=FACE_BOUND('',#4987,.T.);
#5559=FACE_BOUND('',#4988,.T.);
#5560=FACE_BOUND('',#4989,.T.);
#5561=FACE_BOUND('',#4990,.T.);
#5562=FACE_BOUND('',#4991,.T.);
#5563=FACE_BOUND('',#4992,.T.);
#5564=FACE_BOUND('',#4993,.T.);
#5565=FACE_BOUND('',#4994,.T.);
#5566=FACE_BOUND('',#4995,.T.);
#5567=FACE_BOUND('',#4996,.T.);
#5568=FACE_BOUND('',#4997,.T.);
#5569=FACE_BOUND('',#4998,.T.);
#5570=FACE_BOUND('',#4999,.T.);
#5571=FACE_BOUND('',#5000,.T.);
#5572=FACE_BOUND('',#5001,.T.);
#5573=FACE_BOUND('',#5002,.T.);
#5574=FACE_BOUND('',#5003,.T.);
#5575=FACE_BOUND('',#5004,.T.);
#5576=FACE_BOUND('',#5005,.T.);
#5577=FACE_BOUND('',#5006,.T.);
#5578=FACE_BOUND('',#5007,.T.);
#5579=FACE_BOUND('',#5008,.T.);
#5580=FACE_BOUND('',#5009,.T.);
#5581=FACE_BOUND('',#5010,.T.);
#5582=FACE_BOUND('',#5011,.T.);
#5583=FACE_BOUND('',#5012,.T.);
#5584=FACE_BOUND('',#5013,.T.);
#5585=FACE_BOUND('',#5014,.T.);
#5586=FACE_BOUND('',#5015,.T.);
#5587=FACE_BOUND('',#5016,.T.);
#5588=FACE_BOUND('',#5017,.T.);
#5589=FACE_BOUND('',#5018,.T.);
#5590=FACE_BOUND('',#5019,.T.);
#5591=FACE_BOUND('',#5020,.T.);
#5592=FACE_BOUND('',#5021,.T.);
#5593=FACE_BOUND('',#5022,.T.);
#5594=FACE_BOUND('',#5023,.T.);
#5595=FACE_BOUND('',#5024,.T.);
#5596=FACE_BOUND('',#5025,.T.);
#5597=FACE_BOUND('',#5026,.T.);
#5598=FACE_BOUND('',#5027,.T.);
#5599=FACE_BOUND('',#5028,.T.);
#5600=FACE_BOUND('',#5029,.T.);
#5601=FACE_BOUND('',#5030,.T.);
#5602=FACE_BOUND('',#5031,.T.);
#5603=FACE_BOUND('',#5032,.T.);
#5604=FACE_BOUND('',#5033,.T.);
#5605=FACE_BOUND('',#5034,.T.);
#5606=FACE_BOUND('',#5035,.T.);
#5607=FACE_BOUND('',#5036,.T.);
#5608=FACE_BOUND('',#5037,.T.);
#5609=FACE_BOUND('',#5038,.T.);
#5610=FACE_BOUND('',#5039,.T.);
#5611=FACE_BOUND('',#5040,.T.);
#5612=FACE_BOUND('',#5041,.T.);
#5613=FACE_BOUND('',#5042,.T.);
#5614=FACE_BOUND('',#5043,.T.);
#5615=FACE_BOUND('',#5044,.T.);
#5616=FACE_BOUND('',#5045,.T.);
#5617=FACE_BOUND('',#5046,.T.);
#5618=FACE_BOUND('',#5047,.T.);
#5619=FACE_BOUND('',#5048,.T.);
#5620=FACE_BOUND('',#5049,.T.);
#5621=FACE_BOUND('',#5050,.T.);
#5622=FACE_BOUND('',#5051,.T.);
#5623=FACE_BOUND('',#5052,.T.);
#5624=FACE_BOUND('',#5053,.T.);
#5625=FACE_BOUND('',#5054,.T.);
#5626=FACE_BOUND('',#5055,.T.);
#5627=FACE_BOUND('',#5056,.T.);
#5628=FACE_BOUND('',#5057,.T.);
#5629=FACE_BOUND('',#5058,.T.);
#5630=FACE_BOUND('',#5059,.T.);
#5631=FACE_BOUND('',#5060,.T.);
#5632=FACE_BOUND('',#5061,.T.);
#5633=FACE_BOUND('',#5062,.T.);
#5634=FACE_BOUND('',#5063,.T.);
#5635=FACE_BOUND('',#5064,.T.);
#5636=FACE_BOUND('',#5065,.T.);
#5637=FACE_BOUND('',#5066,.T.);
#5638=FACE_BOUND('',#5067,.T.);
#5639=FACE_BOUND('',#5068,.T.);
#5640=FACE_BOUND('',#5069,.T.);
#5641=FACE_BOUND('',#5070,.T.);
#5642=FACE_BOUND('',#5071,.T.);
#5643=FACE_BOUND('',#5072,.T.);
#5644=FACE_BOUND('',#5073,.T.);
#5645=FACE_BOUND('',#5074,.T.);
#5646=FACE_BOUND('',#5075,.T.);
#5647=FACE_BOUND('',#5076,.T.);
#5648=FACE_BOUND('',#5077,.T.);
#5649=FACE_BOUND('',#5078,.T.);
#5650=FACE_BOUND('',#5079,.T.);
#5651=FACE_BOUND('',#5080,.T.);
#5652=FACE_BOUND('',#5081,.T.);
#5653=FACE_BOUND('',#5082,.T.);
#5654=FACE_BOUND('',#5083,.T.);
#5655=FACE_BOUND('',#5084,.T.);
#5656=FACE_BOUND('',#5085,.T.);
#5657=FACE_BOUND('',#5086,.T.);
#5658=FACE_BOUND('',#5087,.T.);
#5659=FACE_BOUND('',#5088,.T.);
#5660=FACE_BOUND('',#5089,.T.);
#5661=FACE_BOUND('',#5090,.T.);
#5662=FACE_BOUND('',#5091,.T.);
#5663=FACE_BOUND('',#5092,.T.);
#5664=FACE_BOUND('',#5093,.T.);
#5665=FACE_BOUND('',#5094,.T.);
#5666=FACE_BOUND('',#5095,.T.);
#5667=FACE_BOUND('',#5096,.T.);
#5668=FACE_BOUND('',#5097,.T.);
#5669=FACE_BOUND('',#5098,.T.);
#5670=FACE_BOUND('',#5099,.T.);
#5671=FACE_BOUND('',#5100,.T.);
#5672=FACE_BOUND('',#5101,.T.);
#5673=FACE_BOUND('',#5102,.T.);
#5674=FACE_BOUND('',#5103,.T.);
#5675=FACE_BOUND('',#5104,.T.);
#5676=FACE_BOUND('',#5105,.T.);
#5677=FACE_BOUND('',#5106,.T.);
#5678=FACE_BOUND('',#5107,.T.);
#5679=FACE_BOUND('',#5108,.T.);
#5680=FACE_BOUND('',#5109,.T.);
#5681=FACE_BOUND('',#5110,.T.);
#5682=FACE_BOUND('',#5111,.T.);
#5683=FACE_BOUND('',#5112,.T.);
#5684=FACE_BOUND('',#5113,.T.);
#5685=FACE_BOUND('',#5114,.T.);
#5686=FACE_BOUND('',#5115,.T.);
#5687=FACE_BOUND('',#5116,.T.);
#5688=FACE_BOUND('',#5117,.T.);
#5689=FACE_BOUND('',#5118,.T.);
#5690=FACE_BOUND('',#5119,.T.);
#5691=FACE_BOUND('',#5120,.T.);
#5692=FACE_BOUND('',#5121,.T.);
#5693=FACE_BOUND('',#5122,.T.);
#5694=FACE_BOUND('',#5123,.T.);
#5695=FACE_BOUND('',#5124,.T.);
#5696=FACE_BOUND('',#5125,.T.);
#5697=FACE_BOUND('',#5126,.T.);
#5698=FACE_BOUND('',#5127,.T.);
#5699=FACE_BOUND('',#5128,.T.);
#5700=FACE_BOUND('',#5129,.T.);
#5701=FACE_BOUND('',#5130,.T.);
#5702=FACE_BOUND('',#5131,.T.);
#5703=FACE_BOUND('',#5132,.T.);
#5704=FACE_BOUND('',#5133,.T.);
#5705=FACE_BOUND('',#5134,.T.);
#5706=FACE_BOUND('',#5135,.T.);
#5707=FACE_BOUND('',#5136,.T.);
#5708=FACE_BOUND('',#5137,.T.);
#5709=FACE_BOUND('',#5138,.T.);
#5710=FACE_BOUND('',#5139,.T.);
#5711=FACE_BOUND('',#5140,.T.);
#5712=FACE_BOUND('',#5141,.T.);
#5713=FACE_BOUND('',#5142,.T.);
#5714=FACE_BOUND('',#5143,.T.);
#5715=FACE_BOUND('',#5144,.T.);
#5716=FACE_BOUND('',#5145,.T.);
#5717=FACE_BOUND('',#5146,.T.);
#5718=FACE_BOUND('',#5147,.T.);
#5719=FACE_BOUND('',#5148,.T.);
#5720=FACE_BOUND('',#5149,.T.);
#5721=FACE_BOUND('',#5150,.T.);
#5722=FACE_BOUND('',#5151,.T.);
#5723=FACE_BOUND('',#5152,.T.);
#5724=FACE_BOUND('',#5153,.T.);
#5725=FACE_BOUND('',#5154,.T.);
#5726=FACE_BOUND('',#5155,.T.);
#5727=FACE_BOUND('',#5156,.T.);
#5728=FACE_BOUND('',#5157,.T.);
#5729=FACE_BOUND('',#5158,.T.);
#5730=FACE_BOUND('',#5159,.T.);
#5731=FACE_BOUND('',#5160,.T.);
#5732=FACE_BOUND('',#5161,.T.);
#5733=FACE_BOUND('',#5162,.T.);
#5734=FACE_BOUND('',#5163,.T.);
#5735=FACE_BOUND('',#5164,.T.);
#5736=FACE_BOUND('',#5165,.T.);
#5737=FACE_BOUND('',#5166,.T.);
#5738=FACE_BOUND('',#5167,.T.);
#5739=FACE_BOUND('',#5168,.T.);
#5740=FACE_BOUND('',#5169,.T.);
#5741=FACE_BOUND('',#5170,.T.);
#5742=FACE_BOUND('',#5171,.T.);
#5743=FACE_BOUND('',#5172,.T.);
#5744=FACE_BOUND('',#5173,.T.);
#5745=FACE_BOUND('',#5174,.T.);
#5746=FACE_BOUND('',#5175,.T.);
#5747=FACE_BOUND('',#5176,.T.);
#5748=FACE_BOUND('',#5177,.T.);
#5749=FACE_BOUND('',#5178,.T.);
#5750=FACE_BOUND('',#5179,.T.);
#5751=FACE_BOUND('',#5180,.T.);
#5752=FACE_BOUND('',#5181,.T.);
#5753=FACE_BOUND('',#5182,.T.);
#5754=FACE_BOUND('',#5183,.T.);
#5755=FACE_BOUND('',#5184,.T.);
#5756=FACE_BOUND('',#5185,.T.);
#5757=FACE_BOUND('',#5186,.T.);
#5758=FACE_BOUND('',#5187,.T.);
#5759=FACE_BOUND('',#5188,.T.);
#5760=FACE_BOUND('',#5189,.T.);
#5761=FACE_BOUND('',#5190,.T.);
#5762=FACE_BOUND('',#5191,.T.);
#5763=FACE_BOUND('',#5192,.T.);
#5764=FACE_BOUND('',#5193,.T.);
#5765=FACE_BOUND('',#5194,.T.);
#5766=FACE_BOUND('',#5195,.T.);
#5767=FACE_BOUND('',#5196,.T.);
#5768=FACE_BOUND('',#5197,.T.);
#5769=FACE_BOUND('',#5198,.T.);
#5770=FACE_BOUND('',#5199,.T.);
#5771=FACE_BOUND('',#5200,.T.);
#5772=FACE_BOUND('',#5201,.T.);
#5773=FACE_BOUND('',#5202,.T.);
#5774=FACE_BOUND('',#5203,.T.);
#5775=FACE_BOUND('',#5204,.T.);
#5776=FACE_BOUND('',#5205,.T.);
#5777=FACE_BOUND('',#5206,.T.);
#5778=FACE_BOUND('',#5207,.T.);
#5779=FACE_BOUND('',#5208,.T.);
#5780=FACE_BOUND('',#5209,.T.);
#5781=FACE_BOUND('',#5210,.T.);
#5782=FACE_BOUND('',#5211,.T.);
#5783=FACE_BOUND('',#5212,.T.);
#5784=FACE_BOUND('',#5213,.T.);
#5785=FACE_BOUND('',#5214,.T.);
#5786=FACE_BOUND('',#5215,.T.);
#5787=FACE_BOUND('',#5216,.T.);
#5788=FACE_BOUND('',#5217,.T.);
#5789=FACE_BOUND('',#5218,.T.);
#5790=FACE_BOUND('',#5219,.T.);
#5791=FACE_BOUND('',#5220,.T.);
#5792=FACE_BOUND('',#5221,.T.);
#5793=FACE_BOUND('',#5222,.T.);
#5794=FACE_BOUND('',#5223,.T.);
#5795=FACE_BOUND('',#5224,.T.);
#5796=FACE_BOUND('',#5225,.T.);
#5797=FACE_BOUND('',#5226,.T.);
#5798=FACE_BOUND('',#5227,.T.);
#5799=FACE_BOUND('',#5228,.T.);
#5800=FACE_BOUND('',#5229,.T.);
#5801=FACE_BOUND('',#5230,.T.);
#5802=FACE_BOUND('',#5231,.T.);
#5803=FACE_BOUND('',#5232,.T.);
#5804=FACE_BOUND('',#5233,.T.);
#5805=FACE_BOUND('',#5234,.T.);
#5806=FACE_BOUND('',#5235,.T.);
#5807=FACE_BOUND('',#5236,.T.);
#5808=FACE_BOUND('',#5237,.T.);
#5809=FACE_BOUND('',#5238,.T.);
#5810=FACE_BOUND('',#5239,.T.);
#5811=FACE_BOUND('',#5240,.T.);
#5812=FACE_BOUND('',#5241,.T.);
#5813=FACE_BOUND('',#5242,.T.);
#5814=FACE_BOUND('',#5243,.T.);
#5815=FACE_BOUND('',#5244,.T.);
#5816=FACE_BOUND('',#5245,.T.);
#5817=FACE_BOUND('',#5246,.T.);
#5818=FACE_BOUND('',#5247,.T.);
#5819=FACE_BOUND('',#5248,.T.);
#5820=FACE_BOUND('',#5249,.T.);
#5821=FACE_BOUND('',#5250,.T.);
#5822=FACE_BOUND('',#5251,.T.);
#5823=FACE_BOUND('',#5252,.T.);
#5824=FACE_BOUND('',#5253,.T.);
#5825=FACE_BOUND('',#5254,.T.);
#5826=FACE_BOUND('',#5255,.T.);
#5827=FACE_BOUND('',#5256,.T.);
#5828=FACE_BOUND('',#5257,.T.);
#5829=FACE_BOUND('',#5258,.T.);
#5830=FACE_BOUND('',#5259,.T.);
#5831=FACE_BOUND('',#5260,.T.);
#5832=FACE_BOUND('',#5261,.T.);
#5833=FACE_BOUND('',#5262,.T.);
#5834=FACE_BOUND('',#5263,.T.);
#5835=FACE_BOUND('',#5264,.T.);
#5836=FACE_BOUND('',#5265,.T.);
#5837=FACE_BOUND('',#5266,.T.);
#5838=FACE_BOUND('',#5267,.T.);
#5839=FACE_BOUND('',#5268,.T.);
#5840=FACE_BOUND('',#5269,.T.);
#5841=FACE_BOUND('',#5270,.T.);
#5842=FACE_BOUND('',#5271,.T.);
#5843=FACE_BOUND('',#5272,.T.);
#5844=FACE_BOUND('',#5273,.T.);
#5845=FACE_BOUND('',#5274,.T.);
#5846=FACE_BOUND('',#5275,.T.);
#5847=FACE_BOUND('',#5276,.T.);
#5848=FACE_BOUND('',#5277,.T.);
#5849=FACE_BOUND('',#5278,.T.);
#5850=FACE_BOUND('',#5279,.T.);
#5851=FACE_BOUND('',#5280,.T.);
#5852=FACE_BOUND('',#5281,.T.);
#5853=FACE_BOUND('',#5282,.T.);
#5854=FACE_BOUND('',#5283,.T.);
#5855=FACE_BOUND('',#5284,.T.);
#5856=FACE_BOUND('',#5285,.T.);
#5857=FACE_BOUND('',#5286,.T.);
#5858=FACE_BOUND('',#5287,.T.);
#5859=FACE_BOUND('',#5288,.T.);
#5860=FACE_BOUND('',#5289,.T.);
#5861=FACE_BOUND('',#5290,.T.);
#5862=FACE_BOUND('',#5291,.T.);
#5863=FACE_BOUND('',#5292,.T.);
#5864=FACE_BOUND('',#5293,.T.);
#5865=FACE_BOUND('',#5294,.T.);
#5866=FACE_BOUND('',#5295,.T.);
#5867=FACE_BOUND('',#5296,.T.);
#5868=FACE_BOUND('',#5297,.T.);
#5869=FACE_BOUND('',#5298,.T.);
#5870=FACE_BOUND('',#5299,.T.);
#5871=FACE_BOUND('',#5300,.T.);
#5872=FACE_BOUND('',#5301,.T.);
#5873=FACE_BOUND('',#5302,.T.);
#5874=FACE_BOUND('',#5303,.T.);
#5875=FACE_BOUND('',#5304,.T.);
#5876=FACE_BOUND('',#5305,.T.);
#5877=FACE_BOUND('',#5306,.T.);
#5878=FACE_BOUND('',#5307,.T.);
#5879=FACE_BOUND('',#5308,.T.);
#5880=FACE_BOUND('',#5309,.T.);
#5881=FACE_BOUND('',#5310,.T.);
#5882=FACE_BOUND('',#5311,.T.);
#5883=FACE_BOUND('',#5312,.T.);
#5884=FACE_BOUND('',#5313,.T.);
#5885=FACE_BOUND('',#5314,.T.);
#5886=FACE_BOUND('',#5315,.T.);
#5887=FACE_BOUND('',#5316,.T.);
#5888=FACE_BOUND('',#5317,.T.);
#5889=FACE_BOUND('',#5318,.T.);
#5890=FACE_BOUND('',#5319,.T.);
#5891=FACE_BOUND('',#5320,.T.);
#5892=FACE_BOUND('',#5321,.T.);
#5893=FACE_BOUND('',#5322,.T.);
#5894=FACE_BOUND('',#5323,.T.);
#5895=FACE_BOUND('',#5324,.T.);
#5896=FACE_BOUND('',#5325,.T.);
#5897=FACE_BOUND('',#5326,.T.);
#5898=FACE_BOUND('',#5327,.T.);
#5899=FACE_BOUND('',#5328,.T.);
#5900=FACE_BOUND('',#5329,.T.);
#5901=FACE_BOUND('',#5330,.T.);
#5902=FACE_BOUND('',#5331,.T.);
#5903=FACE_BOUND('',#5332,.T.);
#5904=FACE_BOUND('',#5333,.T.);
#5905=FACE_BOUND('',#5334,.T.);
#5906=FACE_BOUND('',#5335,.T.);
#5907=FACE_BOUND('',#5336,.T.);
#5908=FACE_BOUND('',#5337,.T.);
#5909=FACE_BOUND('',#5338,.T.);
#5910=FACE_BOUND('',#5339,.T.);
#5911=FACE_BOUND('',#5340,.T.);
#5912=FACE_BOUND('',#5341,.T.);
#5913=FACE_BOUND('',#5342,.T.);
#5914=FACE_BOUND('',#5343,.T.);
#5915=FACE_BOUND('',#5344,.T.);
#5916=FACE_BOUND('',#5345,.T.);
#5917=FACE_BOUND('',#5346,.T.);
#5918=FACE_BOUND('',#5347,.T.);
#5919=FACE_BOUND('',#5348,.T.);
#5920=FACE_BOUND('',#5349,.T.);
#5921=FACE_BOUND('',#5350,.T.);
#5922=FACE_BOUND('',#5351,.T.);
#5923=FACE_BOUND('',#5352,.T.);
#5924=FACE_BOUND('',#5353,.T.);
#5925=FACE_BOUND('',#5354,.T.);
#5926=FACE_BOUND('',#5355,.T.);
#5927=FACE_BOUND('',#5356,.T.);
#5928=FACE_BOUND('',#5357,.T.);
#5929=FACE_BOUND('',#5358,.T.);
#5930=FACE_BOUND('',#5359,.T.);
#5931=FACE_BOUND('',#5360,.T.);
#5932=FACE_BOUND('',#5361,.T.);
#5933=FACE_BOUND('',#5362,.T.);
#5934=FACE_BOUND('',#5363,.T.);
#5935=FACE_BOUND('',#5364,.T.);
#5936=FACE_BOUND('',#5365,.T.);
#5937=FACE_BOUND('',#5366,.T.);
#5938=FACE_BOUND('',#5367,.T.);
#5939=FACE_BOUND('',#5368,.T.);
#5940=FACE_BOUND('',#5369,.T.);
#5941=FACE_BOUND('',#5370,.T.);
#5942=FACE_BOUND('',#5371,.T.);
#5943=FACE_BOUND('',#5372,.T.);
#5944=FACE_BOUND('',#5373,.T.);
#5945=FACE_BOUND('',#5374,.T.);
#5946=FACE_BOUND('',#5375,.T.);
#5947=FACE_BOUND('',#5376,.T.);
#5948=FACE_BOUND('',#5377,.T.);
#5949=FACE_BOUND('',#5378,.T.);
#5950=FACE_BOUND('',#5379,.T.);
#5951=FACE_BOUND('',#5380,.T.);
#5952=FACE_BOUND('',#5381,.T.);
#5953=FACE_BOUND('',#5382,.T.);
#5954=FACE_BOUND('',#5383,.T.);
#5955=FACE_BOUND('',#5384,.T.);
#5956=FACE_BOUND('',#5385,.T.);
#5957=FACE_BOUND('',#5386,.T.);
#5958=FACE_BOUND('',#5387,.T.);
#5959=FACE_BOUND('',#5388,.T.);
#5960=FACE_BOUND('',#5389,.T.);
#5961=FACE_BOUND('',#5390,.T.);
#5962=FACE_BOUND('',#5391,.T.);
#5963=FACE_BOUND('',#5392,.T.);
#5964=PLANE('',#6610);
#5965=PLANE('',#6611);
#5966=PLANE('',#6612);
#5967=PLANE('',#6613);
#5968=PLANE('',#6647);
#5969=PLANE('',#6678);
#5970=PLANE('',#6679);
#5971=PLANE('',#6680);
#5972=PLANE('',#6685);
#5973=PLANE('',#6686);
#5974=PLANE('',#6688);
#5975=PLANE('',#6690);
#5976=PLANE('',#6692);
#5977=PLANE('',#6693);
#5978=PLANE('',#6694);
#5979=PLANE('',#6695);
#5980=PLANE('',#6696);
#5981=PLANE('',#6697);
#5982=PLANE('',#6698);
#5983=PLANE('',#6699);
#5984=PLANE('',#6700);
#5985=PLANE('',#6701);
#5986=PLANE('',#6702);
#5987=PLANE('',#6703);
#5988=PLANE('',#6704);
#5989=PLANE('',#6707);
#5990=PLANE('',#6708);
#5991=PLANE('',#6709);
#5992=PLANE('',#6710);
#5993=PLANE('',#6711);
#5994=PLANE('',#6712);
#5995=PLANE('',#6713);
#5996=PLANE('',#6714);
#5997=PLANE('',#6715);
#5998=PLANE('',#6716);
#5999=PLANE('',#6717);
#6000=PLANE('',#6718);
#6001=PLANE('',#6719);
#6002=PLANE('',#6722);
#6003=PLANE('',#6723);
#6004=PLANE('',#6724);
#6005=PLANE('',#6725);
#6006=PLANE('',#6726);
#6007=PLANE('',#6727);
#6008=PLANE('',#6728);
#6009=PLANE('',#6729);
#6010=PLANE('',#6730);
#6011=PLANE('',#6731);
#6012=PLANE('',#6732);
#6013=PLANE('',#6733);
#6014=PLANE('',#6734);
#6015=PLANE('',#6737);
#6016=PLANE('',#6747);
#6017=PLANE('',#6750);
#6018=PLANE('',#6752);
#6019=PLANE('',#6753);
#6020=PLANE('',#6754);
#6021=PLANE('',#6755);
#6022=PLANE('',#6765);
#6023=PLANE('',#6768);
#6024=PLANE('',#6770);
#6025=PLANE('',#6771);
#6026=PLANE('',#6772);
#6027=PLANE('',#6773);
#6028=PLANE('',#6783);
#6029=PLANE('',#6786);
#6030=PLANE('',#6788);
#6031=PLANE('',#6789);
#6032=PLANE('',#6790);
#6033=PLANE('',#6791);
#6034=PLANE('',#6797);
#6035=PLANE('',#6802);
#6036=PLANE('',#6806);
#6037=PLANE('',#6809);
#6038=PLANE('',#6812);
#6039=PLANE('',#6816);
#6040=PLANE('',#6820);
#6041=PLANE('',#6823);
#6042=PLANE('',#6826);
#6043=PLANE('',#6827);
#6044=PLANE('',#6828);
#6045=PLANE('',#6829);
#6046=PLANE('',#6830);
#6047=PLANE('',#6833);
#6048=PLANE('',#6837);
#6049=PLANE('',#6842);
#6050=PLANE('',#6843);
#6051=PLANE('',#6844);
#6052=PLANE('',#6845);
#6053=PLANE('',#6846);
#6054=PLANE('',#6847);
#6055=PLANE('',#6848);
#6056=PLANE('',#6849);
#6057=PLANE('',#6850);
#6058=PLANE('',#6851);
#6059=PLANE('',#6852);
#6060=PLANE('',#6853);
#6061=PLANE('',#6854);
#6062=PLANE('',#6855);
#6063=PLANE('',#6856);
#6064=PLANE('',#6857);
#6065=PLANE('',#6858);
#6066=PLANE('',#6859);
#6067=PLANE('',#6860);
#6068=PLANE('',#6861);
#6069=PLANE('',#6862);
#6070=PLANE('',#6863);
#6071=PLANE('',#6864);
#6072=PLANE('',#6867);
#6073=PLANE('',#6868);
#6074=PLANE('',#6869);
#6075=PLANE('',#6870);
#6076=PLANE('',#6877);
#6077=PLANE('',#6880);
#6078=PLANE('',#6883);
#6079=PLANE('',#6886);
#6080=PLANE('',#6903);
#6081=PLANE('',#6904);
#6082=PLANE('',#6905);
#6083=PLANE('',#6906);
#6084=PLANE('',#6907);
#6085=PLANE('',#6908);
#6086=PLANE('',#6909);
#6087=PLANE('',#6910);
#6088=PLANE('',#6911);
#6089=PLANE('',#6912);
#6090=PLANE('',#6913);
#6091=PLANE('',#6914);
#6092=PLANE('',#6915);
#6093=PLANE('',#6916);
#6094=PLANE('',#6923);
#6095=PLANE('',#6926);
#6096=PLANE('',#6929);
#6097=PLANE('',#6932);
#6098=PLANE('',#6949);
#6099=PLANE('',#6950);
#6100=PLANE('',#6951);
#6101=PLANE('',#6952);
#6102=PLANE('',#6953);
#6103=PLANE('',#6954);
#6104=PLANE('',#6955);
#6105=PLANE('',#6956);
#6106=PLANE('',#6957);
#6107=PLANE('',#6958);
#6108=PLANE('',#6959);
#6109=PLANE('',#6960);
#6110=PLANE('',#6961);
#6111=PLANE('',#6962);
#6112=PLANE('',#6969);
#6113=PLANE('',#6972);
#6114=PLANE('',#6975);
#6115=PLANE('',#6978);
#6116=PLANE('',#6995);
#6117=PLANE('',#6996);
#6118=PLANE('',#6997);
#6119=PLANE('',#6998);
#6120=PLANE('',#6999);
#6121=PLANE('',#7000);
#6122=PLANE('',#7001);
#6123=PLANE('',#7002);
#6124=PLANE('',#7003);
#6125=PLANE('',#7004);
#6126=PLANE('',#7005);
#6127=PLANE('',#7006);
#6128=PLANE('',#7007);
#6129=PLANE('',#7008);
#6130=PLANE('',#7015);
#6131=PLANE('',#7018);
#6132=PLANE('',#7021);
#6133=PLANE('',#7024);
#6134=PLANE('',#7041);
#6135=PLANE('',#7042);
#6136=PLANE('',#7043);
#6137=PLANE('',#7044);
#6138=PLANE('',#7045);
#6139=PLANE('',#7046);
#6140=PLANE('',#7047);
#6141=PLANE('',#7048);
#6142=PLANE('',#7049);
#6143=PLANE('',#7050);
#6144=PLANE('',#7051);
#6145=PLANE('',#7052);
#6146=PLANE('',#7053);
#6147=PLANE('',#7054);
#6148=PLANE('',#7055);
#6149=PLANE('',#7056);
#6150=PLANE('',#7063);
#6151=PLANE('',#7065);
#6152=PLANE('',#7074);
#6153=PLANE('',#7076);
#6154=PLANE('',#7085);
#6155=PLANE('',#7087);
#6156=PLANE('',#7090);
#6157=PLANE('',#7091);
#6158=PLANE('',#7092);
#6159=PLANE('',#7095);
#6160=PLANE('',#7101);
#6161=PLANE('',#7104);
#6162=PLANE('',#7105);
#6163=PLANE('',#7106);
#6164=PLANE('',#7107);
#6165=PLANE('',#7110);
#6166=PLANE('',#7116);
#6167=PLANE('',#7119);
#6168=PLANE('',#7120);
#6169=PLANE('',#7121);
#6170=PLANE('',#7122);
#6171=PLANE('',#7125);
#6172=PLANE('',#7131);
#6173=PLANE('',#7134);
#6174=PLANE('',#7135);
#6175=PLANE('',#7136);
#6176=PLANE('',#7137);
#6177=PLANE('',#7140);
#6178=PLANE('',#7146);
#6179=PLANE('',#7149);
#6180=PLANE('',#7150);
#6181=PLANE('',#7151);
#6182=PLANE('',#7152);
#6183=PLANE('',#7155);
#6184=PLANE('',#7161);
#6185=PLANE('',#7164);
#6186=PLANE('',#7165);
#6187=PLANE('',#7166);
#6188=PLANE('',#7167);
#6189=PLANE('',#7170);
#6190=PLANE('',#7176);
#6191=PLANE('',#7179);
#6192=PLANE('',#7180);
#6193=PLANE('',#7181);
#6194=PLANE('',#7182);
#6195=PLANE('',#7185);
#6196=PLANE('',#7191);
#6197=PLANE('',#7194);
#6198=PLANE('',#7237);
#6199=PLANE('',#7238);
#6200=PLANE('',#7239);
#6201=PLANE('',#7240);
#6202=PLANE('',#7241);
#6203=PLANE('',#7242);
#6204=PLANE('',#7243);
#6205=PLANE('',#7244);
#6206=PLANE('',#7245);
#6207=PLANE('',#7246);
#6208=PLANE('',#7247);
#6209=PLANE('',#7248);
#6210=PLANE('',#7249);
#6211=PLANE('',#7250);
#6212=ADVANCED_FACE('',(#5393),#5964,.T.);
#6213=ADVANCED_FACE('',(#5394,#5395,#5396),#5965,.F.);
#6214=ADVANCED_FACE('',(#5397,#5398,#5399),#5966,.F.);
#6215=ADVANCED_FACE('',(#5400,#5401,#5402,#5403,#5404,#5405,#5406,#5407,
#5408,#5409,#5410,#5411,#5412,#5413,#5414,#5415,#5416,#5417,#5418,#5419,
#5420,#5421,#5422,#5423,#5424,#5425,#5426,#5427,#5428,#5429,#5430,#5431,
#5432,#5433,#5434,#5435,#5436,#5437,#5438,#5439,#5440,#5441,#5442,#5443,
#5444,#5445,#5446),#5967,.F.);
#6216=ADVANCED_FACE('',(#5447,#5448,#5449,#5450,#5451,#5452,#5453,#5454,
#5455,#5456,#5457,#5458,#5459,#5460,#5461,#5462,#5463,#5464,#5465,#5466,
#5467,#5468,#5469,#5470,#5471),#5968,.T.);
#6217=ADVANCED_FACE('',(#5472),#5969,.T.);
#6218=ADVANCED_FACE('',(#5473),#5970,.T.);
#6219=ADVANCED_FACE('',(#5474),#5971,.T.);
#6220=ADVANCED_FACE('',(#5475,#5476,#5477,#5478),#5972,.F.);
#6221=ADVANCED_FACE('',(#5479,#5480),#5973,.F.);
#6222=ADVANCED_FACE('',(#5481,#5482),#5974,.F.);
#6223=ADVANCED_FACE('',(#5483,#5484),#5975,.F.);
#6224=ADVANCED_FACE('',(#5485),#5976,.T.);
#6225=ADVANCED_FACE('',(#5486),#5977,.F.);
#6226=ADVANCED_FACE('',(#5487),#5978,.T.);
#6227=ADVANCED_FACE('',(#5488),#5979,.T.);
#6228=ADVANCED_FACE('',(#5489),#5980,.T.);
#6229=ADVANCED_FACE('',(#5490),#5981,.T.);
#6230=ADVANCED_FACE('',(#5491),#5982,.F.);
#6231=ADVANCED_FACE('',(#5492),#5983,.F.);
#6232=ADVANCED_FACE('',(#5493),#5984,.T.);
#6233=ADVANCED_FACE('',(#5494),#5985,.T.);
#6234=ADVANCED_FACE('',(#5495),#5986,.F.);
#6235=ADVANCED_FACE('',(#5496),#5987,.F.);
#6236=ADVANCED_FACE('',(#5497,#5498),#5988,.T.);
#6237=ADVANCED_FACE('',(#5499,#5500),#42,.F.);
#6238=ADVANCED_FACE('',(#5501),#5989,.T.);
#6239=ADVANCED_FACE('',(#5502),#5990,.F.);
#6240=ADVANCED_FACE('',(#5503),#5991,.T.);
#6241=ADVANCED_FACE('',(#5504),#5992,.T.);
#6242=ADVANCED_FACE('',(#5505),#5993,.T.);
#6243=ADVANCED_FACE('',(#5506),#5994,.T.);
#6244=ADVANCED_FACE('',(#5507),#5995,.F.);
#6245=ADVANCED_FACE('',(#5508),#5996,.F.);
#6246=ADVANCED_FACE('',(#5509),#5997,.T.);
#6247=ADVANCED_FACE('',(#5510),#5998,.T.);
#6248=ADVANCED_FACE('',(#5511),#5999,.F.);
#6249=ADVANCED_FACE('',(#5512),#6000,.F.);
#6250=ADVANCED_FACE('',(#5513,#5514),#6001,.T.);
#6251=ADVANCED_FACE('',(#5515,#5516),#43,.F.);
#6252=ADVANCED_FACE('',(#5517),#6002,.T.);
#6253=ADVANCED_FACE('',(#5518),#6003,.F.);
#6254=ADVANCED_FACE('',(#5519),#6004,.T.);
#6255=ADVANCED_FACE('',(#5520),#6005,.T.);
#6256=ADVANCED_FACE('',(#5521),#6006,.T.);
#6257=ADVANCED_FACE('',(#5522),#6007,.T.);
#6258=ADVANCED_FACE('',(#5523),#6008,.F.);
#6259=ADVANCED_FACE('',(#5524),#6009,.F.);
#6260=ADVANCED_FACE('',(#5525),#6010,.T.);
#6261=ADVANCED_FACE('',(#5526),#6011,.T.);
#6262=ADVANCED_FACE('',(#5527),#6012,.F.);
#6263=ADVANCED_FACE('',(#5528),#6013,.F.);
#6264=ADVANCED_FACE('',(#5529,#5530),#6014,.T.);
#6265=ADVANCED_FACE('',(#5531,#5532),#44,.F.);
#6266=ADVANCED_FACE('',(#5533,#5534),#6015,.F.);
#6267=ADVANCED_FACE('',(#5535,#5536),#31,.F.);
#6268=ADVANCED_FACE('',(#5537,#5538),#32,.F.);
#6269=ADVANCED_FACE('',(#5539,#5540),#45,.F.);
#6270=ADVANCED_FACE('',(#5541,#5542),#6016,.T.);
#6271=ADVANCED_FACE('',(#5543,#5544),#46,.F.);
#6272=ADVANCED_FACE('',(#5545,#5546),#6017,.T.);
#6273=ADVANCED_FACE('',(#5547,#5548),#47,.F.);
#6274=ADVANCED_FACE('',(#5549),#6018,.T.);
#6275=ADVANCED_FACE('',(#5550),#6019,.F.);
#6276=ADVANCED_FACE('',(#5551),#6020,.F.);
#6277=ADVANCED_FACE('',(#5552),#6021,.T.);
#6278=ADVANCED_FACE('',(#5553,#5554),#48,.F.);
#6279=ADVANCED_FACE('',(#5555,#5556),#33,.F.);
#6280=ADVANCED_FACE('',(#5557,#5558),#34,.F.);
#6281=ADVANCED_FACE('',(#5559,#5560),#49,.F.);
#6282=ADVANCED_FACE('',(#5561,#5562),#6022,.T.);
#6283=ADVANCED_FACE('',(#5563,#5564),#50,.F.);
#6284=ADVANCED_FACE('',(#5565,#5566),#6023,.T.);
#6285=ADVANCED_FACE('',(#5567,#5568),#51,.F.);
#6286=ADVANCED_FACE('',(#5569),#6024,.T.);
#6287=ADVANCED_FACE('',(#5570),#6025,.F.);
#6288=ADVANCED_FACE('',(#5571),#6026,.F.);
#6289=ADVANCED_FACE('',(#5572),#6027,.T.);
#6290=ADVANCED_FACE('',(#5573,#5574),#52,.F.);
#6291=ADVANCED_FACE('',(#5575,#5576),#35,.F.);
#6292=ADVANCED_FACE('',(#5577,#5578),#36,.F.);
#6293=ADVANCED_FACE('',(#5579,#5580),#53,.F.);
#6294=ADVANCED_FACE('',(#5581,#5582),#6028,.T.);
#6295=ADVANCED_FACE('',(#5583,#5584),#54,.F.);
#6296=ADVANCED_FACE('',(#5585,#5586),#6029,.T.);
#6297=ADVANCED_FACE('',(#5587,#5588),#55,.F.);
#6298=ADVANCED_FACE('',(#5589),#6030,.T.);
#6299=ADVANCED_FACE('',(#5590),#6031,.F.);
#6300=ADVANCED_FACE('',(#5591),#6032,.F.);
#6301=ADVANCED_FACE('',(#5592),#6033,.T.);
#6302=ADVANCED_FACE('',(#5593,#5594),#56,.F.);
#6303=ADVANCED_FACE('',(#5595,#5596),#57,.F.);
#6304=ADVANCED_FACE('',(#5597,#5598),#58,.F.);
#6305=ADVANCED_FACE('',(#5599),#6034,.T.);
#6306=ADVANCED_FACE('',(#5600),#59,.T.);
#6307=ADVANCED_FACE('',(#5601),#60,.T.);
#6308=ADVANCED_FACE('',(#5602,#5603),#61,.F.);
#6309=ADVANCED_FACE('',(#5604,#5605),#6035,.T.);
#6310=ADVANCED_FACE('',(#5606,#5607),#62,.F.);
#6311=ADVANCED_FACE('',(#5608,#5609),#6036,.T.);
#6312=ADVANCED_FACE('',(#5610,#5611),#63,.F.);
#6313=ADVANCED_FACE('',(#5612,#5613),#6037,.T.);
#6314=ADVANCED_FACE('',(#5614,#5615),#64,.F.);
#6315=ADVANCED_FACE('',(#5616,#5617),#6038,.T.);
#6316=ADVANCED_FACE('',(#5618),#65,.F.);
#6317=ADVANCED_FACE('',(#5619),#66,.F.);
#6318=ADVANCED_FACE('',(#5620,#5621),#67,.T.);
#6319=ADVANCED_FACE('',(#5622,#5623),#6039,.F.);
#6320=ADVANCED_FACE('',(#5624,#5625),#68,.T.);
#6321=ADVANCED_FACE('',(#5626,#5627),#6040,.F.);
#6322=ADVANCED_FACE('',(#5628,#5629),#69,.T.);
#6323=ADVANCED_FACE('',(#5630,#5631),#6041,.F.);
#6324=ADVANCED_FACE('',(#5632,#5633),#70,.T.);
#6325=ADVANCED_FACE('',(#5634,#5635),#6042,.F.);
#6326=ADVANCED_FACE('',(#5636),#6043,.T.);
#6327=ADVANCED_FACE('',(#5637),#6044,.F.);
#6328=ADVANCED_FACE('',(#5638),#6045,.F.);
#6329=ADVANCED_FACE('',(#5639),#6046,.T.);
#6330=ADVANCED_FACE('',(#5640,#5641),#71,.F.);
#6331=ADVANCED_FACE('',(#5642,#5643),#6047,.T.);
#6332=ADVANCED_FACE('',(#5644,#5645),#72,.F.);
#6333=ADVANCED_FACE('',(#5646,#5647),#6048,.T.);
#6334=ADVANCED_FACE('',(#5648,#5649),#37,.F.);
#6335=ADVANCED_FACE('',(#5650,#5651),#38,.F.);
#6336=ADVANCED_FACE('',(#5652,#5653),#73,.F.);
#6337=ADVANCED_FACE('',(#5654),#6049,.T.);
#6338=ADVANCED_FACE('',(#5655),#6050,.T.);
#6339=ADVANCED_FACE('',(#5656),#6051,.F.);
#6340=ADVANCED_FACE('',(#5657),#6052,.T.);
#6341=ADVANCED_FACE('',(#5658),#6053,.T.);
#6342=ADVANCED_FACE('',(#5659),#6054,.F.);
#6343=ADVANCED_FACE('',(#5660),#6055,.F.);
#6344=ADVANCED_FACE('',(#5661),#6056,.F.);
#6345=ADVANCED_FACE('',(#5662,#5663),#6057,.T.);
#6346=ADVANCED_FACE('',(#5664),#6058,.T.);
#6347=ADVANCED_FACE('',(#5665),#6059,.F.);
#6348=ADVANCED_FACE('',(#5666),#6060,.T.);
#6349=ADVANCED_FACE('',(#5667),#6061,.T.);
#6350=ADVANCED_FACE('',(#5668),#6062,.T.);
#6351=ADVANCED_FACE('',(#5669),#6063,.F.);
#6352=ADVANCED_FACE('',(#5670),#6064,.F.);
#6353=ADVANCED_FACE('',(#5671),#6065,.T.);
#6354=ADVANCED_FACE('',(#5672),#6066,.T.);
#6355=ADVANCED_FACE('',(#5673),#6067,.T.);
#6356=ADVANCED_FACE('',(#5674),#6068,.T.);
#6357=ADVANCED_FACE('',(#5675),#6069,.F.);
#6358=ADVANCED_FACE('',(#5676),#6070,.F.);
#6359=ADVANCED_FACE('',(#5677),#6071,.T.);
#6360=ADVANCED_FACE('',(#5678),#6072,.T.);
#6361=ADVANCED_FACE('',(#5679),#6073,.F.);
#6362=ADVANCED_FACE('',(#5680),#6074,.F.);
#6363=ADVANCED_FACE('',(#5681,#5682),#6075,.T.);
#6364=ADVANCED_FACE('',(#5683,#5684),#74,.T.);
#6365=ADVANCED_FACE('',(#5685),#6076,.T.);
#6366=ADVANCED_FACE('',(#5686,#5687),#75,.T.);
#6367=ADVANCED_FACE('',(#5688),#6077,.T.);
#6368=ADVANCED_FACE('',(#5689,#5690),#76,.T.);
#6369=ADVANCED_FACE('',(#5691),#6078,.T.);
#6370=ADVANCED_FACE('',(#5692,#5693),#77,.T.);
#6371=ADVANCED_FACE('',(#5694),#6079,.T.);
#6372=ADVANCED_FACE('',(#5695),#12,.T.);
#6373=ADVANCED_FACE('',(#5696),#78,.T.);
#6374=ADVANCED_FACE('',(#5697),#79,.T.);
#6375=ADVANCED_FACE('',(#5698),#13,.T.);
#6376=ADVANCED_FACE('',(#5699),#14,.T.);
#6377=ADVANCED_FACE('',(#5700),#80,.T.);
#6378=ADVANCED_FACE('',(#5701),#81,.T.);
#6379=ADVANCED_FACE('',(#5702),#15,.T.);
#6380=ADVANCED_FACE('',(#5703),#6080,.T.);
#6381=ADVANCED_FACE('',(#5704),#6081,.F.);
#6382=ADVANCED_FACE('',(#5705),#6082,.F.);
#6383=ADVANCED_FACE('',(#5706),#6083,.T.);
#6384=ADVANCED_FACE('',(#5707),#6084,.T.);
#6385=ADVANCED_FACE('',(#5708),#6085,.T.);
#6386=ADVANCED_FACE('',(#5709),#6086,.T.);
#6387=ADVANCED_FACE('',(#5710),#6087,.F.);
#6388=ADVANCED_FACE('',(#5711),#6088,.F.);
#6389=ADVANCED_FACE('',(#5712),#6089,.T.);
#6390=ADVANCED_FACE('',(#5713),#6090,.T.);
#6391=ADVANCED_FACE('',(#5714),#6091,.F.);
#6392=ADVANCED_FACE('',(#5715),#6092,.F.);
#6393=ADVANCED_FACE('',(#5716,#5717),#6093,.T.);
#6394=ADVANCED_FACE('',(#5718,#5719),#82,.T.);
#6395=ADVANCED_FACE('',(#5720),#6094,.T.);
#6396=ADVANCED_FACE('',(#5721,#5722),#83,.T.);
#6397=ADVANCED_FACE('',(#5723),#6095,.T.);
#6398=ADVANCED_FACE('',(#5724,#5725),#84,.T.);
#6399=ADVANCED_FACE('',(#5726),#6096,.T.);
#6400=ADVANCED_FACE('',(#5727,#5728),#85,.T.);
#6401=ADVANCED_FACE('',(#5729),#6097,.T.);
#6402=ADVANCED_FACE('',(#5730),#16,.T.);
#6403=ADVANCED_FACE('',(#5731),#86,.T.);
#6404=ADVANCED_FACE('',(#5732),#87,.T.);
#6405=ADVANCED_FACE('',(#5733),#17,.T.);
#6406=ADVANCED_FACE('',(#5734),#18,.T.);
#6407=ADVANCED_FACE('',(#5735),#88,.T.);
#6408=ADVANCED_FACE('',(#5736),#89,.T.);
#6409=ADVANCED_FACE('',(#5737),#19,.T.);
#6410=ADVANCED_FACE('',(#5738),#6098,.T.);
#6411=ADVANCED_FACE('',(#5739),#6099,.F.);
#6412=ADVANCED_FACE('',(#5740),#6100,.F.);
#6413=ADVANCED_FACE('',(#5741),#6101,.T.);
#6414=ADVANCED_FACE('',(#5742),#6102,.T.);
#6415=ADVANCED_FACE('',(#5743),#6103,.T.);
#6416=ADVANCED_FACE('',(#5744),#6104,.T.);
#6417=ADVANCED_FACE('',(#5745),#6105,.F.);
#6418=ADVANCED_FACE('',(#5746),#6106,.F.);
#6419=ADVANCED_FACE('',(#5747),#6107,.T.);
#6420=ADVANCED_FACE('',(#5748),#6108,.T.);
#6421=ADVANCED_FACE('',(#5749),#6109,.F.);
#6422=ADVANCED_FACE('',(#5750),#6110,.F.);
#6423=ADVANCED_FACE('',(#5751,#5752),#6111,.T.);
#6424=ADVANCED_FACE('',(#5753,#5754),#90,.T.);
#6425=ADVANCED_FACE('',(#5755),#6112,.T.);
#6426=ADVANCED_FACE('',(#5756,#5757),#91,.T.);
#6427=ADVANCED_FACE('',(#5758),#6113,.T.);
#6428=ADVANCED_FACE('',(#5759,#5760),#92,.T.);
#6429=ADVANCED_FACE('',(#5761),#6114,.T.);
#6430=ADVANCED_FACE('',(#5762,#5763),#93,.T.);
#6431=ADVANCED_FACE('',(#5764),#6115,.T.);
#6432=ADVANCED_FACE('',(#5765),#20,.T.);
#6433=ADVANCED_FACE('',(#5766),#94,.T.);
#6434=ADVANCED_FACE('',(#5767),#95,.T.);
#6435=ADVANCED_FACE('',(#5768),#21,.T.);
#6436=ADVANCED_FACE('',(#5769),#22,.T.);
#6437=ADVANCED_FACE('',(#5770),#96,.T.);
#6438=ADVANCED_FACE('',(#5771),#97,.T.);
#6439=ADVANCED_FACE('',(#5772),#23,.T.);
#6440=ADVANCED_FACE('',(#5773),#6116,.T.);
#6441=ADVANCED_FACE('',(#5774),#6117,.F.);
#6442=ADVANCED_FACE('',(#5775),#6118,.F.);
#6443=ADVANCED_FACE('',(#5776),#6119,.T.);
#6444=ADVANCED_FACE('',(#5777),#6120,.T.);
#6445=ADVANCED_FACE('',(#5778),#6121,.T.);
#6446=ADVANCED_FACE('',(#5779),#6122,.T.);
#6447=ADVANCED_FACE('',(#5780),#6123,.F.);
#6448=ADVANCED_FACE('',(#5781),#6124,.F.);
#6449=ADVANCED_FACE('',(#5782),#6125,.T.);
#6450=ADVANCED_FACE('',(#5783),#6126,.T.);
#6451=ADVANCED_FACE('',(#5784),#6127,.F.);
#6452=ADVANCED_FACE('',(#5785),#6128,.F.);
#6453=ADVANCED_FACE('',(#5786,#5787),#6129,.T.);
#6454=ADVANCED_FACE('',(#5788,#5789),#98,.T.);
#6455=ADVANCED_FACE('',(#5790),#6130,.T.);
#6456=ADVANCED_FACE('',(#5791,#5792),#99,.T.);
#6457=ADVANCED_FACE('',(#5793),#6131,.T.);
#6458=ADVANCED_FACE('',(#5794,#5795),#100,.T.);
#6459=ADVANCED_FACE('',(#5796),#6132,.T.);
#6460=ADVANCED_FACE('',(#5797,#5798),#101,.T.);
#6461=ADVANCED_FACE('',(#5799),#6133,.T.);
#6462=ADVANCED_FACE('',(#5800),#24,.T.);
#6463=ADVANCED_FACE('',(#5801),#102,.T.);
#6464=ADVANCED_FACE('',(#5802),#103,.T.);
#6465=ADVANCED_FACE('',(#5803),#25,.T.);
#6466=ADVANCED_FACE('',(#5804),#26,.T.);
#6467=ADVANCED_FACE('',(#5805),#104,.T.);
#6468=ADVANCED_FACE('',(#5806),#105,.T.);
#6469=ADVANCED_FACE('',(#5807),#27,.T.);
#6470=ADVANCED_FACE('',(#5808),#6134,.T.);
#6471=ADVANCED_FACE('',(#5809),#6135,.F.);
#6472=ADVANCED_FACE('',(#5810),#6136,.F.);
#6473=ADVANCED_FACE('',(#5811),#6137,.T.);
#6474=ADVANCED_FACE('',(#5812),#6138,.T.);
#6475=ADVANCED_FACE('',(#5813),#6139,.F.);
#6476=ADVANCED_FACE('',(#5814),#6140,.F.);
#6477=ADVANCED_FACE('',(#5815),#6141,.T.);
#6478=ADVANCED_FACE('',(#5816),#6142,.T.);
#6479=ADVANCED_FACE('',(#5817),#6143,.F.);
#6480=ADVANCED_FACE('',(#5818),#6144,.F.);
#6481=ADVANCED_FACE('',(#5819),#6145,.T.);
#6482=ADVANCED_FACE('',(#5820),#6146,.T.);
#6483=ADVANCED_FACE('',(#5821),#6147,.F.);
#6484=ADVANCED_FACE('',(#5822),#6148,.F.);
#6485=ADVANCED_FACE('',(#5823),#6149,.T.);
#6486=ADVANCED_FACE('',(#5824,#5825),#106,.F.);
#6487=ADVANCED_FACE('',(#5826,#5827),#107,.T.);
#6488=ADVANCED_FACE('',(#5828,#5829),#6150,.T.);
#6489=ADVANCED_FACE('',(#5830),#6151,.F.);
#6490=ADVANCED_FACE('',(#5831,#5832),#28,.F.);
#6491=ADVANCED_FACE('',(#5833,#5834),#39,.F.);
#6492=ADVANCED_FACE('',(#5835,#5836),#108,.F.);
#6493=ADVANCED_FACE('',(#5837,#5838),#109,.T.);
#6494=ADVANCED_FACE('',(#5839,#5840),#6152,.T.);
#6495=ADVANCED_FACE('',(#5841),#6153,.F.);
#6496=ADVANCED_FACE('',(#5842,#5843),#29,.F.);
#6497=ADVANCED_FACE('',(#5844,#5845),#40,.F.);
#6498=ADVANCED_FACE('',(#5846,#5847),#110,.F.);
#6499=ADVANCED_FACE('',(#5848,#5849),#111,.T.);
#6500=ADVANCED_FACE('',(#5850,#5851),#6154,.T.);
#6501=ADVANCED_FACE('',(#5852),#6155,.F.);
#6502=ADVANCED_FACE('',(#5853,#5854),#30,.F.);
#6503=ADVANCED_FACE('',(#5855,#5856),#41,.F.);
#6504=ADVANCED_FACE('',(#5857),#6156,.T.);
#6505=ADVANCED_FACE('',(#5858),#6157,.F.);
#6506=ADVANCED_FACE('',(#5859),#6158,.F.);
#6507=ADVANCED_FACE('',(#5860,#5861),#6159,.T.);
#6508=ADVANCED_FACE('',(#5862),#6160,.T.);
#6509=ADVANCED_FACE('',(#5863,#5864),#112,.F.);
#6510=ADVANCED_FACE('',(#5865),#6161,.T.);
#6511=ADVANCED_FACE('',(#5866),#6162,.T.);
#6512=ADVANCED_FACE('',(#5867),#6163,.F.);
#6513=ADVANCED_FACE('',(#5868),#6164,.F.);
#6514=ADVANCED_FACE('',(#5869,#5870),#6165,.T.);
#6515=ADVANCED_FACE('',(#5871),#6166,.T.);
#6516=ADVANCED_FACE('',(#5872,#5873),#113,.F.);
#6517=ADVANCED_FACE('',(#5874),#6167,.T.);
#6518=ADVANCED_FACE('',(#5875),#6168,.F.);
#6519=ADVANCED_FACE('',(#5876),#6169,.T.);
#6520=ADVANCED_FACE('',(#5877),#6170,.F.);
#6521=ADVANCED_FACE('',(#5878,#5879),#6171,.T.);
#6522=ADVANCED_FACE('',(#5880),#6172,.T.);
#6523=ADVANCED_FACE('',(#5881,#5882),#114,.F.);
#6524=ADVANCED_FACE('',(#5883),#6173,.T.);
#6525=ADVANCED_FACE('',(#5884),#6174,.T.);
#6526=ADVANCED_FACE('',(#5885),#6175,.F.);
#6527=ADVANCED_FACE('',(#5886),#6176,.F.);
#6528=ADVANCED_FACE('',(#5887,#5888),#6177,.T.);
#6529=ADVANCED_FACE('',(#5889),#6178,.F.);
#6530=ADVANCED_FACE('',(#5890,#5891),#115,.F.);
#6531=ADVANCED_FACE('',(#5892),#6179,.T.);
#6532=ADVANCED_FACE('',(#5893),#6180,.T.);
#6533=ADVANCED_FACE('',(#5894),#6181,.F.);
#6534=ADVANCED_FACE('',(#5895),#6182,.F.);
#6535=ADVANCED_FACE('',(#5896,#5897),#6183,.T.);
#6536=ADVANCED_FACE('',(#5898),#6184,.F.);
#6537=ADVANCED_FACE('',(#5899,#5900),#116,.F.);
#6538=ADVANCED_FACE('',(#5901),#6185,.T.);
#6539=ADVANCED_FACE('',(#5902),#6186,.F.);
#6540=ADVANCED_FACE('',(#5903),#6187,.T.);
#6541=ADVANCED_FACE('',(#5904),#6188,.F.);
#6542=ADVANCED_FACE('',(#5905,#5906),#6189,.T.);
#6543=ADVANCED_FACE('',(#5907),#6190,.T.);
#6544=ADVANCED_FACE('',(#5908,#5909),#117,.F.);
#6545=ADVANCED_FACE('',(#5910),#6191,.T.);
#6546=ADVANCED_FACE('',(#5911),#6192,.F.);
#6547=ADVANCED_FACE('',(#5912),#6193,.T.);
#6548=ADVANCED_FACE('',(#5913),#6194,.F.);
#6549=ADVANCED_FACE('',(#5914,#5915),#6195,.T.);
#6550=ADVANCED_FACE('',(#5916),#6196,.T.);
#6551=ADVANCED_FACE('',(#5917,#5918),#118,.F.);
#6552=ADVANCED_FACE('',(#5919),#6197,.T.);
#6553=ADVANCED_FACE('',(#5920),#119,.F.);
#6554=ADVANCED_FACE('',(#5921),#120,.F.);
#6555=ADVANCED_FACE('',(#5922),#121,.T.);
#6556=ADVANCED_FACE('',(#5923),#122,.T.);
#6557=ADVANCED_FACE('',(#5924),#123,.F.);
#6558=ADVANCED_FACE('',(#5925),#124,.F.);
#6559=ADVANCED_FACE('',(#5926),#125,.F.);
#6560=ADVANCED_FACE('',(#5927),#126,.T.);
#6561=ADVANCED_FACE('',(#5928),#127,.T.);
#6562=ADVANCED_FACE('',(#5929),#128,.F.);
#6563=ADVANCED_FACE('',(#5930),#129,.T.);
#6564=ADVANCED_FACE('',(#5931),#130,.T.);
#6565=ADVANCED_FACE('',(#5932),#131,.F.);
#6566=ADVANCED_FACE('',(#5933),#132,.T.);
#6567=ADVANCED_FACE('',(#5934),#133,.T.);
#6568=ADVANCED_FACE('',(#5935),#134,.F.);
#6569=ADVANCED_FACE('',(#5936),#135,.F.);
#6570=ADVANCED_FACE('',(#5937),#136,.F.);
#6571=ADVANCED_FACE('',(#5938),#137,.T.);
#6572=ADVANCED_FACE('',(#5939),#138,.T.);
#6573=ADVANCED_FACE('',(#5940),#139,.T.);
#6574=ADVANCED_FACE('',(#5941),#140,.T.);
#6575=ADVANCED_FACE('',(#5942),#141,.F.);
#6576=ADVANCED_FACE('',(#5943),#142,.F.);
#6577=ADVANCED_FACE('',(#5944),#143,.T.);
#6578=ADVANCED_FACE('',(#5945),#144,.T.);
#6579=ADVANCED_FACE('',(#5946),#145,.F.);
#6580=ADVANCED_FACE('',(#5947),#146,.F.);
#6581=ADVANCED_FACE('',(#5948),#6198,.T.);
#6582=ADVANCED_FACE('',(#5949),#6199,.T.);
#6583=ADVANCED_FACE('',(#5950),#6200,.T.);
#6584=ADVANCED_FACE('',(#5951),#6201,.T.);
#6585=ADVANCED_FACE('',(#5952),#6202,.T.);
#6586=ADVANCED_FACE('',(#5953),#6203,.T.);
#6587=ADVANCED_FACE('',(#5954),#6204,.T.);
#6588=ADVANCED_FACE('',(#5955),#6205,.T.);
#6589=ADVANCED_FACE('',(#5956),#6206,.T.);
#6590=ADVANCED_FACE('',(#5957),#6207,.T.);
#6591=ADVANCED_FACE('',(#5958),#6208,.T.);
#6592=ADVANCED_FACE('',(#5959),#6209,.T.);
#6593=ADVANCED_FACE('',(#5960),#6210,.T.);
#6594=ADVANCED_FACE('',(#5961),#6211,.T.);
#6595=ADVANCED_FACE('',(#5962),#147,.F.);
#6596=ADVANCED_FACE('',(#5963),#148,.F.);
#6597=CLOSED_SHELL('',(#6212,#6213,#6214,#6215,#6216,#6217,#6218,#6219,
#6220,#6221,#6222,#6223,#6224,#6225,#6226,#6227,#6228,#6229,#6230,#6231,
#6232,#6233,#6234,#6235,#6236,#6237,#6238,#6239,#6240,#6241,#6242,#6243,
#6244,#6245,#6246,#6247,#6248,#6249,#6250,#6251,#6252,#6253,#6254,#6255,
#6256,#6257,#6258,#6259,#6260,#6261,#6262,#6263,#6264,#6265,#6266,#6267,
#6268,#6269,#6270,#6271,#6272,#6273,#6274,#6275,#6276,#6277,#6278,#6279,
#6280,#6281,#6282,#6283,#6284,#6285,#6286,#6287,#6288,#6289,#6290,#6291,
#6292,#6293,#6294,#6295,#6296,#6297,#6298,#6299,#6300,#6301,#6302,#6303,
#6304,#6305,#6306,#6307,#6308,#6309,#6310,#6311,#6312,#6313,#6314,#6315,
#6316,#6317,#6318,#6319,#6320,#6321,#6322,#6323,#6324,#6325,#6326,#6327,
#6328,#6329,#6330,#6331,#6332,#6333,#6334,#6335,#6336,#6337,#6338,#6339,
#6340,#6341,#6342,#6343,#6344,#6345,#6346,#6347,#6348,#6349,#6350,#6351,
#6352,#6353,#6354,#6355,#6356,#6357,#6358,#6359,#6360,#6361,#6362,#6363,
#6364,#6365,#6366,#6367,#6368,#6369,#6370,#6371,#6372,#6373,#6374,#6375,
#6376,#6377,#6378,#6379,#6380,#6381,#6382,#6383,#6384,#6385,#6386,#6387,
#6388,#6389,#6390,#6391,#6392,#6393,#6394,#6395,#6396,#6397,#6398,#6399,
#6400,#6401,#6402,#6403,#6404,#6405,#6406,#6407,#6408,#6409,#6410,#6411,
#6412,#6413,#6414,#6415,#6416,#6417,#6418,#6419,#6420,#6421,#6422,#6423,
#6424,#6425,#6426,#6427,#6428,#6429,#6430,#6431,#6432,#6433,#6434,#6435,
#6436,#6437,#6438,#6439,#6440,#6441,#6442,#6443,#6444,#6445,#6446,#6447,
#6448,#6449,#6450,#6451,#6452,#6453,#6454,#6455,#6456,#6457,#6458,#6459,
#6460,#6461,#6462,#6463,#6464,#6465,#6466,#6467,#6468,#6469,#6470,#6471,
#6472,#6473,#6474,#6475,#6476,#6477,#6478,#6479,#6480,#6481,#6482,#6483,
#6484,#6485,#6486,#6487,#6488,#6489,#6490,#6491,#6492,#6493,#6494,#6495,
#6496,#6497,#6498,#6499,#6500,#6501,#6502,#6503,#6504,#6505,#6506,#6507,
#6508,#6509,#6510,#6511,#6512,#6513,#6514,#6515,#6516,#6517,#6518,#6519,
#6520,#6521,#6522,#6523,#6524,#6525,#6526,#6527,#6528,#6529,#6530,#6531,
#6532,#6533,#6534,#6535,#6536,#6537,#6538,#6539,#6540,#6541,#6542,#6543,
#6544,#6545,#6546,#6547,#6548,#6549,#6550,#6551,#6552,#6553,#6554,#6555,
#6556,#6557,#6558,#6559,#6560,#6561,#6562,#6563,#6564,#6565,#6566,#6567,
#6568,#6569,#6570,#6571,#6572,#6573,#6574,#6575,#6576,#6577,#6578,#6579,
#6580,#6581,#6582,#6583,#6584,#6585,#6586,#6587,#6588,#6589,#6590,#6591,
#6592,#6593,#6594,#6595,#6596));
#6598=STYLED_ITEM('',(#6599),#6606);
#6599=PRESENTATION_STYLE_ASSIGNMENT((#6600));
#6600=SURFACE_STYLE_USAGE(.BOTH.,#6601);
#6601=SURFACE_SIDE_STYLE('',(#6602));
#6602=SURFACE_STYLE_FILL_AREA(#6603);
#6603=FILL_AREA_STYLE('',(#6604));
#6604=FILL_AREA_STYLE_COLOUR('',#6605);
#6605=COLOUR_RGB('',0.615686274509804,0.811764705882353,0.929411764705882);
#6606=MANIFOLD_SOLID_BREP('Top-Left',#6597);
#6607=SHAPE_DEFINITION_REPRESENTATION(#11023,#6608);
#6608=SHAPE_REPRESENTATION('Top-Left',(#6609),#11018);
#6609=AXIS2_PLACEMENT_3D('',#9150,#7255,#7256);
#6610=AXIS2_PLACEMENT_3D('',#9151,#7257,#7258);
#6611=AXIS2_PLACEMENT_3D('',#9168,#7267,#7268);
#6612=AXIS2_PLACEMENT_3D('',#9193,#7281,#7282);
#6613=AXIS2_PLACEMENT_3D('',#9218,#7295,#7296);
#6614=AXIS2_PLACEMENT_3D('',#9219,#7297,#7298);
#6615=AXIS2_PLACEMENT_3D('',#9221,#7299,#7300);
#6616=AXIS2_PLACEMENT_3D('',#9223,#7301,#7302);
#6617=AXIS2_PLACEMENT_3D('',#9289,#7335,#7336);
#6618=AXIS2_PLACEMENT_3D('',#9299,#7341,#7342);
#6619=AXIS2_PLACEMENT_3D('',#9301,#7343,#7344);
#6620=AXIS2_PLACEMENT_3D('',#9303,#7345,#7346);
#6621=AXIS2_PLACEMENT_3D('',#9305,#7347,#7348);
#6622=AXIS2_PLACEMENT_3D('',#9307,#7349,#7350);
#6623=AXIS2_PLACEMENT_3D('',#9309,#7351,#7352);
#6624=AXIS2_PLACEMENT_3D('',#9319,#7357,#7358);
#6625=AXIS2_PLACEMENT_3D('',#9321,#7359,#7360);
#6626=AXIS2_PLACEMENT_3D('',#9331,#7365,#7366);
#6627=AXIS2_PLACEMENT_3D('',#9333,#7367,#7368);
#6628=AXIS2_PLACEMENT_3D('',#9343,#7373,#7374);
#6629=AXIS2_PLACEMENT_3D('',#9353,#7379,#7380);
#6630=AXIS2_PLACEMENT_3D('',#9355,#7381,#7382);
#6631=AXIS2_PLACEMENT_3D('',#9357,#7383,#7384);
#6632=AXIS2_PLACEMENT_3D('',#9359,#7385,#7386);
#6633=AXIS2_PLACEMENT_3D('',#9369,#7391,#7392);
#6634=AXIS2_PLACEMENT_3D('',#9371,#7393,#7394);
#6635=AXIS2_PLACEMENT_3D('',#9373,#7395,#7396);
#6636=AXIS2_PLACEMENT_3D('',#9375,#7397,#7398);
#6637=AXIS2_PLACEMENT_3D('',#9385,#7403,#7404);
#6638=AXIS2_PLACEMENT_3D('',#9387,#7405,#7406);
#6639=AXIS2_PLACEMENT_3D('',#9389,#7407,#7408);
#6640=AXIS2_PLACEMENT_3D('',#9391,#7409,#7410);
#6641=AXIS2_PLACEMENT_3D('',#9401,#7415,#7416);
#6642=AXIS2_PLACEMENT_3D('',#9403,#7417,#7418);
#6643=AXIS2_PLACEMENT_3D('',#9405,#7419,#7420);
#6644=AXIS2_PLACEMENT_3D('',#9407,#7421,#7422);
#6645=AXIS2_PLACEMENT_3D('',#9427,#7432,#7433);
#6646=AXIS2_PLACEMENT_3D('',#9431,#7435,#7436);
#6647=AXIS2_PLACEMENT_3D('',#9447,#7445,#7446);
#6648=AXIS2_PLACEMENT_3D('',#9480,#7463,#7464);
#6649=AXIS2_PLACEMENT_3D('',#9482,#7465,#7466);
#6650=AXIS2_PLACEMENT_3D('',#9492,#7471,#7472);
#6651=AXIS2_PLACEMENT_3D('',#9494,#7473,#7474);
#6652=AXIS2_PLACEMENT_3D('',#9496,#7475,#7476);
#6653=AXIS2_PLACEMENT_3D('',#9498,#7477,#7478);
#6654=AXIS2_PLACEMENT_3D('',#9508,#7483,#7484);
#6655=AXIS2_PLACEMENT_3D('',#9510,#7485,#7486);
#6656=AXIS2_PLACEMENT_3D('',#9520,#7491,#7492);
#6657=AXIS2_PLACEMENT_3D('',#9522,#7493,#7494);
#6658=AXIS2_PLACEMENT_3D('',#9532,#7499,#7500);
#6659=AXIS2_PLACEMENT_3D('',#9534,#7501,#7502);
#6660=AXIS2_PLACEMENT_3D('',#9536,#7503,#7504);
#6661=AXIS2_PLACEMENT_3D('',#9541,#7506,#7507);
#6662=AXIS2_PLACEMENT_3D('',#9545,#7509,#7510);
#6663=AXIS2_PLACEMENT_3D('',#9549,#7512,#7513);
#6664=AXIS2_PLACEMENT_3D('',#9552,#7515,#7516);
#6665=AXIS2_PLACEMENT_3D('',#9557,#7518,#7519);
#6666=AXIS2_PLACEMENT_3D('',#9561,#7521,#7522);
#6667=AXIS2_PLACEMENT_3D('',#9565,#7524,#7525);
#6668=AXIS2_PLACEMENT_3D('',#9568,#7527,#7528);
#6669=AXIS2_PLACEMENT_3D('',#9573,#7530,#7531);
#6670=AXIS2_PLACEMENT_3D('',#9577,#7533,#7534);
#6671=AXIS2_PLACEMENT_3D('',#9581,#7536,#7537);
#6672=AXIS2_PLACEMENT_3D('',#9584,#7539,#7540);
#6673=AXIS2_PLACEMENT_3D('',#9589,#7542,#7543);
#6674=AXIS2_PLACEMENT_3D('',#9593,#7545,#7546);
#6675=AXIS2_PLACEMENT_3D('',#9597,#7548,#7549);
#6676=AXIS2_PLACEMENT_3D('',#9604,#7553,#7554);
#6677=AXIS2_PLACEMENT_3D('',#9608,#7556,#7557);
#6678=AXIS2_PLACEMENT_3D('',#9609,#7558,#7559);
#6679=AXIS2_PLACEMENT_3D('',#9613,#7562,#7563);
#6680=AXIS2_PLACEMENT_3D('',#9617,#7566,#7567);
#6681=AXIS2_PLACEMENT_3D('',#9625,#7572,#7573);
#6682=AXIS2_PLACEMENT_3D('',#9629,#7575,#7576);
#6683=AXIS2_PLACEMENT_3D('',#9637,#7581,#7582);
#6684=AXIS2_PLACEMENT_3D('',#9641,#7584,#7585);
#6685=AXIS2_PLACEMENT_3D('',#9642,#7586,#7587);
#6686=AXIS2_PLACEMENT_3D('',#9669,#7602,#7603);
#6687=AXIS2_PLACEMENT_3D('',#9670,#7604,#7605);
#6688=AXIS2_PLACEMENT_3D('',#9688,#7614,#7615);
#6689=AXIS2_PLACEMENT_3D('',#9689,#7616,#7617);
#6690=AXIS2_PLACEMENT_3D('',#9707,#7626,#7627);
#6691=AXIS2_PLACEMENT_3D('',#9708,#7628,#7629);
#6692=AXIS2_PLACEMENT_3D('',#9726,#7638,#7639);
#6693=AXIS2_PLACEMENT_3D('',#9732,#7643,#7644);
#6694=AXIS2_PLACEMENT_3D('',#9738,#7648,#7649);
#6695=AXIS2_PLACEMENT_3D('',#9740,#7651,#7652);
#6696=AXIS2_PLACEMENT_3D('',#9742,#7654,#7655);
#6697=AXIS2_PLACEMENT_3D('',#9751,#7660,#7661);
#6698=AXIS2_PLACEMENT_3D('',#9757,#7665,#7666);
#6699=AXIS2_PLACEMENT_3D('',#9763,#7670,#7671);
#6700=AXIS2_PLACEMENT_3D('',#9766,#7674,#7675);
#6701=AXIS2_PLACEMENT_3D('',#9772,#7679,#7680);
#6702=AXIS2_PLACEMENT_3D('',#9776,#7683,#7684);
#6703=AXIS2_PLACEMENT_3D('',#9780,#7687,#7688);
#6704=AXIS2_PLACEMENT_3D('',#9782,#7690,#7691);
#6705=AXIS2_PLACEMENT_3D('',#9783,#7692,#7693);
#6706=AXIS2_PLACEMENT_3D('',#9784,#7694,#7695);
#6707=AXIS2_PLACEMENT_3D('',#9786,#7696,#7697);
#6708=AXIS2_PLACEMENT_3D('',#9792,#7701,#7702);
#6709=AXIS2_PLACEMENT_3D('',#9798,#7706,#7707);
#6710=AXIS2_PLACEMENT_3D('',#9800,#7709,#7710);
#6711=AXIS2_PLACEMENT_3D('',#9802,#7712,#7713);
#6712=AXIS2_PLACEMENT_3D('',#9811,#7718,#7719);
#6713=AXIS2_PLACEMENT_3D('',#9817,#7723,#7724);
#6714=AXIS2_PLACEMENT_3D('',#9823,#7728,#7729);
#6715=AXIS2_PLACEMENT_3D('',#9826,#7732,#7733);
#6716=AXIS2_PLACEMENT_3D('',#9832,#7737,#7738);
#6717=AXIS2_PLACEMENT_3D('',#9836,#7741,#7742);
#6718=AXIS2_PLACEMENT_3D('',#9840,#7745,#7746);
#6719=AXIS2_PLACEMENT_3D('',#9842,#7748,#7749);
#6720=AXIS2_PLACEMENT_3D('',#9843,#7750,#7751);
#6721=AXIS2_PLACEMENT_3D('',#9844,#7752,#7753);
#6722=AXIS2_PLACEMENT_3D('',#9846,#7754,#7755);
#6723=AXIS2_PLACEMENT_3D('',#9852,#7759,#7760);
#6724=AXIS2_PLACEMENT_3D('',#9858,#7764,#7765);
#6725=AXIS2_PLACEMENT_3D('',#9860,#7767,#7768);
#6726=AXIS2_PLACEMENT_3D('',#9862,#7770,#7771);
#6727=AXIS2_PLACEMENT_3D('',#9871,#7776,#7777);
#6728=AXIS2_PLACEMENT_3D('',#9877,#7781,#7782);
#6729=AXIS2_PLACEMENT_3D('',#9883,#7786,#7787);
#6730=AXIS2_PLACEMENT_3D('',#9886,#7790,#7791);
#6731=AXIS2_PLACEMENT_3D('',#9892,#7795,#7796);
#6732=AXIS2_PLACEMENT_3D('',#9896,#7799,#7800);
#6733=AXIS2_PLACEMENT_3D('',#9900,#7803,#7804);
#6734=AXIS2_PLACEMENT_3D('',#9902,#7806,#7807);
#6735=AXIS2_PLACEMENT_3D('',#9903,#7808,#7809);
#6736=AXIS2_PLACEMENT_3D('',#9904,#7810,#7811);
#6737=AXIS2_PLACEMENT_3D('',#9906,#7812,#7813);
#6738=AXIS2_PLACEMENT_3D('',#9915,#7818,#7819);
#6739=AXIS2_PLACEMENT_3D('',#9917,#7820,#7821);
#6740=AXIS2_PLACEMENT_3D('',#9918,#7822,#7823);
#6741=AXIS2_PLACEMENT_3D('',#9920,#7824,#7825);
#6742=AXIS2_PLACEMENT_3D('',#9922,#7826,#7827);
#6743=AXIS2_PLACEMENT_3D('',#9923,#7828,#7829);
#6744=AXIS2_PLACEMENT_3D('',#9925,#7830,#7831);
#6745=AXIS2_PLACEMENT_3D('',#9927,#7832,#7833);
#6746=AXIS2_PLACEMENT_3D('',#9928,#7834,#7835);
#6747=AXIS2_PLACEMENT_3D('',#9930,#7836,#7837);
#6748=AXIS2_PLACEMENT_3D('',#9931,#7838,#7839);
#6749=AXIS2_PLACEMENT_3D('',#9932,#7840,#7841);
#6750=AXIS2_PLACEMENT_3D('',#9934,#7842,#7843);
#6751=AXIS2_PLACEMENT_3D('',#9935,#7844,#7845);
#6752=AXIS2_PLACEMENT_3D('',#9936,#7846,#7847);
#6753=AXIS2_PLACEMENT_3D('',#9939,#7850,#7851);
#6754=AXIS2_PLACEMENT_3D('',#9941,#7853,#7854);
#6755=AXIS2_PLACEMENT_3D('',#9943,#7856,#7857);
#6756=AXIS2_PLACEMENT_3D('',#9944,#7858,#7859);
#6757=AXIS2_PLACEMENT_3D('',#9945,#7860,#7861);
#6758=AXIS2_PLACEMENT_3D('',#9946,#7862,#7863);
#6759=AXIS2_PLACEMENT_3D('',#9948,#7864,#7865);
#6760=AXIS2_PLACEMENT_3D('',#9950,#7866,#7867);
#6761=AXIS2_PLACEMENT_3D('',#9951,#7868,#7869);
#6762=AXIS2_PLACEMENT_3D('',#9953,#7870,#7871);
#6763=AXIS2_PLACEMENT_3D('',#9955,#7872,#7873);
#6764=AXIS2_PLACEMENT_3D('',#9956,#7874,#7875);
#6765=AXIS2_PLACEMENT_3D('',#9958,#7876,#7877);
#6766=AXIS2_PLACEMENT_3D('',#9959,#7878,#7879);
#6767=AXIS2_PLACEMENT_3D('',#9960,#7880,#7881);
#6768=AXIS2_PLACEMENT_3D('',#9962,#7882,#7883);
#6769=AXIS2_PLACEMENT_3D('',#9963,#7884,#7885);
#6770=AXIS2_PLACEMENT_3D('',#9964,#7886,#7887);
#6771=AXIS2_PLACEMENT_3D('',#9967,#7890,#7891);
#6772=AXIS2_PLACEMENT_3D('',#9969,#7893,#7894);
#6773=AXIS2_PLACEMENT_3D('',#9971,#7896,#7897);
#6774=AXIS2_PLACEMENT_3D('',#9972,#7898,#7899);
#6775=AXIS2_PLACEMENT_3D('',#9973,#7900,#7901);
#6776=AXIS2_PLACEMENT_3D('',#9974,#7902,#7903);
#6777=AXIS2_PLACEMENT_3D('',#9976,#7904,#7905);
#6778=AXIS2_PLACEMENT_3D('',#9978,#7906,#7907);
#6779=AXIS2_PLACEMENT_3D('',#9979,#7908,#7909);
#6780=AXIS2_PLACEMENT_3D('',#9981,#7910,#7911);
#6781=AXIS2_PLACEMENT_3D('',#9983,#7912,#7913);
#6782=AXIS2_PLACEMENT_3D('',#9984,#7914,#7915);
#6783=AXIS2_PLACEMENT_3D('',#9986,#7916,#7917);
#6784=AXIS2_PLACEMENT_3D('',#9987,#7918,#7919);
#6785=AXIS2_PLACEMENT_3D('',#9988,#7920,#7921);
#6786=AXIS2_PLACEMENT_3D('',#9990,#7922,#7923);
#6787=AXIS2_PLACEMENT_3D('',#9991,#7924,#7925);
#6788=AXIS2_PLACEMENT_3D('',#9992,#7926,#7927);
#6789=AXIS2_PLACEMENT_3D('',#9995,#7930,#7931);
#6790=AXIS2_PLACEMENT_3D('',#9997,#7933,#7934);
#6791=AXIS2_PLACEMENT_3D('',#9999,#7936,#7937);
#6792=AXIS2_PLACEMENT_3D('',#10000,#7938,#7939);
#6793=AXIS2_PLACEMENT_3D('',#10001,#7940,#7941);
#6794=AXIS2_PLACEMENT_3D('',#10002,#7942,#7943);
#6795=AXIS2_PLACEMENT_3D('',#10004,#7944,#7945);
#6796=AXIS2_PLACEMENT_3D('',#10005,#7946,#7947);
#6797=AXIS2_PLACEMENT_3D('',#10007,#7948,#7949);
#6798=AXIS2_PLACEMENT_3D('',#10010,#7952,#7953);
#6799=AXIS2_PLACEMENT_3D('',#10011,#7954,#7955);
#6800=AXIS2_PLACEMENT_3D('',#10012,#7956,#7957);
#6801=AXIS2_PLACEMENT_3D('',#10013,#7958,#7959);
#6802=AXIS2_PLACEMENT_3D('',#10015,#7960,#7961);
#6803=AXIS2_PLACEMENT_3D('',#10016,#7962,#7963);
#6804=AXIS2_PLACEMENT_3D('',#10018,#7964,#7965);
#6805=AXIS2_PLACEMENT_3D('',#10019,#7966,#7967);
#6806=AXIS2_PLACEMENT_3D('',#10021,#7968,#7969);
#6807=AXIS2_PLACEMENT_3D('',#10022,#7970,#7971);
#6808=AXIS2_PLACEMENT_3D('',#10023,#7972,#7973);
#6809=AXIS2_PLACEMENT_3D('',#10025,#7974,#7975);
#6810=AXIS2_PLACEMENT_3D('',#10026,#7976,#7977);
#6811=AXIS2_PLACEMENT_3D('',#10027,#7978,#7979);
#6812=AXIS2_PLACEMENT_3D('',#10029,#7980,#7981);
#6813=AXIS2_PLACEMENT_3D('',#10030,#7982,#7983);
#6814=AXIS2_PLACEMENT_3D('',#10031,#7984,#7985);
#6815=AXIS2_PLACEMENT_3D('',#10032,#7986,#7987);
#6816=AXIS2_PLACEMENT_3D('',#10033,#7988,#7989);
#6817=AXIS2_PLACEMENT_3D('',#10050,#7998,#7999);
#6818=AXIS2_PLACEMENT_3D('',#10052,#8000,#8001);
#6819=AXIS2_PLACEMENT_3D('',#10053,#8002,#8003);
#6820=AXIS2_PLACEMENT_3D('',#10055,#8004,#8005);
#6821=AXIS2_PLACEMENT_3D('',#10056,#8006,#8007);
#6822=AXIS2_PLACEMENT_3D('',#10057,#8008,#8009);
#6823=AXIS2_PLACEMENT_3D('',#10059,#8010,#8011);
#6824=AXIS2_PLACEMENT_3D('',#10060,#8012,#8013);
#6825=AXIS2_PLACEMENT_3D('',#10061,#8014,#8015);
#6826=AXIS2_PLACEMENT_3D('',#10063,#8016,#8017);
#6827=AXIS2_PLACEMENT_3D('',#10064,#8018,#8019);
#6828=AXIS2_PLACEMENT_3D('',#10067,#8022,#8023);
#6829=AXIS2_PLACEMENT_3D('',#10069,#8025,#8026);
#6830=AXIS2_PLACEMENT_3D('',#10071,#8028,#8029);
#6831=AXIS2_PLACEMENT_3D('',#10072,#8030,#8031);
#6832=AXIS2_PLACEMENT_3D('',#10073,#8032,#8033);
#6833=AXIS2_PLACEMENT_3D('',#10075,#8034,#8035);
#6834=AXIS2_PLACEMENT_3D('',#10076,#8036,#8037);
#6835=AXIS2_PLACEMENT_3D('',#10078,#8038,#8039);
#6836=AXIS2_PLACEMENT_3D('',#10079,#8040,#8041);
#6837=AXIS2_PLACEMENT_3D('',#10081,#8042,#8043);
#6838=AXIS2_PLACEMENT_3D('',#10082,#8044,#8045);
#6839=AXIS2_PLACEMENT_3D('',#10084,#8046,#8047);
#6840=AXIS2_PLACEMENT_3D('',#10085,#8048,#8049);
#6841=AXIS2_PLACEMENT_3D('',#10086,#8050,#8051);
#6842=AXIS2_PLACEMENT_3D('',#10087,#8052,#8053);
#6843=AXIS2_PLACEMENT_3D('',#10098,#8060,#8061);
#6844=AXIS2_PLACEMENT_3D('',#10102,#8064,#8065);
#6845=AXIS2_PLACEMENT_3D('',#10106,#8068,#8069);
#6846=AXIS2_PLACEMENT_3D('',#10112,#8073,#8074);
#6847=AXIS2_PLACEMENT_3D('',#10116,#8077,#8078);
#6848=AXIS2_PLACEMENT_3D('',#10120,#8081,#8082);
#6849=AXIS2_PLACEMENT_3D('',#10122,#8084,#8085);
#6850=AXIS2_PLACEMENT_3D('',#10124,#8087,#8088);
#6851=AXIS2_PLACEMENT_3D('',#10125,#8089,#8090);
#6852=AXIS2_PLACEMENT_3D('',#10129,#8093,#8094);
#6853=AXIS2_PLACEMENT_3D('',#10133,#8097,#8098);
#6854=AXIS2_PLACEMENT_3D('',#10135,#8100,#8101);
#6855=AXIS2_PLACEMENT_3D('',#10136,#8102,#8103);
#6856=AXIS2_PLACEMENT_3D('',#10142,#8107,#8108);
#6857=AXIS2_PLACEMENT_3D('',#10146,#8111,#8112);
#6858=AXIS2_PLACEMENT_3D('',#10150,#8115,#8116);
#6859=AXIS2_PLACEMENT_3D('',#10152,#8118,#8119);
#6860=AXIS2_PLACEMENT_3D('',#10153,#8120,#8121);
#6861=AXIS2_PLACEMENT_3D('',#10159,#8125,#8126);
#6862=AXIS2_PLACEMENT_3D('',#10163,#8129,#8130);
#6863=AXIS2_PLACEMENT_3D('',#10167,#8133,#8134);
#6864=AXIS2_PLACEMENT_3D('',#10171,#8137,#8138);
#6865=AXIS2_PLACEMENT_3D('',#10174,#8140,#8141);
#6866=AXIS2_PLACEMENT_3D('',#10178,#8143,#8144);
#6867=AXIS2_PLACEMENT_3D('',#10184,#8148,#8149);
#6868=AXIS2_PLACEMENT_3D('',#10188,#8152,#8153);
#6869=AXIS2_PLACEMENT_3D('',#10192,#8156,#8157);
#6870=AXIS2_PLACEMENT_3D('',#10194,#8159,#8160);
#6871=AXIS2_PLACEMENT_3D('',#10198,#8162,#8163);
#6872=AXIS2_PLACEMENT_3D('',#10202,#8165,#8166);
#6873=AXIS2_PLACEMENT_3D('',#10206,#8168,#8169);
#6874=AXIS2_PLACEMENT_3D('',#10210,#8171,#8172);
#6875=AXIS2_PLACEMENT_3D('',#10211,#8173,#8174);
#6876=AXIS2_PLACEMENT_3D('',#10212,#8175,#8176);
#6877=AXIS2_PLACEMENT_3D('',#10214,#8177,#8178);
#6878=AXIS2_PLACEMENT_3D('',#10215,#8179,#8180);
#6879=AXIS2_PLACEMENT_3D('',#10216,#8181,#8182);
#6880=AXIS2_PLACEMENT_3D('',#10218,#8183,#8184);
#6881=AXIS2_PLACEMENT_3D('',#10219,#8185,#8186);
#6882=AXIS2_PLACEMENT_3D('',#10220,#8187,#8188);
#6883=AXIS2_PLACEMENT_3D('',#10222,#8189,#8190);
#6884=AXIS2_PLACEMENT_3D('',#10223,#8191,#8192);
#6885=AXIS2_PLACEMENT_3D('',#10224,#8193,#8194);
#6886=AXIS2_PLACEMENT_3D('',#10226,#8195,#8196);
#6887=AXIS2_PLACEMENT_3D('',#10227,#8197,#8198);
#6888=AXIS2_PLACEMENT_3D('',#10228,#8199,#8200);
#6889=AXIS2_PLACEMENT_3D('',#10229,#8201,#8202);
#6890=AXIS2_PLACEMENT_3D('',#10230,#8203,#8204);
#6891=AXIS2_PLACEMENT_3D('',#10231,#8205,#8206);
#6892=AXIS2_PLACEMENT_3D('',#10232,#8207,#8208);
#6893=AXIS2_PLACEMENT_3D('',#10233,#8209,#8210);
#6894=AXIS2_PLACEMENT_3D('',#10234,#8211,#8212);
#6895=AXIS2_PLACEMENT_3D('',#10235,#8213,#8214);
#6896=AXIS2_PLACEMENT_3D('',#10236,#8215,#8216);
#6897=AXIS2_PLACEMENT_3D('',#10237,#8217,#8218);
#6898=AXIS2_PLACEMENT_3D('',#10238,#8219,#8220);
#6899=AXIS2_PLACEMENT_3D('',#10239,#8221,#8222);
#6900=AXIS2_PLACEMENT_3D('',#10240,#8223,#8224);
#6901=AXIS2_PLACEMENT_3D('',#10241,#8225,#8226);
#6902=AXIS2_PLACEMENT_3D('',#10242,#8227,#8228);
#6903=AXIS2_PLACEMENT_3D('',#10243,#8229,#8230);
#6904=AXIS2_PLACEMENT_3D('',#10249,#8234,#8235);
#6905=AXIS2_PLACEMENT_3D('',#10253,#8238,#8239);
#6906=AXIS2_PLACEMENT_3D('',#10257,#8242,#8243);
#6907=AXIS2_PLACEMENT_3D('',#10259,#8245,#8246);
#6908=AXIS2_PLACEMENT_3D('',#10260,#8247,#8248);
#6909=AXIS2_PLACEMENT_3D('',#10266,#8252,#8253);
#6910=AXIS2_PLACEMENT_3D('',#10270,#8256,#8257);
#6911=AXIS2_PLACEMENT_3D('',#10274,#8260,#8261);
#6912=AXIS2_PLACEMENT_3D('',#10278,#8264,#8265);
#6913=AXIS2_PLACEMENT_3D('',#10282,#8268,#8269);
#6914=AXIS2_PLACEMENT_3D('',#10286,#8272,#8273);
#6915=AXIS2_PLACEMENT_3D('',#10290,#8276,#8277);
#6916=AXIS2_PLACEMENT_3D('',#10292,#8279,#8280);
#6917=AXIS2_PLACEMENT_3D('',#10296,#8282,#8283);
#6918=AXIS2_PLACEMENT_3D('',#10300,#8285,#8286);
#6919=AXIS2_PLACEMENT_3D('',#10304,#8288,#8289);
#6920=AXIS2_PLACEMENT_3D('',#10308,#8291,#8292);
#6921=AXIS2_PLACEMENT_3D('',#10309,#8293,#8294);
#6922=AXIS2_PLACEMENT_3D('',#10310,#8295,#8296);
#6923=AXIS2_PLACEMENT_3D('',#10312,#8297,#8298);
#6924=AXIS2_PLACEMENT_3D('',#10313,#8299,#8300);
#6925=AXIS2_PLACEMENT_3D('',#10314,#8301,#8302);
#6926=AXIS2_PLACEMENT_3D('',#10316,#8303,#8304);
#6927=AXIS2_PLACEMENT_3D('',#10317,#8305,#8306);
#6928=AXIS2_PLACEMENT_3D('',#10318,#8307,#8308);
#6929=AXIS2_PLACEMENT_3D('',#10320,#8309,#8310);
#6930=AXIS2_PLACEMENT_3D('',#10321,#8311,#8312);
#6931=AXIS2_PLACEMENT_3D('',#10322,#8313,#8314);
#6932=AXIS2_PLACEMENT_3D('',#10324,#8315,#8316);
#6933=AXIS2_PLACEMENT_3D('',#10325,#8317,#8318);
#6934=AXIS2_PLACEMENT_3D('',#10326,#8319,#8320);
#6935=AXIS2_PLACEMENT_3D('',#10327,#8321,#8322);
#6936=AXIS2_PLACEMENT_3D('',#10328,#8323,#8324);
#6937=AXIS2_PLACEMENT_3D('',#10329,#8325,#8326);
#6938=AXIS2_PLACEMENT_3D('',#10330,#8327,#8328);
#6939=AXIS2_PLACEMENT_3D('',#10331,#8329,#8330);
#6940=AXIS2_PLACEMENT_3D('',#10332,#8331,#8332);
#6941=AXIS2_PLACEMENT_3D('',#10333,#8333,#8334);
#6942=AXIS2_PLACEMENT_3D('',#10334,#8335,#8336);
#6943=AXIS2_PLACEMENT_3D('',#10335,#8337,#8338);
#6944=AXIS2_PLACEMENT_3D('',#10336,#8339,#8340);
#6945=AXIS2_PLACEMENT_3D('',#10337,#8341,#8342);
#6946=AXIS2_PLACEMENT_3D('',#10338,#8343,#8344);
#6947=AXIS2_PLACEMENT_3D('',#10339,#8345,#8346);
#6948=AXIS2_PLACEMENT_3D('',#10340,#8347,#8348);
#6949=AXIS2_PLACEMENT_3D('',#10341,#8349,#8350);
#6950=AXIS2_PLACEMENT_3D('',#10347,#8354,#8355);
#6951=AXIS2_PLACEMENT_3D('',#10351,#8358,#8359);
#6952=AXIS2_PLACEMENT_3D('',#10355,#8362,#8363);
#6953=AXIS2_PLACEMENT_3D('',#10357,#8365,#8366);
#6954=AXIS2_PLACEMENT_3D('',#10358,#8367,#8368);
#6955=AXIS2_PLACEMENT_3D('',#10364,#8372,#8373);
#6956=AXIS2_PLACEMENT_3D('',#10368,#8376,#8377);
#6957=AXIS2_PLACEMENT_3D('',#10372,#8380,#8381);
#6958=AXIS2_PLACEMENT_3D('',#10376,#8384,#8385);
#6959=AXIS2_PLACEMENT_3D('',#10380,#8388,#8389);
#6960=AXIS2_PLACEMENT_3D('',#10384,#8392,#8393);
#6961=AXIS2_PLACEMENT_3D('',#10388,#8396,#8397);
#6962=AXIS2_PLACEMENT_3D('',#10390,#8399,#8400);
#6963=AXIS2_PLACEMENT_3D('',#10394,#8402,#8403);
#6964=AXIS2_PLACEMENT_3D('',#10398,#8405,#8406);
#6965=AXIS2_PLACEMENT_3D('',#10402,#8408,#8409);
#6966=AXIS2_PLACEMENT_3D('',#10406,#8411,#8412);
#6967=AXIS2_PLACEMENT_3D('',#10407,#8413,#8414);
#6968=AXIS2_PLACEMENT_3D('',#10408,#8415,#8416);
#6969=AXIS2_PLACEMENT_3D('',#10410,#8417,#8418);
#6970=AXIS2_PLACEMENT_3D('',#10411,#8419,#8420);
#6971=AXIS2_PLACEMENT_3D('',#10412,#8421,#8422);
#6972=AXIS2_PLACEMENT_3D('',#10414,#8423,#8424);
#6973=AXIS2_PLACEMENT_3D('',#10415,#8425,#8426);
#6974=AXIS2_PLACEMENT_3D('',#10416,#8427,#8428);
#6975=AXIS2_PLACEMENT_3D('',#10418,#8429,#8430);
#6976=AXIS2_PLACEMENT_3D('',#10419,#8431,#8432);
#6977=AXIS2_PLACEMENT_3D('',#10420,#8433,#8434);
#6978=AXIS2_PLACEMENT_3D('',#10422,#8435,#8436);
#6979=AXIS2_PLACEMENT_3D('',#10423,#8437,#8438);
#6980=AXIS2_PLACEMENT_3D('',#10424,#8439,#8440);
#6981=AXIS2_PLACEMENT_3D('',#10425,#8441,#8442);
#6982=AXIS2_PLACEMENT_3D('',#10426,#8443,#8444);
#6983=AXIS2_PLACEMENT_3D('',#10427,#8445,#8446);
#6984=AXIS2_PLACEMENT_3D('',#10428,#8447,#8448);
#6985=AXIS2_PLACEMENT_3D('',#10429,#8449,#8450);
#6986=AXIS2_PLACEMENT_3D('',#10430,#8451,#8452);
#6987=AXIS2_PLACEMENT_3D('',#10431,#8453,#8454);
#6988=AXIS2_PLACEMENT_3D('',#10432,#8455,#8456);
#6989=AXIS2_PLACEMENT_3D('',#10433,#8457,#8458);
#6990=AXIS2_PLACEMENT_3D('',#10434,#8459,#8460);
#6991=AXIS2_PLACEMENT_3D('',#10435,#8461,#8462);
#6992=AXIS2_PLACEMENT_3D('',#10436,#8463,#8464);
#6993=AXIS2_PLACEMENT_3D('',#10437,#8465,#8466);
#6994=AXIS2_PLACEMENT_3D('',#10438,#8467,#8468);
#6995=AXIS2_PLACEMENT_3D('',#10439,#8469,#8470);
#6996=AXIS2_PLACEMENT_3D('',#10445,#8474,#8475);
#6997=AXIS2_PLACEMENT_3D('',#10449,#8478,#8479);
#6998=AXIS2_PLACEMENT_3D('',#10453,#8482,#8483);
#6999=AXIS2_PLACEMENT_3D('',#10455,#8485,#8486);
#7000=AXIS2_PLACEMENT_3D('',#10456,#8487,#8488);
#7001=AXIS2_PLACEMENT_3D('',#10462,#8492,#8493);
#7002=AXIS2_PLACEMENT_3D('',#10466,#8496,#8497);
#7003=AXIS2_PLACEMENT_3D('',#10470,#8500,#8501);
#7004=AXIS2_PLACEMENT_3D('',#10474,#8504,#8505);
#7005=AXIS2_PLACEMENT_3D('',#10478,#8508,#8509);
#7006=AXIS2_PLACEMENT_3D('',#10482,#8512,#8513);
#7007=AXIS2_PLACEMENT_3D('',#10486,#8516,#8517);
#7008=AXIS2_PLACEMENT_3D('',#10488,#8519,#8520);
#7009=AXIS2_PLACEMENT_3D('',#10492,#8522,#8523);
#7010=AXIS2_PLACEMENT_3D('',#10496,#8525,#8526);
#7011=AXIS2_PLACEMENT_3D('',#10500,#8528,#8529);
#7012=AXIS2_PLACEMENT_3D('',#10504,#8531,#8532);
#7013=AXIS2_PLACEMENT_3D('',#10505,#8533,#8534);
#7014=AXIS2_PLACEMENT_3D('',#10506,#8535,#8536);
#7015=AXIS2_PLACEMENT_3D('',#10508,#8537,#8538);
#7016=AXIS2_PLACEMENT_3D('',#10509,#8539,#8540);
#7017=AXIS2_PLACEMENT_3D('',#10510,#8541,#8542);
#7018=AXIS2_PLACEMENT_3D('',#10512,#8543,#8544);
#7019=AXIS2_PLACEMENT_3D('',#10513,#8545,#8546);
#7020=AXIS2_PLACEMENT_3D('',#10514,#8547,#8548);
#7021=AXIS2_PLACEMENT_3D('',#10516,#8549,#8550);
#7022=AXIS2_PLACEMENT_3D('',#10517,#8551,#8552);
#7023=AXIS2_PLACEMENT_3D('',#10518,#8553,#8554);
#7024=AXIS2_PLACEMENT_3D('',#10520,#8555,#8556);
#7025=AXIS2_PLACEMENT_3D('',#10521,#8557,#8558);
#7026=AXIS2_PLACEMENT_3D('',#10522,#8559,#8560);
#7027=AXIS2_PLACEMENT_3D('',#10523,#8561,#8562);
#7028=AXIS2_PLACEMENT_3D('',#10524,#8563,#8564);
#7029=AXIS2_PLACEMENT_3D('',#10525,#8565,#8566);
#7030=AXIS2_PLACEMENT_3D('',#10526,#8567,#8568);
#7031=AXIS2_PLACEMENT_3D('',#10527,#8569,#8570);
#7032=AXIS2_PLACEMENT_3D('',#10528,#8571,#8572);
#7033=AXIS2_PLACEMENT_3D('',#10529,#8573,#8574);
#7034=AXIS2_PLACEMENT_3D('',#10530,#8575,#8576);
#7035=AXIS2_PLACEMENT_3D('',#10531,#8577,#8578);
#7036=AXIS2_PLACEMENT_3D('',#10532,#8579,#8580);
#7037=AXIS2_PLACEMENT_3D('',#10533,#8581,#8582);
#7038=AXIS2_PLACEMENT_3D('',#10534,#8583,#8584);
#7039=AXIS2_PLACEMENT_3D('',#10535,#8585,#8586);
#7040=AXIS2_PLACEMENT_3D('',#10536,#8587,#8588);
#7041=AXIS2_PLACEMENT_3D('',#10537,#8589,#8590);
#7042=AXIS2_PLACEMENT_3D('',#10540,#8593,#8594);
#7043=AXIS2_PLACEMENT_3D('',#10542,#8596,#8597);
#7044=AXIS2_PLACEMENT_3D('',#10544,#8599,#8600);
#7045=AXIS2_PLACEMENT_3D('',#10545,#8601,#8602);
#7046=AXIS2_PLACEMENT_3D('',#10548,#8605,#8606);
#7047=AXIS2_PLACEMENT_3D('',#10550,#8608,#8609);
#7048=AXIS2_PLACEMENT_3D('',#10552,#8611,#8612);
#7049=AXIS2_PLACEMENT_3D('',#10553,#8613,#8614);
#7050=AXIS2_PLACEMENT_3D('',#10556,#8617,#8618);
#7051=AXIS2_PLACEMENT_3D('',#10558,#8620,#8621);
#7052=AXIS2_PLACEMENT_3D('',#10560,#8623,#8624);
#7053=AXIS2_PLACEMENT_3D('',#10561,#8625,#8626);
#7054=AXIS2_PLACEMENT_3D('',#10564,#8629,#8630);
#7055=AXIS2_PLACEMENT_3D('',#10566,#8632,#8633);
#7056=AXIS2_PLACEMENT_3D('',#10568,#8635,#8636);
#7057=AXIS2_PLACEMENT_3D('',#10569,#8637,#8638);
#7058=AXIS2_PLACEMENT_3D('',#10570,#8639,#8640);
#7059=AXIS2_PLACEMENT_3D('',#10572,#8641,#8642);
#7060=AXIS2_PLACEMENT_3D('',#10574,#8643,#8644);
#7061=AXIS2_PLACEMENT_3D('',#10575,#8645,#8646);
#7062=AXIS2_PLACEMENT_3D('',#10577,#8647,#8648);
#7063=AXIS2_PLACEMENT_3D('',#10579,#8649,#8650);
#7064=AXIS2_PLACEMENT_3D('',#10580,#8651,#8652);
#7065=AXIS2_PLACEMENT_3D('',#10582,#8653,#8654);
#7066=AXIS2_PLACEMENT_3D('',#10583,#8655,#8656);
#7067=AXIS2_PLACEMENT_3D('',#10584,#8657,#8658);
#7068=AXIS2_PLACEMENT_3D('',#10585,#8659,#8660);
#7069=AXIS2_PLACEMENT_3D('',#10586,#8661,#8662);
#7070=AXIS2_PLACEMENT_3D('',#10588,#8663,#8664);
#7071=AXIS2_PLACEMENT_3D('',#10590,#8665,#8666);
#7072=AXIS2_PLACEMENT_3D('',#10591,#8667,#8668);
#7073=AXIS2_PLACEMENT_3D('',#10593,#8669,#8670);
#7074=AXIS2_PLACEMENT_3D('',#10595,#8671,#8672);
#7075=AXIS2_PLACEMENT_3D('',#10596,#8673,#8674);
#7076=AXIS2_PLACEMENT_3D('',#10598,#8675,#8676);
#7077=AXIS2_PLACEMENT_3D('',#10599,#8677,#8678);
#7078=AXIS2_PLACEMENT_3D('',#10600,#8679,#8680);
#7079=AXIS2_PLACEMENT_3D('',#10601,#8681,#8682);
#7080=AXIS2_PLACEMENT_3D('',#10602,#8683,#8684);
#7081=AXIS2_PLACEMENT_3D('',#10604,#8685,#8686);
#7082=AXIS2_PLACEMENT_3D('',#10606,#8687,#8688);
#7083=AXIS2_PLACEMENT_3D('',#10607,#8689,#8690);
#7084=AXIS2_PLACEMENT_3D('',#10609,#8691,#8692);
#7085=AXIS2_PLACEMENT_3D('',#10611,#8693,#8694);
#7086=AXIS2_PLACEMENT_3D('',#10612,#8695,#8696);
#7087=AXIS2_PLACEMENT_3D('',#10614,#8697,#8698);
#7088=AXIS2_PLACEMENT_3D('',#10615,#8699,#8700);
#7089=AXIS2_PLACEMENT_3D('',#10616,#8701,#8702);
#7090=AXIS2_PLACEMENT_3D('',#10617,#8703,#8704);
#7091=AXIS2_PLACEMENT_3D('',#10628,#8710,#8711);
#7092=AXIS2_PLACEMENT_3D('',#10639,#8717,#8718);
#7093=AXIS2_PLACEMENT_3D('',#10641,#8720,#8721);
#7094=AXIS2_PLACEMENT_3D('',#10645,#8723,#8724);
#7095=AXIS2_PLACEMENT_3D('',#10646,#8725,#8726);
#7096=AXIS2_PLACEMENT_3D('',#10647,#8727,#8728);
#7097=AXIS2_PLACEMENT_3D('',#10652,#8730,#8731);
#7098=AXIS2_PLACEMENT_3D('',#10653,#8732,#8733);
#7099=AXIS2_PLACEMENT_3D('',#10654,#8734,#8735);
#7100=AXIS2_PLACEMENT_3D('',#10655,#8736,#8737);
#7101=AXIS2_PLACEMENT_3D('',#10656,#8738,#8739);
#7102=AXIS2_PLACEMENT_3D('',#10659,#8742,#8743);
#7103=AXIS2_PLACEMENT_3D('',#10660,#8744,#8745);
#7104=AXIS2_PLACEMENT_3D('',#10662,#8746,#8747);
#7105=AXIS2_PLACEMENT_3D('',#10663,#8748,#8749);
#7106=AXIS2_PLACEMENT_3D('',#10674,#8755,#8756);
#7107=AXIS2_PLACEMENT_3D('',#10685,#8762,#8763);
#7108=AXIS2_PLACEMENT_3D('',#10687,#8765,#8766);
#7109=AXIS2_PLACEMENT_3D('',#10691,#8768,#8769);
#7110=AXIS2_PLACEMENT_3D('',#10692,#8770,#8771);
#7111=AXIS2_PLACEMENT_3D('',#10693,#8772,#8773);
#7112=AXIS2_PLACEMENT_3D('',#10695,#8774,#8775);
#7113=AXIS2_PLACEMENT_3D('',#10699,#8777,#8778);
#7114=AXIS2_PLACEMENT_3D('',#10700,#8779,#8780);
#7115=AXIS2_PLACEMENT_3D('',#10701,#8781,#8782);
#7116=AXIS2_PLACEMENT_3D('',#10702,#8783,#8784);
#7117=AXIS2_PLACEMENT_3D('',#10705,#8787,#8788);
#7118=AXIS2_PLACEMENT_3D('',#10706,#8789,#8790);
#7119=AXIS2_PLACEMENT_3D('',#10708,#8791,#8792);
#7120=AXIS2_PLACEMENT_3D('',#10709,#8793,#8794);
#7121=AXIS2_PLACEMENT_3D('',#10720,#8800,#8801);
#7122=AXIS2_PLACEMENT_3D('',#10731,#8807,#8808);
#7123=AXIS2_PLACEMENT_3D('',#10733,#8810,#8811);
#7124=AXIS2_PLACEMENT_3D('',#10737,#8813,#8814);
#7125=AXIS2_PLACEMENT_3D('',#10738,#8815,#8816);
#7126=AXIS2_PLACEMENT_3D('',#10739,#8817,#8818);
#7127=AXIS2_PLACEMENT_3D('',#10741,#8819,#8820);
#7128=AXIS2_PLACEMENT_3D('',#10745,#8822,#8823);
#7129=AXIS2_PLACEMENT_3D('',#10746,#8824,#8825);
#7130=AXIS2_PLACEMENT_3D('',#10747,#8826,#8827);
#7131=AXIS2_PLACEMENT_3D('',#10748,#8828,#8829);
#7132=AXIS2_PLACEMENT_3D('',#10751,#8832,#8833);
#7133=AXIS2_PLACEMENT_3D('',#10752,#8834,#8835);
#7134=AXIS2_PLACEMENT_3D('',#10754,#8836,#8837);
#7135=AXIS2_PLACEMENT_3D('',#10755,#8838,#8839);
#7136=AXIS2_PLACEMENT_3D('',#10766,#8845,#8846);
#7137=AXIS2_PLACEMENT_3D('',#10777,#8852,#8853);
#7138=AXIS2_PLACEMENT_3D('',#10779,#8855,#8856);
#7139=AXIS2_PLACEMENT_3D('',#10783,#8858,#8859);
#7140=AXIS2_PLACEMENT_3D('',#10784,#8860,#8861);
#7141=AXIS2_PLACEMENT_3D('',#10785,#8862,#8863);
#7142=AXIS2_PLACEMENT_3D('',#10787,#8864,#8865);
#7143=AXIS2_PLACEMENT_3D('',#10791,#8867,#8868);
#7144=AXIS2_PLACEMENT_3D('',#10792,#8869,#8870);
#7145=AXIS2_PLACEMENT_3D('',#10793,#8871,#8872);
#7146=AXIS2_PLACEMENT_3D('',#10794,#8873,#8874);
#7147=AXIS2_PLACEMENT_3D('',#10797,#8877,#8878);
#7148=AXIS2_PLACEMENT_3D('',#10798,#8879,#8880);
#7149=AXIS2_PLACEMENT_3D('',#10800,#8881,#8882);
#7150=AXIS2_PLACEMENT_3D('',#10801,#8883,#8884);
#7151=AXIS2_PLACEMENT_3D('',#10812,#8890,#8891);
#7152=AXIS2_PLACEMENT_3D('',#10823,#8897,#8898);
#7153=AXIS2_PLACEMENT_3D('',#10825,#8900,#8901);
#7154=AXIS2_PLACEMENT_3D('',#10829,#8903,#8904);
#7155=AXIS2_PLACEMENT_3D('',#10830,#8905,#8906);
#7156=AXIS2_PLACEMENT_3D('',#10831,#8907,#8908);
#7157=AXIS2_PLACEMENT_3D('',#10833,#8909,#8910);
#7158=AXIS2_PLACEMENT_3D('',#10837,#8912,#8913);
#7159=AXIS2_PLACEMENT_3D('',#10838,#8914,#8915);
#7160=AXIS2_PLACEMENT_3D('',#10839,#8916,#8917);
#7161=AXIS2_PLACEMENT_3D('',#10840,#8918,#8919);
#7162=AXIS2_PLACEMENT_3D('',#10843,#8922,#8923);
#7163=AXIS2_PLACEMENT_3D('',#10844,#8924,#8925);
#7164=AXIS2_PLACEMENT_3D('',#10846,#8926,#8927);
#7165=AXIS2_PLACEMENT_3D('',#10847,#8928,#8929);
#7166=AXIS2_PLACEMENT_3D('',#10858,#8935,#8936);
#7167=AXIS2_PLACEMENT_3D('',#10869,#8942,#8943);
#7168=AXIS2_PLACEMENT_3D('',#10871,#8945,#8946);
#7169=AXIS2_PLACEMENT_3D('',#10875,#8948,#8949);
#7170=AXIS2_PLACEMENT_3D('',#10876,#8950,#8951);
#7171=AXIS2_PLACEMENT_3D('',#10877,#8952,#8953);
#7172=AXIS2_PLACEMENT_3D('',#10879,#8954,#8955);
#7173=AXIS2_PLACEMENT_3D('',#10883,#8957,#8958);
#7174=AXIS2_PLACEMENT_3D('',#10884,#8959,#8960);
#7175=AXIS2_PLACEMENT_3D('',#10885,#8961,#8962);
#7176=AXIS2_PLACEMENT_3D('',#10886,#8963,#8964);
#7177=AXIS2_PLACEMENT_3D('',#10889,#8967,#8968);
#7178=AXIS2_PLACEMENT_3D('',#10890,#8969,#8970);
#7179=AXIS2_PLACEMENT_3D('',#10892,#8971,#8972);
#7180=AXIS2_PLACEMENT_3D('',#10893,#8973,#8974);
#7181=AXIS2_PLACEMENT_3D('',#10904,#8980,#8981);
#7182=AXIS2_PLACEMENT_3D('',#10915,#8987,#8988);
#7183=AXIS2_PLACEMENT_3D('',#10917,#8990,#8991);
#7184=AXIS2_PLACEMENT_3D('',#10921,#8993,#8994);
#7185=AXIS2_PLACEMENT_3D('',#10922,#8995,#8996);
#7186=AXIS2_PLACEMENT_3D('',#10923,#8997,#8998);
#7187=AXIS2_PLACEMENT_3D('',#10925,#8999,#9000);
#7188=AXIS2_PLACEMENT_3D('',#10929,#9002,#9003);
#7189=AXIS2_PLACEMENT_3D('',#10930,#9004,#9005);
#7190=AXIS2_PLACEMENT_3D('',#10931,#9006,#9007);
#7191=AXIS2_PLACEMENT_3D('',#10932,#9008,#9009);
#7192=AXIS2_PLACEMENT_3D('',#10935,#9012,#9013);
#7193=AXIS2_PLACEMENT_3D('',#10936,#9014,#9015);
#7194=AXIS2_PLACEMENT_3D('',#10938,#9016,#9017);
#7195=AXIS2_PLACEMENT_3D('',#10939,#9018,#9019);
#7196=AXIS2_PLACEMENT_3D('',#10940,#9020,#9021);
#7197=AXIS2_PLACEMENT_3D('',#10941,#9022,#9023);
#7198=AXIS2_PLACEMENT_3D('',#10942,#9024,#9025);
#7199=AXIS2_PLACEMENT_3D('',#10943,#9026,#9027);
#7200=AXIS2_PLACEMENT_3D('',#10944,#9028,#9029);
#7201=AXIS2_PLACEMENT_3D('',#10945,#9030,#9031);
#7202=AXIS2_PLACEMENT_3D('',#10946,#9032,#9033);
#7203=AXIS2_PLACEMENT_3D('',#10947,#9034,#9035);
#7204=AXIS2_PLACEMENT_3D('',#10948,#9036,#9037);
#7205=AXIS2_PLACEMENT_3D('',#10949,#9038,#9039);
#7206=AXIS2_PLACEMENT_3D('',#10950,#9040,#9041);
#7207=AXIS2_PLACEMENT_3D('',#10951,#9042,#9043);
#7208=AXIS2_PLACEMENT_3D('',#10952,#9044,#9045);
#7209=AXIS2_PLACEMENT_3D('',#10953,#9046,#9047);
#7210=AXIS2_PLACEMENT_3D('',#10954,#9048,#9049);
#7211=AXIS2_PLACEMENT_3D('',#10955,#9050,#9051);
#7212=AXIS2_PLACEMENT_3D('',#10956,#9052,#9053);
#7213=AXIS2_PLACEMENT_3D('',#10957,#9054,#9055);
#7214=AXIS2_PLACEMENT_3D('',#10958,#9056,#9057);
#7215=AXIS2_PLACEMENT_3D('',#10959,#9058,#9059);
#7216=AXIS2_PLACEMENT_3D('',#10960,#9060,#9061);
#7217=AXIS2_PLACEMENT_3D('',#10961,#9062,#9063);
#7218=AXIS2_PLACEMENT_3D('',#10962,#9064,#9065);
#7219=AXIS2_PLACEMENT_3D('',#10963,#9066,#9067);
#7220=AXIS2_PLACEMENT_3D('',#10964,#9068,#9069);
#7221=AXIS2_PLACEMENT_3D('',#10965,#9070,#9071);
#7222=AXIS2_PLACEMENT_3D('',#10966,#9072,#9073);
#7223=AXIS2_PLACEMENT_3D('',#10967,#9074,#9075);
#7224=AXIS2_PLACEMENT_3D('',#10968,#9076,#9077);
#7225=AXIS2_PLACEMENT_3D('',#10969,#9078,#9079);
#7226=AXIS2_PLACEMENT_3D('',#10970,#9080,#9081);
#7227=AXIS2_PLACEMENT_3D('',#10971,#9082,#9083);
#7228=AXIS2_PLACEMENT_3D('',#10972,#9084,#9085);
#7229=AXIS2_PLACEMENT_3D('',#10973,#9086,#9087);
#7230=AXIS2_PLACEMENT_3D('',#10974,#9088,#9089);
#7231=AXIS2_PLACEMENT_3D('',#10975,#9090,#9091);
#7232=AXIS2_PLACEMENT_3D('',#10976,#9092,#9093);
#7233=AXIS2_PLACEMENT_3D('',#10977,#9094,#9095);
#7234=AXIS2_PLACEMENT_3D('',#10978,#9096,#9097);
#7235=AXIS2_PLACEMENT_3D('',#10979,#9098,#9099);
#7236=AXIS2_PLACEMENT_3D('',#10980,#9100,#9101);
#7237=AXIS2_PLACEMENT_3D('',#10981,#9102,#9103);
#7238=AXIS2_PLACEMENT_3D('',#10982,#9104,#9105);
#7239=AXIS2_PLACEMENT_3D('',#10983,#9106,#9107);
#7240=AXIS2_PLACEMENT_3D('',#10984,#9108,#9109);
#7241=AXIS2_PLACEMENT_3D('',#10985,#9110,#9111);
#7242=AXIS2_PLACEMENT_3D('',#10986,#9112,#9113);
#7243=AXIS2_PLACEMENT_3D('',#10987,#9114,#9115);
#7244=AXIS2_PLACEMENT_3D('',#10988,#9116,#9117);
#7245=AXIS2_PLACEMENT_3D('',#10992,#9120,#9121);
#7246=AXIS2_PLACEMENT_3D('',#10998,#9125,#9126);
#7247=AXIS2_PLACEMENT_3D('',#11002,#9129,#9130);
#7248=AXIS2_PLACEMENT_3D('',#11006,#9133,#9134);
#7249=AXIS2_PLACEMENT_3D('',#11010,#9137,#9138);
#7250=AXIS2_PLACEMENT_3D('',#11012,#9140,#9141);
#7251=AXIS2_PLACEMENT_3D('',#11013,#9142,#9143);
#7252=AXIS2_PLACEMENT_3D('',#11014,#9144,#9145);
#7253=AXIS2_PLACEMENT_3D('',#11015,#9146,#9147);
#7254=AXIS2_PLACEMENT_3D('',#11016,#9148,#9149);
#7255=DIRECTION('',(0.,0.,1.));
#7256=DIRECTION('',(1.,0.,0.));
#7257=DIRECTION('',(1.,0.,0.));
#7258=DIRECTION('',(0.,1.,0.));
#7259=DIRECTION('',(0.,-0.99678327516184,0.0801442596674017));
#7260=DIRECTION('',(0.,-0.024487002936255,0.999700148388105));
#7261=DIRECTION('',(0.,1.,0.));
#7262=DIRECTION('',(0.,-0.183897444990877,-0.982945435782591));
#7263=DIRECTION('',(0.,-0.99678327516184,0.0801442596674017));
#7264=DIRECTION('',(0.,-0.183897444990877,-0.982945435782591));
#7265=DIRECTION('',(0.,1.,0.));
#7266=DIRECTION('',(0.,-0.0244870029362543,0.999700148388106));
#7267=DIRECTION('',(0.,0.982945435782591,-0.183897444990877));
#7268=DIRECTION('',(0.,-0.183897444990877,-0.982945435782591));
#7269=DIRECTION('',(0.,-0.183897444990877,-0.982945435782591));
#7270=DIRECTION('',(1.,0.,0.));
#7271=DIRECTION('',(0.,-0.183897444990877,-0.982945435782591));
#7272=DIRECTION('',(-1.,0.,0.));
#7273=DIRECTION('',(0.,-0.183897444990877,-0.982945435782591));
#7274=DIRECTION('',(1.,0.,0.));
#7275=DIRECTION('',(0.,-0.183897444990877,-0.982945435782591));
#7276=DIRECTION('',(-1.,0.,0.));
#7277=DIRECTION('',(0.,-0.183897444990877,-0.982945435782591));
#7278=DIRECTION('',(1.,0.,0.));
#7279=DIRECTION('',(-0.103096519607022,0.18291752108476,0.977707670075839));
#7280=DIRECTION('',(1.,0.,0.));
#7281=DIRECTION('',(0.,-0.999700148388105,-0.0244870029362543));
#7282=DIRECTION('',(0.,0.0244870029362543,-0.999700148388105));
#7283=DIRECTION('',(0.,-0.0244870029362543,0.999700148388106));
#7284=DIRECTION('',(-1.,0.,0.));
#7285=DIRECTION('',(0.,-0.0244870029362543,0.999700148388106));
#7286=DIRECTION('',(1.,0.,0.));
#7287=DIRECTION('',(0.,-0.0244870029362543,0.999700148388106));
#7288=DIRECTION('',(-1.,0.,0.));
#7289=DIRECTION('',(0.,-0.0244870029362543,0.999700148388106));
#7290=DIRECTION('',(1.,0.,0.));
#7291=DIRECTION('',(0.,-0.0244870029362536,0.999700148388105));
#7292=DIRECTION('',(1.,0.,0.));
#7293=DIRECTION('',(0.104834689108563,0.0243520712751261,-0.994191462739508));
#7294=DIRECTION('',(1.,0.,0.));
#7295=DIRECTION('',(0.,0.,1.));
#7296=DIRECTION('',(1.,0.,0.));
#7297=DIRECTION('',(0.,0.,1.));
#7298=DIRECTION('',(1.,0.,0.));
#7299=DIRECTION('',(0.,0.,1.));
#7300=DIRECTION('',(1.,0.,0.));
#7301=DIRECTION('',(0.,0.,1.));
#7302=DIRECTION('',(1.,0.,0.));
#7303=DIRECTION('',(-1.,0.,0.));
#7304=DIRECTION('',(0.,1.,0.));
#7305=DIRECTION('',(-1.,0.,0.));
#7306=DIRECTION('',(0.,1.,0.));
#7307=DIRECTION('',(-1.,0.,0.));
#7308=DIRECTION('',(0.,1.,0.));
#7309=DIRECTION('',(-1.,0.,0.));
#7310=DIRECTION('',(0.,1.,0.));
#7311=DIRECTION('',(0.,-1.,0.));
#7312=DIRECTION('',(-1.,0.,0.));
#7313=DIRECTION('',(0.,-1.,0.));
#7314=DIRECTION('',(1.,0.,0.));
#7315=DIRECTION('',(0.,1.,0.));
#7316=DIRECTION('',(1.,0.,0.));
#7317=DIRECTION('',(0.,1.,0.));
#7318=DIRECTION('',(1.,0.,0.));
#7319=DIRECTION('',(0.,-1.,0.));
#7320=DIRECTION('',(-1.,0.,0.));
#7321=DIRECTION('',(0.,-1.,0.));
#7322=DIRECTION('',(1.,0.,0.));
#7323=DIRECTION('',(0.,1.,0.));
#7324=DIRECTION('',(1.,0.,0.));
#7325=DIRECTION('',(0.,1.,0.));
#7326=DIRECTION('',(1.,0.,0.));
#7327=DIRECTION('',(0.,-1.,0.));
#7328=DIRECTION('',(-1.,0.,0.));
#7329=DIRECTION('',(0.,-1.,0.));
#7330=DIRECTION('',(1.,0.,0.));
#7331=DIRECTION('',(0.,1.,0.));
#7332=DIRECTION('',(1.,0.,0.));
#7333=DIRECTION('',(0.,1.,0.));
#7334=DIRECTION('',(1.,0.,0.));
#7335=DIRECTION('',(0.,0.,1.));
#7336=DIRECTION('',(1.,0.,0.));
#7337=DIRECTION('',(-1.,0.,0.));
#7338=DIRECTION('',(0.,1.,0.));
#7339=DIRECTION('',(-1.,0.,0.));
#7340=DIRECTION('',(0.,1.,0.));
#7341=DIRECTION('',(0.,0.,1.));
#7342=DIRECTION('',(1.,0.,0.));
#7343=DIRECTION('',(0.,0.,1.));
#7344=DIRECTION('',(1.,0.,0.));
#7345=DIRECTION('',(0.,0.,1.));
#7346=DIRECTION('',(1.,0.,0.));
#7347=DIRECTION('',(0.,0.,1.));
#7348=DIRECTION('',(1.,0.,0.));
#7349=DIRECTION('',(0.,0.,1.));
#7350=DIRECTION('',(1.,0.,0.));
#7351=DIRECTION('',(0.,0.,1.));
#7352=DIRECTION('',(1.,0.,0.));
#7353=DIRECTION('',(-1.,0.,0.));
#7354=DIRECTION('',(0.,1.,0.));
#7355=DIRECTION('',(-1.,0.,0.));
#7356=DIRECTION('',(0.,1.,0.));
#7357=DIRECTION('',(0.,0.,1.));
#7358=DIRECTION('',(1.,0.,0.));
#7359=DIRECTION('',(0.,0.,1.));
#7360=DIRECTION('',(1.,0.,0.));
#7361=DIRECTION('',(-1.,0.,0.));
#7362=DIRECTION('',(0.,1.,0.));
#7363=DIRECTION('',(-1.,0.,0.));
#7364=DIRECTION('',(0.,1.,0.));
#7365=DIRECTION('',(0.,0.,1.));
#7366=DIRECTION('',(1.,0.,0.));
#7367=DIRECTION('',(0.,0.,1.));
#7368=DIRECTION('',(1.,0.,0.));
#7369=DIRECTION('',(-1.,0.,0.));
#7370=DIRECTION('',(0.,1.,0.));
#7371=DIRECTION('',(-1.,0.,0.));
#7372=DIRECTION('',(0.,1.,0.));
#7373=DIRECTION('',(0.,0.,1.));
#7374=DIRECTION('',(1.,0.,0.));
#7375=DIRECTION('',(0.,1.,0.));
#7376=DIRECTION('',(-1.,-3.46944695195361E-16,0.));
#7377=DIRECTION('',(0.,1.,0.));
#7378=DIRECTION('',(-1.,-3.46944695195361E-16,0.));
#7379=DIRECTION('',(0.,0.,1.));
#7380=DIRECTION('',(1.,0.,0.));
#7381=DIRECTION('',(0.,0.,1.));
#7382=DIRECTION('',(1.,0.,0.));
#7383=DIRECTION('',(0.,0.,1.));
#7384=DIRECTION('',(1.,0.,0.));
#7385=DIRECTION('',(0.,0.,1.));
#7386=DIRECTION('',(1.,0.,0.));
#7387=DIRECTION('',(0.,1.,0.));
#7388=DIRECTION('',(-1.,-3.46944695195361E-16,0.));
#7389=DIRECTION('',(0.,1.,0.));
#7390=DIRECTION('',(-1.,-3.46944695195361E-16,0.));
#7391=DIRECTION('',(0.,0.,1.));
#7392=DIRECTION('',(1.,0.,0.));
#7393=DIRECTION('',(0.,0.,1.));
#7394=DIRECTION('',(1.,0.,0.));
#7395=DIRECTION('',(0.,0.,1.));
#7396=DIRECTION('',(1.,0.,0.));
#7397=DIRECTION('',(0.,0.,1.));
#7398=DIRECTION('',(1.,0.,0.));
#7399=DIRECTION('',(0.,1.,0.));
#7400=DIRECTION('',(-1.,-3.46944695195361E-16,0.));
#7401=DIRECTION('',(0.,1.,0.));
#7402=DIRECTION('',(-1.,-3.46944695195361E-16,0.));
#7403=DIRECTION('',(0.,0.,1.));
#7404=DIRECTION('',(1.,0.,0.));
#7405=DIRECTION('',(0.,0.,1.));
#7406=DIRECTION('',(1.,0.,0.));
#7407=DIRECTION('',(0.,0.,1.));
#7408=DIRECTION('',(1.,0.,0.));
#7409=DIRECTION('',(0.,0.,1.));
#7410=DIRECTION('',(1.,0.,0.));
#7411=DIRECTION('',(0.,1.,0.));
#7412=DIRECTION('',(-1.,-3.46944695195361E-16,0.));
#7413=DIRECTION('',(0.,1.,0.));
#7414=DIRECTION('',(-1.,-3.46944695195361E-16,0.));
#7415=DIRECTION('',(0.,0.,1.));
#7416=DIRECTION('',(1.,0.,0.));
#7417=DIRECTION('',(0.,0.,1.));
#7418=DIRECTION('',(1.,0.,0.));
#7419=DIRECTION('',(0.,0.,1.));
#7420=DIRECTION('',(1.,0.,0.));
#7421=DIRECTION('',(0.,0.,1.));
#7422=DIRECTION('',(1.,0.,0.));
#7423=DIRECTION('',(-1.,0.,0.));
#7424=DIRECTION('',(0.,1.,0.));
#7425=DIRECTION('',(-1.,0.,0.));
#7426=DIRECTION('',(0.,1.,0.));
#7427=DIRECTION('',(-1.,0.,0.));
#7428=DIRECTION('',(0.,1.,0.));
#7429=DIRECTION('',(-1.,0.,0.));
#7430=DIRECTION('',(0.,1.,0.));
#7431=DIRECTION('',(0.,1.,0.));
#7432=DIRECTION('',(0.,0.,1.));
#7433=DIRECTION('',(0.974065576119482,0.22626589097569,0.));
#7434=DIRECTION('',(0.,-1.,0.));
#7435=DIRECTION('',(0.,0.,1.));
#7436=DIRECTION('',(-0.491004219689287,0.871157193764314,0.));
#7437=DIRECTION('',(0.,1.,0.));
#7438=DIRECTION('',(1.,0.,0.));
#7439=DIRECTION('',(0.,1.,0.));
#7440=DIRECTION('',(1.,0.,0.));
#7441=DIRECTION('',(0.,-1.,0.));
#7442=DIRECTION('',(-1.,0.,0.));
#7443=DIRECTION('',(0.,-1.,0.));
#7444=DIRECTION('',(1.,0.,0.));
#7445=DIRECTION('',(0.,0.,1.));
#7446=DIRECTION('',(1.,0.,0.));
#7447=DIRECTION('',(0.,1.,0.));
#7448=DIRECTION('',(-1.,0.,0.));
#7449=DIRECTION('',(0.,1.,0.));
#7450=DIRECTION('',(-1.,0.,0.));
#7451=DIRECTION('',(0.,1.,0.));
#7452=DIRECTION('',(-1.,0.,0.));
#7453=DIRECTION('',(0.,1.,0.));
#7454=DIRECTION('',(-1.,0.,0.));
#7455=DIRECTION('',(0.,1.,0.));
#7456=DIRECTION('',(-1.,0.,0.));
#7457=DIRECTION('',(0.,1.,0.));
#7458=DIRECTION('',(-1.,0.,0.));
#7459=DIRECTION('',(0.,1.,0.));
#7460=DIRECTION('',(-1.,0.,0.));
#7461=DIRECTION('',(0.,1.,0.));
#7462=DIRECTION('',(-1.,0.,0.));
#7463=DIRECTION('',(0.,0.,1.));
#7464=DIRECTION('',(1.,0.,0.));
#7465=DIRECTION('',(0.,0.,-1.));
#7466=DIRECTION('',(1.,0.,0.));
#7467=DIRECTION('',(0.,1.,0.));
#7468=DIRECTION('',(-1.,0.,0.));
#7469=DIRECTION('',(0.,1.,0.));
#7470=DIRECTION('',(-1.,0.,0.));
#7471=DIRECTION('',(0.,0.,1.));
#7472=DIRECTION('',(1.,0.,0.));
#7473=DIRECTION('',(0.,0.,1.));
#7474=DIRECTION('',(1.,0.,0.));
#7475=DIRECTION('',(0.,0.,1.));
#7476=DIRECTION('',(1.,0.,0.));
#7477=DIRECTION('',(0.,0.,1.));
#7478=DIRECTION('',(1.,0.,0.));
#7479=DIRECTION('',(0.,1.,0.));
#7480=DIRECTION('',(-1.,0.,0.));
#7481=DIRECTION('',(0.,1.,0.));
#7482=DIRECTION('',(-1.,0.,0.));
#7483=DIRECTION('',(0.,0.,-1.));
#7484=DIRECTION('',(1.,0.,0.));
#7485=DIRECTION('',(0.,0.,1.));
#7486=DIRECTION('',(1.,0.,0.));
#7487=DIRECTION('',(0.,1.,0.));
#7488=DIRECTION('',(-1.,0.,0.));
#7489=DIRECTION('',(0.,1.,0.));
#7490=DIRECTION('',(-1.,0.,0.));
#7491=DIRECTION('',(0.,0.,-1.));
#7492=DIRECTION('',(1.,0.,0.));
#7493=DIRECTION('',(0.,0.,1.));
#7494=DIRECTION('',(1.,0.,0.));
#7495=DIRECTION('',(0.,1.,0.));
#7496=DIRECTION('',(-1.,0.,0.));
#7497=DIRECTION('',(0.,1.,0.));
#7498=DIRECTION('',(-1.,0.,0.));
#7499=DIRECTION('',(0.,0.,-1.));
#7500=DIRECTION('',(1.,0.,0.));
#7501=DIRECTION('',(0.,0.,1.));
#7502=DIRECTION('',(1.,0.,0.));
#7503=DIRECTION('',(0.,0.,1.));
#7504=DIRECTION('',(1.,0.,0.));
#7505=DIRECTION('',(0.,-1.,0.));
#7506=DIRECTION('',(0.,0.,1.));
#7507=DIRECTION('',(1.,0.,0.));
#7508=DIRECTION('',(-1.,0.,0.));
#7509=DIRECTION('',(0.,0.,1.));
#7510=DIRECTION('',(1.,0.,0.));
#7511=DIRECTION('',(0.,-1.,0.));
#7512=DIRECTION('',(0.,0.,1.));
#7513=DIRECTION('',(1.,0.,0.));
#7514=DIRECTION('',(-1.,4.95635278850516E-16,0.));
#7515=DIRECTION('',(0.,0.,1.));
#7516=DIRECTION('',(1.,0.,0.));
#7517=DIRECTION('',(0.,-1.,0.));
#7518=DIRECTION('',(0.,0.,1.));
#7519=DIRECTION('',(1.,0.,0.));
#7520=DIRECTION('',(-1.,0.,0.));
#7521=DIRECTION('',(0.,0.,1.));
#7522=DIRECTION('',(1.,0.,0.));
#7523=DIRECTION('',(0.,-1.,0.));
#7524=DIRECTION('',(0.,0.,1.));
#7525=DIRECTION('',(1.,0.,0.));
#7526=DIRECTION('',(-1.,4.95635278850516E-16,0.));
#7527=DIRECTION('',(0.,0.,1.));
#7528=DIRECTION('',(1.,0.,0.));
#7529=DIRECTION('',(0.,-1.,0.));
#7530=DIRECTION('',(0.,0.,1.));
#7531=DIRECTION('',(1.,0.,0.));
#7532=DIRECTION('',(-1.,0.,0.));
#7533=DIRECTION('',(0.,0.,1.));
#7534=DIRECTION('',(1.,0.,0.));
#7535=DIRECTION('',(0.,-1.,0.));
#7536=DIRECTION('',(0.,0.,1.));
#7537=DIRECTION('',(1.,0.,0.));
#7538=DIRECTION('',(-1.,4.95635278850516E-16,0.));
#7539=DIRECTION('',(0.,0.,1.));
#7540=DIRECTION('',(1.,0.,0.));
#7541=DIRECTION('',(0.,-1.,0.));
#7542=DIRECTION('',(0.,0.,1.));
#7543=DIRECTION('',(1.,0.,0.));
#7544=DIRECTION('',(-1.,0.,0.));
#7545=DIRECTION('',(0.,0.,1.));
#7546=DIRECTION('',(1.,0.,0.));
#7547=DIRECTION('',(0.,-1.,0.));
#7548=DIRECTION('',(0.,0.,1.));
#7549=DIRECTION('',(1.,0.,0.));
#7550=DIRECTION('',(-1.,4.95635278850516E-16,0.));
#7551=DIRECTION('',(1.,0.,0.));
#7552=DIRECTION('',(1.,0.,0.));
#7553=DIRECTION('',(0.,0.,1.));
#7554=DIRECTION('',(-0.491004219689287,0.871157193764314,0.));
#7555=DIRECTION('',(0.,-1.,0.));
#7556=DIRECTION('',(0.,0.,1.));
#7557=DIRECTION('',(0.974065576119482,0.22626589097569,0.));
#7558=DIRECTION('',(0.,0.982945435782591,-0.183897444990877));
#7559=DIRECTION('',(0.,-0.183897444990877,-0.982945435782591));
#7560=DIRECTION('',(1.,0.,0.));
#7561=DIRECTION('',(-0.103096519607022,0.18291752108476,0.977707670075839));
#7562=DIRECTION('',(0.,-0.999700148388105,-0.0244870029362543));
#7563=DIRECTION('',(0.,0.0244870029362543,-0.999700148388105));
#7564=DIRECTION('',(1.,0.,0.));
#7565=DIRECTION('',(0.104834689108563,0.0243520712751261,-0.994191462739508));
#7566=DIRECTION('',(0.,-0.0801442596674016,-0.99678327516184));
#7567=DIRECTION('',(0.,0.99678327516184,-0.0801442596674017));
#7568=DIRECTION('',(-1.,0.,0.));
#7569=DIRECTION('',(0.,-0.99678327516184,0.0801442596674021));
#7570=DIRECTION('',(1.,0.,0.));
#7571=DIRECTION('',(0.,-0.996783275161838,0.0801442596674217));
#7572=DIRECTION('',(0.,-0.0801442596674016,-0.99678327516184));
#7573=DIRECTION('',(-0.704112673990999,0.707804105201557,-0.056909498197305));
#7574=DIRECTION('',(0.00845068465049074,0.996747682350549,-0.0801413979023806));
#7575=DIRECTION('',(0.,-0.0801442596674016,-0.99678327516184));
#7576=DIRECTION('',(0.71008826375687,0.701847737263709,-0.0564305889794432));
#7577=DIRECTION('',(0.,0.996783275161839,-0.0801442596674121));
#7578=DIRECTION('',(1.,0.,0.));
#7579=DIRECTION('',(0.,0.99678327516184,-0.0801442596674014));
#7580=DIRECTION('',(-1.,0.,0.));
#7581=DIRECTION('',(0.,-0.0801442596674016,-0.99678327516184));
#7582=DIRECTION('',(0.71008826375687,0.701847737263709,-0.0564305889794432));
#7583=DIRECTION('',(0.00845068465049074,0.996747682350549,-0.0801413979023806));
#7584=DIRECTION('',(0.,-0.0801442596674016,-0.99678327516184));
#7585=DIRECTION('',(-0.704112673990999,0.707804105201557,-0.056909498197305));
#7586=DIRECTION('',(-0.994486383305592,0.,-0.104865787651465));
#7587=DIRECTION('',(0.104524730799463,-0.0805857166550607,-0.991251997689029));
#7588=DIRECTION('',(-0.104532155083817,0.0797051899287385,0.991322405301099));
#7589=DIRECTION('',(0.00845068465049074,0.996747682350549,-0.0801413979023806));
#7590=DIRECTION('',(-0.104532155083817,0.0797051899287385,0.991322405301099));
#7591=DIRECTION('',(-0.00845068465049074,-0.996747682350549,0.0801413979023806));
#7592=DIRECTION('',(0.104834689108563,0.0243520712751261,-0.994191462739508));
#7593=DIRECTION('',(-0.103096519607022,0.18291752108476,0.977707670075839));
#7594=DIRECTION('',(-0.104532155083817,0.0797051899287385,0.991322405301099));
#7595=DIRECTION('',(0.00845068465049074,0.996747682350549,-0.0801413979023806));
#7596=DIRECTION('',(-0.104532155083817,0.0797051899287385,0.991322405301099));
#7597=DIRECTION('',(-0.00845068465049074,-0.996747682350549,0.0801413979023806));
#7598=DIRECTION('',(-0.104532155083817,0.0797051899287385,0.991322405301099));
#7599=DIRECTION('',(0.00845068465049074,0.996747682350549,-0.0801413979023806));
#7600=DIRECTION('',(-0.104532155083817,0.0797051899287385,0.991322405301099));
#7601=DIRECTION('',(-0.00845068465049074,-0.996747682350549,0.0801413979023806));
#7602=DIRECTION('',(0.,0.,1.));
#7603=DIRECTION('',(1.,0.,0.));
#7604=DIRECTION('',(0.,0.,-1.));
#7605=DIRECTION('',(-1.,0.,0.));
#7606=DIRECTION('',(-1.,0.,0.));
#7607=DIRECTION('',(0.,1.,0.));
#7608=DIRECTION('',(-1.,0.,0.));
#7609=DIRECTION('',(0.,1.,0.));
#7610=DIRECTION('',(-1.,0.,0.));
#7611=DIRECTION('',(0.,-1.,0.));
#7612=DIRECTION('',(-1.,0.,0.));
#7613=DIRECTION('',(0.,-1.,0.));
#7614=DIRECTION('',(0.,0.,1.));
#7615=DIRECTION('',(1.,0.,0.));
#7616=DIRECTION('',(0.,0.,-1.));
#7617=DIRECTION('',(-1.,0.,0.));
#7618=DIRECTION('',(-1.,0.,0.));
#7619=DIRECTION('',(0.,1.,0.));
#7620=DIRECTION('',(-1.,0.,0.));
#7621=DIRECTION('',(0.,1.,0.));
#7622=DIRECTION('',(-1.,0.,0.));
#7623=DIRECTION('',(0.,-1.,0.));
#7624=DIRECTION('',(-1.,0.,0.));
#7625=DIRECTION('',(0.,-1.,0.));
#7626=DIRECTION('',(0.,0.,1.));
#7627=DIRECTION('',(1.,0.,0.));
#7628=DIRECTION('',(0.,0.,-1.));
#7629=DIRECTION('',(-1.,0.,0.));
#7630=DIRECTION('',(-1.,0.,0.));
#7631=DIRECTION('',(0.,1.,0.));
#7632=DIRECTION('',(-1.,0.,0.));
#7633=DIRECTION('',(0.,1.,0.));
#7634=DIRECTION('',(-1.,0.,0.));
#7635=DIRECTION('',(0.,-1.,0.));
#7636=DIRECTION('',(-1.,0.,0.));
#7637=DIRECTION('',(0.,-1.,0.));
#7638=DIRECTION('',(-1.,0.,0.));
#7639=DIRECTION('',(0.,0.,1.));
#7640=DIRECTION('',(0.,0.,-1.));
#7641=DIRECTION('',(0.,1.,0.));
#7642=DIRECTION('',(0.,0.,-1.));
#7643=DIRECTION('',(-1.,0.,0.));
#7644=DIRECTION('',(0.,0.,1.));
#7645=DIRECTION('',(0.,0.,-1.));
#7646=DIRECTION('',(0.,1.,0.));
#7647=DIRECTION('',(0.,0.,-1.));
#7648=DIRECTION('',(0.,-1.,0.));
#7649=DIRECTION('',(0.,0.,-1.));
#7650=DIRECTION('',(-1.,0.,0.));
#7651=DIRECTION('',(0.,0.,-1.));
#7652=DIRECTION('',(1.,0.,0.));
#7653=DIRECTION('',(-1.,0.,0.));
#7654=DIRECTION('',(-1.,0.,0.));
#7655=DIRECTION('',(0.,0.,1.));
#7656=DIRECTION('',(0.,-1.,0.));
#7657=DIRECTION('',(0.,0.,1.));
#7658=DIRECTION('',(0.,-1.,0.));
#7659=DIRECTION('',(0.,0.,1.));
#7660=DIRECTION('',(-1.0842021724855E-16,1.,0.));
#7661=DIRECTION('',(-1.,-1.0842021724855E-16,0.));
#7662=DIRECTION('',(-1.,-1.0842021724855E-16,0.));
#7663=DIRECTION('',(0.,0.,1.));
#7664=DIRECTION('',(-1.,-1.0842021724855E-16,0.));
#7665=DIRECTION('',(-1.,0.,0.));
#7666=DIRECTION('',(0.,0.,1.));
#7667=DIRECTION('',(0.,-1.,0.));
#7668=DIRECTION('',(0.,0.,1.));
#7669=DIRECTION('',(0.,-1.,0.));
#7670=DIRECTION('',(0.,1.,0.));
#7671=DIRECTION('',(0.,0.,1.));
#7672=DIRECTION('',(-1.,0.,0.));
#7673=DIRECTION('',(-1.,0.,0.));
#7674=DIRECTION('',(0.,1.,0.));
#7675=DIRECTION('',(0.,0.,1.));
#7676=DIRECTION('',(0.,0.,1.));
#7677=DIRECTION('',(-1.,0.,0.));
#7678=DIRECTION('',(0.,0.,1.));
#7679=DIRECTION('',(-1.,0.,0.));
#7680=DIRECTION('',(0.,0.,1.));
#7681=DIRECTION('',(0.,0.,1.));
#7682=DIRECTION('',(0.,-1.,0.));
#7683=DIRECTION('',(0.,1.,0.));
#7684=DIRECTION('',(0.,0.,1.));
#7685=DIRECTION('',(0.,0.,1.));
#7686=DIRECTION('',(-1.,0.,0.));
#7687=DIRECTION('',(-1.,0.,0.));
#7688=DIRECTION('',(0.,0.,1.));
#7689=DIRECTION('',(0.,-1.,0.));
#7690=DIRECTION('',(0.,0.,-1.));
#7691=DIRECTION('',(1.,0.,0.));
#7692=DIRECTION('',(0.,0.,-1.));
#7693=DIRECTION('',(-1.,0.,0.));
#7694=DIRECTION('',(0.,0.,1.));
#7695=DIRECTION('',(1.,0.,0.));
#7696=DIRECTION('',(-1.,0.,0.));
#7697=DIRECTION('',(0.,0.,1.));
#7698=DIRECTION('',(0.,0.,-1.));
#7699=DIRECTION('',(0.,1.,0.));
#7700=DIRECTION('',(0.,0.,-1.));
#7701=DIRECTION('',(-1.,0.,0.));
#7702=DIRECTION('',(0.,0.,1.));
#7703=DIRECTION('',(0.,0.,-1.));
#7704=DIRECTION('',(0.,1.,0.));
#7705=DIRECTION('',(0.,0.,-1.));
#7706=DIRECTION('',(0.,-1.,0.));
#7707=DIRECTION('',(0.,0.,-1.));
#7708=DIRECTION('',(-1.,0.,0.));
#7709=DIRECTION('',(0.,0.,-1.));
#7710=DIRECTION('',(1.,0.,0.));
#7711=DIRECTION('',(-1.,0.,0.));
#7712=DIRECTION('',(-1.,0.,0.));
#7713=DIRECTION('',(0.,0.,1.));
#7714=DIRECTION('',(0.,-1.,0.));
#7715=DIRECTION('',(0.,0.,1.));
#7716=DIRECTION('',(0.,-1.,0.));
#7717=DIRECTION('',(0.,0.,1.));
#7718=DIRECTION('',(-1.0842021724855E-16,1.,0.));
#7719=DIRECTION('',(-1.,-1.0842021724855E-16,0.));
#7720=DIRECTION('',(-1.,-1.0842021724855E-16,0.));
#7721=DIRECTION('',(0.,0.,1.));
#7722=DIRECTION('',(-1.,-1.0842021724855E-16,0.));
#7723=DIRECTION('',(-1.,0.,0.));
#7724=DIRECTION('',(0.,0.,1.));
#7725=DIRECTION('',(0.,-1.,0.));
#7726=DIRECTION('',(0.,0.,1.));
#7727=DIRECTION('',(0.,-1.,0.));
#7728=DIRECTION('',(0.,1.,0.));
#7729=DIRECTION('',(0.,0.,1.));
#7730=DIRECTION('',(-1.,0.,0.));
#7731=DIRECTION('',(-1.,0.,0.));
#7732=DIRECTION('',(0.,1.,0.));
#7733=DIRECTION('',(0.,0.,1.));
#7734=DIRECTION('',(0.,0.,1.));
#7735=DIRECTION('',(-1.,0.,0.));
#7736=DIRECTION('',(0.,0.,1.));
#7737=DIRECTION('',(-1.,0.,0.));
#7738=DIRECTION('',(0.,0.,1.));
#7739=DIRECTION('',(0.,0.,1.));
#7740=DIRECTION('',(0.,-1.,0.));
#7741=DIRECTION('',(0.,1.,0.));
#7742=DIRECTION('',(0.,0.,1.));
#7743=DIRECTION('',(0.,0.,1.));
#7744=DIRECTION('',(-1.,0.,0.));
#7745=DIRECTION('',(-1.,0.,0.));
#7746=DIRECTION('',(0.,0.,1.));
#7747=DIRECTION('',(0.,-1.,0.));
#7748=DIRECTION('',(0.,0.,-1.));
#7749=DIRECTION('',(1.,0.,0.));
#7750=DIRECTION('',(0.,0.,-1.));
#7751=DIRECTION('',(-1.,0.,0.));
#7752=DIRECTION('',(0.,0.,1.));
#7753=DIRECTION('',(1.,0.,0.));
#7754=DIRECTION('',(-1.,0.,0.));
#7755=DIRECTION('',(0.,0.,1.));
#7756=DIRECTION('',(0.,0.,-1.));
#7757=DIRECTION('',(0.,1.,0.));
#7758=DIRECTION('',(0.,0.,-1.));
#7759=DIRECTION('',(-1.,0.,0.));
#7760=DIRECTION('',(0.,0.,1.));
#7761=DIRECTION('',(0.,0.,-1.));
#7762=DIRECTION('',(0.,1.,0.));
#7763=DIRECTION('',(0.,0.,-1.));
#7764=DIRECTION('',(0.,-1.,0.));
#7765=DIRECTION('',(0.,0.,-1.));
#7766=DIRECTION('',(-1.,0.,0.));
#7767=DIRECTION('',(0.,0.,-1.));
#7768=DIRECTION('',(1.,0.,0.));
#7769=DIRECTION('',(-1.,0.,0.));
#7770=DIRECTION('',(-1.,0.,0.));
#7771=DIRECTION('',(0.,0.,1.));
#7772=DIRECTION('',(0.,-1.,0.));
#7773=DIRECTION('',(0.,0.,1.));
#7774=DIRECTION('',(0.,-1.,0.));
#7775=DIRECTION('',(0.,0.,1.));
#7776=DIRECTION('',(-1.0842021724855E-16,1.,0.));
#7777=DIRECTION('',(-1.,-1.0842021724855E-16,0.));
#7778=DIRECTION('',(-1.,-1.0842021724855E-16,0.));
#7779=DIRECTION('',(0.,0.,1.));
#7780=DIRECTION('',(-1.,-1.0842021724855E-16,0.));
#7781=DIRECTION('',(-1.,0.,0.));
#7782=DIRECTION('',(0.,0.,1.));
#7783=DIRECTION('',(0.,-1.,0.));
#7784=DIRECTION('',(0.,0.,1.));
#7785=DIRECTION('',(0.,-1.,0.));
#7786=DIRECTION('',(0.,1.,0.));
#7787=DIRECTION('',(0.,0.,1.));
#7788=DIRECTION('',(-1.,0.,0.));
#7789=DIRECTION('',(-1.,0.,0.));
#7790=DIRECTION('',(0.,1.,0.));
#7791=DIRECTION('',(0.,0.,1.));
#7792=DIRECTION('',(0.,0.,1.));
#7793=DIRECTION('',(-1.,0.,0.));
#7794=DIRECTION('',(0.,0.,1.));
#7795=DIRECTION('',(-1.,0.,0.));
#7796=DIRECTION('',(0.,0.,1.));
#7797=DIRECTION('',(0.,0.,1.));
#7798=DIRECTION('',(0.,-1.,0.));
#7799=DIRECTION('',(0.,1.,0.));
#7800=DIRECTION('',(0.,0.,1.));
#7801=DIRECTION('',(0.,0.,1.));
#7802=DIRECTION('',(-1.,0.,0.));
#7803=DIRECTION('',(-1.,0.,0.));
#7804=DIRECTION('',(0.,0.,1.));
#7805=DIRECTION('',(0.,-1.,0.));
#7806=DIRECTION('',(0.,0.,-1.));
#7807=DIRECTION('',(1.,0.,0.));
#7808=DIRECTION('',(0.,0.,-1.));
#7809=DIRECTION('',(-1.,0.,0.));
#7810=DIRECTION('',(0.,0.,1.));
#7811=DIRECTION('',(1.,0.,0.));
#7812=DIRECTION('',(0.,0.,1.));
#7813=DIRECTION('',(1.,0.,0.));
#7814=DIRECTION('',(-1.,-1.0842021724855E-16,0.));
#7815=DIRECTION('',(0.,-1.,0.));
#7816=DIRECTION('',(-1.,0.,0.));
#7817=DIRECTION('',(0.,-1.,0.));
#7818=DIRECTION('',(0.,0.,1.));
#7819=DIRECTION('',(1.,0.,0.));
#7820=DIRECTION('',(0.,0.,1.));
#7821=DIRECTION('',(1.,0.,0.));
#7822=DIRECTION('',(0.,0.,1.));
#7823=DIRECTION('',(1.,0.,0.));
#7824=DIRECTION('',(0.,0.,1.));
#7825=DIRECTION('',(1.,0.,0.));
#7826=DIRECTION('',(0.,0.,1.));
#7827=DIRECTION('',(1.,0.,0.));
#7828=DIRECTION('',(0.,0.,1.));
#7829=DIRECTION('',(1.,0.,0.));
#7830=DIRECTION('',(0.,0.,1.));
#7831=DIRECTION('',(1.,0.,0.));
#7832=DIRECTION('',(0.,0.,1.));
#7833=DIRECTION('',(1.,0.,0.));
#7834=DIRECTION('',(0.,0.,-1.));
#7835=DIRECTION('',(1.,0.,0.));
#7836=DIRECTION('',(0.,0.,1.));
#7837=DIRECTION('',(1.,0.,0.));
#7838=DIRECTION('',(0.,0.,1.));
#7839=DIRECTION('',(1.,0.,0.));
#7840=DIRECTION('',(0.,0.,1.));
#7841=DIRECTION('',(1.,0.,0.));
#7842=DIRECTION('',(0.,0.,1.));
#7843=DIRECTION('',(1.,0.,0.));
#7844=DIRECTION('',(0.,0.,1.));
#7845=DIRECTION('',(1.,0.,0.));
#7846=DIRECTION('',(0.,1.,0.));
#7847=DIRECTION('',(0.,0.,1.));
#7848=DIRECTION('',(0.,0.,1.));
#7849=DIRECTION('',(0.,0.,1.));
#7850=DIRECTION('',(1.,0.,0.));
#7851=DIRECTION('',(0.,0.,-1.));
#7852=DIRECTION('',(0.,0.,1.));
#7853=DIRECTION('',(0.,1.,0.));
#7854=DIRECTION('',(0.,0.,1.));
#7855=DIRECTION('',(0.,0.,1.));
#7856=DIRECTION('',(1.,0.,0.));
#7857=DIRECTION('',(0.,0.,-1.));
#7858=DIRECTION('',(0.,0.,1.));
#7859=DIRECTION('',(1.,0.,0.));
#7860=DIRECTION('',(0.,0.,1.));
#7861=DIRECTION('',(1.,0.,0.));
#7862=DIRECTION('',(0.,0.,1.));
#7863=DIRECTION('',(1.,0.,0.));
#7864=DIRECTION('',(0.,0.,1.));
#7865=DIRECTION('',(1.,0.,0.));
#7866=DIRECTION('',(0.,0.,1.));
#7867=DIRECTION('',(1.,0.,0.));
#7868=DIRECTION('',(0.,0.,1.));
#7869=DIRECTION('',(1.,0.,0.));
#7870=DIRECTION('',(0.,0.,1.));
#7871=DIRECTION('',(1.,0.,0.));
#7872=DIRECTION('',(0.,0.,1.));
#7873=DIRECTION('',(1.,0.,0.));
#7874=DIRECTION('',(0.,0.,-1.));
#7875=DIRECTION('',(1.,0.,0.));
#7876=DIRECTION('',(0.,0.,1.));
#7877=DIRECTION('',(1.,0.,0.));
#7878=DIRECTION('',(0.,0.,1.));
#7879=DIRECTION('',(1.,0.,0.));
#7880=DIRECTION('',(0.,0.,1.));
#7881=DIRECTION('',(1.,0.,0.));
#7882=DIRECTION('',(0.,0.,1.));
#7883=DIRECTION('',(1.,0.,0.));
#7884=DIRECTION('',(0.,0.,1.));
#7885=DIRECTION('',(1.,0.,0.));
#7886=DIRECTION('',(0.,1.,0.));
#7887=DIRECTION('',(0.,0.,1.));
#7888=DIRECTION('',(0.,0.,1.));
#7889=DIRECTION('',(0.,0.,1.));
#7890=DIRECTION('',(1.,0.,0.));
#7891=DIRECTION('',(0.,0.,-1.));
#7892=DIRECTION('',(0.,0.,1.));
#7893=DIRECTION('',(0.,1.,0.));
#7894=DIRECTION('',(0.,0.,1.));
#7895=DIRECTION('',(0.,0.,1.));
#7896=DIRECTION('',(1.,0.,0.));
#7897=DIRECTION('',(0.,0.,-1.));
#7898=DIRECTION('',(0.,0.,1.));
#7899=DIRECTION('',(1.,0.,0.));
#7900=DIRECTION('',(0.,0.,1.));
#7901=DIRECTION('',(1.,0.,0.));
#7902=DIRECTION('',(0.,0.,1.));
#7903=DIRECTION('',(1.,0.,0.));
#7904=DIRECTION('',(0.,0.,1.));
#7905=DIRECTION('',(1.,0.,0.));
#7906=DIRECTION('',(0.,0.,1.));
#7907=DIRECTION('',(1.,0.,0.));
#7908=DIRECTION('',(0.,0.,1.));
#7909=DIRECTION('',(1.,0.,0.));
#7910=DIRECTION('',(0.,0.,1.));
#7911=DIRECTION('',(1.,0.,0.));
#7912=DIRECTION('',(0.,0.,1.));
#7913=DIRECTION('',(1.,0.,0.));
#7914=DIRECTION('',(0.,0.,-1.));
#7915=DIRECTION('',(1.,0.,0.));
#7916=DIRECTION('',(0.,0.,1.));
#7917=DIRECTION('',(1.,0.,0.));
#7918=DIRECTION('',(0.,0.,1.));
#7919=DIRECTION('',(1.,0.,0.));
#7920=DIRECTION('',(0.,0.,1.));
#7921=DIRECTION('',(1.,0.,0.));
#7922=DIRECTION('',(0.,0.,1.));
#7923=DIRECTION('',(1.,0.,0.));
#7924=DIRECTION('',(0.,0.,1.));
#7925=DIRECTION('',(1.,0.,0.));
#7926=DIRECTION('',(0.,1.,0.));
#7927=DIRECTION('',(0.,0.,1.));
#7928=DIRECTION('',(0.,0.,1.));
#7929=DIRECTION('',(0.,0.,1.));
#7930=DIRECTION('',(1.,0.,0.));
#7931=DIRECTION('',(0.,0.,-1.));
#7932=DIRECTION('',(0.,0.,1.));
#7933=DIRECTION('',(0.,1.,0.));
#7934=DIRECTION('',(0.,0.,1.));
#7935=DIRECTION('',(0.,0.,1.));
#7936=DIRECTION('',(1.,0.,0.));
#7937=DIRECTION('',(0.,0.,-1.));
#7938=DIRECTION('',(0.,0.,1.));
#7939=DIRECTION('',(1.,0.,0.));
#7940=DIRECTION('',(0.,0.,1.));
#7941=DIRECTION('',(1.,0.,0.));
#7942=DIRECTION('',(0.,0.,1.));
#7943=DIRECTION('',(1.,0.,0.));
#7944=DIRECTION('',(0.,0.,1.));
#7945=DIRECTION('',(1.,0.,0.));
#7946=DIRECTION('',(0.,0.,1.));
#7947=DIRECTION('',(1.,0.,0.));
#7948=DIRECTION('',(-0.994486383305592,0.,-0.104865787651465));
#7949=DIRECTION('',(0.104524730799463,-0.0805857166550607,-0.991251997689029));
#7950=DIRECTION('',(-0.103096519607022,0.18291752108476,0.977707670075839));
#7951=DIRECTION('',(0.104834689108563,0.0243520712751261,-0.994191462739508));
#7952=DIRECTION('',(-0.103096519607022,0.18291752108476,0.977707670075839));
#7953=DIRECTION('',(0.,-0.982945435782591,0.183897444990877));
#7954=DIRECTION('',(0.104834689108563,0.0243520712751261,-0.994191462739508));
#7955=DIRECTION('',(-0.994486383305592,0.,-0.104865787651465));
#7956=DIRECTION('',(0.,0.,1.));
#7957=DIRECTION('',(1.,0.,0.));
#7958=DIRECTION('',(0.,0.,1.));
#7959=DIRECTION('',(1.,0.,0.));
#7960=DIRECTION('',(0.,0.,1.));
#7961=DIRECTION('',(1.,0.,0.));
#7962=DIRECTION('',(0.,0.,1.));
#7963=DIRECTION('',(1.,0.,0.));
#7964=DIRECTION('',(0.,0.,1.));
#7965=DIRECTION('',(1.,0.,0.));
#7966=DIRECTION('',(0.,0.,1.));
#7967=DIRECTION('',(1.,0.,0.));
#7968=DIRECTION('',(0.,0.,1.));
#7969=DIRECTION('',(1.,0.,0.));
#7970=DIRECTION('',(0.,0.,1.));
#7971=DIRECTION('',(1.,0.,0.));
#7972=DIRECTION('',(0.,0.,1.));
#7973=DIRECTION('',(1.,0.,0.));
#7974=DIRECTION('',(0.,0.,1.));
#7975=DIRECTION('',(1.,0.,0.));
#7976=DIRECTION('',(0.,0.,1.));
#7977=DIRECTION('',(1.,0.,0.));
#7978=DIRECTION('',(0.,0.,1.));
#7979=DIRECTION('',(1.,0.,0.));
#7980=DIRECTION('',(0.,0.,1.));
#7981=DIRECTION('',(1.,0.,0.));
#7982=DIRECTION('',(-0.103096519607022,0.18291752108476,0.977707670075839));
#7983=DIRECTION('',(0.,-0.982945435782591,0.183897444990877));
#7984=DIRECTION('',(0.104834689108563,0.0243520712751261,-0.994191462739508));
#7985=DIRECTION('',(-0.994486383305592,0.,-0.104865787651465));
#7986=DIRECTION('',(0.,0.,1.));
#7987=DIRECTION('',(1.,0.,0.));
#7988=DIRECTION('',(0.,0.,1.));
#7989=DIRECTION('',(1.,0.,0.));
#7990=DIRECTION('',(-1.,0.,0.));
#7991=DIRECTION('',(0.,1.,0.));
#7992=DIRECTION('',(-1.,0.,0.));
#7993=DIRECTION('',(0.,1.,0.));
#7994=DIRECTION('',(-1.,0.,0.));
#7995=DIRECTION('',(0.,-1.,0.));
#7996=DIRECTION('',(-1.,0.,0.));
#7997=DIRECTION('',(0.,-1.,0.));
#7998=DIRECTION('',(0.,0.,-1.));
#7999=DIRECTION('',(-1.,0.,0.));
#8000=DIRECTION('',(0.,0.,1.));
#8001=DIRECTION('',(1.,0.,0.));
#8002=DIRECTION('',(0.,0.,1.));
#8003=DIRECTION('',(1.,0.,0.));
#8004=DIRECTION('',(0.,0.,1.));
#8005=DIRECTION('',(1.,0.,0.));
#8006=DIRECTION('',(0.,0.,1.));
#8007=DIRECTION('',(1.,0.,0.));
#8008=DIRECTION('',(0.,0.,1.));
#8009=DIRECTION('',(1.,0.,0.));
#8010=DIRECTION('',(0.,0.,1.));
#8011=DIRECTION('',(1.,0.,0.));
#8012=DIRECTION('',(0.,0.,1.));
#8013=DIRECTION('',(1.,0.,0.));
#8014=DIRECTION('',(0.,0.,1.));
#8015=DIRECTION('',(1.,0.,0.));
#8016=DIRECTION('',(0.,0.,1.));
#8017=DIRECTION('',(1.,0.,0.));
#8018=DIRECTION('',(0.,1.,0.));
#8019=DIRECTION('',(0.,0.,1.));
#8020=DIRECTION('',(0.,0.,1.));
#8021=DIRECTION('',(0.,0.,1.));
#8022=DIRECTION('',(1.,0.,0.));
#8023=DIRECTION('',(0.,0.,-1.));
#8024=DIRECTION('',(0.,0.,1.));
#8025=DIRECTION('',(0.,1.,0.));
#8026=DIRECTION('',(0.,0.,1.));
#8027=DIRECTION('',(0.,0.,1.));
#8028=DIRECTION('',(1.,0.,0.));
#8029=DIRECTION('',(0.,0.,-1.));
#8030=DIRECTION('',(0.,0.,1.));
#8031=DIRECTION('',(1.,0.,0.));
#8032=DIRECTION('',(0.,0.,1.));
#8033=DIRECTION('',(1.,0.,0.));
#8034=DIRECTION('',(0.,0.,1.));
#8035=DIRECTION('',(1.,0.,0.));
#8036=DIRECTION('',(0.,0.,1.));
#8037=DIRECTION('',(1.,0.,0.));
#8038=DIRECTION('',(0.,0.,1.));
#8039=DIRECTION('',(1.,0.,0.));
#8040=DIRECTION('',(0.,0.,-1.));
#8041=DIRECTION('',(1.,0.,0.));
#8042=DIRECTION('',(0.,0.,1.));
#8043=DIRECTION('',(1.,0.,0.));
#8044=DIRECTION('',(0.,0.,1.));
#8045=DIRECTION('',(1.,0.,0.));
#8046=DIRECTION('',(0.,0.,1.));
#8047=DIRECTION('',(1.,0.,0.));
#8048=DIRECTION('',(0.,0.,1.));
#8049=DIRECTION('',(1.,0.,0.));
#8050=DIRECTION('',(0.,0.,-1.));
#8051=DIRECTION('',(-1.,0.,0.));
#8052=DIRECTION('',(0.,1.,0.));
#8053=DIRECTION('',(0.,0.,1.));
#8054=DIRECTION('',(0.,0.,1.));
#8055=DIRECTION('',(-1.,0.,0.));
#8056=DIRECTION('',(0.,0.,1.));
#8057=DIRECTION('',(0.,0.,-1.));
#8058=DIRECTION('',(-1.,0.,0.));
#8059=DIRECTION('',(0.,0.,-1.));
#8060=DIRECTION('',(-1.,0.,0.));
#8061=DIRECTION('',(0.,0.,1.));
#8062=DIRECTION('',(0.,0.,1.));
#8063=DIRECTION('',(0.,-1.,0.));
#8064=DIRECTION('',(0.,1.,0.));
#8065=DIRECTION('',(0.,0.,1.));
#8066=DIRECTION('',(0.,0.,1.));
#8067=DIRECTION('',(-1.,0.,0.));
#8068=DIRECTION('',(-1.,0.,0.));
#8069=DIRECTION('',(0.,0.,1.));
#8070=DIRECTION('',(0.,0.,1.));
#8071=DIRECTION('',(0.,-1.,0.));
#8072=DIRECTION('',(0.,0.,1.));
#8073=DIRECTION('',(-1.0842021724855E-16,1.,0.));
#8074=DIRECTION('',(-1.,-1.0842021724855E-16,0.));
#8075=DIRECTION('',(0.,0.,1.));
#8076=DIRECTION('',(-1.,-1.0842021724855E-16,0.));
#8077=DIRECTION('',(-1.,0.,0.));
#8078=DIRECTION('',(0.,0.,1.));
#8079=DIRECTION('',(0.,0.,1.));
#8080=DIRECTION('',(0.,-1.,0.));
#8081=DIRECTION('',(0.,1.,0.));
#8082=DIRECTION('',(0.,0.,1.));
#8083=DIRECTION('',(-1.,0.,0.));
#8084=DIRECTION('',(-1.,0.,0.));
#8085=DIRECTION('',(0.,0.,1.));
#8086=DIRECTION('',(0.,-1.,0.));
#8087=DIRECTION('',(0.,0.,-1.));
#8088=DIRECTION('',(1.,0.,0.));
#8089=DIRECTION('',(-1.,0.,0.));
#8090=DIRECTION('',(0.,0.,1.));
#8091=DIRECTION('',(0.,1.,0.));
#8092=DIRECTION('',(0.,0.,-1.));
#8093=DIRECTION('',(-1.,0.,0.));
#8094=DIRECTION('',(0.,0.,1.));
#8095=DIRECTION('',(0.,0.,-1.));
#8096=DIRECTION('',(0.,1.,0.));
#8097=DIRECTION('',(0.,-1.,0.));
#8098=DIRECTION('',(0.,0.,-1.));
#8099=DIRECTION('',(-1.,0.,0.));
#8100=DIRECTION('',(0.,0.,-1.));
#8101=DIRECTION('',(1.,0.,0.));
#8102=DIRECTION('',(-1.,0.,0.));
#8103=DIRECTION('',(0.,0.,1.));
#8104=DIRECTION('',(0.,0.,-1.));
#8105=DIRECTION('',(0.,1.,0.));
#8106=DIRECTION('',(0.,0.,-1.));
#8107=DIRECTION('',(3.46944695195361E-16,-1.,0.));
#8108=DIRECTION('',(1.,3.46944695195361E-16,0.));
#8109=DIRECTION('',(0.,0.,-1.));
#8110=DIRECTION('',(-1.,-3.46944695195361E-16,0.));
#8111=DIRECTION('',(-1.,0.,0.));
#8112=DIRECTION('',(0.,0.,1.));
#8113=DIRECTION('',(0.,0.,-1.));
#8114=DIRECTION('',(0.,1.,0.));
#8115=DIRECTION('',(3.46944695195361E-16,-1.,0.));
#8116=DIRECTION('',(1.,3.46944695195361E-16,0.));
#8117=DIRECTION('',(-1.,-3.46944695195361E-16,0.));
#8118=DIRECTION('',(0.,0.,-1.));
#8119=DIRECTION('',(1.,0.,0.));
#8120=DIRECTION('',(1.,0.,0.));
#8121=DIRECTION('',(0.,0.,-1.));
#8122=DIRECTION('',(0.,0.,-1.));
#8123=DIRECTION('',(0.,-1.,0.));
#8124=DIRECTION('',(0.,0.,-1.));
#8125=DIRECTION('',(0.,1.,0.));
#8126=DIRECTION('',(0.,0.,1.));
#8127=DIRECTION('',(0.,0.,-1.));
#8128=DIRECTION('',(1.,0.,0.));
#8129=DIRECTION('',(-1.,0.,0.));
#8130=DIRECTION('',(0.,0.,1.));
#8131=DIRECTION('',(0.,0.,-1.));
#8132=DIRECTION('',(0.,1.,0.));
#8133=DIRECTION('',(0.,1.,0.));
#8134=DIRECTION('',(0.,0.,1.));
#8135=DIRECTION('',(0.,0.,-1.));
#8136=DIRECTION('',(1.,0.,0.));
#8137=DIRECTION('',(-1.,0.,0.));
#8138=DIRECTION('',(0.,0.,1.));
#8139=DIRECTION('',(0.,-0.183897444990877,-0.982945435782591));
#8140=DIRECTION('',(-1.,0.,0.));
#8141=DIRECTION('',(0.,0.,1.));
#8142=DIRECTION('',(0.,1.,0.));
#8143=DIRECTION('',(-1.,0.,0.));
#8144=DIRECTION('',(0.,0.,1.));
#8145=DIRECTION('',(0.,-0.0244870029362536,0.999700148388105));
#8146=DIRECTION('',(0.,0.,-1.));
#8147=DIRECTION('',(0.,1.,0.));
#8148=DIRECTION('',(0.,1.,0.));
#8149=DIRECTION('',(0.,0.,1.));
#8150=DIRECTION('',(0.,0.,-1.));
#8151=DIRECTION('',(1.,0.,0.));
#8152=DIRECTION('',(1.,0.,0.));
#8153=DIRECTION('',(0.,0.,-1.));
#8154=DIRECTION('',(0.,0.,-1.));
#8155=DIRECTION('',(0.,-1.,0.));
#8156=DIRECTION('',(0.,-1.,0.));
#8157=DIRECTION('',(0.,0.,-1.));
#8158=DIRECTION('',(-1.,0.,0.));
#8159=DIRECTION('',(0.,0.,-1.));
#8160=DIRECTION('',(1.,0.,0.));
#8161=DIRECTION('',(0.,1.,0.));
#8162=DIRECTION('',(0.,0.,-1.));
#8163=DIRECTION('',(-1.,0.,0.));
#8164=DIRECTION('',(1.,0.,0.));
#8165=DIRECTION('',(0.,0.,-1.));
#8166=DIRECTION('',(-1.,0.,0.));
#8167=DIRECTION('',(0.,1.,0.));
#8168=DIRECTION('',(0.,0.,-1.));
#8169=DIRECTION('',(-1.,0.,0.));
#8170=DIRECTION('',(1.,-4.95635278850516E-16,0.));
#8171=DIRECTION('',(0.,0.,-1.));
#8172=DIRECTION('',(-1.,0.,0.));
#8173=DIRECTION('',(0.,0.,1.));
#8174=DIRECTION('',(1.,0.,0.));
#8175=DIRECTION('',(0.,0.,-1.));
#8176=DIRECTION('',(-1.,0.,0.));
#8177=DIRECTION('',(0.,0.,-1.));
#8178=DIRECTION('',(1.,0.,0.));
#8179=DIRECTION('',(0.,0.,1.));
#8180=DIRECTION('',(1.,0.,0.));
#8181=DIRECTION('',(0.,0.,-1.));
#8182=DIRECTION('',(-1.,0.,0.));
#8183=DIRECTION('',(0.,0.,-1.));
#8184=DIRECTION('',(1.,0.,0.));
#8185=DIRECTION('',(0.,0.,1.));
#8186=DIRECTION('',(1.,0.,0.));
#8187=DIRECTION('',(0.,0.,-1.));
#8188=DIRECTION('',(-1.,0.,0.));
#8189=DIRECTION('',(0.,0.,-1.));
#8190=DIRECTION('',(1.,0.,0.));
#8191=DIRECTION('',(0.,0.,1.));
#8192=DIRECTION('',(1.,0.,0.));
#8193=DIRECTION('',(0.,0.,-1.));
#8194=DIRECTION('',(-1.,0.,0.));
#8195=DIRECTION('',(0.,0.,-1.));
#8196=DIRECTION('',(1.,0.,0.));
#8197=DIRECTION('',(0.,0.,1.));
#8198=DIRECTION('',(1.,0.,0.));
#8199=DIRECTION('',(0.,-1.,0.));
#8200=DIRECTION('',(0.,0.,-1.));
#8201=DIRECTION('',(1.,0.,0.));
#8202=DIRECTION('',(0.,0.,-1.));
#8203=DIRECTION('',(-1.,0.,0.));
#8204=DIRECTION('',(0.,0.,1.));
#8205=DIRECTION('',(-1.,0.,0.));
#8206=DIRECTION('',(0.,0.,1.));
#8207=DIRECTION('',(0.,-1.,0.));
#8208=DIRECTION('',(0.,0.,-1.));
#8209=DIRECTION('',(0.,1.,0.));
#8210=DIRECTION('',(0.,0.,1.));
#8211=DIRECTION('',(0.,0.,1.));
#8212=DIRECTION('',(1.,0.,0.));
#8213=DIRECTION('',(0.,-1.,0.));
#8214=DIRECTION('',(0.,0.,-1.));
#8215=DIRECTION('',(0.,0.,1.));
#8216=DIRECTION('',(1.,0.,0.));
#8217=DIRECTION('',(1.,0.,0.));
#8218=DIRECTION('',(0.,0.,-1.));
#8219=DIRECTION('',(0.,1.,0.));
#8220=DIRECTION('',(0.,0.,1.));
#8221=DIRECTION('',(0.,1.,0.));
#8222=DIRECTION('',(0.,0.,1.));
#8223=DIRECTION('',(1.,-4.95635278850516E-16,0.));
#8224=DIRECTION('',(4.95635278850516E-16,1.,0.));
#8225=DIRECTION('',(-1.,0.,0.));
#8226=DIRECTION('',(0.,0.,1.));
#8227=DIRECTION('',(0.,0.,1.));
#8228=DIRECTION('',(1.,0.,0.));
#8229=DIRECTION('',(-1.,0.,0.));
#8230=DIRECTION('',(0.,0.,1.));
#8231=DIRECTION('',(0.,0.,-1.));
#8232=DIRECTION('',(0.,1.,0.));
#8233=DIRECTION('',(0.,0.,-1.));
#8234=DIRECTION('',(3.46944695195361E-16,-1.,0.));
#8235=DIRECTION('',(1.,3.46944695195361E-16,0.));
#8236=DIRECTION('',(0.,0.,-1.));
#8237=DIRECTION('',(-1.,-3.46944695195361E-16,0.));
#8238=DIRECTION('',(-1.,0.,0.));
#8239=DIRECTION('',(0.,0.,1.));
#8240=DIRECTION('',(0.,0.,-1.));
#8241=DIRECTION('',(0.,1.,0.));
#8242=DIRECTION('',(3.46944695195361E-16,-1.,0.));
#8243=DIRECTION('',(1.,3.46944695195361E-16,0.));
#8244=DIRECTION('',(-1.,-3.46944695195361E-16,0.));
#8245=DIRECTION('',(0.,0.,-1.));
#8246=DIRECTION('',(1.,0.,0.));
#8247=DIRECTION('',(1.,0.,0.));
#8248=DIRECTION('',(0.,0.,-1.));
#8249=DIRECTION('',(0.,0.,-1.));
#8250=DIRECTION('',(0.,-1.,0.));
#8251=DIRECTION('',(0.,0.,-1.));
#8252=DIRECTION('',(0.,1.,0.));
#8253=DIRECTION('',(0.,0.,1.));
#8254=DIRECTION('',(0.,0.,-1.));
#8255=DIRECTION('',(1.,0.,0.));
#8256=DIRECTION('',(-1.,0.,0.));
#8257=DIRECTION('',(0.,0.,1.));
#8258=DIRECTION('',(0.,0.,-1.));
#8259=DIRECTION('',(0.,1.,0.));
#8260=DIRECTION('',(0.,1.,0.));
#8261=DIRECTION('',(0.,0.,1.));
#8262=DIRECTION('',(0.,0.,-1.));
#8263=DIRECTION('',(1.,0.,0.));
#8264=DIRECTION('',(-1.,0.,0.));
#8265=DIRECTION('',(0.,0.,1.));
#8266=DIRECTION('',(0.,0.,-1.));
#8267=DIRECTION('',(0.,1.,0.));
#8268=DIRECTION('',(0.,1.,0.));
#8269=DIRECTION('',(0.,0.,1.));
#8270=DIRECTION('',(0.,0.,-1.));
#8271=DIRECTION('',(1.,0.,0.));
#8272=DIRECTION('',(1.,0.,0.));
#8273=DIRECTION('',(0.,0.,-1.));
#8274=DIRECTION('',(0.,0.,-1.));
#8275=DIRECTION('',(0.,-1.,0.));
#8276=DIRECTION('',(0.,-1.,0.));
#8277=DIRECTION('',(0.,0.,-1.));
#8278=DIRECTION('',(-1.,0.,0.));
#8279=DIRECTION('',(0.,0.,-1.));
#8280=DIRECTION('',(1.,0.,0.));
#8281=DIRECTION('',(0.,1.,0.));
#8282=DIRECTION('',(0.,0.,-1.));
#8283=DIRECTION('',(-1.,0.,0.));
#8284=DIRECTION('',(1.,0.,0.));
#8285=DIRECTION('',(0.,0.,-1.));
#8286=DIRECTION('',(-1.,0.,0.));
#8287=DIRECTION('',(0.,1.,0.));
#8288=DIRECTION('',(0.,0.,-1.));
#8289=DIRECTION('',(-1.,0.,0.));
#8290=DIRECTION('',(1.,-4.95635278850516E-16,0.));
#8291=DIRECTION('',(0.,0.,-1.));
#8292=DIRECTION('',(-1.,0.,0.));
#8293=DIRECTION('',(0.,0.,1.));
#8294=DIRECTION('',(1.,0.,0.));
#8295=DIRECTION('',(0.,0.,-1.));
#8296=DIRECTION('',(-1.,0.,0.));
#8297=DIRECTION('',(0.,0.,-1.));
#8298=DIRECTION('',(1.,0.,0.));
#8299=DIRECTION('',(0.,0.,1.));
#8300=DIRECTION('',(1.,0.,0.));
#8301=DIRECTION('',(0.,0.,-1.));
#8302=DIRECTION('',(-1.,0.,0.));
#8303=DIRECTION('',(0.,0.,-1.));
#8304=DIRECTION('',(1.,0.,0.));
#8305=DIRECTION('',(0.,0.,1.));
#8306=DIRECTION('',(1.,0.,0.));
#8307=DIRECTION('',(0.,0.,-1.));
#8308=DIRECTION('',(-1.,0.,0.));
#8309=DIRECTION('',(0.,0.,-1.));
#8310=DIRECTION('',(1.,0.,0.));
#8311=DIRECTION('',(0.,0.,1.));
#8312=DIRECTION('',(1.,0.,0.));
#8313=DIRECTION('',(0.,0.,-1.));
#8314=DIRECTION('',(-1.,0.,0.));
#8315=DIRECTION('',(0.,0.,-1.));
#8316=DIRECTION('',(1.,0.,0.));
#8317=DIRECTION('',(0.,0.,1.));
#8318=DIRECTION('',(1.,0.,0.));
#8319=DIRECTION('',(0.,-1.,0.));
#8320=DIRECTION('',(0.,0.,-1.));
#8321=DIRECTION('',(1.,0.,0.));
#8322=DIRECTION('',(0.,0.,-1.));
#8323=DIRECTION('',(-1.,0.,0.));
#8324=DIRECTION('',(0.,0.,1.));
#8325=DIRECTION('',(-1.,0.,0.));
#8326=DIRECTION('',(0.,0.,1.));
#8327=DIRECTION('',(0.,-1.,0.));
#8328=DIRECTION('',(0.,0.,-1.));
#8329=DIRECTION('',(0.,1.,0.));
#8330=DIRECTION('',(0.,0.,1.));
#8331=DIRECTION('',(0.,0.,1.));
#8332=DIRECTION('',(1.,0.,0.));
#8333=DIRECTION('',(0.,-1.,0.));
#8334=DIRECTION('',(0.,0.,-1.));
#8335=DIRECTION('',(0.,0.,1.));
#8336=DIRECTION('',(1.,0.,0.));
#8337=DIRECTION('',(1.,0.,0.));
#8338=DIRECTION('',(0.,0.,-1.));
#8339=DIRECTION('',(0.,1.,0.));
#8340=DIRECTION('',(0.,0.,1.));
#8341=DIRECTION('',(0.,1.,0.));
#8342=DIRECTION('',(0.,0.,1.));
#8343=DIRECTION('',(1.,-4.95635278850516E-16,0.));
#8344=DIRECTION('',(4.95635278850516E-16,1.,0.));
#8345=DIRECTION('',(-1.,0.,0.));
#8346=DIRECTION('',(0.,0.,1.));
#8347=DIRECTION('',(0.,0.,1.));
#8348=DIRECTION('',(1.,0.,0.));
#8349=DIRECTION('',(-1.,0.,0.));
#8350=DIRECTION('',(0.,0.,1.));
#8351=DIRECTION('',(0.,0.,-1.));
#8352=DIRECTION('',(0.,1.,0.));
#8353=DIRECTION('',(0.,0.,-1.));
#8354=DIRECTION('',(3.46944695195361E-16,-1.,0.));
#8355=DIRECTION('',(1.,3.46944695195361E-16,0.));
#8356=DIRECTION('',(0.,0.,-1.));
#8357=DIRECTION('',(-1.,-3.46944695195361E-16,0.));
#8358=DIRECTION('',(-1.,0.,0.));
#8359=DIRECTION('',(0.,0.,1.));
#8360=DIRECTION('',(0.,0.,-1.));
#8361=DIRECTION('',(0.,1.,0.));
#8362=DIRECTION('',(3.46944695195361E-16,-1.,0.));
#8363=DIRECTION('',(1.,3.46944695195361E-16,0.));
#8364=DIRECTION('',(-1.,-3.46944695195361E-16,0.));
#8365=DIRECTION('',(0.,0.,-1.));
#8366=DIRECTION('',(1.,0.,0.));
#8367=DIRECTION('',(1.,0.,0.));
#8368=DIRECTION('',(0.,0.,-1.));
#8369=DIRECTION('',(0.,0.,-1.));
#8370=DIRECTION('',(0.,-1.,0.));
#8371=DIRECTION('',(0.,0.,-1.));
#8372=DIRECTION('',(0.,1.,0.));
#8373=DIRECTION('',(0.,0.,1.));
#8374=DIRECTION('',(0.,0.,-1.));
#8375=DIRECTION('',(1.,0.,0.));
#8376=DIRECTION('',(-1.,0.,0.));
#8377=DIRECTION('',(0.,0.,1.));
#8378=DIRECTION('',(0.,0.,-1.));
#8379=DIRECTION('',(0.,1.,0.));
#8380=DIRECTION('',(0.,1.,0.));
#8381=DIRECTION('',(0.,0.,1.));
#8382=DIRECTION('',(0.,0.,-1.));
#8383=DIRECTION('',(1.,0.,0.));
#8384=DIRECTION('',(-1.,0.,0.));
#8385=DIRECTION('',(0.,0.,1.));
#8386=DIRECTION('',(0.,0.,-1.));
#8387=DIRECTION('',(0.,1.,0.));
#8388=DIRECTION('',(0.,1.,0.));
#8389=DIRECTION('',(0.,0.,1.));
#8390=DIRECTION('',(0.,0.,-1.));
#8391=DIRECTION('',(1.,0.,0.));
#8392=DIRECTION('',(1.,0.,0.));
#8393=DIRECTION('',(0.,0.,-1.));
#8394=DIRECTION('',(0.,0.,-1.));
#8395=DIRECTION('',(0.,-1.,0.));
#8396=DIRECTION('',(0.,-1.,0.));
#8397=DIRECTION('',(0.,0.,-1.));
#8398=DIRECTION('',(-1.,0.,0.));
#8399=DIRECTION('',(0.,0.,-1.));
#8400=DIRECTION('',(1.,0.,0.));
#8401=DIRECTION('',(0.,1.,0.));
#8402=DIRECTION('',(0.,0.,-1.));
#8403=DIRECTION('',(-1.,0.,0.));
#8404=DIRECTION('',(1.,0.,0.));
#8405=DIRECTION('',(0.,0.,-1.));
#8406=DIRECTION('',(-1.,0.,0.));
#8407=DIRECTION('',(0.,1.,0.));
#8408=DIRECTION('',(0.,0.,-1.));
#8409=DIRECTION('',(-1.,0.,0.));
#8410=DIRECTION('',(1.,-4.95635278850516E-16,0.));
#8411=DIRECTION('',(0.,0.,-1.));
#8412=DIRECTION('',(-1.,0.,0.));
#8413=DIRECTION('',(0.,0.,1.));
#8414=DIRECTION('',(1.,0.,0.));
#8415=DIRECTION('',(0.,0.,-1.));
#8416=DIRECTION('',(-1.,0.,0.));
#8417=DIRECTION('',(0.,0.,-1.));
#8418=DIRECTION('',(1.,0.,0.));
#8419=DIRECTION('',(0.,0.,1.));
#8420=DIRECTION('',(1.,0.,0.));
#8421=DIRECTION('',(0.,0.,-1.));
#8422=DIRECTION('',(-1.,0.,0.));
#8423=DIRECTION('',(0.,0.,-1.));
#8424=DIRECTION('',(1.,0.,0.));
#8425=DIRECTION('',(0.,0.,1.));
#8426=DIRECTION('',(1.,0.,0.));
#8427=DIRECTION('',(0.,0.,-1.));
#8428=DIRECTION('',(-1.,0.,0.));
#8429=DIRECTION('',(0.,0.,-1.));
#8430=DIRECTION('',(1.,0.,0.));
#8431=DIRECTION('',(0.,0.,1.));
#8432=DIRECTION('',(1.,0.,0.));
#8433=DIRECTION('',(0.,0.,-1.));
#8434=DIRECTION('',(-1.,0.,0.));
#8435=DIRECTION('',(0.,0.,-1.));
#8436=DIRECTION('',(1.,0.,0.));
#8437=DIRECTION('',(0.,0.,1.));
#8438=DIRECTION('',(1.,0.,0.));
#8439=DIRECTION('',(0.,-1.,0.));
#8440=DIRECTION('',(0.,0.,-1.));
#8441=DIRECTION('',(1.,0.,0.));
#8442=DIRECTION('',(0.,0.,-1.));
#8443=DIRECTION('',(-1.,0.,0.));
#8444=DIRECTION('',(0.,0.,1.));
#8445=DIRECTION('',(-1.,0.,0.));
#8446=DIRECTION('',(0.,0.,1.));
#8447=DIRECTION('',(0.,-1.,0.));
#8448=DIRECTION('',(0.,0.,-1.));
#8449=DIRECTION('',(0.,1.,0.));
#8450=DIRECTION('',(0.,0.,1.));
#8451=DIRECTION('',(0.,0.,1.));
#8452=DIRECTION('',(1.,0.,0.));
#8453=DIRECTION('',(0.,-1.,0.));
#8454=DIRECTION('',(0.,0.,-1.));
#8455=DIRECTION('',(0.,0.,1.));
#8456=DIRECTION('',(1.,0.,0.));
#8457=DIRECTION('',(1.,0.,0.));
#8458=DIRECTION('',(0.,0.,-1.));
#8459=DIRECTION('',(0.,1.,0.));
#8460=DIRECTION('',(0.,0.,1.));
#8461=DIRECTION('',(0.,1.,0.));
#8462=DIRECTION('',(0.,0.,1.));
#8463=DIRECTION('',(1.,-4.95635278850516E-16,0.));
#8464=DIRECTION('',(4.95635278850516E-16,1.,0.));
#8465=DIRECTION('',(-1.,0.,0.));
#8466=DIRECTION('',(0.,0.,1.));
#8467=DIRECTION('',(0.,0.,1.));
#8468=DIRECTION('',(1.,0.,0.));
#8469=DIRECTION('',(-1.,0.,0.));
#8470=DIRECTION('',(0.,0.,1.));
#8471=DIRECTION('',(0.,0.,-1.));
#8472=DIRECTION('',(0.,1.,0.));
#8473=DIRECTION('',(0.,0.,-1.));
#8474=DIRECTION('',(3.46944695195361E-16,-1.,0.));
#8475=DIRECTION('',(1.,3.46944695195361E-16,0.));
#8476=DIRECTION('',(0.,0.,-1.));
#8477=DIRECTION('',(-1.,-3.46944695195361E-16,0.));
#8478=DIRECTION('',(-1.,0.,0.));
#8479=DIRECTION('',(0.,0.,1.));
#8480=DIRECTION('',(0.,0.,-1.));
#8481=DIRECTION('',(0.,1.,0.));
#8482=DIRECTION('',(3.46944695195361E-16,-1.,0.));
#8483=DIRECTION('',(1.,3.46944695195361E-16,0.));
#8484=DIRECTION('',(-1.,-3.46944695195361E-16,0.));
#8485=DIRECTION('',(0.,0.,-1.));
#8486=DIRECTION('',(1.,0.,0.));
#8487=DIRECTION('',(1.,0.,0.));
#8488=DIRECTION('',(0.,0.,-1.));
#8489=DIRECTION('',(0.,0.,-1.));
#8490=DIRECTION('',(0.,-1.,0.));
#8491=DIRECTION('',(0.,0.,-1.));
#8492=DIRECTION('',(0.,1.,0.));
#8493=DIRECTION('',(0.,0.,1.));
#8494=DIRECTION('',(0.,0.,-1.));
#8495=DIRECTION('',(1.,0.,0.));
#8496=DIRECTION('',(-1.,0.,0.));
#8497=DIRECTION('',(0.,0.,1.));
#8498=DIRECTION('',(0.,0.,-1.));
#8499=DIRECTION('',(0.,1.,0.));
#8500=DIRECTION('',(0.,1.,0.));
#8501=DIRECTION('',(0.,0.,1.));
#8502=DIRECTION('',(0.,0.,-1.));
#8503=DIRECTION('',(1.,0.,0.));
#8504=DIRECTION('',(-1.,0.,0.));
#8505=DIRECTION('',(0.,0.,1.));
#8506=DIRECTION('',(0.,0.,-1.));
#8507=DIRECTION('',(0.,1.,0.));
#8508=DIRECTION('',(0.,1.,0.));
#8509=DIRECTION('',(0.,0.,1.));
#8510=DIRECTION('',(0.,0.,-1.));
#8511=DIRECTION('',(1.,0.,0.));
#8512=DIRECTION('',(1.,0.,0.));
#8513=DIRECTION('',(0.,0.,-1.));
#8514=DIRECTION('',(0.,0.,-1.));
#8515=DIRECTION('',(0.,-1.,0.));
#8516=DIRECTION('',(0.,-1.,0.));
#8517=DIRECTION('',(0.,0.,-1.));
#8518=DIRECTION('',(-1.,0.,0.));
#8519=DIRECTION('',(0.,0.,-1.));
#8520=DIRECTION('',(1.,0.,0.));
#8521=DIRECTION('',(0.,1.,0.));
#8522=DIRECTION('',(0.,0.,-1.));
#8523=DIRECTION('',(-1.,0.,0.));
#8524=DIRECTION('',(1.,0.,0.));
#8525=DIRECTION('',(0.,0.,-1.));
#8526=DIRECTION('',(-1.,0.,0.));
#8527=DIRECTION('',(0.,1.,0.));
#8528=DIRECTION('',(0.,0.,-1.));
#8529=DIRECTION('',(-1.,0.,0.));
#8530=DIRECTION('',(1.,-4.95635278850516E-16,0.));
#8531=DIRECTION('',(0.,0.,-1.));
#8532=DIRECTION('',(-1.,0.,0.));
#8533=DIRECTION('',(0.,0.,1.));
#8534=DIRECTION('',(1.,0.,0.));
#8535=DIRECTION('',(0.,0.,-1.));
#8536=DIRECTION('',(-1.,0.,0.));
#8537=DIRECTION('',(0.,0.,-1.));
#8538=DIRECTION('',(1.,0.,0.));
#8539=DIRECTION('',(0.,0.,1.));
#8540=DIRECTION('',(1.,0.,0.));
#8541=DIRECTION('',(0.,0.,-1.));
#8542=DIRECTION('',(-1.,0.,0.));
#8543=DIRECTION('',(0.,0.,-1.));
#8544=DIRECTION('',(1.,0.,0.));
#8545=DIRECTION('',(0.,0.,1.));
#8546=DIRECTION('',(1.,0.,0.));
#8547=DIRECTION('',(0.,0.,-1.));
#8548=DIRECTION('',(-1.,0.,0.));
#8549=DIRECTION('',(0.,0.,-1.));
#8550=DIRECTION('',(1.,0.,0.));
#8551=DIRECTION('',(0.,0.,1.));
#8552=DIRECTION('',(1.,0.,0.));
#8553=DIRECTION('',(0.,0.,-1.));
#8554=DIRECTION('',(-1.,0.,0.));
#8555=DIRECTION('',(0.,0.,-1.));
#8556=DIRECTION('',(1.,0.,0.));
#8557=DIRECTION('',(0.,0.,1.));
#8558=DIRECTION('',(1.,0.,0.));
#8559=DIRECTION('',(0.,-1.,0.));
#8560=DIRECTION('',(0.,0.,-1.));
#8561=DIRECTION('',(1.,0.,0.));
#8562=DIRECTION('',(0.,0.,-1.));
#8563=DIRECTION('',(-1.,0.,0.));
#8564=DIRECTION('',(0.,0.,1.));
#8565=DIRECTION('',(-1.,0.,0.));
#8566=DIRECTION('',(0.,0.,1.));
#8567=DIRECTION('',(0.,-1.,0.));
#8568=DIRECTION('',(0.,0.,-1.));
#8569=DIRECTION('',(0.,1.,0.));
#8570=DIRECTION('',(0.,0.,1.));
#8571=DIRECTION('',(0.,0.,1.));
#8572=DIRECTION('',(1.,0.,0.));
#8573=DIRECTION('',(0.,-1.,0.));
#8574=DIRECTION('',(0.,0.,-1.));
#8575=DIRECTION('',(0.,0.,1.));
#8576=DIRECTION('',(1.,0.,0.));
#8577=DIRECTION('',(1.,0.,0.));
#8578=DIRECTION('',(0.,0.,-1.));
#8579=DIRECTION('',(0.,1.,0.));
#8580=DIRECTION('',(0.,0.,1.));
#8581=DIRECTION('',(0.,1.,0.));
#8582=DIRECTION('',(0.,0.,1.));
#8583=DIRECTION('',(1.,-4.95635278850516E-16,0.));
#8584=DIRECTION('',(4.95635278850516E-16,1.,0.));
#8585=DIRECTION('',(-1.,0.,0.));
#8586=DIRECTION('',(0.,0.,1.));
#8587=DIRECTION('',(0.,0.,1.));
#8588=DIRECTION('',(1.,0.,0.));
#8589=DIRECTION('',(0.,1.,0.));
#8590=DIRECTION('',(0.,0.,1.));
#8591=DIRECTION('',(0.,0.,1.));
#8592=DIRECTION('',(0.,0.,1.));
#8593=DIRECTION('',(1.,0.,0.));
#8594=DIRECTION('',(0.,0.,-1.));
#8595=DIRECTION('',(0.,0.,1.));
#8596=DIRECTION('',(0.,1.,0.));
#8597=DIRECTION('',(0.,0.,1.));
#8598=DIRECTION('',(0.,0.,1.));
#8599=DIRECTION('',(1.,0.,0.));
#8600=DIRECTION('',(0.,0.,-1.));
#8601=DIRECTION('',(0.,1.,0.));
#8602=DIRECTION('',(0.,0.,1.));
#8603=DIRECTION('',(0.,0.,1.));
#8604=DIRECTION('',(0.,0.,1.));
#8605=DIRECTION('',(1.,0.,0.));
#8606=DIRECTION('',(0.,0.,-1.));
#8607=DIRECTION('',(0.,0.,1.));
#8608=DIRECTION('',(0.,1.,0.));
#8609=DIRECTION('',(0.,0.,1.));
#8610=DIRECTION('',(0.,0.,1.));
#8611=DIRECTION('',(1.,0.,0.));
#8612=DIRECTION('',(0.,0.,-1.));
#8613=DIRECTION('',(0.,1.,0.));
#8614=DIRECTION('',(0.,0.,1.));
#8615=DIRECTION('',(0.,0.,1.));
#8616=DIRECTION('',(0.,0.,1.));
#8617=DIRECTION('',(1.,0.,0.));
#8618=DIRECTION('',(0.,0.,-1.));
#8619=DIRECTION('',(0.,0.,1.));
#8620=DIRECTION('',(0.,1.,0.));
#8621=DIRECTION('',(0.,0.,1.));
#8622=DIRECTION('',(0.,0.,1.));
#8623=DIRECTION('',(1.,0.,0.));
#8624=DIRECTION('',(0.,0.,-1.));
#8625=DIRECTION('',(0.,1.,0.));
#8626=DIRECTION('',(0.,0.,1.));
#8627=DIRECTION('',(0.,0.,1.));
#8628=DIRECTION('',(0.,0.,1.));
#8629=DIRECTION('',(1.,0.,0.));
#8630=DIRECTION('',(0.,0.,-1.));
#8631=DIRECTION('',(0.,0.,1.));
#8632=DIRECTION('',(0.,1.,0.));
#8633=DIRECTION('',(0.,0.,1.));
#8634=DIRECTION('',(0.,0.,1.));
#8635=DIRECTION('',(1.,0.,0.));
#8636=DIRECTION('',(0.,0.,-1.));
#8637=DIRECTION('',(0.,0.,1.));
#8638=DIRECTION('',(1.,0.,0.));
#8639=DIRECTION('',(0.,0.,-1.));
#8640=DIRECTION('',(-1.,0.,0.));
#8641=DIRECTION('',(0.,0.,-1.));
#8642=DIRECTION('',(-1.,0.,0.));
#8643=DIRECTION('',(0.,0.,1.));
#8644=DIRECTION('',(1.,0.,0.));
#8645=DIRECTION('',(0.,0.,1.));
#8646=DIRECTION('',(1.,0.,0.));
#8647=DIRECTION('',(0.,0.,-1.));
#8648=DIRECTION('',(-1.,0.,0.));
#8649=DIRECTION('',(0.,0.,-1.));
#8650=DIRECTION('',(1.,0.,0.));
#8651=DIRECTION('',(0.,0.,-1.));
#8652=DIRECTION('',(-1.,0.,0.));
#8653=DIRECTION('',(0.,0.,1.));
#8654=DIRECTION('',(1.,0.,0.));
#8655=DIRECTION('',(0.,0.,1.));
#8656=DIRECTION('',(1.,0.,0.));
#8657=DIRECTION('',(0.,0.,-1.));
#8658=DIRECTION('',(-1.,0.,0.));
#8659=DIRECTION('',(0.,0.,1.));
#8660=DIRECTION('',(1.,0.,0.));
#8661=DIRECTION('',(0.,0.,-1.));
#8662=DIRECTION('',(-1.,0.,0.));
#8663=DIRECTION('',(0.,0.,-1.));
#8664=DIRECTION('',(-1.,0.,0.));
#8665=DIRECTION('',(0.,0.,1.));
#8666=DIRECTION('',(1.,0.,0.));
#8667=DIRECTION('',(0.,0.,1.));
#8668=DIRECTION('',(1.,0.,0.));
#8669=DIRECTION('',(0.,0.,-1.));
#8670=DIRECTION('',(-1.,0.,0.));
#8671=DIRECTION('',(0.,0.,-1.));
#8672=DIRECTION('',(1.,0.,0.));
#8673=DIRECTION('',(0.,0.,-1.));
#8674=DIRECTION('',(-1.,0.,0.));
#8675=DIRECTION('',(0.,0.,1.));
#8676=DIRECTION('',(1.,0.,0.));
#8677=DIRECTION('',(0.,0.,1.));
#8678=DIRECTION('',(1.,0.,0.));
#8679=DIRECTION('',(0.,0.,-1.));
#8680=DIRECTION('',(-1.,0.,0.));
#8681=DIRECTION('',(0.,0.,1.));
#8682=DIRECTION('',(1.,0.,0.));
#8683=DIRECTION('',(0.,0.,-1.));
#8684=DIRECTION('',(-1.,0.,0.));
#8685=DIRECTION('',(0.,0.,-1.));
#8686=DIRECTION('',(-1.,0.,0.));
#8687=DIRECTION('',(0.,0.,1.));
#8688=DIRECTION('',(1.,0.,0.));
#8689=DIRECTION('',(0.,0.,1.));
#8690=DIRECTION('',(1.,0.,0.));
#8691=DIRECTION('',(0.,0.,-1.));
#8692=DIRECTION('',(-1.,0.,0.));
#8693=DIRECTION('',(0.,0.,-1.));
#8694=DIRECTION('',(1.,0.,0.));
#8695=DIRECTION('',(0.,0.,-1.));
#8696=DIRECTION('',(-1.,0.,0.));
#8697=DIRECTION('',(0.,0.,1.));
#8698=DIRECTION('',(1.,0.,0.));
#8699=DIRECTION('',(0.,0.,1.));
#8700=DIRECTION('',(1.,0.,0.));
#8701=DIRECTION('',(0.,0.,-1.));
#8702=DIRECTION('',(-1.,0.,0.));
#8703=DIRECTION('',(1.,0.,0.));
#8704=DIRECTION('',(0.,0.,-1.));
#8705=DIRECTION('',(0.,-0.99678327516184,0.0801442596674017));
#8706=DIRECTION('',(0.,-0.183897444990877,-0.982945435782591));
#8707=DIRECTION('',(0.,0.794381310126363,0.607419405453863));
#8708=DIRECTION('',(0.,-0.99678327516184,0.0801442596674017));
#8709=DIRECTION('',(0.,-0.0801442596674017,-0.99678327516184));
#8710=DIRECTION('',(1.,0.,0.));
#8711=DIRECTION('',(0.,0.,-1.));
#8712=DIRECTION('',(0.,-0.99678327516184,0.0801442596674017));
#8713=DIRECTION('',(0.,-0.794381310126363,-0.607419405453863));
#8714=DIRECTION('',(0.,-0.183897444990877,-0.982945435782591));
#8715=DIRECTION('',(0.,-0.99678327516184,0.0801442596674017));
#8716=DIRECTION('',(0.,-0.0801442596674017,-0.99678327516184));
#8717=DIRECTION('',(0.,-0.0801442596674017,-0.99678327516184));
#8718=DIRECTION('',(1.,0.,0.));
#8719=DIRECTION('',(-1.,0.,0.));
#8720=DIRECTION('',(0.,-0.0801442596674017,-0.99678327516184));
#8721=DIRECTION('',(0.,0.99678327516184,-0.0801442596674017));
#8722=DIRECTION('',(-1.,0.,0.));
#8723=DIRECTION('',(0.,-0.0801442596674017,-0.99678327516184));
#8724=DIRECTION('',(0.,0.99678327516184,-0.0801442596674017));
#8725=DIRECTION('',(0.,-0.0801442596674017,-0.99678327516184));
#8726=DIRECTION('',(1.,0.,0.));
#8727=DIRECTION('',(0.,-0.0801442596674017,-0.99678327516184));
#8728=DIRECTION('',(0.,0.99678327516184,-0.0801442596674017));
#8729=DIRECTION('',(-1.,0.,0.));
#8730=DIRECTION('',(0.,-0.0801442596674017,-0.99678327516184));
#8731=DIRECTION('',(0.,0.99678327516184,-0.0801442596674017));
#8732=DIRECTION('',(0.,-0.0801442596674017,-0.99678327516184));
#8733=DIRECTION('',(0.,0.99678327516184,-0.0801442596674017));
#8734=DIRECTION('',(0.,-0.0801442596674017,-0.99678327516184));
#8735=DIRECTION('',(0.,-0.99678327516184,0.0801442596674017));
#8736=DIRECTION('',(0.,-0.0801442596674017,-0.99678327516184));
#8737=DIRECTION('',(0.,0.99678327516184,-0.0801442596674017));
#8738=DIRECTION('',(0.,-0.99678327516184,0.0801442596674017));
#8739=DIRECTION('',(0.,-0.0801442596674017,-0.99678327516184));
#8740=DIRECTION('',(0.,-0.0801442596674017,-0.99678327516184));
#8741=DIRECTION('',(0.,-0.0801442596674017,-0.99678327516184));
#8742=DIRECTION('',(0.,-0.0801442596674017,-0.99678327516184));
#8743=DIRECTION('',(0.,0.99678327516184,-0.0801442596674017));
#8744=DIRECTION('',(0.,-0.0801442596674017,-0.99678327516184));
#8745=DIRECTION('',(0.,0.99678327516184,-0.0801442596674017));
#8746=DIRECTION('',(0.,-0.0801442596674017,-0.99678327516184));
#8747=DIRECTION('',(1.,0.,0.));
#8748=DIRECTION('',(1.,0.,0.));
#8749=DIRECTION('',(0.,0.,-1.));
#8750=DIRECTION('',(0.,-0.99678327516184,0.0801442596674017));
#8751=DIRECTION('',(0.,-0.183897444990877,-0.982945435782591));
#8752=DIRECTION('',(0.,0.794381310126363,0.607419405453863));
#8753=DIRECTION('',(0.,-0.99678327516184,0.0801442596674017));
#8754=DIRECTION('',(0.,-0.0801442596674017,-0.99678327516184));
#8755=DIRECTION('',(1.,0.,0.));
#8756=DIRECTION('',(0.,0.,-1.));
#8757=DIRECTION('',(0.,-0.99678327516184,0.0801442596674017));
#8758=DIRECTION('',(0.,-0.0801442596674017,-0.99678327516184));
#8759=DIRECTION('',(0.,-0.99678327516184,0.0801442596674017));
#8760=DIRECTION('',(0.,-0.794381310126363,-0.607419405453863));
#8761=DIRECTION('',(0.,-0.183897444990877,-0.982945435782591));
#8762=DIRECTION('',(0.,-0.0801442596674017,-0.99678327516184));
#8763=DIRECTION('',(1.,0.,0.));
#8764=DIRECTION('',(-1.,0.,0.));
#8765=DIRECTION('',(0.,-0.0801442596674017,-0.99678327516184));
#8766=DIRECTION('',(0.,0.99678327516184,-0.0801442596674017));
#8767=DIRECTION('',(-1.,0.,0.));
#8768=DIRECTION('',(0.,-0.0801442596674017,-0.99678327516184));
#8769=DIRECTION('',(0.,0.99678327516184,-0.0801442596674017));
#8770=DIRECTION('',(0.,-0.0801442596674017,-0.99678327516184));
#8771=DIRECTION('',(1.,0.,0.));
#8772=DIRECTION('',(0.,-0.0801442596674017,-0.99678327516184));
#8773=DIRECTION('',(0.,0.99678327516184,-0.0801442596674017));
#8774=DIRECTION('',(0.,-0.0801442596674017,-0.99678327516184));
#8775=DIRECTION('',(0.,0.99678327516184,-0.0801442596674017));
#8776=DIRECTION('',(-1.,0.,0.));
#8777=DIRECTION('',(0.,-0.0801442596674017,-0.99678327516184));
#8778=DIRECTION('',(0.,0.99678327516184,-0.0801442596674017));
#8779=DIRECTION('',(0.,-0.0801442596674017,-0.99678327516184));
#8780=DIRECTION('',(0.,0.99678327516184,-0.0801442596674017));
#8781=DIRECTION('',(0.,-0.0801442596674017,-0.99678327516184));
#8782=DIRECTION('',(0.,-0.99678327516184,0.0801442596674017));
#8783=DIRECTION('',(0.,-0.99678327516184,0.0801442596674017));
#8784=DIRECTION('',(0.,-0.0801442596674017,-0.99678327516184));
#8785=DIRECTION('',(0.,-0.0801442596674017,-0.99678327516184));
#8786=DIRECTION('',(0.,-0.0801442596674017,-0.99678327516184));
#8787=DIRECTION('',(0.,-0.0801442596674017,-0.99678327516184));
#8788=DIRECTION('',(0.,0.99678327516184,-0.0801442596674017));
#8789=DIRECTION('',(0.,-0.0801442596674017,-0.99678327516184));
#8790=DIRECTION('',(0.,0.99678327516184,-0.0801442596674017));
#8791=DIRECTION('',(0.,-0.0801442596674017,-0.99678327516184));
#8792=DIRECTION('',(1.,0.,0.));
#8793=DIRECTION('',(0.,-0.99678327516184,0.0801442596674017));
#8794=DIRECTION('',(0.,-0.0801442596674017,-0.99678327516184));
#8795=DIRECTION('',(-1.,0.,0.));
#8796=DIRECTION('',(-0.104532155083817,0.0797051899287385,0.991322405301099));
#8797=DIRECTION('',(-0.743156706654214,0.0536259195142937,0.666965044144826));
#8798=DIRECTION('',(-1.,0.,0.));
#8799=DIRECTION('',(0.,-0.0801442596674017,-0.99678327516184));
#8800=DIRECTION('',(0.,-0.99678327516184,0.0801442596674017));
#8801=DIRECTION('',(0.,-0.0801442596674017,-0.99678327516184));
#8802=DIRECTION('',(-1.,0.,0.));
#8803=DIRECTION('',(0.,-0.0801442596674017,-0.99678327516184));
#8804=DIRECTION('',(-1.,0.,0.));
#8805=DIRECTION('',(0.743156706654214,-0.0536259195142937,-0.666965044144826));
#8806=DIRECTION('',(-0.104532155083817,0.0797051899287385,0.991322405301099));
#8807=DIRECTION('',(0.,-0.0801442596674017,-0.99678327516184));
#8808=DIRECTION('',(1.,0.,0.));
#8809=DIRECTION('',(-0.00845068465049074,-0.996747682350549,0.0801413979023806));
#8810=DIRECTION('',(0.,-0.0801442596674017,-0.99678327516184));
#8811=DIRECTION('',(0.,0.99678327516184,-0.0801442596674017));
#8812=DIRECTION('',(0.,-0.99678327516184,0.0801442596674017));
#8813=DIRECTION('',(0.,-0.0801442596674017,-0.99678327516184));
#8814=DIRECTION('',(0.,0.99678327516184,-0.0801442596674017));
#8815=DIRECTION('',(0.,-0.0801442596674017,-0.99678327516184));
#8816=DIRECTION('',(1.,0.,0.));
#8817=DIRECTION('',(0.,-0.0801442596674017,-0.99678327516184));
#8818=DIRECTION('',(0.,0.99678327516184,-0.0801442596674017));
#8819=DIRECTION('',(0.,-0.0801442596674017,-0.99678327516184));
#8820=DIRECTION('',(0.,0.99678327516184,-0.0801442596674017));
#8821=DIRECTION('',(0.,-0.99678327516184,0.0801442596674017));
#8822=DIRECTION('',(0.,-0.0801442596674017,-0.99678327516184));
#8823=DIRECTION('',(0.,0.99678327516184,-0.0801442596674017));
#8824=DIRECTION('',(0.,-0.0801442596674017,-0.99678327516184));
#8825=DIRECTION('',(-1.,0.,0.));
#8826=DIRECTION('',(0.,-0.0801442596674017,-0.99678327516184));
#8827=DIRECTION('',(1.,0.,0.));
#8828=DIRECTION('',(1.,0.,0.));
#8829=DIRECTION('',(0.,0.,-1.));
#8830=DIRECTION('',(0.,-0.0801442596674017,-0.99678327516184));
#8831=DIRECTION('',(0.,-0.0801442596674017,-0.99678327516184));
#8832=DIRECTION('',(0.,-0.0801442596674017,-0.99678327516184));
#8833=DIRECTION('',(0.,0.99678327516184,-0.0801442596674017));
#8834=DIRECTION('',(0.,-0.0801442596674017,-0.99678327516184));
#8835=DIRECTION('',(0.,0.99678327516184,-0.0801442596674017));
#8836=DIRECTION('',(0.,-0.0801442596674017,-0.99678327516184));
#8837=DIRECTION('',(1.,0.,0.));
#8838=DIRECTION('',(1.,0.,0.));
#8839=DIRECTION('',(0.,0.,-1.));
#8840=DIRECTION('',(0.,-0.99678327516184,0.0801442596674017));
#8841=DIRECTION('',(0.,-0.0801442596674017,-0.99678327516184));
#8842=DIRECTION('',(0.,-0.99678327516184,0.0801442596674017));
#8843=DIRECTION('',(0.,0.687127355991499,-0.726536989180958));
#8844=DIRECTION('',(0.,-0.0244870029362543,0.999700148388106));
#8845=DIRECTION('',(1.,0.,0.));
#8846=DIRECTION('',(0.,0.,-1.));
#8847=DIRECTION('',(0.,-0.99678327516184,0.0801442596674017));
#8848=DIRECTION('',(0.,-0.0801442596674017,-0.99678327516184));
#8849=DIRECTION('',(0.,-0.99678327516184,0.0801442596674017));
#8850=DIRECTION('',(0.,-0.0244870029362543,0.999700148388106));
#8851=DIRECTION('',(0.,-0.687127355991499,0.726536989180958));
#8852=DIRECTION('',(0.,-0.0801442596674017,-0.99678327516184));
#8853=DIRECTION('',(1.,0.,0.));
#8854=DIRECTION('',(1.,0.,0.));
#8855=DIRECTION('',(0.,-0.0801442596674017,-0.99678327516184));
#8856=DIRECTION('',(0.,0.99678327516184,-0.0801442596674017));
#8857=DIRECTION('',(-1.,0.,0.));
#8858=DIRECTION('',(0.,-0.0801442596674017,-0.99678327516184));
#8859=DIRECTION('',(0.,0.99678327516184,-0.0801442596674017));
#8860=DIRECTION('',(0.,-0.0801442596674017,-0.99678327516184));
#8861=DIRECTION('',(1.,0.,0.));
#8862=DIRECTION('',(0.,-0.0801442596674017,-0.99678327516184));
#8863=DIRECTION('',(0.,0.99678327516184,-0.0801442596674017));
#8864=DIRECTION('',(0.,-0.0801442596674017,-0.99678327516184));
#8865=DIRECTION('',(0.,0.99678327516184,-0.0801442596674017));
#8866=DIRECTION('',(-1.,0.,0.));
#8867=DIRECTION('',(0.,-0.0801442596674017,-0.99678327516184));
#8868=DIRECTION('',(0.,0.99678327516184,-0.0801442596674017));
#8869=DIRECTION('',(0.,-0.0801442596674017,-0.99678327516184));
#8870=DIRECTION('',(0.,-0.99678327516184,0.0801442596674017));
#8871=DIRECTION('',(0.,-0.0801442596674017,-0.99678327516184));
#8872=DIRECTION('',(0.,0.99678327516184,-0.0801442596674017));
#8873=DIRECTION('',(0.,-0.99678327516184,0.0801442596674017));
#8874=DIRECTION('',(0.,-0.0801442596674017,-0.99678327516184));
#8875=DIRECTION('',(0.,-0.0801442596674017,-0.99678327516184));
#8876=DIRECTION('',(0.,-0.0801442596674017,-0.99678327516184));
#8877=DIRECTION('',(0.,-0.0801442596674017,-0.99678327516184));
#8878=DIRECTION('',(0.,0.99678327516184,-0.0801442596674017));
#8879=DIRECTION('',(0.,-0.0801442596674017,-0.99678327516184));
#8880=DIRECTION('',(0.,0.99678327516184,-0.0801442596674017));
#8881=DIRECTION('',(0.,-0.0801442596674017,-0.99678327516184));
#8882=DIRECTION('',(1.,0.,0.));
#8883=DIRECTION('',(1.,0.,0.));
#8884=DIRECTION('',(0.,0.,-1.));
#8885=DIRECTION('',(0.,-0.99678327516184,0.0801442596674017));
#8886=DIRECTION('',(0.,0.687127355991499,-0.726536989180958));
#8887=DIRECTION('',(0.,-0.0244870029362543,0.999700148388106));
#8888=DIRECTION('',(0.,-0.99678327516184,0.0801442596674017));
#8889=DIRECTION('',(0.,-0.0801442596674017,-0.99678327516184));
#8890=DIRECTION('',(1.,0.,0.));
#8891=DIRECTION('',(0.,0.,-1.));
#8892=DIRECTION('',(0.,-0.99678327516184,0.0801442596674017));
#8893=DIRECTION('',(0.,-0.0244870029362543,0.999700148388106));
#8894=DIRECTION('',(0.,-0.687127355991499,0.726536989180958));
#8895=DIRECTION('',(0.,-0.99678327516184,0.0801442596674017));
#8896=DIRECTION('',(0.,-0.0801442596674017,-0.99678327516184));
#8897=DIRECTION('',(0.,-0.0801442596674017,-0.99678327516184));
#8898=DIRECTION('',(1.,0.,0.));
#8899=DIRECTION('',(1.,0.,0.));
#8900=DIRECTION('',(0.,-0.0801442596674017,-0.99678327516184));
#8901=DIRECTION('',(0.,0.99678327516184,-0.0801442596674017));
#8902=DIRECTION('',(-1.,0.,0.));
#8903=DIRECTION('',(0.,-0.0801442596674017,-0.99678327516184));
#8904=DIRECTION('',(0.,0.99678327516184,-0.0801442596674017));
#8905=DIRECTION('',(0.,-0.0801442596674017,-0.99678327516184));
#8906=DIRECTION('',(1.,0.,0.));
#8907=DIRECTION('',(0.,-0.0801442596674017,-0.99678327516184));
#8908=DIRECTION('',(0.,0.99678327516184,-0.0801442596674017));
#8909=DIRECTION('',(0.,-0.0801442596674017,-0.99678327516184));
#8910=DIRECTION('',(0.,0.99678327516184,-0.0801442596674017));
#8911=DIRECTION('',(-1.,0.,0.));
#8912=DIRECTION('',(0.,-0.0801442596674017,-0.99678327516184));
#8913=DIRECTION('',(0.,0.99678327516184,-0.0801442596674017));
#8914=DIRECTION('',(0.,-0.0801442596674017,-0.99678327516184));
#8915=DIRECTION('',(0.,-0.99678327516184,0.0801442596674017));
#8916=DIRECTION('',(0.,-0.0801442596674017,-0.99678327516184));
#8917=DIRECTION('',(0.,0.99678327516184,-0.0801442596674017));
#8918=DIRECTION('',(0.,-0.99678327516184,0.0801442596674017));
#8919=DIRECTION('',(0.,-0.0801442596674017,-0.99678327516184));
#8920=DIRECTION('',(0.,-0.0801442596674017,-0.99678327516184));
#8921=DIRECTION('',(0.,-0.0801442596674017,-0.99678327516184));
#8922=DIRECTION('',(0.,-0.0801442596674017,-0.99678327516184));
#8923=DIRECTION('',(0.,0.99678327516184,-0.0801442596674017));
#8924=DIRECTION('',(0.,-0.0801442596674017,-0.99678327516184));
#8925=DIRECTION('',(0.,0.99678327516184,-0.0801442596674017));
#8926=DIRECTION('',(0.,-0.0801442596674017,-0.99678327516184));
#8927=DIRECTION('',(1.,0.,0.));
#8928=DIRECTION('',(0.,-0.99678327516184,0.0801442596674017));
#8929=DIRECTION('',(0.,-0.0801442596674017,-0.99678327516184));
#8930=DIRECTION('',(-1.,0.,0.));
#8931=DIRECTION('',(0.,-0.0801442596674017,-0.99678327516184));
#8932=DIRECTION('',(-1.,0.,0.));
#8933=DIRECTION('',(-0.104532155083817,0.0797051899287385,0.991322405301099));
#8934=DIRECTION('',(-0.743156706654209,0.0536259195142942,0.666965044144831));
#8935=DIRECTION('',(0.,-0.99678327516184,0.0801442596674017));
#8936=DIRECTION('',(0.,-0.0801442596674017,-0.99678327516184));
#8937=DIRECTION('',(-1.,0.,0.));
#8938=DIRECTION('',(0.,-0.0801442596674017,-0.99678327516184));
#8939=DIRECTION('',(-1.,0.,0.));
#8940=DIRECTION('',(0.743156706654209,-0.0536259195142942,-0.666965044144831));
#8941=DIRECTION('',(-0.104532155083817,0.0797051899287385,0.991322405301099));
#8942=DIRECTION('',(0.,-0.0801442596674017,-0.99678327516184));
#8943=DIRECTION('',(1.,0.,0.));
#8944=DIRECTION('',(-0.00845068465049074,-0.996747682350549,0.0801413979023806));
#8945=DIRECTION('',(0.,-0.0801442596674017,-0.99678327516184));
#8946=DIRECTION('',(0.,0.99678327516184,-0.0801442596674017));
#8947=DIRECTION('',(0.,-0.99678327516184,0.0801442596674017));
#8948=DIRECTION('',(0.,-0.0801442596674017,-0.99678327516184));
#8949=DIRECTION('',(0.,0.99678327516184,-0.0801442596674017));
#8950=DIRECTION('',(0.,-0.0801442596674017,-0.99678327516184));
#8951=DIRECTION('',(1.,0.,0.));
#8952=DIRECTION('',(0.,-0.0801442596674017,-0.99678327516184));
#8953=DIRECTION('',(0.,0.99678327516184,-0.0801442596674017));
#8954=DIRECTION('',(0.,-0.0801442596674017,-0.99678327516184));
#8955=DIRECTION('',(0.,0.99678327516184,-0.0801442596674017));
#8956=DIRECTION('',(0.,-0.99678327516184,0.0801442596674017));
#8957=DIRECTION('',(0.,-0.0801442596674017,-0.99678327516184));
#8958=DIRECTION('',(0.,0.99678327516184,-0.0801442596674017));
#8959=DIRECTION('',(0.,-0.0801442596674017,-0.99678327516184));
#8960=DIRECTION('',(-1.,0.,0.));
#8961=DIRECTION('',(0.,-0.0801442596674017,-0.99678327516184));
#8962=DIRECTION('',(1.,0.,0.));
#8963=DIRECTION('',(1.,0.,0.));
#8964=DIRECTION('',(0.,0.,-1.));
#8965=DIRECTION('',(0.,-0.0801442596674017,-0.99678327516184));
#8966=DIRECTION('',(0.,-0.0801442596674017,-0.99678327516184));
#8967=DIRECTION('',(0.,-0.0801442596674017,-0.99678327516184));
#8968=DIRECTION('',(0.,0.99678327516184,-0.0801442596674017));
#8969=DIRECTION('',(0.,-0.0801442596674017,-0.99678327516184));
#8970=DIRECTION('',(0.,0.99678327516184,-0.0801442596674017));
#8971=DIRECTION('',(0.,-0.0801442596674017,-0.99678327516184));
#8972=DIRECTION('',(1.,0.,0.));
#8973=DIRECTION('',(0.,-0.99678327516184,0.0801442596674017));
#8974=DIRECTION('',(0.,-0.0801442596674017,-0.99678327516184));
#8975=DIRECTION('',(-1.,0.,0.));
#8976=DIRECTION('',(0.,-0.0801442596674017,-0.99678327516184));
#8977=DIRECTION('',(-1.,0.,0.));
#8978=DIRECTION('',(-0.104532155083817,0.0797051899287385,0.991322405301099));
#8979=DIRECTION('',(-0.743156706654211,0.053625919514294,0.666965044144829));
#8980=DIRECTION('',(0.,-0.99678327516184,0.0801442596674017));
#8981=DIRECTION('',(0.,-0.0801442596674017,-0.99678327516184));
#8982=DIRECTION('',(-1.,0.,0.));
#8983=DIRECTION('',(0.,-0.0801442596674017,-0.99678327516184));
#8984=DIRECTION('',(-1.,0.,0.));
#8985=DIRECTION('',(0.743156706654211,-0.053625919514294,-0.666965044144829));
#8986=DIRECTION('',(-0.104532155083817,0.0797051899287385,0.991322405301099));
#8987=DIRECTION('',(0.,-0.0801442596674017,-0.99678327516184));
#8988=DIRECTION('',(1.,0.,0.));
#8989=DIRECTION('',(-0.00845068465049074,-0.996747682350549,0.0801413979023806));
#8990=DIRECTION('',(0.,-0.0801442596674017,-0.99678327516184));
#8991=DIRECTION('',(0.,0.99678327516184,-0.0801442596674017));
#8992=DIRECTION('',(0.,-0.99678327516184,0.0801442596674017));
#8993=DIRECTION('',(0.,-0.0801442596674017,-0.99678327516184));
#8994=DIRECTION('',(0.,0.99678327516184,-0.0801442596674017));
#8995=DIRECTION('',(0.,-0.0801442596674017,-0.99678327516184));
#8996=DIRECTION('',(1.,0.,0.));
#8997=DIRECTION('',(0.,-0.0801442596674017,-0.99678327516184));
#8998=DIRECTION('',(0.,0.99678327516184,-0.0801442596674017));
#8999=DIRECTION('',(0.,-0.0801442596674017,-0.99678327516184));
#9000=DIRECTION('',(0.,0.99678327516184,-0.0801442596674017));
#9001=DIRECTION('',(0.,-0.99678327516184,0.0801442596674017));
#9002=DIRECTION('',(0.,-0.0801442596674017,-0.99678327516184));
#9003=DIRECTION('',(0.,0.99678327516184,-0.0801442596674017));
#9004=DIRECTION('',(0.,-0.0801442596674017,-0.99678327516184));
#9005=DIRECTION('',(-1.,0.,0.));
#9006=DIRECTION('',(0.,-0.0801442596674017,-0.99678327516184));
#9007=DIRECTION('',(1.,0.,0.));
#9008=DIRECTION('',(1.,0.,0.));
#9009=DIRECTION('',(0.,0.,-1.));
#9010=DIRECTION('',(0.,-0.0801442596674017,-0.99678327516184));
#9011=DIRECTION('',(0.,-0.0801442596674017,-0.99678327516184));
#9012=DIRECTION('',(0.,-0.0801442596674017,-0.99678327516184));
#9013=DIRECTION('',(0.,0.99678327516184,-0.0801442596674017));
#9014=DIRECTION('',(0.,-0.0801442596674017,-0.99678327516184));
#9015=DIRECTION('',(0.,0.99678327516184,-0.0801442596674017));
#9016=DIRECTION('',(0.,-0.0801442596674017,-0.99678327516184));
#9017=DIRECTION('',(1.,0.,0.));
#9018=DIRECTION('',(0.,-0.183897444990877,-0.982945435782591));
#9019=DIRECTION('',(0.,0.982945435782591,-0.183897444990877));
#9020=DIRECTION('',(0.,-0.607419405453863,0.794381310126362));
#9021=DIRECTION('',(0.,-0.794381310126363,-0.607419405453863));
#9022=DIRECTION('',(0.,0.183897444990877,0.982945435782591));
#9023=DIRECTION('',(0.,-0.982945435782591,0.183897444990877));
#9024=DIRECTION('',(0.,-0.607419405453863,0.794381310126362));
#9025=DIRECTION('',(0.,0.794381310126363,0.607419405453863));
#9026=DIRECTION('',(0.,0.0801442596674017,0.99678327516184));
#9027=DIRECTION('',(0.,-0.99678327516184,0.0801442596674017));
#9028=DIRECTION('',(0.,-0.0801442596674017,-0.99678327516184));
#9029=DIRECTION('',(0.,0.99678327516184,-0.0801442596674017));
#9030=DIRECTION('',(-0.104532155083817,0.0797051899287385,0.991322405301099));
#9031=DIRECTION('',(0.994486383305592,0.,0.104865787651465));
#9032=DIRECTION('',(0.669106713261939,0.0539223694492639,0.741207517730886));
#9033=DIRECTION('',(-0.743127809733607,0.0587019931321683,0.666569677080231));
#9034=DIRECTION('',(0.104532155083817,-0.0797051899287385,-0.991322405301099));
#9035=DIRECTION('',(-0.994486383305592,0.,-0.104865787651465));
#9036=DIRECTION('',(0.669106713261939,0.0539223694492639,0.741207517730886));
#9037=DIRECTION('',(0.743127809733607,-0.0587019931321683,-0.666569677080231));
#9038=DIRECTION('',(0.,-0.183897444990877,-0.982945435782591));
#9039=DIRECTION('',(0.,0.982945435782591,-0.183897444990877));
#9040=DIRECTION('',(0.,-0.607419405453863,0.794381310126362));
#9041=DIRECTION('',(0.,-0.794381310126363,-0.607419405453863));
#9042=DIRECTION('',(0.,-0.0801442596674017,-0.99678327516184));
#9043=DIRECTION('',(0.,0.99678327516184,-0.0801442596674017));
#9044=DIRECTION('',(0.,0.0801442596674017,0.99678327516184));
#9045=DIRECTION('',(0.,-0.99678327516184,0.0801442596674017));
#9046=DIRECTION('',(0.,0.183897444990877,0.982945435782591));
#9047=DIRECTION('',(0.,-0.982945435782591,0.183897444990877));
#9048=DIRECTION('',(0.,-0.607419405453863,0.794381310126362));
#9049=DIRECTION('',(0.,0.794381310126363,0.607419405453863));
#9050=DIRECTION('',(0.,0.0801442596674017,0.99678327516184));
#9051=DIRECTION('',(0.,-0.99678327516184,0.0801442596674017));
#9052=DIRECTION('',(0.,-0.0801442596674017,-0.99678327516184));
#9053=DIRECTION('',(0.,0.99678327516184,-0.0801442596674017));
#9054=DIRECTION('',(0.104532155083817,-0.0797051899287385,-0.991322405301099));
#9055=DIRECTION('',(-0.994486383305592,0.,-0.104865787651465));
#9056=DIRECTION('',(0.669106713261936,0.0539223694492642,0.74120751773089));
#9057=DIRECTION('',(0.74312780973361,-0.0587019931321681,-0.666569677080227));
#9058=DIRECTION('',(0.,0.0801442596674017,0.99678327516184));
#9059=DIRECTION('',(0.,-0.99678327516184,0.0801442596674017));
#9060=DIRECTION('',(0.,-0.0801442596674017,-0.99678327516184));
#9061=DIRECTION('',(0.,0.99678327516184,-0.0801442596674017));
#9062=DIRECTION('',(-0.104532155083817,0.0797051899287385,0.991322405301099));
#9063=DIRECTION('',(0.994486383305592,0.,0.104865787651465));
#9064=DIRECTION('',(0.669106713261936,0.0539223694492642,0.74120751773089));
#9065=DIRECTION('',(-0.74312780973361,0.0587019931321681,0.666569677080227));
#9066=DIRECTION('',(0.,-0.0244870029362543,0.999700148388106));
#9067=DIRECTION('',(0.,-0.999700148388105,-0.0244870029362543));
#9068=DIRECTION('',(0.,0.726536989180958,0.687127355991499));
#9069=DIRECTION('',(0.,-0.687127355991499,0.726536989180958));
#9070=DIRECTION('',(0.,0.0244870029362543,-0.999700148388106));
#9071=DIRECTION('',(0.,0.999700148388105,0.0244870029362543));
#9072=DIRECTION('',(0.,0.726536989180958,0.687127355991499));
#9073=DIRECTION('',(0.,0.687127355991499,-0.726536989180958));
#9074=DIRECTION('',(0.,-0.0801442596674017,-0.99678327516184));
#9075=DIRECTION('',(0.,0.99678327516184,-0.0801442596674017));
#9076=DIRECTION('',(0.,0.0801442596674017,0.99678327516184));
#9077=DIRECTION('',(0.,-0.99678327516184,0.0801442596674017));
#9078=DIRECTION('',(0.,-0.0801442596674017,-0.99678327516184));
#9079=DIRECTION('',(0.,0.99678327516184,-0.0801442596674017));
#9080=DIRECTION('',(0.,0.0801442596674017,0.99678327516184));
#9081=DIRECTION('',(0.,-0.99678327516184,0.0801442596674017));
#9082=DIRECTION('',(0.,-0.0244870029362543,0.999700148388106));
#9083=DIRECTION('',(0.,-0.999700148388105,-0.0244870029362543));
#9084=DIRECTION('',(0.,0.726536989180958,0.687127355991499));
#9085=DIRECTION('',(0.,-0.687127355991499,0.726536989180958));
#9086=DIRECTION('',(0.,0.0244870029362543,-0.999700148388106));
#9087=DIRECTION('',(0.,0.999700148388105,0.0244870029362543));
#9088=DIRECTION('',(0.,0.726536989180958,0.687127355991499));
#9089=DIRECTION('',(0.,0.687127355991499,-0.726536989180958));
#9090=DIRECTION('',(0.,0.0801442596674017,0.99678327516184));
#9091=DIRECTION('',(0.,-0.99678327516184,0.0801442596674017));
#9092=DIRECTION('',(0.,-0.0801442596674017,-0.99678327516184));
#9093=DIRECTION('',(0.,0.99678327516184,-0.0801442596674017));
#9094=DIRECTION('',(-0.104532155083817,0.0797051899287385,0.991322405301099));
#9095=DIRECTION('',(0.994486383305592,0.,0.104865787651465));
#9096=DIRECTION('',(0.669106713261941,0.0539223694492637,0.741207517730885));
#9097=DIRECTION('',(-0.743127809733605,0.0587019931321685,0.666569677080233));
#9098=DIRECTION('',(0.104532155083817,-0.0797051899287385,-0.991322405301099));
#9099=DIRECTION('',(-0.994486383305592,0.,-0.104865787651465));
#9100=DIRECTION('',(0.669106713261941,0.0539223694492637,0.741207517730885));
#9101=DIRECTION('',(0.743127809733605,-0.0587019931321685,-0.666569677080233));
#9102=DIRECTION('',(0.669106713261939,0.0539223694492639,0.741207517730886));
#9103=DIRECTION('',(0.00845068465049074,0.996747682350549,-0.0801413979023806));
#9104=DIRECTION('',(0.669106713261941,0.0539223694492637,0.741207517730885));
#9105=DIRECTION('',(0.00845068465049074,0.996747682350549,-0.0801413979023806));
#9106=DIRECTION('',(0.,0.726536989180958,0.687127355991499));
#9107=DIRECTION('',(-1.,0.,0.));
#9108=DIRECTION('',(0.,0.726536989180958,0.687127355991499));
#9109=DIRECTION('',(-1.,0.,0.));
#9110=DIRECTION('',(0.669106713261936,0.0539223694492642,0.74120751773089));
#9111=DIRECTION('',(0.00845068465049074,0.996747682350549,-0.0801413979023806));
#9112=DIRECTION('',(0.,-0.607419405453863,0.794381310126362));
#9113=DIRECTION('',(1.,0.,0.));
#9114=DIRECTION('',(0.,-0.607419405453863,0.794381310126362));
#9115=DIRECTION('',(1.,0.,0.));
#9116=DIRECTION('',(0.,0.999700148388105,0.0244870029362536));
#9117=DIRECTION('',(0.,-0.0244870029362536,0.999700148388105));
#9118=DIRECTION('',(1.,0.,0.));
#9119=DIRECTION('',(0.,-0.0244870029362536,0.999700148388105));
#9120=DIRECTION('',(0.,0.,-1.));
#9121=DIRECTION('',(-1.,0.,0.));
#9122=DIRECTION('',(0.,1.,0.));
#9123=DIRECTION('',(1.,0.,0.));
#9124=DIRECTION('',(1.,0.,0.));
#9125=DIRECTION('',(0.,-0.982945435782591,0.183897444990877));
#9126=DIRECTION('',(0.,-0.183897444990877,-0.982945435782591));
#9127=DIRECTION('',(0.,-0.183897444990877,-0.982945435782591));
#9128=DIRECTION('',(1.,0.,0.));
#9129=DIRECTION('',(0.,-0.999700148388105,-0.024487002936255));
#9130=DIRECTION('',(0.,0.024487002936255,-0.999700148388106));
#9131=DIRECTION('',(0.,-0.024487002936255,0.999700148388105));
#9132=DIRECTION('',(-1.,0.,0.));
#9133=DIRECTION('',(0.,0.982945435782591,-0.183897444990877));
#9134=DIRECTION('',(0.,0.183897444990877,0.982945435782591));
#9135=DIRECTION('',(-1.,0.,0.));
#9136=DIRECTION('',(0.,-0.183897444990877,-0.982945435782591));
#9137=DIRECTION('',(0.,0.,1.));
#9138=DIRECTION('',(1.,0.,0.));
#9139=DIRECTION('',(0.,1.,0.));
#9140=DIRECTION('',(1.,0.,0.));
#9141=DIRECTION('',(0.,1.,0.));
#9142=DIRECTION('',(1.,0.,0.));
#9143=DIRECTION('',(0.,0.,-1.));
#9144=DIRECTION('',(1.,0.,0.));
#9145=DIRECTION('',(0.,0.,-1.));
#9146=DIRECTION('',(-1.,0.,0.));
#9147=DIRECTION('',(0.,0.,1.));
#9148=DIRECTION('',(-1.,0.,0.));
#9149=DIRECTION('',(0.,0.,1.));
#9150=CARTESIAN_POINT('',(0.,0.,0.));
#9151=CARTESIAN_POINT('',(-0.254,0.,0.));
#9152=CARTESIAN_POINT('',(-0.254,-0.127580049088359,-0.0348874146306644));
#9153=CARTESIAN_POINT('',(-0.254,-0.245727176619608,-0.0253880437004241));
#9154=CARTESIAN_POINT('',(-0.254,-0.248934452895147,-0.0251301694071279));
#9155=CARTESIAN_POINT('',(-0.254,-0.245998917447155,-0.0142940218502121));
#9156=CARTESIAN_POINT('',(-0.254,-0.246270658274701,-0.0032));
#9157=CARTESIAN_POINT('',(-0.254,-0.125062430930623,-0.0032));
#9158=CARTESIAN_POINT('',(-0.254,-0.00385420358654453,-0.0032));
#9159=CARTESIAN_POINT('',(-0.254,-0.00769122401044168,-0.0237091577692196));
#9160=CARTESIAN_POINT('',(-0.254,-0.0115282444343388,-0.0442183155384392));
#9161=CARTESIAN_POINT('',(-0.254,-0.127580049088359,-0.0348874146306644));
#9162=CARTESIAN_POINT('',(-0.254,-0.00832096815880067,-0.0444761898317354));
#9163=CARTESIAN_POINT('',(-0.254,1.04083408558608E-17,1.66533453693773E-16));
#9164=CARTESIAN_POINT('',(-0.254,1.38777878078145E-17,0.));
#9165=CARTESIAN_POINT('',(-0.254,-0.124775,0.));
#9166=CARTESIAN_POINT('',(-0.254,-0.24955,-2.08166817117217E-17));
#9167=CARTESIAN_POINT('',(-0.254,-0.24955,-2.08166817117217E-17));
#9168=CARTESIAN_POINT('',(-0.409952,-0.00294883630734776,0.000551692334972798));
#9169=CARTESIAN_POINT('',(-0.382301739512646,-0.00966359603535754,-0.0353391947154231));
#9170=CARTESIAN_POINT('',(-0.382301739512646,-0.0105881480530021,-0.040280993585616));
#9171=CARTESIAN_POINT('',(-0.382301739512646,-0.00874410881040316,-0.0304244675365102));
#9172=CARTESIAN_POINT('',(-0.364301739512646,-0.00874410881040316,-0.0304244675365102));
#9173=CARTESIAN_POINT('',(-0.364301739512646,-0.00874410881040316,-0.0304244675365102));
#9174=CARTESIAN_POINT('',(-0.364301739512646,-0.00294883630734776,0.000551692334972798));
#9175=CARTESIAN_POINT('',(-0.364301739512646,-0.0105881480530021,-0.040280993585616));
#9176=CARTESIAN_POINT('',(-0.409952,-0.0105881480530021,-0.040280993585616));
#9177=CARTESIAN_POINT('',(-0.275,-0.00966359603535754,-0.0353391947154231));
#9178=CARTESIAN_POINT('',(-0.275,-0.0105881480530021,-0.040280993585616));
#9179=CARTESIAN_POINT('',(-0.275,-0.00874410881040316,-0.0304244675365102));
#9180=CARTESIAN_POINT('',(-0.257,-0.00874410881040316,-0.0304244675365102));
#9181=CARTESIAN_POINT('',(-0.257,-0.00874410881040316,-0.0304244675365102));
#9182=CARTESIAN_POINT('',(-0.257,-0.00294883630734776,0.000551692334972798));
#9183=CARTESIAN_POINT('',(-0.257,-0.0105881480530021,-0.040280993585616));
#9184=CARTESIAN_POINT('',(-0.409952,-0.0105881480530021,-0.040280993585616));
#9185=CARTESIAN_POINT('',(-0.256124999999996,-0.00747055276475158,-0.0236172163408851));
#9186=CARTESIAN_POINT('',(-0.256124999999996,-0.00361331586238549,-0.003));
#9187=CARTESIAN_POINT('',(-0.256124999999996,-0.0113277896671177,-0.0442344326817702));
#9188=CARTESIAN_POINT('',(-0.409952,-0.00361331586238549,-0.003));
#9189=CARTESIAN_POINT('',(-0.40168626230702,-0.00361331586238549,-0.003));
#9190=CARTESIAN_POINT('',(-0.402144653205065,-0.00280002238673979,0.00134711373982036));
#9191=CARTESIAN_POINT('',(-0.397338207538123,-0.0113277896671177,-0.0442344326817702));
#9192=CARTESIAN_POINT('',(-0.409952,-0.0113277896671177,-0.0442344326817702));
#9193=CARTESIAN_POINT('',(-0.409952,-0.246550899554835,7.34610088087422E-5));
#9194=CARTESIAN_POINT('',(-0.36622312975649,-0.246550899554835,7.34610088087422E-5));
#9195=CARTESIAN_POINT('',(-0.36622312975649,-0.246026118923606,-0.0213510994519526));
#9196=CARTESIAN_POINT('',(-0.36622312975649,-0.246271663359258,-0.0113265648285865));
#9197=CARTESIAN_POINT('',(-0.38422312975649,-0.246271663359258,-0.0113265648285865));
#9198=CARTESIAN_POINT('',(-0.38422312975649,-0.246271663359258,-0.0113265648285865));
#9199=CARTESIAN_POINT('',(-0.38422312975649,-0.246026118923606,-0.0213510994519526));
#9200=CARTESIAN_POINT('',(-0.38422312975649,-0.246026118923606,-0.0213510994519526));
#9201=CARTESIAN_POINT('',(-0.409952,-0.246026118923606,-0.0213510994519526));
#9202=CARTESIAN_POINT('',(-0.257,-0.246550899554835,7.34610088087422E-5));
#9203=CARTESIAN_POINT('',(-0.257,-0.246026118923606,-0.0213510994519526));
#9204=CARTESIAN_POINT('',(-0.257,-0.246271663359258,-0.0113265648285865));
#9205=CARTESIAN_POINT('',(-0.275,-0.246271663359258,-0.0113265648285865));
#9206=CARTESIAN_POINT('',(-0.275,-0.246271663359258,-0.0113265648285865));
#9207=CARTESIAN_POINT('',(-0.275,-0.246026118923606,-0.0213510994519526));
#9208=CARTESIAN_POINT('',(-0.275,-0.246026118923606,-0.0213510994519526));
#9209=CARTESIAN_POINT('',(-0.409952,-0.246026118923606,-0.0213510994519526));
#9210=CARTESIAN_POINT('',(-0.256124999999996,-0.246201624259681,-0.0141859632785465));
#9211=CARTESIAN_POINT('',(-0.256124999999996,-0.24592763138683,-0.0253719265570931));
#9212=CARTESIAN_POINT('',(-0.256124999999996,-0.246475617132532,-0.003));
#9213=CARTESIAN_POINT('',(-0.409952,-0.24592763138683,-0.0253719265570931));
#9214=CARTESIAN_POINT('',(-0.399243158763014,-0.24592763138683,-0.0253719265570931));
#9215=CARTESIAN_POINT('',(-0.402014508114332,-0.246571388691835,0.000909945300193793));
#9216=CARTESIAN_POINT('',(-0.401602215396743,-0.246475617132532,-0.003));
#9217=CARTESIAN_POINT('',(-0.409952,-0.246475617132532,-0.003));
#9218=CARTESIAN_POINT('',(-0.409952,-0.124775,-0.003));
#9219=CARTESIAN_POINT('',(-0.289364999999996,-0.228025,-0.003));
#9220=CARTESIAN_POINT('',(-0.283864999999996,-0.228025,-0.003));
#9221=CARTESIAN_POINT('',(-0.331274999999996,-0.228025,-0.003));
#9222=CARTESIAN_POINT('',(-0.325774999999996,-0.228025,-0.003));
#9223=CARTESIAN_POINT('',(-0.369375,-0.228025,-0.003));
#9224=CARTESIAN_POINT('',(-0.363875,-0.228025,-0.003));
#9225=CARTESIAN_POINT('',(-0.409952,-0.23755,-0.003));
#9226=CARTESIAN_POINT('',(-0.340799999999996,-0.23755,-0.003));
#9227=CARTESIAN_POINT('',(-0.35985,-0.23755,-0.003));
#9228=CARTESIAN_POINT('',(-0.340799999999996,-0.124775,-0.003));
#9229=CARTESIAN_POINT('',(-0.340799999999996,-0.2185,-0.003));
#9230=CARTESIAN_POINT('',(-0.409952,-0.2185,-0.003));
#9231=CARTESIAN_POINT('',(-0.35985,-0.2185,-0.003));
#9232=CARTESIAN_POINT('',(-0.35985,-0.124775,-0.003));
#9233=CARTESIAN_POINT('',(-0.409952,-0.23755,-0.003));
#9234=CARTESIAN_POINT('',(-0.264599999999996,-0.23755,-0.003));
#9235=CARTESIAN_POINT('',(-0.283649999999996,-0.23755,-0.003));
#9236=CARTESIAN_POINT('',(-0.264599999999996,-0.124775,-0.003));
#9237=CARTESIAN_POINT('',(-0.264599999999996,-0.2185,-0.003));
#9238=CARTESIAN_POINT('',(-0.409952,-0.2185,-0.003));
#9239=CARTESIAN_POINT('',(-0.283649999999996,-0.2185,-0.003));
#9240=CARTESIAN_POINT('',(-0.283649999999996,-0.124775,-0.003));
#9241=CARTESIAN_POINT('',(-0.395925,-0.0725,-0.003));
#9242=CARTESIAN_POINT('',(-0.395925,-0.0705,-0.003));
#9243=CARTESIAN_POINT('',(-0.395925,-0.0745,-0.003));
#9244=CARTESIAN_POINT('',(-0.388425,-0.0745,-0.003));
#9245=CARTESIAN_POINT('',(-0.380925,-0.0745,-0.003));
#9246=CARTESIAN_POINT('',(-0.380925,-0.0725,-0.003));
#9247=CARTESIAN_POINT('',(-0.380925,-0.0705,-0.003));
#9248=CARTESIAN_POINT('',(-0.375675,-0.0705,-0.003));
#9249=CARTESIAN_POINT('',(-0.370425,-0.0705,-0.003));
#9250=CARTESIAN_POINT('',(-0.370425,-0.058,-0.003));
#9251=CARTESIAN_POINT('',(-0.370425,-0.0455,-0.003));
#9252=CARTESIAN_POINT('',(-0.388425,-0.0455,-0.003));
#9253=CARTESIAN_POINT('',(-0.406425,-0.0455,-0.003));
#9254=CARTESIAN_POINT('',(-0.406425,-0.058,-0.003));
#9255=CARTESIAN_POINT('',(-0.406425,-0.0705,-0.003));
#9256=CARTESIAN_POINT('',(-0.401175,-0.0705,-0.003));
#9257=CARTESIAN_POINT('',(-0.357825,-0.0725,-0.003));
#9258=CARTESIAN_POINT('',(-0.357825,-0.0705,-0.003));
#9259=CARTESIAN_POINT('',(-0.357825,-0.0745,-0.003));
#9260=CARTESIAN_POINT('',(-0.350325,-0.0745,-0.003));
#9261=CARTESIAN_POINT('',(-0.342824999999996,-0.0745,-0.003));
#9262=CARTESIAN_POINT('',(-0.342824999999996,-0.0725,-0.003));
#9263=CARTESIAN_POINT('',(-0.342824999999996,-0.0705,-0.003));
#9264=CARTESIAN_POINT('',(-0.337574999999996,-0.0705,-0.003));
#9265=CARTESIAN_POINT('',(-0.332324999999996,-0.0705,-0.003));
#9266=CARTESIAN_POINT('',(-0.332324999999996,-0.058,-0.003));
#9267=CARTESIAN_POINT('',(-0.332324999999996,-0.0455,-0.003));
#9268=CARTESIAN_POINT('',(-0.350325,-0.0455,-0.003));
#9269=CARTESIAN_POINT('',(-0.368325,-0.0455,-0.003));
#9270=CARTESIAN_POINT('',(-0.368325,-0.058,-0.003));
#9271=CARTESIAN_POINT('',(-0.368325,-0.0705,-0.003));
#9272=CARTESIAN_POINT('',(-0.363075,-0.0705,-0.003));
#9273=CARTESIAN_POINT('',(-0.319724999999996,-0.0725,-0.003));
#9274=CARTESIAN_POINT('',(-0.319724999999996,-0.0705,-0.003));
#9275=CARTESIAN_POINT('',(-0.319724999999996,-0.0745,-0.003));
#9276=CARTESIAN_POINT('',(-0.312224999999996,-0.0745,-0.003));
#9277=CARTESIAN_POINT('',(-0.304724999999996,-0.0745,-0.003));
#9278=CARTESIAN_POINT('',(-0.304724999999996,-0.0725,-0.003));
#9279=CARTESIAN_POINT('',(-0.304724999999996,-0.0705,-0.003));
#9280=CARTESIAN_POINT('',(-0.299474999999996,-0.0705,-0.003));
#9281=CARTESIAN_POINT('',(-0.294224999999996,-0.0705,-0.003));
#9282=CARTESIAN_POINT('',(-0.294224999999996,-0.058,-0.003));
#9283=CARTESIAN_POINT('',(-0.294224999999996,-0.0455,-0.003));
#9284=CARTESIAN_POINT('',(-0.312224999999996,-0.0455,-0.003));
#9285=CARTESIAN_POINT('',(-0.330224999999996,-0.0455,-0.003));
#9286=CARTESIAN_POINT('',(-0.330224999999996,-0.058,-0.003));
#9287=CARTESIAN_POINT('',(-0.330224999999996,-0.0705,-0.003));
#9288=CARTESIAN_POINT('',(-0.324974999999996,-0.0705,-0.003));
#9289=CARTESIAN_POINT('',(-0.274124999999996,-0.081,-0.003));
#9290=CARTESIAN_POINT('',(-0.272624999999996,-0.081,-0.003));
#9291=CARTESIAN_POINT('',(-0.409952,-0.196,-0.003));
#9292=CARTESIAN_POINT('',(-0.273125,-0.196,-0.003));
#9293=CARTESIAN_POINT('',(-0.275125,-0.196,-0.003));
#9294=CARTESIAN_POINT('',(-0.273125,-0.124775,-0.003));
#9295=CARTESIAN_POINT('',(-0.273125,-0.086,-0.003));
#9296=CARTESIAN_POINT('',(-0.409952,-0.086,-0.003));
#9297=CARTESIAN_POINT('',(-0.275125,-0.086,-0.003));
#9298=CARTESIAN_POINT('',(-0.275125,-0.124775,-0.003));
#9299=CARTESIAN_POINT('',(-0.274124999999996,-0.201,-0.003));
#9300=CARTESIAN_POINT('',(-0.272624999999996,-0.201,-0.003));
#9301=CARTESIAN_POINT('',(-0.388425,-0.0245,-0.003));
#9302=CARTESIAN_POINT('',(-0.372925,-0.0245,-0.003));
#9303=CARTESIAN_POINT('',(-0.350325,-0.0245,-0.003));
#9304=CARTESIAN_POINT('',(-0.334825,-0.0245,-0.003));
#9305=CARTESIAN_POINT('',(-0.312224999999996,-0.0245,-0.003));
#9306=CARTESIAN_POINT('',(-0.296724999999996,-0.0245,-0.003));
#9307=CARTESIAN_POINT('',(-0.274124999999996,-0.0245,-0.003));
#9308=CARTESIAN_POINT('',(-0.258624999999996,-0.0245,-0.003));
#9309=CARTESIAN_POINT('',(-0.312224999999996,-0.201,-0.003));
#9310=CARTESIAN_POINT('',(-0.310724999999996,-0.201,-0.003));
#9311=CARTESIAN_POINT('',(-0.448052,-0.196,-0.003));
#9312=CARTESIAN_POINT('',(-0.311225,-0.196,-0.003));
#9313=CARTESIAN_POINT('',(-0.313225,-0.196,-0.003));
#9314=CARTESIAN_POINT('',(-0.311225,-0.124775,-0.003));
#9315=CARTESIAN_POINT('',(-0.311225,-0.086,-0.003));
#9316=CARTESIAN_POINT('',(-0.448052,-0.086,-0.003));
#9317=CARTESIAN_POINT('',(-0.313225,-0.086,-0.003));
#9318=CARTESIAN_POINT('',(-0.313225,-0.124775,-0.003));
#9319=CARTESIAN_POINT('',(-0.312224999999996,-0.081,-0.003));
#9320=CARTESIAN_POINT('',(-0.310724999999996,-0.081,-0.003));
#9321=CARTESIAN_POINT('',(-0.350325,-0.201,-0.003));
#9322=CARTESIAN_POINT('',(-0.348825,-0.201,-0.003));
#9323=CARTESIAN_POINT('',(-0.486152,-0.196,-0.003));
#9324=CARTESIAN_POINT('',(-0.349325,-0.196,-0.003));
#9325=CARTESIAN_POINT('',(-0.351325,-0.196,-0.003));
#9326=CARTESIAN_POINT('',(-0.349325,-0.124775,-0.003));
#9327=CARTESIAN_POINT('',(-0.349325,-0.086,-0.003));
#9328=CARTESIAN_POINT('',(-0.486152,-0.086,-0.003));
#9329=CARTESIAN_POINT('',(-0.351325,-0.086,-0.003));
#9330=CARTESIAN_POINT('',(-0.351325,-0.124775,-0.003));
#9331=CARTESIAN_POINT('',(-0.350325,-0.081,-0.003));
#9332=CARTESIAN_POINT('',(-0.348825,-0.081,-0.003));
#9333=CARTESIAN_POINT('',(-0.388425,-0.201,-0.003));
#9334=CARTESIAN_POINT('',(-0.386925,-0.201,-0.003));
#9335=CARTESIAN_POINT('',(-0.524252,-0.196,-0.003));
#9336=CARTESIAN_POINT('',(-0.387425,-0.196,-0.003));
#9337=CARTESIAN_POINT('',(-0.389425,-0.196,-0.003));
#9338=CARTESIAN_POINT('',(-0.387425,-0.124775,-0.003));
#9339=CARTESIAN_POINT('',(-0.387425,-0.086,-0.003));
#9340=CARTESIAN_POINT('',(-0.524252,-0.086,-0.003));
#9341=CARTESIAN_POINT('',(-0.389425,-0.086,-0.003));
#9342=CARTESIAN_POINT('',(-0.389425,-0.124775,-0.003));
#9343=CARTESIAN_POINT('',(-0.388425,-0.081,-0.003));
#9344=CARTESIAN_POINT('',(-0.386925,-0.081,-0.003));
#9345=CARTESIAN_POINT('',(-0.264124999999997,-0.042,-0.003));
#9346=CARTESIAN_POINT('',(-0.264124999999997,-0.04375,-0.003));
#9347=CARTESIAN_POINT('',(-0.264124999999997,-0.04025,-0.003));
#9348=CARTESIAN_POINT('',(-0.274124999999996,-0.04025,-0.003));
#9349=CARTESIAN_POINT('',(-0.284124999999996,-0.04025,-0.003));
#9350=CARTESIAN_POINT('',(-0.284124999999996,-0.042,-0.003));
#9351=CARTESIAN_POINT('',(-0.284124999999996,-0.04375,-0.003));
#9352=CARTESIAN_POINT('',(-0.274124999999996,-0.04375,-0.003));
#9353=CARTESIAN_POINT('',(-0.258774999999996,-0.07225,-0.003));
#9354=CARTESIAN_POINT('',(-0.257174999999996,-0.07225,-0.003));
#9355=CARTESIAN_POINT('',(-0.258774999999996,-0.04375,-0.003));
#9356=CARTESIAN_POINT('',(-0.257174999999996,-0.04375,-0.003));
#9357=CARTESIAN_POINT('',(-0.289474999999996,-0.04375,-0.003));
#9358=CARTESIAN_POINT('',(-0.287874999999996,-0.04375,-0.003));
#9359=CARTESIAN_POINT('',(-0.289474999999996,-0.07225,-0.003));
#9360=CARTESIAN_POINT('',(-0.287874999999996,-0.07225,-0.003));
#9361=CARTESIAN_POINT('',(-0.302224999999996,-0.042,-0.003));
#9362=CARTESIAN_POINT('',(-0.302224999999996,-0.04375,-0.003));
#9363=CARTESIAN_POINT('',(-0.302224999999996,-0.04025,-0.003));
#9364=CARTESIAN_POINT('',(-0.312224999999996,-0.04025,-0.003));
#9365=CARTESIAN_POINT('',(-0.322224999999996,-0.04025,-0.003));
#9366=CARTESIAN_POINT('',(-0.322224999999996,-0.042,-0.003));
#9367=CARTESIAN_POINT('',(-0.322224999999996,-0.04375,-0.003));
#9368=CARTESIAN_POINT('',(-0.312224999999996,-0.04375,-0.003));
#9369=CARTESIAN_POINT('',(-0.296874999999996,-0.07225,-0.003));
#9370=CARTESIAN_POINT('',(-0.295274999999996,-0.07225,-0.003));
#9371=CARTESIAN_POINT('',(-0.296874999999996,-0.04375,-0.003));
#9372=CARTESIAN_POINT('',(-0.295274999999996,-0.04375,-0.003));
#9373=CARTESIAN_POINT('',(-0.327574999999996,-0.04375,-0.003));
#9374=CARTESIAN_POINT('',(-0.325974999999996,-0.04375,-0.003));
#9375=CARTESIAN_POINT('',(-0.327574999999996,-0.07225,-0.003));
#9376=CARTESIAN_POINT('',(-0.325974999999996,-0.07225,-0.003));
#9377=CARTESIAN_POINT('',(-0.340324999999996,-0.042,-0.003));
#9378=CARTESIAN_POINT('',(-0.340324999999996,-0.04375,-0.003));
#9379=CARTESIAN_POINT('',(-0.340324999999996,-0.04025,-0.003));
#9380=CARTESIAN_POINT('',(-0.350325,-0.04025,-0.003));
#9381=CARTESIAN_POINT('',(-0.360325,-0.04025,-0.003));
#9382=CARTESIAN_POINT('',(-0.360325,-0.042,-0.003));
#9383=CARTESIAN_POINT('',(-0.360325,-0.04375,-0.003));
#9384=CARTESIAN_POINT('',(-0.350325,-0.04375,-0.003));
#9385=CARTESIAN_POINT('',(-0.334974999999996,-0.07225,-0.003));
#9386=CARTESIAN_POINT('',(-0.333374999999996,-0.07225,-0.003));
#9387=CARTESIAN_POINT('',(-0.334974999999996,-0.04375,-0.003));
#9388=CARTESIAN_POINT('',(-0.333374999999996,-0.04375,-0.003));
#9389=CARTESIAN_POINT('',(-0.365675,-0.04375,-0.003));
#9390=CARTESIAN_POINT('',(-0.364075,-0.04375,-0.003));
#9391=CARTESIAN_POINT('',(-0.365675,-0.07225,-0.003));
#9392=CARTESIAN_POINT('',(-0.364075,-0.07225,-0.003));
#9393=CARTESIAN_POINT('',(-0.378425,-0.042,-0.003));
#9394=CARTESIAN_POINT('',(-0.378425,-0.04375,-0.003));
#9395=CARTESIAN_POINT('',(-0.378425,-0.04025,-0.003));
#9396=CARTESIAN_POINT('',(-0.388425,-0.04025,-0.003));
#9397=CARTESIAN_POINT('',(-0.398425,-0.04025,-0.003));
#9398=CARTESIAN_POINT('',(-0.398425,-0.042,-0.003));
#9399=CARTESIAN_POINT('',(-0.398425,-0.04375,-0.003));
#9400=CARTESIAN_POINT('',(-0.388425,-0.04375,-0.003));
#9401=CARTESIAN_POINT('',(-0.373075,-0.07225,-0.003));
#9402=CARTESIAN_POINT('',(-0.371475,-0.07225,-0.003));
#9403=CARTESIAN_POINT('',(-0.373075,-0.04375,-0.003));
#9404=CARTESIAN_POINT('',(-0.371475,-0.04375,-0.003));
#9405=CARTESIAN_POINT('',(-0.403775,-0.04375,-0.003));
#9406=CARTESIAN_POINT('',(-0.402175,-0.04375,-0.003));
#9407=CARTESIAN_POINT('',(-0.403775,-0.07225,-0.003));
#9408=CARTESIAN_POINT('',(-0.402175,-0.07225,-0.003));
#9409=CARTESIAN_POINT('',(-0.409952,-0.23755,-0.003));
#9410=CARTESIAN_POINT('',(-0.302699999999996,-0.23755,-0.003));
#9411=CARTESIAN_POINT('',(-0.321749999999996,-0.23755,-0.003));
#9412=CARTESIAN_POINT('',(-0.302699999999996,-0.124775,-0.003));
#9413=CARTESIAN_POINT('',(-0.302699999999996,-0.2185,-0.003));
#9414=CARTESIAN_POINT('',(-0.409952,-0.2185,-0.003));
#9415=CARTESIAN_POINT('',(-0.321749999999996,-0.2185,-0.003));
#9416=CARTESIAN_POINT('',(-0.321749999999996,-0.124775,-0.003));
#9417=CARTESIAN_POINT('',(-0.409952,-0.23755,-0.003));
#9418=CARTESIAN_POINT('',(-0.3789,-0.23755,-0.003));
#9419=CARTESIAN_POINT('',(-0.39795,-0.23755,-0.003));
#9420=CARTESIAN_POINT('',(-0.3789,-0.124775,-0.003));
#9421=CARTESIAN_POINT('',(-0.3789,-0.2185,-0.003));
#9422=CARTESIAN_POINT('',(-0.409952,-0.2185,-0.003));
#9423=CARTESIAN_POINT('',(-0.39795,-0.2185,-0.003));
#9424=CARTESIAN_POINT('',(-0.39795,-0.124775,-0.003));
#9425=CARTESIAN_POINT('',(-0.256124999999996,-0.125044466497459,-0.003));
#9426=CARTESIAN_POINT('',(-0.256124999999996,-0.0705,-0.003));
#9427=CARTESIAN_POINT('',(-0.401589304969344,-0.241474117424782,-0.003));
#9428=CARTESIAN_POINT('',(-0.406617025895377,-0.241486960520056,-0.003));
#9429=CARTESIAN_POINT('',(-0.406617025895377,-0.124775,-0.003));
#9430=CARTESIAN_POINT('',(-0.406617025895377,-0.00860197247486127,-0.003));
#9431=CARTESIAN_POINT('',(-0.401589304969344,-0.00870006820690312,-0.003));
#9432=CARTESIAN_POINT('',(-0.256124999999996,-0.125044466497459,-0.003));
#9433=CARTESIAN_POINT('',(-0.256124999999996,-0.0455,-0.003));
#9434=CARTESIAN_POINT('',(-0.274124999999996,-0.0455,-0.003));
#9435=CARTESIAN_POINT('',(-0.292124999999996,-0.0455,-0.003));
#9436=CARTESIAN_POINT('',(-0.292124999999996,-0.058,-0.003));
#9437=CARTESIAN_POINT('',(-0.292124999999996,-0.0705,-0.003));
#9438=CARTESIAN_POINT('',(-0.286874999999996,-0.0705,-0.003));
#9439=CARTESIAN_POINT('',(-0.281624999999996,-0.0705,-0.003));
#9440=CARTESIAN_POINT('',(-0.281624999999996,-0.0725,-0.003));
#9441=CARTESIAN_POINT('',(-0.281624999999996,-0.0745,-0.003));
#9442=CARTESIAN_POINT('',(-0.274124999999996,-0.0745,-0.003));
#9443=CARTESIAN_POINT('',(-0.266624999999996,-0.0745,-0.003));
#9444=CARTESIAN_POINT('',(-0.266624999999996,-0.0725,-0.003));
#9445=CARTESIAN_POINT('',(-0.266624999999996,-0.0705,-0.003));
#9446=CARTESIAN_POINT('',(-0.261374999999996,-0.0705,-0.003));
#9447=CARTESIAN_POINT('',(-0.409952,-0.124775,0.));
#9448=CARTESIAN_POINT('',(-0.3789,-0.228025,0.));
#9449=CARTESIAN_POINT('',(-0.3789,-0.23755,0.));
#9450=CARTESIAN_POINT('',(-0.3789,-0.2185,0.));
#9451=CARTESIAN_POINT('',(-0.388425,-0.23755,0.));
#9452=CARTESIAN_POINT('',(-0.39795,-0.23755,0.));
#9453=CARTESIAN_POINT('',(-0.39795,-0.228025,0.));
#9454=CARTESIAN_POINT('',(-0.39795,-0.2185,0.));
#9455=CARTESIAN_POINT('',(-0.388425,-0.2185,0.));
#9456=CARTESIAN_POINT('',(-0.340799999999996,-0.228025,0.));
#9457=CARTESIAN_POINT('',(-0.340799999999996,-0.23755,0.));
#9458=CARTESIAN_POINT('',(-0.340799999999996,-0.2185,0.));
#9459=CARTESIAN_POINT('',(-0.350325,-0.23755,0.));
#9460=CARTESIAN_POINT('',(-0.35985,-0.23755,0.));
#9461=CARTESIAN_POINT('',(-0.35985,-0.228025,0.));
#9462=CARTESIAN_POINT('',(-0.35985,-0.2185,0.));
#9463=CARTESIAN_POINT('',(-0.350325,-0.2185,0.));
#9464=CARTESIAN_POINT('',(-0.302699999999996,-0.228025,0.));
#9465=CARTESIAN_POINT('',(-0.302699999999996,-0.23755,0.));
#9466=CARTESIAN_POINT('',(-0.302699999999996,-0.2185,0.));
#9467=CARTESIAN_POINT('',(-0.312224999999996,-0.23755,0.));
#9468=CARTESIAN_POINT('',(-0.321749999999996,-0.23755,0.));
#9469=CARTESIAN_POINT('',(-0.321749999999996,-0.228025,0.));
#9470=CARTESIAN_POINT('',(-0.321749999999996,-0.2185,0.));
#9471=CARTESIAN_POINT('',(-0.312224999999996,-0.2185,0.));
#9472=CARTESIAN_POINT('',(-0.264599999999996,-0.228025,0.));
#9473=CARTESIAN_POINT('',(-0.264599999999996,-0.23755,0.));
#9474=CARTESIAN_POINT('',(-0.264599999999996,-0.2185,0.));
#9475=CARTESIAN_POINT('',(-0.274124999999996,-0.23755,0.));
#9476=CARTESIAN_POINT('',(-0.283649999999996,-0.23755,0.));
#9477=CARTESIAN_POINT('',(-0.283649999999996,-0.228025,0.));
#9478=CARTESIAN_POINT('',(-0.283649999999996,-0.2185,0.));
#9479=CARTESIAN_POINT('',(-0.274124999999996,-0.2185,0.));
#9480=CARTESIAN_POINT('',(-0.274124999999996,-0.081,0.));
#9481=CARTESIAN_POINT('',(-0.271449999999996,-0.081,0.));
#9482=CARTESIAN_POINT('',(-0.274124999999996,-0.201,0.));
#9483=CARTESIAN_POINT('',(-0.271449999999996,-0.201,0.));
#9484=CARTESIAN_POINT('',(-0.273125,-0.141,0.));
#9485=CARTESIAN_POINT('',(-0.273125,-0.196,0.));
#9486=CARTESIAN_POINT('',(-0.273125,-0.086,0.));
#9487=CARTESIAN_POINT('',(-0.274125,-0.196,0.));
#9488=CARTESIAN_POINT('',(-0.275125,-0.196,0.));
#9489=CARTESIAN_POINT('',(-0.275125,-0.141,0.));
#9490=CARTESIAN_POINT('',(-0.275125,-0.086,0.));
#9491=CARTESIAN_POINT('',(-0.274125,-0.086,0.));
#9492=CARTESIAN_POINT('',(-0.388425,-0.0245,0.));
#9493=CARTESIAN_POINT('',(-0.375925,-0.0245,0.));
#9494=CARTESIAN_POINT('',(-0.350325,-0.0245,0.));
#9495=CARTESIAN_POINT('',(-0.337825,-0.0245,0.));
#9496=CARTESIAN_POINT('',(-0.312224999999996,-0.0245,0.));
#9497=CARTESIAN_POINT('',(-0.299724999999996,-0.0245,0.));
#9498=CARTESIAN_POINT('',(-0.274124999999996,-0.0245,0.));
#9499=CARTESIAN_POINT('',(-0.261624999999996,-0.0245,0.));
#9500=CARTESIAN_POINT('',(-0.311225,-0.141,0.));
#9501=CARTESIAN_POINT('',(-0.311225,-0.196,0.));
#9502=CARTESIAN_POINT('',(-0.311225,-0.086,0.));
#9503=CARTESIAN_POINT('',(-0.312225,-0.196,0.));
#9504=CARTESIAN_POINT('',(-0.313225,-0.196,0.));
#9505=CARTESIAN_POINT('',(-0.313225,-0.141,0.));
#9506=CARTESIAN_POINT('',(-0.313225,-0.086,0.));
#9507=CARTESIAN_POINT('',(-0.312225,-0.086,0.));
#9508=CARTESIAN_POINT('',(-0.312224999999996,-0.201,0.));
#9509=CARTESIAN_POINT('',(-0.309549999999996,-0.201,0.));
#9510=CARTESIAN_POINT('',(-0.312224999999996,-0.081,0.));
#9511=CARTESIAN_POINT('',(-0.309549999999996,-0.081,0.));
#9512=CARTESIAN_POINT('',(-0.349325,-0.141,0.));
#9513=CARTESIAN_POINT('',(-0.349325,-0.196,0.));
#9514=CARTESIAN_POINT('',(-0.349325,-0.086,0.));
#9515=CARTESIAN_POINT('',(-0.350325,-0.196,0.));
#9516=CARTESIAN_POINT('',(-0.351325,-0.196,0.));
#9517=CARTESIAN_POINT('',(-0.351325,-0.141,0.));
#9518=CARTESIAN_POINT('',(-0.351325,-0.086,0.));
#9519=CARTESIAN_POINT('',(-0.350325,-0.086,0.));
#9520=CARTESIAN_POINT('',(-0.350325,-0.201,0.));
#9521=CARTESIAN_POINT('',(-0.34765,-0.201,0.));
#9522=CARTESIAN_POINT('',(-0.350325,-0.081,0.));
#9523=CARTESIAN_POINT('',(-0.34765,-0.081,0.));
#9524=CARTESIAN_POINT('',(-0.387425,-0.141,0.));
#9525=CARTESIAN_POINT('',(-0.387425,-0.196,0.));
#9526=CARTESIAN_POINT('',(-0.387425,-0.086,0.));
#9527=CARTESIAN_POINT('',(-0.388425,-0.196,0.));
#9528=CARTESIAN_POINT('',(-0.389425,-0.196,0.));
#9529=CARTESIAN_POINT('',(-0.389425,-0.141,0.));
#9530=CARTESIAN_POINT('',(-0.389425,-0.086,0.));
#9531=CARTESIAN_POINT('',(-0.388425,-0.086,0.));
#9532=CARTESIAN_POINT('',(-0.388425,-0.201,0.));
#9533=CARTESIAN_POINT('',(-0.38575,-0.201,0.));
#9534=CARTESIAN_POINT('',(-0.388425,-0.081,0.));
#9535=CARTESIAN_POINT('',(-0.38575,-0.081,0.));
#9536=CARTESIAN_POINT('',(-0.261124999999996,-0.0505,-2.16840434497101E-19));
#9537=CARTESIAN_POINT('',(-0.259124999999996,-0.0505,0.));
#9538=CARTESIAN_POINT('',(-0.261124999999996,-0.0485,0.));
#9539=CARTESIAN_POINT('',(-0.259124999999996,-0.124775,0.));
#9540=CARTESIAN_POINT('',(-0.259124999999996,-0.0625,0.));
#9541=CARTESIAN_POINT('',(-0.261124999999996,-0.0625,-2.16840434497101E-19));
#9542=CARTESIAN_POINT('',(-0.261124999999996,-0.0645,0.));
#9543=CARTESIAN_POINT('',(-0.409952,-0.0645,0.));
#9544=CARTESIAN_POINT('',(-0.287124999999996,-0.0645,0.));
#9545=CARTESIAN_POINT('',(-0.287124999999996,-0.0625,-2.16840434497101E-19));
#9546=CARTESIAN_POINT('',(-0.289124999999996,-0.0625,0.));
#9547=CARTESIAN_POINT('',(-0.289124999999996,-0.0495,0.));
#9548=CARTESIAN_POINT('',(-0.289124999999996,-0.0505,0.));
#9549=CARTESIAN_POINT('',(-0.287124999999996,-0.0505,-2.16840434497101E-19));
#9550=CARTESIAN_POINT('',(-0.287124999999996,-0.0485,0.));
#9551=CARTESIAN_POINT('',(-0.260124999999996,-0.0485,0.));
#9552=CARTESIAN_POINT('',(-0.299224999999996,-0.0505,-2.16840434497101E-19));
#9553=CARTESIAN_POINT('',(-0.297224999999996,-0.0505,0.));
#9554=CARTESIAN_POINT('',(-0.299224999999996,-0.0485,0.));
#9555=CARTESIAN_POINT('',(-0.297224999999996,-0.124775,0.));
#9556=CARTESIAN_POINT('',(-0.297224999999996,-0.0625,0.));
#9557=CARTESIAN_POINT('',(-0.299224999999996,-0.0625,-2.16840434497101E-19));
#9558=CARTESIAN_POINT('',(-0.299224999999996,-0.0645,0.));
#9559=CARTESIAN_POINT('',(-0.409952,-0.0645,0.));
#9560=CARTESIAN_POINT('',(-0.325224999999996,-0.0645,0.));
#9561=CARTESIAN_POINT('',(-0.325224999999996,-0.0625,-2.16840434497101E-19));
#9562=CARTESIAN_POINT('',(-0.327224999999996,-0.0625,0.));
#9563=CARTESIAN_POINT('',(-0.327224999999996,-0.0495,0.));
#9564=CARTESIAN_POINT('',(-0.327224999999996,-0.0505,0.));
#9565=CARTESIAN_POINT('',(-0.325224999999996,-0.0505,-2.16840434497101E-19));
#9566=CARTESIAN_POINT('',(-0.325224999999996,-0.0485,0.));
#9567=CARTESIAN_POINT('',(-0.298224999999996,-0.0485,0.));
#9568=CARTESIAN_POINT('',(-0.337324999999996,-0.0505,-2.16840434497101E-19));
#9569=CARTESIAN_POINT('',(-0.335324999999996,-0.0505,0.));
#9570=CARTESIAN_POINT('',(-0.337324999999996,-0.0485,0.));
#9571=CARTESIAN_POINT('',(-0.335324999999996,-0.124775,0.));
#9572=CARTESIAN_POINT('',(-0.335324999999996,-0.0625,0.));
#9573=CARTESIAN_POINT('',(-0.337324999999996,-0.0625,-2.16840434497101E-19));
#9574=CARTESIAN_POINT('',(-0.337324999999996,-0.0645,0.));
#9575=CARTESIAN_POINT('',(-0.409952,-0.0645,0.));
#9576=CARTESIAN_POINT('',(-0.363325,-0.0645,0.));
#9577=CARTESIAN_POINT('',(-0.363325,-0.0625,-2.16840434497101E-19));
#9578=CARTESIAN_POINT('',(-0.365325,-0.0625,0.));
#9579=CARTESIAN_POINT('',(-0.365325,-0.0495,0.));
#9580=CARTESIAN_POINT('',(-0.365325,-0.0505,0.));
#9581=CARTESIAN_POINT('',(-0.363325,-0.0505,-2.16840434497101E-19));
#9582=CARTESIAN_POINT('',(-0.363325,-0.0485,0.));
#9583=CARTESIAN_POINT('',(-0.336324999999996,-0.0485,0.));
#9584=CARTESIAN_POINT('',(-0.375425,-0.0505,-2.16840434497101E-19));
#9585=CARTESIAN_POINT('',(-0.373425,-0.0505,0.));
#9586=CARTESIAN_POINT('',(-0.375425,-0.0485,0.));
#9587=CARTESIAN_POINT('',(-0.373425,-0.124775,0.));
#9588=CARTESIAN_POINT('',(-0.373425,-0.0625,0.));
#9589=CARTESIAN_POINT('',(-0.375425,-0.0625,-2.16840434497101E-19));
#9590=CARTESIAN_POINT('',(-0.375425,-0.0645,0.));
#9591=CARTESIAN_POINT('',(-0.409952,-0.0645,0.));
#9592=CARTESIAN_POINT('',(-0.401425,-0.0645,0.));
#9593=CARTESIAN_POINT('',(-0.401425,-0.0625,-2.16840434497101E-19));
#9594=CARTESIAN_POINT('',(-0.403425,-0.0625,0.));
#9595=CARTESIAN_POINT('',(-0.403425,-0.0495,0.));
#9596=CARTESIAN_POINT('',(-0.403425,-0.0505,0.));
#9597=CARTESIAN_POINT('',(-0.401425,-0.0505,-2.16840434497101E-19));
#9598=CARTESIAN_POINT('',(-0.401425,-0.0485,0.));
#9599=CARTESIAN_POINT('',(-0.374425,-0.0485,0.));
#9600=CARTESIAN_POINT('',(-0.409952,-0.24955,-2.08166817117217E-17));
#9601=CARTESIAN_POINT('',(-0.401926303202182,-0.24955,-2.08166817117217E-17));
#9602=CARTESIAN_POINT('',(-0.409952,1.04083408558608E-17,1.66533453693773E-16));
#9603=CARTESIAN_POINT('',(-0.402060778258626,1.04083408558608E-17,1.66533453693773E-16));
#9604=CARTESIAN_POINT('',(-0.401905646518344,-0.00813880375122823,0.));
#9605=CARTESIAN_POINT('',(-0.40995,-0.00798185057996124,0.));
#9606=CARTESIAN_POINT('',(-0.40995,-0.124775,0.));
#9607=CARTESIAN_POINT('',(-0.40995,-0.241568149420038,0.));
#9608=CARTESIAN_POINT('',(-0.401905646518344,-0.2415476004676,0.));
#9609=CARTESIAN_POINT('',(-0.409952,1.04083408558608E-17,1.66533453693773E-16));
#9610=CARTESIAN_POINT('',(-0.409952,-0.00832096815880068,-0.0444761898317354));
#9611=CARTESIAN_POINT('',(-0.397370889330295,-0.00832096815880068,-0.0444761898317354));
#9612=CARTESIAN_POINT('',(-0.402144653205065,0.000148813920607984,0.00079542140484773));
#9613=CARTESIAN_POINT('',(-0.409952,-0.24955,-2.08166817117217E-17));
#9614=CARTESIAN_POINT('',(-0.409952,-0.248934452895147,-0.0251301694071279));
#9615=CARTESIAN_POINT('',(-0.399276397629887,-0.248934452895147,-0.0251301694071279));
#9616=CARTESIAN_POINT('',(-0.402014508114332,-0.249570489136999,0.00083648429138503));
#9617=CARTESIAN_POINT('',(-0.409952,-0.127580049088359,-0.0348874146306644));
#9618=CARTESIAN_POINT('',(-0.252,-0.0115282444343388,-0.0442183155384392));
#9619=CARTESIAN_POINT('',(-0.252,-0.0115282444343388,-0.0442183155384392));
#9620=CARTESIAN_POINT('',(-0.252,-0.0129314278048867,-0.0441054955351221));
#9621=CARTESIAN_POINT('',(-0.252,-0.0143346111754347,-0.043992675531805));
#9622=CARTESIAN_POINT('',(-0.256126999999996,-0.0143346111754347,-0.043992675531805));
#9623=CARTESIAN_POINT('',(-0.256124999999996,-0.0143346111754347,-0.043992675531805));
#9624=CARTESIAN_POINT('',(-0.256124999999996,-0.0114280170507282,-0.0442263741101047));
#9625=CARTESIAN_POINT('',(-0.397283737884504,-0.016339158847646,-0.0438315040984949));
#9626=CARTESIAN_POINT('',(-0.402310639454651,-0.0162425168460307,-0.0438392743950732));
#9627=CARTESIAN_POINT('',(-0.403255066138887,-0.12763646273266,-0.0348828788104211));
#9628=CARTESIAN_POINT('',(-0.404215590679542,-0.240929130644889,-0.0257738204806691));
#9629=CARTESIAN_POINT('',(-0.399187760651558,-0.240916262206301,-0.0257748551403684));
#9630=CARTESIAN_POINT('',(-0.256124999999996,-0.245827404003219,-0.0253799851287586));
#9631=CARTESIAN_POINT('',(-0.256124999999996,-0.242920809878513,-0.0256136837070583));
#9632=CARTESIAN_POINT('',(-0.256126999999996,-0.242920809878513,-0.0256136837070583));
#9633=CARTESIAN_POINT('',(-0.252,-0.242920809878513,-0.0256136837070583));
#9634=CARTESIAN_POINT('',(-0.252,-0.24432399324906,-0.0255008637037412));
#9635=CARTESIAN_POINT('',(-0.252,-0.245727176619608,-0.0253880437004241));
#9636=CARTESIAN_POINT('',(-0.252,-0.245727176619608,-0.0253880437004241));
#9637=CARTESIAN_POINT('',(-0.399187760651558,-0.240916262206301,-0.0257748551403684));
#9638=CARTESIAN_POINT('',(-0.407232288696332,-0.240936851708041,-0.0257731996848496));
#9639=CARTESIAN_POINT('',(-0.406271483264494,-0.127611053032293,-0.0348849218238575));
#9640=CARTESIAN_POINT('',(-0.405326780396739,-0.0161845316450614,-0.0438439365730201));
#9641=CARTESIAN_POINT('',(-0.397283737884504,-0.016339158847646,-0.0438315040984949));
#9642=CARTESIAN_POINT('',(-0.406966540850079,-0.124775,0.000314597362954395));
#9643=CARTESIAN_POINT('',(-0.407749500528952,-0.21815095442255,0.00773973340354916));
#9644=CARTESIAN_POINT('',(-0.404466842453394,-0.220653963043903,-0.0233910942028824));
#9645=CARTESIAN_POINT('',(-0.405515043374877,-0.219854715640429,-0.0134505638666464));
#9646=CARTESIAN_POINT('',(-0.405362888294049,-0.201908214209377,-0.0148935145126412));
#9647=CARTESIAN_POINT('',(-0.405362925619397,-0.201912616687516,-0.0148931605406597));
#9648=CARTESIAN_POINT('',(-0.404315097177034,-0.202711580077722,-0.0248301585007029));
#9649=CARTESIAN_POINT('',(-0.404314724697915,-0.20271186409099,-0.0248336908768956));
#9650=CARTESIAN_POINT('',(-0.403675467925011,-0.127312327465014,-0.0308960318016797));
#9651=CARTESIAN_POINT('',(-0.406986940030861,-0.241572887949894,0.000508051376617736));
#9652=CARTESIAN_POINT('',(-0.407117085121593,-0.00771474956565276,0.00174227202651742));
#9653=CARTESIAN_POINT('',(-0.406350623825139,-0.0513205915535826,-0.00552640291242639));
#9654=CARTESIAN_POINT('',(-0.403052511394484,-0.0538353840351962,-0.0368037906701761));
#9655=CARTESIAN_POINT('',(-0.404100712315966,-0.0530361366317226,-0.0268632603339403));
#9656=CARTESIAN_POINT('',(-0.403948557235138,-0.0350896352006707,-0.0283062109799351));
#9657=CARTESIAN_POINT('',(-0.403948594560486,-0.0350940376788095,-0.0283058570079535));
#9658=CARTESIAN_POINT('',(-0.402900766118123,-0.0358930010690156,-0.0382428549679967));
#9659=CARTESIAN_POINT('',(-0.402900393639004,-0.035893285082283,-0.0382463873441894));
#9660=CARTESIAN_POINT('',(-0.403675467925011,-0.127312327465014,-0.0308960318016797));
#9661=CARTESIAN_POINT('',(-0.407049993475555,-0.134727579632318,0.00110601372042906));
#9662=CARTESIAN_POINT('',(-0.403759607463457,-0.137236480762529,-0.0300981011595088));
#9663=CARTESIAN_POINT('',(-0.404807808384939,-0.136437233359055,-0.0201575708232729));
#9664=CARTESIAN_POINT('',(-0.404655653304111,-0.118490731928003,-0.0216005214692677));
#9665=CARTESIAN_POINT('',(-0.404655690629459,-0.118495134406142,-0.021600167497286));
#9666=CARTESIAN_POINT('',(-0.403607862187095,-0.119294097796348,-0.0315371654573293));
#9667=CARTESIAN_POINT('',(-0.403607489707977,-0.119294381809616,-0.031540697833522));
#9668=CARTESIAN_POINT('',(-0.403675467925011,-0.127312327465014,-0.0308960318016797));
#9669=CARTESIAN_POINT('',(-0.204975,-0.124775,-0.005));
#9670=CARTESIAN_POINT('',(-0.388425,-0.0245,-0.005));
#9671=CARTESIAN_POINT('',(-0.392175,-0.0245,-0.005));
#9672=CARTESIAN_POINT('',(-0.39205,-0.031425,-0.005));
#9673=CARTESIAN_POINT('',(-0.382425,-0.031425,-0.005));
#9674=CARTESIAN_POINT('',(-0.387175,-0.031425,-0.005));
#9675=CARTESIAN_POINT('',(-0.387175,-0.030825,-0.005));
#9676=CARTESIAN_POINT('',(-0.387175,-0.030225,-0.005));
#9677=CARTESIAN_POINT('',(-0.388425,-0.030225,-0.005));
#9678=CARTESIAN_POINT('',(-0.389675,-0.030225,-0.005));
#9679=CARTESIAN_POINT('',(-0.389675,-0.030825,-0.005));
#9680=CARTESIAN_POINT('',(-0.389675,-0.031425,-0.005));
#9681=CARTESIAN_POINT('',(-0.39205,-0.031425,-0.005));
#9682=CARTESIAN_POINT('',(-0.394425,-0.031425,-0.005));
#9683=CARTESIAN_POINT('',(-0.394425,-0.0245,-0.005));
#9684=CARTESIAN_POINT('',(-0.394425,-0.017575,-0.005));
#9685=CARTESIAN_POINT('',(-0.388425,-0.017575,-0.005));
#9686=CARTESIAN_POINT('',(-0.382425,-0.017575,-0.005));
#9687=CARTESIAN_POINT('',(-0.382425,-0.0245,-0.005));
#9688=CARTESIAN_POINT('',(-0.204975,-0.124775,-0.005));
#9689=CARTESIAN_POINT('',(-0.350325,-0.0245,-0.005));
#9690=CARTESIAN_POINT('',(-0.354075,-0.0245,-0.005));
#9691=CARTESIAN_POINT('',(-0.35395,-0.031425,-0.005));
#9692=CARTESIAN_POINT('',(-0.344324999999996,-0.031425,-0.005));
#9693=CARTESIAN_POINT('',(-0.349074999999996,-0.031425,-0.005));
#9694=CARTESIAN_POINT('',(-0.349074999999996,-0.030825,-0.005));
#9695=CARTESIAN_POINT('',(-0.349074999999996,-0.030225,-0.005));
#9696=CARTESIAN_POINT('',(-0.350325,-0.030225,-0.005));
#9697=CARTESIAN_POINT('',(-0.351575,-0.030225,-0.005));
#9698=CARTESIAN_POINT('',(-0.351575,-0.030825,-0.005));
#9699=CARTESIAN_POINT('',(-0.351575,-0.031425,-0.005));
#9700=CARTESIAN_POINT('',(-0.35395,-0.031425,-0.005));
#9701=CARTESIAN_POINT('',(-0.356325,-0.031425,-0.005));
#9702=CARTESIAN_POINT('',(-0.356325,-0.0245,-0.005));
#9703=CARTESIAN_POINT('',(-0.356325,-0.017575,-0.005));
#9704=CARTESIAN_POINT('',(-0.350325,-0.017575,-0.005));
#9705=CARTESIAN_POINT('',(-0.344324999999996,-0.017575,-0.005));
#9706=CARTESIAN_POINT('',(-0.344324999999996,-0.0245,-0.005));
#9707=CARTESIAN_POINT('',(-0.204975,-0.124775,-0.005));
#9708=CARTESIAN_POINT('',(-0.312224999999996,-0.0245,-0.005));
#9709=CARTESIAN_POINT('',(-0.315974999999996,-0.0245,-0.005));
#9710=CARTESIAN_POINT('',(-0.315849999999996,-0.031425,-0.005));
#9711=CARTESIAN_POINT('',(-0.306224999999996,-0.031425,-0.005));
#9712=CARTESIAN_POINT('',(-0.310974999999996,-0.031425,-0.005));
#9713=CARTESIAN_POINT('',(-0.310974999999996,-0.030825,-0.005));
#9714=CARTESIAN_POINT('',(-0.310974999999996,-0.030225,-0.005));
#9715=CARTESIAN_POINT('',(-0.312224999999996,-0.030225,-0.005));
#9716=CARTESIAN_POINT('',(-0.313474999999996,-0.030225,-0.005));
#9717=CARTESIAN_POINT('',(-0.313474999999996,-0.030825,-0.005));
#9718=CARTESIAN_POINT('',(-0.313474999999996,-0.031425,-0.005));
#9719=CARTESIAN_POINT('',(-0.315849999999996,-0.031425,-0.005));
#9720=CARTESIAN_POINT('',(-0.318224999999996,-0.031425,-0.005));
#9721=CARTESIAN_POINT('',(-0.318224999999996,-0.0245,-0.005));
#9722=CARTESIAN_POINT('',(-0.318224999999996,-0.017575,-0.005));
#9723=CARTESIAN_POINT('',(-0.312224999999996,-0.017575,-0.005));
#9724=CARTESIAN_POINT('',(-0.306224999999996,-0.017575,-0.005));
#9725=CARTESIAN_POINT('',(-0.306224999999996,-0.0245,-0.005));
#9726=CARTESIAN_POINT('',(-0.387175,-0.030825,-0.003));
#9727=CARTESIAN_POINT('',(-0.387175,-0.031425,-0.003));
#9728=CARTESIAN_POINT('',(-0.387175,-0.031425,-0.003));
#9729=CARTESIAN_POINT('',(-0.387175,-0.030825,-0.003));
#9730=CARTESIAN_POINT('',(-0.387175,-0.030225,-0.003));
#9731=CARTESIAN_POINT('',(-0.387175,-0.030225,-0.003));
#9732=CARTESIAN_POINT('',(-0.389675,-0.030825,-0.003));
#9733=CARTESIAN_POINT('',(-0.389675,-0.030225,-0.003));
#9734=CARTESIAN_POINT('',(-0.389675,-0.030225,-0.003));
#9735=CARTESIAN_POINT('',(-0.389675,-0.030825,-0.003));
#9736=CARTESIAN_POINT('',(-0.389675,-0.031425,-0.003));
#9737=CARTESIAN_POINT('',(-0.389675,-0.031425,-0.003));
#9738=CARTESIAN_POINT('',(-0.388425,-0.030225,-0.003));
#9739=CARTESIAN_POINT('',(-0.388425,-0.030225,-0.003));
#9740=CARTESIAN_POINT('',(-0.388425,-0.0245,-0.003));
#9741=CARTESIAN_POINT('',(-0.388425,-0.031425,-0.003));
#9742=CARTESIAN_POINT('',(-0.396425,-0.0245,-0.007));
#9743=CARTESIAN_POINT('',(-0.396425,-0.0245,-0.005));
#9744=CARTESIAN_POINT('',(-0.396425,-0.015575,-0.005));
#9745=CARTESIAN_POINT('',(-0.396425,-0.033425,-0.005));
#9746=CARTESIAN_POINT('',(-0.396425,-0.015575,-0.007));
#9747=CARTESIAN_POINT('',(-0.396425,-0.015575,-0.007));
#9748=CARTESIAN_POINT('',(-0.396425,-0.0245,-0.007));
#9749=CARTESIAN_POINT('',(-0.396425,-0.033425,-0.007));
#9750=CARTESIAN_POINT('',(-0.396425,-0.033425,-0.007));
#9751=CARTESIAN_POINT('',(-0.388425,-0.015575,-0.007));
#9752=CARTESIAN_POINT('',(-0.388425,-0.015575,-0.005));
#9753=CARTESIAN_POINT('',(-0.380425,-0.015575,-0.005));
#9754=CARTESIAN_POINT('',(-0.380425,-0.015575,-0.007));
#9755=CARTESIAN_POINT('',(-0.380425,-0.015575,-0.007));
#9756=CARTESIAN_POINT('',(-0.388425,-0.015575,-0.007));
#9757=CARTESIAN_POINT('',(-0.380425,-0.0245,-0.007));
#9758=CARTESIAN_POINT('',(-0.380425,-0.0245,-0.005));
#9759=CARTESIAN_POINT('',(-0.380425,-0.033425,-0.005));
#9760=CARTESIAN_POINT('',(-0.380425,-0.033425,-0.007));
#9761=CARTESIAN_POINT('',(-0.380425,-0.033425,-0.007));
#9762=CARTESIAN_POINT('',(-0.380425,-0.0245,-0.007));
#9763=CARTESIAN_POINT('',(-0.388425,-0.033425,-0.007));
#9764=CARTESIAN_POINT('',(-0.388425,-0.033425,-0.005));
#9765=CARTESIAN_POINT('',(-0.388425,-0.033425,-0.007));
#9766=CARTESIAN_POINT('',(-0.39205,-0.031425,-0.007));
#9767=CARTESIAN_POINT('',(-0.382425,-0.031425,-0.007));
#9768=CARTESIAN_POINT('',(-0.382425,-0.031425,-0.007));
#9769=CARTESIAN_POINT('',(-0.39205,-0.031425,-0.007));
#9770=CARTESIAN_POINT('',(-0.394425,-0.031425,-0.007));
#9771=CARTESIAN_POINT('',(-0.394425,-0.031425,-0.007));
#9772=CARTESIAN_POINT('',(-0.382425,-0.0245,-0.007));
#9773=CARTESIAN_POINT('',(-0.382425,-0.017575,-0.007));
#9774=CARTESIAN_POINT('',(-0.382425,-0.017575,-0.007));
#9775=CARTESIAN_POINT('',(-0.382425,-0.0245,-0.007));
#9776=CARTESIAN_POINT('',(-0.388425,-0.017575,-0.007));
#9777=CARTESIAN_POINT('',(-0.394425,-0.017575,-0.007));
#9778=CARTESIAN_POINT('',(-0.394425,-0.017575,-0.007));
#9779=CARTESIAN_POINT('',(-0.388425,-0.017575,-0.007));
#9780=CARTESIAN_POINT('',(-0.394425,-0.0245,-0.007));
#9781=CARTESIAN_POINT('',(-0.394425,-0.0245,-0.007));
#9782=CARTESIAN_POINT('',(-0.388425,-0.0245,-0.007));
#9783=CARTESIAN_POINT('',(-0.388425,-0.0245,0.02));
#9784=CARTESIAN_POINT('',(-0.388425,-0.0245,-0.002));
#9785=CARTESIAN_POINT('',(-0.384675,-0.0245,-0.002));
#9786=CARTESIAN_POINT('',(-0.349074999999996,-0.030825,-0.003));
#9787=CARTESIAN_POINT('',(-0.349074999999996,-0.031425,-0.003));
#9788=CARTESIAN_POINT('',(-0.349074999999996,-0.031425,-0.003));
#9789=CARTESIAN_POINT('',(-0.349074999999996,-0.030825,-0.003));
#9790=CARTESIAN_POINT('',(-0.349074999999996,-0.030225,-0.003));
#9791=CARTESIAN_POINT('',(-0.349074999999996,-0.030225,-0.003));
#9792=CARTESIAN_POINT('',(-0.351575,-0.030825,-0.003));
#9793=CARTESIAN_POINT('',(-0.351575,-0.030225,-0.003));
#9794=CARTESIAN_POINT('',(-0.351575,-0.030225,-0.003));
#9795=CARTESIAN_POINT('',(-0.351575,-0.030825,-0.003));
#9796=CARTESIAN_POINT('',(-0.351575,-0.031425,-0.003));
#9797=CARTESIAN_POINT('',(-0.351575,-0.031425,-0.003));
#9798=CARTESIAN_POINT('',(-0.350325,-0.030225,-0.003));
#9799=CARTESIAN_POINT('',(-0.350325,-0.030225,-0.003));
#9800=CARTESIAN_POINT('',(-0.350325,-0.0245,-0.003));
#9801=CARTESIAN_POINT('',(-0.350325,-0.031425,-0.003));
#9802=CARTESIAN_POINT('',(-0.358325,-0.0245,-0.007));
#9803=CARTESIAN_POINT('',(-0.358325,-0.0245,-0.005));
#9804=CARTESIAN_POINT('',(-0.358325,-0.015575,-0.005));
#9805=CARTESIAN_POINT('',(-0.358325,-0.033425,-0.005));
#9806=CARTESIAN_POINT('',(-0.358325,-0.015575,-0.007));
#9807=CARTESIAN_POINT('',(-0.358325,-0.015575,-0.007));
#9808=CARTESIAN_POINT('',(-0.358325,-0.0245,-0.007));
#9809=CARTESIAN_POINT('',(-0.358325,-0.033425,-0.007));
#9810=CARTESIAN_POINT('',(-0.358325,-0.033425,-0.007));
#9811=CARTESIAN_POINT('',(-0.350325,-0.015575,-0.007));
#9812=CARTESIAN_POINT('',(-0.350325,-0.015575,-0.005));
#9813=CARTESIAN_POINT('',(-0.342324999999996,-0.015575,-0.005));
#9814=CARTESIAN_POINT('',(-0.342324999999996,-0.015575,-0.007));
#9815=CARTESIAN_POINT('',(-0.342324999999996,-0.015575,-0.007));
#9816=CARTESIAN_POINT('',(-0.350325,-0.015575,-0.007));
#9817=CARTESIAN_POINT('',(-0.342324999999996,-0.0245,-0.007));
#9818=CARTESIAN_POINT('',(-0.342324999999996,-0.0245,-0.005));
#9819=CARTESIAN_POINT('',(-0.342324999999996,-0.033425,-0.005));
#9820=CARTESIAN_POINT('',(-0.342324999999996,-0.033425,-0.007));
#9821=CARTESIAN_POINT('',(-0.342324999999996,-0.033425,-0.007));
#9822=CARTESIAN_POINT('',(-0.342324999999996,-0.0245,-0.007));
#9823=CARTESIAN_POINT('',(-0.350325,-0.033425,-0.007));
#9824=CARTESIAN_POINT('',(-0.350325,-0.033425,-0.005));
#9825=CARTESIAN_POINT('',(-0.350325,-0.033425,-0.007));
#9826=CARTESIAN_POINT('',(-0.35395,-0.031425,-0.007));
#9827=CARTESIAN_POINT('',(-0.344324999999996,-0.031425,-0.007));
#9828=CARTESIAN_POINT('',(-0.344324999999996,-0.031425,-0.007));
#9829=CARTESIAN_POINT('',(-0.35395,-0.031425,-0.007));
#9830=CARTESIAN_POINT('',(-0.356325,-0.031425,-0.007));
#9831=CARTESIAN_POINT('',(-0.356325,-0.031425,-0.007));
#9832=CARTESIAN_POINT('',(-0.344324999999996,-0.0245,-0.007));
#9833=CARTESIAN_POINT('',(-0.344324999999996,-0.017575,-0.007));
#9834=CARTESIAN_POINT('',(-0.344324999999996,-0.017575,-0.007));
#9835=CARTESIAN_POINT('',(-0.344324999999996,-0.0245,-0.007));
#9836=CARTESIAN_POINT('',(-0.350325,-0.017575,-0.007));
#9837=CARTESIAN_POINT('',(-0.356325,-0.017575,-0.007));
#9838=CARTESIAN_POINT('',(-0.356325,-0.017575,-0.007));
#9839=CARTESIAN_POINT('',(-0.350325,-0.017575,-0.007));
#9840=CARTESIAN_POINT('',(-0.356325,-0.0245,-0.007));
#9841=CARTESIAN_POINT('',(-0.356325,-0.0245,-0.007));
#9842=CARTESIAN_POINT('',(-0.350325,-0.0245,-0.007));
#9843=CARTESIAN_POINT('',(-0.350325,-0.0245,0.02));
#9844=CARTESIAN_POINT('',(-0.350325,-0.0245,-0.002));
#9845=CARTESIAN_POINT('',(-0.346575,-0.0245,-0.002));
#9846=CARTESIAN_POINT('',(-0.310974999999996,-0.030825,-0.003));
#9847=CARTESIAN_POINT('',(-0.310974999999996,-0.031425,-0.003));
#9848=CARTESIAN_POINT('',(-0.310974999999996,-0.031425,-0.003));
#9849=CARTESIAN_POINT('',(-0.310974999999996,-0.030825,-0.003));
#9850=CARTESIAN_POINT('',(-0.310974999999996,-0.030225,-0.003));
#9851=CARTESIAN_POINT('',(-0.310974999999996,-0.030225,-0.003));
#9852=CARTESIAN_POINT('',(-0.313474999999996,-0.030825,-0.003));
#9853=CARTESIAN_POINT('',(-0.313474999999996,-0.030225,-0.003));
#9854=CARTESIAN_POINT('',(-0.313474999999996,-0.030225,-0.003));
#9855=CARTESIAN_POINT('',(-0.313474999999996,-0.030825,-0.003));
#9856=CARTESIAN_POINT('',(-0.313474999999996,-0.031425,-0.003));
#9857=CARTESIAN_POINT('',(-0.313474999999996,-0.031425,-0.003));
#9858=CARTESIAN_POINT('',(-0.312224999999996,-0.030225,-0.003));
#9859=CARTESIAN_POINT('',(-0.312224999999996,-0.030225,-0.003));
#9860=CARTESIAN_POINT('',(-0.312224999999996,-0.0245,-0.003));
#9861=CARTESIAN_POINT('',(-0.312224999999996,-0.031425,-0.003));
#9862=CARTESIAN_POINT('',(-0.320224999999996,-0.0245,-0.007));
#9863=CARTESIAN_POINT('',(-0.320224999999996,-0.0245,-0.005));
#9864=CARTESIAN_POINT('',(-0.320224999999996,-0.015575,-0.005));
#9865=CARTESIAN_POINT('',(-0.320224999999996,-0.033425,-0.005));
#9866=CARTESIAN_POINT('',(-0.320224999999996,-0.015575,-0.007));
#9867=CARTESIAN_POINT('',(-0.320224999999996,-0.015575,-0.007));
#9868=CARTESIAN_POINT('',(-0.320224999999996,-0.0245,-0.007));
#9869=CARTESIAN_POINT('',(-0.320224999999996,-0.033425,-0.007));
#9870=CARTESIAN_POINT('',(-0.320224999999996,-0.033425,-0.007));
#9871=CARTESIAN_POINT('',(-0.312224999999996,-0.015575,-0.007));
#9872=CARTESIAN_POINT('',(-0.312224999999996,-0.015575,-0.005));
#9873=CARTESIAN_POINT('',(-0.304224999999996,-0.015575,-0.005));
#9874=CARTESIAN_POINT('',(-0.304224999999996,-0.015575,-0.007));
#9875=CARTESIAN_POINT('',(-0.304224999999996,-0.015575,-0.007));
#9876=CARTESIAN_POINT('',(-0.312224999999996,-0.015575,-0.007));
#9877=CARTESIAN_POINT('',(-0.304224999999996,-0.0245,-0.007));
#9878=CARTESIAN_POINT('',(-0.304224999999996,-0.0245,-0.005));
#9879=CARTESIAN_POINT('',(-0.304224999999996,-0.033425,-0.005));
#9880=CARTESIAN_POINT('',(-0.304224999999996,-0.033425,-0.007));
#9881=CARTESIAN_POINT('',(-0.304224999999996,-0.033425,-0.007));
#9882=CARTESIAN_POINT('',(-0.304224999999996,-0.0245,-0.007));
#9883=CARTESIAN_POINT('',(-0.312224999999996,-0.033425,-0.007));
#9884=CARTESIAN_POINT('',(-0.312224999999996,-0.033425,-0.005));
#9885=CARTESIAN_POINT('',(-0.312224999999996,-0.033425,-0.007));
#9886=CARTESIAN_POINT('',(-0.315849999999996,-0.031425,-0.007));
#9887=CARTESIAN_POINT('',(-0.306224999999996,-0.031425,-0.007));
#9888=CARTESIAN_POINT('',(-0.306224999999996,-0.031425,-0.007));
#9889=CARTESIAN_POINT('',(-0.315849999999996,-0.031425,-0.007));
#9890=CARTESIAN_POINT('',(-0.318224999999996,-0.031425,-0.007));
#9891=CARTESIAN_POINT('',(-0.318224999999996,-0.031425,-0.007));
#9892=CARTESIAN_POINT('',(-0.306224999999996,-0.0245,-0.007));
#9893=CARTESIAN_POINT('',(-0.306224999999996,-0.017575,-0.007));
#9894=CARTESIAN_POINT('',(-0.306224999999996,-0.017575,-0.007));
#9895=CARTESIAN_POINT('',(-0.306224999999996,-0.0245,-0.007));
#9896=CARTESIAN_POINT('',(-0.312224999999996,-0.017575,-0.007));
#9897=CARTESIAN_POINT('',(-0.318224999999996,-0.017575,-0.007));
#9898=CARTESIAN_POINT('',(-0.318224999999996,-0.017575,-0.007));
#9899=CARTESIAN_POINT('',(-0.312224999999996,-0.017575,-0.007));
#9900=CARTESIAN_POINT('',(-0.318224999999996,-0.0245,-0.007));
#9901=CARTESIAN_POINT('',(-0.318224999999996,-0.0245,-0.007));
#9902=CARTESIAN_POINT('',(-0.312224999999996,-0.0245,-0.007));
#9903=CARTESIAN_POINT('',(-0.312224999999996,-0.0245,0.02));
#9904=CARTESIAN_POINT('',(-0.312224999999996,-0.0245,-0.002));
#9905=CARTESIAN_POINT('',(-0.308474999999997,-0.0245,-0.002));
#9906=CARTESIAN_POINT('',(-0.204975,-0.124775,-0.005));
#9907=CARTESIAN_POINT('',(-0.274124999999996,-0.015575,-0.005));
#9908=CARTESIAN_POINT('',(-0.266124999999996,-0.015575,-0.005));
#9909=CARTESIAN_POINT('',(-0.282124999999996,-0.015575,-0.005));
#9910=CARTESIAN_POINT('',(-0.282124999999996,-0.0245,-0.005));
#9911=CARTESIAN_POINT('',(-0.282124999999996,-0.033425,-0.005));
#9912=CARTESIAN_POINT('',(-0.274124999999996,-0.033425,-0.005));
#9913=CARTESIAN_POINT('',(-0.266124999999996,-0.033425,-0.005));
#9914=CARTESIAN_POINT('',(-0.266124999999996,-0.0245,-0.005));
#9915=CARTESIAN_POINT('',(-0.274124999999996,-0.0245,-0.005));
#9916=CARTESIAN_POINT('',(-0.258624999999996,-0.0245,-0.005));
#9917=CARTESIAN_POINT('',(-0.388425,-0.081,-0.00165));
#9918=CARTESIAN_POINT('',(-0.388425,-0.081,-0.0005));
#9919=CARTESIAN_POINT('',(-0.385775,-0.081,-0.0005));
#9920=CARTESIAN_POINT('',(-0.388425,-0.081,-0.00165));
#9921=CARTESIAN_POINT('',(-0.386925,-0.081,-0.00165));
#9922=CARTESIAN_POINT('',(-0.388425,-0.201,-0.0005));
#9923=CARTESIAN_POINT('',(-0.388425,-0.201,-0.00165));
#9924=CARTESIAN_POINT('',(-0.386925,-0.201,-0.00165));
#9925=CARTESIAN_POINT('',(-0.388425,-0.201,-0.0005));
#9926=CARTESIAN_POINT('',(-0.385775,-0.201,-0.0005));
#9927=CARTESIAN_POINT('',(-0.388425,-0.201,-0.0005));
#9928=CARTESIAN_POINT('',(-0.388425,-0.201,-0.0005));
#9929=CARTESIAN_POINT('',(-0.38575,-0.201,-0.0005));
#9930=CARTESIAN_POINT('',(-0.388425,-0.141,-0.0005));
#9931=CARTESIAN_POINT('',(-0.388425,-0.081,-0.0005));
#9932=CARTESIAN_POINT('',(-0.388425,-0.081,-0.0005));
#9933=CARTESIAN_POINT('',(-0.38575,-0.081,-0.0005));
#9934=CARTESIAN_POINT('',(-0.388425,-0.141,-0.0005));
#9935=CARTESIAN_POINT('',(-0.388425,-0.201,-0.025));
#9936=CARTESIAN_POINT('',(-0.388425,-0.196,-0.025));
#9937=CARTESIAN_POINT('',(-0.389425,-0.196,-0.025));
#9938=CARTESIAN_POINT('',(-0.387425,-0.196,-0.025));
#9939=CARTESIAN_POINT('',(-0.387425,-0.141,-0.025));
#9940=CARTESIAN_POINT('',(-0.387425,-0.086,-0.025));
#9941=CARTESIAN_POINT('',(-0.388425,-0.086,-0.025));
#9942=CARTESIAN_POINT('',(-0.389425,-0.086,-0.025));
#9943=CARTESIAN_POINT('',(-0.389425,-0.141,-0.025));
#9944=CARTESIAN_POINT('',(-0.388425,-0.081,-0.025));
#9945=CARTESIAN_POINT('',(-0.350325,-0.081,-0.00165));
#9946=CARTESIAN_POINT('',(-0.350325,-0.081,-0.0005));
#9947=CARTESIAN_POINT('',(-0.347675,-0.081,-0.0005));
#9948=CARTESIAN_POINT('',(-0.350325,-0.081,-0.00165));
#9949=CARTESIAN_POINT('',(-0.348825,-0.081,-0.00165));
#9950=CARTESIAN_POINT('',(-0.350325,-0.201,-0.0005));
#9951=CARTESIAN_POINT('',(-0.350325,-0.201,-0.00165));
#9952=CARTESIAN_POINT('',(-0.348825,-0.201,-0.00165));
#9953=CARTESIAN_POINT('',(-0.350325,-0.201,-0.0005));
#9954=CARTESIAN_POINT('',(-0.347675,-0.201,-0.0005));
#9955=CARTESIAN_POINT('',(-0.350325,-0.201,-0.0005));
#9956=CARTESIAN_POINT('',(-0.350325,-0.201,-0.0005));
#9957=CARTESIAN_POINT('',(-0.34765,-0.201,-0.0005));
#9958=CARTESIAN_POINT('',(-0.350325,-0.141,-0.0005));
#9959=CARTESIAN_POINT('',(-0.350325,-0.081,-0.0005));
#9960=CARTESIAN_POINT('',(-0.350325,-0.081,-0.0005));
#9961=CARTESIAN_POINT('',(-0.34765,-0.081,-0.0005));
#9962=CARTESIAN_POINT('',(-0.350325,-0.141,-0.0005));
#9963=CARTESIAN_POINT('',(-0.350325,-0.201,-0.025));
#9964=CARTESIAN_POINT('',(-0.350325,-0.196,-0.025));
#9965=CARTESIAN_POINT('',(-0.351325,-0.196,-0.025));
#9966=CARTESIAN_POINT('',(-0.349325,-0.196,-0.025));
#9967=CARTESIAN_POINT('',(-0.349325,-0.141,-0.025));
#9968=CARTESIAN_POINT('',(-0.349325,-0.086,-0.025));
#9969=CARTESIAN_POINT('',(-0.350325,-0.086,-0.025));
#9970=CARTESIAN_POINT('',(-0.351325,-0.086,-0.025));
#9971=CARTESIAN_POINT('',(-0.351325,-0.141,-0.025));
#9972=CARTESIAN_POINT('',(-0.350325,-0.081,-0.025));
#9973=CARTESIAN_POINT('',(-0.312224999999996,-0.081,-0.00165));
#9974=CARTESIAN_POINT('',(-0.312224999999996,-0.081,-0.0005));
#9975=CARTESIAN_POINT('',(-0.309574999999996,-0.081,-0.0005));
#9976=CARTESIAN_POINT('',(-0.312224999999996,-0.081,-0.00165));
#9977=CARTESIAN_POINT('',(-0.310724999999996,-0.081,-0.00165));
#9978=CARTESIAN_POINT('',(-0.312224999999996,-0.201,-0.0005));
#9979=CARTESIAN_POINT('',(-0.312224999999996,-0.201,-0.00165));
#9980=CARTESIAN_POINT('',(-0.310724999999996,-0.201,-0.00165));
#9981=CARTESIAN_POINT('',(-0.312224999999996,-0.201,-0.0005));
#9982=CARTESIAN_POINT('',(-0.309574999999996,-0.201,-0.0005));
#9983=CARTESIAN_POINT('',(-0.312224999999996,-0.201,-0.0005));
#9984=CARTESIAN_POINT('',(-0.312224999999996,-0.201,-0.0005));
#9985=CARTESIAN_POINT('',(-0.309549999999996,-0.201,-0.0005));
#9986=CARTESIAN_POINT('',(-0.312224999999996,-0.141,-0.0005));
#9987=CARTESIAN_POINT('',(-0.312224999999996,-0.081,-0.0005));
#9988=CARTESIAN_POINT('',(-0.312224999999996,-0.081,-0.0005));
#9989=CARTESIAN_POINT('',(-0.309549999999996,-0.081,-0.0005));
#9990=CARTESIAN_POINT('',(-0.312224999999996,-0.141,-0.0005));
#9991=CARTESIAN_POINT('',(-0.312224999999996,-0.201,-0.025));
#9992=CARTESIAN_POINT('',(-0.312225,-0.196,-0.025));
#9993=CARTESIAN_POINT('',(-0.313225,-0.196,-0.025));
#9994=CARTESIAN_POINT('',(-0.311225,-0.196,-0.025));
#9995=CARTESIAN_POINT('',(-0.311225,-0.141,-0.025));
#9996=CARTESIAN_POINT('',(-0.311225,-0.086,-0.025));
#9997=CARTESIAN_POINT('',(-0.312225,-0.086,-0.025));
#9998=CARTESIAN_POINT('',(-0.313225,-0.086,-0.025));
#9999=CARTESIAN_POINT('',(-0.313225,-0.141,-0.025));
#10000=CARTESIAN_POINT('',(-0.312224999999996,-0.081,-0.025));
#10001=CARTESIAN_POINT('',(-0.274124999999996,-0.201,-0.025));
#10002=CARTESIAN_POINT('',(-0.274124999999996,-0.201,-0.00165));
#10003=CARTESIAN_POINT('',(-0.272624999999996,-0.201,-0.00165));
#10004=CARTESIAN_POINT('',(-0.274124999999996,-0.081,-0.025));
#10005=CARTESIAN_POINT('',(-0.274124999999996,-0.081,-0.00165));
#10006=CARTESIAN_POINT('',(-0.272624999999996,-0.081,-0.00165));
#10007=CARTESIAN_POINT('',(-0.40995,-0.124775,0.));
#10008=CARTESIAN_POINT('',(-0.407747496124807,-0.0118896114875546,-0.0208872708831765));
#10009=CARTESIAN_POINT('',(-0.409651833884404,-0.241498888352347,-0.00282763471825536));
#10010=CARTESIAN_POINT('',(-0.402144653205065,-0.00771474956565274,0.00226660096477475));
#10011=CARTESIAN_POINT('',(-0.402014508114332,-0.241572887949894,0.00103238031487506));
#10012=CARTESIAN_POINT('',(-0.274124999999996,-0.0245,-0.002));
#10013=CARTESIAN_POINT('',(-0.274124999999996,-0.0245,-0.002));
#10014=CARTESIAN_POINT('',(-0.261624999999996,-0.0245,-0.002));
#10015=CARTESIAN_POINT('',(-0.204975,-0.124775,-0.002));
#10016=CARTESIAN_POINT('',(-0.274124999999996,-0.0245,-0.002));
#10017=CARTESIAN_POINT('',(-0.270374999999996,-0.0245,-0.002));
#10018=CARTESIAN_POINT('',(-0.312224999999996,-0.0245,-0.002));
#10019=CARTESIAN_POINT('',(-0.312224999999996,-0.0245,-0.002));
#10020=CARTESIAN_POINT('',(-0.299724999999996,-0.0245,-0.002));
#10021=CARTESIAN_POINT('',(-0.204975,-0.124775,-0.002));
#10022=CARTESIAN_POINT('',(-0.350325,-0.0245,-0.002));
#10023=CARTESIAN_POINT('',(-0.350325,-0.0245,-0.002));
#10024=CARTESIAN_POINT('',(-0.337825,-0.0245,-0.002));
#10025=CARTESIAN_POINT('',(-0.204975,-0.124775,-0.002));
#10026=CARTESIAN_POINT('',(-0.388425,-0.0245,-0.002));
#10027=CARTESIAN_POINT('',(-0.388425,-0.0245,-0.002));
#10028=CARTESIAN_POINT('',(-0.375925,-0.0245,-0.002));
#10029=CARTESIAN_POINT('',(-0.204975,-0.124775,-0.002));
#10030=CARTESIAN_POINT('',(-0.402144653205065,-0.00771474956565274,0.00226660096477475));
#10031=CARTESIAN_POINT('',(-0.402014508114332,-0.241572887949894,0.00103238031487506));
#10032=CARTESIAN_POINT('',(-0.274124999999996,-0.0245,-0.002));
#10033=CARTESIAN_POINT('',(-0.204975,-0.124775,-0.005));
#10034=CARTESIAN_POINT('',(-0.277749999999996,-0.031425,-0.005));
#10035=CARTESIAN_POINT('',(-0.268124999999996,-0.031425,-0.005));
#10036=CARTESIAN_POINT('',(-0.272874999999996,-0.031425,-0.005));
#10037=CARTESIAN_POINT('',(-0.272874999999996,-0.030825,-0.005));
#10038=CARTESIAN_POINT('',(-0.272874999999996,-0.030225,-0.005));
#10039=CARTESIAN_POINT('',(-0.274124999999996,-0.030225,-0.005));
#10040=CARTESIAN_POINT('',(-0.275374999999996,-0.030225,-0.005));
#10041=CARTESIAN_POINT('',(-0.275374999999996,-0.030825,-0.005));
#10042=CARTESIAN_POINT('',(-0.275374999999996,-0.031425,-0.005));
#10043=CARTESIAN_POINT('',(-0.277749999999996,-0.031425,-0.005));
#10044=CARTESIAN_POINT('',(-0.280124999999996,-0.031425,-0.005));
#10045=CARTESIAN_POINT('',(-0.280124999999996,-0.0245,-0.005));
#10046=CARTESIAN_POINT('',(-0.280124999999996,-0.017575,-0.005));
#10047=CARTESIAN_POINT('',(-0.274124999999996,-0.017575,-0.005));
#10048=CARTESIAN_POINT('',(-0.268124999999996,-0.017575,-0.005));
#10049=CARTESIAN_POINT('',(-0.268124999999996,-0.0245,-0.005));
#10050=CARTESIAN_POINT('',(-0.274124999999996,-0.0245,-0.005));
#10051=CARTESIAN_POINT('',(-0.277874999999996,-0.0245,-0.005));
#10052=CARTESIAN_POINT('',(-0.312224999999996,-0.0245,-0.002));
#10053=CARTESIAN_POINT('',(-0.312224999999996,-0.0245,-0.005));
#10054=CARTESIAN_POINT('',(-0.296724999999996,-0.0245,-0.005));
#10055=CARTESIAN_POINT('',(-0.204975,-0.124775,-0.005));
#10056=CARTESIAN_POINT('',(-0.350325,-0.0245,-0.002));
#10057=CARTESIAN_POINT('',(-0.350325,-0.0245,-0.005));
#10058=CARTESIAN_POINT('',(-0.334825,-0.0245,-0.005));
#10059=CARTESIAN_POINT('',(-0.204975,-0.124775,-0.005));
#10060=CARTESIAN_POINT('',(-0.388425,-0.0245,-0.002));
#10061=CARTESIAN_POINT('',(-0.388425,-0.0245,-0.005));
#10062=CARTESIAN_POINT('',(-0.372925,-0.0245,-0.005));
#10063=CARTESIAN_POINT('',(-0.204975,-0.124775,-0.005));
#10064=CARTESIAN_POINT('',(-0.274125,-0.196,-0.025));
#10065=CARTESIAN_POINT('',(-0.275125,-0.196,-0.025));
#10066=CARTESIAN_POINT('',(-0.273125,-0.196,-0.025));
#10067=CARTESIAN_POINT('',(-0.273125,-0.141,-0.025));
#10068=CARTESIAN_POINT('',(-0.273125,-0.086,-0.025));
#10069=CARTESIAN_POINT('',(-0.274125,-0.086,-0.025));
#10070=CARTESIAN_POINT('',(-0.275125,-0.086,-0.025));
#10071=CARTESIAN_POINT('',(-0.275125,-0.141,-0.025));
#10072=CARTESIAN_POINT('',(-0.274124999999996,-0.081,-0.0005));
#10073=CARTESIAN_POINT('',(-0.274124999999996,-0.081,-0.0005));
#10074=CARTESIAN_POINT('',(-0.271449999999996,-0.081,-0.0005));
#10075=CARTESIAN_POINT('',(-0.274124999999996,-0.141,-0.0005));
#10076=CARTESIAN_POINT('',(-0.274124999999996,-0.081,-0.0005));
#10077=CARTESIAN_POINT('',(-0.271474999999996,-0.081,-0.0005));
#10078=CARTESIAN_POINT('',(-0.274124999999996,-0.201,-0.0005));
#10079=CARTESIAN_POINT('',(-0.274124999999996,-0.201,-0.0005));
#10080=CARTESIAN_POINT('',(-0.271449999999996,-0.201,-0.0005));
#10081=CARTESIAN_POINT('',(-0.274124999999996,-0.141,-0.0005));
#10082=CARTESIAN_POINT('',(-0.274124999999996,-0.201,-0.0005));
#10083=CARTESIAN_POINT('',(-0.271474999999996,-0.201,-0.0005));
#10084=CARTESIAN_POINT('',(-0.274124999999996,-0.201,-0.0005));
#10085=CARTESIAN_POINT('',(-0.274124999999996,-0.081,-0.00165));
#10086=CARTESIAN_POINT('',(-0.274124999999996,-0.0245,0.02));
#10087=CARTESIAN_POINT('',(-0.277749999999996,-0.031425,-0.007));
#10088=CARTESIAN_POINT('',(-0.268124999999996,-0.031425,-0.007));
#10089=CARTESIAN_POINT('',(-0.268124999999996,-0.031425,-0.007));
#10090=CARTESIAN_POINT('',(-0.277749999999996,-0.031425,-0.007));
#10091=CARTESIAN_POINT('',(-0.280124999999996,-0.031425,-0.007));
#10092=CARTESIAN_POINT('',(-0.280124999999996,-0.031425,-0.007));
#10093=CARTESIAN_POINT('',(-0.275374999999996,-0.031425,-0.003));
#10094=CARTESIAN_POINT('',(-0.275374999999996,-0.031425,-0.003));
#10095=CARTESIAN_POINT('',(-0.274124999999996,-0.031425,-0.003));
#10096=CARTESIAN_POINT('',(-0.272874999999996,-0.031425,-0.003));
#10097=CARTESIAN_POINT('',(-0.272874999999996,-0.031425,-0.003));
#10098=CARTESIAN_POINT('',(-0.268124999999996,-0.0245,-0.007));
#10099=CARTESIAN_POINT('',(-0.268124999999996,-0.017575,-0.007));
#10100=CARTESIAN_POINT('',(-0.268124999999996,-0.017575,-0.007));
#10101=CARTESIAN_POINT('',(-0.268124999999996,-0.0245,-0.007));
#10102=CARTESIAN_POINT('',(-0.274124999999996,-0.017575,-0.007));
#10103=CARTESIAN_POINT('',(-0.280124999999996,-0.017575,-0.007));
#10104=CARTESIAN_POINT('',(-0.280124999999996,-0.017575,-0.007));
#10105=CARTESIAN_POINT('',(-0.274124999999996,-0.017575,-0.007));
#10106=CARTESIAN_POINT('',(-0.282124999999996,-0.0245,-0.007));
#10107=CARTESIAN_POINT('',(-0.282124999999996,-0.015575,-0.007));
#10108=CARTESIAN_POINT('',(-0.282124999999996,-0.015575,-0.007));
#10109=CARTESIAN_POINT('',(-0.282124999999996,-0.0245,-0.007));
#10110=CARTESIAN_POINT('',(-0.282124999999996,-0.033425,-0.007));
#10111=CARTESIAN_POINT('',(-0.282124999999996,-0.033425,-0.007));
#10112=CARTESIAN_POINT('',(-0.274124999999996,-0.015575,-0.007));
#10113=CARTESIAN_POINT('',(-0.266124999999996,-0.015575,-0.007));
#10114=CARTESIAN_POINT('',(-0.266124999999996,-0.015575,-0.007));
#10115=CARTESIAN_POINT('',(-0.274124999999996,-0.015575,-0.007));
#10116=CARTESIAN_POINT('',(-0.266124999999996,-0.0245,-0.007));
#10117=CARTESIAN_POINT('',(-0.266124999999996,-0.033425,-0.007));
#10118=CARTESIAN_POINT('',(-0.266124999999996,-0.033425,-0.007));
#10119=CARTESIAN_POINT('',(-0.266124999999996,-0.0245,-0.007));
#10120=CARTESIAN_POINT('',(-0.274124999999996,-0.033425,-0.007));
#10121=CARTESIAN_POINT('',(-0.274124999999996,-0.033425,-0.007));
#10122=CARTESIAN_POINT('',(-0.280124999999996,-0.0245,-0.007));
#10123=CARTESIAN_POINT('',(-0.280124999999996,-0.0245,-0.007));
#10124=CARTESIAN_POINT('',(-0.274124999999996,-0.0245,-0.007));
#10125=CARTESIAN_POINT('',(-0.272874999999996,-0.030825,-0.003));
#10126=CARTESIAN_POINT('',(-0.272874999999996,-0.030825,-0.003));
#10127=CARTESIAN_POINT('',(-0.272874999999996,-0.030225,-0.003));
#10128=CARTESIAN_POINT('',(-0.272874999999996,-0.030225,-0.003));
#10129=CARTESIAN_POINT('',(-0.275374999999996,-0.030825,-0.003));
#10130=CARTESIAN_POINT('',(-0.275374999999996,-0.030225,-0.003));
#10131=CARTESIAN_POINT('',(-0.275374999999996,-0.030225,-0.003));
#10132=CARTESIAN_POINT('',(-0.275374999999996,-0.030825,-0.003));
#10133=CARTESIAN_POINT('',(-0.274124999999996,-0.030225,-0.003));
#10134=CARTESIAN_POINT('',(-0.274124999999996,-0.030225,-0.003));
#10135=CARTESIAN_POINT('',(-0.274124999999996,-0.0245,-0.003));
#10136=CARTESIAN_POINT('',(-0.264124999999997,-0.042,-0.001));
#10137=CARTESIAN_POINT('',(-0.264124999999997,-0.04375,-0.001));
#10138=CARTESIAN_POINT('',(-0.264124999999997,-0.04375,-0.001));
#10139=CARTESIAN_POINT('',(-0.264124999999997,-0.042,-0.001));
#10140=CARTESIAN_POINT('',(-0.264124999999997,-0.04025,-0.001));
#10141=CARTESIAN_POINT('',(-0.264124999999997,-0.04025,-0.001));
#10142=CARTESIAN_POINT('',(-0.274124999999996,-0.04375,-0.001));
#10143=CARTESIAN_POINT('',(-0.284124999999996,-0.04375,-0.001));
#10144=CARTESIAN_POINT('',(-0.284124999999996,-0.04375,-0.001));
#10145=CARTESIAN_POINT('',(-0.274124999999996,-0.04375,-0.001));
#10146=CARTESIAN_POINT('',(-0.284124999999996,-0.042,-0.001));
#10147=CARTESIAN_POINT('',(-0.284124999999996,-0.04025,-0.001));
#10148=CARTESIAN_POINT('',(-0.284124999999996,-0.04025,-0.001));
#10149=CARTESIAN_POINT('',(-0.284124999999996,-0.042,-0.001));
#10150=CARTESIAN_POINT('',(-0.274124999999996,-0.04025,-0.001));
#10151=CARTESIAN_POINT('',(-0.274124999999996,-0.04025,-0.001));
#10152=CARTESIAN_POINT('',(-0.204975,-0.125044466497459,-0.001));
#10153=CARTESIAN_POINT('',(-0.281624999999996,-0.0725,-0.001));
#10154=CARTESIAN_POINT('',(-0.281624999999996,-0.0705,-0.001));
#10155=CARTESIAN_POINT('',(-0.281624999999996,-0.0705,-0.001));
#10156=CARTESIAN_POINT('',(-0.281624999999996,-0.0725,-0.001));
#10157=CARTESIAN_POINT('',(-0.281624999999996,-0.0745,-0.001));
#10158=CARTESIAN_POINT('',(-0.281624999999996,-0.0745,-0.001));
#10159=CARTESIAN_POINT('',(-0.286874999999996,-0.0705,-0.001));
#10160=CARTESIAN_POINT('',(-0.292124999999996,-0.0705,-0.001));
#10161=CARTESIAN_POINT('',(-0.292124999999996,-0.0705,-0.001));
#10162=CARTESIAN_POINT('',(-0.286874999999996,-0.0705,-0.001));
#10163=CARTESIAN_POINT('',(-0.292124999999996,-0.058,-0.001));
#10164=CARTESIAN_POINT('',(-0.292124999999996,-0.0455,-0.001));
#10165=CARTESIAN_POINT('',(-0.292124999999996,-0.0455,-0.001));
#10166=CARTESIAN_POINT('',(-0.292124999999996,-0.058,-0.001));
#10167=CARTESIAN_POINT('',(-0.274124999999996,-0.0455,-0.001));
#10168=CARTESIAN_POINT('',(-0.256124999999996,-0.0455,-0.001));
#10169=CARTESIAN_POINT('',(-0.256124999999996,-0.0455,-0.001));
#10170=CARTESIAN_POINT('',(-0.274124999999996,-0.0455,-0.001));
#10171=CARTESIAN_POINT('',(-0.256124999999996,-0.058,-0.001));
#10172=CARTESIAN_POINT('',(-0.256124999999996,-0.0107806214501028,-0.0249963377659025));
#10173=CARTESIAN_POINT('',(-0.256124999999996,-0.00811260446482123,-0.0107355897799635));
#10174=CARTESIAN_POINT('',(-0.256124999999996,-0.0120443862079516,-0.01));
#10175=CARTESIAN_POINT('',(-0.256124999999996,-0.0120443862079516,-0.006));
#10176=CARTESIAN_POINT('',(-0.256124999999996,-0.125313932994918,-0.006));
#10177=CARTESIAN_POINT('',(-0.256124999999996,-0.239302057108442,-0.006));
#10178=CARTESIAN_POINT('',(-0.256124999999996,-0.239302057108442,-0.01));
#10179=CARTESIAN_POINT('',(-0.256124999999996,-0.243300857701994,-0.010097948011745));
#10180=CARTESIAN_POINT('',(-0.256124999999996,-0.243161022071788,-0.0158068418535291));
#10181=CARTESIAN_POINT('',(-0.256124999999996,-0.0705,-0.001));
#10182=CARTESIAN_POINT('',(-0.256124999999996,-0.0705,-0.001));
#10183=CARTESIAN_POINT('',(-0.256124999999996,-0.058,-0.001));
#10184=CARTESIAN_POINT('',(-0.261374999999996,-0.0705,-0.001));
#10185=CARTESIAN_POINT('',(-0.266624999999996,-0.0705,-0.001));
#10186=CARTESIAN_POINT('',(-0.266624999999996,-0.0705,-0.001));
#10187=CARTESIAN_POINT('',(-0.261374999999996,-0.0705,-0.001));
#10188=CARTESIAN_POINT('',(-0.266624999999996,-0.0725,-0.001));
#10189=CARTESIAN_POINT('',(-0.266624999999996,-0.0745,-0.001));
#10190=CARTESIAN_POINT('',(-0.266624999999996,-0.0745,-0.001));
#10191=CARTESIAN_POINT('',(-0.266624999999996,-0.0725,-0.001));
#10192=CARTESIAN_POINT('',(-0.274124999999996,-0.0745,-0.001));
#10193=CARTESIAN_POINT('',(-0.274124999999996,-0.0745,-0.001));
#10194=CARTESIAN_POINT('',(-0.204975,-0.125044466497459,-0.001));
#10195=CARTESIAN_POINT('',(-0.288124999999996,-0.0565,-0.001));
#10196=CARTESIAN_POINT('',(-0.288124999999996,-0.0625,-0.001));
#10197=CARTESIAN_POINT('',(-0.288124999999996,-0.0505,-0.001));
#10198=CARTESIAN_POINT('',(-0.287124999999996,-0.0625,-0.001));
#10199=CARTESIAN_POINT('',(-0.287124999999996,-0.0635,-0.001));
#10200=CARTESIAN_POINT('',(-0.274124999999996,-0.0635,-0.001));
#10201=CARTESIAN_POINT('',(-0.261124999999996,-0.0635,-0.001));
#10202=CARTESIAN_POINT('',(-0.261124999999996,-0.0625,-0.001));
#10203=CARTESIAN_POINT('',(-0.260124999999996,-0.0625,-0.001));
#10204=CARTESIAN_POINT('',(-0.260124999999996,-0.0565,-0.001));
#10205=CARTESIAN_POINT('',(-0.260124999999996,-0.0505,-0.001));
#10206=CARTESIAN_POINT('',(-0.261124999999996,-0.0505,-0.001));
#10207=CARTESIAN_POINT('',(-0.261124999999996,-0.0495,-0.001));
#10208=CARTESIAN_POINT('',(-0.274124999999996,-0.0495,-0.001));
#10209=CARTESIAN_POINT('',(-0.287124999999996,-0.0495,-0.001));
#10210=CARTESIAN_POINT('',(-0.287124999999996,-0.0505,-0.001));
#10211=CARTESIAN_POINT('',(-0.258774999999996,-0.07225,-0.0045));
#10212=CARTESIAN_POINT('',(-0.258774999999996,-0.07225,-0.0045));
#10213=CARTESIAN_POINT('',(-0.260374999999996,-0.07225,-0.0045));
#10214=CARTESIAN_POINT('',(-0.204975,-0.125044466497459,-0.0045));
#10215=CARTESIAN_POINT('',(-0.258774999999996,-0.04375,-0.0045));
#10216=CARTESIAN_POINT('',(-0.258774999999996,-0.04375,-0.0045));
#10217=CARTESIAN_POINT('',(-0.260374999999996,-0.04375,-0.0045));
#10218=CARTESIAN_POINT('',(-0.204975,-0.125044466497459,-0.0045));
#10219=CARTESIAN_POINT('',(-0.289474999999996,-0.04375,-0.0045));
#10220=CARTESIAN_POINT('',(-0.289474999999996,-0.04375,-0.0045));
#10221=CARTESIAN_POINT('',(-0.291074999999996,-0.04375,-0.0045));
#10222=CARTESIAN_POINT('',(-0.204975,-0.125044466497459,-0.0045));
#10223=CARTESIAN_POINT('',(-0.289474999999996,-0.07225,-0.0045));
#10224=CARTESIAN_POINT('',(-0.289474999999996,-0.07225,-0.0045));
#10225=CARTESIAN_POINT('',(-0.291074999999996,-0.07225,-0.0045));
#10226=CARTESIAN_POINT('',(-0.204975,-0.125044466497459,-0.0045));
#10227=CARTESIAN_POINT('',(-0.261124999999996,-0.0625,-0.001));
#10228=CARTESIAN_POINT('',(-0.259124999999996,-0.0625,-0.001));
#10229=CARTESIAN_POINT('',(-0.261124999999996,-0.0645,-0.001));
#10230=CARTESIAN_POINT('',(-0.409952,-0.0645,-0.001));
#10231=CARTESIAN_POINT('',(-0.287124999999996,-0.0645,-0.001));
#10232=CARTESIAN_POINT('',(-0.259124999999996,-0.124775,-0.001));
#10233=CARTESIAN_POINT('',(-0.259124999999996,-0.0505,-0.001));
#10234=CARTESIAN_POINT('',(-0.287124999999996,-0.0625,-0.001));
#10235=CARTESIAN_POINT('',(-0.289124999999996,-0.0625,-0.001));
#10236=CARTESIAN_POINT('',(-0.261124999999996,-0.0505,-0.001));
#10237=CARTESIAN_POINT('',(-0.261124999999996,-0.0485,-0.001));
#10238=CARTESIAN_POINT('',(-0.289124999999996,-0.0565,-0.001));
#10239=CARTESIAN_POINT('',(-0.289124999999996,-0.0505,-0.001));
#10240=CARTESIAN_POINT('',(-0.274124999999996,-0.0485,-0.001));
#10241=CARTESIAN_POINT('',(-0.287124999999996,-0.0485,-0.001));
#10242=CARTESIAN_POINT('',(-0.287124999999996,-0.0505,-0.001));
#10243=CARTESIAN_POINT('',(-0.302224999999996,-0.042,-0.001));
#10244=CARTESIAN_POINT('',(-0.302224999999996,-0.04375,-0.001));
#10245=CARTESIAN_POINT('',(-0.302224999999996,-0.04375,-0.001));
#10246=CARTESIAN_POINT('',(-0.302224999999996,-0.042,-0.001));
#10247=CARTESIAN_POINT('',(-0.302224999999996,-0.04025,-0.001));
#10248=CARTESIAN_POINT('',(-0.302224999999996,-0.04025,-0.001));
#10249=CARTESIAN_POINT('',(-0.312224999999996,-0.04375,-0.001));
#10250=CARTESIAN_POINT('',(-0.322224999999996,-0.04375,-0.001));
#10251=CARTESIAN_POINT('',(-0.322224999999996,-0.04375,-0.001));
#10252=CARTESIAN_POINT('',(-0.312224999999996,-0.04375,-0.001));
#10253=CARTESIAN_POINT('',(-0.322224999999996,-0.042,-0.001));
#10254=CARTESIAN_POINT('',(-0.322224999999996,-0.04025,-0.001));
#10255=CARTESIAN_POINT('',(-0.322224999999996,-0.04025,-0.001));
#10256=CARTESIAN_POINT('',(-0.322224999999996,-0.042,-0.001));
#10257=CARTESIAN_POINT('',(-0.312224999999996,-0.04025,-0.001));
#10258=CARTESIAN_POINT('',(-0.312224999999996,-0.04025,-0.001));
#10259=CARTESIAN_POINT('',(-0.243075,-0.125044466497459,-0.001));
#10260=CARTESIAN_POINT('',(-0.319724999999996,-0.0725,-0.001));
#10261=CARTESIAN_POINT('',(-0.319724999999996,-0.0705,-0.001));
#10262=CARTESIAN_POINT('',(-0.319724999999996,-0.0705,-0.001));
#10263=CARTESIAN_POINT('',(-0.319724999999996,-0.0725,-0.001));
#10264=CARTESIAN_POINT('',(-0.319724999999996,-0.0745,-0.001));
#10265=CARTESIAN_POINT('',(-0.319724999999996,-0.0745,-0.001));
#10266=CARTESIAN_POINT('',(-0.324974999999996,-0.0705,-0.001));
#10267=CARTESIAN_POINT('',(-0.330224999999996,-0.0705,-0.001));
#10268=CARTESIAN_POINT('',(-0.330224999999996,-0.0705,-0.001));
#10269=CARTESIAN_POINT('',(-0.324974999999996,-0.0705,-0.001));
#10270=CARTESIAN_POINT('',(-0.330224999999996,-0.058,-0.001));
#10271=CARTESIAN_POINT('',(-0.330224999999996,-0.0455,-0.001));
#10272=CARTESIAN_POINT('',(-0.330224999999996,-0.0455,-0.001));
#10273=CARTESIAN_POINT('',(-0.330224999999996,-0.058,-0.001));
#10274=CARTESIAN_POINT('',(-0.312224999999996,-0.0455,-0.001));
#10275=CARTESIAN_POINT('',(-0.294224999999996,-0.0455,-0.001));
#10276=CARTESIAN_POINT('',(-0.294224999999996,-0.0455,-0.001));
#10277=CARTESIAN_POINT('',(-0.312224999999996,-0.0455,-0.001));
#10278=CARTESIAN_POINT('',(-0.294224999999996,-0.058,-0.001));
#10279=CARTESIAN_POINT('',(-0.294224999999996,-0.0705,-0.001));
#10280=CARTESIAN_POINT('',(-0.294224999999996,-0.0705,-0.001));
#10281=CARTESIAN_POINT('',(-0.294224999999996,-0.058,-0.001));
#10282=CARTESIAN_POINT('',(-0.299474999999996,-0.0705,-0.001));
#10283=CARTESIAN_POINT('',(-0.304724999999996,-0.0705,-0.001));
#10284=CARTESIAN_POINT('',(-0.304724999999996,-0.0705,-0.001));
#10285=CARTESIAN_POINT('',(-0.299474999999996,-0.0705,-0.001));
#10286=CARTESIAN_POINT('',(-0.304724999999996,-0.0725,-0.001));
#10287=CARTESIAN_POINT('',(-0.304724999999996,-0.0745,-0.001));
#10288=CARTESIAN_POINT('',(-0.304724999999996,-0.0745,-0.001));
#10289=CARTESIAN_POINT('',(-0.304724999999996,-0.0725,-0.001));
#10290=CARTESIAN_POINT('',(-0.312224999999996,-0.0745,-0.001));
#10291=CARTESIAN_POINT('',(-0.312224999999996,-0.0745,-0.001));
#10292=CARTESIAN_POINT('',(-0.243075,-0.125044466497459,-0.001));
#10293=CARTESIAN_POINT('',(-0.326224999999996,-0.0565,-0.001));
#10294=CARTESIAN_POINT('',(-0.326224999999996,-0.0625,-0.001));
#10295=CARTESIAN_POINT('',(-0.326224999999996,-0.0505,-0.001));
#10296=CARTESIAN_POINT('',(-0.325224999999996,-0.0625,-0.001));
#10297=CARTESIAN_POINT('',(-0.325224999999996,-0.0635,-0.001));
#10298=CARTESIAN_POINT('',(-0.312224999999996,-0.0635,-0.001));
#10299=CARTESIAN_POINT('',(-0.299224999999996,-0.0635,-0.001));
#10300=CARTESIAN_POINT('',(-0.299224999999996,-0.0625,-0.001));
#10301=CARTESIAN_POINT('',(-0.298224999999996,-0.0625,-0.001));
#10302=CARTESIAN_POINT('',(-0.298224999999996,-0.0565,-0.001));
#10303=CARTESIAN_POINT('',(-0.298224999999996,-0.0505,-0.001));
#10304=CARTESIAN_POINT('',(-0.299224999999996,-0.0505,-0.001));
#10305=CARTESIAN_POINT('',(-0.299224999999996,-0.0495,-0.001));
#10306=CARTESIAN_POINT('',(-0.312224999999996,-0.0495,-0.001));
#10307=CARTESIAN_POINT('',(-0.325224999999996,-0.0495,-0.001));
#10308=CARTESIAN_POINT('',(-0.325224999999996,-0.0505,-0.001));
#10309=CARTESIAN_POINT('',(-0.296874999999996,-0.07225,-0.0045));
#10310=CARTESIAN_POINT('',(-0.296874999999996,-0.07225,-0.0045));
#10311=CARTESIAN_POINT('',(-0.298474999999996,-0.07225,-0.0045));
#10312=CARTESIAN_POINT('',(-0.243075,-0.125044466497459,-0.0045));
#10313=CARTESIAN_POINT('',(-0.296874999999996,-0.04375,-0.0045));
#10314=CARTESIAN_POINT('',(-0.296874999999996,-0.04375,-0.0045));
#10315=CARTESIAN_POINT('',(-0.298474999999996,-0.04375,-0.0045));
#10316=CARTESIAN_POINT('',(-0.243075,-0.125044466497459,-0.0045));
#10317=CARTESIAN_POINT('',(-0.327574999999996,-0.04375,-0.0045));
#10318=CARTESIAN_POINT('',(-0.327574999999996,-0.04375,-0.0045));
#10319=CARTESIAN_POINT('',(-0.329174999999996,-0.04375,-0.0045));
#10320=CARTESIAN_POINT('',(-0.243075,-0.125044466497459,-0.0045));
#10321=CARTESIAN_POINT('',(-0.327574999999996,-0.07225,-0.0045));
#10322=CARTESIAN_POINT('',(-0.327574999999996,-0.07225,-0.0045));
#10323=CARTESIAN_POINT('',(-0.329174999999996,-0.07225,-0.0045));
#10324=CARTESIAN_POINT('',(-0.243075,-0.125044466497459,-0.0045));
#10325=CARTESIAN_POINT('',(-0.299224999999996,-0.0625,-0.001));
#10326=CARTESIAN_POINT('',(-0.297224999999996,-0.0625,-0.001));
#10327=CARTESIAN_POINT('',(-0.299224999999996,-0.0645,-0.001));
#10328=CARTESIAN_POINT('',(-0.409952,-0.0645,-0.001));
#10329=CARTESIAN_POINT('',(-0.325224999999996,-0.0645,-0.001));
#10330=CARTESIAN_POINT('',(-0.297224999999996,-0.124775,-0.001));
#10331=CARTESIAN_POINT('',(-0.297224999999996,-0.0505,-0.001));
#10332=CARTESIAN_POINT('',(-0.325224999999996,-0.0625,-0.001));
#10333=CARTESIAN_POINT('',(-0.327224999999996,-0.0625,-0.001));
#10334=CARTESIAN_POINT('',(-0.299224999999996,-0.0505,-0.001));
#10335=CARTESIAN_POINT('',(-0.299224999999996,-0.0485,-0.001));
#10336=CARTESIAN_POINT('',(-0.327224999999996,-0.0565,-0.001));
#10337=CARTESIAN_POINT('',(-0.327224999999996,-0.0505,-0.001));
#10338=CARTESIAN_POINT('',(-0.312224999999996,-0.0485,-0.001));
#10339=CARTESIAN_POINT('',(-0.325224999999996,-0.0485,-0.001));
#10340=CARTESIAN_POINT('',(-0.325224999999996,-0.0505,-0.001));
#10341=CARTESIAN_POINT('',(-0.340324999999996,-0.042,-0.001));
#10342=CARTESIAN_POINT('',(-0.340324999999996,-0.04375,-0.001));
#10343=CARTESIAN_POINT('',(-0.340324999999996,-0.04375,-0.001));
#10344=CARTESIAN_POINT('',(-0.340324999999996,-0.042,-0.001));
#10345=CARTESIAN_POINT('',(-0.340324999999996,-0.04025,-0.001));
#10346=CARTESIAN_POINT('',(-0.340324999999996,-0.04025,-0.001));
#10347=CARTESIAN_POINT('',(-0.350325,-0.04375,-0.001));
#10348=CARTESIAN_POINT('',(-0.360325,-0.04375,-0.001));
#10349=CARTESIAN_POINT('',(-0.360325,-0.04375,-0.001));
#10350=CARTESIAN_POINT('',(-0.350325,-0.04375,-0.001));
#10351=CARTESIAN_POINT('',(-0.360325,-0.042,-0.001));
#10352=CARTESIAN_POINT('',(-0.360325,-0.04025,-0.001));
#10353=CARTESIAN_POINT('',(-0.360325,-0.04025,-0.001));
#10354=CARTESIAN_POINT('',(-0.360325,-0.042,-0.001));
#10355=CARTESIAN_POINT('',(-0.350325,-0.04025,-0.001));
#10356=CARTESIAN_POINT('',(-0.350325,-0.04025,-0.001));
#10357=CARTESIAN_POINT('',(-0.281175,-0.125044466497459,-0.001));
#10358=CARTESIAN_POINT('',(-0.357825,-0.0725,-0.001));
#10359=CARTESIAN_POINT('',(-0.357825,-0.0705,-0.001));
#10360=CARTESIAN_POINT('',(-0.357825,-0.0705,-0.001));
#10361=CARTESIAN_POINT('',(-0.357825,-0.0725,-0.001));
#10362=CARTESIAN_POINT('',(-0.357825,-0.0745,-0.001));
#10363=CARTESIAN_POINT('',(-0.357825,-0.0745,-0.001));
#10364=CARTESIAN_POINT('',(-0.363075,-0.0705,-0.001));
#10365=CARTESIAN_POINT('',(-0.368325,-0.0705,-0.001));
#10366=CARTESIAN_POINT('',(-0.368325,-0.0705,-0.001));
#10367=CARTESIAN_POINT('',(-0.363075,-0.0705,-0.001));
#10368=CARTESIAN_POINT('',(-0.368325,-0.058,-0.001));
#10369=CARTESIAN_POINT('',(-0.368325,-0.0455,-0.001));
#10370=CARTESIAN_POINT('',(-0.368325,-0.0455,-0.001));
#10371=CARTESIAN_POINT('',(-0.368325,-0.058,-0.001));
#10372=CARTESIAN_POINT('',(-0.350325,-0.0455,-0.001));
#10373=CARTESIAN_POINT('',(-0.332324999999996,-0.0455,-0.001));
#10374=CARTESIAN_POINT('',(-0.332324999999996,-0.0455,-0.001));
#10375=CARTESIAN_POINT('',(-0.350325,-0.0455,-0.001));
#10376=CARTESIAN_POINT('',(-0.332324999999996,-0.058,-0.001));
#10377=CARTESIAN_POINT('',(-0.332324999999996,-0.0705,-0.001));
#10378=CARTESIAN_POINT('',(-0.332324999999996,-0.0705,-0.001));
#10379=CARTESIAN_POINT('',(-0.332324999999996,-0.058,-0.001));
#10380=CARTESIAN_POINT('',(-0.337574999999996,-0.0705,-0.001));
#10381=CARTESIAN_POINT('',(-0.342824999999996,-0.0705,-0.001));
#10382=CARTESIAN_POINT('',(-0.342824999999996,-0.0705,-0.001));
#10383=CARTESIAN_POINT('',(-0.337574999999996,-0.0705,-0.001));
#10384=CARTESIAN_POINT('',(-0.342824999999996,-0.0725,-0.001));
#10385=CARTESIAN_POINT('',(-0.342824999999996,-0.0745,-0.001));
#10386=CARTESIAN_POINT('',(-0.342824999999996,-0.0745,-0.001));
#10387=CARTESIAN_POINT('',(-0.342824999999996,-0.0725,-0.001));
#10388=CARTESIAN_POINT('',(-0.350325,-0.0745,-0.001));
#10389=CARTESIAN_POINT('',(-0.350325,-0.0745,-0.001));
#10390=CARTESIAN_POINT('',(-0.281175,-0.125044466497459,-0.001));
#10391=CARTESIAN_POINT('',(-0.364325,-0.0565,-0.001));
#10392=CARTESIAN_POINT('',(-0.364325,-0.0625,-0.001));
#10393=CARTESIAN_POINT('',(-0.364325,-0.0505,-0.001));
#10394=CARTESIAN_POINT('',(-0.363325,-0.0625,-0.001));
#10395=CARTESIAN_POINT('',(-0.363325,-0.0635,-0.001));
#10396=CARTESIAN_POINT('',(-0.350325,-0.0635,-0.001));
#10397=CARTESIAN_POINT('',(-0.337324999999996,-0.0635,-0.001));
#10398=CARTESIAN_POINT('',(-0.337324999999996,-0.0625,-0.001));
#10399=CARTESIAN_POINT('',(-0.336324999999996,-0.0625,-0.001));
#10400=CARTESIAN_POINT('',(-0.336324999999996,-0.0565,-0.001));
#10401=CARTESIAN_POINT('',(-0.336324999999996,-0.0505,-0.001));
#10402=CARTESIAN_POINT('',(-0.337324999999996,-0.0505,-0.001));
#10403=CARTESIAN_POINT('',(-0.337324999999996,-0.0495,-0.001));
#10404=CARTESIAN_POINT('',(-0.350325,-0.0495,-0.001));
#10405=CARTESIAN_POINT('',(-0.363325,-0.0495,-0.001));
#10406=CARTESIAN_POINT('',(-0.363325,-0.0505,-0.001));
#10407=CARTESIAN_POINT('',(-0.334974999999996,-0.07225,-0.0045));
#10408=CARTESIAN_POINT('',(-0.334974999999996,-0.07225,-0.0045));
#10409=CARTESIAN_POINT('',(-0.336574999999996,-0.07225,-0.0045));
#10410=CARTESIAN_POINT('',(-0.281175,-0.125044466497459,-0.0045));
#10411=CARTESIAN_POINT('',(-0.334974999999996,-0.04375,-0.0045));
#10412=CARTESIAN_POINT('',(-0.334974999999996,-0.04375,-0.0045));
#10413=CARTESIAN_POINT('',(-0.336574999999996,-0.04375,-0.0045));
#10414=CARTESIAN_POINT('',(-0.281175,-0.125044466497459,-0.0045));
#10415=CARTESIAN_POINT('',(-0.365675,-0.04375,-0.0045));
#10416=CARTESIAN_POINT('',(-0.365675,-0.04375,-0.0045));
#10417=CARTESIAN_POINT('',(-0.367275,-0.04375,-0.0045));
#10418=CARTESIAN_POINT('',(-0.281175,-0.125044466497459,-0.0045));
#10419=CARTESIAN_POINT('',(-0.365675,-0.07225,-0.0045));
#10420=CARTESIAN_POINT('',(-0.365675,-0.07225,-0.0045));
#10421=CARTESIAN_POINT('',(-0.367275,-0.07225,-0.0045));
#10422=CARTESIAN_POINT('',(-0.281175,-0.125044466497459,-0.0045));
#10423=CARTESIAN_POINT('',(-0.337324999999996,-0.0625,-0.001));
#10424=CARTESIAN_POINT('',(-0.335324999999996,-0.0625,-0.001));
#10425=CARTESIAN_POINT('',(-0.337324999999996,-0.0645,-0.001));
#10426=CARTESIAN_POINT('',(-0.409952,-0.0645,-0.001));
#10427=CARTESIAN_POINT('',(-0.363325,-0.0645,-0.001));
#10428=CARTESIAN_POINT('',(-0.335324999999996,-0.124775,-0.001));
#10429=CARTESIAN_POINT('',(-0.335324999999996,-0.0505,-0.001));
#10430=CARTESIAN_POINT('',(-0.363325,-0.0625,-0.001));
#10431=CARTESIAN_POINT('',(-0.365325,-0.0625,-0.001));
#10432=CARTESIAN_POINT('',(-0.337324999999996,-0.0505,-0.001));
#10433=CARTESIAN_POINT('',(-0.337324999999996,-0.0485,-0.001));
#10434=CARTESIAN_POINT('',(-0.365325,-0.0565,-0.001));
#10435=CARTESIAN_POINT('',(-0.365325,-0.0505,-0.001));
#10436=CARTESIAN_POINT('',(-0.350325,-0.0485,-0.001));
#10437=CARTESIAN_POINT('',(-0.363325,-0.0485,-0.001));
#10438=CARTESIAN_POINT('',(-0.363325,-0.0505,-0.001));
#10439=CARTESIAN_POINT('',(-0.378425,-0.042,-0.001));
#10440=CARTESIAN_POINT('',(-0.378425,-0.04375,-0.001));
#10441=CARTESIAN_POINT('',(-0.378425,-0.04375,-0.001));
#10442=CARTESIAN_POINT('',(-0.378425,-0.042,-0.001));
#10443=CARTESIAN_POINT('',(-0.378425,-0.04025,-0.001));
#10444=CARTESIAN_POINT('',(-0.378425,-0.04025,-0.001));
#10445=CARTESIAN_POINT('',(-0.388425,-0.04375,-0.001));
#10446=CARTESIAN_POINT('',(-0.398425,-0.04375,-0.001));
#10447=CARTESIAN_POINT('',(-0.398425,-0.04375,-0.001));
#10448=CARTESIAN_POINT('',(-0.388425,-0.04375,-0.001));
#10449=CARTESIAN_POINT('',(-0.398425,-0.042,-0.001));
#10450=CARTESIAN_POINT('',(-0.398425,-0.04025,-0.001));
#10451=CARTESIAN_POINT('',(-0.398425,-0.04025,-0.001));
#10452=CARTESIAN_POINT('',(-0.398425,-0.042,-0.001));
#10453=CARTESIAN_POINT('',(-0.388425,-0.04025,-0.001));
#10454=CARTESIAN_POINT('',(-0.388425,-0.04025,-0.001));
#10455=CARTESIAN_POINT('',(-0.319275,-0.125044466497459,-0.001));
#10456=CARTESIAN_POINT('',(-0.395925,-0.0725,-0.001));
#10457=CARTESIAN_POINT('',(-0.395925,-0.0705,-0.001));
#10458=CARTESIAN_POINT('',(-0.395925,-0.0705,-0.001));
#10459=CARTESIAN_POINT('',(-0.395925,-0.0725,-0.001));
#10460=CARTESIAN_POINT('',(-0.395925,-0.0745,-0.001));
#10461=CARTESIAN_POINT('',(-0.395925,-0.0745,-0.001));
#10462=CARTESIAN_POINT('',(-0.401175,-0.0705,-0.001));
#10463=CARTESIAN_POINT('',(-0.406425,-0.0705,-0.001));
#10464=CARTESIAN_POINT('',(-0.406425,-0.0705,-0.001));
#10465=CARTESIAN_POINT('',(-0.401175,-0.0705,-0.001));
#10466=CARTESIAN_POINT('',(-0.406425,-0.058,-0.001));
#10467=CARTESIAN_POINT('',(-0.406425,-0.0455,-0.001));
#10468=CARTESIAN_POINT('',(-0.406425,-0.0455,-0.001));
#10469=CARTESIAN_POINT('',(-0.406425,-0.058,-0.001));
#10470=CARTESIAN_POINT('',(-0.388425,-0.0455,-0.001));
#10471=CARTESIAN_POINT('',(-0.370425,-0.0455,-0.001));
#10472=CARTESIAN_POINT('',(-0.370425,-0.0455,-0.001));
#10473=CARTESIAN_POINT('',(-0.388425,-0.0455,-0.001));
#10474=CARTESIAN_POINT('',(-0.370425,-0.058,-0.001));
#10475=CARTESIAN_POINT('',(-0.370425,-0.0705,-0.001));
#10476=CARTESIAN_POINT('',(-0.370425,-0.0705,-0.001));
#10477=CARTESIAN_POINT('',(-0.370425,-0.058,-0.001));
#10478=CARTESIAN_POINT('',(-0.375675,-0.0705,-0.001));
#10479=CARTESIAN_POINT('',(-0.380925,-0.0705,-0.001));
#10480=CARTESIAN_POINT('',(-0.380925,-0.0705,-0.001));
#10481=CARTESIAN_POINT('',(-0.375675,-0.0705,-0.001));
#10482=CARTESIAN_POINT('',(-0.380925,-0.0725,-0.001));
#10483=CARTESIAN_POINT('',(-0.380925,-0.0745,-0.001));
#10484=CARTESIAN_POINT('',(-0.380925,-0.0745,-0.001));
#10485=CARTESIAN_POINT('',(-0.380925,-0.0725,-0.001));
#10486=CARTESIAN_POINT('',(-0.388425,-0.0745,-0.001));
#10487=CARTESIAN_POINT('',(-0.388425,-0.0745,-0.001));
#10488=CARTESIAN_POINT('',(-0.319275,-0.125044466497459,-0.001));
#10489=CARTESIAN_POINT('',(-0.402425,-0.0565,-0.001));
#10490=CARTESIAN_POINT('',(-0.402425,-0.0625,-0.001));
#10491=CARTESIAN_POINT('',(-0.402425,-0.0505,-0.001));
#10492=CARTESIAN_POINT('',(-0.401425,-0.0625,-0.001));
#10493=CARTESIAN_POINT('',(-0.401425,-0.0635,-0.001));
#10494=CARTESIAN_POINT('',(-0.388425,-0.0635,-0.001));
#10495=CARTESIAN_POINT('',(-0.375425,-0.0635,-0.001));
#10496=CARTESIAN_POINT('',(-0.375425,-0.0625,-0.001));
#10497=CARTESIAN_POINT('',(-0.374425,-0.0625,-0.001));
#10498=CARTESIAN_POINT('',(-0.374425,-0.0565,-0.001));
#10499=CARTESIAN_POINT('',(-0.374425,-0.0505,-0.001));
#10500=CARTESIAN_POINT('',(-0.375425,-0.0505,-0.001));
#10501=CARTESIAN_POINT('',(-0.375425,-0.0495,-0.001));
#10502=CARTESIAN_POINT('',(-0.388425,-0.0495,-0.001));
#10503=CARTESIAN_POINT('',(-0.401425,-0.0495,-0.001));
#10504=CARTESIAN_POINT('',(-0.401425,-0.0505,-0.001));
#10505=CARTESIAN_POINT('',(-0.373075,-0.07225,-0.0045));
#10506=CARTESIAN_POINT('',(-0.373075,-0.07225,-0.0045));
#10507=CARTESIAN_POINT('',(-0.374675,-0.07225,-0.0045));
#10508=CARTESIAN_POINT('',(-0.319275,-0.125044466497459,-0.0045));
#10509=CARTESIAN_POINT('',(-0.373075,-0.04375,-0.0045));
#10510=CARTESIAN_POINT('',(-0.373075,-0.04375,-0.0045));
#10511=CARTESIAN_POINT('',(-0.374675,-0.04375,-0.0045));
#10512=CARTESIAN_POINT('',(-0.319275,-0.125044466497459,-0.0045));
#10513=CARTESIAN_POINT('',(-0.403775,-0.04375,-0.0045));
#10514=CARTESIAN_POINT('',(-0.403775,-0.04375,-0.0045));
#10515=CARTESIAN_POINT('',(-0.405375,-0.04375,-0.0045));
#10516=CARTESIAN_POINT('',(-0.319275,-0.125044466497459,-0.0045));
#10517=CARTESIAN_POINT('',(-0.403775,-0.07225,-0.0045));
#10518=CARTESIAN_POINT('',(-0.403775,-0.07225,-0.0045));
#10519=CARTESIAN_POINT('',(-0.405375,-0.07225,-0.0045));
#10520=CARTESIAN_POINT('',(-0.319275,-0.125044466497459,-0.0045));
#10521=CARTESIAN_POINT('',(-0.375425,-0.0625,-0.001));
#10522=CARTESIAN_POINT('',(-0.373425,-0.0625,-0.001));
#10523=CARTESIAN_POINT('',(-0.375425,-0.0645,-0.001));
#10524=CARTESIAN_POINT('',(-0.409952,-0.0645,-0.001));
#10525=CARTESIAN_POINT('',(-0.401425,-0.0645,-0.001));
#10526=CARTESIAN_POINT('',(-0.373425,-0.124775,-0.001));
#10527=CARTESIAN_POINT('',(-0.373425,-0.0505,-0.001));
#10528=CARTESIAN_POINT('',(-0.401425,-0.0625,-0.001));
#10529=CARTESIAN_POINT('',(-0.403425,-0.0625,-0.001));
#10530=CARTESIAN_POINT('',(-0.375425,-0.0505,-0.001));
#10531=CARTESIAN_POINT('',(-0.375425,-0.0485,-0.001));
#10532=CARTESIAN_POINT('',(-0.403425,-0.0565,-0.001));
#10533=CARTESIAN_POINT('',(-0.403425,-0.0505,-0.001));
#10534=CARTESIAN_POINT('',(-0.388425,-0.0485,-0.001));
#10535=CARTESIAN_POINT('',(-0.401425,-0.0485,-0.001));
#10536=CARTESIAN_POINT('',(-0.401425,-0.0505,-0.001));
#10537=CARTESIAN_POINT('',(-0.274124999999996,-0.23755,-0.025));
#10538=CARTESIAN_POINT('',(-0.283649999999996,-0.23755,-0.025));
#10539=CARTESIAN_POINT('',(-0.264599999999996,-0.23755,-0.025));
#10540=CARTESIAN_POINT('',(-0.264599999999996,-0.228025,-0.025));
#10541=CARTESIAN_POINT('',(-0.264599999999996,-0.2185,-0.025));
#10542=CARTESIAN_POINT('',(-0.274124999999996,-0.2185,-0.025));
#10543=CARTESIAN_POINT('',(-0.283649999999996,-0.2185,-0.025));
#10544=CARTESIAN_POINT('',(-0.283649999999996,-0.228025,-0.025));
#10545=CARTESIAN_POINT('',(-0.312224999999996,-0.23755,-0.025));
#10546=CARTESIAN_POINT('',(-0.321749999999996,-0.23755,-0.025));
#10547=CARTESIAN_POINT('',(-0.302699999999996,-0.23755,-0.025));
#10548=CARTESIAN_POINT('',(-0.302699999999996,-0.228025,-0.025));
#10549=CARTESIAN_POINT('',(-0.302699999999996,-0.2185,-0.025));
#10550=CARTESIAN_POINT('',(-0.312224999999996,-0.2185,-0.025));
#10551=CARTESIAN_POINT('',(-0.321749999999996,-0.2185,-0.025));
#10552=CARTESIAN_POINT('',(-0.321749999999996,-0.228025,-0.025));
#10553=CARTESIAN_POINT('',(-0.350325,-0.23755,-0.025));
#10554=CARTESIAN_POINT('',(-0.35985,-0.23755,-0.025));
#10555=CARTESIAN_POINT('',(-0.340799999999996,-0.23755,-0.025));
#10556=CARTESIAN_POINT('',(-0.340799999999996,-0.228025,-0.025));
#10557=CARTESIAN_POINT('',(-0.340799999999996,-0.2185,-0.025));
#10558=CARTESIAN_POINT('',(-0.350325,-0.2185,-0.025));
#10559=CARTESIAN_POINT('',(-0.35985,-0.2185,-0.025));
#10560=CARTESIAN_POINT('',(-0.35985,-0.228025,-0.025));
#10561=CARTESIAN_POINT('',(-0.388425,-0.23755,-0.025));
#10562=CARTESIAN_POINT('',(-0.39795,-0.23755,-0.025));
#10563=CARTESIAN_POINT('',(-0.3789,-0.23755,-0.025));
#10564=CARTESIAN_POINT('',(-0.3789,-0.228025,-0.025));
#10565=CARTESIAN_POINT('',(-0.3789,-0.2185,-0.025));
#10566=CARTESIAN_POINT('',(-0.388425,-0.2185,-0.025));
#10567=CARTESIAN_POINT('',(-0.39795,-0.2185,-0.025));
#10568=CARTESIAN_POINT('',(-0.39795,-0.228025,-0.025));
#10569=CARTESIAN_POINT('',(-0.369375,-0.228025,-0.0125));
#10570=CARTESIAN_POINT('',(-0.369375,-0.228025,-0.0115));
#10571=CARTESIAN_POINT('',(-0.370125,-0.228025,-0.0115));
#10572=CARTESIAN_POINT('',(-0.369375,-0.228025,-0.003));
#10573=CARTESIAN_POINT('',(-0.370125,-0.228025,-0.003));
#10574=CARTESIAN_POINT('',(-0.369375,-0.228025,-0.0125));
#10575=CARTESIAN_POINT('',(-0.369375,-0.228025,-0.005));
#10576=CARTESIAN_POINT('',(-0.365875,-0.228025,-0.005));
#10577=CARTESIAN_POINT('',(-0.369375,-0.228025,-0.0125));
#10578=CARTESIAN_POINT('',(-0.372875,-0.228025,-0.0125));
#10579=CARTESIAN_POINT('',(-0.204975,-0.125044466497459,-0.0125));
#10580=CARTESIAN_POINT('',(-0.369375,-0.228025,-0.0125));
#10581=CARTESIAN_POINT('',(-0.372225,-0.228025,-0.0125));
#10582=CARTESIAN_POINT('',(-0.409952,-0.124775,-0.003));
#10583=CARTESIAN_POINT('',(-0.369375,-0.228025,-0.005));
#10584=CARTESIAN_POINT('',(-0.369375,-0.228025,-0.0115));
#10585=CARTESIAN_POINT('',(-0.331274999999996,-0.228025,-0.0125));
#10586=CARTESIAN_POINT('',(-0.331274999999996,-0.228025,-0.0115));
#10587=CARTESIAN_POINT('',(-0.332024999999996,-0.228025,-0.0115));
#10588=CARTESIAN_POINT('',(-0.331274999999996,-0.228025,-0.003));
#10589=CARTESIAN_POINT('',(-0.332024999999996,-0.228025,-0.003));
#10590=CARTESIAN_POINT('',(-0.331274999999996,-0.228025,-0.0125));
#10591=CARTESIAN_POINT('',(-0.331274999999996,-0.228025,-0.005));
#10592=CARTESIAN_POINT('',(-0.327774999999996,-0.228025,-0.005));
#10593=CARTESIAN_POINT('',(-0.331274999999996,-0.228025,-0.0125));
#10594=CARTESIAN_POINT('',(-0.334774999999996,-0.228025,-0.0125));
#10595=CARTESIAN_POINT('',(-0.166875,-0.125044466497459,-0.0125));
#10596=CARTESIAN_POINT('',(-0.331274999999996,-0.228025,-0.0125));
#10597=CARTESIAN_POINT('',(-0.334124999999996,-0.228025,-0.0125));
#10598=CARTESIAN_POINT('',(-0.409952,-0.124775,-0.003));
#10599=CARTESIAN_POINT('',(-0.331274999999996,-0.228025,-0.005));
#10600=CARTESIAN_POINT('',(-0.331274999999996,-0.228025,-0.0115));
#10601=CARTESIAN_POINT('',(-0.289364999999996,-0.228025,-0.0125));
#10602=CARTESIAN_POINT('',(-0.289364999999996,-0.228025,-0.0115));
#10603=CARTESIAN_POINT('',(-0.290114999999996,-0.228025,-0.0115));
#10604=CARTESIAN_POINT('',(-0.289364999999996,-0.228025,-0.003));
#10605=CARTESIAN_POINT('',(-0.290114999999996,-0.228025,-0.003));
#10606=CARTESIAN_POINT('',(-0.289364999999996,-0.228025,-0.0125));
#10607=CARTESIAN_POINT('',(-0.289364999999996,-0.228025,-0.005));
#10608=CARTESIAN_POINT('',(-0.285864999999996,-0.228025,-0.005));
#10609=CARTESIAN_POINT('',(-0.289364999999996,-0.228025,-0.0125));
#10610=CARTESIAN_POINT('',(-0.292864999999996,-0.228025,-0.0125));
#10611=CARTESIAN_POINT('',(-0.124964999999998,-0.125044466497459,-0.0125));
#10612=CARTESIAN_POINT('',(-0.289364999999996,-0.228025,-0.0125));
#10613=CARTESIAN_POINT('',(-0.292214999999996,-0.228025,-0.0125));
#10614=CARTESIAN_POINT('',(-0.409952,-0.124775,-0.003));
#10615=CARTESIAN_POINT('',(-0.289364999999996,-0.228025,-0.005));
#10616=CARTESIAN_POINT('',(-0.289364999999996,-0.228025,-0.0115));
#10617=CARTESIAN_POINT('',(-0.261,-0.0145936244307584,-0.0349428061666441));
#10618=CARTESIAN_POINT('',(-0.261,-0.0149943457290954,-0.0399267225424532));
#10619=CARTESIAN_POINT('',(-0.261,-0.0145972433974247,-0.0399586507189957));
#10620=CARTESIAN_POINT('',(-0.261,-0.0159911290042573,-0.0398465782827859));
#10621=CARTESIAN_POINT('',(-0.261,-0.0136904511596316,-0.0351117791847771));
#10622=CARTESIAN_POINT('',(-0.261,-0.0134928457689414,-0.0340555637660442));
#10623=CARTESIAN_POINT('',(-0.261,-0.0146475124111668,-0.0349384734170861));
#10624=CARTESIAN_POINT('',(-0.261,-0.0146475124111668,-0.0349384734170861));
#10625=CARTESIAN_POINT('',(-0.261,-0.0145936244307584,-0.0349428061666441));
#10626=CARTESIAN_POINT('',(-0.261,-0.0155904077059202,-0.0348626619069766));
#10627=CARTESIAN_POINT('',(-0.261,-0.0155904077059202,-0.0348626619069766));
#10628=CARTESIAN_POINT('',(-0.271,-0.0145936244307584,-0.0349428061666441));
#10629=CARTESIAN_POINT('',(-0.271,-0.0145936244307584,-0.0349428061666441));
#10630=CARTESIAN_POINT('',(-0.271,-0.0146475124111668,-0.0349384734170861));
#10631=CARTESIAN_POINT('',(-0.271,-0.0155904077059202,-0.0348626619069766));
#10632=CARTESIAN_POINT('',(-0.271,-0.014615597499921,-0.034914069851485));
#10633=CARTESIAN_POINT('',(-0.271,-0.0134928457689414,-0.0340555637660442));
#10634=CARTESIAN_POINT('',(-0.271,-0.0145199297961324,-0.0395454038056524));
#10635=CARTESIAN_POINT('',(-0.271,-0.0145972433974247,-0.0399586507189957));
#10636=CARTESIAN_POINT('',(-0.271,-0.0149943457290954,-0.0399267225424532));
#10637=CARTESIAN_POINT('',(-0.271,-0.0159911290042573,-0.0398465782827859));
#10638=CARTESIAN_POINT('',(-0.271,-0.0155904077059202,-0.0348626619069766));
#10639=CARTESIAN_POINT('',(-0.204974999999997,-0.125414454002062,-0.0260324907921436));
#10640=CARTESIAN_POINT('',(-0.275,-0.0146475124111668,-0.0349384734170861));
#10641=CARTESIAN_POINT('',(-0.267,-0.0155904077059202,-0.0348626619069766));
#10642=CARTESIAN_POINT('',(-0.267,-0.0195775408065676,-0.034542084868307));
#10643=CARTESIAN_POINT('',(-0.266,-0.0195775408065676,-0.034542084868307));
#10644=CARTESIAN_POINT('',(-0.265,-0.0195775408065676,-0.034542084868307));
#10645=CARTESIAN_POINT('',(-0.265,-0.0155904077059202,-0.0348626619069766));
#10646=CARTESIAN_POINT('',(-0.204974999999997,-0.125815175300399,-0.0310164071679528));
#10647=CARTESIAN_POINT('',(-0.266,-0.0149943457290954,-0.0399267225424532));
#10648=CARTESIAN_POINT('',(-0.266,-0.0130007791787717,-0.0400870110617881));
#10649=CARTESIAN_POINT('',(-0.266,-0.0199782621049046,-0.0395260012441162));
#10650=CARTESIAN_POINT('',(-0.265,-0.0199782621049046,-0.0395260012441162));
#10651=CARTESIAN_POINT('',(-0.267,-0.0199782621049046,-0.0395260012441162));
#10652=CARTESIAN_POINT('',(-0.267,-0.0159911290042573,-0.0398465782827859));
#10653=CARTESIAN_POINT('',(-0.275,-0.0145972433974247,-0.0399586507189957));
#10654=CARTESIAN_POINT('',(-0.257,-0.0145972433974247,-0.0399586507189957));
#10655=CARTESIAN_POINT('',(-0.265,-0.0159911290042573,-0.0398465782827859));
#10656=CARTESIAN_POINT('',(-0.266,-0.0195775408065676,-0.034542084868307));
#10657=CARTESIAN_POINT('',(-0.267,-0.0199782621049046,-0.0395260012441162));
#10658=CARTESIAN_POINT('',(-0.265,-0.0195775408065676,-0.034542084868307));
#10659=CARTESIAN_POINT('',(-0.266,-0.0146737686904258,-0.0359395894418058));
#10660=CARTESIAN_POINT('',(-0.266,-0.0146737686904258,-0.0359395894418058));
#10661=CARTESIAN_POINT('',(-0.266,-0.0126802021401021,-0.0360998779611407));
#10662=CARTESIAN_POINT('',(-0.204974999999997,-0.12549459826173,-0.0270292740673054));
#10663=CARTESIAN_POINT('',(-0.368301739512646,-0.0145936244307584,-0.0349428061666441));
#10664=CARTESIAN_POINT('',(-0.368301739512646,-0.0149943457290954,-0.0399267225424532));
#10665=CARTESIAN_POINT('',(-0.368301739512646,-0.0145972433974247,-0.0399586507189957));
#10666=CARTESIAN_POINT('',(-0.368301739512646,-0.0159911290042573,-0.0398465782827859));
#10667=CARTESIAN_POINT('',(-0.368301739512646,-0.0136904511596316,-0.0351117791847771));
#10668=CARTESIAN_POINT('',(-0.368301739512646,-0.0134928457689414,-0.0340555637660442));
#10669=CARTESIAN_POINT('',(-0.368301739512646,-0.0146475124111668,-0.0349384734170861));
#10670=CARTESIAN_POINT('',(-0.368301739512646,-0.0146475124111668,-0.0349384734170861));
#10671=CARTESIAN_POINT('',(-0.368301739512646,-0.0145936244307584,-0.0349428061666441));
#10672=CARTESIAN_POINT('',(-0.368301739512646,-0.0155904077059202,-0.0348626619069766));
#10673=CARTESIAN_POINT('',(-0.368301739512646,-0.0155904077059202,-0.0348626619069766));
#10674=CARTESIAN_POINT('',(-0.378301739512646,-0.0145936244307584,-0.0349428061666441));
#10675=CARTESIAN_POINT('',(-0.378301739512646,-0.0149943457290954,-0.0399267225424532));
#10676=CARTESIAN_POINT('',(-0.378301739512646,-0.0145972433974247,-0.0399586507189957));
#10677=CARTESIAN_POINT('',(-0.378301739512646,-0.0159911290042573,-0.0398465782827859));
#10678=CARTESIAN_POINT('',(-0.378301739512646,-0.0155904077059202,-0.0348626619069766));
#10679=CARTESIAN_POINT('',(-0.378301739512646,-0.0155904077059202,-0.0348626619069766));
#10680=CARTESIAN_POINT('',(-0.378301739512646,-0.0145936244307584,-0.0349428061666441));
#10681=CARTESIAN_POINT('',(-0.378301739512646,-0.0146475124111668,-0.0349384734170861));
#10682=CARTESIAN_POINT('',(-0.378301739512646,-0.014615597499921,-0.034914069851485));
#10683=CARTESIAN_POINT('',(-0.378301739512646,-0.0134928457689414,-0.0340555637660442));
#10684=CARTESIAN_POINT('',(-0.378301739512646,-0.0145199297961324,-0.0395454038056524));
#10685=CARTESIAN_POINT('',(-0.312276739512643,-0.125414454002062,-0.0260324907921436));
#10686=CARTESIAN_POINT('',(-0.382301739512646,-0.0146475124111668,-0.0349384734170861));
#10687=CARTESIAN_POINT('',(-0.374301739512646,-0.0155904077059202,-0.0348626619069766));
#10688=CARTESIAN_POINT('',(-0.374301739512646,-0.0195775408065676,-0.034542084868307));
#10689=CARTESIAN_POINT('',(-0.373301739512646,-0.0195775408065676,-0.034542084868307));
#10690=CARTESIAN_POINT('',(-0.372301739512646,-0.0195775408065676,-0.034542084868307));
#10691=CARTESIAN_POINT('',(-0.372301739512646,-0.0155904077059202,-0.0348626619069766));
#10692=CARTESIAN_POINT('',(-0.312276739512643,-0.125815175300399,-0.0310164071679528));
#10693=CARTESIAN_POINT('',(-0.373301739512646,-0.0149943457290954,-0.0399267225424532));
#10694=CARTESIAN_POINT('',(-0.373301739512646,-0.0130007791787717,-0.0400870110617881));
#10695=CARTESIAN_POINT('',(-0.372301739512646,-0.0159911290042573,-0.0398465782827859));
#10696=CARTESIAN_POINT('',(-0.372301739512646,-0.0199782621049046,-0.0395260012441162));
#10697=CARTESIAN_POINT('',(-0.373301739512646,-0.0199782621049046,-0.0395260012441162));
#10698=CARTESIAN_POINT('',(-0.374301739512646,-0.0199782621049046,-0.0395260012441162));
#10699=CARTESIAN_POINT('',(-0.374301739512646,-0.0159911290042573,-0.0398465782827859));
#10700=CARTESIAN_POINT('',(-0.382301739512646,-0.0145972433974247,-0.0399586507189957));
#10701=CARTESIAN_POINT('',(-0.364301739512646,-0.0145972433974247,-0.0399586507189957));
#10702=CARTESIAN_POINT('',(-0.373301739512646,-0.0195775408065676,-0.034542084868307));
#10703=CARTESIAN_POINT('',(-0.372301739512646,-0.0195775408065676,-0.034542084868307));
#10704=CARTESIAN_POINT('',(-0.374301739512646,-0.0199782621049046,-0.0395260012441162));
#10705=CARTESIAN_POINT('',(-0.373301739512646,-0.0146737686904258,-0.0359395894418058));
#10706=CARTESIAN_POINT('',(-0.373301739512646,-0.0146737686904258,-0.0359395894418058));
#10707=CARTESIAN_POINT('',(-0.373301739512646,-0.0126802021401021,-0.0360998779611407));
#10708=CARTESIAN_POINT('',(-0.312276739512643,-0.12549459826173,-0.0270292740673054));
#10709=CARTESIAN_POINT('',(-0.398556161828816,-0.0395132063098044,-0.032939199674959));
#10710=CARTESIAN_POINT('',(-0.398556161828816,-0.0399139276081414,-0.0379231160507682));
#10711=CARTESIAN_POINT('',(-0.397556161828816,-0.0399139276081414,-0.0379231160507682));
#10712=CARTESIAN_POINT('',(-0.398878500999752,-0.0399139276081414,-0.0379231160507682));
#10713=CARTESIAN_POINT('',(-0.399448360527038,-0.039479412871326,-0.0325188984029121));
#10714=CARTESIAN_POINT('',(-0.399502736493033,-0.039437951498089,-0.0320032282403906));
#10715=CARTESIAN_POINT('',(-0.398513038182328,-0.0395093677706976,-0.0328914583694846));
#10716=CARTESIAN_POINT('',(-0.398459843083636,-0.0395132063098044,-0.032939199674959));
#10717=CARTESIAN_POINT('',(-0.398556161828816,-0.0395132063098044,-0.032939199674959));
#10718=CARTESIAN_POINT('',(-0.397556161828816,-0.0395132063098044,-0.032939199674959));
#10719=CARTESIAN_POINT('',(-0.397556161828816,-0.0399139276081414,-0.0379231160507682));
#10720=CARTESIAN_POINT('',(-0.398556161828816,-0.0494810390614228,-0.032137757078285));
#10721=CARTESIAN_POINT('',(-0.398556161828816,-0.0498817603597598,-0.0371216734540942));
#10722=CARTESIAN_POINT('',(-0.397556161828816,-0.0498817603597598,-0.0371216734540942));
#10723=CARTESIAN_POINT('',(-0.399030618755231,-0.0498817603597598,-0.0371216734540942));
#10724=CARTESIAN_POINT('',(-0.397556161828816,-0.0494810390614228,-0.032137757078285));
#10725=CARTESIAN_POINT('',(-0.397556161828816,-0.0494810390614228,-0.032137757078285));
#10726=CARTESIAN_POINT('',(-0.398556161828816,-0.0494810390614228,-0.032137757078285));
#10727=CARTESIAN_POINT('',(-0.398544352947792,-0.0494810390614228,-0.032137757078285));
#10728=CARTESIAN_POINT('',(-0.399037480721898,-0.0494454551393675,-0.0316951869114802));
#10729=CARTESIAN_POINT('',(-0.399661921197497,-0.0494003957402043,-0.0311347667932945));
#10730=CARTESIAN_POINT('',(-0.39954523176014,-0.049489370790607,-0.0322413818211976));
#10731=CARTESIAN_POINT('',(-0.337531161828813,-0.155317952256917,-0.0236281630021216));
#10732=CARTESIAN_POINT('',(-0.398578229874986,-0.0534767802424755,-0.031816487925042));
#10733=CARTESIAN_POINT('',(-0.397556161828816,-0.0454939059607755,-0.0324583341169546));
#10734=CARTESIAN_POINT('',(-0.393556161828816,-0.0454939059607755,-0.0324583341169546));
#10735=CARTESIAN_POINT('',(-0.393556161828816,-0.0444971226856136,-0.032538478376622));
#10736=CARTESIAN_POINT('',(-0.393556161828816,-0.0435003394104517,-0.0326186226362894));
#10737=CARTESIAN_POINT('',(-0.397556161828816,-0.0435003394104517,-0.0326186226362894));
#10738=CARTESIAN_POINT('',(-0.337531161828813,-0.155718673555254,-0.0286120793779307));
#10739=CARTESIAN_POINT('',(-0.398556161828816,-0.0448978439839506,-0.0375223947524312));
#10740=CARTESIAN_POINT('',(-0.398556161828816,-0.0429042774336269,-0.037682683271766));
#10741=CARTESIAN_POINT('',(-0.397556161828816,-0.0439010607087888,-0.0376025390120986));
#10742=CARTESIAN_POINT('',(-0.393556161828816,-0.0439010607087888,-0.0376025390120986));
#10743=CARTESIAN_POINT('',(-0.393556161828816,-0.0448978439839506,-0.0375223947524312));
#10744=CARTESIAN_POINT('',(-0.393556161828816,-0.0458946272591125,-0.0374422504927638));
#10745=CARTESIAN_POINT('',(-0.397556161828816,-0.0458946272591125,-0.0374422504927638));
#10746=CARTESIAN_POINT('',(-0.399030618755232,-0.0538688934604072,-0.0368010964154245));
#10747=CARTESIAN_POINT('',(-0.398878500999752,-0.035926794507494,-0.0382436930894378));
#10748=CARTESIAN_POINT('',(-0.393556161828816,-0.0444971226856136,-0.032538478376622));
#10749=CARTESIAN_POINT('',(-0.393556161828816,-0.0435003394104517,-0.0326186226362894));
#10750=CARTESIAN_POINT('',(-0.393556161828816,-0.0454939059607755,-0.0324583341169546));
#10751=CARTESIAN_POINT('',(-0.398556161828816,-0.044577266945281,-0.0335352616517838));
#10752=CARTESIAN_POINT('',(-0.398556161828816,-0.044577266945281,-0.0335352616517838));
#10753=CARTESIAN_POINT('',(-0.398556161828816,-0.0425837003949573,-0.0336955501711186));
#10754=CARTESIAN_POINT('',(-0.337531161828813,-0.155398096516585,-0.0246249462772834));
#10755=CARTESIAN_POINT('',(-0.261,-0.241219199949175,-0.0167214541193061));
#10756=CARTESIAN_POINT('',(-0.261,-0.241619921247512,-0.0217053704951153));
#10757=CARTESIAN_POINT('',(-0.261,-0.24062313797235,-0.0217855147547828));
#10758=CARTESIAN_POINT('',(-0.261,-0.242017023579184,-0.0216734423185729));
#10759=CARTESIAN_POINT('',(-0.261,-0.240222416674014,-0.0168015983789736));
#10760=CARTESIAN_POINT('',(-0.261,-0.240222416674014,-0.0168015983789736));
#10761=CARTESIAN_POINT('',(-0.261,-0.241219199949175,-0.0167214541193061));
#10762=CARTESIAN_POINT('',(-0.261,-0.241165311968768,-0.016725786868864));
#10763=CARTESIAN_POINT('',(-0.261,-0.241165311968768,-0.016725786868864));
#10764=CARTESIAN_POINT('',(-0.261,-0.242164080478059,-0.0156697348003473));
#10765=CARTESIAN_POINT('',(-0.261,-0.242137768183278,-0.0167439538489319));
#10766=CARTESIAN_POINT('',(-0.271,-0.241219199949175,-0.0167214541193061));
#10767=CARTESIAN_POINT('',(-0.271,-0.241219199949175,-0.0167214541193061));
#10768=CARTESIAN_POINT('',(-0.271,-0.240222416674014,-0.0168015983789736));
#10769=CARTESIAN_POINT('',(-0.271,-0.241165311968768,-0.016725786868864));
#10770=CARTESIAN_POINT('',(-0.271,-0.240222416674014,-0.0168015983789736));
#10771=CARTESIAN_POINT('',(-0.271,-0.24062313797235,-0.0217855147547828));
#10772=CARTESIAN_POINT('',(-0.271,-0.241619921247512,-0.0217053704951153));
#10773=CARTESIAN_POINT('',(-0.271,-0.242017023579184,-0.0216734423185729));
#10774=CARTESIAN_POINT('',(-0.271,-0.242150427751024,-0.016227117558782));
#10775=CARTESIAN_POINT('',(-0.271,-0.242164080478059,-0.0156697348003473));
#10776=CARTESIAN_POINT('',(-0.271,-0.241192917865711,-0.016696597658052));
#10777=CARTESIAN_POINT('',(-0.204974999999997,-0.352040029520479,-0.00781113874480569));
#10778=CARTESIAN_POINT('',(-0.257,-0.241165311968768,-0.016725786868864));
#10779=CARTESIAN_POINT('',(-0.265,-0.240222416674014,-0.0168015983789736));
#10780=CARTESIAN_POINT('',(-0.265,-0.236235283573366,-0.0171221754176431));
#10781=CARTESIAN_POINT('',(-0.266,-0.236235283573366,-0.0171221754176431));
#10782=CARTESIAN_POINT('',(-0.267,-0.236235283573366,-0.0171221754176431));
#10783=CARTESIAN_POINT('',(-0.267,-0.240222416674014,-0.0168015983789736));
#10784=CARTESIAN_POINT('',(-0.204974999999997,-0.352440750818817,-0.0127950551206149));
#10785=CARTESIAN_POINT('',(-0.266,-0.241619921247512,-0.0217053704951153));
#10786=CARTESIAN_POINT('',(-0.266,-0.239626354697189,-0.0218656590144502));
#10787=CARTESIAN_POINT('',(-0.267,-0.24062313797235,-0.0217855147547828));
#10788=CARTESIAN_POINT('',(-0.267,-0.236636004871703,-0.0221060917934524));
#10789=CARTESIAN_POINT('',(-0.266,-0.236636004871703,-0.0221060917934524));
#10790=CARTESIAN_POINT('',(-0.265,-0.236636004871703,-0.0221060917934524));
#10791=CARTESIAN_POINT('',(-0.265,-0.24062313797235,-0.0217855147547828));
#10792=CARTESIAN_POINT('',(-0.257,-0.242017023579184,-0.0216734423185729));
#10793=CARTESIAN_POINT('',(-0.275,-0.242017023579184,-0.0216734423185729));
#10794=CARTESIAN_POINT('',(-0.266,-0.236235283573366,-0.0171221754176431));
#10795=CARTESIAN_POINT('',(-0.267,-0.236235283573366,-0.0171221754176431));
#10796=CARTESIAN_POINT('',(-0.265,-0.236636004871703,-0.0221060917934524));
#10797=CARTESIAN_POINT('',(-0.266,-0.241299344208843,-0.0177182373944679));
#10798=CARTESIAN_POINT('',(-0.266,-0.241299344208843,-0.0177182373944679));
#10799=CARTESIAN_POINT('',(-0.266,-0.239305777658519,-0.0178785259138028));
#10800=CARTESIAN_POINT('',(-0.204974999999997,-0.352120173780147,-0.00880792201996753));
#10801=CARTESIAN_POINT('',(-0.37022312975649,-0.241219199949175,-0.0167214541193061));
#10802=CARTESIAN_POINT('',(-0.37022312975649,-0.241219199949175,-0.0167214541193061));
#10803=CARTESIAN_POINT('',(-0.37022312975649,-0.240222416674014,-0.0168015983789736));
#10804=CARTESIAN_POINT('',(-0.37022312975649,-0.241165311968768,-0.016725786868864));
#10805=CARTESIAN_POINT('',(-0.37022312975649,-0.241165311968768,-0.016725786868864));
#10806=CARTESIAN_POINT('',(-0.37022312975649,-0.242164080478059,-0.0156697348003473));
#10807=CARTESIAN_POINT('',(-0.37022312975649,-0.242137768183278,-0.0167439538489319));
#10808=CARTESIAN_POINT('',(-0.37022312975649,-0.242017023579184,-0.0216734423185729));
#10809=CARTESIAN_POINT('',(-0.37022312975649,-0.241619921247512,-0.0217053704951153));
#10810=CARTESIAN_POINT('',(-0.37022312975649,-0.24062313797235,-0.0217855147547828));
#10811=CARTESIAN_POINT('',(-0.37022312975649,-0.240222416674014,-0.0168015983789736));
#10812=CARTESIAN_POINT('',(-0.38022312975649,-0.241219199949175,-0.0167214541193061));
#10813=CARTESIAN_POINT('',(-0.38022312975649,-0.241619921247512,-0.0217053704951153));
#10814=CARTESIAN_POINT('',(-0.38022312975649,-0.24062313797235,-0.0217855147547828));
#10815=CARTESIAN_POINT('',(-0.38022312975649,-0.242017023579184,-0.0216734423185729));
#10816=CARTESIAN_POINT('',(-0.38022312975649,-0.242150427751024,-0.016227117558782));
#10817=CARTESIAN_POINT('',(-0.38022312975649,-0.242164080478059,-0.0156697348003473));
#10818=CARTESIAN_POINT('',(-0.38022312975649,-0.241192917865711,-0.016696597658052));
#10819=CARTESIAN_POINT('',(-0.38022312975649,-0.241165311968768,-0.016725786868864));
#10820=CARTESIAN_POINT('',(-0.38022312975649,-0.241219199949175,-0.0167214541193061));
#10821=CARTESIAN_POINT('',(-0.38022312975649,-0.240222416674014,-0.0168015983789736));
#10822=CARTESIAN_POINT('',(-0.38022312975649,-0.240222416674014,-0.0168015983789736));
#10823=CARTESIAN_POINT('',(-0.314198129756486,-0.352040029520479,-0.00781113874480569));
#10824=CARTESIAN_POINT('',(-0.36622312975649,-0.241165311968768,-0.016725786868864));
#10825=CARTESIAN_POINT('',(-0.37422312975649,-0.240222416674014,-0.0168015983789736));
#10826=CARTESIAN_POINT('',(-0.37422312975649,-0.236235283573366,-0.0171221754176431));
#10827=CARTESIAN_POINT('',(-0.37522312975649,-0.236235283573366,-0.0171221754176431));
#10828=CARTESIAN_POINT('',(-0.37622312975649,-0.236235283573366,-0.0171221754176431));
#10829=CARTESIAN_POINT('',(-0.37622312975649,-0.240222416674014,-0.0168015983789736));
#10830=CARTESIAN_POINT('',(-0.314198129756486,-0.352440750818817,-0.0127950551206149));
#10831=CARTESIAN_POINT('',(-0.37522312975649,-0.241619921247512,-0.0217053704951153));
#10832=CARTESIAN_POINT('',(-0.37522312975649,-0.239626354697189,-0.0218656590144502));
#10833=CARTESIAN_POINT('',(-0.37622312975649,-0.24062313797235,-0.0217855147547828));
#10834=CARTESIAN_POINT('',(-0.37622312975649,-0.236636004871703,-0.0221060917934524));
#10835=CARTESIAN_POINT('',(-0.37522312975649,-0.236636004871703,-0.0221060917934524));
#10836=CARTESIAN_POINT('',(-0.37422312975649,-0.236636004871703,-0.0221060917934524));
#10837=CARTESIAN_POINT('',(-0.37422312975649,-0.24062313797235,-0.0217855147547828));
#10838=CARTESIAN_POINT('',(-0.36622312975649,-0.242017023579184,-0.0216734423185729));
#10839=CARTESIAN_POINT('',(-0.38422312975649,-0.242017023579184,-0.0216734423185729));
#10840=CARTESIAN_POINT('',(-0.37522312975649,-0.236235283573366,-0.0171221754176431));
#10841=CARTESIAN_POINT('',(-0.37622312975649,-0.236235283573366,-0.0171221754176431));
#10842=CARTESIAN_POINT('',(-0.37422312975649,-0.236636004871703,-0.0221060917934524));
#10843=CARTESIAN_POINT('',(-0.37522312975649,-0.241299344208843,-0.0177182373944679));
#10844=CARTESIAN_POINT('',(-0.37522312975649,-0.241299344208843,-0.0177182373944679));
#10845=CARTESIAN_POINT('',(-0.37522312975649,-0.239305777658519,-0.0178785259138028));
#10846=CARTESIAN_POINT('',(-0.314198129756486,-0.352120173780147,-0.00880792201996753));
#10847=CARTESIAN_POINT('',(-0.399970492887727,-0.206331785318511,-0.0195265032076652));
#10848=CARTESIAN_POINT('',(-0.399970492887727,-0.206331785318511,-0.0195265032076652));
#10849=CARTESIAN_POINT('',(-0.398970492887727,-0.206331785318511,-0.0195265032076652));
#10850=CARTESIAN_POINT('',(-0.399874174142547,-0.206331785318511,-0.0195265032076652));
#10851=CARTESIAN_POINT('',(-0.398970492887727,-0.206732506616848,-0.0245104195834744));
#10852=CARTESIAN_POINT('',(-0.398970492887727,-0.206732506616848,-0.0245104195834744));
#10853=CARTESIAN_POINT('',(-0.399970492887727,-0.206732506616848,-0.0245104195834744));
#10854=CARTESIAN_POINT('',(-0.400292832058663,-0.206732506616848,-0.0245104195834744));
#10855=CARTESIAN_POINT('',(-0.400862691585948,-0.206297991880033,-0.0191062019356182));
#10856=CARTESIAN_POINT('',(-0.400917067551943,-0.206256530506796,-0.0185905317730969));
#10857=CARTESIAN_POINT('',(-0.399927369241239,-0.206327946779404,-0.0194787619021909));
#10858=CARTESIAN_POINT('',(-0.399970492887727,-0.21629961807013,-0.0187250606109912));
#10859=CARTESIAN_POINT('',(-0.399970492887727,-0.216700339368466,-0.0237089769868004));
#10860=CARTESIAN_POINT('',(-0.398970492887727,-0.216700339368466,-0.0237089769868004));
#10861=CARTESIAN_POINT('',(-0.400444949814142,-0.216700339368466,-0.0237089769868004));
#10862=CARTESIAN_POINT('',(-0.398970492887727,-0.21629961807013,-0.0187250606109912));
#10863=CARTESIAN_POINT('',(-0.398970492887727,-0.21629961807013,-0.0187250606109912));
#10864=CARTESIAN_POINT('',(-0.399970492887727,-0.21629961807013,-0.0187250606109912));
#10865=CARTESIAN_POINT('',(-0.399958684006703,-0.21629961807013,-0.0187250606109912));
#10866=CARTESIAN_POINT('',(-0.400451811780809,-0.216264034148074,-0.0182824904441864));
#10867=CARTESIAN_POINT('',(-0.401076252256408,-0.216218974748911,-0.0177220703260008));
#10868=CARTESIAN_POINT('',(-0.40095956281905,-0.216307949799314,-0.0188286853539037));
#10869=CARTESIAN_POINT('',(-0.338945492887723,-0.322136531265625,-0.0102154665348277));
#10870=CARTESIAN_POINT('',(-0.399992560933897,-0.220295359251182,-0.0184037914577482));
#10871=CARTESIAN_POINT('',(-0.398970492887727,-0.212312484969482,-0.0190456376496608));
#10872=CARTESIAN_POINT('',(-0.394970492887727,-0.212312484969482,-0.0190456376496608));
#10873=CARTESIAN_POINT('',(-0.394970492887727,-0.21131570169432,-0.0191257819093282));
#10874=CARTESIAN_POINT('',(-0.394970492887727,-0.210318918419159,-0.0192059261689956));
#10875=CARTESIAN_POINT('',(-0.398970492887727,-0.210318918419159,-0.0192059261689956));
#10876=CARTESIAN_POINT('',(-0.338945492887723,-0.322537252563961,-0.015199382910637));
#10877=CARTESIAN_POINT('',(-0.399970492887727,-0.211716422992657,-0.0241096982851374));
#10878=CARTESIAN_POINT('',(-0.399970492887727,-0.209722856442334,-0.0242699868044722));
#10879=CARTESIAN_POINT('',(-0.398970492887727,-0.210719639717495,-0.0241898425448048));
#10880=CARTESIAN_POINT('',(-0.394970492887727,-0.210719639717495,-0.0241898425448048));
#10881=CARTESIAN_POINT('',(-0.394970492887727,-0.211716422992657,-0.0241096982851374));
#10882=CARTESIAN_POINT('',(-0.394970492887727,-0.212713206267819,-0.02402955402547));
#10883=CARTESIAN_POINT('',(-0.398970492887727,-0.212713206267819,-0.02402955402547));
#10884=CARTESIAN_POINT('',(-0.400444949814142,-0.220687472469114,-0.0233883999481307));
#10885=CARTESIAN_POINT('',(-0.400292832058663,-0.202745373516201,-0.024830996622144));
#10886=CARTESIAN_POINT('',(-0.394970492887727,-0.21131570169432,-0.0191257819093282));
#10887=CARTESIAN_POINT('',(-0.394970492887727,-0.210318918419159,-0.0192059261689956));
#10888=CARTESIAN_POINT('',(-0.394970492887727,-0.212312484969482,-0.0190456376496608));
#10889=CARTESIAN_POINT('',(-0.399970492887727,-0.211395845953988,-0.02012256518449));
#10890=CARTESIAN_POINT('',(-0.399970492887727,-0.211395845953988,-0.02012256518449));
#10891=CARTESIAN_POINT('',(-0.399970492887727,-0.209402279403664,-0.0202828537038248));
#10892=CARTESIAN_POINT('',(-0.338945492887723,-0.322216675525292,-0.0112122498099896));
#10893=CARTESIAN_POINT('',(-0.399263257897788,-0.122914303037137,-0.0262335101642916));
#10894=CARTESIAN_POINT('',(-0.399263257897788,-0.122914303037137,-0.0262335101642916));
#10895=CARTESIAN_POINT('',(-0.398263257897788,-0.122914303037137,-0.0262335101642916));
#10896=CARTESIAN_POINT('',(-0.399166939152609,-0.122914303037137,-0.0262335101642916));
#10897=CARTESIAN_POINT('',(-0.398263257897788,-0.123315024335474,-0.0312174265401008));
#10898=CARTESIAN_POINT('',(-0.398263257897788,-0.123315024335474,-0.0312174265401008));
#10899=CARTESIAN_POINT('',(-0.399263257897788,-0.123315024335474,-0.0312174265401008));
#10900=CARTESIAN_POINT('',(-0.399585597068725,-0.123315024335474,-0.0312174265401008));
#10901=CARTESIAN_POINT('',(-0.40015545659601,-0.122880509598659,-0.0258132088922447));
#10902=CARTESIAN_POINT('',(-0.400209832562005,-0.122839048225422,-0.0252975387297233));
#10903=CARTESIAN_POINT('',(-0.399220134251301,-0.12291046449803,-0.0261857688588173));
#10904=CARTESIAN_POINT('',(-0.399263257897788,-0.132882135788755,-0.0254320675676176));
#10905=CARTESIAN_POINT('',(-0.399263257897788,-0.133282857087092,-0.0304159839434268));
#10906=CARTESIAN_POINT('',(-0.398263257897788,-0.133282857087092,-0.0304159839434268));
#10907=CARTESIAN_POINT('',(-0.399737714824205,-0.133282857087092,-0.0304159839434268));
#10908=CARTESIAN_POINT('',(-0.398263257897788,-0.132882135788755,-0.0254320675676176));
#10909=CARTESIAN_POINT('',(-0.398263257897788,-0.132882135788755,-0.0254320675676176));
#10910=CARTESIAN_POINT('',(-0.399263257897788,-0.132882135788755,-0.0254320675676176));
#10911=CARTESIAN_POINT('',(-0.399251449016764,-0.132882135788755,-0.0254320675676176));
#10912=CARTESIAN_POINT('',(-0.399744576790871,-0.1328465518667,-0.0249894974008129));
#10913=CARTESIAN_POINT('',(-0.40036901726647,-0.132801492467537,-0.0244290772826272));
#10914=CARTESIAN_POINT('',(-0.400252327829112,-0.13289046751794,-0.0255356923105301));
#10915=CARTESIAN_POINT('',(-0.338238257897785,-0.23871904898425,-0.0169224734914541));
#10916=CARTESIAN_POINT('',(-0.399285325943959,-0.136877876969808,-0.0251107984143746));
#10917=CARTESIAN_POINT('',(-0.398263257897788,-0.128895002688108,-0.0257526446062872));
#10918=CARTESIAN_POINT('',(-0.394263257897788,-0.128895002688108,-0.0257526446062872));
#10919=CARTESIAN_POINT('',(-0.394263257897788,-0.127898219412946,-0.0258327888659546));
#10920=CARTESIAN_POINT('',(-0.394263257897788,-0.126901436137784,-0.025912933125622));
#10921=CARTESIAN_POINT('',(-0.398263257897788,-0.126901436137784,-0.025912933125622));
#10922=CARTESIAN_POINT('',(-0.338238257897785,-0.239119770282588,-0.0219063898672633));
#10923=CARTESIAN_POINT('',(-0.399263257897788,-0.128298940711283,-0.0308167052417638));
#10924=CARTESIAN_POINT('',(-0.399263257897788,-0.12630537416096,-0.0309769937610986));
#10925=CARTESIAN_POINT('',(-0.398263257897788,-0.127302157436121,-0.0308968495014312));
#10926=CARTESIAN_POINT('',(-0.394263257897788,-0.127302157436121,-0.0308968495014312));
#10927=CARTESIAN_POINT('',(-0.394263257897788,-0.128298940711283,-0.0308167052417638));
#10928=CARTESIAN_POINT('',(-0.394263257897788,-0.129295723986445,-0.0307365609820964));
#10929=CARTESIAN_POINT('',(-0.398263257897788,-0.129295723986445,-0.0307365609820964));
#10930=CARTESIAN_POINT('',(-0.399737714824205,-0.13726999018774,-0.0300954069047572));
#10931=CARTESIAN_POINT('',(-0.399585597068725,-0.119327891234827,-0.0315380035787704));
#10932=CARTESIAN_POINT('',(-0.394263257897788,-0.127898219412946,-0.0258327888659546));
#10933=CARTESIAN_POINT('',(-0.394263257897788,-0.126901436137784,-0.025912933125622));
#10934=CARTESIAN_POINT('',(-0.394263257897788,-0.128895002688108,-0.0257526446062872));
#10935=CARTESIAN_POINT('',(-0.399263257897788,-0.127978363672614,-0.0268295721411165));
#10936=CARTESIAN_POINT('',(-0.399263257897788,-0.127978363672614,-0.0268295721411165));
#10937=CARTESIAN_POINT('',(-0.399263257897788,-0.12598479712229,-0.0269898606604513));
#10938=CARTESIAN_POINT('',(-0.338238257897785,-0.238799193243917,-0.017919256766616));
#10939=CARTESIAN_POINT('',(-0.257,-0.00688061805047813,0.00128728211493631));
#10940=CARTESIAN_POINT('',(-0.257,-0.0134928457689414,-0.0340555637660441));
#10941=CARTESIAN_POINT('',(-0.275,-0.0136904511596316,-0.0351117791847771));
#10942=CARTESIAN_POINT('',(-0.275,-0.0134928457689414,-0.0340555637660442));
#10943=CARTESIAN_POINT('',(-0.398263257897788,-0.126901436137784,-0.025912933125622));
#10944=CARTESIAN_POINT('',(-0.398263257897788,-0.128895002688108,-0.0257526446062872));
#10945=CARTESIAN_POINT('',(-0.403072047942333,-0.134727579632318,0.00152547687103491));
#10946=CARTESIAN_POINT('',(-0.400365483791978,-0.136791319822936,-0.0241420096691686));
#10947=CARTESIAN_POINT('',(-0.400101872260003,-0.118934234257762,-0.0266419487332081));
#10948=CARTESIAN_POINT('',(-0.400213366036498,-0.118849220870023,-0.0255846063431819));
#10949=CARTESIAN_POINT('',(-0.364301739512646,-0.00688061805047813,0.00128728211493631));
#10950=CARTESIAN_POINT('',(-0.364301739512646,-0.0134928457689414,-0.0340555637660441));
#10951=CARTESIAN_POINT('',(-0.372301739512646,-0.0155904077059202,-0.0348626619069766));
#10952=CARTESIAN_POINT('',(-0.374301739512646,-0.0155904077059202,-0.0348626619069766));
#10953=CARTESIAN_POINT('',(-0.382301739512646,-0.0136904511596316,-0.0351117791847771));
#10954=CARTESIAN_POINT('',(-0.382301739512646,-0.0134928457689414,-0.0340555637660442));
#10955=CARTESIAN_POINT('',(-0.267,-0.0155904077059202,-0.0348626619069766));
#10956=CARTESIAN_POINT('',(-0.265,-0.0155904077059202,-0.0348626619069766));
#10957=CARTESIAN_POINT('',(-0.39939477619103,-0.0355331375304297,-0.0333476382438755));
#10958=CARTESIAN_POINT('',(-0.399506269967525,-0.0354481241426901,-0.0322902958538492));
#10959=CARTESIAN_POINT('',(-0.397556161828816,-0.0435003394104517,-0.0326186226362894));
#10960=CARTESIAN_POINT('',(-0.397556161828816,-0.0454939059607755,-0.0324583341169546));
#10961=CARTESIAN_POINT('',(-0.402372678291916,-0.0513205915535826,-0.00510693976182053));
#10962=CARTESIAN_POINT('',(-0.399658387723005,-0.0533902230956032,-0.030847699179836));
#10963=CARTESIAN_POINT('',(-0.36622312975649,-0.242552098961282,0.000171409020553759));
#10964=CARTESIAN_POINT('',(-0.36622312975649,-0.242164080478059,-0.0156697348003473));
#10965=CARTESIAN_POINT('',(-0.38422312975649,-0.242137768183278,-0.0167439538489319));
#10966=CARTESIAN_POINT('',(-0.38422312975649,-0.242164080478059,-0.0156697348003473));
#10967=CARTESIAN_POINT('',(-0.37622312975649,-0.240222416674014,-0.0168015983789736));
#10968=CARTESIAN_POINT('',(-0.37422312975649,-0.240222416674014,-0.0168015983789736));
#10969=CARTESIAN_POINT('',(-0.267,-0.240222416674014,-0.0168015983789736));
#10970=CARTESIAN_POINT('',(-0.265,-0.240222416674014,-0.0168015983789736));
#10971=CARTESIAN_POINT('',(-0.257,-0.242552098961282,0.000171409020553759));
#10972=CARTESIAN_POINT('',(-0.257,-0.242164080478059,-0.0156697348003473));
#10973=CARTESIAN_POINT('',(-0.275,-0.242137768183278,-0.0167439538489319));
#10974=CARTESIAN_POINT('',(-0.275,-0.242164080478059,-0.0156697348003473));
#10975=CARTESIAN_POINT('',(-0.398970492887727,-0.210318918419159,-0.0192059261689956));
#10976=CARTESIAN_POINT('',(-0.398970492887727,-0.212312484969482,-0.0190456376496608));
#10977=CARTESIAN_POINT('',(-0.40377155499573,-0.21815095442255,0.00815919655415502));
#10978=CARTESIAN_POINT('',(-0.401072718781915,-0.22020880210431,-0.0174350027125423));
#10979=CARTESIAN_POINT('',(-0.400809107249941,-0.202351716539137,-0.0199349417765816));
#10980=CARTESIAN_POINT('',(-0.400920601026436,-0.202266703151397,-0.0188775993865555));
#10981=CARTESIAN_POINT('',(-0.400144340459449,-0.238197564407254,-0.0169644023604398));
#10982=CARTESIAN_POINT('',(-0.400851575449386,-0.321615046688628,-0.0102573954038134));
#10983=CARTESIAN_POINT('',(-0.314198129756486,-0.241165311968768,-0.016725786868864));
#10984=CARTESIAN_POINT('',(-0.204974999999997,-0.241165311968768,-0.016725786868864));
#10985=CARTESIAN_POINT('',(-0.399437244390476,-0.154796467679921,-0.0236700918711072));
#10986=CARTESIAN_POINT('',(-0.312276739512643,-0.0146475124111668,-0.0349384734170861));
#10987=CARTESIAN_POINT('',(-0.204974999999997,-0.0146475124111668,-0.0349384734170861));
#10988=CARTESIAN_POINT('',(-0.256126999999996,-0.243161022071788,-0.0158068418535291));
#10989=CARTESIAN_POINT('',(-0.252,-0.243300857701994,-0.010097948011745));
#10990=CARTESIAN_POINT('',(-0.252,-0.243300857701994,-0.010097948011745));
#10991=CARTESIAN_POINT('',(-0.252,-0.243161022071788,-0.0158068418535291));
#10992=CARTESIAN_POINT('',(-0.256126999999996,-0.125313932994918,-0.006));
#10993=CARTESIAN_POINT('',(-0.252,-0.125313932994918,-0.006));
#10994=CARTESIAN_POINT('',(-0.252,-0.239302057108442,-0.006));
#10995=CARTESIAN_POINT('',(-0.252,-0.0120443862079516,-0.006));
#10996=CARTESIAN_POINT('',(-0.256124999999996,-0.239302057108442,-0.006));
#10997=CARTESIAN_POINT('',(-0.252,-0.0120443862079516,-0.006));
#10998=CARTESIAN_POINT('',(-0.256126999999996,-0.0107806214501028,-0.0249963377659025));
#10999=CARTESIAN_POINT('',(-0.252,-0.0107806214501028,-0.0249963377659025));
#11000=CARTESIAN_POINT('',(-0.252,-0.00811260446482123,-0.0107355897799635));
#11001=CARTESIAN_POINT('',(-0.256124999999996,-0.00811260446482123,-0.0107355897799635));
#11002=CARTESIAN_POINT('',(-0.252,-0.245998917447155,-0.0142940218502121));
#11003=CARTESIAN_POINT('',(-0.252,-0.245998917447155,-0.0142940218502121));
#11004=CARTESIAN_POINT('',(-0.252,-0.246270658274701,-0.0032));
#11005=CARTESIAN_POINT('',(-0.252,-0.246270658274701,-0.0032));
#11006=CARTESIAN_POINT('',(-0.252,-0.00769122401044168,-0.0237091577692196));
#11007=CARTESIAN_POINT('',(-0.252,-0.00385420358654453,-0.0032));
#11008=CARTESIAN_POINT('',(-0.252,-0.00385420358654453,-0.0032));
#11009=CARTESIAN_POINT('',(-0.252,-0.00769122401044168,-0.0237091577692196));
#11010=CARTESIAN_POINT('',(-0.252,-0.125062430930623,-0.0032));
#11011=CARTESIAN_POINT('',(-0.252,-0.125062430930623,-0.0032));
#11012=CARTESIAN_POINT('',(-0.252,-0.125044466497459,-0.0236172163408851));
#11013=CARTESIAN_POINT('',(-0.252,-0.239302057108442,-0.01));
#11014=CARTESIAN_POINT('',(-0.252,-0.0120443862079516,-0.01));
#11015=CARTESIAN_POINT('',(-0.256126999999996,-0.239302057108442,-0.01));
#11016=CARTESIAN_POINT('',(-0.256126999999996,-0.0120443862079516,-0.01));
#11017=MECHANICAL_DESIGN_GEOMETRIC_PRESENTATION_REPRESENTATION('',(#6598),
#11018);
#11018=(
GEOMETRIC_REPRESENTATION_CONTEXT(3)
GLOBAL_UNCERTAINTY_ASSIGNED_CONTEXT((#11019))
GLOBAL_UNIT_ASSIGNED_CONTEXT((#11022,#11021,#11020))
REPRESENTATION_CONTEXT('Top-Left','TOP_LEVEL_ASSEMBLY_PART')
);
#11019=UNCERTAINTY_MEASURE_WITH_UNIT(LENGTH_MEASURE(1.E-8),#11022,
'DISTANCE_ACCURACY_VALUE','Maximum Tolerance applied to model');
#11020=(
NAMED_UNIT(*)
SI_UNIT($,.STERADIAN.)
SOLID_ANGLE_UNIT()
);
#11021=(
NAMED_UNIT(*)
PLANE_ANGLE_UNIT()
SI_UNIT($,.RADIAN.)
);
#11022=(
LENGTH_UNIT()
NAMED_UNIT(*)
SI_UNIT($,.METRE.)
);
#11023=PRODUCT_DEFINITION_SHAPE('','',#11024);
#11024=PRODUCT_DEFINITION('','',#11026,#11025);
#11025=PRODUCT_DEFINITION_CONTEXT('',#11032,'design');
#11026=PRODUCT_DEFINITION_FORMATION_WITH_SPECIFIED_SOURCE('','',#11028,
 .NOT_KNOWN.);
#11027=PRODUCT_RELATED_PRODUCT_CATEGORY('','',(#11028));
#11028=PRODUCT('Top-Left','Top-Left','Top-Left',(#11030));
#11029=PRODUCT_CATEGORY('','');
#11030=PRODUCT_CONTEXT('',#11032,'mechanical');
#11031=APPLICATION_PROTOCOL_DEFINITION('international standard',
'ap242_managed_model_based_3d_engineering',2020,#11032);
#11032=APPLICATION_CONTEXT('managed model based 3d engineering');
ENDSEC;
END-ISO-10303-21;
