ISO-10303-21;
HEADER;
/* Generated by software containing ST-Developer
 * from STEP Tools, Inc. (www.steptools.com) 
 */
/* OPTION: using custom renumber hook */

FILE_DESCRIPTION(
/* description */ ('STEP AP242 Edition 2',
'CAx-IF Rec.Pracs.---Representation and Presentation of Product Manufa
cturing Information (PMI)---4.0---2014-10-13',
'CAx-IF Rec.Pracs.---3D Tessellated Geometry---0.4---2014-09-14','2;1',
'CAx-IF Rec.Pracs.---User Defined Attributes---1.5---2016-08-15'),
/* implementation_level */ '2;1');

FILE_NAME(
/* name */ 'Casing - Bottom-Right',
/* time_stamp */ '2026-09-30T14:44:54Z',
/* author */ (''),
/* organization */ (''),
/* preprocessor_version */ 'ST-DEVELOPER v20',
/* originating_system */ 'ONSHAPE BY PTC INC, 1.221',
/* authorisation */ '  ');

FILE_SCHEMA (('AP242_MANAGED_MODEL_BASED_3D_ENGINEERING_MIM_LF { 1 0 10303 442 3 1 4 }'));
ENDSEC;

DATA;
#10=SHAPE_REPRESENTATION_RELATIONSHIP('','',#2031,#11);
#11=ADVANCED_BREP_SHAPE_REPRESENTATION('',(#2029),#3583);
#12=CONICAL_SURFACE('',#2155,0.00239999999999997,0.785398163397448);
#13=CONICAL_SURFACE('',#2162,0.00239999999999997,0.785398163397449);
#14=CONICAL_SURFACE('',#2169,0.0024,0.785398163397455);
#15=CONICAL_SURFACE('',#2176,0.0024,0.785398163397455);
#16=CONICAL_SURFACE('',#2183,0.0024,0.785398163397452);
#17=CONICAL_SURFACE('',#2190,0.0024,0.785398163397453);
#18=CONICAL_SURFACE('',#2197,0.0024,0.785398163397453);
#19=CONICAL_SURFACE('',#2204,0.00239999999999997,0.785398163397449);
#20=CONICAL_SURFACE('',#2211,0.00239999999999997,0.785398163397449);
#21=CONICAL_SURFACE('',#2218,0.00239999999999997,0.785398163397448);
#22=CONICAL_SURFACE('',#2225,0.0024,0.785398163397452);
#23=CONICAL_SURFACE('',#2232,0.0024,0.785398163397455);
#24=CONICAL_SURFACE('',#2239,0.0024,0.785398163397452);
#25=CONICAL_SURFACE('',#2246,0.0024,0.785398163397453);
#26=CONICAL_SURFACE('',#2253,0.0024,0.785398163397453);
#27=CONICAL_SURFACE('',#2260,0.0024,0.785398163397453);
#28=CYLINDRICAL_SURFACE('',#2113,0.00446024045165143);
#29=CYLINDRICAL_SURFACE('',#2116,0.00446024045166045);
#30=CYLINDRICAL_SURFACE('',#2119,0.00445986087103792);
#31=CYLINDRICAL_SURFACE('',#2122,0.00245990074559037);
#32=CYLINDRICAL_SURFACE('',#2124,0.00246027759448995);
#33=CYLINDRICAL_SURFACE('',#2126,0.00246027759452337);
#34=CYLINDRICAL_SURFACE('',#2128,0.00245990074562048);
#35=CYLINDRICAL_SURFACE('',#2130,0.00445986087103793);
#36=CYLINDRICAL_SURFACE('',#2149,0.00325);
#37=CYLINDRICAL_SURFACE('',#2153,0.00124999999999997);
#38=CYLINDRICAL_SURFACE('',#2156,0.00325);
#39=CYLINDRICAL_SURFACE('',#2160,0.00124999999999997);
#40=CYLINDRICAL_SURFACE('',#2163,0.00325);
#41=CYLINDRICAL_SURFACE('',#2167,0.00124999999999997);
#42=CYLINDRICAL_SURFACE('',#2170,0.00325);
#43=CYLINDRICAL_SURFACE('',#2174,0.00124999999999997);
#44=CYLINDRICAL_SURFACE('',#2177,0.00325);
#45=CYLINDRICAL_SURFACE('',#2181,0.00124999999999997);
#46=CYLINDRICAL_SURFACE('',#2184,0.00325);
#47=CYLINDRICAL_SURFACE('',#2188,0.00124999999999997);
#48=CYLINDRICAL_SURFACE('',#2191,0.00325);
#49=CYLINDRICAL_SURFACE('',#2195,0.00124999999999997);
#50=CYLINDRICAL_SURFACE('',#2198,0.00325);
#51=CYLINDRICAL_SURFACE('',#2202,0.00124999999999997);
#52=CYLINDRICAL_SURFACE('',#2205,0.00325);
#53=CYLINDRICAL_SURFACE('',#2209,0.00124999999999997);
#54=CYLINDRICAL_SURFACE('',#2212,0.00325);
#55=CYLINDRICAL_SURFACE('',#2216,0.00124999999999997);
#56=CYLINDRICAL_SURFACE('',#2219,0.00325);
#57=CYLINDRICAL_SURFACE('',#2223,0.00124999999999997);
#58=CYLINDRICAL_SURFACE('',#2226,0.00325);
#59=CYLINDRICAL_SURFACE('',#2230,0.00124999999999997);
#60=CYLINDRICAL_SURFACE('',#2233,0.00325);
#61=CYLINDRICAL_SURFACE('',#2237,0.00124999999999997);
#62=CYLINDRICAL_SURFACE('',#2240,0.00325);
#63=CYLINDRICAL_SURFACE('',#2244,0.00124999999999997);
#64=CYLINDRICAL_SURFACE('',#2247,0.00325);
#65=CYLINDRICAL_SURFACE('',#2251,0.00124999999999997);
#66=CYLINDRICAL_SURFACE('',#2254,0.00325);
#67=CYLINDRICAL_SURFACE('',#2258,0.00124999999999997);
#68=CYLINDRICAL_SURFACE('',#2261,0.007);
#69=CYLINDRICAL_SURFACE('',#2264,0.007);
#70=CYLINDRICAL_SURFACE('',#2267,0.007);
#71=CYLINDRICAL_SURFACE('',#2270,0.007);
#72=ELLIPSE('',#2075,0.00708868967155536,0.00699997031569861);
#73=ELLIPSE('',#2077,0.00708712888061721,0.00699993661972775);
#74=ELLIPSE('',#2079,0.00708712888058568,0.00699993661970992);
#75=ELLIPSE('',#2081,0.00708868967154613,0.00699997031569083);
#76=B_SPLINE_CURVE_WITH_KNOTS('',3,(#3095,#3096,#3097,#3098,#3099),
 .UNSPECIFIED.,.F.,.F.,(4,1,4),(0.,0.5,1.),.UNSPECIFIED.);
#77=B_SPLINE_CURVE_WITH_KNOTS('',3,(#3120,#3121,#3122,#3123,#3124),
 .UNSPECIFIED.,.F.,.F.,(4,1,4),(0.,0.5,1.),.UNSPECIFIED.);
#78=B_SPLINE_CURVE_WITH_KNOTS('',3,(#3145,#3146,#3147,#3148,#3149),
 .UNSPECIFIED.,.F.,.F.,(4,1,4),(0.,0.5,1.),.UNSPECIFIED.);
#79=B_SPLINE_CURVE_WITH_KNOTS('',3,(#3167,#3168,#3169,#3170,#3171),
 .UNSPECIFIED.,.F.,.F.,(4,1,4),(0.,0.5,1.),.UNSPECIFIED.);
#80=B_SPLINE_CURVE_WITH_KNOTS('',3,(#3214,#3215,#3216,#3217,#3218,#3219),
 .UNSPECIFIED.,.F.,.F.,(4,1,1,4),(0.,0.5,0.75,1.),.UNSPECIFIED.);
#81=B_SPLINE_CURVE_WITH_KNOTS('',3,(#3224,#3225,#3226,#3227,#3228,#3229),
 .UNSPECIFIED.,.F.,.F.,(4,1,1,4),(0.,0.5,0.75,1.),.UNSPECIFIED.);
#82=B_SPLINE_CURVE_WITH_KNOTS('',3,(#3233,#3234,#3235,#3236,#3237),
 .UNSPECIFIED.,.F.,.F.,(4,1,4),(0.,0.5,1.),.UNSPECIFIED.);
#83=B_SPLINE_CURVE_WITH_KNOTS('',3,(#3241,#3242,#3243,#3244,#3245),
 .UNSPECIFIED.,.F.,.F.,(4,1,4),(0.,0.5,1.),.UNSPECIFIED.);
#84=B_SPLINE_CURVE_WITH_KNOTS('',3,(#3266,#3267,#3268,#3269),
 .UNSPECIFIED.,.F.,.F.,(4,4),(0.,1.),.UNSPECIFIED.);
#85=B_SPLINE_CURVE_WITH_KNOTS('',3,(#3270,#3271,#3272,#3273),
 .UNSPECIFIED.,.F.,.F.,(4,4),(0.,1.),.UNSPECIFIED.);
#86=B_SPLINE_CURVE_WITH_KNOTS('',3,(#3286,#3287,#3288,#3289),
 .UNSPECIFIED.,.F.,.F.,(4,4),(0.,1.),.UNSPECIFIED.);
#87=B_SPLINE_CURVE_WITH_KNOTS('',3,(#3302,#3303,#3304,#3305),
 .UNSPECIFIED.,.F.,.F.,(4,4),(0.,1.),.UNSPECIFIED.);
#88=B_SPLINE_CURVE_WITH_KNOTS('',3,(#3307,#3308,#3309,#3310),
 .UNSPECIFIED.,.F.,.F.,(4,4),(0.,1.),.UNSPECIFIED.);
#89=B_SPLINE_CURVE_WITH_KNOTS('',3,(#3312,#3313,#3314,#3315),
 .UNSPECIFIED.,.F.,.F.,(4,4),(0.,1.),.UNSPECIFIED.);
#90=B_SPLINE_CURVE_WITH_KNOTS('',3,(#3328,#3329,#3330,#3331),
 .UNSPECIFIED.,.F.,.F.,(4,4),(0.,1.),.UNSPECIFIED.);
#91=B_SPLINE_CURVE_WITH_KNOTS('',3,(#3344,#3345,#3346,#3347),
 .UNSPECIFIED.,.F.,.F.,(4,4),(0.,1.),.UNSPECIFIED.);
#92=B_SPLINE_SURFACE_WITH_KNOTS('',3,1,((#3082,#3083),(#3084,#3085),(#3086,
#3087),(#3088,#3089),(#3090,#3091)),.SURF_OF_LINEAR_EXTRUSION.,.F.,.F.,
 .F.,(4,1,4),(2,2),(0.375204913976077,0.499999999994054,0.62479508601203),
(0.,1.),.UNSPECIFIED.);
#93=B_SPLINE_SURFACE_WITH_KNOTS('',3,1,((#3107,#3108),(#3109,#3110),(#3111,
#3112),(#3113,#3114),(#3115,#3116)),.SURF_OF_LINEAR_EXTRUSION.,.F.,.F.,
 .F.,(4,1,4),(2,2),(0.876538978991285,1.00000000000034,1.1234610210094),
(0.,1.),.UNSPECIFIED.);
#94=B_SPLINE_SURFACE_WITH_KNOTS('',3,1,((#3132,#3133),(#3134,#3135),(#3136,
#3137),(#3138,#3139),(#3140,#3141)),.SURF_OF_LINEAR_EXTRUSION.,.F.,.F.,
 .F.,(4,1,4),(2,2),(0.876538978991264,1.00000000000033,1.12346102100939),
(0.,1.),.UNSPECIFIED.);
#95=B_SPLINE_SURFACE_WITH_KNOTS('',3,1,((#3157,#3158),(#3159,#3160),(#3161,
#3162),(#3163,#3164),(#3165,#3166)),.SURF_OF_LINEAR_EXTRUSION.,.F.,.F.,
 .F.,(4,1,4),(2,2),(0.375204913986075,0.499999999999051,0.624795086012027),
(0.,1.),.UNSPECIFIED.);
#96=B_SPLINE_SURFACE_WITH_KNOTS('',1,3,((#3274,#3275,#3276,#3277,#3278,
#3279),(#3280,#3281,#3282,#3283,#3284,#3285)),.RULED_SURF.,.F.,.F.,.F.,
(2,2),(4,2,4),(0.,1.),(0.,0.00463019740890949,0.00926039481781898),
 .UNSPECIFIED.);
#97=B_SPLINE_SURFACE_WITH_KNOTS('',1,3,((#3290,#3291,#3292,#3293,#3294,
#3295),(#3296,#3297,#3298,#3299,#3300,#3301)),.RULED_SURF.,.F.,.F.,.F.,
(2,2),(4,2,4),(0.,1.),(0.,0.00463019740890978,0.00926039481781957),
 .UNSPECIFIED.);
#98=B_SPLINE_SURFACE_WITH_KNOTS('',1,3,((#3316,#3317,#3318,#3319,#3320,
#3321),(#3322,#3323,#3324,#3325,#3326,#3327)),.RULED_SURF.,.F.,.F.,.F.,
(2,2),(4,2,4),(0.,1.),(0.,0.00468065800320598,0.00936131600641197),
 .UNSPECIFIED.);
#99=B_SPLINE_SURFACE_WITH_KNOTS('',1,3,((#3332,#3333,#3334,#3335,#3336,
#3337),(#3338,#3339,#3340,#3341,#3342,#3343)),.RULED_SURF.,.F.,.F.,.F.,
(2,2),(4,2,4),(0.,1.),(0.,0.00468065800339663,0.00936131600679325),
 .UNSPECIFIED.);
#100=CIRCLE('',#2034,0.00325);
#101=CIRCLE('',#2035,0.00325);
#102=CIRCLE('',#2036,0.00325);
#103=CIRCLE('',#2037,0.00245990074559037);
#104=CIRCLE('',#2038,0.00325);
#105=CIRCLE('',#2039,0.00325);
#106=CIRCLE('',#2040,0.00325);
#107=CIRCLE('',#2041,0.00246027759448995);
#108=CIRCLE('',#2042,0.00325);
#109=CIRCLE('',#2043,0.00325);
#110=CIRCLE('',#2044,0.00325);
#111=CIRCLE('',#2045,0.00325);
#112=CIRCLE('',#2046,0.00325);
#113=CIRCLE('',#2047,0.00246027759452337);
#114=CIRCLE('',#2048,0.00325);
#115=CIRCLE('',#2049,0.00325);
#116=CIRCLE('',#2050,0.00325);
#117=CIRCLE('',#2051,0.00245990074562048);
#118=CIRCLE('',#2052,0.00325);
#119=CIRCLE('',#2053,0.00325);
#120=CIRCLE('',#2083,0.007);
#121=CIRCLE('',#2084,0.007);
#122=CIRCLE('',#2085,0.007);
#123=CIRCLE('',#2086,0.007);
#124=CIRCLE('',#2087,0.00239999999999995);
#125=CIRCLE('',#2088,0.00239999999999995);
#126=CIRCLE('',#2089,0.00239999999999995);
#127=CIRCLE('',#2090,0.0024);
#128=CIRCLE('',#2091,0.0024);
#129=CIRCLE('',#2092,0.0024);
#130=CIRCLE('',#2093,0.00239999999999997);
#131=CIRCLE('',#2094,0.0024);
#132=CIRCLE('',#2095,0.0024);
#133=CIRCLE('',#2096,0.00239999999999995);
#134=CIRCLE('',#2097,0.00239999999999995);
#135=CIRCLE('',#2098,0.0024);
#136=CIRCLE('',#2099,0.0024);
#137=CIRCLE('',#2100,0.00239999999999997);
#138=CIRCLE('',#2101,0.0024);
#139=CIRCLE('',#2102,0.00239999999999997);
#140=CIRCLE('',#2104,0.00445986087103793);
#141=CIRCLE('',#2105,0.00446024045165143);
#142=CIRCLE('',#2106,0.00446024045166045);
#143=CIRCLE('',#2107,0.00445986087103792);
#144=CIRCLE('',#2114,0.00446024045165143);
#145=CIRCLE('',#2117,0.00446024045166045);
#146=CIRCLE('',#2120,0.00445986087103792);
#147=CIRCLE('',#2123,0.00245990074559037);
#148=CIRCLE('',#2125,0.00246027759448995);
#149=CIRCLE('',#2127,0.00246027759452337);
#150=CIRCLE('',#2129,0.00245990074562048);
#151=CIRCLE('',#2131,0.00445986087103793);
#152=CIRCLE('',#2133,0.00325);
#153=CIRCLE('',#2134,0.00325);
#154=CIRCLE('',#2135,0.00325);
#155=CIRCLE('',#2136,0.00325);
#156=CIRCLE('',#2137,0.00325);
#157=CIRCLE('',#2138,0.00325);
#158=CIRCLE('',#2139,0.00325);
#159=CIRCLE('',#2140,0.00325);
#160=CIRCLE('',#2141,0.00325);
#161=CIRCLE('',#2142,0.00325);
#162=CIRCLE('',#2143,0.00325);
#163=CIRCLE('',#2144,0.00325);
#164=CIRCLE('',#2145,0.00325);
#165=CIRCLE('',#2146,0.00325);
#166=CIRCLE('',#2147,0.00325);
#167=CIRCLE('',#2148,0.00325);
#168=CIRCLE('',#2150,0.00325);
#169=CIRCLE('',#2152,0.00124999999999997);
#170=CIRCLE('',#2154,0.00124999999999997);
#171=CIRCLE('',#2157,0.00325);
#172=CIRCLE('',#2159,0.00124999999999997);
#173=CIRCLE('',#2161,0.00124999999999997);
#174=CIRCLE('',#2164,0.00325);
#175=CIRCLE('',#2166,0.00124999999999997);
#176=CIRCLE('',#2168,0.00124999999999997);
#177=CIRCLE('',#2171,0.00325);
#178=CIRCLE('',#2173,0.00124999999999997);
#179=CIRCLE('',#2175,0.00124999999999997);
#180=CIRCLE('',#2178,0.00325);
#181=CIRCLE('',#2180,0.00124999999999997);
#182=CIRCLE('',#2182,0.00124999999999997);
#183=CIRCLE('',#2185,0.00325);
#184=CIRCLE('',#2187,0.00124999999999997);
#185=CIRCLE('',#2189,0.00124999999999997);
#186=CIRCLE('',#2192,0.00325);
#187=CIRCLE('',#2194,0.00124999999999997);
#188=CIRCLE('',#2196,0.00124999999999997);
#189=CIRCLE('',#2199,0.00325);
#190=CIRCLE('',#2201,0.00124999999999997);
#191=CIRCLE('',#2203,0.00124999999999997);
#192=CIRCLE('',#2206,0.00325);
#193=CIRCLE('',#2208,0.00124999999999997);
#194=CIRCLE('',#2210,0.00124999999999997);
#195=CIRCLE('',#2213,0.00325);
#196=CIRCLE('',#2215,0.00124999999999997);
#197=CIRCLE('',#2217,0.00124999999999997);
#198=CIRCLE('',#2220,0.00325);
#199=CIRCLE('',#2222,0.00124999999999997);
#200=CIRCLE('',#2224,0.00124999999999997);
#201=CIRCLE('',#2227,0.00325);
#202=CIRCLE('',#2229,0.00124999999999997);
#203=CIRCLE('',#2231,0.00124999999999997);
#204=CIRCLE('',#2234,0.00325);
#205=CIRCLE('',#2236,0.00124999999999997);
#206=CIRCLE('',#2238,0.00124999999999997);
#207=CIRCLE('',#2241,0.00325);
#208=CIRCLE('',#2243,0.00124999999999997);
#209=CIRCLE('',#2245,0.00124999999999997);
#210=CIRCLE('',#2248,0.00325);
#211=CIRCLE('',#2250,0.00124999999999997);
#212=CIRCLE('',#2252,0.00124999999999997);
#213=CIRCLE('',#2255,0.00325);
#214=CIRCLE('',#2257,0.00124999999999997);
#215=CIRCLE('',#2259,0.00124999999999997);
#216=CIRCLE('',#2262,0.007);
#217=CIRCLE('',#2265,0.007);
#218=CIRCLE('',#2268,0.007);
#219=CIRCLE('',#2271,0.007);
#220=ORIENTED_EDGE('',*,*,#732,.T.);
#221=ORIENTED_EDGE('',*,*,#733,.T.);
#222=ORIENTED_EDGE('',*,*,#734,.T.);
#223=ORIENTED_EDGE('',*,*,#735,.T.);
#224=ORIENTED_EDGE('',*,*,#736,.T.);
#225=ORIENTED_EDGE('',*,*,#737,.T.);
#226=ORIENTED_EDGE('',*,*,#738,.T.);
#227=ORIENTED_EDGE('',*,*,#739,.F.);
#228=ORIENTED_EDGE('',*,*,#740,.T.);
#229=ORIENTED_EDGE('',*,*,#741,.T.);
#230=ORIENTED_EDGE('',*,*,#742,.T.);
#231=ORIENTED_EDGE('',*,*,#743,.T.);
#232=ORIENTED_EDGE('',*,*,#744,.T.);
#233=ORIENTED_EDGE('',*,*,#745,.T.);
#234=ORIENTED_EDGE('',*,*,#746,.T.);
#235=ORIENTED_EDGE('',*,*,#747,.F.);
#236=ORIENTED_EDGE('',*,*,#748,.F.);
#237=ORIENTED_EDGE('',*,*,#749,.T.);
#238=ORIENTED_EDGE('',*,*,#750,.F.);
#239=ORIENTED_EDGE('',*,*,#751,.T.);
#240=ORIENTED_EDGE('',*,*,#752,.F.);
#241=ORIENTED_EDGE('',*,*,#753,.T.);
#242=ORIENTED_EDGE('',*,*,#754,.F.);
#243=ORIENTED_EDGE('',*,*,#755,.T.);
#244=ORIENTED_EDGE('',*,*,#756,.F.);
#245=ORIENTED_EDGE('',*,*,#757,.T.);
#246=ORIENTED_EDGE('',*,*,#758,.F.);
#247=ORIENTED_EDGE('',*,*,#759,.F.);
#248=ORIENTED_EDGE('',*,*,#760,.F.);
#249=ORIENTED_EDGE('',*,*,#761,.T.);
#250=ORIENTED_EDGE('',*,*,#762,.F.);
#251=ORIENTED_EDGE('',*,*,#763,.T.);
#252=ORIENTED_EDGE('',*,*,#764,.F.);
#253=ORIENTED_EDGE('',*,*,#765,.T.);
#254=ORIENTED_EDGE('',*,*,#766,.F.);
#255=ORIENTED_EDGE('',*,*,#767,.F.);
#256=ORIENTED_EDGE('',*,*,#768,.T.);
#257=ORIENTED_EDGE('',*,*,#769,.T.);
#258=ORIENTED_EDGE('',*,*,#770,.T.);
#259=ORIENTED_EDGE('',*,*,#771,.T.);
#260=ORIENTED_EDGE('',*,*,#772,.T.);
#261=ORIENTED_EDGE('',*,*,#773,.T.);
#262=ORIENTED_EDGE('',*,*,#732,.F.);
#263=ORIENTED_EDGE('',*,*,#774,.T.);
#264=ORIENTED_EDGE('',*,*,#734,.F.);
#265=ORIENTED_EDGE('',*,*,#775,.T.);
#266=ORIENTED_EDGE('',*,*,#776,.T.);
#267=ORIENTED_EDGE('',*,*,#777,.T.);
#268=ORIENTED_EDGE('',*,*,#778,.T.);
#269=ORIENTED_EDGE('',*,*,#779,.T.);
#270=ORIENTED_EDGE('',*,*,#770,.F.);
#271=ORIENTED_EDGE('',*,*,#780,.T.);
#272=ORIENTED_EDGE('',*,*,#781,.T.);
#273=ORIENTED_EDGE('',*,*,#782,.T.);
#274=ORIENTED_EDGE('',*,*,#768,.F.);
#275=ORIENTED_EDGE('',*,*,#783,.F.);
#276=ORIENTED_EDGE('',*,*,#784,.F.);
#277=ORIENTED_EDGE('',*,*,#785,.F.);
#278=ORIENTED_EDGE('',*,*,#786,.T.);
#279=ORIENTED_EDGE('',*,*,#766,.T.);
#280=ORIENTED_EDGE('',*,*,#787,.F.);
#281=ORIENTED_EDGE('',*,*,#764,.T.);
#282=ORIENTED_EDGE('',*,*,#788,.F.);
#283=ORIENTED_EDGE('',*,*,#789,.F.);
#284=ORIENTED_EDGE('',*,*,#790,.F.);
#285=ORIENTED_EDGE('',*,*,#762,.T.);
#286=ORIENTED_EDGE('',*,*,#791,.F.);
#287=ORIENTED_EDGE('',*,*,#792,.F.);
#288=ORIENTED_EDGE('',*,*,#793,.F.);
#289=ORIENTED_EDGE('',*,*,#760,.T.);
#290=ORIENTED_EDGE('',*,*,#794,.F.);
#291=ORIENTED_EDGE('',*,*,#795,.F.);
#292=ORIENTED_EDGE('',*,*,#796,.F.);
#293=ORIENTED_EDGE('',*,*,#797,.F.);
#294=ORIENTED_EDGE('',*,*,#798,.T.);
#295=ORIENTED_EDGE('',*,*,#758,.T.);
#296=ORIENTED_EDGE('',*,*,#799,.F.);
#297=ORIENTED_EDGE('',*,*,#756,.T.);
#298=ORIENTED_EDGE('',*,*,#800,.F.);
#299=ORIENTED_EDGE('',*,*,#801,.F.);
#300=ORIENTED_EDGE('',*,*,#802,.F.);
#301=ORIENTED_EDGE('',*,*,#803,.F.);
#302=ORIENTED_EDGE('',*,*,#804,.F.);
#303=ORIENTED_EDGE('',*,*,#752,.T.);
#304=ORIENTED_EDGE('',*,*,#805,.F.);
#305=ORIENTED_EDGE('',*,*,#750,.T.);
#306=ORIENTED_EDGE('',*,*,#806,.F.);
#307=ORIENTED_EDGE('',*,*,#807,.F.);
#308=ORIENTED_EDGE('',*,*,#808,.F.);
#309=ORIENTED_EDGE('',*,*,#809,.F.);
#310=ORIENTED_EDGE('',*,*,#810,.F.);
#311=ORIENTED_EDGE('',*,*,#754,.T.);
#312=ORIENTED_EDGE('',*,*,#736,.F.);
#313=ORIENTED_EDGE('',*,*,#811,.T.);
#314=ORIENTED_EDGE('',*,*,#812,.T.);
#315=ORIENTED_EDGE('',*,*,#813,.T.);
#316=ORIENTED_EDGE('',*,*,#738,.F.);
#317=ORIENTED_EDGE('',*,*,#814,.T.);
#318=ORIENTED_EDGE('',*,*,#815,.T.);
#319=ORIENTED_EDGE('',*,*,#816,.T.);
#320=ORIENTED_EDGE('',*,*,#817,.T.);
#321=ORIENTED_EDGE('',*,*,#818,.T.);
#322=ORIENTED_EDGE('',*,*,#740,.F.);
#323=ORIENTED_EDGE('',*,*,#819,.F.);
#324=ORIENTED_EDGE('',*,*,#742,.F.);
#325=ORIENTED_EDGE('',*,*,#820,.T.);
#326=ORIENTED_EDGE('',*,*,#821,.T.);
#327=ORIENTED_EDGE('',*,*,#822,.T.);
#328=ORIENTED_EDGE('',*,*,#744,.F.);
#329=ORIENTED_EDGE('',*,*,#823,.T.);
#330=ORIENTED_EDGE('',*,*,#824,.T.);
#331=ORIENTED_EDGE('',*,*,#825,.T.);
#332=ORIENTED_EDGE('',*,*,#746,.F.);
#333=ORIENTED_EDGE('',*,*,#826,.T.);
#334=ORIENTED_EDGE('',*,*,#827,.T.);
#335=ORIENTED_EDGE('',*,*,#828,.T.);
#336=ORIENTED_EDGE('',*,*,#829,.F.);
#337=ORIENTED_EDGE('',*,*,#748,.T.);
#338=ORIENTED_EDGE('',*,*,#830,.F.);
#339=ORIENTED_EDGE('',*,*,#831,.F.);
#340=ORIENTED_EDGE('',*,*,#832,.F.);
#341=ORIENTED_EDGE('',*,*,#833,.T.);
#342=ORIENTED_EDGE('',*,*,#834,.T.);
#343=ORIENTED_EDGE('',*,*,#835,.T.);
#344=ORIENTED_EDGE('',*,*,#836,.F.);
#345=ORIENTED_EDGE('',*,*,#837,.T.);
#346=ORIENTED_EDGE('',*,*,#832,.T.);
#347=ORIENTED_EDGE('',*,*,#838,.T.);
#348=ORIENTED_EDGE('',*,*,#839,.F.);
#349=ORIENTED_EDGE('',*,*,#840,.T.);
#350=ORIENTED_EDGE('',*,*,#836,.T.);
#351=ORIENTED_EDGE('',*,*,#841,.T.);
#352=ORIENTED_EDGE('',*,*,#842,.F.);
#353=ORIENTED_EDGE('',*,*,#843,.T.);
#354=ORIENTED_EDGE('',*,*,#839,.T.);
#355=ORIENTED_EDGE('',*,*,#844,.T.);
#356=ORIENTED_EDGE('',*,*,#845,.F.);
#357=ORIENTED_EDGE('',*,*,#846,.T.);
#358=ORIENTED_EDGE('',*,*,#842,.T.);
#359=ORIENTED_EDGE('',*,*,#847,.T.);
#360=ORIENTED_EDGE('',*,*,#848,.F.);
#361=ORIENTED_EDGE('',*,*,#849,.T.);
#362=ORIENTED_EDGE('',*,*,#845,.T.);
#363=ORIENTED_EDGE('',*,*,#850,.T.);
#364=ORIENTED_EDGE('',*,*,#851,.F.);
#365=ORIENTED_EDGE('',*,*,#852,.T.);
#366=ORIENTED_EDGE('',*,*,#848,.T.);
#367=ORIENTED_EDGE('',*,*,#853,.T.);
#368=ORIENTED_EDGE('',*,*,#834,.F.);
#369=ORIENTED_EDGE('',*,*,#854,.T.);
#370=ORIENTED_EDGE('',*,*,#851,.T.);
#371=ORIENTED_EDGE('',*,*,#855,.T.);
#372=ORIENTED_EDGE('',*,*,#856,.F.);
#373=ORIENTED_EDGE('',*,*,#857,.F.);
#374=ORIENTED_EDGE('',*,*,#858,.F.);
#375=ORIENTED_EDGE('',*,*,#859,.F.);
#376=ORIENTED_EDGE('',*,*,#860,.T.);
#377=ORIENTED_EDGE('',*,*,#861,.T.);
#378=ORIENTED_EDGE('',*,*,#862,.T.);
#379=ORIENTED_EDGE('',*,*,#863,.T.);
#380=ORIENTED_EDGE('',*,*,#864,.T.);
#381=ORIENTED_EDGE('',*,*,#865,.T.);
#382=ORIENTED_EDGE('',*,*,#866,.T.);
#383=ORIENTED_EDGE('',*,*,#867,.T.);
#384=ORIENTED_EDGE('',*,*,#868,.T.);
#385=ORIENTED_EDGE('',*,*,#869,.T.);
#386=ORIENTED_EDGE('',*,*,#870,.T.);
#387=ORIENTED_EDGE('',*,*,#871,.T.);
#388=ORIENTED_EDGE('',*,*,#872,.T.);
#389=ORIENTED_EDGE('',*,*,#873,.T.);
#390=ORIENTED_EDGE('',*,*,#874,.T.);
#391=ORIENTED_EDGE('',*,*,#875,.T.);
#392=ORIENTED_EDGE('',*,*,#876,.T.);
#393=ORIENTED_EDGE('',*,*,#877,.T.);
#394=ORIENTED_EDGE('',*,*,#878,.T.);
#395=ORIENTED_EDGE('',*,*,#879,.T.);
#396=ORIENTED_EDGE('',*,*,#880,.T.);
#397=ORIENTED_EDGE('',*,*,#881,.T.);
#398=ORIENTED_EDGE('',*,*,#882,.T.);
#399=ORIENTED_EDGE('',*,*,#883,.T.);
#400=ORIENTED_EDGE('',*,*,#884,.T.);
#401=ORIENTED_EDGE('',*,*,#885,.T.);
#402=ORIENTED_EDGE('',*,*,#886,.T.);
#403=ORIENTED_EDGE('',*,*,#887,.T.);
#404=ORIENTED_EDGE('',*,*,#888,.T.);
#405=ORIENTED_EDGE('',*,*,#889,.F.);
#406=ORIENTED_EDGE('',*,*,#890,.T.);
#407=ORIENTED_EDGE('',*,*,#891,.F.);
#408=ORIENTED_EDGE('',*,*,#835,.F.);
#409=ORIENTED_EDGE('',*,*,#855,.F.);
#410=ORIENTED_EDGE('',*,*,#853,.F.);
#411=ORIENTED_EDGE('',*,*,#850,.F.);
#412=ORIENTED_EDGE('',*,*,#847,.F.);
#413=ORIENTED_EDGE('',*,*,#844,.F.);
#414=ORIENTED_EDGE('',*,*,#841,.F.);
#415=ORIENTED_EDGE('',*,*,#838,.F.);
#416=ORIENTED_EDGE('',*,*,#892,.F.);
#417=ORIENTED_EDGE('',*,*,#846,.F.);
#418=ORIENTED_EDGE('',*,*,#893,.F.);
#419=ORIENTED_EDGE('',*,*,#881,.F.);
#420=ORIENTED_EDGE('',*,*,#893,.T.);
#421=ORIENTED_EDGE('',*,*,#849,.F.);
#422=ORIENTED_EDGE('',*,*,#894,.F.);
#423=ORIENTED_EDGE('',*,*,#882,.F.);
#424=ORIENTED_EDGE('',*,*,#892,.T.);
#425=ORIENTED_EDGE('',*,*,#880,.F.);
#426=ORIENTED_EDGE('',*,*,#895,.F.);
#427=ORIENTED_EDGE('',*,*,#843,.F.);
#428=ORIENTED_EDGE('',*,*,#894,.T.);
#429=ORIENTED_EDGE('',*,*,#852,.F.);
#430=ORIENTED_EDGE('',*,*,#896,.F.);
#431=ORIENTED_EDGE('',*,*,#883,.F.);
#432=ORIENTED_EDGE('',*,*,#895,.T.);
#433=ORIENTED_EDGE('',*,*,#879,.F.);
#434=ORIENTED_EDGE('',*,*,#897,.F.);
#435=ORIENTED_EDGE('',*,*,#840,.F.);
#436=ORIENTED_EDGE('',*,*,#896,.T.);
#437=ORIENTED_EDGE('',*,*,#854,.F.);
#438=ORIENTED_EDGE('',*,*,#898,.F.);
#439=ORIENTED_EDGE('',*,*,#876,.F.);
#440=ORIENTED_EDGE('',*,*,#897,.T.);
#441=ORIENTED_EDGE('',*,*,#878,.F.);
#442=ORIENTED_EDGE('',*,*,#899,.F.);
#443=ORIENTED_EDGE('',*,*,#837,.F.);
#444=ORIENTED_EDGE('',*,*,#898,.T.);
#445=ORIENTED_EDGE('',*,*,#833,.F.);
#446=ORIENTED_EDGE('',*,*,#899,.T.);
#447=ORIENTED_EDGE('',*,*,#877,.F.);
#448=ORIENTED_EDGE('',*,*,#885,.F.);
#449=ORIENTED_EDGE('',*,*,#900,.F.);
#450=ORIENTED_EDGE('',*,*,#901,.T.);
#451=ORIENTED_EDGE('',*,*,#902,.T.);
#452=ORIENTED_EDGE('',*,*,#886,.F.);
#453=ORIENTED_EDGE('',*,*,#902,.F.);
#454=ORIENTED_EDGE('',*,*,#903,.T.);
#455=ORIENTED_EDGE('',*,*,#904,.T.);
#456=ORIENTED_EDGE('',*,*,#887,.F.);
#457=ORIENTED_EDGE('',*,*,#904,.F.);
#458=ORIENTED_EDGE('',*,*,#905,.T.);
#459=ORIENTED_EDGE('',*,*,#906,.T.);
#460=ORIENTED_EDGE('',*,*,#888,.F.);
#461=ORIENTED_EDGE('',*,*,#906,.F.);
#462=ORIENTED_EDGE('',*,*,#907,.T.);
#463=ORIENTED_EDGE('',*,*,#908,.T.);
#464=ORIENTED_EDGE('',*,*,#889,.T.);
#465=ORIENTED_EDGE('',*,*,#908,.F.);
#466=ORIENTED_EDGE('',*,*,#909,.F.);
#467=ORIENTED_EDGE('',*,*,#910,.T.);
#468=ORIENTED_EDGE('',*,*,#890,.F.);
#469=ORIENTED_EDGE('',*,*,#910,.F.);
#470=ORIENTED_EDGE('',*,*,#911,.T.);
#471=ORIENTED_EDGE('',*,*,#912,.T.);
#472=ORIENTED_EDGE('',*,*,#891,.T.);
#473=ORIENTED_EDGE('',*,*,#912,.F.);
#474=ORIENTED_EDGE('',*,*,#913,.F.);
#475=ORIENTED_EDGE('',*,*,#914,.T.);
#476=ORIENTED_EDGE('',*,*,#739,.T.);
#477=ORIENTED_EDGE('',*,*,#816,.F.);
#478=ORIENTED_EDGE('',*,*,#915,.F.);
#479=ORIENTED_EDGE('',*,*,#819,.T.);
#480=ORIENTED_EDGE('',*,*,#747,.T.);
#481=ORIENTED_EDGE('',*,*,#828,.F.);
#482=ORIENTED_EDGE('',*,*,#916,.F.);
#483=ORIENTED_EDGE('',*,*,#830,.T.);
#484=ORIENTED_EDGE('',*,*,#759,.T.);
#485=ORIENTED_EDGE('',*,*,#798,.F.);
#486=ORIENTED_EDGE('',*,*,#917,.F.);
#487=ORIENTED_EDGE('',*,*,#794,.T.);
#488=ORIENTED_EDGE('',*,*,#767,.T.);
#489=ORIENTED_EDGE('',*,*,#786,.F.);
#490=ORIENTED_EDGE('',*,*,#918,.F.);
#491=ORIENTED_EDGE('',*,*,#783,.T.);
#492=ORIENTED_EDGE('',*,*,#884,.F.);
#493=ORIENTED_EDGE('',*,*,#914,.F.);
#494=ORIENTED_EDGE('',*,*,#919,.T.);
#495=ORIENTED_EDGE('',*,*,#900,.T.);
#496=ORIENTED_EDGE('',*,*,#920,.F.);
#497=ORIENTED_EDGE('',*,*,#772,.F.);
#498=ORIENTED_EDGE('',*,*,#921,.F.);
#499=ORIENTED_EDGE('',*,*,#778,.F.);
#500=ORIENTED_EDGE('',*,*,#922,.F.);
#501=ORIENTED_EDGE('',*,*,#781,.F.);
#502=ORIENTED_EDGE('',*,*,#918,.T.);
#503=ORIENTED_EDGE('',*,*,#785,.T.);
#504=ORIENTED_EDGE('',*,*,#923,.F.);
#505=ORIENTED_EDGE('',*,*,#789,.T.);
#506=ORIENTED_EDGE('',*,*,#924,.F.);
#507=ORIENTED_EDGE('',*,*,#792,.T.);
#508=ORIENTED_EDGE('',*,*,#925,.F.);
#509=ORIENTED_EDGE('',*,*,#795,.T.);
#510=ORIENTED_EDGE('',*,*,#917,.T.);
#511=ORIENTED_EDGE('',*,*,#797,.T.);
#512=ORIENTED_EDGE('',*,*,#926,.F.);
#513=ORIENTED_EDGE('',*,*,#801,.T.);
#514=ORIENTED_EDGE('',*,*,#927,.F.);
#515=ORIENTED_EDGE('',*,*,#809,.T.);
#516=ORIENTED_EDGE('',*,*,#928,.F.);
#517=ORIENTED_EDGE('',*,*,#803,.T.);
#518=ORIENTED_EDGE('',*,*,#929,.F.);
#519=ORIENTED_EDGE('',*,*,#807,.T.);
#520=ORIENTED_EDGE('',*,*,#930,.F.);
#521=ORIENTED_EDGE('',*,*,#831,.T.);
#522=ORIENTED_EDGE('',*,*,#916,.T.);
#523=ORIENTED_EDGE('',*,*,#827,.F.);
#524=ORIENTED_EDGE('',*,*,#931,.F.);
#525=ORIENTED_EDGE('',*,*,#824,.F.);
#526=ORIENTED_EDGE('',*,*,#932,.F.);
#527=ORIENTED_EDGE('',*,*,#821,.F.);
#528=ORIENTED_EDGE('',*,*,#933,.F.);
#529=ORIENTED_EDGE('',*,*,#817,.F.);
#530=ORIENTED_EDGE('',*,*,#915,.T.);
#531=ORIENTED_EDGE('',*,*,#815,.F.);
#532=ORIENTED_EDGE('',*,*,#934,.F.);
#533=ORIENTED_EDGE('',*,*,#812,.F.);
#534=ORIENTED_EDGE('',*,*,#935,.F.);
#535=ORIENTED_EDGE('',*,*,#776,.F.);
#536=ORIENTED_EDGE('',*,*,#901,.F.);
#537=ORIENTED_EDGE('',*,*,#919,.F.);
#538=ORIENTED_EDGE('',*,*,#913,.T.);
#539=ORIENTED_EDGE('',*,*,#911,.F.);
#540=ORIENTED_EDGE('',*,*,#909,.T.);
#541=ORIENTED_EDGE('',*,*,#907,.F.);
#542=ORIENTED_EDGE('',*,*,#905,.F.);
#543=ORIENTED_EDGE('',*,*,#903,.F.);
#544=ORIENTED_EDGE('',*,*,#936,.T.);
#545=ORIENTED_EDGE('',*,*,#927,.T.);
#546=ORIENTED_EDGE('',*,*,#800,.T.);
#547=ORIENTED_EDGE('',*,*,#755,.F.);
#548=ORIENTED_EDGE('',*,*,#810,.T.);
#549=ORIENTED_EDGE('',*,*,#937,.F.);
#550=ORIENTED_EDGE('',*,*,#936,.F.);
#551=ORIENTED_EDGE('',*,*,#938,.T.);
#552=ORIENTED_EDGE('',*,*,#937,.T.);
#553=ORIENTED_EDGE('',*,*,#938,.F.);
#554=ORIENTED_EDGE('',*,*,#875,.F.);
#555=ORIENTED_EDGE('',*,*,#939,.T.);
#556=ORIENTED_EDGE('',*,*,#930,.T.);
#557=ORIENTED_EDGE('',*,*,#806,.T.);
#558=ORIENTED_EDGE('',*,*,#749,.F.);
#559=ORIENTED_EDGE('',*,*,#829,.T.);
#560=ORIENTED_EDGE('',*,*,#940,.F.);
#561=ORIENTED_EDGE('',*,*,#939,.F.);
#562=ORIENTED_EDGE('',*,*,#941,.T.);
#563=ORIENTED_EDGE('',*,*,#940,.T.);
#564=ORIENTED_EDGE('',*,*,#941,.F.);
#565=ORIENTED_EDGE('',*,*,#874,.F.);
#566=ORIENTED_EDGE('',*,*,#825,.F.);
#567=ORIENTED_EDGE('',*,*,#931,.T.);
#568=ORIENTED_EDGE('',*,*,#826,.F.);
#569=ORIENTED_EDGE('',*,*,#745,.F.);
#570=ORIENTED_EDGE('',*,*,#942,.T.);
#571=ORIENTED_EDGE('',*,*,#943,.F.);
#572=ORIENTED_EDGE('',*,*,#942,.F.);
#573=ORIENTED_EDGE('',*,*,#944,.T.);
#574=ORIENTED_EDGE('',*,*,#943,.T.);
#575=ORIENTED_EDGE('',*,*,#944,.F.);
#576=ORIENTED_EDGE('',*,*,#873,.F.);
#577=ORIENTED_EDGE('',*,*,#822,.F.);
#578=ORIENTED_EDGE('',*,*,#932,.T.);
#579=ORIENTED_EDGE('',*,*,#823,.F.);
#580=ORIENTED_EDGE('',*,*,#743,.F.);
#581=ORIENTED_EDGE('',*,*,#945,.T.);
#582=ORIENTED_EDGE('',*,*,#946,.F.);
#583=ORIENTED_EDGE('',*,*,#945,.F.);
#584=ORIENTED_EDGE('',*,*,#947,.T.);
#585=ORIENTED_EDGE('',*,*,#946,.T.);
#586=ORIENTED_EDGE('',*,*,#947,.F.);
#587=ORIENTED_EDGE('',*,*,#872,.F.);
#588=ORIENTED_EDGE('',*,*,#818,.F.);
#589=ORIENTED_EDGE('',*,*,#933,.T.);
#590=ORIENTED_EDGE('',*,*,#820,.F.);
#591=ORIENTED_EDGE('',*,*,#741,.F.);
#592=ORIENTED_EDGE('',*,*,#948,.T.);
#593=ORIENTED_EDGE('',*,*,#949,.F.);
#594=ORIENTED_EDGE('',*,*,#948,.F.);
#595=ORIENTED_EDGE('',*,*,#950,.T.);
#596=ORIENTED_EDGE('',*,*,#949,.T.);
#597=ORIENTED_EDGE('',*,*,#950,.F.);
#598=ORIENTED_EDGE('',*,*,#871,.F.);
#599=ORIENTED_EDGE('',*,*,#813,.F.);
#600=ORIENTED_EDGE('',*,*,#934,.T.);
#601=ORIENTED_EDGE('',*,*,#814,.F.);
#602=ORIENTED_EDGE('',*,*,#737,.F.);
#603=ORIENTED_EDGE('',*,*,#951,.T.);
#604=ORIENTED_EDGE('',*,*,#952,.F.);
#605=ORIENTED_EDGE('',*,*,#951,.F.);
#606=ORIENTED_EDGE('',*,*,#953,.T.);
#607=ORIENTED_EDGE('',*,*,#952,.T.);
#608=ORIENTED_EDGE('',*,*,#953,.F.);
#609=ORIENTED_EDGE('',*,*,#870,.F.);
#610=ORIENTED_EDGE('',*,*,#777,.F.);
#611=ORIENTED_EDGE('',*,*,#935,.T.);
#612=ORIENTED_EDGE('',*,*,#811,.F.);
#613=ORIENTED_EDGE('',*,*,#735,.F.);
#614=ORIENTED_EDGE('',*,*,#954,.T.);
#615=ORIENTED_EDGE('',*,*,#955,.F.);
#616=ORIENTED_EDGE('',*,*,#954,.F.);
#617=ORIENTED_EDGE('',*,*,#956,.T.);
#618=ORIENTED_EDGE('',*,*,#955,.T.);
#619=ORIENTED_EDGE('',*,*,#956,.F.);
#620=ORIENTED_EDGE('',*,*,#869,.F.);
#621=ORIENTED_EDGE('',*,*,#957,.T.);
#622=ORIENTED_EDGE('',*,*,#928,.T.);
#623=ORIENTED_EDGE('',*,*,#808,.T.);
#624=ORIENTED_EDGE('',*,*,#753,.F.);
#625=ORIENTED_EDGE('',*,*,#804,.T.);
#626=ORIENTED_EDGE('',*,*,#958,.F.);
#627=ORIENTED_EDGE('',*,*,#957,.F.);
#628=ORIENTED_EDGE('',*,*,#959,.T.);
#629=ORIENTED_EDGE('',*,*,#958,.T.);
#630=ORIENTED_EDGE('',*,*,#959,.F.);
#631=ORIENTED_EDGE('',*,*,#868,.F.);
#632=ORIENTED_EDGE('',*,*,#960,.T.);
#633=ORIENTED_EDGE('',*,*,#929,.T.);
#634=ORIENTED_EDGE('',*,*,#802,.T.);
#635=ORIENTED_EDGE('',*,*,#751,.F.);
#636=ORIENTED_EDGE('',*,*,#805,.T.);
#637=ORIENTED_EDGE('',*,*,#961,.F.);
#638=ORIENTED_EDGE('',*,*,#960,.F.);
#639=ORIENTED_EDGE('',*,*,#962,.T.);
#640=ORIENTED_EDGE('',*,*,#961,.T.);
#641=ORIENTED_EDGE('',*,*,#962,.F.);
#642=ORIENTED_EDGE('',*,*,#867,.F.);
#643=ORIENTED_EDGE('',*,*,#963,.T.);
#644=ORIENTED_EDGE('',*,*,#926,.T.);
#645=ORIENTED_EDGE('',*,*,#796,.T.);
#646=ORIENTED_EDGE('',*,*,#757,.F.);
#647=ORIENTED_EDGE('',*,*,#799,.T.);
#648=ORIENTED_EDGE('',*,*,#964,.F.);
#649=ORIENTED_EDGE('',*,*,#963,.F.);
#650=ORIENTED_EDGE('',*,*,#965,.T.);
#651=ORIENTED_EDGE('',*,*,#964,.T.);
#652=ORIENTED_EDGE('',*,*,#965,.F.);
#653=ORIENTED_EDGE('',*,*,#866,.F.);
#654=ORIENTED_EDGE('',*,*,#966,.T.);
#655=ORIENTED_EDGE('',*,*,#925,.T.);
#656=ORIENTED_EDGE('',*,*,#791,.T.);
#657=ORIENTED_EDGE('',*,*,#761,.F.);
#658=ORIENTED_EDGE('',*,*,#793,.T.);
#659=ORIENTED_EDGE('',*,*,#967,.F.);
#660=ORIENTED_EDGE('',*,*,#966,.F.);
#661=ORIENTED_EDGE('',*,*,#968,.T.);
#662=ORIENTED_EDGE('',*,*,#967,.T.);
#663=ORIENTED_EDGE('',*,*,#968,.F.);
#664=ORIENTED_EDGE('',*,*,#865,.F.);
#665=ORIENTED_EDGE('',*,*,#969,.T.);
#666=ORIENTED_EDGE('',*,*,#924,.T.);
#667=ORIENTED_EDGE('',*,*,#788,.T.);
#668=ORIENTED_EDGE('',*,*,#763,.F.);
#669=ORIENTED_EDGE('',*,*,#790,.T.);
#670=ORIENTED_EDGE('',*,*,#970,.F.);
#671=ORIENTED_EDGE('',*,*,#969,.F.);
#672=ORIENTED_EDGE('',*,*,#971,.T.);
#673=ORIENTED_EDGE('',*,*,#970,.T.);
#674=ORIENTED_EDGE('',*,*,#971,.F.);
#675=ORIENTED_EDGE('',*,*,#864,.F.);
#676=ORIENTED_EDGE('',*,*,#972,.T.);
#677=ORIENTED_EDGE('',*,*,#923,.T.);
#678=ORIENTED_EDGE('',*,*,#784,.T.);
#679=ORIENTED_EDGE('',*,*,#765,.F.);
#680=ORIENTED_EDGE('',*,*,#787,.T.);
#681=ORIENTED_EDGE('',*,*,#973,.F.);
#682=ORIENTED_EDGE('',*,*,#972,.F.);
#683=ORIENTED_EDGE('',*,*,#974,.T.);
#684=ORIENTED_EDGE('',*,*,#973,.T.);
#685=ORIENTED_EDGE('',*,*,#974,.F.);
#686=ORIENTED_EDGE('',*,*,#863,.F.);
#687=ORIENTED_EDGE('',*,*,#782,.F.);
#688=ORIENTED_EDGE('',*,*,#922,.T.);
#689=ORIENTED_EDGE('',*,*,#780,.F.);
#690=ORIENTED_EDGE('',*,*,#769,.F.);
#691=ORIENTED_EDGE('',*,*,#975,.T.);
#692=ORIENTED_EDGE('',*,*,#976,.F.);
#693=ORIENTED_EDGE('',*,*,#975,.F.);
#694=ORIENTED_EDGE('',*,*,#977,.T.);
#695=ORIENTED_EDGE('',*,*,#976,.T.);
#696=ORIENTED_EDGE('',*,*,#977,.F.);
#697=ORIENTED_EDGE('',*,*,#862,.F.);
#698=ORIENTED_EDGE('',*,*,#779,.F.);
#699=ORIENTED_EDGE('',*,*,#921,.T.);
#700=ORIENTED_EDGE('',*,*,#774,.F.);
#701=ORIENTED_EDGE('',*,*,#771,.F.);
#702=ORIENTED_EDGE('',*,*,#978,.T.);
#703=ORIENTED_EDGE('',*,*,#979,.F.);
#704=ORIENTED_EDGE('',*,*,#978,.F.);
#705=ORIENTED_EDGE('',*,*,#980,.T.);
#706=ORIENTED_EDGE('',*,*,#979,.T.);
#707=ORIENTED_EDGE('',*,*,#980,.F.);
#708=ORIENTED_EDGE('',*,*,#861,.F.);
#709=ORIENTED_EDGE('',*,*,#773,.F.);
#710=ORIENTED_EDGE('',*,*,#920,.T.);
#711=ORIENTED_EDGE('',*,*,#775,.F.);
#712=ORIENTED_EDGE('',*,*,#733,.F.);
#713=ORIENTED_EDGE('',*,*,#981,.T.);
#714=ORIENTED_EDGE('',*,*,#982,.F.);
#715=ORIENTED_EDGE('',*,*,#981,.F.);
#716=ORIENTED_EDGE('',*,*,#983,.T.);
#717=ORIENTED_EDGE('',*,*,#982,.T.);
#718=ORIENTED_EDGE('',*,*,#983,.F.);
#719=ORIENTED_EDGE('',*,*,#860,.F.);
#720=ORIENTED_EDGE('',*,*,#984,.F.);
#721=ORIENTED_EDGE('',*,*,#859,.T.);
#722=ORIENTED_EDGE('',*,*,#984,.T.);
#723=ORIENTED_EDGE('',*,*,#985,.F.);
#724=ORIENTED_EDGE('',*,*,#858,.T.);
#725=ORIENTED_EDGE('',*,*,#985,.T.);
#726=ORIENTED_EDGE('',*,*,#986,.F.);
#727=ORIENTED_EDGE('',*,*,#857,.T.);
#728=ORIENTED_EDGE('',*,*,#986,.T.);
#729=ORIENTED_EDGE('',*,*,#987,.F.);
#730=ORIENTED_EDGE('',*,*,#856,.T.);
#731=ORIENTED_EDGE('',*,*,#987,.T.);
#732=EDGE_CURVE('',#988,#989,#1180,.T.);
#733=EDGE_CURVE('',#989,#990,#100,.T.);
#734=EDGE_CURVE('',#990,#991,#1181,.T.);
#735=EDGE_CURVE('',#991,#992,#101,.T.);
#736=EDGE_CURVE('',#992,#993,#1182,.T.);
#737=EDGE_CURVE('',#993,#994,#102,.T.);
#738=EDGE_CURVE('',#994,#995,#1183,.T.);
#739=EDGE_CURVE('',#996,#995,#103,.T.);
#740=EDGE_CURVE('',#996,#997,#1184,.T.);
#741=EDGE_CURVE('',#997,#998,#104,.T.);
#742=EDGE_CURVE('',#998,#999,#1185,.T.);
#743=EDGE_CURVE('',#999,#1000,#105,.T.);
#744=EDGE_CURVE('',#1000,#1001,#1186,.T.);
#745=EDGE_CURVE('',#1001,#1002,#106,.T.);
#746=EDGE_CURVE('',#1002,#1003,#1187,.T.);
#747=EDGE_CURVE('',#1004,#1003,#107,.T.);
#748=EDGE_CURVE('',#1005,#1004,#1188,.T.);
#749=EDGE_CURVE('',#1005,#1006,#108,.T.);
#750=EDGE_CURVE('',#1007,#1006,#1189,.T.);
#751=EDGE_CURVE('',#1007,#1008,#109,.T.);
#752=EDGE_CURVE('',#1009,#1008,#1190,.T.);
#753=EDGE_CURVE('',#1009,#1010,#110,.T.);
#754=EDGE_CURVE('',#1011,#1010,#1191,.T.);
#755=EDGE_CURVE('',#1011,#1012,#111,.T.);
#756=EDGE_CURVE('',#1013,#1012,#1192,.T.);
#757=EDGE_CURVE('',#1013,#1014,#112,.T.);
#758=EDGE_CURVE('',#1015,#1014,#1193,.T.);
#759=EDGE_CURVE('',#1016,#1015,#113,.T.);
#760=EDGE_CURVE('',#1017,#1016,#1194,.T.);
#761=EDGE_CURVE('',#1017,#1018,#114,.T.);
#762=EDGE_CURVE('',#1019,#1018,#1195,.T.);
#763=EDGE_CURVE('',#1019,#1020,#115,.T.);
#764=EDGE_CURVE('',#1021,#1020,#1196,.T.);
#765=EDGE_CURVE('',#1021,#1022,#116,.T.);
#766=EDGE_CURVE('',#1023,#1022,#1197,.T.);
#767=EDGE_CURVE('',#1024,#1023,#117,.T.);
#768=EDGE_CURVE('',#1024,#1025,#1198,.T.);
#769=EDGE_CURVE('',#1025,#1026,#118,.T.);
#770=EDGE_CURVE('',#1026,#1027,#1199,.T.);
#771=EDGE_CURVE('',#1027,#988,#119,.T.);
#772=EDGE_CURVE('',#1028,#1029,#1200,.T.);
#773=EDGE_CURVE('',#1029,#989,#1201,.F.);
#774=EDGE_CURVE('',#988,#1028,#1202,.T.);
#775=EDGE_CURVE('',#990,#1030,#1203,.T.);
#776=EDGE_CURVE('',#1030,#1031,#1204,.T.);
#777=EDGE_CURVE('',#1031,#991,#1205,.F.);
#778=EDGE_CURVE('',#1032,#1033,#1206,.T.);
#779=EDGE_CURVE('',#1033,#1027,#1207,.F.);
#780=EDGE_CURVE('',#1026,#1032,#1208,.T.);
#781=EDGE_CURVE('',#1034,#1035,#1209,.T.);
#782=EDGE_CURVE('',#1035,#1025,#1210,.F.);
#783=EDGE_CURVE('',#1034,#1024,#1211,.T.);
#784=EDGE_CURVE('',#1036,#1022,#1212,.F.);
#785=EDGE_CURVE('',#1037,#1036,#1213,.T.);
#786=EDGE_CURVE('',#1037,#1023,#1214,.T.);
#787=EDGE_CURVE('',#1021,#1038,#1215,.T.);
#788=EDGE_CURVE('',#1039,#1020,#1216,.F.);
#789=EDGE_CURVE('',#1038,#1039,#1217,.T.);
#790=EDGE_CURVE('',#1019,#1040,#1218,.T.);
#791=EDGE_CURVE('',#1041,#1018,#1219,.F.);
#792=EDGE_CURVE('',#1040,#1041,#1220,.T.);
#793=EDGE_CURVE('',#1017,#1042,#1221,.T.);
#794=EDGE_CURVE('',#1043,#1016,#1222,.T.);
#795=EDGE_CURVE('',#1042,#1043,#1223,.T.);
#796=EDGE_CURVE('',#1044,#1014,#1224,.F.);
#797=EDGE_CURVE('',#1045,#1044,#1225,.T.);
#798=EDGE_CURVE('',#1045,#1015,#1226,.T.);
#799=EDGE_CURVE('',#1013,#1046,#1227,.T.);
#800=EDGE_CURVE('',#1047,#1012,#1228,.F.);
#801=EDGE_CURVE('',#1046,#1047,#1229,.T.);
#802=EDGE_CURVE('',#1048,#1008,#1230,.F.);
#803=EDGE_CURVE('',#1049,#1048,#1231,.T.);
#804=EDGE_CURVE('',#1009,#1049,#1232,.T.);
#805=EDGE_CURVE('',#1007,#1050,#1233,.T.);
#806=EDGE_CURVE('',#1051,#1006,#1234,.F.);
#807=EDGE_CURVE('',#1050,#1051,#1235,.T.);
#808=EDGE_CURVE('',#1052,#1010,#1236,.F.);
#809=EDGE_CURVE('',#1053,#1052,#1237,.T.);
#810=EDGE_CURVE('',#1011,#1053,#1238,.T.);
#811=EDGE_CURVE('',#992,#1054,#1239,.T.);
#812=EDGE_CURVE('',#1054,#1055,#1240,.T.);
#813=EDGE_CURVE('',#1055,#993,#1241,.F.);
#814=EDGE_CURVE('',#994,#1056,#1242,.T.);
#815=EDGE_CURVE('',#1056,#1057,#1243,.T.);
#816=EDGE_CURVE('',#1057,#995,#1244,.T.);
#817=EDGE_CURVE('',#1058,#1059,#1245,.T.);
#818=EDGE_CURVE('',#1059,#997,#1246,.F.);
#819=EDGE_CURVE('',#1058,#996,#1247,.T.);
#820=EDGE_CURVE('',#998,#1060,#1248,.T.);
#821=EDGE_CURVE('',#1060,#1061,#1249,.T.);
#822=EDGE_CURVE('',#1061,#999,#1250,.F.);
#823=EDGE_CURVE('',#1000,#1062,#1251,.T.);
#824=EDGE_CURVE('',#1062,#1063,#1252,.T.);
#825=EDGE_CURVE('',#1063,#1001,#1253,.F.);
#826=EDGE_CURVE('',#1002,#1064,#1254,.T.);
#827=EDGE_CURVE('',#1064,#1065,#1255,.T.);
#828=EDGE_CURVE('',#1065,#1003,#1256,.T.);
#829=EDGE_CURVE('',#1005,#1066,#1257,.T.);
#830=EDGE_CURVE('',#1067,#1004,#1258,.T.);
#831=EDGE_CURVE('',#1066,#1067,#1259,.T.);
#832=EDGE_CURVE('',#1068,#1069,#1260,.T.);
#833=EDGE_CURVE('',#1068,#1070,#1261,.T.);
#834=EDGE_CURVE('',#1070,#1071,#1262,.T.);
#835=EDGE_CURVE('',#1071,#1069,#1263,.T.);
#836=EDGE_CURVE('',#1072,#1073,#1264,.T.);
#837=EDGE_CURVE('',#1072,#1068,#76,.T.);
#838=EDGE_CURVE('',#1069,#1073,#72,.T.);
#839=EDGE_CURVE('',#1074,#1075,#1265,.T.);
#840=EDGE_CURVE('',#1074,#1072,#1266,.T.);
#841=EDGE_CURVE('',#1073,#1075,#1267,.T.);
#842=EDGE_CURVE('',#1076,#1077,#1268,.T.);
#843=EDGE_CURVE('',#1076,#1074,#77,.T.);
#844=EDGE_CURVE('',#1075,#1077,#73,.T.);
#845=EDGE_CURVE('',#1078,#1079,#1269,.T.);
#846=EDGE_CURVE('',#1078,#1076,#1270,.T.);
#847=EDGE_CURVE('',#1077,#1079,#1271,.T.);
#848=EDGE_CURVE('',#1080,#1081,#1272,.T.);
#849=EDGE_CURVE('',#1080,#1078,#78,.T.);
#850=EDGE_CURVE('',#1079,#1081,#74,.T.);
#851=EDGE_CURVE('',#1082,#1083,#1273,.T.);
#852=EDGE_CURVE('',#1082,#1080,#1274,.T.);
#853=EDGE_CURVE('',#1081,#1083,#1275,.T.);
#854=EDGE_CURVE('',#1070,#1082,#79,.T.);
#855=EDGE_CURVE('',#1083,#1071,#75,.T.);
#856=EDGE_CURVE('',#1084,#1084,#120,.T.);
#857=EDGE_CURVE('',#1085,#1085,#121,.T.);
#858=EDGE_CURVE('',#1086,#1086,#122,.T.);
#859=EDGE_CURVE('',#1087,#1087,#123,.T.);
#860=EDGE_CURVE('',#1088,#1088,#124,.F.);
#861=EDGE_CURVE('',#1089,#1089,#125,.F.);
#862=EDGE_CURVE('',#1090,#1090,#126,.F.);
#863=EDGE_CURVE('',#1091,#1091,#127,.F.);
#864=EDGE_CURVE('',#1092,#1092,#128,.F.);
#865=EDGE_CURVE('',#1093,#1093,#129,.F.);
#866=EDGE_CURVE('',#1094,#1094,#130,.F.);
#867=EDGE_CURVE('',#1095,#1095,#131,.F.);
#868=EDGE_CURVE('',#1096,#1096,#132,.F.);
#869=EDGE_CURVE('',#1097,#1097,#133,.F.);
#870=EDGE_CURVE('',#1098,#1098,#134,.F.);
#871=EDGE_CURVE('',#1099,#1099,#135,.F.);
#872=EDGE_CURVE('',#1100,#1100,#136,.F.);
#873=EDGE_CURVE('',#1101,#1101,#137,.F.);
#874=EDGE_CURVE('',#1102,#1102,#138,.F.);
#875=EDGE_CURVE('',#1103,#1103,#139,.F.);
#876=EDGE_CURVE('',#1104,#1105,#80,.T.);
#877=EDGE_CURVE('',#1105,#1106,#1276,.T.);
#878=EDGE_CURVE('',#1106,#1107,#81,.T.);
#879=EDGE_CURVE('',#1107,#1108,#1277,.T.);
#880=EDGE_CURVE('',#1108,#1109,#82,.T.);
#881=EDGE_CURVE('',#1109,#1110,#1278,.T.);
#882=EDGE_CURVE('',#1110,#1111,#83,.T.);
#883=EDGE_CURVE('',#1111,#1104,#1279,.T.);
#884=EDGE_CURVE('',#1112,#1113,#140,.T.);
#885=EDGE_CURVE('',#1113,#1114,#1280,.T.);
#886=EDGE_CURVE('',#1114,#1115,#141,.T.);
#887=EDGE_CURVE('',#1115,#1116,#1281,.T.);
#888=EDGE_CURVE('',#1116,#1117,#142,.T.);
#889=EDGE_CURVE('',#1118,#1117,#1282,.T.);
#890=EDGE_CURVE('',#1118,#1119,#143,.T.);
#891=EDGE_CURVE('',#1112,#1119,#1283,.T.);
#892=EDGE_CURVE('',#1076,#1109,#84,.F.);
#893=EDGE_CURVE('',#1110,#1078,#85,.F.);
#894=EDGE_CURVE('',#1111,#1080,#86,.T.);
#895=EDGE_CURVE('',#1074,#1108,#87,.T.);
#896=EDGE_CURVE('',#1104,#1082,#88,.F.);
#897=EDGE_CURVE('',#1072,#1107,#89,.F.);
#898=EDGE_CURVE('',#1105,#1070,#90,.T.);
#899=EDGE_CURVE('',#1068,#1106,#91,.T.);
#900=EDGE_CURVE('',#1120,#1113,#1284,.T.);
#901=EDGE_CURVE('',#1120,#1121,#1285,.T.);
#902=EDGE_CURVE('',#1121,#1114,#1286,.T.);
#903=EDGE_CURVE('',#1121,#1122,#144,.T.);
#904=EDGE_CURVE('',#1122,#1115,#1287,.T.);
#905=EDGE_CURVE('',#1122,#1123,#1288,.T.);
#906=EDGE_CURVE('',#1123,#1116,#1289,.T.);
#907=EDGE_CURVE('',#1123,#1124,#145,.T.);
#908=EDGE_CURVE('',#1124,#1117,#1290,.T.);
#909=EDGE_CURVE('',#1125,#1124,#1291,.T.);
#910=EDGE_CURVE('',#1125,#1118,#1292,.T.);
#911=EDGE_CURVE('',#1125,#1126,#146,.T.);
#912=EDGE_CURVE('',#1126,#1119,#1293,.T.);
#913=EDGE_CURVE('',#1127,#1126,#1294,.T.);
#914=EDGE_CURVE('',#1127,#1112,#1295,.T.);
#915=EDGE_CURVE('',#1058,#1057,#147,.T.);
#916=EDGE_CURVE('',#1067,#1065,#148,.T.);
#917=EDGE_CURVE('',#1043,#1045,#149,.T.);
#918=EDGE_CURVE('',#1034,#1037,#150,.T.);
#919=EDGE_CURVE('',#1127,#1120,#151,.T.);
#920=EDGE_CURVE('',#1029,#1030,#152,.F.);
#921=EDGE_CURVE('',#1033,#1028,#153,.F.);
#922=EDGE_CURVE('',#1035,#1032,#154,.F.);
#923=EDGE_CURVE('',#1038,#1036,#155,.F.);
#924=EDGE_CURVE('',#1040,#1039,#156,.F.);
#925=EDGE_CURVE('',#1042,#1041,#157,.F.);
#926=EDGE_CURVE('',#1046,#1044,#158,.F.);
#927=EDGE_CURVE('',#1053,#1047,#159,.F.);
#928=EDGE_CURVE('',#1049,#1052,#160,.F.);
#929=EDGE_CURVE('',#1050,#1048,#161,.F.);
#930=EDGE_CURVE('',#1066,#1051,#162,.F.);
#931=EDGE_CURVE('',#1063,#1064,#163,.F.);
#932=EDGE_CURVE('',#1061,#1062,#164,.F.);
#933=EDGE_CURVE('',#1059,#1060,#165,.F.);
#934=EDGE_CURVE('',#1055,#1056,#166,.F.);
#935=EDGE_CURVE('',#1031,#1054,#167,.F.);
#936=EDGE_CURVE('',#1128,#1128,#168,.T.);
#937=EDGE_CURVE('',#1129,#1129,#169,.F.);
#938=EDGE_CURVE('',#1130,#1130,#170,.T.);
#939=EDGE_CURVE('',#1131,#1131,#171,.T.);
#940=EDGE_CURVE('',#1132,#1132,#172,.F.);
#941=EDGE_CURVE('',#1133,#1133,#173,.T.);
#942=EDGE_CURVE('',#1134,#1134,#174,.T.);
#943=EDGE_CURVE('',#1135,#1135,#175,.F.);
#944=EDGE_CURVE('',#1136,#1136,#176,.T.);
#945=EDGE_CURVE('',#1137,#1137,#177,.T.);
#946=EDGE_CURVE('',#1138,#1138,#178,.F.);
#947=EDGE_CURVE('',#1139,#1139,#179,.T.);
#948=EDGE_CURVE('',#1140,#1140,#180,.T.);
#949=EDGE_CURVE('',#1141,#1141,#181,.F.);
#950=EDGE_CURVE('',#1142,#1142,#182,.T.);
#951=EDGE_CURVE('',#1143,#1143,#183,.T.);
#952=EDGE_CURVE('',#1144,#1144,#184,.F.);
#953=EDGE_CURVE('',#1145,#1145,#185,.T.);
#954=EDGE_CURVE('',#1146,#1146,#186,.T.);
#955=EDGE_CURVE('',#1147,#1147,#187,.F.);
#956=EDGE_CURVE('',#1148,#1148,#188,.T.);
#957=EDGE_CURVE('',#1149,#1149,#189,.T.);
#958=EDGE_CURVE('',#1150,#1150,#190,.F.);
#959=EDGE_CURVE('',#1151,#1151,#191,.T.);
#960=EDGE_CURVE('',#1152,#1152,#192,.T.);
#961=EDGE_CURVE('',#1153,#1153,#193,.F.);
#962=EDGE_CURVE('',#1154,#1154,#194,.T.);
#963=EDGE_CURVE('',#1155,#1155,#195,.T.);
#964=EDGE_CURVE('',#1156,#1156,#196,.F.);
#965=EDGE_CURVE('',#1157,#1157,#197,.T.);
#966=EDGE_CURVE('',#1158,#1158,#198,.T.);
#967=EDGE_CURVE('',#1159,#1159,#199,.F.);
#968=EDGE_CURVE('',#1160,#1160,#200,.T.);
#969=EDGE_CURVE('',#1161,#1161,#201,.T.);
#970=EDGE_CURVE('',#1162,#1162,#202,.F.);
#971=EDGE_CURVE('',#1163,#1163,#203,.T.);
#972=EDGE_CURVE('',#1164,#1164,#204,.T.);
#973=EDGE_CURVE('',#1165,#1165,#205,.F.);
#974=EDGE_CURVE('',#1166,#1166,#206,.T.);
#975=EDGE_CURVE('',#1167,#1167,#207,.T.);
#976=EDGE_CURVE('',#1168,#1168,#208,.F.);
#977=EDGE_CURVE('',#1169,#1169,#209,.T.);
#978=EDGE_CURVE('',#1170,#1170,#210,.T.);
#979=EDGE_CURVE('',#1171,#1171,#211,.F.);
#980=EDGE_CURVE('',#1172,#1172,#212,.T.);
#981=EDGE_CURVE('',#1173,#1173,#213,.T.);
#982=EDGE_CURVE('',#1174,#1174,#214,.F.);
#983=EDGE_CURVE('',#1175,#1175,#215,.T.);
#984=EDGE_CURVE('',#1176,#1176,#216,.T.);
#985=EDGE_CURVE('',#1177,#1177,#217,.T.);
#986=EDGE_CURVE('',#1178,#1178,#218,.T.);
#987=EDGE_CURVE('',#1179,#1179,#219,.T.);
#988=VERTEX_POINT('',#2874);
#989=VERTEX_POINT('',#2875);
#990=VERTEX_POINT('',#2877);
#991=VERTEX_POINT('',#2879);
#992=VERTEX_POINT('',#2881);
#993=VERTEX_POINT('',#2883);
#994=VERTEX_POINT('',#2885);
#995=VERTEX_POINT('',#2887);
#996=VERTEX_POINT('',#2889);
#997=VERTEX_POINT('',#2891);
#998=VERTEX_POINT('',#2893);
#999=VERTEX_POINT('',#2895);
#1000=VERTEX_POINT('',#2897);
#1001=VERTEX_POINT('',#2899);
#1002=VERTEX_POINT('',#2901);
#1003=VERTEX_POINT('',#2903);
#1004=VERTEX_POINT('',#2905);
#1005=VERTEX_POINT('',#2907);
#1006=VERTEX_POINT('',#2909);
#1007=VERTEX_POINT('',#2911);
#1008=VERTEX_POINT('',#2913);
#1009=VERTEX_POINT('',#2915);
#1010=VERTEX_POINT('',#2917);
#1011=VERTEX_POINT('',#2919);
#1012=VERTEX_POINT('',#2921);
#1013=VERTEX_POINT('',#2923);
#1014=VERTEX_POINT('',#2925);
#1015=VERTEX_POINT('',#2927);
#1016=VERTEX_POINT('',#2929);
#1017=VERTEX_POINT('',#2931);
#1018=VERTEX_POINT('',#2933);
#1019=VERTEX_POINT('',#2935);
#1020=VERTEX_POINT('',#2937);
#1021=VERTEX_POINT('',#2939);
#1022=VERTEX_POINT('',#2941);
#1023=VERTEX_POINT('',#2943);
#1024=VERTEX_POINT('',#2945);
#1025=VERTEX_POINT('',#2947);
#1026=VERTEX_POINT('',#2949);
#1027=VERTEX_POINT('',#2951);
#1028=VERTEX_POINT('',#2955);
#1029=VERTEX_POINT('',#2956);
#1030=VERTEX_POINT('',#2961);
#1031=VERTEX_POINT('',#2963);
#1032=VERTEX_POINT('',#2967);
#1033=VERTEX_POINT('',#2968);
#1034=VERTEX_POINT('',#2973);
#1035=VERTEX_POINT('',#2974);
#1036=VERTEX_POINT('',#2979);
#1037=VERTEX_POINT('',#2981);
#1038=VERTEX_POINT('',#2985);
#1039=VERTEX_POINT('',#2987);
#1040=VERTEX_POINT('',#2991);
#1041=VERTEX_POINT('',#2993);
#1042=VERTEX_POINT('',#2997);
#1043=VERTEX_POINT('',#2999);
#1044=VERTEX_POINT('',#3003);
#1045=VERTEX_POINT('',#3005);
#1046=VERTEX_POINT('',#3009);
#1047=VERTEX_POINT('',#3011);
#1048=VERTEX_POINT('',#3015);
#1049=VERTEX_POINT('',#3017);
#1050=VERTEX_POINT('',#3021);
#1051=VERTEX_POINT('',#3023);
#1052=VERTEX_POINT('',#3027);
#1053=VERTEX_POINT('',#3029);
#1054=VERTEX_POINT('',#3033);
#1055=VERTEX_POINT('',#3035);
#1056=VERTEX_POINT('',#3039);
#1057=VERTEX_POINT('',#3041);
#1058=VERTEX_POINT('',#3045);
#1059=VERTEX_POINT('',#3046);
#1060=VERTEX_POINT('',#3051);
#1061=VERTEX_POINT('',#3053);
#1062=VERTEX_POINT('',#3057);
#1063=VERTEX_POINT('',#3059);
#1064=VERTEX_POINT('',#3063);
#1065=VERTEX_POINT('',#3065);
#1066=VERTEX_POINT('',#3069);
#1067=VERTEX_POINT('',#3071);
#1068=VERTEX_POINT('',#3075);
#1069=VERTEX_POINT('',#3076);
#1070=VERTEX_POINT('',#3078);
#1071=VERTEX_POINT('',#3080);
#1072=VERTEX_POINT('',#3093);
#1073=VERTEX_POINT('',#3094);
#1074=VERTEX_POINT('',#3103);
#1075=VERTEX_POINT('',#3104);
#1076=VERTEX_POINT('',#3118);
#1077=VERTEX_POINT('',#3119);
#1078=VERTEX_POINT('',#3128);
#1079=VERTEX_POINT('',#3129);
#1080=VERTEX_POINT('',#3143);
#1081=VERTEX_POINT('',#3144);
#1082=VERTEX_POINT('',#3153);
#1083=VERTEX_POINT('',#3154);
#1084=VERTEX_POINT('',#3175);
#1085=VERTEX_POINT('',#3177);
#1086=VERTEX_POINT('',#3179);
#1087=VERTEX_POINT('',#3181);
#1088=VERTEX_POINT('',#3183);
#1089=VERTEX_POINT('',#3185);
#1090=VERTEX_POINT('',#3187);
#1091=VERTEX_POINT('',#3189);
#1092=VERTEX_POINT('',#3191);
#1093=VERTEX_POINT('',#3193);
#1094=VERTEX_POINT('',#3195);
#1095=VERTEX_POINT('',#3197);
#1096=VERTEX_POINT('',#3199);
#1097=VERTEX_POINT('',#3201);
#1098=VERTEX_POINT('',#3203);
#1099=VERTEX_POINT('',#3205);
#1100=VERTEX_POINT('',#3207);
#1101=VERTEX_POINT('',#3209);
#1102=VERTEX_POINT('',#3211);
#1103=VERTEX_POINT('',#3213);
#1104=VERTEX_POINT('',#3220);
#1105=VERTEX_POINT('',#3221);
#1106=VERTEX_POINT('',#3223);
#1107=VERTEX_POINT('',#3230);
#1108=VERTEX_POINT('',#3232);
#1109=VERTEX_POINT('',#3238);
#1110=VERTEX_POINT('',#3240);
#1111=VERTEX_POINT('',#3246);
#1112=VERTEX_POINT('',#3250);
#1113=VERTEX_POINT('',#3251);
#1114=VERTEX_POINT('',#3253);
#1115=VERTEX_POINT('',#3255);
#1116=VERTEX_POINT('',#3257);
#1117=VERTEX_POINT('',#3259);
#1118=VERTEX_POINT('',#3261);
#1119=VERTEX_POINT('',#3263);
#1120=VERTEX_POINT('',#3351);
#1121=VERTEX_POINT('',#3353);
#1122=VERTEX_POINT('',#3357);
#1123=VERTEX_POINT('',#3361);
#1124=VERTEX_POINT('',#3365);
#1125=VERTEX_POINT('',#3369);
#1126=VERTEX_POINT('',#3373);
#1127=VERTEX_POINT('',#3377);
#1128=VERTEX_POINT('',#3408);
#1129=VERTEX_POINT('',#3411);
#1130=VERTEX_POINT('',#3414);
#1131=VERTEX_POINT('',#3418);
#1132=VERTEX_POINT('',#3421);
#1133=VERTEX_POINT('',#3424);
#1134=VERTEX_POINT('',#3428);
#1135=VERTEX_POINT('',#3431);
#1136=VERTEX_POINT('',#3434);
#1137=VERTEX_POINT('',#3438);
#1138=VERTEX_POINT('',#3441);
#1139=VERTEX_POINT('',#3444);
#1140=VERTEX_POINT('',#3448);
#1141=VERTEX_POINT('',#3451);
#1142=VERTEX_POINT('',#3454);
#1143=VERTEX_POINT('',#3458);
#1144=VERTEX_POINT('',#3461);
#1145=VERTEX_POINT('',#3464);
#1146=VERTEX_POINT('',#3468);
#1147=VERTEX_POINT('',#3471);
#1148=VERTEX_POINT('',#3474);
#1149=VERTEX_POINT('',#3478);
#1150=VERTEX_POINT('',#3481);
#1151=VERTEX_POINT('',#3484);
#1152=VERTEX_POINT('',#3488);
#1153=VERTEX_POINT('',#3491);
#1154=VERTEX_POINT('',#3494);
#1155=VERTEX_POINT('',#3498);
#1156=VERTEX_POINT('',#3501);
#1157=VERTEX_POINT('',#3504);
#1158=VERTEX_POINT('',#3508);
#1159=VERTEX_POINT('',#3511);
#1160=VERTEX_POINT('',#3514);
#1161=VERTEX_POINT('',#3518);
#1162=VERTEX_POINT('',#3521);
#1163=VERTEX_POINT('',#3524);
#1164=VERTEX_POINT('',#3528);
#1165=VERTEX_POINT('',#3531);
#1166=VERTEX_POINT('',#3534);
#1167=VERTEX_POINT('',#3538);
#1168=VERTEX_POINT('',#3541);
#1169=VERTEX_POINT('',#3544);
#1170=VERTEX_POINT('',#3548);
#1171=VERTEX_POINT('',#3551);
#1172=VERTEX_POINT('',#3554);
#1173=VERTEX_POINT('',#3558);
#1174=VERTEX_POINT('',#3561);
#1175=VERTEX_POINT('',#3564);
#1176=VERTEX_POINT('',#3568);
#1177=VERTEX_POINT('',#3572);
#1178=VERTEX_POINT('',#3576);
#1179=VERTEX_POINT('',#3580);
#1180=LINE('',#2873,#1296);
#1181=LINE('',#2878,#1297);
#1182=LINE('',#2882,#1298);
#1183=LINE('',#2886,#1299);
#1184=LINE('',#2890,#1300);
#1185=LINE('',#2894,#1301);
#1186=LINE('',#2898,#1302);
#1187=LINE('',#2902,#1303);
#1188=LINE('',#2906,#1304);
#1189=LINE('',#2910,#1305);
#1190=LINE('',#2914,#1306);
#1191=LINE('',#2918,#1307);
#1192=LINE('',#2922,#1308);
#1193=LINE('',#2926,#1309);
#1194=LINE('',#2930,#1310);
#1195=LINE('',#2934,#1311);
#1196=LINE('',#2938,#1312);
#1197=LINE('',#2942,#1313);
#1198=LINE('',#2946,#1314);
#1199=LINE('',#2950,#1315);
#1200=LINE('',#2954,#1316);
#1201=LINE('',#2957,#1317);
#1202=LINE('',#2958,#1318);
#1203=LINE('',#2960,#1319);
#1204=LINE('',#2962,#1320);
#1205=LINE('',#2964,#1321);
#1206=LINE('',#2966,#1322);
#1207=LINE('',#2969,#1323);
#1208=LINE('',#2970,#1324);
#1209=LINE('',#2972,#1325);
#1210=LINE('',#2975,#1326);
#1211=LINE('',#2976,#1327);
#1212=LINE('',#2978,#1328);
#1213=LINE('',#2980,#1329);
#1214=LINE('',#2982,#1330);
#1215=LINE('',#2984,#1331);
#1216=LINE('',#2986,#1332);
#1217=LINE('',#2988,#1333);
#1218=LINE('',#2990,#1334);
#1219=LINE('',#2992,#1335);
#1220=LINE('',#2994,#1336);
#1221=LINE('',#2996,#1337);
#1222=LINE('',#2998,#1338);
#1223=LINE('',#3000,#1339);
#1224=LINE('',#3002,#1340);
#1225=LINE('',#3004,#1341);
#1226=LINE('',#3006,#1342);
#1227=LINE('',#3008,#1343);
#1228=LINE('',#3010,#1344);
#1229=LINE('',#3012,#1345);
#1230=LINE('',#3014,#1346);
#1231=LINE('',#3016,#1347);
#1232=LINE('',#3018,#1348);
#1233=LINE('',#3020,#1349);
#1234=LINE('',#3022,#1350);
#1235=LINE('',#3024,#1351);
#1236=LINE('',#3026,#1352);
#1237=LINE('',#3028,#1353);
#1238=LINE('',#3030,#1354);
#1239=LINE('',#3032,#1355);
#1240=LINE('',#3034,#1356);
#1241=LINE('',#3036,#1357);
#1242=LINE('',#3038,#1358);
#1243=LINE('',#3040,#1359);
#1244=LINE('',#3042,#1360);
#1245=LINE('',#3044,#1361);
#1246=LINE('',#3047,#1362);
#1247=LINE('',#3048,#1363);
#1248=LINE('',#3050,#1364);
#1249=LINE('',#3052,#1365);
#1250=LINE('',#3054,#1366);
#1251=LINE('',#3056,#1367);
#1252=LINE('',#3058,#1368);
#1253=LINE('',#3060,#1369);
#1254=LINE('',#3062,#1370);
#1255=LINE('',#3064,#1371);
#1256=LINE('',#3066,#1372);
#1257=LINE('',#3068,#1373);
#1258=LINE('',#3070,#1374);
#1259=LINE('',#3072,#1375);
#1260=LINE('',#3074,#1376);
#1261=LINE('',#3077,#1377);
#1262=LINE('',#3079,#1378);
#1263=LINE('',#3081,#1379);
#1264=LINE('',#3092,#1380);
#1265=LINE('',#3102,#1381);
#1266=LINE('',#3105,#1382);
#1267=LINE('',#3106,#1383);
#1268=LINE('',#3117,#1384);
#1269=LINE('',#3127,#1385);
#1270=LINE('',#3130,#1386);
#1271=LINE('',#3131,#1387);
#1272=LINE('',#3142,#1388);
#1273=LINE('',#3152,#1389);
#1274=LINE('',#3155,#1390);
#1275=LINE('',#3156,#1391);
#1276=LINE('',#3222,#1392);
#1277=LINE('',#3231,#1393);
#1278=LINE('',#3239,#1394);
#1279=LINE('',#3247,#1395);
#1280=LINE('',#3252,#1396);
#1281=LINE('',#3256,#1397);
#1282=LINE('',#3260,#1398);
#1283=LINE('',#3264,#1399);
#1284=LINE('',#3350,#1400);
#1285=LINE('',#3352,#1401);
#1286=LINE('',#3354,#1402);
#1287=LINE('',#3358,#1403);
#1288=LINE('',#3360,#1404);
#1289=LINE('',#3362,#1405);
#1290=LINE('',#3366,#1406);
#1291=LINE('',#3368,#1407);
#1292=LINE('',#3370,#1408);
#1293=LINE('',#3374,#1409);
#1294=LINE('',#3376,#1410);
#1295=LINE('',#3378,#1411);
#1296=VECTOR('',#2277,1.);
#1297=VECTOR('',#2280,1.);
#1298=VECTOR('',#2283,1.);
#1299=VECTOR('',#2286,1.);
#1300=VECTOR('',#2289,1.);
#1301=VECTOR('',#2292,1.);
#1302=VECTOR('',#2295,1.);
#1303=VECTOR('',#2298,1.);
#1304=VECTOR('',#2301,1.);
#1305=VECTOR('',#2304,1.);
#1306=VECTOR('',#2307,1.);
#1307=VECTOR('',#2310,1.);
#1308=VECTOR('',#2313,1.);
#1309=VECTOR('',#2316,1.);
#1310=VECTOR('',#2319,1.);
#1311=VECTOR('',#2322,1.);
#1312=VECTOR('',#2325,1.);
#1313=VECTOR('',#2328,1.);
#1314=VECTOR('',#2331,1.);
#1315=VECTOR('',#2334,1.);
#1316=VECTOR('',#2339,1.);
#1317=VECTOR('',#2340,1.);
#1318=VECTOR('',#2341,1.);
#1319=VECTOR('',#2344,1.);
#1320=VECTOR('',#2345,1.);
#1321=VECTOR('',#2346,1.);
#1322=VECTOR('',#2349,1.);
#1323=VECTOR('',#2350,1.);
#1324=VECTOR('',#2351,1.);
#1325=VECTOR('',#2354,1.);
#1326=VECTOR('',#2355,1.);
#1327=VECTOR('',#2356,1.);
#1328=VECTOR('',#2359,1.);
#1329=VECTOR('',#2360,1.);
#1330=VECTOR('',#2361,1.);
#1331=VECTOR('',#2364,1.);
#1332=VECTOR('',#2365,1.);
#1333=VECTOR('',#2366,1.);
#1334=VECTOR('',#2369,1.);
#1335=VECTOR('',#2370,1.);
#1336=VECTOR('',#2371,1.);
#1337=VECTOR('',#2374,1.);
#1338=VECTOR('',#2375,1.);
#1339=VECTOR('',#2376,1.);
#1340=VECTOR('',#2379,1.);
#1341=VECTOR('',#2380,1.);
#1342=VECTOR('',#2381,1.);
#1343=VECTOR('',#2384,1.);
#1344=VECTOR('',#2385,1.);
#1345=VECTOR('',#2386,1.);
#1346=VECTOR('',#2389,1.);
#1347=VECTOR('',#2390,1.);
#1348=VECTOR('',#2391,1.);
#1349=VECTOR('',#2394,1.);
#1350=VECTOR('',#2395,1.);
#1351=VECTOR('',#2396,1.);
#1352=VECTOR('',#2399,1.);
#1353=VECTOR('',#2400,1.);
#1354=VECTOR('',#2401,1.);
#1355=VECTOR('',#2404,1.);
#1356=VECTOR('',#2405,1.);
#1357=VECTOR('',#2406,1.);
#1358=VECTOR('',#2409,1.);
#1359=VECTOR('',#2410,1.);
#1360=VECTOR('',#2411,1.);
#1361=VECTOR('',#2414,1.);
#1362=VECTOR('',#2415,1.);
#1363=VECTOR('',#2416,1.);
#1364=VECTOR('',#2419,1.);
#1365=VECTOR('',#2420,1.);
#1366=VECTOR('',#2421,1.);
#1367=VECTOR('',#2424,1.);
#1368=VECTOR('',#2425,1.);
#1369=VECTOR('',#2426,1.);
#1370=VECTOR('',#2429,1.);
#1371=VECTOR('',#2430,1.);
#1372=VECTOR('',#2431,1.);
#1373=VECTOR('',#2434,1.);
#1374=VECTOR('',#2435,1.);
#1375=VECTOR('',#2436,1.);
#1376=VECTOR('',#2439,1.);
#1377=VECTOR('',#2440,1.);
#1378=VECTOR('',#2441,1.);
#1379=VECTOR('',#2442,1.);
#1380=VECTOR('',#2443,1.);
#1381=VECTOR('',#2448,1.);
#1382=VECTOR('',#2449,1.);
#1383=VECTOR('',#2450,1.);
#1384=VECTOR('',#2451,1.);
#1385=VECTOR('',#2456,1.);
#1386=VECTOR('',#2457,1.);
#1387=VECTOR('',#2458,1.);
#1388=VECTOR('',#2459,1.);
#1389=VECTOR('',#2464,1.);
#1390=VECTOR('',#2465,1.);
#1391=VECTOR('',#2466,1.);
#1392=VECTOR('',#2511,1.);
#1393=VECTOR('',#2512,1.);
#1394=VECTOR('',#2513,1.);
#1395=VECTOR('',#2514,1.);
#1396=VECTOR('',#2519,1.);
#1397=VECTOR('',#2522,1.);
#1398=VECTOR('',#2525,1.);
#1399=VECTOR('',#2528,1.);
#1400=VECTOR('',#2539,1.);
#1401=VECTOR('',#2540,1.);
#1402=VECTOR('',#2541,1.);
#1403=VECTOR('',#2546,1.);
#1404=VECTOR('',#2549,1.);
#1405=VECTOR('',#2550,1.);
#1406=VECTOR('',#2555,1.);
#1407=VECTOR('',#2558,1.);
#1408=VECTOR('',#2559,1.);
#1409=VECTOR('',#2564,1.);
#1410=VECTOR('',#2567,1.);
#1411=VECTOR('',#2568,1.);
#1412=EDGE_LOOP('',(#220,#221,#222,#223,#224,#225,#226,#227,#228,#229,#230,
#231,#232,#233,#234,#235,#236,#237,#238,#239,#240,#241,#242,#243,#244,#245,
#246,#247,#248,#249,#250,#251,#252,#253,#254,#255,#256,#257,#258,#259));
#1413=EDGE_LOOP('',(#260,#261,#262,#263));
#1414=EDGE_LOOP('',(#264,#265,#266,#267));
#1415=EDGE_LOOP('',(#268,#269,#270,#271));
#1416=EDGE_LOOP('',(#272,#273,#274,#275));
#1417=EDGE_LOOP('',(#276,#277,#278,#279));
#1418=EDGE_LOOP('',(#280,#281,#282,#283));
#1419=EDGE_LOOP('',(#284,#285,#286,#287));
#1420=EDGE_LOOP('',(#288,#289,#290,#291));
#1421=EDGE_LOOP('',(#292,#293,#294,#295));
#1422=EDGE_LOOP('',(#296,#297,#298,#299));
#1423=EDGE_LOOP('',(#300,#301,#302,#303));
#1424=EDGE_LOOP('',(#304,#305,#306,#307));
#1425=EDGE_LOOP('',(#308,#309,#310,#311));
#1426=EDGE_LOOP('',(#312,#313,#314,#315));
#1427=EDGE_LOOP('',(#316,#317,#318,#319));
#1428=EDGE_LOOP('',(#320,#321,#322,#323));
#1429=EDGE_LOOP('',(#324,#325,#326,#327));
#1430=EDGE_LOOP('',(#328,#329,#330,#331));
#1431=EDGE_LOOP('',(#332,#333,#334,#335));
#1432=EDGE_LOOP('',(#336,#337,#338,#339));
#1433=EDGE_LOOP('',(#340,#341,#342,#343));
#1434=EDGE_LOOP('',(#344,#345,#346,#347));
#1435=EDGE_LOOP('',(#348,#349,#350,#351));
#1436=EDGE_LOOP('',(#352,#353,#354,#355));
#1437=EDGE_LOOP('',(#356,#357,#358,#359));
#1438=EDGE_LOOP('',(#360,#361,#362,#363));
#1439=EDGE_LOOP('',(#364,#365,#366,#367));
#1440=EDGE_LOOP('',(#368,#369,#370,#371));
#1441=EDGE_LOOP('',(#372));
#1442=EDGE_LOOP('',(#373));
#1443=EDGE_LOOP('',(#374));
#1444=EDGE_LOOP('',(#375));
#1445=EDGE_LOOP('',(#376));
#1446=EDGE_LOOP('',(#377));
#1447=EDGE_LOOP('',(#378));
#1448=EDGE_LOOP('',(#379));
#1449=EDGE_LOOP('',(#380));
#1450=EDGE_LOOP('',(#381));
#1451=EDGE_LOOP('',(#382));
#1452=EDGE_LOOP('',(#383));
#1453=EDGE_LOOP('',(#384));
#1454=EDGE_LOOP('',(#385));
#1455=EDGE_LOOP('',(#386));
#1456=EDGE_LOOP('',(#387));
#1457=EDGE_LOOP('',(#388));
#1458=EDGE_LOOP('',(#389));
#1459=EDGE_LOOP('',(#390));
#1460=EDGE_LOOP('',(#391));
#1461=EDGE_LOOP('',(#392,#393,#394,#395,#396,#397,#398,#399));
#1462=EDGE_LOOP('',(#400,#401,#402,#403,#404,#405,#406,#407));
#1463=EDGE_LOOP('',(#408,#409,#410,#411,#412,#413,#414,#415));
#1464=EDGE_LOOP('',(#416,#417,#418,#419));
#1465=EDGE_LOOP('',(#420,#421,#422,#423));
#1466=EDGE_LOOP('',(#424,#425,#426,#427));
#1467=EDGE_LOOP('',(#428,#429,#430,#431));
#1468=EDGE_LOOP('',(#432,#433,#434,#435));
#1469=EDGE_LOOP('',(#436,#437,#438,#439));
#1470=EDGE_LOOP('',(#440,#441,#442,#443));
#1471=EDGE_LOOP('',(#444,#445,#446,#447));
#1472=EDGE_LOOP('',(#448,#449,#450,#451));
#1473=EDGE_LOOP('',(#452,#453,#454,#455));
#1474=EDGE_LOOP('',(#456,#457,#458,#459));
#1475=EDGE_LOOP('',(#460,#461,#462,#463));
#1476=EDGE_LOOP('',(#464,#465,#466,#467));
#1477=EDGE_LOOP('',(#468,#469,#470,#471));
#1478=EDGE_LOOP('',(#472,#473,#474,#475));
#1479=EDGE_LOOP('',(#476,#477,#478,#479));
#1480=EDGE_LOOP('',(#480,#481,#482,#483));
#1481=EDGE_LOOP('',(#484,#485,#486,#487));
#1482=EDGE_LOOP('',(#488,#489,#490,#491));
#1483=EDGE_LOOP('',(#492,#493,#494,#495));
#1484=EDGE_LOOP('',(#496,#497,#498,#499,#500,#501,#502,#503,#504,#505,#506,
#507,#508,#509,#510,#511,#512,#513,#514,#515,#516,#517,#518,#519,#520,#521,
#522,#523,#524,#525,#526,#527,#528,#529,#530,#531,#532,#533,#534,#535));
#1485=EDGE_LOOP('',(#536,#537,#538,#539,#540,#541,#542,#543));
#1486=EDGE_LOOP('',(#544));
#1487=EDGE_LOOP('',(#545,#546,#547,#548));
#1488=EDGE_LOOP('',(#549));
#1489=EDGE_LOOP('',(#550));
#1490=EDGE_LOOP('',(#551));
#1491=EDGE_LOOP('',(#552));
#1492=EDGE_LOOP('',(#553));
#1493=EDGE_LOOP('',(#554));
#1494=EDGE_LOOP('',(#555));
#1495=EDGE_LOOP('',(#556,#557,#558,#559));
#1496=EDGE_LOOP('',(#560));
#1497=EDGE_LOOP('',(#561));
#1498=EDGE_LOOP('',(#562));
#1499=EDGE_LOOP('',(#563));
#1500=EDGE_LOOP('',(#564));
#1501=EDGE_LOOP('',(#565));
#1502=EDGE_LOOP('',(#566,#567,#568,#569));
#1503=EDGE_LOOP('',(#570));
#1504=EDGE_LOOP('',(#571));
#1505=EDGE_LOOP('',(#572));
#1506=EDGE_LOOP('',(#573));
#1507=EDGE_LOOP('',(#574));
#1508=EDGE_LOOP('',(#575));
#1509=EDGE_LOOP('',(#576));
#1510=EDGE_LOOP('',(#577,#578,#579,#580));
#1511=EDGE_LOOP('',(#581));
#1512=EDGE_LOOP('',(#582));
#1513=EDGE_LOOP('',(#583));
#1514=EDGE_LOOP('',(#584));
#1515=EDGE_LOOP('',(#585));
#1516=EDGE_LOOP('',(#586));
#1517=EDGE_LOOP('',(#587));
#1518=EDGE_LOOP('',(#588,#589,#590,#591));
#1519=EDGE_LOOP('',(#592));
#1520=EDGE_LOOP('',(#593));
#1521=EDGE_LOOP('',(#594));
#1522=EDGE_LOOP('',(#595));
#1523=EDGE_LOOP('',(#596));
#1524=EDGE_LOOP('',(#597));
#1525=EDGE_LOOP('',(#598));
#1526=EDGE_LOOP('',(#599,#600,#601,#602));
#1527=EDGE_LOOP('',(#603));
#1528=EDGE_LOOP('',(#604));
#1529=EDGE_LOOP('',(#605));
#1530=EDGE_LOOP('',(#606));
#1531=EDGE_LOOP('',(#607));
#1532=EDGE_LOOP('',(#608));
#1533=EDGE_LOOP('',(#609));
#1534=EDGE_LOOP('',(#610,#611,#612,#613));
#1535=EDGE_LOOP('',(#614));
#1536=EDGE_LOOP('',(#615));
#1537=EDGE_LOOP('',(#616));
#1538=EDGE_LOOP('',(#617));
#1539=EDGE_LOOP('',(#618));
#1540=EDGE_LOOP('',(#619));
#1541=EDGE_LOOP('',(#620));
#1542=EDGE_LOOP('',(#621));
#1543=EDGE_LOOP('',(#622,#623,#624,#625));
#1544=EDGE_LOOP('',(#626));
#1545=EDGE_LOOP('',(#627));
#1546=EDGE_LOOP('',(#628));
#1547=EDGE_LOOP('',(#629));
#1548=EDGE_LOOP('',(#630));
#1549=EDGE_LOOP('',(#631));
#1550=EDGE_LOOP('',(#632));
#1551=EDGE_LOOP('',(#633,#634,#635,#636));
#1552=EDGE_LOOP('',(#637));
#1553=EDGE_LOOP('',(#638));
#1554=EDGE_LOOP('',(#639));
#1555=EDGE_LOOP('',(#640));
#1556=EDGE_LOOP('',(#641));
#1557=EDGE_LOOP('',(#642));
#1558=EDGE_LOOP('',(#643));
#1559=EDGE_LOOP('',(#644,#645,#646,#647));
#1560=EDGE_LOOP('',(#648));
#1561=EDGE_LOOP('',(#649));
#1562=EDGE_LOOP('',(#650));
#1563=EDGE_LOOP('',(#651));
#1564=EDGE_LOOP('',(#652));
#1565=EDGE_LOOP('',(#653));
#1566=EDGE_LOOP('',(#654));
#1567=EDGE_LOOP('',(#655,#656,#657,#658));
#1568=EDGE_LOOP('',(#659));
#1569=EDGE_LOOP('',(#660));
#1570=EDGE_LOOP('',(#661));
#1571=EDGE_LOOP('',(#662));
#1572=EDGE_LOOP('',(#663));
#1573=EDGE_LOOP('',(#664));
#1574=EDGE_LOOP('',(#665));
#1575=EDGE_LOOP('',(#666,#667,#668,#669));
#1576=EDGE_LOOP('',(#670));
#1577=EDGE_LOOP('',(#671));
#1578=EDGE_LOOP('',(#672));
#1579=EDGE_LOOP('',(#673));
#1580=EDGE_LOOP('',(#674));
#1581=EDGE_LOOP('',(#675));
#1582=EDGE_LOOP('',(#676));
#1583=EDGE_LOOP('',(#677,#678,#679,#680));
#1584=EDGE_LOOP('',(#681));
#1585=EDGE_LOOP('',(#682));
#1586=EDGE_LOOP('',(#683));
#1587=EDGE_LOOP('',(#684));
#1588=EDGE_LOOP('',(#685));
#1589=EDGE_LOOP('',(#686));
#1590=EDGE_LOOP('',(#687,#688,#689,#690));
#1591=EDGE_LOOP('',(#691));
#1592=EDGE_LOOP('',(#692));
#1593=EDGE_LOOP('',(#693));
#1594=EDGE_LOOP('',(#694));
#1595=EDGE_LOOP('',(#695));
#1596=EDGE_LOOP('',(#696));
#1597=EDGE_LOOP('',(#697));
#1598=EDGE_LOOP('',(#698,#699,#700,#701));
#1599=EDGE_LOOP('',(#702));
#1600=EDGE_LOOP('',(#703));
#1601=EDGE_LOOP('',(#704));
#1602=EDGE_LOOP('',(#705));
#1603=EDGE_LOOP('',(#706));
#1604=EDGE_LOOP('',(#707));
#1605=EDGE_LOOP('',(#708));
#1606=EDGE_LOOP('',(#709,#710,#711,#712));
#1607=EDGE_LOOP('',(#713));
#1608=EDGE_LOOP('',(#714));
#1609=EDGE_LOOP('',(#715));
#1610=EDGE_LOOP('',(#716));
#1611=EDGE_LOOP('',(#717));
#1612=EDGE_LOOP('',(#718));
#1613=EDGE_LOOP('',(#719));
#1614=EDGE_LOOP('',(#720));
#1615=EDGE_LOOP('',(#721));
#1616=EDGE_LOOP('',(#722));
#1617=EDGE_LOOP('',(#723));
#1618=EDGE_LOOP('',(#724));
#1619=EDGE_LOOP('',(#725));
#1620=EDGE_LOOP('',(#726));
#1621=EDGE_LOOP('',(#727));
#1622=EDGE_LOOP('',(#728));
#1623=EDGE_LOOP('',(#729));
#1624=EDGE_LOOP('',(#730));
#1625=EDGE_LOOP('',(#731));
#1626=FACE_BOUND('',#1412,.T.);
#1627=FACE_BOUND('',#1413,.T.);
#1628=FACE_BOUND('',#1414,.T.);
#1629=FACE_BOUND('',#1415,.T.);
#1630=FACE_BOUND('',#1416,.T.);
#1631=FACE_BOUND('',#1417,.T.);
#1632=FACE_BOUND('',#1418,.T.);
#1633=FACE_BOUND('',#1419,.T.);
#1634=FACE_BOUND('',#1420,.T.);
#1635=FACE_BOUND('',#1421,.T.);
#1636=FACE_BOUND('',#1422,.T.);
#1637=FACE_BOUND('',#1423,.T.);
#1638=FACE_BOUND('',#1424,.T.);
#1639=FACE_BOUND('',#1425,.T.);
#1640=FACE_BOUND('',#1426,.T.);
#1641=FACE_BOUND('',#1427,.T.);
#1642=FACE_BOUND('',#1428,.T.);
#1643=FACE_BOUND('',#1429,.T.);
#1644=FACE_BOUND('',#1430,.T.);
#1645=FACE_BOUND('',#1431,.T.);
#1646=FACE_BOUND('',#1432,.T.);
#1647=FACE_BOUND('',#1433,.T.);
#1648=FACE_BOUND('',#1434,.T.);
#1649=FACE_BOUND('',#1435,.T.);
#1650=FACE_BOUND('',#1436,.T.);
#1651=FACE_BOUND('',#1437,.T.);
#1652=FACE_BOUND('',#1438,.T.);
#1653=FACE_BOUND('',#1439,.T.);
#1654=FACE_BOUND('',#1440,.T.);
#1655=FACE_BOUND('',#1441,.T.);
#1656=FACE_BOUND('',#1442,.T.);
#1657=FACE_BOUND('',#1443,.T.);
#1658=FACE_BOUND('',#1444,.T.);
#1659=FACE_BOUND('',#1445,.T.);
#1660=FACE_BOUND('',#1446,.T.);
#1661=FACE_BOUND('',#1447,.T.);
#1662=FACE_BOUND('',#1448,.T.);
#1663=FACE_BOUND('',#1449,.T.);
#1664=FACE_BOUND('',#1450,.T.);
#1665=FACE_BOUND('',#1451,.T.);
#1666=FACE_BOUND('',#1452,.T.);
#1667=FACE_BOUND('',#1453,.T.);
#1668=FACE_BOUND('',#1454,.T.);
#1669=FACE_BOUND('',#1455,.T.);
#1670=FACE_BOUND('',#1456,.T.);
#1671=FACE_BOUND('',#1457,.T.);
#1672=FACE_BOUND('',#1458,.T.);
#1673=FACE_BOUND('',#1459,.T.);
#1674=FACE_BOUND('',#1460,.T.);
#1675=FACE_BOUND('',#1461,.T.);
#1676=FACE_BOUND('',#1462,.T.);
#1677=FACE_BOUND('',#1463,.T.);
#1678=FACE_BOUND('',#1464,.T.);
#1679=FACE_BOUND('',#1465,.T.);
#1680=FACE_BOUND('',#1466,.T.);
#1681=FACE_BOUND('',#1467,.T.);
#1682=FACE_BOUND('',#1468,.T.);
#1683=FACE_BOUND('',#1469,.T.);
#1684=FACE_BOUND('',#1470,.T.);
#1685=FACE_BOUND('',#1471,.T.);
#1686=FACE_BOUND('',#1472,.T.);
#1687=FACE_BOUND('',#1473,.T.);
#1688=FACE_BOUND('',#1474,.T.);
#1689=FACE_BOUND('',#1475,.T.);
#1690=FACE_BOUND('',#1476,.T.);
#1691=FACE_BOUND('',#1477,.T.);
#1692=FACE_BOUND('',#1478,.T.);
#1693=FACE_BOUND('',#1479,.T.);
#1694=FACE_BOUND('',#1480,.T.);
#1695=FACE_BOUND('',#1481,.T.);
#1696=FACE_BOUND('',#1482,.T.);
#1697=FACE_BOUND('',#1483,.T.);
#1698=FACE_BOUND('',#1484,.T.);
#1699=FACE_BOUND('',#1485,.T.);
#1700=FACE_BOUND('',#1486,.T.);
#1701=FACE_BOUND('',#1487,.T.);
#1702=FACE_BOUND('',#1488,.T.);
#1703=FACE_BOUND('',#1489,.T.);
#1704=FACE_BOUND('',#1490,.T.);
#1705=FACE_BOUND('',#1491,.T.);
#1706=FACE_BOUND('',#1492,.T.);
#1707=FACE_BOUND('',#1493,.T.);
#1708=FACE_BOUND('',#1494,.T.);
#1709=FACE_BOUND('',#1495,.T.);
#1710=FACE_BOUND('',#1496,.T.);
#1711=FACE_BOUND('',#1497,.T.);
#1712=FACE_BOUND('',#1498,.T.);
#1713=FACE_BOUND('',#1499,.T.);
#1714=FACE_BOUND('',#1500,.T.);
#1715=FACE_BOUND('',#1501,.T.);
#1716=FACE_BOUND('',#1502,.T.);
#1717=FACE_BOUND('',#1503,.T.);
#1718=FACE_BOUND('',#1504,.T.);
#1719=FACE_BOUND('',#1505,.T.);
#1720=FACE_BOUND('',#1506,.T.);
#1721=FACE_BOUND('',#1507,.T.);
#1722=FACE_BOUND('',#1508,.T.);
#1723=FACE_BOUND('',#1509,.T.);
#1724=FACE_BOUND('',#1510,.T.);
#1725=FACE_BOUND('',#1511,.T.);
#1726=FACE_BOUND('',#1512,.T.);
#1727=FACE_BOUND('',#1513,.T.);
#1728=FACE_BOUND('',#1514,.T.);
#1729=FACE_BOUND('',#1515,.T.);
#1730=FACE_BOUND('',#1516,.T.);
#1731=FACE_BOUND('',#1517,.T.);
#1732=FACE_BOUND('',#1518,.T.);
#1733=FACE_BOUND('',#1519,.T.);
#1734=FACE_BOUND('',#1520,.T.);
#1735=FACE_BOUND('',#1521,.T.);
#1736=FACE_BOUND('',#1522,.T.);
#1737=FACE_BOUND('',#1523,.T.);
#1738=FACE_BOUND('',#1524,.T.);
#1739=FACE_BOUND('',#1525,.T.);
#1740=FACE_BOUND('',#1526,.T.);
#1741=FACE_BOUND('',#1527,.T.);
#1742=FACE_BOUND('',#1528,.T.);
#1743=FACE_BOUND('',#1529,.T.);
#1744=FACE_BOUND('',#1530,.T.);
#1745=FACE_BOUND('',#1531,.T.);
#1746=FACE_BOUND('',#1532,.T.);
#1747=FACE_BOUND('',#1533,.T.);
#1748=FACE_BOUND('',#1534,.T.);
#1749=FACE_BOUND('',#1535,.T.);
#1750=FACE_BOUND('',#1536,.T.);
#1751=FACE_BOUND('',#1537,.T.);
#1752=FACE_BOUND('',#1538,.T.);
#1753=FACE_BOUND('',#1539,.T.);
#1754=FACE_BOUND('',#1540,.T.);
#1755=FACE_BOUND('',#1541,.T.);
#1756=FACE_BOUND('',#1542,.T.);
#1757=FACE_BOUND('',#1543,.T.);
#1758=FACE_BOUND('',#1544,.T.);
#1759=FACE_BOUND('',#1545,.T.);
#1760=FACE_BOUND('',#1546,.T.);
#1761=FACE_BOUND('',#1547,.T.);
#1762=FACE_BOUND('',#1548,.T.);
#1763=FACE_BOUND('',#1549,.T.);
#1764=FACE_BOUND('',#1550,.T.);
#1765=FACE_BOUND('',#1551,.T.);
#1766=FACE_BOUND('',#1552,.T.);
#1767=FACE_BOUND('',#1553,.T.);
#1768=FACE_BOUND('',#1554,.T.);
#1769=FACE_BOUND('',#1555,.T.);
#1770=FACE_BOUND('',#1556,.T.);
#1771=FACE_BOUND('',#1557,.T.);
#1772=FACE_BOUND('',#1558,.T.);
#1773=FACE_BOUND('',#1559,.T.);
#1774=FACE_BOUND('',#1560,.T.);
#1775=FACE_BOUND('',#1561,.T.);
#1776=FACE_BOUND('',#1562,.T.);
#1777=FACE_BOUND('',#1563,.T.);
#1778=FACE_BOUND('',#1564,.T.);
#1779=FACE_BOUND('',#1565,.T.);
#1780=FACE_BOUND('',#1566,.T.);
#1781=FACE_BOUND('',#1567,.T.);
#1782=FACE_BOUND('',#1568,.T.);
#1783=FACE_BOUND('',#1569,.T.);
#1784=FACE_BOUND('',#1570,.T.);
#1785=FACE_BOUND('',#1571,.T.);
#1786=FACE_BOUND('',#1572,.T.);
#1787=FACE_BOUND('',#1573,.T.);
#1788=FACE_BOUND('',#1574,.T.);
#1789=FACE_BOUND('',#1575,.T.);
#1790=FACE_BOUND('',#1576,.T.);
#1791=FACE_BOUND('',#1577,.T.);
#1792=FACE_BOUND('',#1578,.T.);
#1793=FACE_BOUND('',#1579,.T.);
#1794=FACE_BOUND('',#1580,.T.);
#1795=FACE_BOUND('',#1581,.T.);
#1796=FACE_BOUND('',#1582,.T.);
#1797=FACE_BOUND('',#1583,.T.);
#1798=FACE_BOUND('',#1584,.T.);
#1799=FACE_BOUND('',#1585,.T.);
#1800=FACE_BOUND('',#1586,.T.);
#1801=FACE_BOUND('',#1587,.T.);
#1802=FACE_BOUND('',#1588,.T.);
#1803=FACE_BOUND('',#1589,.T.);
#1804=FACE_BOUND('',#1590,.T.);
#1805=FACE_BOUND('',#1591,.T.);
#1806=FACE_BOUND('',#1592,.T.);
#1807=FACE_BOUND('',#1593,.T.);
#1808=FACE_BOUND('',#1594,.T.);
#1809=FACE_BOUND('',#1595,.T.);
#1810=FACE_BOUND('',#1596,.T.);
#1811=FACE_BOUND('',#1597,.T.);
#1812=FACE_BOUND('',#1598,.T.);
#1813=FACE_BOUND('',#1599,.T.);
#1814=FACE_BOUND('',#1600,.T.);
#1815=FACE_BOUND('',#1601,.T.);
#1816=FACE_BOUND('',#1602,.T.);
#1817=FACE_BOUND('',#1603,.T.);
#1818=FACE_BOUND('',#1604,.T.);
#1819=FACE_BOUND('',#1605,.T.);
#1820=FACE_BOUND('',#1606,.T.);
#1821=FACE_BOUND('',#1607,.T.);
#1822=FACE_BOUND('',#1608,.T.);
#1823=FACE_BOUND('',#1609,.T.);
#1824=FACE_BOUND('',#1610,.T.);
#1825=FACE_BOUND('',#1611,.T.);
#1826=FACE_BOUND('',#1612,.T.);
#1827=FACE_BOUND('',#1613,.T.);
#1828=FACE_BOUND('',#1614,.T.);
#1829=FACE_BOUND('',#1615,.T.);
#1830=FACE_BOUND('',#1616,.T.);
#1831=FACE_BOUND('',#1617,.T.);
#1832=FACE_BOUND('',#1618,.T.);
#1833=FACE_BOUND('',#1619,.T.);
#1834=FACE_BOUND('',#1620,.T.);
#1835=FACE_BOUND('',#1621,.T.);
#1836=FACE_BOUND('',#1622,.T.);
#1837=FACE_BOUND('',#1623,.T.);
#1838=FACE_BOUND('',#1624,.T.);
#1839=FACE_BOUND('',#1625,.T.);
#1840=PLANE('',#2033);
#1841=PLANE('',#2054);
#1842=PLANE('',#2055);
#1843=PLANE('',#2056);
#1844=PLANE('',#2057);
#1845=PLANE('',#2058);
#1846=PLANE('',#2059);
#1847=PLANE('',#2060);
#1848=PLANE('',#2061);
#1849=PLANE('',#2062);
#1850=PLANE('',#2063);
#1851=PLANE('',#2064);
#1852=PLANE('',#2065);
#1853=PLANE('',#2066);
#1854=PLANE('',#2067);
#1855=PLANE('',#2068);
#1856=PLANE('',#2069);
#1857=PLANE('',#2070);
#1858=PLANE('',#2071);
#1859=PLANE('',#2072);
#1860=PLANE('',#2073);
#1861=PLANE('',#2074);
#1862=PLANE('',#2076);
#1863=PLANE('',#2078);
#1864=PLANE('',#2080);
#1865=PLANE('',#2082);
#1866=PLANE('',#2103);
#1867=PLANE('',#2108);
#1868=PLANE('',#2109);
#1869=PLANE('',#2110);
#1870=PLANE('',#2111);
#1871=PLANE('',#2112);
#1872=PLANE('',#2115);
#1873=PLANE('',#2118);
#1874=PLANE('',#2121);
#1875=PLANE('',#2132);
#1876=PLANE('',#2151);
#1877=PLANE('',#2158);
#1878=PLANE('',#2165);
#1879=PLANE('',#2172);
#1880=PLANE('',#2179);
#1881=PLANE('',#2186);
#1882=PLANE('',#2193);
#1883=PLANE('',#2200);
#1884=PLANE('',#2207);
#1885=PLANE('',#2214);
#1886=PLANE('',#2221);
#1887=PLANE('',#2228);
#1888=PLANE('',#2235);
#1889=PLANE('',#2242);
#1890=PLANE('',#2249);
#1891=PLANE('',#2256);
#1892=PLANE('',#2263);
#1893=PLANE('',#2266);
#1894=PLANE('',#2269);
#1895=PLANE('',#2272);
#1896=ADVANCED_FACE('',(#1626),#1840,.F.);
#1897=ADVANCED_FACE('',(#1627),#1841,.T.);
#1898=ADVANCED_FACE('',(#1628),#1842,.T.);
#1899=ADVANCED_FACE('',(#1629),#1843,.T.);
#1900=ADVANCED_FACE('',(#1630),#1844,.T.);
#1901=ADVANCED_FACE('',(#1631),#1845,.F.);
#1902=ADVANCED_FACE('',(#1632),#1846,.F.);
#1903=ADVANCED_FACE('',(#1633),#1847,.F.);
#1904=ADVANCED_FACE('',(#1634),#1848,.F.);
#1905=ADVANCED_FACE('',(#1635),#1849,.F.);
#1906=ADVANCED_FACE('',(#1636),#1850,.F.);
#1907=ADVANCED_FACE('',(#1637),#1851,.F.);
#1908=ADVANCED_FACE('',(#1638),#1852,.F.);
#1909=ADVANCED_FACE('',(#1639),#1853,.F.);
#1910=ADVANCED_FACE('',(#1640),#1854,.T.);
#1911=ADVANCED_FACE('',(#1641),#1855,.T.);
#1912=ADVANCED_FACE('',(#1642),#1856,.T.);
#1913=ADVANCED_FACE('',(#1643),#1857,.T.);
#1914=ADVANCED_FACE('',(#1644),#1858,.T.);
#1915=ADVANCED_FACE('',(#1645),#1859,.T.);
#1916=ADVANCED_FACE('',(#1646),#1860,.F.);
#1917=ADVANCED_FACE('',(#1647),#1861,.F.);
#1918=ADVANCED_FACE('',(#1648),#92,.F.);
#1919=ADVANCED_FACE('',(#1649),#1862,.F.);
#1920=ADVANCED_FACE('',(#1650),#93,.F.);
#1921=ADVANCED_FACE('',(#1651),#1863,.F.);
#1922=ADVANCED_FACE('',(#1652),#94,.F.);
#1923=ADVANCED_FACE('',(#1653),#1864,.F.);
#1924=ADVANCED_FACE('',(#1654),#95,.F.);
#1925=ADVANCED_FACE('',(#1655,#1656,#1657,#1658,#1659,#1660,#1661,#1662,
#1663,#1664,#1665,#1666,#1667,#1668,#1669,#1670,#1671,#1672,#1673,#1674,
#1675),#1865,.T.);
#1926=ADVANCED_FACE('',(#1676,#1677),#1866,.F.);
#1927=ADVANCED_FACE('',(#1678),#1867,.T.);
#1928=ADVANCED_FACE('',(#1679),#96,.T.);
#1929=ADVANCED_FACE('',(#1680),#97,.T.);
#1930=ADVANCED_FACE('',(#1681),#1868,.T.);
#1931=ADVANCED_FACE('',(#1682),#1869,.T.);
#1932=ADVANCED_FACE('',(#1683),#98,.T.);
#1933=ADVANCED_FACE('',(#1684),#99,.T.);
#1934=ADVANCED_FACE('',(#1685),#1870,.T.);
#1935=ADVANCED_FACE('',(#1686),#1871,.T.);
#1936=ADVANCED_FACE('',(#1687),#28,.T.);
#1937=ADVANCED_FACE('',(#1688),#1872,.T.);
#1938=ADVANCED_FACE('',(#1689),#29,.T.);
#1939=ADVANCED_FACE('',(#1690),#1873,.F.);
#1940=ADVANCED_FACE('',(#1691),#30,.T.);
#1941=ADVANCED_FACE('',(#1692),#1874,.F.);
#1942=ADVANCED_FACE('',(#1693),#31,.F.);
#1943=ADVANCED_FACE('',(#1694),#32,.F.);
#1944=ADVANCED_FACE('',(#1695),#33,.F.);
#1945=ADVANCED_FACE('',(#1696),#34,.F.);
#1946=ADVANCED_FACE('',(#1697),#35,.T.);
#1947=ADVANCED_FACE('',(#1698,#1699),#1875,.F.);
#1948=ADVANCED_FACE('',(#1700,#1701),#36,.T.);
#1949=ADVANCED_FACE('',(#1702,#1703),#1876,.F.);
#1950=ADVANCED_FACE('',(#1704,#1705),#37,.F.);
#1951=ADVANCED_FACE('',(#1706,#1707),#12,.F.);
#1952=ADVANCED_FACE('',(#1708,#1709),#38,.T.);
#1953=ADVANCED_FACE('',(#1710,#1711),#1877,.F.);
#1954=ADVANCED_FACE('',(#1712,#1713),#39,.F.);
#1955=ADVANCED_FACE('',(#1714,#1715),#13,.F.);
#1956=ADVANCED_FACE('',(#1716,#1717),#40,.T.);
#1957=ADVANCED_FACE('',(#1718,#1719),#1878,.F.);
#1958=ADVANCED_FACE('',(#1720,#1721),#41,.F.);
#1959=ADVANCED_FACE('',(#1722,#1723),#14,.F.);
#1960=ADVANCED_FACE('',(#1724,#1725),#42,.T.);
#1961=ADVANCED_FACE('',(#1726,#1727),#1879,.F.);
#1962=ADVANCED_FACE('',(#1728,#1729),#43,.F.);
#1963=ADVANCED_FACE('',(#1730,#1731),#15,.F.);
#1964=ADVANCED_FACE('',(#1732,#1733),#44,.T.);
#1965=ADVANCED_FACE('',(#1734,#1735),#1880,.F.);
#1966=ADVANCED_FACE('',(#1736,#1737),#45,.F.);
#1967=ADVANCED_FACE('',(#1738,#1739),#16,.F.);
#1968=ADVANCED_FACE('',(#1740,#1741),#46,.T.);
#1969=ADVANCED_FACE('',(#1742,#1743),#1881,.F.);
#1970=ADVANCED_FACE('',(#1744,#1745),#47,.F.);
#1971=ADVANCED_FACE('',(#1746,#1747),#17,.F.);
#1972=ADVANCED_FACE('',(#1748,#1749),#48,.T.);
#1973=ADVANCED_FACE('',(#1750,#1751),#1882,.F.);
#1974=ADVANCED_FACE('',(#1752,#1753),#49,.F.);
#1975=ADVANCED_FACE('',(#1754,#1755),#18,.F.);
#1976=ADVANCED_FACE('',(#1756,#1757),#50,.T.);
#1977=ADVANCED_FACE('',(#1758,#1759),#1883,.F.);
#1978=ADVANCED_FACE('',(#1760,#1761),#51,.F.);
#1979=ADVANCED_FACE('',(#1762,#1763),#19,.F.);
#1980=ADVANCED_FACE('',(#1764,#1765),#52,.T.);
#1981=ADVANCED_FACE('',(#1766,#1767),#1884,.F.);
#1982=ADVANCED_FACE('',(#1768,#1769),#53,.F.);
#1983=ADVANCED_FACE('',(#1770,#1771),#20,.F.);
#1984=ADVANCED_FACE('',(#1772,#1773),#54,.T.);
#1985=ADVANCED_FACE('',(#1774,#1775),#1885,.F.);
#1986=ADVANCED_FACE('',(#1776,#1777),#55,.F.);
#1987=ADVANCED_FACE('',(#1778,#1779),#21,.F.);
#1988=ADVANCED_FACE('',(#1780,#1781),#56,.T.);
#1989=ADVANCED_FACE('',(#1782,#1783),#1886,.F.);
#1990=ADVANCED_FACE('',(#1784,#1785),#57,.F.);
#1991=ADVANCED_FACE('',(#1786,#1787),#22,.F.);
#1992=ADVANCED_FACE('',(#1788,#1789),#58,.T.);
#1993=ADVANCED_FACE('',(#1790,#1791),#1887,.F.);
#1994=ADVANCED_FACE('',(#1792,#1793),#59,.F.);
#1995=ADVANCED_FACE('',(#1794,#1795),#23,.F.);
#1996=ADVANCED_FACE('',(#1796,#1797),#60,.T.);
#1997=ADVANCED_FACE('',(#1798,#1799),#1888,.F.);
#1998=ADVANCED_FACE('',(#1800,#1801),#61,.F.);
#1999=ADVANCED_FACE('',(#1802,#1803),#24,.F.);
#2000=ADVANCED_FACE('',(#1804,#1805),#62,.T.);
#2001=ADVANCED_FACE('',(#1806,#1807),#1889,.F.);
#2002=ADVANCED_FACE('',(#1808,#1809),#63,.F.);
#2003=ADVANCED_FACE('',(#1810,#1811),#25,.F.);
#2004=ADVANCED_FACE('',(#1812,#1813),#64,.T.);
#2005=ADVANCED_FACE('',(#1814,#1815),#1890,.F.);
#2006=ADVANCED_FACE('',(#1816,#1817),#65,.F.);
#2007=ADVANCED_FACE('',(#1818,#1819),#26,.F.);
#2008=ADVANCED_FACE('',(#1820,#1821),#66,.T.);
#2009=ADVANCED_FACE('',(#1822,#1823),#1891,.F.);
#2010=ADVANCED_FACE('',(#1824,#1825),#67,.F.);
#2011=ADVANCED_FACE('',(#1826,#1827),#27,.F.);
#2012=ADVANCED_FACE('',(#1828,#1829),#68,.F.);
#2013=ADVANCED_FACE('',(#1830),#1892,.T.);
#2014=ADVANCED_FACE('',(#1831,#1832),#69,.F.);
#2015=ADVANCED_FACE('',(#1833),#1893,.T.);
#2016=ADVANCED_FACE('',(#1834,#1835),#70,.F.);
#2017=ADVANCED_FACE('',(#1836),#1894,.T.);
#2018=ADVANCED_FACE('',(#1837,#1838),#71,.F.);
#2019=ADVANCED_FACE('',(#1839),#1895,.T.);
#2020=CLOSED_SHELL('',(#1896,#1897,#1898,#1899,#1900,#1901,#1902,#1903,
#1904,#1905,#1906,#1907,#1908,#1909,#1910,#1911,#1912,#1913,#1914,#1915,
#1916,#1917,#1918,#1919,#1920,#1921,#1922,#1923,#1924,#1925,#1926,#1927,
#1928,#1929,#1930,#1931,#1932,#1933,#1934,#1935,#1936,#1937,#1938,#1939,
#1940,#1941,#1942,#1943,#1944,#1945,#1946,#1947,#1948,#1949,#1950,#1951,
#1952,#1953,#1954,#1955,#1956,#1957,#1958,#1959,#1960,#1961,#1962,#1963,
#1964,#1965,#1966,#1967,#1968,#1969,#1970,#1971,#1972,#1973,#1974,#1975,
#1976,#1977,#1978,#1979,#1980,#1981,#1982,#1983,#1984,#1985,#1986,#1987,
#1988,#1989,#1990,#1991,#1992,#1993,#1994,#1995,#1996,#1997,#1998,#1999,
#2000,#2001,#2002,#2003,#2004,#2005,#2006,#2007,#2008,#2009,#2010,#2011,
#2012,#2013,#2014,#2015,#2016,#2017,#2018,#2019));
#2021=STYLED_ITEM('',(#2022),#2029);
#2022=PRESENTATION_STYLE_ASSIGNMENT((#2023));
#2023=SURFACE_STYLE_USAGE(.BOTH.,#2024);
#2024=SURFACE_SIDE_STYLE('',(#2025));
#2025=SURFACE_STYLE_FILL_AREA(#2026);
#2026=FILL_AREA_STYLE('',(#2027));
#2027=FILL_AREA_STYLE_COLOUR('',#2028);
#2028=COLOUR_RGB('',0.647058823529412,0.647058823529412,0.647058823529412);
#2029=MANIFOLD_SOLID_BREP('Bottom-Right',#2020);
#2030=SHAPE_DEFINITION_REPRESENTATION(#3588,#2031);
#2031=SHAPE_REPRESENTATION('Bottom-Right',(#2032),#3583);
#2032=AXIS2_PLACEMENT_3D('',#2871,#2273,#2274);
#2033=AXIS2_PLACEMENT_3D('',#2872,#2275,#2276);
#2034=AXIS2_PLACEMENT_3D('',#2876,#2278,#2279);
#2035=AXIS2_PLACEMENT_3D('',#2880,#2281,#2282);
#2036=AXIS2_PLACEMENT_3D('',#2884,#2284,#2285);
#2037=AXIS2_PLACEMENT_3D('',#2888,#2287,#2288);
#2038=AXIS2_PLACEMENT_3D('',#2892,#2290,#2291);
#2039=AXIS2_PLACEMENT_3D('',#2896,#2293,#2294);
#2040=AXIS2_PLACEMENT_3D('',#2900,#2296,#2297);
#2041=AXIS2_PLACEMENT_3D('',#2904,#2299,#2300);
#2042=AXIS2_PLACEMENT_3D('',#2908,#2302,#2303);
#2043=AXIS2_PLACEMENT_3D('',#2912,#2305,#2306);
#2044=AXIS2_PLACEMENT_3D('',#2916,#2308,#2309);
#2045=AXIS2_PLACEMENT_3D('',#2920,#2311,#2312);
#2046=AXIS2_PLACEMENT_3D('',#2924,#2314,#2315);
#2047=AXIS2_PLACEMENT_3D('',#2928,#2317,#2318);
#2048=AXIS2_PLACEMENT_3D('',#2932,#2320,#2321);
#2049=AXIS2_PLACEMENT_3D('',#2936,#2323,#2324);
#2050=AXIS2_PLACEMENT_3D('',#2940,#2326,#2327);
#2051=AXIS2_PLACEMENT_3D('',#2944,#2329,#2330);
#2052=AXIS2_PLACEMENT_3D('',#2948,#2332,#2333);
#2053=AXIS2_PLACEMENT_3D('',#2952,#2335,#2336);
#2054=AXIS2_PLACEMENT_3D('',#2953,#2337,#2338);
#2055=AXIS2_PLACEMENT_3D('',#2959,#2342,#2343);
#2056=AXIS2_PLACEMENT_3D('',#2965,#2347,#2348);
#2057=AXIS2_PLACEMENT_3D('',#2971,#2352,#2353);
#2058=AXIS2_PLACEMENT_3D('',#2977,#2357,#2358);
#2059=AXIS2_PLACEMENT_3D('',#2983,#2362,#2363);
#2060=AXIS2_PLACEMENT_3D('',#2989,#2367,#2368);
#2061=AXIS2_PLACEMENT_3D('',#2995,#2372,#2373);
#2062=AXIS2_PLACEMENT_3D('',#3001,#2377,#2378);
#2063=AXIS2_PLACEMENT_3D('',#3007,#2382,#2383);
#2064=AXIS2_PLACEMENT_3D('',#3013,#2387,#2388);
#2065=AXIS2_PLACEMENT_3D('',#3019,#2392,#2393);
#2066=AXIS2_PLACEMENT_3D('',#3025,#2397,#2398);
#2067=AXIS2_PLACEMENT_3D('',#3031,#2402,#2403);
#2068=AXIS2_PLACEMENT_3D('',#3037,#2407,#2408);
#2069=AXIS2_PLACEMENT_3D('',#3043,#2412,#2413);
#2070=AXIS2_PLACEMENT_3D('',#3049,#2417,#2418);
#2071=AXIS2_PLACEMENT_3D('',#3055,#2422,#2423);
#2072=AXIS2_PLACEMENT_3D('',#3061,#2427,#2428);
#2073=AXIS2_PLACEMENT_3D('',#3067,#2432,#2433);
#2074=AXIS2_PLACEMENT_3D('',#3073,#2437,#2438);
#2075=AXIS2_PLACEMENT_3D('',#3100,#2444,#2445);
#2076=AXIS2_PLACEMENT_3D('',#3101,#2446,#2447);
#2077=AXIS2_PLACEMENT_3D('',#3125,#2452,#2453);
#2078=AXIS2_PLACEMENT_3D('',#3126,#2454,#2455);
#2079=AXIS2_PLACEMENT_3D('',#3150,#2460,#2461);
#2080=AXIS2_PLACEMENT_3D('',#3151,#2462,#2463);
#2081=AXIS2_PLACEMENT_3D('',#3172,#2467,#2468);
#2082=AXIS2_PLACEMENT_3D('',#3173,#2469,#2470);
#2083=AXIS2_PLACEMENT_3D('',#3174,#2471,#2472);
#2084=AXIS2_PLACEMENT_3D('',#3176,#2473,#2474);
#2085=AXIS2_PLACEMENT_3D('',#3178,#2475,#2476);
#2086=AXIS2_PLACEMENT_3D('',#3180,#2477,#2478);
#2087=AXIS2_PLACEMENT_3D('',#3182,#2479,#2480);
#2088=AXIS2_PLACEMENT_3D('',#3184,#2481,#2482);
#2089=AXIS2_PLACEMENT_3D('',#3186,#2483,#2484);
#2090=AXIS2_PLACEMENT_3D('',#3188,#2485,#2486);
#2091=AXIS2_PLACEMENT_3D('',#3190,#2487,#2488);
#2092=AXIS2_PLACEMENT_3D('',#3192,#2489,#2490);
#2093=AXIS2_PLACEMENT_3D('',#3194,#2491,#2492);
#2094=AXIS2_PLACEMENT_3D('',#3196,#2493,#2494);
#2095=AXIS2_PLACEMENT_3D('',#3198,#2495,#2496);
#2096=AXIS2_PLACEMENT_3D('',#3200,#2497,#2498);
#2097=AXIS2_PLACEMENT_3D('',#3202,#2499,#2500);
#2098=AXIS2_PLACEMENT_3D('',#3204,#2501,#2502);
#2099=AXIS2_PLACEMENT_3D('',#3206,#2503,#2504);
#2100=AXIS2_PLACEMENT_3D('',#3208,#2505,#2506);
#2101=AXIS2_PLACEMENT_3D('',#3210,#2507,#2508);
#2102=AXIS2_PLACEMENT_3D('',#3212,#2509,#2510);
#2103=AXIS2_PLACEMENT_3D('',#3248,#2515,#2516);
#2104=AXIS2_PLACEMENT_3D('',#3249,#2517,#2518);
#2105=AXIS2_PLACEMENT_3D('',#3254,#2520,#2521);
#2106=AXIS2_PLACEMENT_3D('',#3258,#2523,#2524);
#2107=AXIS2_PLACEMENT_3D('',#3262,#2526,#2527);
#2108=AXIS2_PLACEMENT_3D('',#3265,#2529,#2530);
#2109=AXIS2_PLACEMENT_3D('',#3306,#2531,#2532);
#2110=AXIS2_PLACEMENT_3D('',#3311,#2533,#2534);
#2111=AXIS2_PLACEMENT_3D('',#3348,#2535,#2536);
#2112=AXIS2_PLACEMENT_3D('',#3349,#2537,#2538);
#2113=AXIS2_PLACEMENT_3D('',#3355,#2542,#2543);
#2114=AXIS2_PLACEMENT_3D('',#3356,#2544,#2545);
#2115=AXIS2_PLACEMENT_3D('',#3359,#2547,#2548);
#2116=AXIS2_PLACEMENT_3D('',#3363,#2551,#2552);
#2117=AXIS2_PLACEMENT_3D('',#3364,#2553,#2554);
#2118=AXIS2_PLACEMENT_3D('',#3367,#2556,#2557);
#2119=AXIS2_PLACEMENT_3D('',#3371,#2560,#2561);
#2120=AXIS2_PLACEMENT_3D('',#3372,#2562,#2563);
#2121=AXIS2_PLACEMENT_3D('',#3375,#2565,#2566);
#2122=AXIS2_PLACEMENT_3D('',#3379,#2569,#2570);
#2123=AXIS2_PLACEMENT_3D('',#3380,#2571,#2572);
#2124=AXIS2_PLACEMENT_3D('',#3381,#2573,#2574);
#2125=AXIS2_PLACEMENT_3D('',#3382,#2575,#2576);
#2126=AXIS2_PLACEMENT_3D('',#3383,#2577,#2578);
#2127=AXIS2_PLACEMENT_3D('',#3384,#2579,#2580);
#2128=AXIS2_PLACEMENT_3D('',#3385,#2581,#2582);
#2129=AXIS2_PLACEMENT_3D('',#3386,#2583,#2584);
#2130=AXIS2_PLACEMENT_3D('',#3387,#2585,#2586);
#2131=AXIS2_PLACEMENT_3D('',#3388,#2587,#2588);
#2132=AXIS2_PLACEMENT_3D('',#3389,#2589,#2590);
#2133=AXIS2_PLACEMENT_3D('',#3390,#2591,#2592);
#2134=AXIS2_PLACEMENT_3D('',#3391,#2593,#2594);
#2135=AXIS2_PLACEMENT_3D('',#3392,#2595,#2596);
#2136=AXIS2_PLACEMENT_3D('',#3393,#2597,#2598);
#2137=AXIS2_PLACEMENT_3D('',#3394,#2599,#2600);
#2138=AXIS2_PLACEMENT_3D('',#3395,#2601,#2602);
#2139=AXIS2_PLACEMENT_3D('',#3396,#2603,#2604);
#2140=AXIS2_PLACEMENT_3D('',#3397,#2605,#2606);
#2141=AXIS2_PLACEMENT_3D('',#3398,#2607,#2608);
#2142=AXIS2_PLACEMENT_3D('',#3399,#2609,#2610);
#2143=AXIS2_PLACEMENT_3D('',#3400,#2611,#2612);
#2144=AXIS2_PLACEMENT_3D('',#3401,#2613,#2614);
#2145=AXIS2_PLACEMENT_3D('',#3402,#2615,#2616);
#2146=AXIS2_PLACEMENT_3D('',#3403,#2617,#2618);
#2147=AXIS2_PLACEMENT_3D('',#3404,#2619,#2620);
#2148=AXIS2_PLACEMENT_3D('',#3405,#2621,#2622);
#2149=AXIS2_PLACEMENT_3D('',#3406,#2623,#2624);
#2150=AXIS2_PLACEMENT_3D('',#3407,#2625,#2626);
#2151=AXIS2_PLACEMENT_3D('',#3409,#2627,#2628);
#2152=AXIS2_PLACEMENT_3D('',#3410,#2629,#2630);
#2153=AXIS2_PLACEMENT_3D('',#3412,#2631,#2632);
#2154=AXIS2_PLACEMENT_3D('',#3413,#2633,#2634);
#2155=AXIS2_PLACEMENT_3D('',#3415,#2635,#2636);
#2156=AXIS2_PLACEMENT_3D('',#3416,#2637,#2638);
#2157=AXIS2_PLACEMENT_3D('',#3417,#2639,#2640);
#2158=AXIS2_PLACEMENT_3D('',#3419,#2641,#2642);
#2159=AXIS2_PLACEMENT_3D('',#3420,#2643,#2644);
#2160=AXIS2_PLACEMENT_3D('',#3422,#2645,#2646);
#2161=AXIS2_PLACEMENT_3D('',#3423,#2647,#2648);
#2162=AXIS2_PLACEMENT_3D('',#3425,#2649,#2650);
#2163=AXIS2_PLACEMENT_3D('',#3426,#2651,#2652);
#2164=AXIS2_PLACEMENT_3D('',#3427,#2653,#2654);
#2165=AXIS2_PLACEMENT_3D('',#3429,#2655,#2656);
#2166=AXIS2_PLACEMENT_3D('',#3430,#2657,#2658);
#2167=AXIS2_PLACEMENT_3D('',#3432,#2659,#2660);
#2168=AXIS2_PLACEMENT_3D('',#3433,#2661,#2662);
#2169=AXIS2_PLACEMENT_3D('',#3435,#2663,#2664);
#2170=AXIS2_PLACEMENT_3D('',#3436,#2665,#2666);
#2171=AXIS2_PLACEMENT_3D('',#3437,#2667,#2668);
#2172=AXIS2_PLACEMENT_3D('',#3439,#2669,#2670);
#2173=AXIS2_PLACEMENT_3D('',#3440,#2671,#2672);
#2174=AXIS2_PLACEMENT_3D('',#3442,#2673,#2674);
#2175=AXIS2_PLACEMENT_3D('',#3443,#2675,#2676);
#2176=AXIS2_PLACEMENT_3D('',#3445,#2677,#2678);
#2177=AXIS2_PLACEMENT_3D('',#3446,#2679,#2680);
#2178=AXIS2_PLACEMENT_3D('',#3447,#2681,#2682);
#2179=AXIS2_PLACEMENT_3D('',#3449,#2683,#2684);
#2180=AXIS2_PLACEMENT_3D('',#3450,#2685,#2686);
#2181=AXIS2_PLACEMENT_3D('',#3452,#2687,#2688);
#2182=AXIS2_PLACEMENT_3D('',#3453,#2689,#2690);
#2183=AXIS2_PLACEMENT_3D('',#3455,#2691,#2692);
#2184=AXIS2_PLACEMENT_3D('',#3456,#2693,#2694);
#2185=AXIS2_PLACEMENT_3D('',#3457,#2695,#2696);
#2186=AXIS2_PLACEMENT_3D('',#3459,#2697,#2698);
#2187=AXIS2_PLACEMENT_3D('',#3460,#2699,#2700);
#2188=AXIS2_PLACEMENT_3D('',#3462,#2701,#2702);
#2189=AXIS2_PLACEMENT_3D('',#3463,#2703,#2704);
#2190=AXIS2_PLACEMENT_3D('',#3465,#2705,#2706);
#2191=AXIS2_PLACEMENT_3D('',#3466,#2707,#2708);
#2192=AXIS2_PLACEMENT_3D('',#3467,#2709,#2710);
#2193=AXIS2_PLACEMENT_3D('',#3469,#2711,#2712);
#2194=AXIS2_PLACEMENT_3D('',#3470,#2713,#2714);
#2195=AXIS2_PLACEMENT_3D('',#3472,#2715,#2716);
#2196=AXIS2_PLACEMENT_3D('',#3473,#2717,#2718);
#2197=AXIS2_PLACEMENT_3D('',#3475,#2719,#2720);
#2198=AXIS2_PLACEMENT_3D('',#3476,#2721,#2722);
#2199=AXIS2_PLACEMENT_3D('',#3477,#2723,#2724);
#2200=AXIS2_PLACEMENT_3D('',#3479,#2725,#2726);
#2201=AXIS2_PLACEMENT_3D('',#3480,#2727,#2728);
#2202=AXIS2_PLACEMENT_3D('',#3482,#2729,#2730);
#2203=AXIS2_PLACEMENT_3D('',#3483,#2731,#2732);
#2204=AXIS2_PLACEMENT_3D('',#3485,#2733,#2734);
#2205=AXIS2_PLACEMENT_3D('',#3486,#2735,#2736);
#2206=AXIS2_PLACEMENT_3D('',#3487,#2737,#2738);
#2207=AXIS2_PLACEMENT_3D('',#3489,#2739,#2740);
#2208=AXIS2_PLACEMENT_3D('',#3490,#2741,#2742);
#2209=AXIS2_PLACEMENT_3D('',#3492,#2743,#2744);
#2210=AXIS2_PLACEMENT_3D('',#3493,#2745,#2746);
#2211=AXIS2_PLACEMENT_3D('',#3495,#2747,#2748);
#2212=AXIS2_PLACEMENT_3D('',#3496,#2749,#2750);
#2213=AXIS2_PLACEMENT_3D('',#3497,#2751,#2752);
#2214=AXIS2_PLACEMENT_3D('',#3499,#2753,#2754);
#2215=AXIS2_PLACEMENT_3D('',#3500,#2755,#2756);
#2216=AXIS2_PLACEMENT_3D('',#3502,#2757,#2758);
#2217=AXIS2_PLACEMENT_3D('',#3503,#2759,#2760);
#2218=AXIS2_PLACEMENT_3D('',#3505,#2761,#2762);
#2219=AXIS2_PLACEMENT_3D('',#3506,#2763,#2764);
#2220=AXIS2_PLACEMENT_3D('',#3507,#2765,#2766);
#2221=AXIS2_PLACEMENT_3D('',#3509,#2767,#2768);
#2222=AXIS2_PLACEMENT_3D('',#3510,#2769,#2770);
#2223=AXIS2_PLACEMENT_3D('',#3512,#2771,#2772);
#2224=AXIS2_PLACEMENT_3D('',#3513,#2773,#2774);
#2225=AXIS2_PLACEMENT_3D('',#3515,#2775,#2776);
#2226=AXIS2_PLACEMENT_3D('',#3516,#2777,#2778);
#2227=AXIS2_PLACEMENT_3D('',#3517,#2779,#2780);
#2228=AXIS2_PLACEMENT_3D('',#3519,#2781,#2782);
#2229=AXIS2_PLACEMENT_3D('',#3520,#2783,#2784);
#2230=AXIS2_PLACEMENT_3D('',#3522,#2785,#2786);
#2231=AXIS2_PLACEMENT_3D('',#3523,#2787,#2788);
#2232=AXIS2_PLACEMENT_3D('',#3525,#2789,#2790);
#2233=AXIS2_PLACEMENT_3D('',#3526,#2791,#2792);
#2234=AXIS2_PLACEMENT_3D('',#3527,#2793,#2794);
#2235=AXIS2_PLACEMENT_3D('',#3529,#2795,#2796);
#2236=AXIS2_PLACEMENT_3D('',#3530,#2797,#2798);
#2237=AXIS2_PLACEMENT_3D('',#3532,#2799,#2800);
#2238=AXIS2_PLACEMENT_3D('',#3533,#2801,#2802);
#2239=AXIS2_PLACEMENT_3D('',#3535,#2803,#2804);
#2240=AXIS2_PLACEMENT_3D('',#3536,#2805,#2806);
#2241=AXIS2_PLACEMENT_3D('',#3537,#2807,#2808);
#2242=AXIS2_PLACEMENT_3D('',#3539,#2809,#2810);
#2243=AXIS2_PLACEMENT_3D('',#3540,#2811,#2812);
#2244=AXIS2_PLACEMENT_3D('',#3542,#2813,#2814);
#2245=AXIS2_PLACEMENT_3D('',#3543,#2815,#2816);
#2246=AXIS2_PLACEMENT_3D('',#3545,#2817,#2818);
#2247=AXIS2_PLACEMENT_3D('',#3546,#2819,#2820);
#2248=AXIS2_PLACEMENT_3D('',#3547,#2821,#2822);
#2249=AXIS2_PLACEMENT_3D('',#3549,#2823,#2824);
#2250=AXIS2_PLACEMENT_3D('',#3550,#2825,#2826);
#2251=AXIS2_PLACEMENT_3D('',#3552,#2827,#2828);
#2252=AXIS2_PLACEMENT_3D('',#3553,#2829,#2830);
#2253=AXIS2_PLACEMENT_3D('',#3555,#2831,#2832);
#2254=AXIS2_PLACEMENT_3D('',#3556,#2833,#2834);
#2255=AXIS2_PLACEMENT_3D('',#3557,#2835,#2836);
#2256=AXIS2_PLACEMENT_3D('',#3559,#2837,#2838);
#2257=AXIS2_PLACEMENT_3D('',#3560,#2839,#2840);
#2258=AXIS2_PLACEMENT_3D('',#3562,#2841,#2842);
#2259=AXIS2_PLACEMENT_3D('',#3563,#2843,#2844);
#2260=AXIS2_PLACEMENT_3D('',#3565,#2845,#2846);
#2261=AXIS2_PLACEMENT_3D('',#3566,#2847,#2848);
#2262=AXIS2_PLACEMENT_3D('',#3567,#2849,#2850);
#2263=AXIS2_PLACEMENT_3D('',#3569,#2851,#2852);
#2264=AXIS2_PLACEMENT_3D('',#3570,#2853,#2854);
#2265=AXIS2_PLACEMENT_3D('',#3571,#2855,#2856);
#2266=AXIS2_PLACEMENT_3D('',#3573,#2857,#2858);
#2267=AXIS2_PLACEMENT_3D('',#3574,#2859,#2860);
#2268=AXIS2_PLACEMENT_3D('',#3575,#2861,#2862);
#2269=AXIS2_PLACEMENT_3D('',#3577,#2863,#2864);
#2270=AXIS2_PLACEMENT_3D('',#3578,#2865,#2866);
#2271=AXIS2_PLACEMENT_3D('',#3579,#2867,#2868);
#2272=AXIS2_PLACEMENT_3D('',#3581,#2869,#2870);
#2273=DIRECTION('',(0.,0.,1.));
#2274=DIRECTION('',(1.,0.,0.));
#2275=DIRECTION('',(0.,-0.0801442596674017,-0.99678327516184));
#2276=DIRECTION('',(1.,0.,0.));
#2277=DIRECTION('',(1.,0.,0.));
#2278=DIRECTION('',(0.,-0.0801442596674017,-0.99678327516184));
#2279=DIRECTION('',(0.,0.99678327516184,-0.0801442596674017));
#2280=DIRECTION('',(1.,0.,0.));
#2281=DIRECTION('',(0.,-0.0801442596674017,-0.99678327516184));
#2282=DIRECTION('',(0.,0.99678327516184,-0.0801442596674017));
#2283=DIRECTION('',(1.,0.,0.));
#2284=DIRECTION('',(0.,-0.0801442596674017,-0.99678327516184));
#2285=DIRECTION('',(0.,0.99678327516184,-0.0801442596674017));
#2286=DIRECTION('',(1.,0.,0.));
#2287=DIRECTION('',(0.,-0.0801442596674017,-0.99678327516184));
#2288=DIRECTION('',(0.,0.99678327516184,-0.0801442596674017));
#2289=DIRECTION('',(-0.00845068465049075,0.996747682350549,-0.0801413979023806));
#2290=DIRECTION('',(0.,-0.0801442596674017,-0.99678327516184));
#2291=DIRECTION('',(0.,0.99678327516184,-0.0801442596674017));
#2292=DIRECTION('',(-0.00845068465049075,0.996747682350549,-0.0801413979023806));
#2293=DIRECTION('',(0.,-0.0801442596674017,-0.99678327516184));
#2294=DIRECTION('',(0.,0.99678327516184,-0.0801442596674017));
#2295=DIRECTION('',(-0.00845068465049075,0.996747682350549,-0.0801413979023806));
#2296=DIRECTION('',(0.,-0.0801442596674017,-0.99678327516184));
#2297=DIRECTION('',(0.,0.99678327516184,-0.0801442596674017));
#2298=DIRECTION('',(-0.00845068465049075,0.996747682350549,-0.0801413979023806));
#2299=DIRECTION('',(0.,-0.0801442596674017,-0.99678327516184));
#2300=DIRECTION('',(0.,0.99678327516184,-0.0801442596674017));
#2301=DIRECTION('',(1.,0.,0.));
#2302=DIRECTION('',(0.,-0.0801442596674017,-0.99678327516184));
#2303=DIRECTION('',(0.,0.99678327516184,-0.0801442596674017));
#2304=DIRECTION('',(1.,0.,0.));
#2305=DIRECTION('',(0.,-0.0801442596674017,-0.99678327516184));
#2306=DIRECTION('',(0.,0.99678327516184,-0.0801442596674017));
#2307=DIRECTION('',(1.,0.,0.));
#2308=DIRECTION('',(0.,-0.0801442596674017,-0.99678327516184));
#2309=DIRECTION('',(0.,0.99678327516184,-0.0801442596674017));
#2310=DIRECTION('',(1.,0.,0.));
#2311=DIRECTION('',(0.,-0.0801442596674017,-0.99678327516184));
#2312=DIRECTION('',(0.,0.99678327516184,-0.0801442596674017));
#2313=DIRECTION('',(1.,0.,0.));
#2314=DIRECTION('',(0.,-0.0801442596674017,-0.99678327516184));
#2315=DIRECTION('',(0.,0.99678327516184,-0.0801442596674017));
#2316=DIRECTION('',(1.,0.,0.));
#2317=DIRECTION('',(0.,-0.0801442596674017,-0.99678327516184));
#2318=DIRECTION('',(0.,0.99678327516184,-0.0801442596674017));
#2319=DIRECTION('',(0.00845068465049079,0.996747682350549,-0.0801413979023806));
#2320=DIRECTION('',(0.,-0.0801442596674017,-0.99678327516184));
#2321=DIRECTION('',(0.,0.99678327516184,-0.0801442596674017));
#2322=DIRECTION('',(0.00845068465049079,0.996747682350549,-0.0801413979023806));
#2323=DIRECTION('',(0.,-0.0801442596674017,-0.99678327516184));
#2324=DIRECTION('',(0.,0.99678327516184,-0.0801442596674017));
#2325=DIRECTION('',(0.00845068465049079,0.996747682350549,-0.0801413979023806));
#2326=DIRECTION('',(0.,-0.0801442596674017,-0.99678327516184));
#2327=DIRECTION('',(0.,0.99678327516184,-0.0801442596674017));
#2328=DIRECTION('',(0.00845068465049079,0.996747682350549,-0.0801413979023806));
#2329=DIRECTION('',(0.,-0.0801442596674017,-0.99678327516184));
#2330=DIRECTION('',(0.,0.99678327516184,-0.0801442596674017));
#2331=DIRECTION('',(1.,0.,0.));
#2332=DIRECTION('',(0.,-0.0801442596674017,-0.99678327516184));
#2333=DIRECTION('',(0.,0.99678327516184,-0.0801442596674017));
#2334=DIRECTION('',(1.,0.,0.));
#2335=DIRECTION('',(0.,-0.0801442596674017,-0.99678327516184));
#2336=DIRECTION('',(0.,0.99678327516184,-0.0801442596674017));
#2337=DIRECTION('',(0.,0.99678327516184,-0.0801442596674017));
#2338=DIRECTION('',(0.,0.0801442596674017,0.99678327516184));
#2339=DIRECTION('',(1.,0.,0.));
#2340=DIRECTION('',(0.,0.0801442596674016,0.99678327516184));
#2341=DIRECTION('',(0.,0.0801442596674016,0.99678327516184));
#2342=DIRECTION('',(0.,0.99678327516184,-0.0801442596674017));
#2343=DIRECTION('',(0.,0.0801442596674017,0.99678327516184));
#2344=DIRECTION('',(0.,0.0801442596674016,0.99678327516184));
#2345=DIRECTION('',(1.,0.,0.));
#2346=DIRECTION('',(0.,0.0801442596674016,0.99678327516184));
#2347=DIRECTION('',(0.,0.99678327516184,-0.0801442596674017));
#2348=DIRECTION('',(0.,0.0801442596674017,0.99678327516184));
#2349=DIRECTION('',(1.,0.,0.));
#2350=DIRECTION('',(0.,0.0801442596674016,0.99678327516184));
#2351=DIRECTION('',(0.,0.0801442596674016,0.99678327516184));
#2352=DIRECTION('',(0.,0.99678327516184,-0.0801442596674017));
#2353=DIRECTION('',(0.,0.0801442596674017,0.99678327516184));
#2354=DIRECTION('',(1.,0.,0.));
#2355=DIRECTION('',(0.,0.0801442596674016,0.99678327516184));
#2356=DIRECTION('',(0.,-0.0801442596674017,-0.99678327516184));
#2357=DIRECTION('',(-0.99996429232695,0.0084235011232761,-0.000677273864996259));
#2358=DIRECTION('',(-0.00842350305520627,-0.999964521668783,0.));
#2359=DIRECTION('',(0.,0.0801442596674016,0.99678327516184));
#2360=DIRECTION('',(0.00845068465049079,0.996747682350549,-0.0801413979023806));
#2361=DIRECTION('',(0.,-0.0801442596674017,-0.99678327516184));
#2362=DIRECTION('',(-0.99996429232695,0.0084235011232761,-0.000677273864996259));
#2363=DIRECTION('',(-0.00842350305520627,-0.999964521668783,0.));
#2364=DIRECTION('',(0.,0.0801442596674016,0.99678327516184));
#2365=DIRECTION('',(0.,0.0801442596674017,0.99678327516184));
#2366=DIRECTION('',(0.00845068465049079,0.996747682350549,-0.0801413979023806));
#2367=DIRECTION('',(-0.99996429232695,0.0084235011232761,-0.000677273864996259));
#2368=DIRECTION('',(-0.00842350305520627,-0.999964521668783,0.));
#2369=DIRECTION('',(0.,0.0801442596674017,0.99678327516184));
#2370=DIRECTION('',(0.,0.0801442596674016,0.99678327516184));
#2371=DIRECTION('',(0.00845068465049079,0.996747682350549,-0.0801413979023806));
#2372=DIRECTION('',(-0.99996429232695,0.0084235011232761,-0.000677273864996259));
#2373=DIRECTION('',(-0.00842350305520627,-0.999964521668783,0.));
#2374=DIRECTION('',(0.,0.0801442596674016,0.99678327516184));
#2375=DIRECTION('',(0.,-0.0801442596674017,-0.99678327516184));
#2376=DIRECTION('',(0.00845068465049079,0.996747682350549,-0.0801413979023806));
#2377=DIRECTION('',(0.,0.99678327516184,-0.0801442596674017));
#2378=DIRECTION('',(0.,0.0801442596674017,0.99678327516184));
#2379=DIRECTION('',(0.,0.0801442596674017,0.99678327516184));
#2380=DIRECTION('',(1.,0.,0.));
#2381=DIRECTION('',(0.,-0.0801442596674017,-0.99678327516184));
#2382=DIRECTION('',(0.,0.99678327516184,-0.0801442596674017));
#2383=DIRECTION('',(0.,0.0801442596674017,0.99678327516184));
#2384=DIRECTION('',(0.,0.0801442596674017,0.99678327516184));
#2385=DIRECTION('',(0.,0.0801442596674017,0.99678327516184));
#2386=DIRECTION('',(1.,0.,0.));
#2387=DIRECTION('',(0.,0.99678327516184,-0.0801442596674017));
#2388=DIRECTION('',(0.,0.0801442596674017,0.99678327516184));
#2389=DIRECTION('',(0.,0.0801442596674016,0.99678327516184));
#2390=DIRECTION('',(1.,0.,0.));
#2391=DIRECTION('',(0.,0.0801442596674016,0.99678327516184));
#2392=DIRECTION('',(0.,0.99678327516184,-0.0801442596674017));
#2393=DIRECTION('',(0.,0.0801442596674017,0.99678327516184));
#2394=DIRECTION('',(0.,0.0801442596674016,0.99678327516184));
#2395=DIRECTION('',(0.,0.0801442596674016,0.99678327516184));
#2396=DIRECTION('',(1.,0.,0.));
#2397=DIRECTION('',(0.,0.99678327516184,-0.0801442596674017));
#2398=DIRECTION('',(0.,0.0801442596674017,0.99678327516184));
#2399=DIRECTION('',(0.,0.0801442596674016,0.99678327516184));
#2400=DIRECTION('',(1.,0.,0.));
#2401=DIRECTION('',(0.,0.0801442596674017,0.99678327516184));
#2402=DIRECTION('',(0.,0.99678327516184,-0.0801442596674017));
#2403=DIRECTION('',(0.,0.0801442596674017,0.99678327516184));
#2404=DIRECTION('',(0.,0.0801442596674016,0.99678327516184));
#2405=DIRECTION('',(1.,0.,0.));
#2406=DIRECTION('',(0.,0.0801442596674016,0.99678327516184));
#2407=DIRECTION('',(0.,0.99678327516184,-0.0801442596674017));
#2408=DIRECTION('',(0.,0.0801442596674017,0.99678327516184));
#2409=DIRECTION('',(0.,0.0801442596674016,0.99678327516184));
#2410=DIRECTION('',(1.,0.,0.));
#2411=DIRECTION('',(0.,-0.0801442596674017,-0.99678327516184));
#2412=DIRECTION('',(-0.99996429232695,-0.00842350112327606,0.000677273864996256));
#2413=DIRECTION('',(0.00842350305520623,-0.999964521668783,0.));
#2414=DIRECTION('',(-0.00845068465049075,0.996747682350549,-0.0801413979023806));
#2415=DIRECTION('',(0.,0.0801442596674017,0.99678327516184));
#2416=DIRECTION('',(0.,-0.0801442596674017,-0.99678327516184));
#2417=DIRECTION('',(-0.99996429232695,-0.00842350112327606,0.000677273864996256));
#2418=DIRECTION('',(0.00842350305520623,-0.999964521668783,0.));
#2419=DIRECTION('',(0.,0.0801442596674017,0.99678327516184));
#2420=DIRECTION('',(-0.00845068465049075,0.996747682350549,-0.0801413979023806));
#2421=DIRECTION('',(0.,0.0801442596674017,0.99678327516184));
#2422=DIRECTION('',(-0.99996429232695,-0.00842350112327606,0.000677273864996256));
#2423=DIRECTION('',(0.00842350305520623,-0.999964521668783,0.));
#2424=DIRECTION('',(0.,0.0801442596674017,0.99678327516184));
#2425=DIRECTION('',(-0.00845068465049075,0.996747682350549,-0.0801413979023806));
#2426=DIRECTION('',(0.,0.0801442596674017,0.99678327516184));
#2427=DIRECTION('',(-0.99996429232695,-0.00842350112327606,0.000677273864996256));
#2428=DIRECTION('',(0.00842350305520623,-0.999964521668783,0.));
#2429=DIRECTION('',(0.,0.0801442596674017,0.99678327516184));
#2430=DIRECTION('',(-0.00845068465049075,0.996747682350549,-0.0801413979023806));
#2431=DIRECTION('',(0.,-0.0801442596674017,-0.99678327516184));
#2432=DIRECTION('',(0.,0.99678327516184,-0.0801442596674017));
#2433=DIRECTION('',(0.,0.0801442596674017,0.99678327516184));
#2434=DIRECTION('',(0.,0.0801442596674016,0.99678327516184));
#2435=DIRECTION('',(0.,-0.0801442596674017,-0.99678327516184));
#2436=DIRECTION('',(1.,0.,0.));
#2437=DIRECTION('',(0.,0.99678327516184,-0.0801442596674017));
#2438=DIRECTION('',(0.,0.0801442596674017,0.99678327516184));
#2439=DIRECTION('',(0.,0.0801442596674017,0.99678327516184));
#2440=DIRECTION('',(1.,0.,0.));
#2441=DIRECTION('',(0.,0.0801442596674017,0.99678327516184));
#2442=DIRECTION('',(-1.,0.,0.));
#2443=DIRECTION('',(0.,0.0801442596674017,0.99678327516184));
#2444=DIRECTION('',(8.94729368784808E-15,-0.0801442596673873,-0.996783275161841));
#2445=DIRECTION('',(0.710088263766679,0.701847737253849,-0.0564305889786333));
#2446=DIRECTION('',(0.99996429232695,-0.00842350112327606,0.000677273864996257));
#2447=DIRECTION('',(0.00842350305520624,0.999964521668783,0.));
#2448=DIRECTION('',(0.,0.0801442596674017,0.99678327516184));
#2449=DIRECTION('',(-0.00845068465049076,-0.996747682350549,0.0801413979023806));
#2450=DIRECTION('',(0.00845068465049076,0.996747682350549,-0.0801413979023806));
#2451=DIRECTION('',(0.,0.0801442596674017,0.99678327516184));
#2452=DIRECTION('',(-3.53386367975938E-15,-0.0801442596674016,-0.99678327516184));
#2453=DIRECTION('',(-0.704112673966523,0.707804105225749,-0.0569094981992475));
#2454=DIRECTION('',(0.,-0.99678327516184,0.0801442596674017));
#2455=DIRECTION('',(0.,-0.0801442596674017,-0.99678327516184));
#2456=DIRECTION('',(0.,0.0801442596674017,0.99678327516184));
#2457=DIRECTION('',(-1.,0.,0.));
#2458=DIRECTION('',(1.,0.,0.));
#2459=DIRECTION('',(0.,0.0801442596674017,0.99678327516184));
#2460=DIRECTION('',(3.55843853149614E-15,-0.0801442596674027,-0.99678327516184));
#2461=DIRECTION('',(0.704112673990617,0.707804105201934,-0.0569094981973337));
#2462=DIRECTION('',(-0.99996429232695,-0.00842350112327605,0.000677273864996256));
#2463=DIRECTION('',(0.00842350305520623,-0.999964521668783,0.));
#2464=DIRECTION('',(0.,0.0801442596674017,0.99678327516184));
#2465=DIRECTION('',(-0.00845068465049075,0.996747682350549,-0.0801413979023806));
#2466=DIRECTION('',(0.00845068465049074,-0.996747682350549,0.0801413979023806));
#2467=DIRECTION('',(-2.88009290287746E-15,-0.0801442596673988,-0.99678327516184));
#2468=DIRECTION('',(0.710088263783365,-0.701847737237075,0.0564305889772977));
#2469=DIRECTION('',(0.,-0.0801442596674017,-0.99678327516184));
#2470=DIRECTION('',(1.,0.,0.));
#2471=DIRECTION('',(0.,-0.0801442596674017,-0.99678327516184));
#2472=DIRECTION('',(0.,0.99678327516184,-0.0801442596674017));
#2473=DIRECTION('',(0.,-0.0801442596674017,-0.99678327516184));
#2474=DIRECTION('',(0.,0.99678327516184,-0.0801442596674017));
#2475=DIRECTION('',(0.,-0.0801442596674017,-0.99678327516184));
#2476=DIRECTION('',(0.,0.99678327516184,-0.0801442596674017));
#2477=DIRECTION('',(0.,-0.0801442596674017,-0.99678327516184));
#2478=DIRECTION('',(0.,0.99678327516184,-0.0801442596674017));
#2479=DIRECTION('',(0.,-0.0801442596674017,-0.99678327516184));
#2480=DIRECTION('',(0.,0.99678327516184,-0.0801442596674017));
#2481=DIRECTION('',(0.,-0.0801442596674017,-0.99678327516184));
#2482=DIRECTION('',(0.,0.99678327516184,-0.0801442596674017));
#2483=DIRECTION('',(0.,-0.0801442596674017,-0.99678327516184));
#2484=DIRECTION('',(0.,0.99678327516184,-0.0801442596674017));
#2485=DIRECTION('',(0.,-0.0801442596674017,-0.99678327516184));
#2486=DIRECTION('',(0.,0.99678327516184,-0.0801442596674017));
#2487=DIRECTION('',(0.,-0.0801442596674017,-0.99678327516184));
#2488=DIRECTION('',(0.,0.99678327516184,-0.0801442596674017));
#2489=DIRECTION('',(0.,-0.0801442596674017,-0.99678327516184));
#2490=DIRECTION('',(0.,0.99678327516184,-0.0801442596674017));
#2491=DIRECTION('',(0.,-0.0801442596674017,-0.99678327516184));
#2492=DIRECTION('',(0.,0.99678327516184,-0.0801442596674017));
#2493=DIRECTION('',(0.,-0.0801442596674017,-0.99678327516184));
#2494=DIRECTION('',(0.,0.99678327516184,-0.0801442596674017));
#2495=DIRECTION('',(0.,-0.0801442596674017,-0.99678327516184));
#2496=DIRECTION('',(0.,0.99678327516184,-0.0801442596674017));
#2497=DIRECTION('',(0.,-0.0801442596674017,-0.99678327516184));
#2498=DIRECTION('',(0.,0.99678327516184,-0.0801442596674017));
#2499=DIRECTION('',(0.,-0.0801442596674017,-0.99678327516184));
#2500=DIRECTION('',(0.,0.99678327516184,-0.0801442596674017));
#2501=DIRECTION('',(0.,-0.0801442596674017,-0.99678327516184));
#2502=DIRECTION('',(0.,0.99678327516184,-0.0801442596674017));
#2503=DIRECTION('',(0.,-0.0801442596674017,-0.99678327516184));
#2504=DIRECTION('',(0.,0.99678327516184,-0.0801442596674017));
#2505=DIRECTION('',(0.,-0.0801442596674017,-0.99678327516184));
#2506=DIRECTION('',(0.,0.99678327516184,-0.0801442596674017));
#2507=DIRECTION('',(0.,-0.0801442596674017,-0.99678327516184));
#2508=DIRECTION('',(0.,0.99678327516184,-0.0801442596674017));
#2509=DIRECTION('',(0.,-0.0801442596674017,-0.99678327516184));
#2510=DIRECTION('',(0.,0.99678327516184,-0.0801442596674017));
#2511=DIRECTION('',(-1.,0.,0.));
#2512=DIRECTION('',(0.00845068465049076,0.996747682350549,-0.0801413979023806));
#2513=DIRECTION('',(1.,0.,0.));
#2514=DIRECTION('',(0.00845068465049075,-0.996747682350549,0.0801413979023806));
#2515=DIRECTION('',(0.,-0.0801442596674017,-0.99678327516184));
#2516=DIRECTION('',(1.,0.,0.));
#2517=DIRECTION('',(0.,-0.0801442596674017,-0.99678327516184));
#2518=DIRECTION('',(0.,0.99678327516184,-0.0801442596674017));
#2519=DIRECTION('',(0.00845068465049079,0.996747682350549,-0.0801413979023806));
#2520=DIRECTION('',(0.,-0.0801442596674017,-0.99678327516184));
#2521=DIRECTION('',(0.,0.99678327516184,-0.0801442596674017));
#2522=DIRECTION('',(1.,0.,0.));
#2523=DIRECTION('',(0.,-0.0801442596674017,-0.99678327516184));
#2524=DIRECTION('',(0.,0.99678327516184,-0.0801442596674017));
#2525=DIRECTION('',(-0.00845068465049075,0.996747682350549,-0.0801413979023806));
#2526=DIRECTION('',(0.,-0.0801442596674017,-0.99678327516184));
#2527=DIRECTION('',(0.,0.99678327516184,-0.0801442596674017));
#2528=DIRECTION('',(1.,0.,0.));
#2529=DIRECTION('',(0.,0.855708462314168,-0.517458237468419));
#2530=DIRECTION('',(-1.,0.,0.));
#2531=DIRECTION('',(0.894395253086219,-0.0283073940764634,-0.446380804579944));
#2532=DIRECTION('',(-0.00845068465049075,0.996747682350549,-0.0801413979023806));
#2533=DIRECTION('',(-0.894395253086218,-0.0283073940764637,-0.446380804579947));
#2534=DIRECTION('',(-0.00845068465049076,-0.996747682350549,0.0801413979023806));
#2535=DIRECTION('',(0.,-0.92739166736325,-0.374091827370248));
#2536=DIRECTION('',(1.,0.,0.));
#2537=DIRECTION('',(-0.99996429232695,0.0084235011232761,-0.00067727386499626));
#2538=DIRECTION('',(-0.00842350305520628,-0.999964521668783,0.));
#2539=DIRECTION('',(0.,-0.0801442596674017,-0.99678327516184));
#2540=DIRECTION('',(0.00845068465049079,0.996747682350549,-0.0801413979023806));
#2541=DIRECTION('',(0.,-0.0801442596674017,-0.99678327516184));
#2542=DIRECTION('',(0.,-0.0801442596674017,-0.99678327516184));
#2543=DIRECTION('',(-0.704112673991471,0.70780410520109,-0.056909498197268));
#2544=DIRECTION('',(0.,-0.0801442596674017,-0.99678327516184));
#2545=DIRECTION('',(0.,0.99678327516184,-0.0801442596674017));
#2546=DIRECTION('',(0.,-0.0801442596674017,-0.99678327516184));
#2547=DIRECTION('',(0.,0.99678327516184,-0.0801442596674017));
#2548=DIRECTION('',(0.,0.0801442596674017,0.99678327516184));
#2549=DIRECTION('',(1.,0.,0.));
#2550=DIRECTION('',(0.,-0.0801442596674017,-0.99678327516184));
#2551=DIRECTION('',(0.,-0.0801442596674017,-0.99678327516184));
#2552=DIRECTION('',(0.704112673990383,0.707804105202166,-0.0569094981973541));
#2553=DIRECTION('',(0.,-0.0801442596674017,-0.99678327516184));
#2554=DIRECTION('',(0.,0.99678327516184,-0.0801442596674017));
#2555=DIRECTION('',(0.,-0.0801442596674017,-0.99678327516184));
#2556=DIRECTION('',(-0.99996429232695,-0.00842350112327605,0.000677273864996256));
#2557=DIRECTION('',(0.00842350305520623,-0.999964521668783,0.));
#2558=DIRECTION('',(-0.00845068465049075,0.996747682350549,-0.0801413979023806));
#2559=DIRECTION('',(0.,-0.0801442596674017,-0.99678327516184));
#2560=DIRECTION('',(0.,-0.0801442596674017,-0.99678327516184));
#2561=DIRECTION('',(0.710088263767579,-0.701847737252943,0.0564305889785775));
#2562=DIRECTION('',(0.,-0.0801442596674017,-0.99678327516184));
#2563=DIRECTION('',(0.,0.99678327516184,-0.0801442596674017));
#2564=DIRECTION('',(0.,-0.0801442596674017,-0.99678327516184));
#2565=DIRECTION('',(0.,0.99678327516184,-0.0801442596674017));
#2566=DIRECTION('',(0.,0.0801442596674017,0.99678327516184));
#2567=DIRECTION('',(1.,0.,0.));
#2568=DIRECTION('',(0.,-0.0801442596674017,-0.99678327516184));
#2569=DIRECTION('',(0.,-0.0801442596674017,-0.99678327516184));
#2570=DIRECTION('',(0.710088263808286,-0.701847737212023,0.0564305889752878));
#2571=DIRECTION('',(0.,-0.0801442596674017,-0.99678327516184));
#2572=DIRECTION('',(0.,0.99678327516184,-0.0801442596674017));
#2573=DIRECTION('',(0.,-0.0801442596674017,-0.99678327516184));
#2574=DIRECTION('',(0.704112673990159,0.707804105202387,-0.056909498197372));
#2575=DIRECTION('',(0.,-0.0801442596674017,-0.99678327516184));
#2576=DIRECTION('',(0.,0.99678327516184,-0.0801442596674017));
#2577=DIRECTION('',(0.,-0.0801442596674017,-0.99678327516184));
#2578=DIRECTION('',(-0.704112673986996,0.707804105205513,-0.0569094981976236));
#2579=DIRECTION('',(0.,-0.0801442596674017,-0.99678327516184));
#2580=DIRECTION('',(0.,0.99678327516184,-0.0801442596674017));
#2581=DIRECTION('',(0.,-0.0801442596674017,-0.99678327516184));
#2582=DIRECTION('',(-0.710088263809027,-0.701847737211278,0.0564305889752277));
#2583=DIRECTION('',(0.,-0.0801442596674017,-0.99678327516184));
#2584=DIRECTION('',(0.,0.99678327516184,-0.0801442596674017));
#2585=DIRECTION('',(0.,-0.0801442596674017,-0.99678327516184));
#2586=DIRECTION('',(-0.710088263749356,-0.701847737271261,0.0564305889800503));
#2587=DIRECTION('',(0.,-0.0801442596674017,-0.99678327516184));
#2588=DIRECTION('',(0.,0.99678327516184,-0.0801442596674017));
#2589=DIRECTION('',(0.,-0.0801442596674017,-0.99678327516184));
#2590=DIRECTION('',(1.,0.,0.));
#2591=DIRECTION('',(0.,-0.0801442596674017,-0.99678327516184));
#2592=DIRECTION('',(0.,0.99678327516184,-0.0801442596674017));
#2593=DIRECTION('',(0.,-0.0801442596674017,-0.99678327516184));
#2594=DIRECTION('',(0.,0.99678327516184,-0.0801442596674017));
#2595=DIRECTION('',(0.,-0.0801442596674017,-0.99678327516184));
#2596=DIRECTION('',(0.,0.99678327516184,-0.0801442596674017));
#2597=DIRECTION('',(0.,-0.0801442596674017,-0.99678327516184));
#2598=DIRECTION('',(0.,0.99678327516184,-0.0801442596674017));
#2599=DIRECTION('',(0.,-0.0801442596674017,-0.99678327516184));
#2600=DIRECTION('',(0.,0.99678327516184,-0.0801442596674017));
#2601=DIRECTION('',(0.,-0.0801442596674017,-0.99678327516184));
#2602=DIRECTION('',(0.,0.99678327516184,-0.0801442596674017));
#2603=DIRECTION('',(0.,-0.0801442596674017,-0.99678327516184));
#2604=DIRECTION('',(0.,0.99678327516184,-0.0801442596674017));
#2605=DIRECTION('',(0.,-0.0801442596674017,-0.99678327516184));
#2606=DIRECTION('',(0.,0.99678327516184,-0.0801442596674017));
#2607=DIRECTION('',(0.,-0.0801442596674017,-0.99678327516184));
#2608=DIRECTION('',(0.,0.99678327516184,-0.0801442596674017));
#2609=DIRECTION('',(0.,-0.0801442596674017,-0.99678327516184));
#2610=DIRECTION('',(0.,0.99678327516184,-0.0801442596674017));
#2611=DIRECTION('',(0.,-0.0801442596674017,-0.99678327516184));
#2612=DIRECTION('',(0.,0.99678327516184,-0.0801442596674017));
#2613=DIRECTION('',(0.,-0.0801442596674017,-0.99678327516184));
#2614=DIRECTION('',(0.,0.99678327516184,-0.0801442596674017));
#2615=DIRECTION('',(0.,-0.0801442596674017,-0.99678327516184));
#2616=DIRECTION('',(0.,0.99678327516184,-0.0801442596674017));
#2617=DIRECTION('',(0.,-0.0801442596674017,-0.99678327516184));
#2618=DIRECTION('',(0.,0.99678327516184,-0.0801442596674017));
#2619=DIRECTION('',(0.,-0.0801442596674017,-0.99678327516184));
#2620=DIRECTION('',(0.,0.99678327516184,-0.0801442596674017));
#2621=DIRECTION('',(0.,-0.0801442596674017,-0.99678327516184));
#2622=DIRECTION('',(0.,0.99678327516184,-0.0801442596674017));
#2623=DIRECTION('',(0.,0.0801442596674017,0.99678327516184));
#2624=DIRECTION('',(0.,-0.99678327516184,0.0801442596674017));
#2625=DIRECTION('',(0.,-0.0801442596674017,-0.99678327516184));
#2626=DIRECTION('',(0.,0.99678327516184,-0.0801442596674017));
#2627=DIRECTION('',(0.,-0.0801442596674017,-0.99678327516184));
#2628=DIRECTION('',(1.,0.,0.));
#2629=DIRECTION('',(0.,-0.0801442596674017,-0.99678327516184));
#2630=DIRECTION('',(0.,0.99678327516184,-0.0801442596674017));
#2631=DIRECTION('',(0.,0.0801442596674017,0.99678327516184));
#2632=DIRECTION('',(0.,-0.99678327516184,0.0801442596674017));
#2633=DIRECTION('',(0.,-0.0801442596674015,-0.99678327516184));
#2634=DIRECTION('',(0.,0.99678327516184,-0.0801442596674015));
#2635=DIRECTION('',(0.,-0.0801442596674015,-0.99678327516184));
#2636=DIRECTION('',(0.,0.99678327516184,-0.0801442596674015));
#2637=DIRECTION('',(0.,0.0801442596674016,0.99678327516184));
#2638=DIRECTION('',(0.,-0.99678327516184,0.0801442596674017));
#2639=DIRECTION('',(0.,-0.0801442596674017,-0.99678327516184));
#2640=DIRECTION('',(0.,0.99678327516184,-0.0801442596674017));
#2641=DIRECTION('',(0.,-0.0801442596674017,-0.99678327516184));
#2642=DIRECTION('',(1.,0.,0.));
#2643=DIRECTION('',(0.,-0.0801442596674017,-0.99678327516184));
#2644=DIRECTION('',(0.,0.99678327516184,-0.0801442596674017));
#2645=DIRECTION('',(0.,0.0801442596674017,0.99678327516184));
#2646=DIRECTION('',(0.,-0.99678327516184,0.0801442596674017));
#2647=DIRECTION('',(0.,-0.0801442596674005,-0.99678327516184));
#2648=DIRECTION('',(0.,0.99678327516184,-0.0801442596674005));
#2649=DIRECTION('',(0.,-0.0801442596674005,-0.99678327516184));
#2650=DIRECTION('',(0.,0.99678327516184,-0.0801442596674005));
#2651=DIRECTION('',(0.,0.0801442596674017,0.99678327516184));
#2652=DIRECTION('',(0.,-0.99678327516184,0.0801442596674017));
#2653=DIRECTION('',(0.,-0.0801442596674017,-0.99678327516184));
#2654=DIRECTION('',(0.,0.99678327516184,-0.0801442596674017));
#2655=DIRECTION('',(0.,-0.0801442596674017,-0.99678327516184));
#2656=DIRECTION('',(1.,0.,0.));
#2657=DIRECTION('',(0.,-0.0801442596674017,-0.99678327516184));
#2658=DIRECTION('',(0.,0.99678327516184,-0.0801442596674017));
#2659=DIRECTION('',(0.,0.0801442596674017,0.99678327516184));
#2660=DIRECTION('',(0.,-0.99678327516184,0.0801442596674017));
#2661=DIRECTION('',(0.,-0.0801442596674025,-0.99678327516184));
#2662=DIRECTION('',(0.,0.99678327516184,-0.0801442596674025));
#2663=DIRECTION('',(0.,-0.0801442596674025,-0.99678327516184));
#2664=DIRECTION('',(0.,0.99678327516184,-0.0801442596674025));
#2665=DIRECTION('',(0.,0.0801442596674017,0.99678327516184));
#2666=DIRECTION('',(0.,-0.99678327516184,0.0801442596674017));
#2667=DIRECTION('',(0.,-0.0801442596674017,-0.99678327516184));
#2668=DIRECTION('',(0.,0.99678327516184,-0.0801442596674017));
#2669=DIRECTION('',(0.,-0.0801442596674017,-0.99678327516184));
#2670=DIRECTION('',(1.,0.,0.));
#2671=DIRECTION('',(0.,-0.0801442596674017,-0.99678327516184));
#2672=DIRECTION('',(0.,0.99678327516184,-0.0801442596674017));
#2673=DIRECTION('',(0.,0.0801442596674017,0.99678327516184));
#2674=DIRECTION('',(0.,-0.99678327516184,0.0801442596674017));
#2675=DIRECTION('',(0.,-0.080144259667408,-0.99678327516184));
#2676=DIRECTION('',(0.,0.996783275161839,-0.080144259667408));
#2677=DIRECTION('',(0.,-0.080144259667408,-0.99678327516184));
#2678=DIRECTION('',(0.,0.996783275161839,-0.080144259667408));
#2679=DIRECTION('',(0.,0.0801442596674017,0.99678327516184));
#2680=DIRECTION('',(0.,-0.99678327516184,0.0801442596674017));
#2681=DIRECTION('',(0.,-0.0801442596674017,-0.99678327516184));
#2682=DIRECTION('',(0.,0.99678327516184,-0.0801442596674017));
#2683=DIRECTION('',(0.,-0.0801442596674017,-0.99678327516184));
#2684=DIRECTION('',(1.,0.,0.));
#2685=DIRECTION('',(0.,-0.0801442596674017,-0.99678327516184));
#2686=DIRECTION('',(0.,0.99678327516184,-0.0801442596674017));
#2687=DIRECTION('',(0.,0.0801442596674017,0.99678327516184));
#2688=DIRECTION('',(0.,-0.99678327516184,0.0801442596674017));
#2689=DIRECTION('',(0.,-0.0801442596674075,-0.99678327516184));
#2690=DIRECTION('',(0.,0.99678327516184,-0.0801442596674075));
#2691=DIRECTION('',(0.,-0.0801442596674075,-0.99678327516184));
#2692=DIRECTION('',(0.,0.99678327516184,-0.0801442596674075));
#2693=DIRECTION('',(0.,0.0801442596674016,0.99678327516184));
#2694=DIRECTION('',(0.,-0.99678327516184,0.0801442596674017));
#2695=DIRECTION('',(0.,-0.0801442596674017,-0.99678327516184));
#2696=DIRECTION('',(0.,0.99678327516184,-0.0801442596674017));
#2697=DIRECTION('',(0.,-0.0801442596674017,-0.99678327516184));
#2698=DIRECTION('',(1.,0.,0.));
#2699=DIRECTION('',(0.,-0.0801442596674017,-0.99678327516184));
#2700=DIRECTION('',(0.,0.99678327516184,-0.0801442596674017));
#2701=DIRECTION('',(0.,0.0801442596674017,0.99678327516184));
#2702=DIRECTION('',(0.,-0.99678327516184,0.0801442596674017));
#2703=DIRECTION('',(0.,-0.0801442596674077,-0.996783275161839));
#2704=DIRECTION('',(0.,0.996783275161839,-0.0801442596674077));
#2705=DIRECTION('',(0.,-0.0801442596674077,-0.996783275161839));
#2706=DIRECTION('',(0.,0.996783275161839,-0.0801442596674077));
#2707=DIRECTION('',(0.,0.0801442596674016,0.99678327516184));
#2708=DIRECTION('',(0.,-0.99678327516184,0.0801442596674017));
#2709=DIRECTION('',(0.,-0.0801442596674017,-0.99678327516184));
#2710=DIRECTION('',(0.,0.99678327516184,-0.0801442596674017));
#2711=DIRECTION('',(0.,-0.0801442596674017,-0.99678327516184));
#2712=DIRECTION('',(1.,0.,0.));
#2713=DIRECTION('',(0.,-0.0801442596674017,-0.99678327516184));
#2714=DIRECTION('',(0.,0.99678327516184,-0.0801442596674017));
#2715=DIRECTION('',(0.,0.0801442596674017,0.99678327516184));
#2716=DIRECTION('',(0.,-0.99678327516184,0.0801442596674017));
#2717=DIRECTION('',(0.,-0.0801442596674077,-0.996783275161839));
#2718=DIRECTION('',(0.,0.996783275161839,-0.0801442596674077));
#2719=DIRECTION('',(0.,-0.0801442596674077,-0.996783275161839));
#2720=DIRECTION('',(0.,0.996783275161839,-0.0801442596674077));
#2721=DIRECTION('',(0.,0.0801442596674016,0.99678327516184));
#2722=DIRECTION('',(0.,-0.99678327516184,0.0801442596674017));
#2723=DIRECTION('',(0.,-0.0801442596674017,-0.99678327516184));
#2724=DIRECTION('',(0.,0.99678327516184,-0.0801442596674017));
#2725=DIRECTION('',(0.,-0.0801442596674017,-0.99678327516184));
#2726=DIRECTION('',(1.,0.,0.));
#2727=DIRECTION('',(0.,-0.0801442596674017,-0.99678327516184));
#2728=DIRECTION('',(0.,0.99678327516184,-0.0801442596674017));
#2729=DIRECTION('',(0.,0.0801442596674017,0.99678327516184));
#2730=DIRECTION('',(0.,-0.99678327516184,0.0801442596674017));
#2731=DIRECTION('',(0.,-0.0801442596674005,-0.99678327516184));
#2732=DIRECTION('',(0.,0.99678327516184,-0.0801442596674005));
#2733=DIRECTION('',(0.,-0.0801442596674005,-0.99678327516184));
#2734=DIRECTION('',(0.,0.99678327516184,-0.0801442596674005));
#2735=DIRECTION('',(0.,0.0801442596674016,0.99678327516184));
#2736=DIRECTION('',(0.,-0.99678327516184,0.0801442596674017));
#2737=DIRECTION('',(0.,-0.0801442596674017,-0.99678327516184));
#2738=DIRECTION('',(0.,0.99678327516184,-0.0801442596674017));
#2739=DIRECTION('',(0.,-0.0801442596674017,-0.99678327516184));
#2740=DIRECTION('',(1.,0.,0.));
#2741=DIRECTION('',(0.,-0.0801442596674017,-0.99678327516184));
#2742=DIRECTION('',(0.,0.99678327516184,-0.0801442596674017));
#2743=DIRECTION('',(0.,0.0801442596674017,0.99678327516184));
#2744=DIRECTION('',(0.,-0.99678327516184,0.0801442596674017));
#2745=DIRECTION('',(0.,-0.0801442596674005,-0.99678327516184));
#2746=DIRECTION('',(0.,0.99678327516184,-0.0801442596674005));
#2747=DIRECTION('',(0.,-0.0801442596674005,-0.99678327516184));
#2748=DIRECTION('',(0.,0.99678327516184,-0.0801442596674005));
#2749=DIRECTION('',(0.,0.0801442596674017,0.99678327516184));
#2750=DIRECTION('',(0.,-0.99678327516184,0.0801442596674017));
#2751=DIRECTION('',(0.,-0.0801442596674017,-0.99678327516184));
#2752=DIRECTION('',(0.,0.99678327516184,-0.0801442596674017));
#2753=DIRECTION('',(0.,-0.0801442596674017,-0.99678327516184));
#2754=DIRECTION('',(1.,0.,0.));
#2755=DIRECTION('',(0.,-0.0801442596674017,-0.99678327516184));
#2756=DIRECTION('',(0.,0.99678327516184,-0.0801442596674017));
#2757=DIRECTION('',(0.,0.0801442596674017,0.99678327516184));
#2758=DIRECTION('',(0.,-0.99678327516184,0.0801442596674017));
#2759=DIRECTION('',(0.,-0.0801442596674015,-0.99678327516184));
#2760=DIRECTION('',(0.,0.99678327516184,-0.0801442596674015));
#2761=DIRECTION('',(0.,-0.0801442596674015,-0.99678327516184));
#2762=DIRECTION('',(0.,0.99678327516184,-0.0801442596674015));
#2763=DIRECTION('',(0.,0.0801442596674016,0.99678327516184));
#2764=DIRECTION('',(0.,-0.99678327516184,0.0801442596674017));
#2765=DIRECTION('',(0.,-0.0801442596674017,-0.99678327516184));
#2766=DIRECTION('',(0.,0.99678327516184,-0.0801442596674017));
#2767=DIRECTION('',(0.,-0.0801442596674017,-0.99678327516184));
#2768=DIRECTION('',(1.,0.,0.));
#2769=DIRECTION('',(0.,-0.0801442596674017,-0.99678327516184));
#2770=DIRECTION('',(0.,0.99678327516184,-0.0801442596674017));
#2771=DIRECTION('',(0.,0.0801442596674017,0.99678327516184));
#2772=DIRECTION('',(0.,-0.99678327516184,0.0801442596674017));
#2773=DIRECTION('',(0.,-0.080144259667402,-0.99678327516184));
#2774=DIRECTION('',(0.,0.99678327516184,-0.080144259667402));
#2775=DIRECTION('',(0.,-0.080144259667402,-0.99678327516184));
#2776=DIRECTION('',(0.,0.99678327516184,-0.080144259667402));
#2777=DIRECTION('',(0.,0.0801442596674017,0.99678327516184));
#2778=DIRECTION('',(0.,-0.99678327516184,0.0801442596674017));
#2779=DIRECTION('',(0.,-0.0801442596674017,-0.99678327516184));
#2780=DIRECTION('',(0.,0.99678327516184,-0.0801442596674017));
#2781=DIRECTION('',(0.,-0.0801442596674017,-0.99678327516184));
#2782=DIRECTION('',(1.,0.,0.));
#2783=DIRECTION('',(0.,-0.0801442596674017,-0.99678327516184));
#2784=DIRECTION('',(0.,0.99678327516184,-0.0801442596674017));
#2785=DIRECTION('',(0.,0.0801442596674017,0.99678327516184));
#2786=DIRECTION('',(0.,-0.99678327516184,0.0801442596674017));
#2787=DIRECTION('',(0.,-0.080144259667408,-0.99678327516184));
#2788=DIRECTION('',(0.,0.996783275161839,-0.080144259667408));
#2789=DIRECTION('',(0.,-0.080144259667408,-0.99678327516184));
#2790=DIRECTION('',(0.,0.996783275161839,-0.080144259667408));
#2791=DIRECTION('',(0.,0.0801442596674016,0.99678327516184));
#2792=DIRECTION('',(0.,-0.99678327516184,0.0801442596674017));
#2793=DIRECTION('',(0.,-0.0801442596674017,-0.99678327516184));
#2794=DIRECTION('',(0.,0.99678327516184,-0.0801442596674017));
#2795=DIRECTION('',(0.,-0.0801442596674017,-0.99678327516184));
#2796=DIRECTION('',(1.,0.,0.));
#2797=DIRECTION('',(0.,-0.0801442596674017,-0.99678327516184));
#2798=DIRECTION('',(0.,0.99678327516184,-0.0801442596674017));
#2799=DIRECTION('',(0.,0.0801442596674017,0.99678327516184));
#2800=DIRECTION('',(0.,-0.99678327516184,0.0801442596674017));
#2801=DIRECTION('',(0.,-0.0801442596674075,-0.99678327516184));
#2802=DIRECTION('',(0.,0.99678327516184,-0.0801442596674075));
#2803=DIRECTION('',(0.,-0.0801442596674075,-0.99678327516184));
#2804=DIRECTION('',(0.,0.99678327516184,-0.0801442596674075));
#2805=DIRECTION('',(0.,0.0801442596674016,0.99678327516184));
#2806=DIRECTION('',(0.,-0.99678327516184,0.0801442596674017));
#2807=DIRECTION('',(0.,-0.0801442596674017,-0.99678327516184));
#2808=DIRECTION('',(0.,0.99678327516184,-0.0801442596674017));
#2809=DIRECTION('',(0.,-0.0801442596674017,-0.99678327516184));
#2810=DIRECTION('',(1.,0.,0.));
#2811=DIRECTION('',(0.,-0.0801442596674017,-0.99678327516184));
#2812=DIRECTION('',(0.,0.99678327516184,-0.0801442596674017));
#2813=DIRECTION('',(0.,0.0801442596674017,0.99678327516184));
#2814=DIRECTION('',(0.,-0.99678327516184,0.0801442596674017));
#2815=DIRECTION('',(0.,-0.0801442596674077,-0.996783275161839));
#2816=DIRECTION('',(0.,0.996783275161839,-0.0801442596674077));
#2817=DIRECTION('',(0.,-0.0801442596674077,-0.996783275161839));
#2818=DIRECTION('',(0.,0.996783275161839,-0.0801442596674077));
#2819=DIRECTION('',(0.,0.0801442596674016,0.99678327516184));
#2820=DIRECTION('',(0.,-0.99678327516184,0.0801442596674017));
#2821=DIRECTION('',(0.,-0.0801442596674017,-0.99678327516184));
#2822=DIRECTION('',(0.,0.99678327516184,-0.0801442596674017));
#2823=DIRECTION('',(0.,-0.0801442596674017,-0.99678327516184));
#2824=DIRECTION('',(1.,0.,0.));
#2825=DIRECTION('',(0.,-0.0801442596674017,-0.99678327516184));
#2826=DIRECTION('',(0.,0.99678327516184,-0.0801442596674017));
#2827=DIRECTION('',(0.,0.0801442596674017,0.99678327516184));
#2828=DIRECTION('',(0.,-0.99678327516184,0.0801442596674017));
#2829=DIRECTION('',(0.,-0.0801442596674077,-0.996783275161839));
#2830=DIRECTION('',(0.,0.996783275161839,-0.0801442596674077));
#2831=DIRECTION('',(0.,-0.0801442596674077,-0.996783275161839));
#2832=DIRECTION('',(0.,0.996783275161839,-0.0801442596674077));
#2833=DIRECTION('',(0.,0.0801442596674016,0.99678327516184));
#2834=DIRECTION('',(0.,-0.99678327516184,0.0801442596674017));
#2835=DIRECTION('',(0.,-0.0801442596674017,-0.99678327516184));
#2836=DIRECTION('',(0.,0.99678327516184,-0.0801442596674017));
#2837=DIRECTION('',(0.,-0.0801442596674017,-0.99678327516184));
#2838=DIRECTION('',(1.,0.,0.));
#2839=DIRECTION('',(0.,-0.0801442596674017,-0.99678327516184));
#2840=DIRECTION('',(0.,0.99678327516184,-0.0801442596674017));
#2841=DIRECTION('',(0.,0.0801442596674017,0.99678327516184));
#2842=DIRECTION('',(0.,-0.99678327516184,0.0801442596674017));
#2843=DIRECTION('',(0.,-0.0801442596674077,-0.996783275161839));
#2844=DIRECTION('',(0.,0.996783275161839,-0.0801442596674077));
#2845=DIRECTION('',(0.,-0.0801442596674077,-0.996783275161839));
#2846=DIRECTION('',(0.,0.996783275161839,-0.0801442596674077));
#2847=DIRECTION('',(0.,-0.0801442596674017,-0.99678327516184));
#2848=DIRECTION('',(0.,0.99678327516184,-0.0801442596674017));
#2849=DIRECTION('',(0.,-0.0801442596674017,-0.99678327516184));
#2850=DIRECTION('',(0.,0.99678327516184,-0.0801442596674017));
#2851=DIRECTION('',(0.,-0.0801442596674017,-0.99678327516184));
#2852=DIRECTION('',(1.,0.,0.));
#2853=DIRECTION('',(0.,-0.0801442596674017,-0.99678327516184));
#2854=DIRECTION('',(0.,0.99678327516184,-0.0801442596674017));
#2855=DIRECTION('',(0.,-0.0801442596674017,-0.99678327516184));
#2856=DIRECTION('',(0.,0.99678327516184,-0.0801442596674017));
#2857=DIRECTION('',(0.,-0.0801442596674017,-0.99678327516184));
#2858=DIRECTION('',(1.,0.,0.));
#2859=DIRECTION('',(0.,-0.0801442596674017,-0.99678327516184));
#2860=DIRECTION('',(0.,0.99678327516184,-0.0801442596674017));
#2861=DIRECTION('',(0.,-0.0801442596674017,-0.99678327516184));
#2862=DIRECTION('',(0.,0.99678327516184,-0.0801442596674017));
#2863=DIRECTION('',(0.,-0.0801442596674017,-0.99678327516184));
#2864=DIRECTION('',(1.,0.,0.));
#2865=DIRECTION('',(0.,-0.0801442596674017,-0.99678327516184));
#2866=DIRECTION('',(0.,0.99678327516184,-0.0801442596674017));
#2867=DIRECTION('',(0.,-0.0801442596674017,-0.99678327516184));
#2868=DIRECTION('',(0.,0.99678327516184,-0.0801442596674017));
#2869=DIRECTION('',(0.,-0.0801442596674017,-0.99678327516184));
#2870=DIRECTION('',(1.,0.,0.));
#2871=CARTESIAN_POINT('',(0.,0.,0.));
#2872=CARTESIAN_POINT('',(-0.204975,-0.128627710526974,-0.0348031796194316));
#2873=CARTESIAN_POINT('',(-0.204975,-0.243435673198925,-0.0255722872062616));
#2874=CARTESIAN_POINT('',(-0.263116859351332,-0.243435673198925,-0.0255722872062616));
#2875=CARTESIAN_POINT('',(-0.244883140648668,-0.243435673198925,-0.0255722872062616));
#2876=CARTESIAN_POINT('',(-0.242,-0.241940498286182,-0.0256925035957627));
#2877=CARTESIAN_POINT('',(-0.239116859351332,-0.243435673198925,-0.0255722872062616));
#2878=CARTESIAN_POINT('',(-0.204975,-0.243435673198925,-0.0255722872062616));
#2879=CARTESIAN_POINT('',(-0.141250273893549,-0.243435673198925,-0.0255722872062616));
#2880=CARTESIAN_POINT('',(-0.138367133244881,-0.241940498286182,-0.0256925035957627));
#2881=CARTESIAN_POINT('',(-0.135483992596214,-0.243435673198925,-0.0255722872062616));
#2882=CARTESIAN_POINT('',(-0.204975,-0.243435673198925,-0.0255722872062616));
#2883=CARTESIAN_POINT('',(-0.0376174071384301,-0.243435673198925,-0.0255722872062616));
#2884=CARTESIAN_POINT('',(-0.0347342664897624,-0.241940498286182,-0.0256925035957627));
#2885=CARTESIAN_POINT('',(-0.0318511258410948,-0.243435673198925,-0.0255722872062616));
#2886=CARTESIAN_POINT('',(-0.204975,-0.243435673198925,-0.0255722872062616));
#2887=CARTESIAN_POINT('',(-0.0107068393189807,-0.243435283017278,-0.0255723185779951));
#2888=CARTESIAN_POINT('',(-0.0106947843969017,-0.240982934347671,-0.0257694945072762));
#2889=CARTESIAN_POINT('',(-0.00823471146206559,-0.240950194593876,-0.0257721268782188));
#2890=CARTESIAN_POINT('',(-0.00918679566371744,-0.128606882498268,-0.0348048542532087));
#2891=CARTESIAN_POINT('',(-0.00845519616135466,-0.214898128539092,-0.0278667883746489));
#2892=CARTESIAN_POINT('',(-0.00997950711226997,-0.212037000031327,-0.0280968313857848));
#2893=CARTESIAN_POINT('',(-0.00850392518620446,-0.209150601020192,-0.0283289062185157));
#2894=CARTESIAN_POINT('',(-0.00918679566371744,-0.128606882498268,-0.0348048542532087));
#2895=CARTESIAN_POINT('',(-0.00916243115129254,-0.131480646257718,-0.0345737953312753));
#2896=CARTESIAN_POINT('',(-0.0106867421022079,-0.128619517749953,-0.0348038383424112));
#2897=CARTESIAN_POINT('',(-0.00921116017614234,-0.125733118738818,-0.0350359131751421));
#2898=CARTESIAN_POINT('',(-0.00918679566371744,-0.128606882498268,-0.0348048542532087));
#2899=CARTESIAN_POINT('',(-0.00986966614123041,-0.048063163976344,-0.0412808022879017));
#2900=CARTESIAN_POINT('',(-0.0113939770921457,-0.0452020354685788,-0.0415108452990376));
#2901=CARTESIAN_POINT('',(-0.00991839516608022,-0.0423156364574437,-0.0417429201317685));
#2902=CARTESIAN_POINT('',(-0.00918679566371744,-0.128606882498268,-0.0348048542532087));
#2903=CARTESIAN_POINT('',(-0.0101396408425604,-0.0162635769992456,-0.0438375810978139));
#2904=CARTESIAN_POINT('',(-0.01260027052908,-0.0162728212890503,-0.0438368378301638));
#2905=CARTESIAN_POINT('',(-0.0126117907437142,-0.0138201162313091,-0.0440340424140823));
#2906=CARTESIAN_POINT('',(-0.204975,-0.0138197478550223,-0.0440340720326017));
#2907=CARTESIAN_POINT('',(-0.0318511258410948,-0.0138197478550223,-0.0440340720326017));
#2908=CARTESIAN_POINT('',(-0.0347342664897624,-0.0153149227677651,-0.0439138556431006));
#2909=CARTESIAN_POINT('',(-0.0376174071384301,-0.0138197478550223,-0.0440340720326017));
#2910=CARTESIAN_POINT('',(-0.204975,-0.0138197478550223,-0.0440340720326017));
#2911=CARTESIAN_POINT('',(-0.135483992596214,-0.0138197478550223,-0.0440340720326017));
#2912=CARTESIAN_POINT('',(-0.138367133244881,-0.0153149227677651,-0.0439138556431006));
#2913=CARTESIAN_POINT('',(-0.141250273893549,-0.0138197478550223,-0.0440340720326017));
#2914=CARTESIAN_POINT('',(-0.204975,-0.0138197478550223,-0.0440340720326017));
#2915=CARTESIAN_POINT('',(-0.239116859351332,-0.0138197478550223,-0.0440340720326017));
#2916=CARTESIAN_POINT('',(-0.242,-0.0153149227677651,-0.0439138556431006));
#2917=CARTESIAN_POINT('',(-0.244883140648668,-0.0138197478550223,-0.0440340720326017));
#2918=CARTESIAN_POINT('',(-0.204975,-0.0138197478550223,-0.0440340720326017));
#2919=CARTESIAN_POINT('',(-0.263116859351332,-0.0138197478550223,-0.0440340720326017));
#2920=CARTESIAN_POINT('',(-0.266,-0.0153149227677651,-0.0439138556431006));
#2921=CARTESIAN_POINT('',(-0.268883140648668,-0.0138197478550223,-0.0440340720326017));
#2922=CARTESIAN_POINT('',(-0.204975,-0.0138197478550223,-0.0440340720326017));
#2923=CARTESIAN_POINT('',(-0.370418598863978,-0.0138197478550223,-0.0440340720326017));
#2924=CARTESIAN_POINT('',(-0.373301739512646,-0.0153149227677651,-0.0439138556431006));
#2925=CARTESIAN_POINT('',(-0.376184880161314,-0.0138197478550223,-0.0440340720326017));
#2926=CARTESIAN_POINT('',(-0.204975,-0.0138197478550223,-0.0440340720326017));
#2927=CARTESIAN_POINT('',(-0.397338209268363,-0.0138201162312594,-0.0440340424140863));
#2928=CARTESIAN_POINT('',(-0.397349729470884,-0.0162728212890974,-0.0438368378301601));
#2929=CARTESIAN_POINT('',(-0.399810359157438,-0.016263576999456,-0.043837581097797));
#2930=CARTESIAN_POINT('',(-0.400763204336279,-0.128606882498268,-0.0348048542532087));
#2931=CARTESIAN_POINT('',(-0.400031743754881,-0.0423320220114851,-0.0417416026858094));
#2932=CARTESIAN_POINT('',(-0.398556161828816,-0.0452184210226202,-0.0415095278530785));
#2933=CARTESIAN_POINT('',(-0.400080472779731,-0.0480795495303855,-0.0412794848419427));
#2934=CARTESIAN_POINT('',(-0.400763204336279,-0.128606882498268,-0.0348048542532087));
#2935=CARTESIAN_POINT('',(-0.400738839823854,-0.125733118738818,-0.0350359131751421));
#2936=CARTESIAN_POINT('',(-0.399263257897788,-0.128619517749953,-0.0348038383424112));
#2937=CARTESIAN_POINT('',(-0.400787568848704,-0.131480646257718,-0.0345737953312753));
#2938=CARTESIAN_POINT('',(-0.400763204336279,-0.128606882498268,-0.0348048542532087));
#2939=CARTESIAN_POINT('',(-0.401446074813792,-0.209150601020192,-0.0283289062185157));
#2940=CARTESIAN_POINT('',(-0.399970492887727,-0.212037000031327,-0.0280968313857848));
#2941=CARTESIAN_POINT('',(-0.401494803838642,-0.214898128539092,-0.0278667883746489));
#2942=CARTESIAN_POINT('',(-0.400763204336279,-0.128606882498268,-0.0348048542532087));
#2943=CARTESIAN_POINT('',(-0.401715288538105,-0.240950194606763,-0.0257721268771827));
#2944=CARTESIAN_POINT('',(-0.399255215603067,-0.240982934347646,-0.0257694945072783));
#2945=CARTESIAN_POINT('',(-0.399243160668086,-0.243435283017217,-0.025572318578));
#2946=CARTESIAN_POINT('',(-0.204975,-0.243435673198925,-0.0255722872062616));
#2947=CARTESIAN_POINT('',(-0.378106270405158,-0.243435673198925,-0.0255722872062616));
#2948=CARTESIAN_POINT('',(-0.37522312975649,-0.241940498286182,-0.0256925035957627));
#2949=CARTESIAN_POINT('',(-0.372339989107822,-0.243435673198925,-0.0255722872062616));
#2950=CARTESIAN_POINT('',(-0.204975,-0.243435673198925,-0.0255722872062616));
#2951=CARTESIAN_POINT('',(-0.268883140648668,-0.243435673198925,-0.0255722872062616));
#2952=CARTESIAN_POINT('',(-0.266,-0.241940498286182,-0.0256925035957627));
#2953=CARTESIAN_POINT('',(-0.204975,-0.243235312549756,-0.023080329018357));
#2954=CARTESIAN_POINT('',(-0.204975,-0.243235312549756,-0.023080329018357));
#2955=CARTESIAN_POINT('',(-0.263116859351332,-0.243235312549756,-0.023080329018357));
#2956=CARTESIAN_POINT('',(-0.244883140648668,-0.243235312549756,-0.023080329018357));
#2957=CARTESIAN_POINT('',(-0.244883140648668,-0.243435833487444,-0.0255742807728119));
#2958=CARTESIAN_POINT('',(-0.263116859351332,-0.243435833487444,-0.0255742807728119));
#2959=CARTESIAN_POINT('',(-0.204975,-0.243235312549756,-0.023080329018357));
#2960=CARTESIAN_POINT('',(-0.239116859351332,-0.243435833487444,-0.0255742807728119));
#2961=CARTESIAN_POINT('',(-0.239116859351332,-0.243235312549756,-0.023080329018357));
#2962=CARTESIAN_POINT('',(-0.204975,-0.243235312549756,-0.023080329018357));
#2963=CARTESIAN_POINT('',(-0.141250273893549,-0.243235312549756,-0.023080329018357));
#2964=CARTESIAN_POINT('',(-0.141250273893549,-0.243435833487444,-0.0255742807728119));
#2965=CARTESIAN_POINT('',(-0.204975,-0.243235312549756,-0.023080329018357));
#2966=CARTESIAN_POINT('',(-0.204975,-0.243235312549756,-0.023080329018357));
#2967=CARTESIAN_POINT('',(-0.372339989107822,-0.243235312549756,-0.023080329018357));
#2968=CARTESIAN_POINT('',(-0.268883140648668,-0.243235312549756,-0.023080329018357));
#2969=CARTESIAN_POINT('',(-0.268883140648668,-0.243435833487444,-0.0255742807728119));
#2970=CARTESIAN_POINT('',(-0.372339989107822,-0.243435833487444,-0.0255742807728119));
#2971=CARTESIAN_POINT('',(-0.204975,-0.243235312549756,-0.023080329018357));
#2972=CARTESIAN_POINT('',(-0.204975,-0.243235312549756,-0.023080329018357));
#2973=CARTESIAN_POINT('',(-0.399243160668086,-0.243234922368049,-0.0230803603900953));
#2974=CARTESIAN_POINT('',(-0.378106270405158,-0.243235312549756,-0.023080329018357));
#2975=CARTESIAN_POINT('',(-0.378106270405158,-0.243435833487444,-0.0255742807728119));
#2976=CARTESIAN_POINT('',(-0.39924315876302,-0.243235307284567,-0.0230803294416935));
#2977=CARTESIAN_POINT('',(-0.400763204336279,-0.1284065218491,-0.032312896065304));
#2978=CARTESIAN_POINT('',(-0.401494803838642,-0.214898288827611,-0.0278687819411992));
#2979=CARTESIAN_POINT('',(-0.401494803838642,-0.214697767889924,-0.0253748301867442));
#2980=CARTESIAN_POINT('',(-0.400763204336279,-0.1284065218491,-0.032312896065304));
#2981=CARTESIAN_POINT('',(-0.401715288538103,-0.240749833977454,-0.0232801689384881));
#2982=CARTESIAN_POINT('',(-0.401715679948724,-0.240749828748528,-0.0232801691081021));
#2983=CARTESIAN_POINT('',(-0.400763204336279,-0.1284065218491,-0.032312896065304));
#2984=CARTESIAN_POINT('',(-0.401446074813792,-0.209150761308711,-0.0283308997850659));
#2985=CARTESIAN_POINT('',(-0.401446074813792,-0.208950240371023,-0.025836948030611));
#2986=CARTESIAN_POINT('',(-0.400787568848704,-0.131480806546237,-0.0345757888978256));
#2987=CARTESIAN_POINT('',(-0.400787568848704,-0.13128028560855,-0.0320818371433707));
#2988=CARTESIAN_POINT('',(-0.400763204336279,-0.1284065218491,-0.032312896065304));
#2989=CARTESIAN_POINT('',(-0.400763204336279,-0.1284065218491,-0.032312896065304));
#2990=CARTESIAN_POINT('',(-0.400738839823854,-0.125733279027337,-0.0350379067416924));
#2991=CARTESIAN_POINT('',(-0.400738839823854,-0.125532758089649,-0.0325439549872375));
#2992=CARTESIAN_POINT('',(-0.400080472779731,-0.0480797098189049,-0.041281478408493));
#2993=CARTESIAN_POINT('',(-0.400080472779731,-0.047879188881217,-0.038787526654038));
#2994=CARTESIAN_POINT('',(-0.400763204336279,-0.1284065218491,-0.032312896065304));
#2995=CARTESIAN_POINT('',(-0.400763204336279,-0.1284065218491,-0.032312896065304));
#2996=CARTESIAN_POINT('',(-0.400031743754881,-0.0423321823000044,-0.0417435962523598));
#2997=CARTESIAN_POINT('',(-0.400031743754881,-0.0421316613623166,-0.0392496444979048));
#2998=CARTESIAN_POINT('',(-0.399810723538524,-0.0160632149934532,-0.0413456230189858));
#2999=CARTESIAN_POINT('',(-0.399810359157438,-0.0160632163502875,-0.0413456229098924));
#3000=CARTESIAN_POINT('',(-0.400763204336279,-0.1284065218491,-0.032312896065304));
#3001=CARTESIAN_POINT('',(-0.204975,-0.0136193872058538,-0.0415421138446971));
#3002=CARTESIAN_POINT('',(-0.376184880161314,-0.0138199081435416,-0.044036065599152));
#3003=CARTESIAN_POINT('',(-0.376184880161314,-0.0136193872058538,-0.0415421138446971));
#3004=CARTESIAN_POINT('',(-0.204975,-0.0136193872058538,-0.0415421138446971));
#3005=CARTESIAN_POINT('',(-0.397338209268363,-0.0136197556021269,-0.0415420844753775));
#3006=CARTESIAN_POINT('',(-0.397338207538123,-0.0136193872058538,-0.0415421138446971));
#3007=CARTESIAN_POINT('',(-0.204975,-0.0136193872058538,-0.0415421138446971));
#3008=CARTESIAN_POINT('',(-0.370418598863978,-0.0138199081435416,-0.044036065599152));
#3009=CARTESIAN_POINT('',(-0.370418598863978,-0.0136193872058538,-0.0415421138446971));
#3010=CARTESIAN_POINT('',(-0.268883140648668,-0.0138199081435416,-0.044036065599152));
#3011=CARTESIAN_POINT('',(-0.268883140648668,-0.0136193872058538,-0.0415421138446971));
#3012=CARTESIAN_POINT('',(-0.204975,-0.0136193872058538,-0.0415421138446971));
#3013=CARTESIAN_POINT('',(-0.204975,-0.0136193872058538,-0.0415421138446971));
#3014=CARTESIAN_POINT('',(-0.141250273893549,-0.0138199081435416,-0.044036065599152));
#3015=CARTESIAN_POINT('',(-0.141250273893549,-0.0136193872058538,-0.0415421138446971));
#3016=CARTESIAN_POINT('',(-0.204975,-0.0136193872058538,-0.0415421138446971));
#3017=CARTESIAN_POINT('',(-0.239116859351332,-0.0136193872058538,-0.0415421138446971));
#3018=CARTESIAN_POINT('',(-0.239116859351332,-0.0138199081435416,-0.044036065599152));
#3019=CARTESIAN_POINT('',(-0.204975,-0.0136193872058538,-0.0415421138446971));
#3020=CARTESIAN_POINT('',(-0.135483992596214,-0.0138199081435416,-0.044036065599152));
#3021=CARTESIAN_POINT('',(-0.135483992596214,-0.0136193872058538,-0.0415421138446971));
#3022=CARTESIAN_POINT('',(-0.0376174071384301,-0.0138199081435416,-0.044036065599152));
#3023=CARTESIAN_POINT('',(-0.0376174071384301,-0.0136193872058538,-0.0415421138446971));
#3024=CARTESIAN_POINT('',(-0.204975,-0.0136193872058538,-0.0415421138446971));
#3025=CARTESIAN_POINT('',(-0.204975,-0.0136193872058538,-0.0415421138446971));
#3026=CARTESIAN_POINT('',(-0.244883140648668,-0.0138199081435416,-0.044036065599152));
#3027=CARTESIAN_POINT('',(-0.244883140648668,-0.0136193872058538,-0.0415421138446971));
#3028=CARTESIAN_POINT('',(-0.204975,-0.0136193872058538,-0.0415421138446971));
#3029=CARTESIAN_POINT('',(-0.263116859351332,-0.0136193872058538,-0.0415421138446971));
#3030=CARTESIAN_POINT('',(-0.263116859351332,-0.0138199081435416,-0.044036065599152));
#3031=CARTESIAN_POINT('',(-0.204975,-0.243235312549756,-0.023080329018357));
#3032=CARTESIAN_POINT('',(-0.135483992596214,-0.243435833487444,-0.0255742807728119));
#3033=CARTESIAN_POINT('',(-0.135483992596214,-0.243235312549756,-0.023080329018357));
#3034=CARTESIAN_POINT('',(-0.204975,-0.243235312549756,-0.023080329018357));
#3035=CARTESIAN_POINT('',(-0.0376174071384301,-0.243235312549756,-0.023080329018357));
#3036=CARTESIAN_POINT('',(-0.0376174071384301,-0.243435833487444,-0.0255742807728119));
#3037=CARTESIAN_POINT('',(-0.204975,-0.243235312549756,-0.023080329018357));
#3038=CARTESIAN_POINT('',(-0.0318511258410948,-0.243435833487444,-0.0255742807728119));
#3039=CARTESIAN_POINT('',(-0.0318511258410948,-0.243235312549756,-0.023080329018357));
#3040=CARTESIAN_POINT('',(-0.204975,-0.243235312549756,-0.023080329018357));
#3041=CARTESIAN_POINT('',(-0.0107068393189807,-0.243234922388145,-0.0230803606392863));
#3042=CARTESIAN_POINT('',(-0.0107068412369826,-0.243235312549756,-0.023080329018357));
#3043=CARTESIAN_POINT('',(-0.00918679566371744,-0.128406521849099,-0.032312896065304));
#3044=CARTESIAN_POINT('',(-0.00918679566371744,-0.128406521849099,-0.032312896065304));
#3045=CARTESIAN_POINT('',(-0.00823471146206559,-0.240749833944708,-0.0232801686903142));
#3046=CARTESIAN_POINT('',(-0.00845519616135466,-0.214697767889924,-0.0253748301867442));
#3047=CARTESIAN_POINT('',(-0.00845519616135466,-0.214898288827611,-0.0278687819411992));
#3048=CARTESIAN_POINT('',(-0.00823432533326464,-0.24074982879303,-0.023280169104524));
#3049=CARTESIAN_POINT('',(-0.00918679566371744,-0.128406521849099,-0.032312896065304));
#3050=CARTESIAN_POINT('',(-0.00850392518620446,-0.209150761308711,-0.0283308997850659));
#3051=CARTESIAN_POINT('',(-0.00850392518620446,-0.208950240371023,-0.025836948030611));
#3052=CARTESIAN_POINT('',(-0.00918679566371744,-0.128406521849099,-0.032312896065304));
#3053=CARTESIAN_POINT('',(-0.00916243115129254,-0.13128028560855,-0.0320818371433707));
#3054=CARTESIAN_POINT('',(-0.00916243115129254,-0.131480806546237,-0.0345757888978256));
#3055=CARTESIAN_POINT('',(-0.00918679566371744,-0.128406521849099,-0.032312896065304));
#3056=CARTESIAN_POINT('',(-0.00921116017614234,-0.125733279027337,-0.0350379067416924));
#3057=CARTESIAN_POINT('',(-0.00921116017614234,-0.125532758089649,-0.0325439549872375));
#3058=CARTESIAN_POINT('',(-0.00918679566371744,-0.128406521849099,-0.032312896065304));
#3059=CARTESIAN_POINT('',(-0.00986966614123041,-0.0478628033271755,-0.0387888440999971));
#3060=CARTESIAN_POINT('',(-0.00986966614123041,-0.0480633242648633,-0.041282795854452));
#3061=CARTESIAN_POINT('',(-0.00918679566371744,-0.128406521849099,-0.032312896065304));
#3062=CARTESIAN_POINT('',(-0.00991839516608022,-0.042315796745963,-0.0417449136983188));
#3063=CARTESIAN_POINT('',(-0.00991839516608022,-0.0421152758082752,-0.0392509619438639));
#3064=CARTESIAN_POINT('',(-0.00918679566371744,-0.128406521849099,-0.032312896065304));
#3065=CARTESIAN_POINT('',(-0.0101396408425604,-0.0160632163701131,-0.0413456231591051));
#3066=CARTESIAN_POINT('',(-0.0101392764614739,-0.0160632149932427,-0.0413456230190027));
#3067=CARTESIAN_POINT('',(-0.204975,-0.0136193872058538,-0.0415421138446971));
#3068=CARTESIAN_POINT('',(-0.0318511258410948,-0.0138199081435416,-0.044036065599152));
#3069=CARTESIAN_POINT('',(-0.0318511258410948,-0.0136193872058538,-0.0415421138446971));
#3070=CARTESIAN_POINT('',(-0.0126117924618195,-0.0136193923746687,-0.0415421134291094));
#3071=CARTESIAN_POINT('',(-0.0126117907437142,-0.0136197555821406,-0.0415420842261777));
#3072=CARTESIAN_POINT('',(-0.204975,-0.0136193872058538,-0.0415421138446971));
#3073=CARTESIAN_POINT('',(-0.204975,-0.248178102398987,-0.0282006634922808));
#3074=CARTESIAN_POINT('',(-0.399276397629887,-0.248178102398987,-0.0282006634922808));
#3075=CARTESIAN_POINT('',(-0.399276397629887,-0.248017813879652,-0.0262070969419571));
#3076=CARTESIAN_POINT('',(-0.399276397629887,-0.247937669619985,-0.0252103136667953));
#3077=CARTESIAN_POINT('',(-0.0106736023701094,-0.248017813879652,-0.0262070969419572));
#3078=CARTESIAN_POINT('',(-0.0106736023701094,-0.248017813879652,-0.0262070969419572));
#3079=CARTESIAN_POINT('',(-0.0106736023701094,-0.248178102398987,-0.0282006634922808));
#3080=CARTESIAN_POINT('',(-0.0106736023701094,-0.247937669619985,-0.0252103136667953));
#3081=CARTESIAN_POINT('',(-0.204975,-0.247937669619985,-0.0252103136667953));
#3082=CARTESIAN_POINT('',(-0.399276397629528,-0.248017805452006,-0.0262070976195643));
#3083=CARTESIAN_POINT('',(-0.399276397629528,-0.247937661192338,-0.0252103143444024));
#3084=CARTESIAN_POINT('',(-0.401112471194802,-0.248017805794102,-0.0262070975920585));
#3085=CARTESIAN_POINT('',(-0.401112471194802,-0.247937661534434,-0.0252103143168966));
#3086=CARTESIAN_POINT('',(-0.404762485913002,-0.24650643741649,-0.0263286159829938));
#3087=CARTESIAN_POINT('',(-0.404762485913002,-0.246426293156822,-0.0253318327078319));
#3088=CARTESIAN_POINT('',(-0.406247832371215,-0.242855521608139,-0.0266221601784665));
#3089=CARTESIAN_POINT('',(-0.406247832371215,-0.242775377348471,-0.0256253769033046));
#3090=CARTESIAN_POINT('',(-0.406232315949465,-0.241025419540218,-0.0267693056804069));
#3091=CARTESIAN_POINT('',(-0.406232315949465,-0.24094527528055,-0.025772522405245));
#3092=CARTESIAN_POINT('',(-0.406232324404005,-0.241185707988167,-0.0287628722364701));
#3093=CARTESIAN_POINT('',(-0.406232324404005,-0.241025419468832,-0.0267693056861465));
#3094=CARTESIAN_POINT('',(-0.406232324404005,-0.240945275209165,-0.0257725224109846));
#3095=CARTESIAN_POINT('',(-0.406232315949465,-0.241025419540218,-0.0267693056804069));
#3096=CARTESIAN_POINT('',(-0.406247832371215,-0.242855521608139,-0.0266221601784665));
#3097=CARTESIAN_POINT('',(-0.404762485913002,-0.24650643741649,-0.0263286159829938));
#3098=CARTESIAN_POINT('',(-0.401112471194802,-0.248017805794102,-0.0262070975920586));
#3099=CARTESIAN_POINT('',(-0.399276397629528,-0.248017805452006,-0.0262070976195643));
#3100=CARTESIAN_POINT('',(-0.399187723327964,-0.240916225315846,-0.0257748581064676));
#3101=CARTESIAN_POINT('',(-0.405279570254208,-0.128809547956677,-0.0377982406805553));
#3102=CARTESIAN_POINT('',(-0.404326807696905,-0.0164333879959931,-0.0468336091189476));
#3103=CARTESIAN_POINT('',(-0.404326807696905,-0.0162730994766583,-0.0448400425686239));
#3104=CARTESIAN_POINT('',(-0.404326809400748,-0.0161929552026381,-0.0438432592946161));
#3105=CARTESIAN_POINT('',(-0.406232324404005,-0.241025419468832,-0.0267693056861465));
#3106=CARTESIAN_POINT('',(-0.405279570254208,-0.128569115177675,-0.0348078908550698));
#3107=CARTESIAN_POINT('',(-0.404326807696905,-0.0162730994766583,-0.0448400425686239));
#3108=CARTESIAN_POINT('',(-0.404326807696905,-0.0161929552169909,-0.043843259293462));
#3109=CARTESIAN_POINT('',(-0.404311463453728,-0.0144629666781256,-0.0449855824835211));
#3110=CARTESIAN_POINT('',(-0.404311463453728,-0.0143828224184582,-0.0439887992083592));
#3111=CARTESIAN_POINT('',(-0.402798597934408,-0.0108755304596827,-0.0452740227362781));
#3112=CARTESIAN_POINT('',(-0.402798597934408,-0.0107953862000153,-0.0442772394611162));
#3113=CARTESIAN_POINT('',(-0.399186928443558,-0.00939790155175126,-0.0453928283762192));
#3114=CARTESIAN_POINT('',(-0.399186928443558,-0.00931775729208385,-0.0443960451010573));
#3115=CARTESIAN_POINT('',(-0.397370889330282,-0.00939790407439219,-0.0453928281733923));
#3116=CARTESIAN_POINT('',(-0.397370889330282,-0.00931775981472478,-0.0443960448982305));
#3117=CARTESIAN_POINT('',(-0.397370889330295,-0.00955818421296472,-0.0473863953975535));
#3118=CARTESIAN_POINT('',(-0.397370889330295,-0.00939789569362992,-0.0453928288472298));
#3119=CARTESIAN_POINT('',(-0.397370889330295,-0.00931775143396252,-0.044396045572068));
#3120=CARTESIAN_POINT('',(-0.397370889330282,-0.00939790407439219,-0.0453928281733923));
#3121=CARTESIAN_POINT('',(-0.399186928443558,-0.00939790155175126,-0.0453928283762192));
#3122=CARTESIAN_POINT('',(-0.402798597934408,-0.0108755304596827,-0.0452740227362781));
#3123=CARTESIAN_POINT('',(-0.404311463453728,-0.0144629666781256,-0.0449855824835211));
#3124=CARTESIAN_POINT('',(-0.404326807696905,-0.0162730994766583,-0.0448400425686239));
#3125=CARTESIAN_POINT('',(-0.397283759461265,-0.0163391371577717,-0.0438315058424236));
#3126=CARTESIAN_POINT('',(-0.204975,-0.00955818421296472,-0.0473863953975535));
#3127=CARTESIAN_POINT('',(-0.0125791106696856,-0.00955819259372701,-0.047386394723716));
#3128=CARTESIAN_POINT('',(-0.0125791106696856,-0.00939790407439221,-0.0453928281733923));
#3129=CARTESIAN_POINT('',(-0.0125791106696856,-0.00931775811630185,-0.0443960450347886));
#3130=CARTESIAN_POINT('',(-0.397370889330295,-0.00939789569362992,-0.0453928288472298));
#3131=CARTESIAN_POINT('',(-0.204975,-0.00931775143396252,-0.044396045572068));
#3132=CARTESIAN_POINT('',(-0.0125791106696856,-0.00939790407439221,-0.0453928281733923));
#3133=CARTESIAN_POINT('',(-0.0125791106696856,-0.0093177598147248,-0.0443960448982305));
#3134=CARTESIAN_POINT('',(-0.0107630715564108,-0.00939790155175881,-0.0453928283762192));
#3135=CARTESIAN_POINT('',(-0.0107630715564108,-0.0093177572920914,-0.0443960451010573));
#3136=CARTESIAN_POINT('',(-0.00715140206560645,-0.0108755304596641,-0.0452740227362793));
#3137=CARTESIAN_POINT('',(-0.00715140206560645,-0.0107953861999967,-0.0442772394611174));
#3138=CARTESIAN_POINT('',(-0.00563853654625948,-0.0144629666781554,-0.0449855824835187));
#3139=CARTESIAN_POINT('',(-0.00563853654625948,-0.014382822418488,-0.0439887992083568));
#3140=CARTESIAN_POINT('',(-0.00562319230309155,-0.0162730994766881,-0.0448400425686215));
#3141=CARTESIAN_POINT('',(-0.00562319230309155,-0.0161929552170207,-0.0438432592934596));
#3142=CARTESIAN_POINT('',(-0.00562318389558401,-0.016433387925187,-0.0468336091246406));
#3143=CARTESIAN_POINT('',(-0.00562318389558401,-0.0162730994058521,-0.044840042574317));
#3144=CARTESIAN_POINT('',(-0.00562318389558401,-0.0161929551461848,-0.0438432592991551));
#3145=CARTESIAN_POINT('',(-0.00562319230309155,-0.0162730994766881,-0.0448400425686215));
#3146=CARTESIAN_POINT('',(-0.00563853654625948,-0.0144629666781553,-0.0449855824835187));
#3147=CARTESIAN_POINT('',(-0.00715140206560645,-0.0108755304596641,-0.0452740227362793));
#3148=CARTESIAN_POINT('',(-0.0107630715564108,-0.00939790155175881,-0.0453928283762192));
#3149=CARTESIAN_POINT('',(-0.0125791106696856,-0.00939790407439221,-0.0453928281733923));
#3150=CARTESIAN_POINT('',(-0.0126662405387187,-0.0163391371577521,-0.0438315058424251));
#3151=CARTESIAN_POINT('',(-0.00467042974578784,-0.128809547956677,-0.0377982406805553));
#3152=CARTESIAN_POINT('',(-0.00371768405053239,-0.241185708059469,-0.0287628722307373));
#3153=CARTESIAN_POINT('',(-0.00371768405053239,-0.241025419540134,-0.0267693056804136));
#3154=CARTESIAN_POINT('',(-0.00371768232317241,-0.240945275265916,-0.0257725224064217));
#3155=CARTESIAN_POINT('',(-0.00562318389558401,-0.0162730994058521,-0.044840042574317));
#3156=CARTESIAN_POINT('',(-0.00467042974578784,-0.128569115177675,-0.0348078908550698));
#3157=CARTESIAN_POINT('',(-0.00371768405053239,-0.241025419540134,-0.0267693056804136));
#3158=CARTESIAN_POINT('',(-0.00371768405053239,-0.240945275280467,-0.0257725224052517));
#3159=CARTESIAN_POINT('',(-0.00370216762876303,-0.242855521607983,-0.0266221601784789));
#3160=CARTESIAN_POINT('',(-0.00370216762876303,-0.242775377348316,-0.0256253769033171));
#3161=CARTESIAN_POINT('',(-0.00518751408680181,-0.246506437416203,-0.0263286159830167));
#3162=CARTESIAN_POINT('',(-0.00518751408680181,-0.246426293156536,-0.0253318327078549));
#3163=CARTESIAN_POINT('',(-0.00883752880474336,-0.248017805793968,-0.0262070975920695));
#3164=CARTESIAN_POINT('',(-0.00883752880474336,-0.247937661534301,-0.0252103143169076));
#3165=CARTESIAN_POINT('',(-0.010673602369943,-0.248017805452006,-0.0262070976195643));
#3166=CARTESIAN_POINT('',(-0.010673602369943,-0.247937661192338,-0.0252103143444024));
#3167=CARTESIAN_POINT('',(-0.010673602369943,-0.248017805452006,-0.0262070976195643));
#3168=CARTESIAN_POINT('',(-0.00883752880474336,-0.248017805793968,-0.0262070975920695));
#3169=CARTESIAN_POINT('',(-0.00518751408680181,-0.246506437416203,-0.0263286159830168));
#3170=CARTESIAN_POINT('',(-0.00370216762876303,-0.242855521607983,-0.0266221601784789));
#3171=CARTESIAN_POINT('',(-0.00371768405053239,-0.241025419540134,-0.0267693056804136));
#3172=CARTESIAN_POINT('',(-0.0107622766720334,-0.24091622531585,-0.0257748581064674));
#3173=CARTESIAN_POINT('',(-0.204975,-0.128868143305976,-0.0377935294449172));
#3174=CARTESIAN_POINT('',(-0.0314626764367108,-0.0354745493671726,-0.0453026446462011));
#3175=CARTESIAN_POINT('',(-0.0314626764367108,-0.0284970664410397,-0.0458636544638729));
#3176=CARTESIAN_POINT('',(-0.380070953652882,-0.222261737244779,-0.0302844142436332));
#3177=CARTESIAN_POINT('',(-0.380070953652882,-0.215284254318646,-0.0308454240613051));
#3178=CARTESIAN_POINT('',(-0.378487323563285,-0.0354745493671726,-0.0453026446462011));
#3179=CARTESIAN_POINT('',(-0.378487323563285,-0.0284970664410397,-0.0458636544638729));
#3180=CARTESIAN_POINT('',(-0.0298790463471146,-0.222261737244779,-0.0302844142436332));
#3181=CARTESIAN_POINT('',(-0.0298790463471146,-0.215284254318646,-0.0308454240613051));
#3182=CARTESIAN_POINT('',(-0.242,-0.242180931065184,-0.0286828534212482));
#3183=CARTESIAN_POINT('',(-0.242,-0.239788651204796,-0.02887519964445));
#3184=CARTESIAN_POINT('',(-0.266,-0.242180931065184,-0.0286828534212482));
#3185=CARTESIAN_POINT('',(-0.266,-0.239788651204796,-0.02887519964445));
#3186=CARTESIAN_POINT('',(-0.37522312975649,-0.242180931065184,-0.0286828534212482));
#3187=CARTESIAN_POINT('',(-0.37522312975649,-0.239788651204796,-0.02887519964445));
#3188=CARTESIAN_POINT('',(-0.399970492887727,-0.212277432810329,-0.0310871812112702));
#3189=CARTESIAN_POINT('',(-0.399970492887727,-0.209885152949941,-0.031279527434472));
#3190=CARTESIAN_POINT('',(-0.399263257897788,-0.128859950528955,-0.0377941881678967));
#3191=CARTESIAN_POINT('',(-0.399263257897788,-0.126467670668567,-0.0379865343910985));
#3192=CARTESIAN_POINT('',(-0.398556161828816,-0.0454588538016224,-0.0444998776785641));
#3193=CARTESIAN_POINT('',(-0.398556161828816,-0.043066573941234,-0.0446922239017658));
#3194=CARTESIAN_POINT('',(-0.373301739512646,-0.0155553555467672,-0.0469042054685861));
#3195=CARTESIAN_POINT('',(-0.373301739512646,-0.0131630756863789,-0.0470965516917879));
#3196=CARTESIAN_POINT('',(-0.138367133244881,-0.0155553555467672,-0.0469042054685861));
#3197=CARTESIAN_POINT('',(-0.138367133244881,-0.0131630756863788,-0.0470965516917879));
#3198=CARTESIAN_POINT('',(-0.242,-0.0155553555467672,-0.0469042054685861));
#3199=CARTESIAN_POINT('',(-0.242,-0.0131630756863788,-0.0470965516917879));
#3200=CARTESIAN_POINT('',(-0.138367133244881,-0.242180931065184,-0.0286828534212482));
#3201=CARTESIAN_POINT('',(-0.138367133244881,-0.239788651204796,-0.02887519964445));
#3202=CARTESIAN_POINT('',(-0.0347342664897624,-0.242180931065184,-0.0286828534212482));
#3203=CARTESIAN_POINT('',(-0.0347342664897624,-0.239788651204796,-0.02887519964445));
#3204=CARTESIAN_POINT('',(-0.00997950711226997,-0.212277432810329,-0.0310871812112702));
#3205=CARTESIAN_POINT('',(-0.00997950711226997,-0.209885152949941,-0.031279527434472));
#3206=CARTESIAN_POINT('',(-0.0106867421022079,-0.128859950528955,-0.0377941881678967));
#3207=CARTESIAN_POINT('',(-0.0106867421022079,-0.126467670668567,-0.0379865343910985));
#3208=CARTESIAN_POINT('',(-0.0113939770921457,-0.045442468247581,-0.0445011951245231));
#3209=CARTESIAN_POINT('',(-0.0113939770921457,-0.0430501883871926,-0.0446935413477249));
#3210=CARTESIAN_POINT('',(-0.0347342664897624,-0.0155553555467672,-0.0469042054685861));
#3211=CARTESIAN_POINT('',(-0.0347342664897624,-0.0131630756863788,-0.0470965516917879));
#3212=CARTESIAN_POINT('',(-0.266,-0.0155553555467672,-0.0469042054685861));
#3213=CARTESIAN_POINT('',(-0.266,-0.0131630756863789,-0.0470965516917879));
#3214=CARTESIAN_POINT('',(-0.00471764834128199,-0.241194131746843,-0.0287621949418971));
#3215=CARTESIAN_POINT('',(-0.00469770793160865,-0.242765193497392,-0.0286358770310463));
#3216=CARTESIAN_POINT('',(-0.00565771799777384,-0.245104135442504,-0.0284478193305742));
#3217=CARTESIAN_POINT('',(-0.0083258105053247,-0.246866309259513,-0.028306135456568));
#3218=CARTESIAN_POINT('',(-0.00988848497050332,-0.247184387553366,-0.0282805610413342));
#3219=CARTESIAN_POINT('',(-0.010673602183098,-0.247181310696179,-0.0282808084295554));
#3220=CARTESIAN_POINT('',(-0.00471763988673878,-0.241194131675624,-0.0287621949476233));
#3221=CARTESIAN_POINT('',(-0.0106736021830961,-0.247181310696178,-0.0282808084295554));
#3222=CARTESIAN_POINT('',(-0.399276397629887,-0.247181319123825,-0.0282808077519482));
#3223=CARTESIAN_POINT('',(-0.39927639781645,-0.247181310696178,-0.0282808084295554));
#3224=CARTESIAN_POINT('',(-0.399276397816452,-0.247181310696179,-0.0282808084295554));
#3225=CARTESIAN_POINT('',(-0.400852641779191,-0.247187909705984,-0.0282802778500718));
#3226=CARTESIAN_POINT('',(-0.403190935207058,-0.246211256236723,-0.0283588036150961));
#3227=CARTESIAN_POINT('',(-0.404936185410501,-0.243536949638362,-0.0285738256041182));
#3228=CARTESIAN_POINT('',(-0.405242073113003,-0.241976669507236,-0.0286992766415692));
#3229=CARTESIAN_POINT('',(-0.405232351658719,-0.241194131746915,-0.0287621949418913));
#3230=CARTESIAN_POINT('',(-0.405232351658717,-0.241194131746915,-0.0287621949418914));
#3231=CARTESIAN_POINT('',(-0.403326851812085,-0.0164418114262932,-0.046832931850777));
#3232=CARTESIAN_POINT('',(-0.403326851800309,-0.016441810037258,-0.0468329319624594));
#3233=CARTESIAN_POINT('',(-0.403326843392804,-0.0164418101080811,-0.046832931956765));
#3234=CARTESIAN_POINT('',(-0.403319919061999,-0.0148867942071612,-0.0469579597348746));
#3235=CARTESIAN_POINT('',(-0.402014069715385,-0.0118208648328698,-0.0472044693283017));
#3236=CARTESIAN_POINT('',(-0.398924471539355,-0.0105492479835798,-0.0473067110026019));
#3237=CARTESIAN_POINT('',(-0.397370890723855,-0.0105549758688877,-0.0473062504640486));
#3238=CARTESIAN_POINT('',(-0.397370890723854,-0.0105549758688878,-0.0473062504640486));
#3239=CARTESIAN_POINT('',(-0.0125791106696856,-0.0105549674881265,-0.0473062511378861));
#3240=CARTESIAN_POINT('',(-0.0125791092761175,-0.0105549674881265,-0.0473062511378861));
#3241=CARTESIAN_POINT('',(-0.0125791092761195,-0.0105549758688879,-0.0473062504640486));
#3242=CARTESIAN_POINT('',(-0.0110190723643328,-0.0105487367305634,-0.0473067521088238));
#3243=CARTESIAN_POINT('',(-0.00793232342222688,-0.0118244298380097,-0.0472041826915726));
#3244=CARTESIAN_POINT('',(-0.0066305392641373,-0.0148932336263403,-0.0469574419869392));
#3245=CARTESIAN_POINT('',(-0.00662315660719601,-0.0164418101081062,-0.046832931956763));
#3246=CARTESIAN_POINT('',(-0.00662315660719412,-0.0164418101081063,-0.046832931956763));
#3247=CARTESIAN_POINT('',(-0.00471763988831787,-0.241194131489373,-0.0287621949625985));
#3248=CARTESIAN_POINT('',(-0.204975,-0.128627710526974,-0.0348031796194316));
#3249=CARTESIAN_POINT('',(-0.399255245775808,-0.240982964170219,-0.0257694921094571));
#3250=CARTESIAN_POINT('',(-0.399243159812259,-0.24542885116231,-0.0254120299304412));
#3251=CARTESIAN_POINT('',(-0.40371521871526,-0.240933346728695,-0.0257734814953313));
#3252=CARTESIAN_POINT('',(-0.402763132920933,-0.128590035496021,-0.0348062088009387));
#3253=CARTESIAN_POINT('',(-0.401810289221558,-0.0162467307472973,-0.0438389355852177));
#3254=CARTESIAN_POINT('',(-0.397349757309014,-0.0162727933049986,-0.0438368400801626));
#3255=CARTESIAN_POINT('',(-0.397338208491141,-0.0118265482126655,-0.0441943310514743));
#3256=CARTESIAN_POINT('',(-0.204975,-0.0118261813046986,-0.0441943605519365));
#3257=CARTESIAN_POINT('',(-0.0126117915156464,-0.0118265482126874,-0.0441943310514725));
#3258=CARTESIAN_POINT('',(-0.0126002426909906,-0.0162727933050163,-0.0438368400801611));
#3259=CARTESIAN_POINT('',(-0.00813971077843816,-0.0162467307472972,-0.0438389355852177));
#3260=CARTESIAN_POINT('',(-0.00718686707906354,-0.128590035496022,-0.0348062088009387));
#3261=CARTESIAN_POINT('',(-0.00623478128477739,-0.240933346725109,-0.0257734814956196));
#3262=CARTESIAN_POINT('',(-0.0106947542241892,-0.240982964170263,-0.0257694921094536));
#3263=CARTESIAN_POINT('',(-0.0107068401806255,-0.245428851162351,-0.0254120299304378));
#3264=CARTESIAN_POINT('',(-0.204975,-0.245429239749248,-0.0254119986869268));
#3265=CARTESIAN_POINT('',(-0.204975,-0.0105549674881265,-0.0473062511378861));
#3266=CARTESIAN_POINT('',(-0.397370890723855,-0.0105549694338138,-0.0473062543554231));
#3267=CARTESIAN_POINT('',(-0.397370890259331,-0.0101692788356483,-0.0466684469252045));
#3268=CARTESIAN_POINT('',(-0.397370889794807,-0.00978358823748285,-0.0460306394949859));
#3269=CARTESIAN_POINT('',(-0.397370889330284,-0.00939789763931739,-0.0453928320647672));
#3270=CARTESIAN_POINT('',(-0.0125791106696875,-0.0093978976393174,-0.0453928320647672));
#3271=CARTESIAN_POINT('',(-0.0125791102051648,-0.00978358823748286,-0.0460306394949859));
#3272=CARTESIAN_POINT('',(-0.0125791097406422,-0.0101692788356483,-0.0466684469252045));
#3273=CARTESIAN_POINT('',(-0.0125791092761195,-0.0105549694338138,-0.0473062543554232));
#3274=CARTESIAN_POINT('',(-0.0125791092761175,-0.0105549758688878,-0.0473062504640487));
#3275=CARTESIAN_POINT('',(-0.0110149870007954,-0.0105487203917525,-0.0473067534225115));
#3276=CARTESIAN_POINT('',(-0.00948170050364804,-0.0111818428077786,-0.0472558485482268));
#3277=CARTESIAN_POINT('',(-0.00727542873281074,-0.0133635722086832,-0.0470804311912273));
#3278=CARTESIAN_POINT('',(-0.00663053929999966,-0.0148932261036188,-0.0469574425917878));
#3279=CARTESIAN_POINT('',(-0.00662315660719412,-0.0164418101081063,-0.046832931956763));
#3280=CARTESIAN_POINT('',(-0.0125791106696856,-0.00939790407439221,-0.0453928281733923));
#3281=CARTESIAN_POINT('',(-0.0107563037302127,-0.0093903734118555,-0.0453934336604513));
#3282=CARTESIAN_POINT('',(-0.00896401716285366,-0.0101293901308728,-0.0453340145777848));
#3283=CARTESIAN_POINT('',(-0.00638432722133158,-0.0126803928657601,-0.0451289065761845));
#3284=CARTESIAN_POINT('',(-0.00563156244509396,-0.0144684056911436,-0.0449851451711359));
#3285=CARTESIAN_POINT('',(-0.00562319230309155,-0.0162730994766881,-0.0448400425686215));
#3286=CARTESIAN_POINT('',(-0.00662314818791092,-0.0164418114263103,-0.0468329318507756));
#3287=CARTESIAN_POINT('',(-0.00628982675713528,-0.0163855740861576,-0.0461686354252894));
#3288=CARTESIAN_POINT('',(-0.00595650532635964,-0.016329336746005,-0.0455043389998032));
#3289=CARTESIAN_POINT('',(-0.00562318389558401,-0.0162730994058523,-0.0448400425743169));
#3290=CARTESIAN_POINT('',(-0.403326843392803,-0.0164418101080811,-0.046832931956765));
#3291=CARTESIAN_POINT('',(-0.40331990092883,-0.0148827219921782,-0.0469582871527428));
#3292=CARTESIAN_POINT('',(-0.40267180071956,-0.0133597725476486,-0.0470807366949694));
#3293=CARTESIAN_POINT('',(-0.400464464296499,-0.0111791133805919,-0.0472560680020706));
#3294=CARTESIAN_POINT('',(-0.398924479086405,-0.0105492479557545,-0.0473067110048391));
#3295=CARTESIAN_POINT('',(-0.397370890723854,-0.0105549758688878,-0.0473062504640486));
#3296=CARTESIAN_POINT('',(-0.404326807696905,-0.0162730994766583,-0.0448400425686239));
#3297=CARTESIAN_POINT('',(-0.40431895842529,-0.0144561572451145,-0.0449861299816394));
#3298=CARTESIAN_POINT('',(-0.40356243724646,-0.0126759449602333,-0.0451292642006595));
#3299=CARTESIAN_POINT('',(-0.400981493394631,-0.0101262027094943,-0.0453342708556869));
#3300=CARTESIAN_POINT('',(-0.399181413137211,-0.00939099609596182,-0.0453933835948473));
#3301=CARTESIAN_POINT('',(-0.397370889330282,-0.00939790407439218,-0.0453928281733923));
#3302=CARTESIAN_POINT('',(-0.404326816104412,-0.0162730994058351,-0.0448400425743183));
#3303=CARTESIAN_POINT('',(-0.403993494669711,-0.0163293362829761,-0.045504339037032));
#3304=CARTESIAN_POINT('',(-0.40366017323501,-0.0163855731601171,-0.0461686354997457));
#3305=CARTESIAN_POINT('',(-0.403326851800309,-0.0164418100372581,-0.0468329319624594));
#3306=CARTESIAN_POINT('',(-0.00568420185187998,-0.127189357098368,-0.0379285087138327));
#3307=CARTESIAN_POINT('',(-0.00371767728689924,-0.241025419754202,-0.0267693090560532));
#3308=CARTESIAN_POINT('',(-0.00405099871714851,-0.241081657156438,-0.0274336054765477));
#3309=CARTESIAN_POINT('',(-0.00438432014739779,-0.241137894558674,-0.0280979018970422));
#3310=CARTESIAN_POINT('',(-0.00471764157764706,-0.241194131960911,-0.0287621983175367));
#3311=CARTESIAN_POINT('',(-0.404265798148117,-0.127189357098368,-0.0379285087138327));
#3312=CARTESIAN_POINT('',(-0.40523235842235,-0.241194131960982,-0.0287621983175308));
#3313=CARTESIAN_POINT('',(-0.405565679852599,-0.24113789455875,-0.028097901897036));
#3314=CARTESIAN_POINT('',(-0.405899001282849,-0.241081657156518,-0.0274336054765412));
#3315=CARTESIAN_POINT('',(-0.406232322713098,-0.241025419754285,-0.0267693090560464));
#3316=CARTESIAN_POINT('',(-0.00471764834128019,-0.241194131746844,-0.0287621949418971));
#3317=CARTESIAN_POINT('',(-0.00469765894389545,-0.242769053133253,-0.0286355667051546));
#3318=CARTESIAN_POINT('',(-0.0053341277678848,-0.244320252968953,-0.0285108457497311));
#3319=CARTESIAN_POINT('',(-0.00754670099576763,-0.246543035584035,-0.028332127595518));
#3320=CARTESIAN_POINT('',(-0.00910320697105499,-0.247187465040673,-0.0282803136024495));
#3321=CARTESIAN_POINT('',(-0.0106736021830961,-0.247181310696178,-0.0282808084295554));
#3322=CARTESIAN_POINT('',(-0.00371768405053239,-0.241025419540134,-0.0267693056804136));
#3323=CARTESIAN_POINT('',(-0.00369413480359351,-0.242860666776722,-0.0266217464920241));
#3324=CARTESIAN_POINT('',(-0.00443701643462645,-0.244673930422388,-0.0264759548479578));
#3325=CARTESIAN_POINT('',(-0.00702419335861589,-0.247273036824821,-0.0262669791722916));
#3326=CARTESIAN_POINT('',(-0.00884363365259263,-0.248025224326984,-0.0262065011205484));
#3327=CARTESIAN_POINT('',(-0.010673602369943,-0.248017805452005,-0.0262070976195643));
#3328=CARTESIAN_POINT('',(-0.010673602370111,-0.247181319123825,-0.0282808077519482));
#3329=CARTESIAN_POINT('',(-0.010673602370111,-0.247460150709101,-0.0275895708152845));
#3330=CARTESIAN_POINT('',(-0.010673602370111,-0.247738982294376,-0.0268983338786208));
#3331=CARTESIAN_POINT('',(-0.010673602370111,-0.248017813879652,-0.0262070969419571));
#3332=CARTESIAN_POINT('',(-0.39927639781645,-0.247181310696178,-0.0282808084295554));
#3333=CARTESIAN_POINT('',(-0.400856514146297,-0.247187925917807,-0.0282802765465943));
#3334=CARTESIAN_POINT('',(-0.402407285701893,-0.246540418392011,-0.0283323380253301));
#3335=CARTESIAN_POINT('',(-0.404618464086101,-0.244316257120142,-0.0285111670275381));
#3336=CARTESIAN_POINT('',(-0.40525179655818,-0.242759367526529,-0.028636345455962));
#3337=CARTESIAN_POINT('',(-0.405232351658717,-0.241194131746915,-0.0287621949418914));
#3338=CARTESIAN_POINT('',(-0.399276397629528,-0.248017805452005,-0.0262070976195643));
#3339=CARTESIAN_POINT('',(-0.401117700666096,-0.248025769013778,-0.0262064573261541));
#3340=CARTESIAN_POINT('',(-0.402930473090288,-0.24726998015058,-0.0262672249377455));
#3341=CARTESIAN_POINT('',(-0.405516010559739,-0.244669253319159,-0.0264763309005913));
#3342=CARTESIAN_POINT('',(-0.406255222988724,-0.242849373923512,-0.0266226544700999));
#3343=CARTESIAN_POINT('',(-0.406232315949465,-0.241025419540218,-0.0267693056804069));
#3344=CARTESIAN_POINT('',(-0.399276397629889,-0.248017813879652,-0.0262070969419571));
#3345=CARTESIAN_POINT('',(-0.399276397629889,-0.247738982294376,-0.0268983338786208));
#3346=CARTESIAN_POINT('',(-0.399276397629889,-0.247460150709101,-0.0275895708152845));
#3347=CARTESIAN_POINT('',(-0.399276397629889,-0.247181319123825,-0.0282808077519482));
#3348=CARTESIAN_POINT('',(-0.204975,-0.247181319123825,-0.0282808077519482));
#3349=CARTESIAN_POINT('',(-0.402763132920933,-0.128389674846853,-0.032314250613034));
#3350=CARTESIAN_POINT('',(-0.403715608533379,-0.240732981746282,-0.0232815236558321));
#3351=CARTESIAN_POINT('',(-0.403715218715299,-0.240732986083029,-0.023281523307145));
#3352=CARTESIAN_POINT('',(-0.402763132920933,-0.128389674846853,-0.032314250613034));
#3353=CARTESIAN_POINT('',(-0.401810289221559,-0.0160463701183012,-0.041346977646498));
#3354=CARTESIAN_POINT('',(-0.401810657308488,-0.0160463679474242,-0.041346977570236));
#3355=CARTESIAN_POINT('',(-0.397349757309014,-0.0160724326558301,-0.041344881892258));
#3356=CARTESIAN_POINT('',(-0.397349757309014,-0.0160724326558301,-0.041344881892258));
#3357=CARTESIAN_POINT('',(-0.397338208491141,-0.011626187563497,-0.0417023728635696));
#3358=CARTESIAN_POINT('',(-0.397338207538123,-0.0116258206555301,-0.0417024023640319));
#3359=CARTESIAN_POINT('',(-0.204975,-0.0116258206555301,-0.0417024023640319));
#3360=CARTESIAN_POINT('',(-0.204975,-0.0116258206555301,-0.0417024023640319));
#3361=CARTESIAN_POINT('',(-0.0126117915156463,-0.011626187583555,-0.0417023731127637));
#3362=CARTESIAN_POINT('',(-0.0126117924618638,-0.0116258258930916,-0.0417024019429168));
#3363=CARTESIAN_POINT('',(-0.0126002426909906,-0.0160724326558478,-0.0413448818922565));
#3364=CARTESIAN_POINT('',(-0.0126002426909906,-0.0160724326558478,-0.0413448818922565));
#3365=CARTESIAN_POINT('',(-0.00813971077843816,-0.0160463700981287,-0.0413469773973132));
#3366=CARTESIAN_POINT('',(-0.00813934269150894,-0.016046367947424,-0.0413469775702361));
#3367=CARTESIAN_POINT('',(-0.00718686707906354,-0.128389674846853,-0.032314250613034));
#3368=CARTESIAN_POINT('',(-0.00718686707906354,-0.128389674846853,-0.032314250613034));
#3369=CARTESIAN_POINT('',(-0.00623478128477739,-0.240732986095977,-0.0232815235569108));
#3370=CARTESIAN_POINT('',(-0.00623439675071701,-0.240732981790841,-0.0232815236522494));
#3371=CARTESIAN_POINT('',(-0.0106947542241892,-0.240782603521094,-0.023277533921549));
#3372=CARTESIAN_POINT('',(-0.0106947542241892,-0.240782603521094,-0.0232775339215489));
#3373=CARTESIAN_POINT('',(-0.0107068401806255,-0.245228490513182,-0.0229200717425332));
#3374=CARTESIAN_POINT('',(-0.0107068412369826,-0.24522887910008,-0.0229200404990222));
#3375=CARTESIAN_POINT('',(-0.204975,-0.24522887910008,-0.0229200404990222));
#3376=CARTESIAN_POINT('',(-0.204975,-0.24522887910008,-0.0229200404990222));
#3377=CARTESIAN_POINT('',(-0.399243159812259,-0.245228490533177,-0.0229200719917324));
#3378=CARTESIAN_POINT('',(-0.39924315876306,-0.245228873832791,-0.0229200409225276));
#3379=CARTESIAN_POINT('',(-0.0106947843969017,-0.240782573698503,-0.0232775363193716));
#3380=CARTESIAN_POINT('',(-0.0106947843969017,-0.240782573698503,-0.0232775363193717));
#3381=CARTESIAN_POINT('',(-0.01260027052908,-0.0160724606398818,-0.0413448796422592));
#3382=CARTESIAN_POINT('',(-0.01260027052908,-0.0160724606398818,-0.0413448796422592));
#3383=CARTESIAN_POINT('',(-0.397349729470884,-0.0160724606399289,-0.0413448796422554));
#3384=CARTESIAN_POINT('',(-0.397349729470884,-0.0160724606399289,-0.0413448796422554));
#3385=CARTESIAN_POINT('',(-0.399255215603067,-0.240782573698477,-0.0232775363193737));
#3386=CARTESIAN_POINT('',(-0.399255215603067,-0.240782573698477,-0.0232775363193737));
#3387=CARTESIAN_POINT('',(-0.399255245775808,-0.24078260352105,-0.0232775339215525));
#3388=CARTESIAN_POINT('',(-0.399255245775808,-0.24078260352105,-0.0232775339215525));
#3389=CARTESIAN_POINT('',(-0.204975,-0.128427349877805,-0.0323112214315271));
#3390=CARTESIAN_POINT('',(-0.242,-0.241740137637013,-0.0232005454078581));
#3391=CARTESIAN_POINT('',(-0.266,-0.241740137637013,-0.0232005454078581));
#3392=CARTESIAN_POINT('',(-0.37522312975649,-0.241740137637013,-0.0232005454078581));
#3393=CARTESIAN_POINT('',(-0.399970492887727,-0.211836639382158,-0.0256048731978801));
#3394=CARTESIAN_POINT('',(-0.399263257897788,-0.128419157100784,-0.0323118801545066));
#3395=CARTESIAN_POINT('',(-0.398556161828816,-0.0450180603734517,-0.039017569665174));
#3396=CARTESIAN_POINT('',(-0.373301739512646,-0.0151145621185965,-0.041421897455196));
#3397=CARTESIAN_POINT('',(-0.266,-0.0151145621185966,-0.041421897455196));
#3398=CARTESIAN_POINT('',(-0.242,-0.0151145621185966,-0.041421897455196));
#3399=CARTESIAN_POINT('',(-0.138367133244881,-0.0151145621185966,-0.041421897455196));
#3400=CARTESIAN_POINT('',(-0.0347342664897624,-0.0151145621185966,-0.041421897455196));
#3401=CARTESIAN_POINT('',(-0.0113939770921457,-0.0450016748194103,-0.039018887111133));
#3402=CARTESIAN_POINT('',(-0.0106867421022079,-0.128419157100784,-0.0323118801545066));
#3403=CARTESIAN_POINT('',(-0.00997950711226997,-0.211836639382158,-0.0256048731978801));
#3404=CARTESIAN_POINT('',(-0.0347342664897624,-0.241740137637013,-0.0232005454078581));
#3405=CARTESIAN_POINT('',(-0.138367133244881,-0.241740137637013,-0.0232005454078581));
#3406=CARTESIAN_POINT('',(-0.266,-0.0153150830562844,-0.0439158492096509));
#3407=CARTESIAN_POINT('',(-0.266,-0.0150183890069957,-0.0402257575250018));
#3408=CARTESIAN_POINT('',(-0.266,-0.0117788433627197,-0.0404862263689209));
#3409=CARTESIAN_POINT('',(-0.204974999999997,-0.1258392185783,-0.0313154421505014));
#3410=CARTESIAN_POINT('',(-0.266,-0.0150183890069957,-0.0402257575250018));
#3411=CARTESIAN_POINT('',(-0.266,-0.0137724099130434,-0.040325937849586));
#3412=CARTESIAN_POINT('',(-0.266,-0.0169979522207804,-0.0648463044214992));
#3413=CARTESIAN_POINT('',(-0.266,-0.0154631896481497,-0.04575790470215));
#3414=CARTESIAN_POINT('',(-0.266,-0.0142172105541975,-0.0458580850267342));
#3415=CARTESIAN_POINT('',(-0.266,-0.0155553555467672,-0.0469042054685861));
#3416=CARTESIAN_POINT('',(-0.0347342664897624,-0.0153150830562844,-0.0439158492096509));
#3417=CARTESIAN_POINT('',(-0.0347342664897624,-0.0150183890069957,-0.0402257575250018));
#3418=CARTESIAN_POINT('',(-0.0347342664897624,-0.0117788433627197,-0.0404862263689209));
#3419=CARTESIAN_POINT('',(0.0262907335102411,-0.1258392185783,-0.0313154421505014));
#3420=CARTESIAN_POINT('',(-0.0347342664897624,-0.0150183890069957,-0.0402257575250018));
#3421=CARTESIAN_POINT('',(-0.0347342664897624,-0.0137724099130434,-0.040325937849586));
#3422=CARTESIAN_POINT('',(-0.0347342664897624,-0.0169979522207805,-0.0648463044214992));
#3423=CARTESIAN_POINT('',(-0.0347342664897624,-0.0154631896481497,-0.04575790470215));
#3424=CARTESIAN_POINT('',(-0.0347342664897624,-0.0142172105541975,-0.0458580850267342));
#3425=CARTESIAN_POINT('',(-0.0347342664897624,-0.0155553555467672,-0.0469042054685861));
#3426=CARTESIAN_POINT('',(-0.0113939770921457,-0.0452021957570981,-0.0415128388655879));
#3427=CARTESIAN_POINT('',(-0.0113939770921457,-0.0449055017078094,-0.0378227471809387));
#3428=CARTESIAN_POINT('',(-0.0113939770921457,-0.0416659560635334,-0.0380832160248578));
#3429=CARTESIAN_POINT('',(0.0496310229078578,-0.155726331279114,-0.0289124318064383));
#3430=CARTESIAN_POINT('',(-0.0113939770921457,-0.0449055017078094,-0.0378227471809387));
#3431=CARTESIAN_POINT('',(-0.0113939770921457,-0.0436595226138571,-0.037922927505523));
#3432=CARTESIAN_POINT('',(-0.0113939770921457,-0.0468850649215942,-0.0624432940774362));
#3433=CARTESIAN_POINT('',(-0.0113939770921457,-0.0453503023489635,-0.043354894358087));
#3434=CARTESIAN_POINT('',(-0.0113939770921457,-0.0441043232550112,-0.0434550746826713));
#3435=CARTESIAN_POINT('',(-0.0113939770921457,-0.045442468247581,-0.0445011951245231));
#3436=CARTESIAN_POINT('',(-0.0106867421022079,-0.128619678038472,-0.0348058319089615));
#3437=CARTESIAN_POINT('',(-0.0106867421022079,-0.128322983989183,-0.0311157402243123));
#3438=CARTESIAN_POINT('',(-0.0106867421022079,-0.125083438344907,-0.0313762090682314));
#3439=CARTESIAN_POINT('',(0.0503382578977957,-0.239143813560488,-0.0222054248498119));
#3440=CARTESIAN_POINT('',(-0.0106867421022079,-0.128322983989183,-0.0311157402243123));
#3441=CARTESIAN_POINT('',(-0.0106867421022079,-0.127077004895231,-0.0312159205488966));
#3442=CARTESIAN_POINT('',(-0.0106867421022079,-0.130302547202968,-0.0557362871208098));
#3443=CARTESIAN_POINT('',(-0.0106867421022079,-0.128767784630338,-0.0366478874014605));
#3444=CARTESIAN_POINT('',(-0.0106867421022079,-0.127521805536385,-0.0367480677260448));
#3445=CARTESIAN_POINT('',(-0.0106867421022079,-0.128859950528955,-0.0377941881678967));
#3446=CARTESIAN_POINT('',(-0.00997950711226997,-0.212037160319847,-0.028098824952335));
#3447=CARTESIAN_POINT('',(-0.00997950711226997,-0.211740466270558,-0.024408733267686));
#3448=CARTESIAN_POINT('',(-0.00997950711226997,-0.208500920626282,-0.024669202111605));
#3449=CARTESIAN_POINT('',(0.0510454928877336,-0.322561295841862,-0.0154984178931855));
#3450=CARTESIAN_POINT('',(-0.00997950711226997,-0.211740466270558,-0.024408733267686));
#3451=CARTESIAN_POINT('',(-0.00997950711226997,-0.210494487176605,-0.0245089135922702));
#3452=CARTESIAN_POINT('',(-0.00997950711226997,-0.213720029484343,-0.0490292801641834));
#3453=CARTESIAN_POINT('',(-0.00997950711226997,-0.212185266911711,-0.0299408804448342));
#3454=CARTESIAN_POINT('',(-0.00997950711226997,-0.210939287817759,-0.0300410607694184));
#3455=CARTESIAN_POINT('',(-0.00997950711226997,-0.212277432810329,-0.0310871812112702));
#3456=CARTESIAN_POINT('',(-0.0347342664897624,-0.241940658574702,-0.025694497162313));
#3457=CARTESIAN_POINT('',(-0.0347342664897624,-0.241643964525413,-0.0220044054776639));
#3458=CARTESIAN_POINT('',(-0.0347342664897624,-0.238404418881137,-0.022264874321583));
#3459=CARTESIAN_POINT('',(0.0262907335102411,-0.352464794096717,-0.0130940901031634));
#3460=CARTESIAN_POINT('',(-0.0347342664897624,-0.241643964525413,-0.0220044054776639));
#3461=CARTESIAN_POINT('',(-0.0347342664897624,-0.240397985431461,-0.0221045858022481));
#3462=CARTESIAN_POINT('',(-0.0347342664897624,-0.243623527739198,-0.0466249523741613));
#3463=CARTESIAN_POINT('',(-0.0347342664897624,-0.242088765166567,-0.0275365526548121));
#3464=CARTESIAN_POINT('',(-0.0347342664897624,-0.240842786072615,-0.0276367329793964));
#3465=CARTESIAN_POINT('',(-0.0347342664897624,-0.242180931065184,-0.0286828534212482));
#3466=CARTESIAN_POINT('',(-0.138367133244881,-0.241940658574702,-0.025694497162313));
#3467=CARTESIAN_POINT('',(-0.138367133244881,-0.241643964525413,-0.0220044054776639));
#3468=CARTESIAN_POINT('',(-0.138367133244881,-0.238404418881137,-0.022264874321583));
#3469=CARTESIAN_POINT('',(-0.0773421332448777,-0.352464794096717,-0.0130940901031634));
#3470=CARTESIAN_POINT('',(-0.138367133244881,-0.241643964525413,-0.0220044054776639));
#3471=CARTESIAN_POINT('',(-0.138367133244881,-0.240397985431461,-0.0221045858022481));
#3472=CARTESIAN_POINT('',(-0.138367133244881,-0.243623527739198,-0.0466249523741613));
#3473=CARTESIAN_POINT('',(-0.138367133244881,-0.242088765166567,-0.0275365526548121));
#3474=CARTESIAN_POINT('',(-0.138367133244881,-0.240842786072615,-0.0276367329793964));
#3475=CARTESIAN_POINT('',(-0.138367133244881,-0.242180931065184,-0.0286828534212482));
#3476=CARTESIAN_POINT('',(-0.242,-0.0153150830562844,-0.0439158492096509));
#3477=CARTESIAN_POINT('',(-0.242,-0.0150183890069957,-0.0402257575250018));
#3478=CARTESIAN_POINT('',(-0.242,-0.0117788433627197,-0.0404862263689209));
#3479=CARTESIAN_POINT('',(-0.180974999999996,-0.1258392185783,-0.0313154421505014));
#3480=CARTESIAN_POINT('',(-0.242,-0.0150183890069957,-0.0402257575250018));
#3481=CARTESIAN_POINT('',(-0.242,-0.0137724099130434,-0.040325937849586));
#3482=CARTESIAN_POINT('',(-0.242,-0.0169979522207805,-0.0648463044214992));
#3483=CARTESIAN_POINT('',(-0.242,-0.0154631896481497,-0.04575790470215));
#3484=CARTESIAN_POINT('',(-0.242,-0.0142172105541975,-0.0458580850267342));
#3485=CARTESIAN_POINT('',(-0.242,-0.0155553555467672,-0.0469042054685861));
#3486=CARTESIAN_POINT('',(-0.138367133244881,-0.0153150830562844,-0.0439158492096509));
#3487=CARTESIAN_POINT('',(-0.138367133244881,-0.0150183890069957,-0.0402257575250018));
#3488=CARTESIAN_POINT('',(-0.138367133244881,-0.0117788433627197,-0.0404862263689209));
#3489=CARTESIAN_POINT('',(-0.0773421332448776,-0.1258392185783,-0.0313154421505014));
#3490=CARTESIAN_POINT('',(-0.138367133244881,-0.0150183890069957,-0.0402257575250018));
#3491=CARTESIAN_POINT('',(-0.138367133244881,-0.0137724099130434,-0.040325937849586));
#3492=CARTESIAN_POINT('',(-0.138367133244881,-0.0169979522207805,-0.0648463044214992));
#3493=CARTESIAN_POINT('',(-0.138367133244881,-0.0154631896481497,-0.04575790470215));
#3494=CARTESIAN_POINT('',(-0.138367133244881,-0.0142172105541975,-0.0458580850267342));
#3495=CARTESIAN_POINT('',(-0.138367133244881,-0.0155553555467672,-0.0469042054685861));
#3496=CARTESIAN_POINT('',(-0.373301739512646,-0.0153150830562844,-0.0439158492096509));
#3497=CARTESIAN_POINT('',(-0.373301739512646,-0.0150183890069957,-0.0402257575250018));
#3498=CARTESIAN_POINT('',(-0.373301739512646,-0.0117788433627197,-0.0404862263689209));
#3499=CARTESIAN_POINT('',(-0.312276739512643,-0.1258392185783,-0.0313154421505014));
#3500=CARTESIAN_POINT('',(-0.373301739512646,-0.0150183890069957,-0.0402257575250018));
#3501=CARTESIAN_POINT('',(-0.373301739512646,-0.0137724099130434,-0.040325937849586));
#3502=CARTESIAN_POINT('',(-0.373301739512646,-0.0169979522207804,-0.0648463044214992));
#3503=CARTESIAN_POINT('',(-0.373301739512646,-0.0154631896481497,-0.04575790470215));
#3504=CARTESIAN_POINT('',(-0.373301739512646,-0.0142172105541974,-0.0458580850267342));
#3505=CARTESIAN_POINT('',(-0.373301739512646,-0.0155553555467672,-0.0469042054685861));
#3506=CARTESIAN_POINT('',(-0.398556161828816,-0.0452185813111396,-0.0415115214196288));
#3507=CARTESIAN_POINT('',(-0.398556161828816,-0.0449218872618509,-0.0378214297349797));
#3508=CARTESIAN_POINT('',(-0.398556161828816,-0.0416823416175749,-0.0380818985788988));
#3509=CARTESIAN_POINT('',(-0.337531161828813,-0.155742716833155,-0.0289111143604793));
#3510=CARTESIAN_POINT('',(-0.398556161828816,-0.0449218872618509,-0.0378214297349797));
#3511=CARTESIAN_POINT('',(-0.398556161828816,-0.0436759081678986,-0.037921610059564));
#3512=CARTESIAN_POINT('',(-0.398556161828816,-0.0469014504756357,-0.0624419766314772));
#3513=CARTESIAN_POINT('',(-0.398556161828816,-0.0453666879030049,-0.043353576912128));
#3514=CARTESIAN_POINT('',(-0.398556161828816,-0.0441207088090526,-0.0434537572367122));
#3515=CARTESIAN_POINT('',(-0.398556161828816,-0.0454588538016224,-0.0444998776785641));
#3516=CARTESIAN_POINT('',(-0.399263257897788,-0.128619678038472,-0.0348058319089615));
#3517=CARTESIAN_POINT('',(-0.399263257897788,-0.128322983989183,-0.0311157402243123));
#3518=CARTESIAN_POINT('',(-0.399263257897788,-0.125083438344907,-0.0313762090682314));
#3519=CARTESIAN_POINT('',(-0.338238257897785,-0.239143813560488,-0.0222054248498119));
#3520=CARTESIAN_POINT('',(-0.399263257897788,-0.128322983989183,-0.0311157402243123));
#3521=CARTESIAN_POINT('',(-0.399263257897788,-0.127077004895231,-0.0312159205488966));
#3522=CARTESIAN_POINT('',(-0.399263257897788,-0.130302547202968,-0.0557362871208098));
#3523=CARTESIAN_POINT('',(-0.399263257897788,-0.128767784630338,-0.0366478874014605));
#3524=CARTESIAN_POINT('',(-0.399263257897788,-0.127521805536385,-0.0367480677260448));
#3525=CARTESIAN_POINT('',(-0.399263257897788,-0.128859950528955,-0.0377941881678967));
#3526=CARTESIAN_POINT('',(-0.399970492887727,-0.212037160319847,-0.028098824952335));
#3527=CARTESIAN_POINT('',(-0.399970492887727,-0.211740466270558,-0.024408733267686));
#3528=CARTESIAN_POINT('',(-0.399970492887727,-0.208500920626282,-0.024669202111605));
#3529=CARTESIAN_POINT('',(-0.338945492887723,-0.322561295841862,-0.0154984178931855));
#3530=CARTESIAN_POINT('',(-0.399970492887727,-0.211740466270558,-0.024408733267686));
#3531=CARTESIAN_POINT('',(-0.399970492887727,-0.210494487176605,-0.0245089135922702));
#3532=CARTESIAN_POINT('',(-0.399970492887727,-0.213720029484343,-0.0490292801641834));
#3533=CARTESIAN_POINT('',(-0.399970492887727,-0.212185266911711,-0.0299408804448342));
#3534=CARTESIAN_POINT('',(-0.399970492887727,-0.210939287817759,-0.0300410607694184));
#3535=CARTESIAN_POINT('',(-0.399970492887727,-0.212277432810329,-0.0310871812112702));
#3536=CARTESIAN_POINT('',(-0.37522312975649,-0.241940658574702,-0.025694497162313));
#3537=CARTESIAN_POINT('',(-0.37522312975649,-0.241643964525413,-0.0220044054776639));
#3538=CARTESIAN_POINT('',(-0.37522312975649,-0.238404418881137,-0.022264874321583));
#3539=CARTESIAN_POINT('',(-0.314198129756486,-0.352464794096717,-0.0130940901031634));
#3540=CARTESIAN_POINT('',(-0.37522312975649,-0.241643964525413,-0.0220044054776639));
#3541=CARTESIAN_POINT('',(-0.37522312975649,-0.240397985431461,-0.0221045858022481));
#3542=CARTESIAN_POINT('',(-0.37522312975649,-0.243623527739198,-0.0466249523741613));
#3543=CARTESIAN_POINT('',(-0.37522312975649,-0.242088765166567,-0.0275365526548121));
#3544=CARTESIAN_POINT('',(-0.37522312975649,-0.240842786072615,-0.0276367329793964));
#3545=CARTESIAN_POINT('',(-0.37522312975649,-0.242180931065184,-0.0286828534212482));
#3546=CARTESIAN_POINT('',(-0.266,-0.241940658574702,-0.025694497162313));
#3547=CARTESIAN_POINT('',(-0.266,-0.241643964525413,-0.0220044054776639));
#3548=CARTESIAN_POINT('',(-0.266,-0.238404418881137,-0.022264874321583));
#3549=CARTESIAN_POINT('',(-0.204974999999997,-0.352464794096717,-0.0130940901031634));
#3550=CARTESIAN_POINT('',(-0.266,-0.241643964525413,-0.0220044054776639));
#3551=CARTESIAN_POINT('',(-0.266,-0.240397985431461,-0.0221045858022481));
#3552=CARTESIAN_POINT('',(-0.266,-0.243623527739198,-0.0466249523741613));
#3553=CARTESIAN_POINT('',(-0.266,-0.242088765166567,-0.0275365526548121));
#3554=CARTESIAN_POINT('',(-0.266,-0.240842786072615,-0.0276367329793964));
#3555=CARTESIAN_POINT('',(-0.266,-0.242180931065184,-0.0286828534212482));
#3556=CARTESIAN_POINT('',(-0.242,-0.241940658574702,-0.025694497162313));
#3557=CARTESIAN_POINT('',(-0.242,-0.241643964525413,-0.0220044054776639));
#3558=CARTESIAN_POINT('',(-0.242,-0.238404418881137,-0.022264874321583));
#3559=CARTESIAN_POINT('',(-0.180974999999996,-0.352464794096717,-0.0130940901031634));
#3560=CARTESIAN_POINT('',(-0.242,-0.241643964525413,-0.0220044054776639));
#3561=CARTESIAN_POINT('',(-0.242,-0.240397985431461,-0.0221045858022481));
#3562=CARTESIAN_POINT('',(-0.242,-0.243623527739198,-0.0466249523741613));
#3563=CARTESIAN_POINT('',(-0.242,-0.242088765166567,-0.0275365526548121));
#3564=CARTESIAN_POINT('',(-0.242,-0.240842786072615,-0.0276367329793964));
#3565=CARTESIAN_POINT('',(-0.242,-0.242180931065184,-0.0286828534212482));
#3566=CARTESIAN_POINT('',(-0.0298790463471146,-0.222181592985112,-0.0292876309684715));
#3567=CARTESIAN_POINT('',(-0.0298790463471146,-0.222181592985112,-0.0292876309684715));
#3568=CARTESIAN_POINT('',(-0.0298790463471146,-0.215204110058979,-0.0298486407861433));
#3569=CARTESIAN_POINT('',(-0.204974906718541,-0.128788066498768,-0.0367967407463823));
#3570=CARTESIAN_POINT('',(-0.378487323563285,-0.0353944051075051,-0.0443058613710392));
#3571=CARTESIAN_POINT('',(-0.378487323563285,-0.0353944051075051,-0.0443058613710392));
#3572=CARTESIAN_POINT('',(-0.378487323563285,-0.0284169221813722,-0.044866871188711));
#3573=CARTESIAN_POINT('',(-0.204974906718541,-0.128788066498768,-0.0367967407463823));
#3574=CARTESIAN_POINT('',(-0.380070953652882,-0.222181592985112,-0.0292876309684715));
#3575=CARTESIAN_POINT('',(-0.380070953652882,-0.222181592985112,-0.0292876309684715));
#3576=CARTESIAN_POINT('',(-0.380070953652882,-0.215204110058979,-0.0298486407861433));
#3577=CARTESIAN_POINT('',(-0.204974906718541,-0.128788066498768,-0.0367967407463823));
#3578=CARTESIAN_POINT('',(-0.0314626764367108,-0.0353944051075051,-0.0443058613710392));
#3579=CARTESIAN_POINT('',(-0.0314626764367108,-0.0353944051075051,-0.0443058613710392));
#3580=CARTESIAN_POINT('',(-0.0314626764367108,-0.0284169221813722,-0.044866871188711));
#3581=CARTESIAN_POINT('',(-0.204974906718541,-0.128788066498768,-0.0367967407463823));
#3582=MECHANICAL_DESIGN_GEOMETRIC_PRESENTATION_REPRESENTATION('',(#2021),
#3583);
#3583=(
GEOMETRIC_REPRESENTATION_CONTEXT(3)
GLOBAL_UNCERTAINTY_ASSIGNED_CONTEXT((#3584))
GLOBAL_UNIT_ASSIGNED_CONTEXT((#3587,#3586,#3585))
REPRESENTATION_CONTEXT('Bottom-Right','TOP_LEVEL_ASSEMBLY_PART')
);
#3584=UNCERTAINTY_MEASURE_WITH_UNIT(LENGTH_MEASURE(2.E-5),#3587,
'DISTANCE_ACCURACY_VALUE','Maximum Tolerance applied to model');
#3585=(
NAMED_UNIT(*)
SI_UNIT($,.STERADIAN.)
SOLID_ANGLE_UNIT()
);
#3586=(
NAMED_UNIT(*)
PLANE_ANGLE_UNIT()
SI_UNIT($,.RADIAN.)
);
#3587=(
LENGTH_UNIT()
NAMED_UNIT(*)
SI_UNIT($,.METRE.)
);
#3588=PRODUCT_DEFINITION_SHAPE('','',#3589);
#3589=PRODUCT_DEFINITION('','',#3591,#3590);
#3590=PRODUCT_DEFINITION_CONTEXT('',#3597,'design');
#3591=PRODUCT_DEFINITION_FORMATION_WITH_SPECIFIED_SOURCE('','',#3593,
 .NOT_KNOWN.);
#3592=PRODUCT_RELATED_PRODUCT_CATEGORY('','',(#3593));
#3593=PRODUCT('Bottom-Right','Bottom-Right','Bottom-Right',(#3595));
#3594=PRODUCT_CATEGORY('','');
#3595=PRODUCT_CONTEXT('',#3597,'mechanical');
#3596=APPLICATION_PROTOCOL_DEFINITION('international standard',
'ap242_managed_model_based_3d_engineering',2020,#3597);
#3597=APPLICATION_CONTEXT('managed model based 3d engineering');
ENDSEC;
END-ISO-10303-21;
