ISO-10303-21;
HEADER;
/* Generated by software containing ST-Developer
 * from STEP Tools, Inc. (www.steptools.com) 
 */
/* OPTION: using custom renumber hook */

FILE_DESCRIPTION(
/* description */ ('STEP AP242 Edition 2',
'CAx-IF Rec.Pracs.---Representation and Presentation of Product Manufa
cturing Information (PMI)---4.0---2014-10-13',
'CAx-IF Rec.Pracs.---3D Tessellated Geometry---0.4---2014-09-14','2;1',
'CAx-IF Rec.Pracs.---User Defined Attributes---1.5---2016-08-15'),
/* implementation_level */ '2;1');

FILE_NAME(
/* name */ 'Casing - Top-Right',
/* time_stamp */ '2026-09-30T14:44:58Z',
/* author */ (''),
/* organization */ (''),
/* preprocessor_version */ 'ST-DEVELOPER v20',
/* originating_system */ 'ONSHAPE BY PTC INC, 1.221',
/* authorisation */ '  ');

FILE_SCHEMA (('AP242_MANAGED_MODEL_BASED_3D_ENGINEERING_MIM_LF { 1 0 10303 442 3 1 4 }'));
ENDSEC;

DATA;
#10=SHAPE_REPRESENTATION_RELATIONSHIP('','',#5998,#11);
#11=ADVANCED_BREP_SHAPE_REPRESENTATION('',(#5996),#10180);
#12=B_SPLINE_CURVE_WITH_KNOTS('',3,(#9317,#9318,#9319,#9320),
 .UNSPECIFIED.,.F.,.F.,(4,4),(0.,0.00171926440721327),.UNSPECIFIED.);
#13=B_SPLINE_CURVE_WITH_KNOTS('',3,(#9325,#9326,#9327,#9328),
 .UNSPECIFIED.,.F.,.F.,(4,4),(0.,0.00153329358383415),.UNSPECIFIED.);
#14=B_SPLINE_CURVE_WITH_KNOTS('',3,(#9330,#9331,#9332,#9333),
 .UNSPECIFIED.,.F.,.F.,(4,4),(0.,0.00312010379802431),.UNSPECIFIED.);
#15=B_SPLINE_CURVE_WITH_KNOTS('',3,(#9337,#9338,#9339,#9340,#9341),
 .UNSPECIFIED.,.F.,.F.,(4,1,4),(0.,0.00164084583551576,0.00328169167103152),
 .UNSPECIFIED.);
#16=B_SPLINE_CURVE_WITH_KNOTS('',3,(#9343,#9344,#9345,#9346,#9347,#9348),
 .UNSPECIFIED.,.F.,.F.,(4,1,1,4),(0.,0.00259815565755387,0.00389723348633081,
0.00519631131510775),.UNSPECIFIED.);
#17=B_SPLINE_CURVE_WITH_KNOTS('',3,(#9353,#9354,#9355,#9356,#9357,#9358,
#9359,#9360,#9361,#9362,#9363,#9364,#9365),.UNSPECIFIED.,.F.,.F.,(4,1,1,
1,1,1,1,1,1,1,4),(4.58682668989223E-16,0.000828024208024225,0.00124203631203611,
0.00165604841604799,0.00207006052005987,0.00248407262407176,0.00289808472808364,
0.00331209683209552,0.00414012104011929,0.00496814524814305,0.00662419366419059),
 .UNSPECIFIED.);
#18=B_SPLINE_CURVE_WITH_KNOTS('',3,(#9367,#9368,#9369,#9370),
 .UNSPECIFIED.,.F.,.F.,(4,4),(0.,0.00175906330819361),.UNSPECIFIED.);
#19=B_SPLINE_CURVE_WITH_KNOTS('',3,(#9374,#9375,#9376,#9377),
 .UNSPECIFIED.,.F.,.F.,(4,4),(0.,0.000723499790321236),.UNSPECIFIED.);
#20=B_SPLINE_CURVE_WITH_KNOTS('',3,(#9379,#9380,#9381,#9382,#9383),
 .UNSPECIFIED.,.F.,.F.,(4,1,4),(0.,0.00327764967126252,0.00655529934252504),
 .UNSPECIFIED.);
#21=B_SPLINE_CURVE_WITH_KNOTS('',3,(#9388,#9389,#9390,#9391,#9392,#9393,
#9394,#9395,#9396,#9397,#9398,#9399,#9400),.UNSPECIFIED.,.F.,.F.,(4,1,1,
1,1,1,1,1,1,1,4),(0.,0.00111067990504813,0.00222135981009626,0.00333203971514439,
0.00388737966766845,0.00444271962019252,0.00499805957271658,0.00555339952524065,
0.00666407943028878,0.00777475933533691,0.00888543924038503),
 .UNSPECIFIED.);
#22=B_SPLINE_CURVE_WITH_KNOTS('',3,(#9404,#9405,#9406,#9407,#9408,#9409,
#9410),.UNSPECIFIED.,.F.,.F.,(4,1,1,1,4),(0.,0.00185858341550026,0.00371716683100053,
0.00557575024650079,0.00743433366200105),.UNSPECIFIED.);
#23=B_SPLINE_CURVE_WITH_KNOTS('',3,(#9415,#9416,#9417,#9418,#9419,#9420,
#9421),.UNSPECIFIED.,.F.,.F.,(4,1,1,1,4),(0.,0.00185858341550026,0.00371716683100051,
0.00557575024650077,0.00743433366200103),.UNSPECIFIED.);
#24=B_SPLINE_CURVE_WITH_KNOTS('',3,(#9426,#9427,#9428,#9429),
 .UNSPECIFIED.,.F.,.F.,(4,4),(0.,0.00132423587029217),.UNSPECIFIED.);
#25=B_SPLINE_CURVE_WITH_KNOTS('',3,(#9433,#9434,#9435,#9436,#9437,#9438,
#9439),.UNSPECIFIED.,.F.,.F.,(4,1,1,1,4),(0.,0.00185858341550027,0.00371716683100053,
0.0055757502465008,0.00743433366200106),.UNSPECIFIED.);
#26=B_SPLINE_CURVE_WITH_KNOTS('',3,(#9444,#9445,#9446,#9447,#9448,#9449,
#9450,#9451,#9452),.UNSPECIFIED.,.F.,.F.,(4,1,1,1,1,1,4),(0.,0.00195919770769474,
0.00293879656154211,0.00391839541538948,0.00489799426923685,0.00587759312308422,
0.00783679083077896),.UNSPECIFIED.);
#27=B_SPLINE_CURVE_WITH_KNOTS('',3,(#9456,#9457,#9458,#9459,#9460),
 .UNSPECIFIED.,.F.,.F.,(4,1,4),(0.,0.0032776496712625,0.006555299342525),
 .UNSPECIFIED.);
#28=B_SPLINE_CURVE_WITH_KNOTS('',3,(#9462,#9463,#9464,#9465,#9466,#9467,
#9468,#9469,#9470,#9471,#9472,#9473,#9474),.UNSPECIFIED.,.F.,.F.,(4,1,1,
1,1,1,1,1,1,1,4),(0.,0.00111067990504811,0.00222135981009621,0.00333203971514432,
0.00388737966766837,0.00444271962019243,0.00499805957271648,0.00555339952524054,
0.00666407943028864,0.00777475933533675,0.00888543924038486),
 .UNSPECIFIED.);
#29=B_SPLINE_CURVE_WITH_KNOTS('',3,(#9478,#9479,#9480,#9481),
 .UNSPECIFIED.,.F.,.F.,(4,4),(0.,0.00103916470564676),.UNSPECIFIED.);
#30=B_SPLINE_CURVE_WITH_KNOTS('',3,(#9486,#9487,#9488,#9489),
 .UNSPECIFIED.,.F.,.F.,(4,4),(0.,0.00240648946842125),.UNSPECIFIED.);
#31=B_SPLINE_CURVE_WITH_KNOTS('',3,(#9491,#9492,#9493,#9494,#9495,#9496,
#9497,#9498,#9499,#9500),.UNSPECIFIED.,.F.,.F.,(4,1,1,1,1,1,1,4),(0.,0.00132546219009591,
0.00198819328514386,0.00265092438019181,0.00331365547523977,0.00397638657028772,
0.00463911766533568,0.00530184876038363),.UNSPECIFIED.);
#32=B_SPLINE_CURVE_WITH_KNOTS('',3,(#9501,#9502,#9503,#9504,#9505),
 .UNSPECIFIED.,.F.,.F.,(4,1,4),(0.,0.00200271224968237,0.00400542449936473),
 .UNSPECIFIED.);
#33=B_SPLINE_CURVE_WITH_KNOTS('',3,(#9507,#9508,#9509,#9510),
 .UNSPECIFIED.,.F.,.F.,(4,4),(0.,0.00150824258295631),.UNSPECIFIED.);
#34=B_SPLINE_CURVE_WITH_KNOTS('',3,(#9515,#9516,#9517,#9518,#9519,#9520,
#9521,#9522,#9523),.UNSPECIFIED.,.F.,.F.,(4,1,1,1,1,1,4),(0.,0.00195919770769476,
0.00293879656154214,0.00391839541538952,0.0048979942692369,0.00587759312308428,
0.00783679083077905),.UNSPECIFIED.);
#35=B_SPLINE_CURVE_WITH_KNOTS('',3,(#9527,#9528,#9529,#9530,#9531,#9532),
 .UNSPECIFIED.,.F.,.F.,(4,1,1,4),(0.,0.00111938572110875,0.0022387714422175,
0.00447754288443501),.UNSPECIFIED.);
#36=B_SPLINE_CURVE_WITH_KNOTS('',3,(#9540,#9541,#9542,#9543),
 .UNSPECIFIED.,.F.,.F.,(4,4),(0.,0.000261842903210833),.UNSPECIFIED.);
#37=B_SPLINE_CURVE_WITH_KNOTS('',3,(#9548,#9549,#9550,#9551),
 .UNSPECIFIED.,.F.,.F.,(4,4),(0.,0.000131685929325334),.UNSPECIFIED.);
#38=B_SPLINE_CURVE_WITH_KNOTS('',3,(#9553,#9554,#9555,#9556),
 .UNSPECIFIED.,.F.,.F.,(4,4),(0.,0.000149852013083824),.UNSPECIFIED.);
#39=B_SPLINE_CURVE_WITH_KNOTS('',3,(#9560,#9561,#9562,#9563),
 .UNSPECIFIED.,.F.,.F.,(4,4),(0.,0.000287790306801504),.UNSPECIFIED.);
#40=ELLIPSE('',#6357,0.00402203468753067,0.004);
#41=ELLIPSE('',#6358,0.00402203468753067,0.004);
#42=ELLIPSE('',#6360,0.00597790853185801,0.004);
#43=ELLIPSE('',#6362,0.00597790853185801,0.004);
#44=ELLIPSE('',#6365,0.00402203468753067,0.004);
#45=ELLIPSE('',#6366,0.00402203468753067,0.004);
#46=ELLIPSE('',#6368,0.00597790853185801,0.004);
#47=ELLIPSE('',#6370,0.00597790853185801,0.004);
#48=ELLIPSE('',#6373,0.00402203468753067,0.004);
#49=ELLIPSE('',#6374,0.00402203468753067,0.004);
#50=ELLIPSE('',#6376,0.00597790853185801,0.004);
#51=ELLIPSE('',#6378,0.00597790853185801,0.004);
#52=ELLIPSE('',#6381,0.00402203311825406,0.004);
#53=ELLIPSE('',#6382,0.00402203311825406,0.004);
#54=ELLIPSE('',#6384,0.00597790619945842,0.004);
#55=ELLIPSE('',#6386,0.00597790619945842,0.004);
#56=ELLIPSE('',#6389,0.00402203311825406,0.004);
#57=ELLIPSE('',#6390,0.00402203311825406,0.004);
#58=ELLIPSE('',#6392,0.00597790619945842,0.004);
#59=ELLIPSE('',#6394,0.00597790619945842,0.004);
#60=ELLIPSE('',#6409,0.00402203311825406,0.004);
#61=ELLIPSE('',#6410,0.00402203311825406,0.004);
#62=ELLIPSE('',#6412,0.00597790619945842,0.004);
#63=ELLIPSE('',#6414,0.00597790619945842,0.004);
#64=ELLIPSE('',#6417,0.00402203311825406,0.004);
#65=ELLIPSE('',#6418,0.00402203311825406,0.004);
#66=ELLIPSE('',#6420,0.00597790619945845,0.004);
#67=ELLIPSE('',#6422,0.00597790619945845,0.004);
#68=ELLIPSE('',#6425,0.00402203311825406,0.004);
#69=ELLIPSE('',#6426,0.00402203311825406,0.004);
#70=ELLIPSE('',#6428,0.00597790619945845,0.004);
#71=ELLIPSE('',#6430,0.00597790619945845,0.004);
#72=ELLIPSE('',#6433,0.00402203311825406,0.004);
#73=ELLIPSE('',#6434,0.00402203311825406,0.004);
#74=ELLIPSE('',#6436,0.00597790619945845,0.004);
#75=ELLIPSE('',#6438,0.00597790619945845,0.004);
#76=ELLIPSE('',#6584,0.00505447489208047,0.005);
#77=ELLIPSE('',#6585,0.00511400304306926,0.005);
#78=ELLIPSE('',#6588,0.00502921236742713,0.005);
#79=ELLIPSE('',#6589,0.00505539835111466,0.005);
#80=ELLIPSE('',#6591,0.00804673978788341,0.008);
#81=ELLIPSE('',#6592,0.00808863736178346,0.008);
#82=ELLIPSE('',#6595,0.00808715982732874,0.008);
#83=ELLIPSE('',#6596,0.00818240486891082,0.008);
#84=TOROIDAL_SURFACE('',#6336,0.001,0.001);
#85=TOROIDAL_SURFACE('',#6342,0.001,0.001);
#86=TOROIDAL_SURFACE('',#6347,0.001,0.001);
#87=TOROIDAL_SURFACE('',#6352,0.001,0.001);
#88=TOROIDAL_SURFACE('',#6440,0.0055,0.002);
#89=TOROIDAL_SURFACE('',#6443,0.0055,0.002);
#90=TOROIDAL_SURFACE('',#6446,0.0055,0.002);
#91=TOROIDAL_SURFACE('',#6449,0.0055,0.002);
#92=TOROIDAL_SURFACE('',#6451,0.0055,0.002);
#93=TOROIDAL_SURFACE('',#6454,0.0055,0.002);
#94=TOROIDAL_SURFACE('',#6457,0.0055,0.002);
#95=TOROIDAL_SURFACE('',#6459,0.0055,0.002);
#96=TOROIDAL_SURFACE('',#6461,0.0055,0.002);
#97=TOROIDAL_SURFACE('',#6468,0.0055,0.002);
#98=TOROIDAL_SURFACE('',#6471,0.0055,0.002);
#99=TOROIDAL_SURFACE('',#6473,0.0055,0.002);
#100=TOROIDAL_SURFACE('',#6475,0.0055,0.002);
#101=TOROIDAL_SURFACE('',#6477,0.0055,0.002);
#102=TOROIDAL_SURFACE('',#6479,0.0055,0.002);
#103=TOROIDAL_SURFACE('',#6481,0.0055,0.002);
#104=TOROIDAL_SURFACE('',#6483,0.0055,0.002);
#105=TOROIDAL_SURFACE('',#6485,0.0055,0.002);
#106=LINE('',#8574,#615);
#107=LINE('',#8578,#616);
#108=LINE('',#8580,#617);
#109=LINE('',#8582,#618);
#110=LINE('',#8584,#619);
#111=LINE('',#8590,#620);
#112=LINE('',#8595,#621);
#113=LINE('',#8598,#622);
#114=LINE('',#8600,#623);
#115=LINE('',#8601,#624);
#116=LINE('',#8603,#625);
#117=LINE('',#8605,#626);
#118=LINE('',#8607,#627);
#119=LINE('',#8609,#628);
#120=LINE('',#8611,#629);
#121=LINE('',#8616,#630);
#122=LINE('',#8620,#631);
#123=LINE('',#8622,#632);
#124=LINE('',#8624,#633);
#125=LINE('',#8626,#634);
#126=LINE('',#8632,#635);
#127=LINE('',#8637,#636);
#128=LINE('',#8640,#637);
#129=LINE('',#8642,#638);
#130=LINE('',#8643,#639);
#131=LINE('',#8645,#640);
#132=LINE('',#8647,#641);
#133=LINE('',#8649,#642);
#134=LINE('',#8651,#643);
#135=LINE('',#8653,#644);
#136=LINE('',#8658,#645);
#137=LINE('',#8662,#646);
#138=LINE('',#8667,#647);
#139=LINE('',#8671,#648);
#140=LINE('',#8673,#649);
#141=LINE('',#8674,#650);
#142=LINE('',#8679,#651);
#143=LINE('',#8681,#652);
#144=LINE('',#8683,#653);
#145=LINE('',#8685,#654);
#146=LINE('',#8687,#655);
#147=LINE('',#8689,#656);
#148=LINE('',#8691,#657);
#149=LINE('',#8693,#658);
#150=LINE('',#8695,#659);
#151=LINE('',#8700,#660);
#152=LINE('',#8704,#661);
#153=LINE('',#8706,#662);
#154=LINE('',#8708,#663);
#155=LINE('',#8710,#664);
#156=LINE('',#8716,#665);
#157=LINE('',#8721,#666);
#158=LINE('',#8723,#667);
#159=LINE('',#8725,#668);
#160=LINE('',#8727,#669);
#161=LINE('',#8729,#670);
#162=LINE('',#8731,#671);
#163=LINE('',#8733,#672);
#164=LINE('',#8735,#673);
#165=LINE('',#8737,#674);
#166=LINE('',#8742,#675);
#167=LINE('',#8746,#676);
#168=LINE('',#8751,#677);
#169=LINE('',#8755,#678);
#170=LINE('',#8757,#679);
#171=LINE('',#8758,#680);
#172=LINE('',#8763,#681);
#173=LINE('',#8766,#682);
#174=LINE('',#8768,#683);
#175=LINE('',#8769,#684);
#176=LINE('',#8771,#685);
#177=LINE('',#8773,#686);
#178=LINE('',#8775,#687);
#179=LINE('',#8777,#688);
#180=LINE('',#8779,#689);
#181=LINE('',#8781,#690);
#182=LINE('',#8784,#691);
#183=LINE('',#8788,#692);
#184=LINE('',#8792,#693);
#185=LINE('',#8797,#694);
#186=LINE('',#8801,#695);
#187=LINE('',#8803,#696);
#188=LINE('',#8805,#697);
#189=LINE('',#8807,#698);
#190=LINE('',#8809,#699);
#191=LINE('',#8811,#700);
#192=LINE('',#8812,#701);
#193=LINE('',#8814,#702);
#194=LINE('',#8819,#703);
#195=LINE('',#8823,#704);
#196=LINE('',#8827,#705);
#197=LINE('',#8830,#706);
#198=LINE('',#8834,#707);
#199=LINE('',#8838,#708);
#200=LINE('',#8840,#709);
#201=LINE('',#8843,#710);
#202=LINE('',#8845,#711);
#203=LINE('',#8847,#712);
#204=LINE('',#8849,#713);
#205=LINE('',#8851,#714);
#206=LINE('',#8852,#715);
#207=LINE('',#8857,#716);
#208=LINE('',#8861,#717);
#209=LINE('',#8863,#718);
#210=LINE('',#8865,#719);
#211=LINE('',#8867,#720);
#212=LINE('',#8873,#721);
#213=LINE('',#8878,#722);
#214=LINE('',#8880,#723);
#215=LINE('',#8882,#724);
#216=LINE('',#8884,#725);
#217=LINE('',#8886,#726);
#218=LINE('',#8888,#727);
#219=LINE('',#8890,#728);
#220=LINE('',#8892,#729);
#221=LINE('',#8894,#730);
#222=LINE('',#8899,#731);
#223=LINE('',#8903,#732);
#224=LINE('',#8908,#733);
#225=LINE('',#8912,#734);
#226=LINE('',#8914,#735);
#227=LINE('',#8915,#736);
#228=LINE('',#8920,#737);
#229=LINE('',#8922,#738);
#230=LINE('',#8924,#739);
#231=LINE('',#8926,#740);
#232=LINE('',#8928,#741);
#233=LINE('',#8930,#742);
#234=LINE('',#8932,#743);
#235=LINE('',#8934,#744);
#236=LINE('',#8936,#745);
#237=LINE('',#8941,#746);
#238=LINE('',#8945,#747);
#239=LINE('',#8947,#748);
#240=LINE('',#8949,#749);
#241=LINE('',#8951,#750);
#242=LINE('',#8957,#751);
#243=LINE('',#8962,#752);
#244=LINE('',#8964,#753);
#245=LINE('',#8966,#754);
#246=LINE('',#8968,#755);
#247=LINE('',#8970,#756);
#248=LINE('',#8972,#757);
#249=LINE('',#8974,#758);
#250=LINE('',#8976,#759);
#251=LINE('',#8978,#760);
#252=LINE('',#8983,#761);
#253=LINE('',#8987,#762);
#254=LINE('',#8992,#763);
#255=LINE('',#8996,#764);
#256=LINE('',#8998,#765);
#257=LINE('',#8999,#766);
#258=LINE('',#9004,#767);
#259=LINE('',#9006,#768);
#260=LINE('',#9008,#769);
#261=LINE('',#9010,#770);
#262=LINE('',#9012,#771);
#263=LINE('',#9014,#772);
#264=LINE('',#9016,#773);
#265=LINE('',#9018,#774);
#266=LINE('',#9020,#775);
#267=LINE('',#9092,#776);
#268=LINE('',#9097,#777);
#269=LINE('',#9109,#778);
#270=LINE('',#9115,#779);
#271=LINE('',#9123,#780);
#272=LINE('',#9131,#781);
#273=LINE('',#9135,#782);
#274=LINE('',#9139,#783);
#275=LINE('',#9143,#784);
#276=LINE('',#9147,#785);
#277=LINE('',#9151,#786);
#278=LINE('',#9155,#787);
#279=LINE('',#9159,#788);
#280=LINE('',#9163,#789);
#281=LINE('',#9167,#790);
#282=LINE('',#9171,#791);
#283=LINE('',#9175,#792);
#284=LINE('',#9179,#793);
#285=LINE('',#9183,#794);
#286=LINE('',#9187,#795);
#287=LINE('',#9191,#796);
#288=LINE('',#9195,#797);
#289=LINE('',#9199,#798);
#290=LINE('',#9203,#799);
#291=LINE('',#9207,#800);
#292=LINE('',#9211,#801);
#293=LINE('',#9213,#802);
#294=LINE('',#9216,#803);
#295=LINE('',#9217,#804);
#296=LINE('',#9219,#805);
#297=LINE('',#9221,#806);
#298=LINE('',#9223,#807);
#299=LINE('',#9225,#808);
#300=LINE('',#9229,#809);
#301=LINE('',#9231,#810);
#302=LINE('',#9233,#811);
#303=LINE('',#9237,#812);
#304=LINE('',#9239,#813);
#305=LINE('',#9241,#814);
#306=LINE('',#9243,#815);
#307=LINE('',#9245,#816);
#308=LINE('',#9247,#817);
#309=LINE('',#9249,#818);
#310=LINE('',#9251,#819);
#311=LINE('',#9255,#820);
#312=LINE('',#9259,#821);
#313=LINE('',#9263,#822);
#314=LINE('',#9267,#823);
#315=LINE('',#9271,#824);
#316=LINE('',#9275,#825);
#317=LINE('',#9279,#826);
#318=LINE('',#9283,#827);
#319=LINE('',#9287,#828);
#320=LINE('',#9291,#829);
#321=LINE('',#9295,#830);
#322=LINE('',#9299,#831);
#323=LINE('',#9303,#832);
#324=LINE('',#9307,#833);
#325=LINE('',#9311,#834);
#326=LINE('',#9315,#835);
#327=LINE('',#9589,#836);
#328=LINE('',#9592,#837);
#329=LINE('',#9594,#838);
#330=LINE('',#9596,#839);
#331=LINE('',#9598,#840);
#332=LINE('',#9600,#841);
#333=LINE('',#9602,#842);
#334=LINE('',#9604,#843);
#335=LINE('',#9606,#844);
#336=LINE('',#9608,#845);
#337=LINE('',#9610,#846);
#338=LINE('',#9611,#847);
#339=LINE('',#9613,#848);
#340=LINE('',#9616,#849);
#341=LINE('',#9618,#850);
#342=LINE('',#9620,#851);
#343=LINE('',#9622,#852);
#344=LINE('',#9624,#853);
#345=LINE('',#9626,#854);
#346=LINE('',#9628,#855);
#347=LINE('',#9630,#856);
#348=LINE('',#9632,#857);
#349=LINE('',#9634,#858);
#350=LINE('',#9635,#859);
#351=LINE('',#9637,#860);
#352=LINE('',#9640,#861);
#353=LINE('',#9642,#862);
#354=LINE('',#9644,#863);
#355=LINE('',#9646,#864);
#356=LINE('',#9648,#865);
#357=LINE('',#9650,#866);
#358=LINE('',#9652,#867);
#359=LINE('',#9654,#868);
#360=LINE('',#9656,#869);
#361=LINE('',#9658,#870);
#362=LINE('',#9659,#871);
#363=LINE('',#9661,#872);
#364=LINE('',#9663,#873);
#365=LINE('',#9665,#874);
#366=LINE('',#9666,#875);
#367=LINE('',#9668,#876);
#368=LINE('',#9670,#877);
#369=LINE('',#9672,#878);
#370=LINE('',#9674,#879);
#371=LINE('',#9676,#880);
#372=LINE('',#9678,#881);
#373=LINE('',#9680,#882);
#374=LINE('',#9681,#883);
#375=LINE('',#9682,#884);
#376=LINE('',#9684,#885);
#377=LINE('',#9687,#886);
#378=LINE('',#9689,#887);
#379=LINE('',#9691,#888);
#380=LINE('',#9693,#889);
#381=LINE('',#9695,#890);
#382=LINE('',#9697,#891);
#383=LINE('',#9698,#892);
#384=LINE('',#9700,#893);
#385=LINE('',#9702,#894);
#386=LINE('',#9704,#895);
#387=LINE('',#9706,#896);
#388=LINE('',#9707,#897);
#389=LINE('',#9709,#898);
#390=LINE('',#9712,#899);
#391=LINE('',#9714,#900);
#392=LINE('',#9716,#901);
#393=LINE('',#9718,#902);
#394=LINE('',#9720,#903);
#395=LINE('',#9722,#904);
#396=LINE('',#9724,#905);
#397=LINE('',#9726,#906);
#398=LINE('',#9728,#907);
#399=LINE('',#9730,#908);
#400=LINE('',#9732,#909);
#401=LINE('',#9734,#910);
#402=LINE('',#9736,#911);
#403=LINE('',#9738,#912);
#404=LINE('',#9740,#913);
#405=LINE('',#9742,#914);
#406=LINE('',#9744,#915);
#407=LINE('',#9746,#916);
#408=LINE('',#9748,#917);
#409=LINE('',#9750,#918);
#410=LINE('',#9752,#919);
#411=LINE('',#9754,#920);
#412=LINE('',#9756,#921);
#413=LINE('',#9758,#922);
#414=LINE('',#9760,#923);
#415=LINE('',#9762,#924);
#416=LINE('',#9764,#925);
#417=LINE('',#9766,#926);
#418=LINE('',#9768,#927);
#419=LINE('',#9770,#928);
#420=LINE('',#9772,#929);
#421=LINE('',#9774,#930);
#422=LINE('',#9776,#931);
#423=LINE('',#9778,#932);
#424=LINE('',#9779,#933);
#425=LINE('',#9781,#934);
#426=LINE('',#9784,#935);
#427=LINE('',#9786,#936);
#428=LINE('',#9788,#937);
#429=LINE('',#9789,#938);
#430=LINE('',#9791,#939);
#431=LINE('',#9793,#940);
#432=LINE('',#9795,#941);
#433=LINE('',#9797,#942);
#434=LINE('',#9799,#943);
#435=LINE('',#9801,#944);
#436=LINE('',#9803,#945);
#437=LINE('',#9804,#946);
#438=LINE('',#9806,#947);
#439=LINE('',#9809,#948);
#440=LINE('',#9811,#949);
#441=LINE('',#9813,#950);
#442=LINE('',#9815,#951);
#443=LINE('',#9817,#952);
#444=LINE('',#9819,#953);
#445=LINE('',#9820,#954);
#446=LINE('',#9822,#955);
#447=LINE('',#9824,#956);
#448=LINE('',#9825,#957);
#449=LINE('',#9827,#958);
#450=LINE('',#9829,#959);
#451=LINE('',#9830,#960);
#452=LINE('',#9831,#961);
#453=LINE('',#9833,#962);
#454=LINE('',#9836,#963);
#455=LINE('',#9838,#964);
#456=LINE('',#9839,#965);
#457=LINE('',#9841,#966);
#458=LINE('',#9843,#967);
#459=LINE('',#9845,#968);
#460=LINE('',#9847,#969);
#461=LINE('',#9849,#970);
#462=LINE('',#9851,#971);
#463=LINE('',#9853,#972);
#464=LINE('',#9854,#973);
#465=LINE('',#9856,#974);
#466=LINE('',#9859,#975);
#467=LINE('',#9861,#976);
#468=LINE('',#9862,#977);
#469=LINE('',#9864,#978);
#470=LINE('',#9866,#979);
#471=LINE('',#9867,#980);
#472=LINE('',#9869,#981);
#473=LINE('',#9871,#982);
#474=LINE('',#9873,#983);
#475=LINE('',#9875,#984);
#476=LINE('',#9876,#985);
#477=LINE('',#9877,#986);
#478=LINE('',#9879,#987);
#479=LINE('',#9881,#988);
#480=LINE('',#9883,#989);
#481=LINE('',#9885,#990);
#482=LINE('',#9887,#991);
#483=LINE('',#9889,#992);
#484=LINE('',#9891,#993);
#485=LINE('',#9893,#994);
#486=LINE('',#9895,#995);
#487=LINE('',#9897,#996);
#488=LINE('',#9899,#997);
#489=LINE('',#9900,#998);
#490=LINE('',#9902,#999);
#491=LINE('',#9905,#1000);
#492=LINE('',#9907,#1001);
#493=LINE('',#9908,#1002);
#494=LINE('',#9910,#1003);
#495=LINE('',#9912,#1004);
#496=LINE('',#9914,#1005);
#497=LINE('',#9916,#1006);
#498=LINE('',#9918,#1007);
#499=LINE('',#9920,#1008);
#500=LINE('',#9922,#1009);
#501=LINE('',#9923,#1010);
#502=LINE('',#9925,#1011);
#503=LINE('',#9928,#1012);
#504=LINE('',#9930,#1013);
#505=LINE('',#9931,#1014);
#506=LINE('',#9933,#1015);
#507=LINE('',#9935,#1016);
#508=LINE('',#9937,#1017);
#509=LINE('',#9939,#1018);
#510=LINE('',#9941,#1019);
#511=LINE('',#9943,#1020);
#512=LINE('',#9945,#1021);
#513=LINE('',#9946,#1022);
#514=LINE('',#9948,#1023);
#515=LINE('',#9951,#1024);
#516=LINE('',#9953,#1025);
#517=LINE('',#9955,#1026);
#518=LINE('',#9957,#1027);
#519=LINE('',#9959,#1028);
#520=LINE('',#9961,#1029);
#521=LINE('',#9963,#1030);
#522=LINE('',#9965,#1031);
#523=LINE('',#9967,#1032);
#524=LINE('',#9969,#1033);
#525=LINE('',#9970,#1034);
#526=LINE('',#9978,#1035);
#527=LINE('',#9981,#1036);
#528=LINE('',#9983,#1037);
#529=LINE('',#9985,#1038);
#530=LINE('',#9987,#1039);
#531=LINE('',#9989,#1040);
#532=LINE('',#9991,#1041);
#533=LINE('',#9993,#1042);
#534=LINE('',#9995,#1043);
#535=LINE('',#9996,#1044);
#536=LINE('',#9998,#1045);
#537=LINE('',#9999,#1046);
#538=LINE('',#10001,#1047);
#539=LINE('',#10004,#1048);
#540=LINE('',#10006,#1049);
#541=LINE('',#10008,#1050);
#542=LINE('',#10010,#1051);
#543=LINE('',#10012,#1052);
#544=LINE('',#10014,#1053);
#545=LINE('',#10016,#1054);
#546=LINE('',#10018,#1055);
#547=LINE('',#10020,#1056);
#548=LINE('',#10022,#1057);
#549=LINE('',#10024,#1058);
#550=LINE('',#10026,#1059);
#551=LINE('',#10028,#1060);
#552=LINE('',#10030,#1061);
#553=LINE('',#10032,#1062);
#554=LINE('',#10034,#1063);
#555=LINE('',#10036,#1064);
#556=LINE('',#10038,#1065);
#557=LINE('',#10040,#1066);
#558=LINE('',#10042,#1067);
#559=LINE('',#10044,#1068);
#560=LINE('',#10046,#1069);
#561=LINE('',#10047,#1070);
#562=LINE('',#10048,#1071);
#563=LINE('',#10050,#1072);
#564=LINE('',#10053,#1073);
#565=LINE('',#10055,#1074);
#566=LINE('',#10057,#1075);
#567=LINE('',#10059,#1076);
#568=LINE('',#10061,#1077);
#569=LINE('',#10063,#1078);
#570=LINE('',#10065,#1079);
#571=LINE('',#10067,#1080);
#572=LINE('',#10069,#1081);
#573=LINE('',#10071,#1082);
#574=LINE('',#10072,#1083);
#575=LINE('',#10074,#1084);
#576=LINE('',#10076,#1085);
#577=LINE('',#10080,#1086);
#578=LINE('',#10082,#1087);
#579=LINE('',#10084,#1088);
#580=LINE('',#10088,#1089);
#581=LINE('',#10090,#1090);
#582=LINE('',#10092,#1091);
#583=LINE('',#10096,#1092);
#584=LINE('',#10098,#1093);
#585=LINE('',#10100,#1094);
#586=LINE('',#10104,#1095);
#587=LINE('',#10109,#1096);
#588=LINE('',#10113,#1097);
#589=LINE('',#10115,#1098);
#590=LINE('',#10117,#1099);
#591=LINE('',#10119,#1100);
#592=LINE('',#10125,#1101);
#593=LINE('',#10130,#1102);
#594=LINE('',#10134,#1103);
#595=LINE('',#10136,#1104);
#596=LINE('',#10138,#1105);
#597=LINE('',#10140,#1106);
#598=LINE('',#10144,#1107);
#599=LINE('',#10148,#1108);
#600=LINE('',#10150,#1109);
#601=LINE('',#10152,#1110);
#602=LINE('',#10154,#1111);
#603=LINE('',#10157,#1112);
#604=LINE('',#10158,#1113);
#605=LINE('',#10160,#1114);
#606=LINE('',#10162,#1115);
#607=LINE('',#10163,#1116);
#608=LINE('',#10165,#1117);
#609=LINE('',#10167,#1118);
#610=LINE('',#10169,#1119);
#611=LINE('',#10171,#1120);
#612=LINE('',#10173,#1121);
#613=LINE('',#10175,#1122);
#614=LINE('',#10177,#1123);
#615=VECTOR('',#6935,1.);
#616=VECTOR('',#6938,1.);
#617=VECTOR('',#6941,1.);
#618=VECTOR('',#6942,1.);
#619=VECTOR('',#6943,1.);
#620=VECTOR('',#6950,1.);
#621=VECTOR('',#6957,1.);
#622=VECTOR('',#6958,1.);
#623=VECTOR('',#6959,1.);
#624=VECTOR('',#6960,1.);
#625=VECTOR('',#6963,1.);
#626=VECTOR('',#6964,1.);
#627=VECTOR('',#6967,1.);
#628=VECTOR('',#6968,1.);
#629=VECTOR('',#6969,1.);
#630=VECTOR('',#6974,1.);
#631=VECTOR('',#6977,1.);
#632=VECTOR('',#6980,1.);
#633=VECTOR('',#6981,1.);
#634=VECTOR('',#6982,1.);
#635=VECTOR('',#6989,1.);
#636=VECTOR('',#6996,1.);
#637=VECTOR('',#6997,1.);
#638=VECTOR('',#6998,1.);
#639=VECTOR('',#6999,1.);
#640=VECTOR('',#7002,1.);
#641=VECTOR('',#7003,1.);
#642=VECTOR('',#7006,1.);
#643=VECTOR('',#7007,1.);
#644=VECTOR('',#7008,1.);
#645=VECTOR('',#7013,1.);
#646=VECTOR('',#7016,1.);
#647=VECTOR('',#7021,1.);
#648=VECTOR('',#7024,1.);
#649=VECTOR('',#7027,1.);
#650=VECTOR('',#7028,1.);
#651=VECTOR('',#7035,1.);
#652=VECTOR('',#7036,1.);
#653=VECTOR('',#7037,1.);
#654=VECTOR('',#7038,1.);
#655=VECTOR('',#7041,1.);
#656=VECTOR('',#7042,1.);
#657=VECTOR('',#7045,1.);
#658=VECTOR('',#7046,1.);
#659=VECTOR('',#7047,1.);
#660=VECTOR('',#7052,1.);
#661=VECTOR('',#7055,1.);
#662=VECTOR('',#7058,1.);
#663=VECTOR('',#7059,1.);
#664=VECTOR('',#7060,1.);
#665=VECTOR('',#7067,1.);
#666=VECTOR('',#7074,1.);
#667=VECTOR('',#7075,1.);
#668=VECTOR('',#7076,1.);
#669=VECTOR('',#7077,1.);
#670=VECTOR('',#7080,1.);
#671=VECTOR('',#7081,1.);
#672=VECTOR('',#7084,1.);
#673=VECTOR('',#7085,1.);
#674=VECTOR('',#7086,1.);
#675=VECTOR('',#7091,1.);
#676=VECTOR('',#7094,1.);
#677=VECTOR('',#7099,1.);
#678=VECTOR('',#7102,1.);
#679=VECTOR('',#7105,1.);
#680=VECTOR('',#7106,1.);
#681=VECTOR('',#7113,1.);
#682=VECTOR('',#7114,1.);
#683=VECTOR('',#7115,1.);
#684=VECTOR('',#7116,1.);
#685=VECTOR('',#7119,1.);
#686=VECTOR('',#7120,1.);
#687=VECTOR('',#7123,1.);
#688=VECTOR('',#7124,1.);
#689=VECTOR('',#7125,1.);
#690=VECTOR('',#7128,1.);
#691=VECTOR('',#7129,1.);
#692=VECTOR('',#7134,1.);
#693=VECTOR('',#7137,1.);
#694=VECTOR('',#7142,1.);
#695=VECTOR('',#7145,1.);
#696=VECTOR('',#7148,1.);
#697=VECTOR('',#7149,1.);
#698=VECTOR('',#7152,1.);
#699=VECTOR('',#7153,1.);
#700=VECTOR('',#7154,1.);
#701=VECTOR('',#7155,1.);
#702=VECTOR('',#7158,1.);
#703=VECTOR('',#7161,1.);
#704=VECTOR('',#7164,1.);
#705=VECTOR('',#7167,1.);
#706=VECTOR('',#7170,1.);
#707=VECTOR('',#7173,1.);
#708=VECTOR('',#7176,1.);
#709=VECTOR('',#7179,1.);
#710=VECTOR('',#7180,1.);
#711=VECTOR('',#7181,1.);
#712=VECTOR('',#7182,1.);
#713=VECTOR('',#7183,1.);
#714=VECTOR('',#7184,1.);
#715=VECTOR('',#7185,1.);
#716=VECTOR('',#7190,1.);
#717=VECTOR('',#7193,1.);
#718=VECTOR('',#7196,1.);
#719=VECTOR('',#7197,1.);
#720=VECTOR('',#7198,1.);
#721=VECTOR('',#7205,1.);
#722=VECTOR('',#7212,1.);
#723=VECTOR('',#7213,1.);
#724=VECTOR('',#7214,1.);
#725=VECTOR('',#7215,1.);
#726=VECTOR('',#7218,1.);
#727=VECTOR('',#7219,1.);
#728=VECTOR('',#7222,1.);
#729=VECTOR('',#7223,1.);
#730=VECTOR('',#7224,1.);
#731=VECTOR('',#7229,1.);
#732=VECTOR('',#7232,1.);
#733=VECTOR('',#7237,1.);
#734=VECTOR('',#7240,1.);
#735=VECTOR('',#7243,1.);
#736=VECTOR('',#7244,1.);
#737=VECTOR('',#7251,1.);
#738=VECTOR('',#7252,1.);
#739=VECTOR('',#7253,1.);
#740=VECTOR('',#7254,1.);
#741=VECTOR('',#7257,1.);
#742=VECTOR('',#7258,1.);
#743=VECTOR('',#7261,1.);
#744=VECTOR('',#7262,1.);
#745=VECTOR('',#7263,1.);
#746=VECTOR('',#7268,1.);
#747=VECTOR('',#7271,1.);
#748=VECTOR('',#7274,1.);
#749=VECTOR('',#7275,1.);
#750=VECTOR('',#7276,1.);
#751=VECTOR('',#7283,1.);
#752=VECTOR('',#7290,1.);
#753=VECTOR('',#7291,1.);
#754=VECTOR('',#7292,1.);
#755=VECTOR('',#7293,1.);
#756=VECTOR('',#7296,1.);
#757=VECTOR('',#7297,1.);
#758=VECTOR('',#7300,1.);
#759=VECTOR('',#7301,1.);
#760=VECTOR('',#7302,1.);
#761=VECTOR('',#7307,1.);
#762=VECTOR('',#7310,1.);
#763=VECTOR('',#7315,1.);
#764=VECTOR('',#7318,1.);
#765=VECTOR('',#7321,1.);
#766=VECTOR('',#7322,1.);
#767=VECTOR('',#7329,1.);
#768=VECTOR('',#7330,1.);
#769=VECTOR('',#7331,1.);
#770=VECTOR('',#7332,1.);
#771=VECTOR('',#7335,1.);
#772=VECTOR('',#7336,1.);
#773=VECTOR('',#7339,1.);
#774=VECTOR('',#7340,1.);
#775=VECTOR('',#7341,1.);
#776=VECTOR('',#7436,1.);
#777=VECTOR('',#7439,1.);
#778=VECTOR('',#7454,1.);
#779=VECTOR('',#7463,1.);
#780=VECTOR('',#7474,1.);
#781=VECTOR('',#7485,1.);
#782=VECTOR('',#7490,1.);
#783=VECTOR('',#7495,1.);
#784=VECTOR('',#7500,1.);
#785=VECTOR('',#7505,1.);
#786=VECTOR('',#7510,1.);
#787=VECTOR('',#7515,1.);
#788=VECTOR('',#7520,1.);
#789=VECTOR('',#7525,1.);
#790=VECTOR('',#7530,1.);
#791=VECTOR('',#7535,1.);
#792=VECTOR('',#7540,1.);
#793=VECTOR('',#7545,1.);
#794=VECTOR('',#7550,1.);
#795=VECTOR('',#7555,1.);
#796=VECTOR('',#7560,1.);
#797=VECTOR('',#7565,1.);
#798=VECTOR('',#7570,1.);
#799=VECTOR('',#7575,1.);
#800=VECTOR('',#7580,1.);
#801=VECTOR('',#7585,1.);
#802=VECTOR('',#7588,1.);
#803=VECTOR('',#7589,1.);
#804=VECTOR('',#7590,1.);
#805=VECTOR('',#7593,1.);
#806=VECTOR('',#7594,1.);
#807=VECTOR('',#7597,1.);
#808=VECTOR('',#7598,1.);
#809=VECTOR('',#7603,1.);
#810=VECTOR('',#7606,1.);
#811=VECTOR('',#7607,1.);
#812=VECTOR('',#7612,1.);
#813=VECTOR('',#7615,1.);
#814=VECTOR('',#7616,1.);
#815=VECTOR('',#7619,1.);
#816=VECTOR('',#7620,1.);
#817=VECTOR('',#7623,1.);
#818=VECTOR('',#7624,1.);
#819=VECTOR('',#7627,1.);
#820=VECTOR('',#7632,1.);
#821=VECTOR('',#7637,1.);
#822=VECTOR('',#7642,1.);
#823=VECTOR('',#7647,1.);
#824=VECTOR('',#7652,1.);
#825=VECTOR('',#7657,1.);
#826=VECTOR('',#7662,1.);
#827=VECTOR('',#7667,1.);
#828=VECTOR('',#7672,1.);
#829=VECTOR('',#7677,1.);
#830=VECTOR('',#7682,1.);
#831=VECTOR('',#7687,1.);
#832=VECTOR('',#7692,1.);
#833=VECTOR('',#7697,1.);
#834=VECTOR('',#7702,1.);
#835=VECTOR('',#7707,1.);
#836=VECTOR('',#7804,1.);
#837=VECTOR('',#7805,1.);
#838=VECTOR('',#7806,1.);
#839=VECTOR('',#7807,1.);
#840=VECTOR('',#7810,1.);
#841=VECTOR('',#7811,1.);
#842=VECTOR('',#7812,1.);
#843=VECTOR('',#7815,1.);
#844=VECTOR('',#7816,1.);
#845=VECTOR('',#7817,1.);
#846=VECTOR('',#7820,1.);
#847=VECTOR('',#7821,1.);
#848=VECTOR('',#7824,1.);
#849=VECTOR('',#7825,1.);
#850=VECTOR('',#7826,1.);
#851=VECTOR('',#7827,1.);
#852=VECTOR('',#7830,1.);
#853=VECTOR('',#7831,1.);
#854=VECTOR('',#7832,1.);
#855=VECTOR('',#7835,1.);
#856=VECTOR('',#7836,1.);
#857=VECTOR('',#7837,1.);
#858=VECTOR('',#7840,1.);
#859=VECTOR('',#7841,1.);
#860=VECTOR('',#7844,1.);
#861=VECTOR('',#7845,1.);
#862=VECTOR('',#7846,1.);
#863=VECTOR('',#7847,1.);
#864=VECTOR('',#7850,1.);
#865=VECTOR('',#7851,1.);
#866=VECTOR('',#7852,1.);
#867=VECTOR('',#7855,1.);
#868=VECTOR('',#7856,1.);
#869=VECTOR('',#7857,1.);
#870=VECTOR('',#7860,1.);
#871=VECTOR('',#7861,1.);
#872=VECTOR('',#7864,1.);
#873=VECTOR('',#7865,1.);
#874=VECTOR('',#7866,1.);
#875=VECTOR('',#7867,1.);
#876=VECTOR('',#7870,1.);
#877=VECTOR('',#7871,1.);
#878=VECTOR('',#7872,1.);
#879=VECTOR('',#7875,1.);
#880=VECTOR('',#7876,1.);
#881=VECTOR('',#7877,1.);
#882=VECTOR('',#7880,1.);
#883=VECTOR('',#7881,1.);
#884=VECTOR('',#7882,1.);
#885=VECTOR('',#7885,1.);
#886=VECTOR('',#7886,1.);
#887=VECTOR('',#7887,1.);
#888=VECTOR('',#7888,1.);
#889=VECTOR('',#7891,1.);
#890=VECTOR('',#7892,1.);
#891=VECTOR('',#7893,1.);
#892=VECTOR('',#7894,1.);
#893=VECTOR('',#7897,1.);
#894=VECTOR('',#7898,1.);
#895=VECTOR('',#7899,1.);
#896=VECTOR('',#7902,1.);
#897=VECTOR('',#7903,1.);
#898=VECTOR('',#7906,1.);
#899=VECTOR('',#7907,1.);
#900=VECTOR('',#7908,1.);
#901=VECTOR('',#7909,1.);
#902=VECTOR('',#7912,1.);
#903=VECTOR('',#7913,1.);
#904=VECTOR('',#7914,1.);
#905=VECTOR('',#7917,1.);
#906=VECTOR('',#7918,1.);
#907=VECTOR('',#7919,1.);
#908=VECTOR('',#7922,1.);
#909=VECTOR('',#7923,1.);
#910=VECTOR('',#7924,1.);
#911=VECTOR('',#7927,1.);
#912=VECTOR('',#7928,1.);
#913=VECTOR('',#7929,1.);
#914=VECTOR('',#7932,1.);
#915=VECTOR('',#7933,1.);
#916=VECTOR('',#7934,1.);
#917=VECTOR('',#7937,1.);
#918=VECTOR('',#7938,1.);
#919=VECTOR('',#7939,1.);
#920=VECTOR('',#7942,1.);
#921=VECTOR('',#7943,1.);
#922=VECTOR('',#7944,1.);
#923=VECTOR('',#7947,1.);
#924=VECTOR('',#7948,1.);
#925=VECTOR('',#7949,1.);
#926=VECTOR('',#7952,1.);
#927=VECTOR('',#7953,1.);
#928=VECTOR('',#7954,1.);
#929=VECTOR('',#7957,1.);
#930=VECTOR('',#7958,1.);
#931=VECTOR('',#7959,1.);
#932=VECTOR('',#7962,1.);
#933=VECTOR('',#7963,1.);
#934=VECTOR('',#7966,1.);
#935=VECTOR('',#7967,1.);
#936=VECTOR('',#7968,1.);
#937=VECTOR('',#7969,1.);
#938=VECTOR('',#7970,1.);
#939=VECTOR('',#7973,1.);
#940=VECTOR('',#7974,1.);
#941=VECTOR('',#7975,1.);
#942=VECTOR('',#7978,1.);
#943=VECTOR('',#7979,1.);
#944=VECTOR('',#7980,1.);
#945=VECTOR('',#7983,1.);
#946=VECTOR('',#7984,1.);
#947=VECTOR('',#7987,1.);
#948=VECTOR('',#7988,1.);
#949=VECTOR('',#7989,1.);
#950=VECTOR('',#7990,1.);
#951=VECTOR('',#7993,1.);
#952=VECTOR('',#7994,1.);
#953=VECTOR('',#7995,1.);
#954=VECTOR('',#7996,1.);
#955=VECTOR('',#7999,1.);
#956=VECTOR('',#8000,1.);
#957=VECTOR('',#8001,1.);
#958=VECTOR('',#8002,1.);
#959=VECTOR('',#8005,1.);
#960=VECTOR('',#8006,1.);
#961=VECTOR('',#8007,1.);
#962=VECTOR('',#8010,1.);
#963=VECTOR('',#8011,1.);
#964=VECTOR('',#8012,1.);
#965=VECTOR('',#8013,1.);
#966=VECTOR('',#8016,1.);
#967=VECTOR('',#8017,1.);
#968=VECTOR('',#8018,1.);
#969=VECTOR('',#8021,1.);
#970=VECTOR('',#8022,1.);
#971=VECTOR('',#8023,1.);
#972=VECTOR('',#8026,1.);
#973=VECTOR('',#8027,1.);
#974=VECTOR('',#8030,1.);
#975=VECTOR('',#8031,1.);
#976=VECTOR('',#8032,1.);
#977=VECTOR('',#8033,1.);
#978=VECTOR('',#8036,1.);
#979=VECTOR('',#8037,1.);
#980=VECTOR('',#8038,1.);
#981=VECTOR('',#8041,1.);
#982=VECTOR('',#8042,1.);
#983=VECTOR('',#8043,1.);
#984=VECTOR('',#8046,1.);
#985=VECTOR('',#8047,1.);
#986=VECTOR('',#8048,1.);
#987=VECTOR('',#8051,1.);
#988=VECTOR('',#8052,1.);
#989=VECTOR('',#8053,1.);
#990=VECTOR('',#8054,1.);
#991=VECTOR('',#8057,1.);
#992=VECTOR('',#8058,1.);
#993=VECTOR('',#8059,1.);
#994=VECTOR('',#8062,1.);
#995=VECTOR('',#8063,1.);
#996=VECTOR('',#8064,1.);
#997=VECTOR('',#8067,1.);
#998=VECTOR('',#8068,1.);
#999=VECTOR('',#8071,1.);
#1000=VECTOR('',#8072,1.);
#1001=VECTOR('',#8073,1.);
#1002=VECTOR('',#8074,1.);
#1003=VECTOR('',#8077,1.);
#1004=VECTOR('',#8078,1.);
#1005=VECTOR('',#8079,1.);
#1006=VECTOR('',#8082,1.);
#1007=VECTOR('',#8083,1.);
#1008=VECTOR('',#8084,1.);
#1009=VECTOR('',#8087,1.);
#1010=VECTOR('',#8088,1.);
#1011=VECTOR('',#8091,1.);
#1012=VECTOR('',#8092,1.);
#1013=VECTOR('',#8093,1.);
#1014=VECTOR('',#8094,1.);
#1015=VECTOR('',#8097,1.);
#1016=VECTOR('',#8098,1.);
#1017=VECTOR('',#8099,1.);
#1018=VECTOR('',#8102,1.);
#1019=VECTOR('',#8103,1.);
#1020=VECTOR('',#8104,1.);
#1021=VECTOR('',#8107,1.);
#1022=VECTOR('',#8108,1.);
#1023=VECTOR('',#8111,1.);
#1024=VECTOR('',#8112,1.);
#1025=VECTOR('',#8113,1.);
#1026=VECTOR('',#8114,1.);
#1027=VECTOR('',#8117,1.);
#1028=VECTOR('',#8118,1.);
#1029=VECTOR('',#8119,1.);
#1030=VECTOR('',#8122,1.);
#1031=VECTOR('',#8123,1.);
#1032=VECTOR('',#8124,1.);
#1033=VECTOR('',#8127,1.);
#1034=VECTOR('',#8128,1.);
#1035=VECTOR('',#8139,1.);
#1036=VECTOR('',#8140,1.);
#1037=VECTOR('',#8141,1.);
#1038=VECTOR('',#8142,1.);
#1039=VECTOR('',#8145,1.);
#1040=VECTOR('',#8146,1.);
#1041=VECTOR('',#8147,1.);
#1042=VECTOR('',#8150,1.);
#1043=VECTOR('',#8151,1.);
#1044=VECTOR('',#8152,1.);
#1045=VECTOR('',#8155,1.);
#1046=VECTOR('',#8156,1.);
#1047=VECTOR('',#8159,1.);
#1048=VECTOR('',#8160,1.);
#1049=VECTOR('',#8161,1.);
#1050=VECTOR('',#8162,1.);
#1051=VECTOR('',#8165,1.);
#1052=VECTOR('',#8166,1.);
#1053=VECTOR('',#8167,1.);
#1054=VECTOR('',#8170,1.);
#1055=VECTOR('',#8171,1.);
#1056=VECTOR('',#8172,1.);
#1057=VECTOR('',#8175,1.);
#1058=VECTOR('',#8176,1.);
#1059=VECTOR('',#8177,1.);
#1060=VECTOR('',#8180,1.);
#1061=VECTOR('',#8181,1.);
#1062=VECTOR('',#8182,1.);
#1063=VECTOR('',#8185,1.);
#1064=VECTOR('',#8186,1.);
#1065=VECTOR('',#8187,1.);
#1066=VECTOR('',#8190,1.);
#1067=VECTOR('',#8191,1.);
#1068=VECTOR('',#8192,1.);
#1069=VECTOR('',#8195,1.);
#1070=VECTOR('',#8196,1.);
#1071=VECTOR('',#8197,1.);
#1072=VECTOR('',#8200,1.);
#1073=VECTOR('',#8201,1.);
#1074=VECTOR('',#8202,1.);
#1075=VECTOR('',#8203,1.);
#1076=VECTOR('',#8206,1.);
#1077=VECTOR('',#8207,1.);
#1078=VECTOR('',#8208,1.);
#1079=VECTOR('',#8211,1.);
#1080=VECTOR('',#8212,1.);
#1081=VECTOR('',#8213,1.);
#1082=VECTOR('',#8216,1.);
#1083=VECTOR('',#8217,1.);
#1084=VECTOR('',#8220,1.);
#1085=VECTOR('',#8221,1.);
#1086=VECTOR('',#8226,1.);
#1087=VECTOR('',#8227,1.);
#1088=VECTOR('',#8230,1.);
#1089=VECTOR('',#8235,1.);
#1090=VECTOR('',#8236,1.);
#1091=VECTOR('',#8239,1.);
#1092=VECTOR('',#8244,1.);
#1093=VECTOR('',#8245,1.);
#1094=VECTOR('',#8248,1.);
#1095=VECTOR('',#8253,1.);
#1096=VECTOR('',#8258,1.);
#1097=VECTOR('',#8261,1.);
#1098=VECTOR('',#8264,1.);
#1099=VECTOR('',#8265,1.);
#1100=VECTOR('',#8266,1.);
#1101=VECTOR('',#8273,1.);
#1102=VECTOR('',#8278,1.);
#1103=VECTOR('',#8281,1.);
#1104=VECTOR('',#8284,1.);
#1105=VECTOR('',#8285,1.);
#1106=VECTOR('',#8286,1.);
#1107=VECTOR('',#8291,1.);
#1108=VECTOR('',#8296,1.);
#1109=VECTOR('',#8297,1.);
#1110=VECTOR('',#8298,1.);
#1111=VECTOR('',#8301,1.);
#1112=VECTOR('',#8302,1.);
#1113=VECTOR('',#8303,1.);
#1114=VECTOR('',#8304,1.);
#1115=VECTOR('',#8305,1.);
#1116=VECTOR('',#8306,1.);
#1117=VECTOR('',#8309,1.);
#1118=VECTOR('',#8310,1.);
#1119=VECTOR('',#8313,1.);
#1120=VECTOR('',#8314,1.);
#1121=VECTOR('',#8317,1.);
#1122=VECTOR('',#8320,1.);
#1123=VECTOR('',#8323,1.);
#1124=CONICAL_SURFACE('',#6072,0.000749999999999973,1.1263771168938);
#1125=CONICAL_SURFACE('',#6074,0.000749999999999973,1.1263771168938);
#1126=CONICAL_SURFACE('',#6076,0.000749999999999973,1.1263771168938);
#1127=CONICAL_SURFACE('',#6078,0.000749999999999973,1.1263771168938);
#1128=CONICAL_SURFACE('',#6080,0.000749999999999973,1.1263771168938);
#1129=CONICAL_SURFACE('',#6082,0.000749999999999973,1.1263771168938);
#1130=CONICAL_SURFACE('',#6084,0.000749999999999973,1.1263771168938);
#1131=CONICAL_SURFACE('',#6086,0.000749999999999973,1.1263771168938);
#1132=CONICAL_SURFACE('',#6088,0.000749999999999973,1.1263771168938);
#1133=CONICAL_SURFACE('',#6090,0.000749999999999973,1.1263771168938);
#1134=CONICAL_SURFACE('',#6092,0.000749999999999973,1.1263771168938);
#1135=CONICAL_SURFACE('',#6094,0.000749999999999973,1.1263771168938);
#1136=CONICAL_SURFACE('',#6096,0.000749999999999973,1.1263771168938);
#1137=CONICAL_SURFACE('',#6098,0.000749999999999973,1.1263771168938);
#1138=CONICAL_SURFACE('',#6100,0.000749999999999973,1.1263771168938);
#1139=CONICAL_SURFACE('',#6102,0.000749999999999973,1.1263771168938);
#1140=CONICAL_SURFACE('',#6104,0.000749999999999973,1.1263771168938);
#1141=CONICAL_SURFACE('',#6106,0.000749999999999973,1.1263771168938);
#1142=CONICAL_SURFACE('',#6305,0.0015,0.785398163397442);
#1143=CONICAL_SURFACE('',#6308,0.00265,0.785398163397442);
#1144=CYLINDRICAL_SURFACE('',#6036,0.000749999999999973);
#1145=CYLINDRICAL_SURFACE('',#6038,0.000749999999999973);
#1146=CYLINDRICAL_SURFACE('',#6040,0.000749999999999973);
#1147=CYLINDRICAL_SURFACE('',#6042,0.000749999999999973);
#1148=CYLINDRICAL_SURFACE('',#6044,0.000749999999999973);
#1149=CYLINDRICAL_SURFACE('',#6046,0.000749999999999973);
#1150=CYLINDRICAL_SURFACE('',#6048,0.000749999999999973);
#1151=CYLINDRICAL_SURFACE('',#6050,0.000749999999999973);
#1152=CYLINDRICAL_SURFACE('',#6052,0.000749999999999973);
#1153=CYLINDRICAL_SURFACE('',#6054,0.000749999999999973);
#1154=CYLINDRICAL_SURFACE('',#6056,0.000749999999999973);
#1155=CYLINDRICAL_SURFACE('',#6058,0.000749999999999973);
#1156=CYLINDRICAL_SURFACE('',#6060,0.000749999999999973);
#1157=CYLINDRICAL_SURFACE('',#6062,0.000749999999999973);
#1158=CYLINDRICAL_SURFACE('',#6064,0.000749999999999973);
#1159=CYLINDRICAL_SURFACE('',#6066,0.000749999999999973);
#1160=CYLINDRICAL_SURFACE('',#6068,0.000749999999999973);
#1161=CYLINDRICAL_SURFACE('',#6070,0.000749999999999973);
#1162=CYLINDRICAL_SURFACE('',#6162,0.004);
#1163=CYLINDRICAL_SURFACE('',#6166,0.004);
#1164=CYLINDRICAL_SURFACE('',#6169,0.002);
#1165=CYLINDRICAL_SURFACE('',#6174,0.004);
#1166=CYLINDRICAL_SURFACE('',#6178,0.004);
#1167=CYLINDRICAL_SURFACE('',#6181,0.002);
#1168=CYLINDRICAL_SURFACE('',#6186,0.004);
#1169=CYLINDRICAL_SURFACE('',#6189,0.004);
#1170=CYLINDRICAL_SURFACE('',#6193,0.002);
#1171=CYLINDRICAL_SURFACE('',#6198,0.004);
#1172=CYLINDRICAL_SURFACE('',#6202,0.004);
#1173=CYLINDRICAL_SURFACE('',#6205,0.002);
#1174=CYLINDRICAL_SURFACE('',#6210,0.004);
#1175=CYLINDRICAL_SURFACE('',#6213,0.004);
#1176=CYLINDRICAL_SURFACE('',#6217,0.002);
#1177=CYLINDRICAL_SURFACE('',#6224,0.001);
#1178=CYLINDRICAL_SURFACE('',#6226,0.001);
#1179=CYLINDRICAL_SURFACE('',#6239,0.004);
#1180=CYLINDRICAL_SURFACE('',#6243,0.004);
#1181=CYLINDRICAL_SURFACE('',#6246,0.002);
#1182=CYLINDRICAL_SURFACE('',#6251,0.004);
#1183=CYLINDRICAL_SURFACE('',#6254,0.004);
#1184=CYLINDRICAL_SURFACE('',#6258,0.002);
#1185=CYLINDRICAL_SURFACE('',#6263,0.004);
#1186=CYLINDRICAL_SURFACE('',#6267,0.004);
#1187=CYLINDRICAL_SURFACE('',#6270,0.002);
#1188=CYLINDRICAL_SURFACE('',#6275,0.004);
#1189=CYLINDRICAL_SURFACE('',#6278,0.004);
#1190=CYLINDRICAL_SURFACE('',#6282,0.002);
#1191=CYLINDRICAL_SURFACE('',#6287,0.0035);
#1192=CYLINDRICAL_SURFACE('',#6289,0.0035);
#1193=CYLINDRICAL_SURFACE('',#6291,0.0035);
#1194=CYLINDRICAL_SURFACE('',#6293,0.0035);
#1195=CYLINDRICAL_SURFACE('',#6295,0.0035);
#1196=CYLINDRICAL_SURFACE('',#6297,0.0035);
#1197=CYLINDRICAL_SURFACE('',#6299,0.0035);
#1198=CYLINDRICAL_SURFACE('',#6301,0.0035);
#1199=CYLINDRICAL_SURFACE('',#6303,0.0035);
#1200=CYLINDRICAL_SURFACE('',#6311,0.0035);
#1201=CYLINDRICAL_SURFACE('',#6313,0.0035);
#1202=CYLINDRICAL_SURFACE('',#6315,0.0035);
#1203=CYLINDRICAL_SURFACE('',#6317,0.0035);
#1204=CYLINDRICAL_SURFACE('',#6319,0.0035);
#1205=CYLINDRICAL_SURFACE('',#6321,0.0035);
#1206=CYLINDRICAL_SURFACE('',#6323,0.0035);
#1207=CYLINDRICAL_SURFACE('',#6325,0.0035);
#1208=CYLINDRICAL_SURFACE('',#6327,0.0035);
#1209=CYLINDRICAL_SURFACE('',#6340,0.001);
#1210=CYLINDRICAL_SURFACE('',#6345,0.001);
#1211=CYLINDRICAL_SURFACE('',#6350,0.001);
#1212=CYLINDRICAL_SURFACE('',#6355,0.001);
#1213=CYLINDRICAL_SURFACE('',#6359,0.004);
#1214=CYLINDRICAL_SURFACE('',#6363,0.004);
#1215=CYLINDRICAL_SURFACE('',#6367,0.004);
#1216=CYLINDRICAL_SURFACE('',#6371,0.004);
#1217=CYLINDRICAL_SURFACE('',#6375,0.004);
#1218=CYLINDRICAL_SURFACE('',#6379,0.004);
#1219=CYLINDRICAL_SURFACE('',#6383,0.004);
#1220=CYLINDRICAL_SURFACE('',#6387,0.004);
#1221=CYLINDRICAL_SURFACE('',#6391,0.004);
#1222=CYLINDRICAL_SURFACE('',#6395,0.004);
#1223=CYLINDRICAL_SURFACE('',#6399,0.001);
#1224=CYLINDRICAL_SURFACE('',#6402,0.001);
#1225=CYLINDRICAL_SURFACE('',#6411,0.004);
#1226=CYLINDRICAL_SURFACE('',#6415,0.004);
#1227=CYLINDRICAL_SURFACE('',#6419,0.004);
#1228=CYLINDRICAL_SURFACE('',#6423,0.004);
#1229=CYLINDRICAL_SURFACE('',#6427,0.004);
#1230=CYLINDRICAL_SURFACE('',#6431,0.004);
#1231=CYLINDRICAL_SURFACE('',#6435,0.004);
#1232=CYLINDRICAL_SURFACE('',#6439,0.004);
#1233=CYLINDRICAL_SURFACE('',#6464,0.0015);
#1234=CYLINDRICAL_SURFACE('',#6466,0.0015);
#1235=CYLINDRICAL_SURFACE('',#6551,0.002675);
#1236=CYLINDRICAL_SURFACE('',#6553,0.002675);
#1237=CYLINDRICAL_SURFACE('',#6571,0.002);
#1238=CYLINDRICAL_SURFACE('',#6574,0.002);
#1239=CYLINDRICAL_SURFACE('',#6577,0.002);
#1240=CYLINDRICAL_SURFACE('',#6580,0.002);
#1241=CYLINDRICAL_SURFACE('',#6583,0.005);
#1242=CYLINDRICAL_SURFACE('',#6587,0.005);
#1243=CYLINDRICAL_SURFACE('',#6590,0.008);
#1244=CYLINDRICAL_SURFACE('',#6594,0.008);
#1245=ORIENTED_EDGE('',*,*,#2825,.T.);
#1246=ORIENTED_EDGE('',*,*,#2826,.T.);
#1247=ORIENTED_EDGE('',*,*,#2827,.T.);
#1248=ORIENTED_EDGE('',*,*,#2828,.T.);
#1249=ORIENTED_EDGE('',*,*,#2829,.T.);
#1250=ORIENTED_EDGE('',*,*,#2830,.T.);
#1251=ORIENTED_EDGE('',*,*,#2831,.T.);
#1252=ORIENTED_EDGE('',*,*,#2832,.T.);
#1253=ORIENTED_EDGE('',*,*,#2833,.T.);
#1254=ORIENTED_EDGE('',*,*,#2834,.T.);
#1255=ORIENTED_EDGE('',*,*,#2835,.T.);
#1256=ORIENTED_EDGE('',*,*,#2836,.T.);
#1257=ORIENTED_EDGE('',*,*,#2837,.T.);
#1258=ORIENTED_EDGE('',*,*,#2838,.T.);
#1259=ORIENTED_EDGE('',*,*,#2839,.T.);
#1260=ORIENTED_EDGE('',*,*,#2840,.T.);
#1261=ORIENTED_EDGE('',*,*,#2841,.T.);
#1262=ORIENTED_EDGE('',*,*,#2842,.T.);
#1263=ORIENTED_EDGE('',*,*,#2843,.T.);
#1264=ORIENTED_EDGE('',*,*,#2825,.F.);
#1265=ORIENTED_EDGE('',*,*,#2844,.T.);
#1266=ORIENTED_EDGE('',*,*,#2826,.F.);
#1267=ORIENTED_EDGE('',*,*,#2845,.T.);
#1268=ORIENTED_EDGE('',*,*,#2827,.F.);
#1269=ORIENTED_EDGE('',*,*,#2846,.T.);
#1270=ORIENTED_EDGE('',*,*,#2828,.F.);
#1271=ORIENTED_EDGE('',*,*,#2847,.T.);
#1272=ORIENTED_EDGE('',*,*,#2829,.F.);
#1273=ORIENTED_EDGE('',*,*,#2848,.T.);
#1274=ORIENTED_EDGE('',*,*,#2830,.F.);
#1275=ORIENTED_EDGE('',*,*,#2849,.T.);
#1276=ORIENTED_EDGE('',*,*,#2831,.F.);
#1277=ORIENTED_EDGE('',*,*,#2850,.T.);
#1278=ORIENTED_EDGE('',*,*,#2832,.F.);
#1279=ORIENTED_EDGE('',*,*,#2851,.T.);
#1280=ORIENTED_EDGE('',*,*,#2833,.F.);
#1281=ORIENTED_EDGE('',*,*,#2852,.T.);
#1282=ORIENTED_EDGE('',*,*,#2834,.F.);
#1283=ORIENTED_EDGE('',*,*,#2853,.T.);
#1284=ORIENTED_EDGE('',*,*,#2835,.F.);
#1285=ORIENTED_EDGE('',*,*,#2854,.T.);
#1286=ORIENTED_EDGE('',*,*,#2836,.F.);
#1287=ORIENTED_EDGE('',*,*,#2855,.T.);
#1288=ORIENTED_EDGE('',*,*,#2837,.F.);
#1289=ORIENTED_EDGE('',*,*,#2856,.T.);
#1290=ORIENTED_EDGE('',*,*,#2838,.F.);
#1291=ORIENTED_EDGE('',*,*,#2857,.T.);
#1292=ORIENTED_EDGE('',*,*,#2839,.F.);
#1293=ORIENTED_EDGE('',*,*,#2858,.T.);
#1294=ORIENTED_EDGE('',*,*,#2840,.F.);
#1295=ORIENTED_EDGE('',*,*,#2859,.T.);
#1296=ORIENTED_EDGE('',*,*,#2841,.F.);
#1297=ORIENTED_EDGE('',*,*,#2860,.T.);
#1298=ORIENTED_EDGE('',*,*,#2842,.F.);
#1299=ORIENTED_EDGE('',*,*,#2861,.F.);
#1300=ORIENTED_EDGE('',*,*,#2843,.F.);
#1301=ORIENTED_EDGE('',*,*,#2862,.F.);
#1302=ORIENTED_EDGE('',*,*,#2844,.F.);
#1303=ORIENTED_EDGE('',*,*,#2863,.F.);
#1304=ORIENTED_EDGE('',*,*,#2845,.F.);
#1305=ORIENTED_EDGE('',*,*,#2864,.F.);
#1306=ORIENTED_EDGE('',*,*,#2846,.F.);
#1307=ORIENTED_EDGE('',*,*,#2865,.F.);
#1308=ORIENTED_EDGE('',*,*,#2847,.F.);
#1309=ORIENTED_EDGE('',*,*,#2866,.F.);
#1310=ORIENTED_EDGE('',*,*,#2848,.F.);
#1311=ORIENTED_EDGE('',*,*,#2867,.F.);
#1312=ORIENTED_EDGE('',*,*,#2849,.F.);
#1313=ORIENTED_EDGE('',*,*,#2868,.F.);
#1314=ORIENTED_EDGE('',*,*,#2850,.F.);
#1315=ORIENTED_EDGE('',*,*,#2869,.F.);
#1316=ORIENTED_EDGE('',*,*,#2851,.F.);
#1317=ORIENTED_EDGE('',*,*,#2870,.F.);
#1318=ORIENTED_EDGE('',*,*,#2852,.F.);
#1319=ORIENTED_EDGE('',*,*,#2871,.F.);
#1320=ORIENTED_EDGE('',*,*,#2853,.F.);
#1321=ORIENTED_EDGE('',*,*,#2872,.F.);
#1322=ORIENTED_EDGE('',*,*,#2854,.F.);
#1323=ORIENTED_EDGE('',*,*,#2873,.F.);
#1324=ORIENTED_EDGE('',*,*,#2855,.F.);
#1325=ORIENTED_EDGE('',*,*,#2874,.F.);
#1326=ORIENTED_EDGE('',*,*,#2856,.F.);
#1327=ORIENTED_EDGE('',*,*,#2875,.F.);
#1328=ORIENTED_EDGE('',*,*,#2857,.F.);
#1329=ORIENTED_EDGE('',*,*,#2876,.F.);
#1330=ORIENTED_EDGE('',*,*,#2858,.F.);
#1331=ORIENTED_EDGE('',*,*,#2877,.F.);
#1332=ORIENTED_EDGE('',*,*,#2859,.F.);
#1333=ORIENTED_EDGE('',*,*,#2878,.F.);
#1334=ORIENTED_EDGE('',*,*,#2860,.F.);
#1335=ORIENTED_EDGE('',*,*,#2879,.T.);
#1336=ORIENTED_EDGE('',*,*,#2880,.T.);
#1337=ORIENTED_EDGE('',*,*,#2881,.T.);
#1338=ORIENTED_EDGE('',*,*,#2882,.T.);
#1339=ORIENTED_EDGE('',*,*,#2883,.T.);
#1340=ORIENTED_EDGE('',*,*,#2884,.T.);
#1341=ORIENTED_EDGE('',*,*,#2885,.T.);
#1342=ORIENTED_EDGE('',*,*,#2886,.T.);
#1343=ORIENTED_EDGE('',*,*,#2887,.T.);
#1344=ORIENTED_EDGE('',*,*,#2861,.T.);
#1345=ORIENTED_EDGE('',*,*,#2888,.T.);
#1346=ORIENTED_EDGE('',*,*,#2862,.T.);
#1347=ORIENTED_EDGE('',*,*,#2889,.T.);
#1348=ORIENTED_EDGE('',*,*,#2863,.T.);
#1349=ORIENTED_EDGE('',*,*,#2890,.T.);
#1350=ORIENTED_EDGE('',*,*,#2864,.T.);
#1351=ORIENTED_EDGE('',*,*,#2891,.T.);
#1352=ORIENTED_EDGE('',*,*,#2865,.T.);
#1353=ORIENTED_EDGE('',*,*,#2892,.T.);
#1354=ORIENTED_EDGE('',*,*,#2866,.T.);
#1355=ORIENTED_EDGE('',*,*,#2893,.T.);
#1356=ORIENTED_EDGE('',*,*,#2867,.T.);
#1357=ORIENTED_EDGE('',*,*,#2894,.T.);
#1358=ORIENTED_EDGE('',*,*,#2868,.T.);
#1359=ORIENTED_EDGE('',*,*,#2895,.T.);
#1360=ORIENTED_EDGE('',*,*,#2869,.T.);
#1361=ORIENTED_EDGE('',*,*,#2896,.T.);
#1362=ORIENTED_EDGE('',*,*,#2870,.T.);
#1363=ORIENTED_EDGE('',*,*,#2897,.T.);
#1364=ORIENTED_EDGE('',*,*,#2871,.T.);
#1365=ORIENTED_EDGE('',*,*,#2898,.T.);
#1366=ORIENTED_EDGE('',*,*,#2872,.T.);
#1367=ORIENTED_EDGE('',*,*,#2899,.T.);
#1368=ORIENTED_EDGE('',*,*,#2873,.T.);
#1369=ORIENTED_EDGE('',*,*,#2900,.T.);
#1370=ORIENTED_EDGE('',*,*,#2874,.T.);
#1371=ORIENTED_EDGE('',*,*,#2901,.T.);
#1372=ORIENTED_EDGE('',*,*,#2875,.T.);
#1373=ORIENTED_EDGE('',*,*,#2902,.T.);
#1374=ORIENTED_EDGE('',*,*,#2876,.T.);
#1375=ORIENTED_EDGE('',*,*,#2903,.T.);
#1376=ORIENTED_EDGE('',*,*,#2877,.T.);
#1377=ORIENTED_EDGE('',*,*,#2904,.T.);
#1378=ORIENTED_EDGE('',*,*,#2878,.T.);
#1379=ORIENTED_EDGE('',*,*,#2905,.T.);
#1380=ORIENTED_EDGE('',*,*,#2906,.F.);
#1381=ORIENTED_EDGE('',*,*,#2907,.F.);
#1382=ORIENTED_EDGE('',*,*,#2908,.F.);
#1383=ORIENTED_EDGE('',*,*,#2909,.F.);
#1384=ORIENTED_EDGE('',*,*,#2910,.T.);
#1385=ORIENTED_EDGE('',*,*,#2911,.T.);
#1386=ORIENTED_EDGE('',*,*,#2912,.F.);
#1387=ORIENTED_EDGE('',*,*,#2909,.T.);
#1388=ORIENTED_EDGE('',*,*,#2913,.F.);
#1389=ORIENTED_EDGE('',*,*,#2911,.F.);
#1390=ORIENTED_EDGE('',*,*,#2914,.F.);
#1391=ORIENTED_EDGE('',*,*,#2915,.F.);
#1392=ORIENTED_EDGE('',*,*,#2879,.F.);
#1393=ORIENTED_EDGE('',*,*,#2916,.T.);
#1394=ORIENTED_EDGE('',*,*,#2917,.T.);
#1395=ORIENTED_EDGE('',*,*,#2918,.T.);
#1396=ORIENTED_EDGE('',*,*,#2919,.T.);
#1397=ORIENTED_EDGE('',*,*,#2915,.T.);
#1398=ORIENTED_EDGE('',*,*,#2920,.F.);
#1399=ORIENTED_EDGE('',*,*,#2919,.F.);
#1400=ORIENTED_EDGE('',*,*,#2921,.T.);
#1401=ORIENTED_EDGE('',*,*,#2922,.T.);
#1402=ORIENTED_EDGE('',*,*,#2906,.T.);
#1403=ORIENTED_EDGE('',*,*,#2912,.T.);
#1404=ORIENTED_EDGE('',*,*,#2913,.T.);
#1405=ORIENTED_EDGE('',*,*,#2922,.F.);
#1406=ORIENTED_EDGE('',*,*,#2923,.T.);
#1407=ORIENTED_EDGE('',*,*,#2924,.T.);
#1408=ORIENTED_EDGE('',*,*,#2925,.T.);
#1409=ORIENTED_EDGE('',*,*,#2907,.T.);
#1410=ORIENTED_EDGE('',*,*,#2926,.F.);
#1411=ORIENTED_EDGE('',*,*,#2927,.F.);
#1412=ORIENTED_EDGE('',*,*,#2928,.F.);
#1413=ORIENTED_EDGE('',*,*,#2929,.F.);
#1414=ORIENTED_EDGE('',*,*,#2930,.T.);
#1415=ORIENTED_EDGE('',*,*,#2931,.T.);
#1416=ORIENTED_EDGE('',*,*,#2932,.F.);
#1417=ORIENTED_EDGE('',*,*,#2929,.T.);
#1418=ORIENTED_EDGE('',*,*,#2933,.F.);
#1419=ORIENTED_EDGE('',*,*,#2931,.F.);
#1420=ORIENTED_EDGE('',*,*,#2934,.F.);
#1421=ORIENTED_EDGE('',*,*,#2935,.F.);
#1422=ORIENTED_EDGE('',*,*,#2880,.F.);
#1423=ORIENTED_EDGE('',*,*,#2936,.T.);
#1424=ORIENTED_EDGE('',*,*,#2937,.T.);
#1425=ORIENTED_EDGE('',*,*,#2938,.T.);
#1426=ORIENTED_EDGE('',*,*,#2939,.T.);
#1427=ORIENTED_EDGE('',*,*,#2935,.T.);
#1428=ORIENTED_EDGE('',*,*,#2940,.F.);
#1429=ORIENTED_EDGE('',*,*,#2939,.F.);
#1430=ORIENTED_EDGE('',*,*,#2941,.T.);
#1431=ORIENTED_EDGE('',*,*,#2942,.T.);
#1432=ORIENTED_EDGE('',*,*,#2926,.T.);
#1433=ORIENTED_EDGE('',*,*,#2932,.T.);
#1434=ORIENTED_EDGE('',*,*,#2933,.T.);
#1435=ORIENTED_EDGE('',*,*,#2942,.F.);
#1436=ORIENTED_EDGE('',*,*,#2943,.T.);
#1437=ORIENTED_EDGE('',*,*,#2944,.T.);
#1438=ORIENTED_EDGE('',*,*,#2945,.T.);
#1439=ORIENTED_EDGE('',*,*,#2927,.T.);
#1440=ORIENTED_EDGE('',*,*,#2946,.F.);
#1441=ORIENTED_EDGE('',*,*,#2947,.F.);
#1442=ORIENTED_EDGE('',*,*,#2948,.F.);
#1443=ORIENTED_EDGE('',*,*,#2949,.F.);
#1444=ORIENTED_EDGE('',*,*,#2950,.F.);
#1445=ORIENTED_EDGE('',*,*,#2951,.F.);
#1446=ORIENTED_EDGE('',*,*,#2952,.F.);
#1447=ORIENTED_EDGE('',*,*,#2953,.F.);
#1448=ORIENTED_EDGE('',*,*,#2954,.F.);
#1449=ORIENTED_EDGE('',*,*,#2953,.T.);
#1450=ORIENTED_EDGE('',*,*,#2955,.T.);
#1451=ORIENTED_EDGE('',*,*,#2947,.T.);
#1452=ORIENTED_EDGE('',*,*,#2881,.F.);
#1453=ORIENTED_EDGE('',*,*,#2956,.T.);
#1454=ORIENTED_EDGE('',*,*,#2957,.F.);
#1455=ORIENTED_EDGE('',*,*,#2958,.T.);
#1456=ORIENTED_EDGE('',*,*,#2959,.T.);
#1457=ORIENTED_EDGE('',*,*,#2960,.T.);
#1458=ORIENTED_EDGE('',*,*,#2949,.T.);
#1459=ORIENTED_EDGE('',*,*,#2960,.F.);
#1460=ORIENTED_EDGE('',*,*,#2961,.T.);
#1461=ORIENTED_EDGE('',*,*,#2962,.T.);
#1462=ORIENTED_EDGE('',*,*,#2950,.T.);
#1463=ORIENTED_EDGE('',*,*,#2954,.T.);
#1464=ORIENTED_EDGE('',*,*,#2946,.T.);
#1465=ORIENTED_EDGE('',*,*,#2962,.F.);
#1466=ORIENTED_EDGE('',*,*,#2963,.T.);
#1467=ORIENTED_EDGE('',*,*,#2964,.T.);
#1468=ORIENTED_EDGE('',*,*,#2965,.T.);
#1469=ORIENTED_EDGE('',*,*,#2951,.T.);
#1470=ORIENTED_EDGE('',*,*,#2966,.F.);
#1471=ORIENTED_EDGE('',*,*,#2967,.F.);
#1472=ORIENTED_EDGE('',*,*,#2968,.F.);
#1473=ORIENTED_EDGE('',*,*,#2969,.F.);
#1474=ORIENTED_EDGE('',*,*,#2970,.F.);
#1475=ORIENTED_EDGE('',*,*,#2971,.T.);
#1476=ORIENTED_EDGE('',*,*,#2972,.T.);
#1477=ORIENTED_EDGE('',*,*,#2969,.T.);
#1478=ORIENTED_EDGE('',*,*,#2973,.F.);
#1479=ORIENTED_EDGE('',*,*,#2971,.F.);
#1480=ORIENTED_EDGE('',*,*,#2974,.F.);
#1481=ORIENTED_EDGE('',*,*,#2975,.F.);
#1482=ORIENTED_EDGE('',*,*,#2882,.F.);
#1483=ORIENTED_EDGE('',*,*,#2976,.T.);
#1484=ORIENTED_EDGE('',*,*,#2977,.F.);
#1485=ORIENTED_EDGE('',*,*,#2978,.T.);
#1486=ORIENTED_EDGE('',*,*,#2979,.T.);
#1487=ORIENTED_EDGE('',*,*,#2980,.T.);
#1488=ORIENTED_EDGE('',*,*,#2975,.T.);
#1489=ORIENTED_EDGE('',*,*,#2980,.F.);
#1490=ORIENTED_EDGE('',*,*,#2981,.T.);
#1491=ORIENTED_EDGE('',*,*,#2982,.T.);
#1492=ORIENTED_EDGE('',*,*,#2966,.T.);
#1493=ORIENTED_EDGE('',*,*,#2972,.F.);
#1494=ORIENTED_EDGE('',*,*,#2973,.T.);
#1495=ORIENTED_EDGE('',*,*,#2983,.T.);
#1496=ORIENTED_EDGE('',*,*,#2967,.T.);
#1497=ORIENTED_EDGE('',*,*,#2982,.F.);
#1498=ORIENTED_EDGE('',*,*,#2984,.T.);
#1499=ORIENTED_EDGE('',*,*,#2985,.T.);
#1500=ORIENTED_EDGE('',*,*,#2986,.F.);
#1501=ORIENTED_EDGE('',*,*,#2987,.F.);
#1502=ORIENTED_EDGE('',*,*,#2988,.F.);
#1503=ORIENTED_EDGE('',*,*,#2989,.F.);
#1504=ORIENTED_EDGE('',*,*,#2990,.F.);
#1505=ORIENTED_EDGE('',*,*,#2991,.F.);
#1506=ORIENTED_EDGE('',*,*,#2992,.F.);
#1507=ORIENTED_EDGE('',*,*,#2993,.F.);
#1508=ORIENTED_EDGE('',*,*,#2994,.T.);
#1509=ORIENTED_EDGE('',*,*,#2993,.T.);
#1510=ORIENTED_EDGE('',*,*,#2995,.F.);
#1511=ORIENTED_EDGE('',*,*,#2987,.T.);
#1512=ORIENTED_EDGE('',*,*,#2883,.F.);
#1513=ORIENTED_EDGE('',*,*,#2996,.T.);
#1514=ORIENTED_EDGE('',*,*,#2997,.T.);
#1515=ORIENTED_EDGE('',*,*,#2998,.T.);
#1516=ORIENTED_EDGE('',*,*,#2999,.T.);
#1517=ORIENTED_EDGE('',*,*,#2989,.T.);
#1518=ORIENTED_EDGE('',*,*,#3000,.F.);
#1519=ORIENTED_EDGE('',*,*,#2999,.F.);
#1520=ORIENTED_EDGE('',*,*,#3001,.T.);
#1521=ORIENTED_EDGE('',*,*,#3002,.T.);
#1522=ORIENTED_EDGE('',*,*,#2990,.T.);
#1523=ORIENTED_EDGE('',*,*,#2994,.F.);
#1524=ORIENTED_EDGE('',*,*,#2986,.T.);
#1525=ORIENTED_EDGE('',*,*,#3002,.F.);
#1526=ORIENTED_EDGE('',*,*,#3003,.T.);
#1527=ORIENTED_EDGE('',*,*,#3004,.T.);
#1528=ORIENTED_EDGE('',*,*,#3005,.T.);
#1529=ORIENTED_EDGE('',*,*,#2991,.T.);
#1530=ORIENTED_EDGE('',*,*,#3006,.F.);
#1531=ORIENTED_EDGE('',*,*,#3007,.F.);
#1532=ORIENTED_EDGE('',*,*,#3008,.T.);
#1533=ORIENTED_EDGE('',*,*,#3008,.F.);
#1534=ORIENTED_EDGE('',*,*,#3009,.F.);
#1535=ORIENTED_EDGE('',*,*,#3010,.F.);
#1536=ORIENTED_EDGE('',*,*,#3011,.F.);
#1537=ORIENTED_EDGE('',*,*,#3012,.F.);
#1538=ORIENTED_EDGE('',*,*,#3013,.F.);
#1539=ORIENTED_EDGE('',*,*,#3014,.F.);
#1540=ORIENTED_EDGE('',*,*,#3015,.F.);
#1541=ORIENTED_EDGE('',*,*,#3012,.T.);
#1542=ORIENTED_EDGE('',*,*,#3016,.T.);
#1543=ORIENTED_EDGE('',*,*,#3017,.F.);
#1544=ORIENTED_EDGE('',*,*,#3013,.T.);
#1545=ORIENTED_EDGE('',*,*,#3017,.T.);
#1546=ORIENTED_EDGE('',*,*,#3018,.F.);
#1547=ORIENTED_EDGE('',*,*,#3019,.F.);
#1548=ORIENTED_EDGE('',*,*,#3020,.T.);
#1549=ORIENTED_EDGE('',*,*,#3006,.T.);
#1550=ORIENTED_EDGE('',*,*,#3011,.T.);
#1551=ORIENTED_EDGE('',*,*,#3021,.T.);
#1552=ORIENTED_EDGE('',*,*,#3022,.T.);
#1553=ORIENTED_EDGE('',*,*,#3023,.T.);
#1554=ORIENTED_EDGE('',*,*,#3024,.T.);
#1555=ORIENTED_EDGE('',*,*,#3025,.T.);
#1556=ORIENTED_EDGE('',*,*,#3026,.T.);
#1557=ORIENTED_EDGE('',*,*,#3027,.T.);
#1558=ORIENTED_EDGE('',*,*,#3028,.T.);
#1559=ORIENTED_EDGE('',*,*,#3029,.T.);
#1560=ORIENTED_EDGE('',*,*,#3030,.F.);
#1561=ORIENTED_EDGE('',*,*,#3031,.T.);
#1562=ORIENTED_EDGE('',*,*,#3032,.T.);
#1563=ORIENTED_EDGE('',*,*,#3033,.T.);
#1564=ORIENTED_EDGE('',*,*,#3034,.T.);
#1565=ORIENTED_EDGE('',*,*,#3014,.T.);
#1566=ORIENTED_EDGE('',*,*,#3021,.F.);
#1567=ORIENTED_EDGE('',*,*,#3010,.T.);
#1568=ORIENTED_EDGE('',*,*,#3035,.T.);
#1569=ORIENTED_EDGE('',*,*,#3036,.T.);
#1570=ORIENTED_EDGE('',*,*,#3037,.F.);
#1571=ORIENTED_EDGE('',*,*,#3038,.F.);
#1572=ORIENTED_EDGE('',*,*,#3039,.T.);
#1573=ORIENTED_EDGE('',*,*,#3040,.T.);
#1574=ORIENTED_EDGE('',*,*,#3019,.T.);
#1575=ORIENTED_EDGE('',*,*,#3041,.F.);
#1576=ORIENTED_EDGE('',*,*,#3042,.F.);
#1577=ORIENTED_EDGE('',*,*,#3043,.F.);
#1578=ORIENTED_EDGE('',*,*,#3044,.F.);
#1579=ORIENTED_EDGE('',*,*,#3045,.F.);
#1580=ORIENTED_EDGE('',*,*,#3046,.F.);
#1581=ORIENTED_EDGE('',*,*,#3047,.T.);
#1582=ORIENTED_EDGE('',*,*,#3048,.T.);
#1583=ORIENTED_EDGE('',*,*,#3045,.T.);
#1584=ORIENTED_EDGE('',*,*,#3049,.F.);
#1585=ORIENTED_EDGE('',*,*,#3047,.F.);
#1586=ORIENTED_EDGE('',*,*,#3050,.F.);
#1587=ORIENTED_EDGE('',*,*,#3051,.F.);
#1588=ORIENTED_EDGE('',*,*,#2884,.F.);
#1589=ORIENTED_EDGE('',*,*,#3052,.T.);
#1590=ORIENTED_EDGE('',*,*,#3053,.F.);
#1591=ORIENTED_EDGE('',*,*,#3054,.T.);
#1592=ORIENTED_EDGE('',*,*,#3055,.T.);
#1593=ORIENTED_EDGE('',*,*,#3056,.T.);
#1594=ORIENTED_EDGE('',*,*,#3051,.T.);
#1595=ORIENTED_EDGE('',*,*,#3056,.F.);
#1596=ORIENTED_EDGE('',*,*,#3057,.T.);
#1597=ORIENTED_EDGE('',*,*,#3058,.T.);
#1598=ORIENTED_EDGE('',*,*,#3042,.T.);
#1599=ORIENTED_EDGE('',*,*,#3048,.F.);
#1600=ORIENTED_EDGE('',*,*,#3049,.T.);
#1601=ORIENTED_EDGE('',*,*,#3058,.F.);
#1602=ORIENTED_EDGE('',*,*,#3059,.T.);
#1603=ORIENTED_EDGE('',*,*,#3060,.T.);
#1604=ORIENTED_EDGE('',*,*,#3061,.T.);
#1605=ORIENTED_EDGE('',*,*,#3043,.T.);
#1606=ORIENTED_EDGE('',*,*,#3062,.F.);
#1607=ORIENTED_EDGE('',*,*,#3063,.F.);
#1608=ORIENTED_EDGE('',*,*,#3064,.F.);
#1609=ORIENTED_EDGE('',*,*,#3065,.F.);
#1610=ORIENTED_EDGE('',*,*,#3066,.F.);
#1611=ORIENTED_EDGE('',*,*,#3067,.F.);
#1612=ORIENTED_EDGE('',*,*,#3068,.F.);
#1613=ORIENTED_EDGE('',*,*,#3069,.F.);
#1614=ORIENTED_EDGE('',*,*,#3070,.F.);
#1615=ORIENTED_EDGE('',*,*,#3069,.T.);
#1616=ORIENTED_EDGE('',*,*,#3071,.T.);
#1617=ORIENTED_EDGE('',*,*,#3063,.T.);
#1618=ORIENTED_EDGE('',*,*,#2885,.F.);
#1619=ORIENTED_EDGE('',*,*,#3072,.T.);
#1620=ORIENTED_EDGE('',*,*,#3073,.T.);
#1621=ORIENTED_EDGE('',*,*,#3074,.T.);
#1622=ORIENTED_EDGE('',*,*,#3075,.T.);
#1623=ORIENTED_EDGE('',*,*,#3076,.F.);
#1624=ORIENTED_EDGE('',*,*,#3065,.T.);
#1625=ORIENTED_EDGE('',*,*,#3076,.T.);
#1626=ORIENTED_EDGE('',*,*,#3077,.T.);
#1627=ORIENTED_EDGE('',*,*,#3078,.F.);
#1628=ORIENTED_EDGE('',*,*,#3066,.T.);
#1629=ORIENTED_EDGE('',*,*,#3070,.T.);
#1630=ORIENTED_EDGE('',*,*,#3062,.T.);
#1631=ORIENTED_EDGE('',*,*,#3078,.T.);
#1632=ORIENTED_EDGE('',*,*,#3079,.T.);
#1633=ORIENTED_EDGE('',*,*,#3080,.T.);
#1634=ORIENTED_EDGE('',*,*,#3081,.F.);
#1635=ORIENTED_EDGE('',*,*,#3067,.T.);
#1636=ORIENTED_EDGE('',*,*,#3082,.F.);
#1637=ORIENTED_EDGE('',*,*,#3083,.F.);
#1638=ORIENTED_EDGE('',*,*,#3084,.F.);
#1639=ORIENTED_EDGE('',*,*,#3085,.F.);
#1640=ORIENTED_EDGE('',*,*,#3086,.T.);
#1641=ORIENTED_EDGE('',*,*,#3087,.T.);
#1642=ORIENTED_EDGE('',*,*,#3088,.F.);
#1643=ORIENTED_EDGE('',*,*,#3085,.T.);
#1644=ORIENTED_EDGE('',*,*,#3089,.F.);
#1645=ORIENTED_EDGE('',*,*,#3087,.F.);
#1646=ORIENTED_EDGE('',*,*,#3090,.F.);
#1647=ORIENTED_EDGE('',*,*,#3091,.F.);
#1648=ORIENTED_EDGE('',*,*,#2886,.F.);
#1649=ORIENTED_EDGE('',*,*,#3092,.T.);
#1650=ORIENTED_EDGE('',*,*,#3093,.F.);
#1651=ORIENTED_EDGE('',*,*,#3091,.T.);
#1652=ORIENTED_EDGE('',*,*,#3094,.T.);
#1653=ORIENTED_EDGE('',*,*,#3095,.T.);
#1654=ORIENTED_EDGE('',*,*,#3096,.T.);
#1655=ORIENTED_EDGE('',*,*,#3093,.T.);
#1656=ORIENTED_EDGE('',*,*,#3097,.T.);
#1657=ORIENTED_EDGE('',*,*,#3098,.F.);
#1658=ORIENTED_EDGE('',*,*,#3082,.T.);
#1659=ORIENTED_EDGE('',*,*,#3088,.T.);
#1660=ORIENTED_EDGE('',*,*,#3089,.T.);
#1661=ORIENTED_EDGE('',*,*,#3099,.F.);
#1662=ORIENTED_EDGE('',*,*,#3083,.T.);
#1663=ORIENTED_EDGE('',*,*,#3098,.T.);
#1664=ORIENTED_EDGE('',*,*,#3100,.T.);
#1665=ORIENTED_EDGE('',*,*,#3101,.T.);
#1666=ORIENTED_EDGE('',*,*,#3102,.F.);
#1667=ORIENTED_EDGE('',*,*,#3103,.F.);
#1668=ORIENTED_EDGE('',*,*,#3104,.F.);
#1669=ORIENTED_EDGE('',*,*,#3105,.F.);
#1670=ORIENTED_EDGE('',*,*,#3106,.F.);
#1671=ORIENTED_EDGE('',*,*,#3107,.F.);
#1672=ORIENTED_EDGE('',*,*,#3108,.F.);
#1673=ORIENTED_EDGE('',*,*,#3109,.F.);
#1674=ORIENTED_EDGE('',*,*,#3110,.F.);
#1675=ORIENTED_EDGE('',*,*,#3109,.T.);
#1676=ORIENTED_EDGE('',*,*,#3111,.T.);
#1677=ORIENTED_EDGE('',*,*,#3103,.T.);
#1678=ORIENTED_EDGE('',*,*,#2887,.F.);
#1679=ORIENTED_EDGE('',*,*,#3112,.T.);
#1680=ORIENTED_EDGE('',*,*,#3113,.T.);
#1681=ORIENTED_EDGE('',*,*,#3114,.T.);
#1682=ORIENTED_EDGE('',*,*,#3115,.T.);
#1683=ORIENTED_EDGE('',*,*,#3116,.F.);
#1684=ORIENTED_EDGE('',*,*,#3105,.T.);
#1685=ORIENTED_EDGE('',*,*,#3116,.T.);
#1686=ORIENTED_EDGE('',*,*,#3117,.T.);
#1687=ORIENTED_EDGE('',*,*,#3118,.F.);
#1688=ORIENTED_EDGE('',*,*,#3106,.T.);
#1689=ORIENTED_EDGE('',*,*,#3110,.T.);
#1690=ORIENTED_EDGE('',*,*,#3102,.T.);
#1691=ORIENTED_EDGE('',*,*,#3118,.T.);
#1692=ORIENTED_EDGE('',*,*,#3119,.T.);
#1693=ORIENTED_EDGE('',*,*,#3120,.T.);
#1694=ORIENTED_EDGE('',*,*,#3121,.F.);
#1695=ORIENTED_EDGE('',*,*,#3107,.T.);
#1696=ORIENTED_EDGE('',*,*,#3122,.T.);
#1697=ORIENTED_EDGE('',*,*,#2888,.F.);
#1698=ORIENTED_EDGE('',*,*,#3123,.T.);
#1699=ORIENTED_EDGE('',*,*,#2889,.F.);
#1700=ORIENTED_EDGE('',*,*,#3124,.T.);
#1701=ORIENTED_EDGE('',*,*,#2890,.F.);
#1702=ORIENTED_EDGE('',*,*,#3125,.T.);
#1703=ORIENTED_EDGE('',*,*,#2891,.F.);
#1704=ORIENTED_EDGE('',*,*,#3126,.T.);
#1705=ORIENTED_EDGE('',*,*,#2892,.F.);
#1706=ORIENTED_EDGE('',*,*,#3127,.T.);
#1707=ORIENTED_EDGE('',*,*,#2893,.F.);
#1708=ORIENTED_EDGE('',*,*,#3128,.T.);
#1709=ORIENTED_EDGE('',*,*,#2894,.F.);
#1710=ORIENTED_EDGE('',*,*,#3129,.T.);
#1711=ORIENTED_EDGE('',*,*,#2895,.F.);
#1712=ORIENTED_EDGE('',*,*,#3130,.T.);
#1713=ORIENTED_EDGE('',*,*,#2896,.F.);
#1714=ORIENTED_EDGE('',*,*,#3131,.F.);
#1715=ORIENTED_EDGE('',*,*,#3132,.F.);
#1716=ORIENTED_EDGE('',*,*,#3133,.F.);
#1717=ORIENTED_EDGE('',*,*,#3134,.F.);
#1718=ORIENTED_EDGE('',*,*,#3135,.T.);
#1719=ORIENTED_EDGE('',*,*,#2897,.F.);
#1720=ORIENTED_EDGE('',*,*,#3136,.T.);
#1721=ORIENTED_EDGE('',*,*,#2898,.F.);
#1722=ORIENTED_EDGE('',*,*,#3137,.T.);
#1723=ORIENTED_EDGE('',*,*,#2899,.F.);
#1724=ORIENTED_EDGE('',*,*,#3138,.T.);
#1725=ORIENTED_EDGE('',*,*,#2900,.F.);
#1726=ORIENTED_EDGE('',*,*,#3139,.T.);
#1727=ORIENTED_EDGE('',*,*,#2901,.F.);
#1728=ORIENTED_EDGE('',*,*,#3140,.T.);
#1729=ORIENTED_EDGE('',*,*,#2902,.F.);
#1730=ORIENTED_EDGE('',*,*,#3141,.T.);
#1731=ORIENTED_EDGE('',*,*,#2903,.F.);
#1732=ORIENTED_EDGE('',*,*,#3142,.T.);
#1733=ORIENTED_EDGE('',*,*,#2904,.F.);
#1734=ORIENTED_EDGE('',*,*,#3143,.T.);
#1735=ORIENTED_EDGE('',*,*,#2905,.F.);
#1736=ORIENTED_EDGE('',*,*,#3134,.T.);
#1737=ORIENTED_EDGE('',*,*,#3144,.F.);
#1738=ORIENTED_EDGE('',*,*,#3131,.T.);
#1739=ORIENTED_EDGE('',*,*,#3145,.T.);
#1740=ORIENTED_EDGE('',*,*,#3146,.T.);
#1741=ORIENTED_EDGE('',*,*,#3147,.T.);
#1742=ORIENTED_EDGE('',*,*,#3148,.F.);
#1743=ORIENTED_EDGE('',*,*,#3149,.T.);
#1744=ORIENTED_EDGE('',*,*,#3150,.T.);
#1745=ORIENTED_EDGE('',*,*,#3025,.F.);
#1746=ORIENTED_EDGE('',*,*,#3151,.F.);
#1747=ORIENTED_EDGE('',*,*,#3152,.F.);
#1748=ORIENTED_EDGE('',*,*,#3153,.T.);
#1749=ORIENTED_EDGE('',*,*,#3026,.F.);
#1750=ORIENTED_EDGE('',*,*,#3150,.F.);
#1751=ORIENTED_EDGE('',*,*,#3154,.F.);
#1752=ORIENTED_EDGE('',*,*,#3153,.F.);
#1753=ORIENTED_EDGE('',*,*,#3155,.F.);
#1754=ORIENTED_EDGE('',*,*,#3156,.F.);
#1755=ORIENTED_EDGE('',*,*,#3027,.F.);
#1756=ORIENTED_EDGE('',*,*,#3156,.T.);
#1757=ORIENTED_EDGE('',*,*,#3157,.F.);
#1758=ORIENTED_EDGE('',*,*,#3158,.F.);
#1759=ORIENTED_EDGE('',*,*,#3028,.F.);
#1760=ORIENTED_EDGE('',*,*,#3158,.T.);
#1761=ORIENTED_EDGE('',*,*,#3159,.F.);
#1762=ORIENTED_EDGE('',*,*,#3160,.F.);
#1763=ORIENTED_EDGE('',*,*,#3029,.F.);
#1764=ORIENTED_EDGE('',*,*,#3160,.T.);
#1765=ORIENTED_EDGE('',*,*,#3161,.F.);
#1766=ORIENTED_EDGE('',*,*,#3162,.F.);
#1767=ORIENTED_EDGE('',*,*,#3022,.F.);
#1768=ORIENTED_EDGE('',*,*,#3162,.T.);
#1769=ORIENTED_EDGE('',*,*,#3163,.F.);
#1770=ORIENTED_EDGE('',*,*,#3164,.T.);
#1771=ORIENTED_EDGE('',*,*,#3023,.F.);
#1772=ORIENTED_EDGE('',*,*,#3151,.T.);
#1773=ORIENTED_EDGE('',*,*,#3024,.F.);
#1774=ORIENTED_EDGE('',*,*,#3164,.F.);
#1775=ORIENTED_EDGE('',*,*,#3165,.F.);
#1776=ORIENTED_EDGE('',*,*,#2916,.F.);
#1777=ORIENTED_EDGE('',*,*,#2920,.T.);
#1778=ORIENTED_EDGE('',*,*,#2914,.T.);
#1779=ORIENTED_EDGE('',*,*,#2910,.F.);
#1780=ORIENTED_EDGE('',*,*,#2908,.T.);
#1781=ORIENTED_EDGE('',*,*,#2925,.F.);
#1782=ORIENTED_EDGE('',*,*,#3166,.T.);
#1783=ORIENTED_EDGE('',*,*,#3167,.F.);
#1784=ORIENTED_EDGE('',*,*,#3168,.T.);
#1785=ORIENTED_EDGE('',*,*,#3169,.F.);
#1786=ORIENTED_EDGE('',*,*,#3170,.T.);
#1787=ORIENTED_EDGE('',*,*,#2917,.F.);
#1788=ORIENTED_EDGE('',*,*,#3168,.F.);
#1789=ORIENTED_EDGE('',*,*,#3170,.F.);
#1790=ORIENTED_EDGE('',*,*,#3171,.F.);
#1791=ORIENTED_EDGE('',*,*,#3172,.F.);
#1792=ORIENTED_EDGE('',*,*,#2923,.F.);
#1793=ORIENTED_EDGE('',*,*,#2921,.F.);
#1794=ORIENTED_EDGE('',*,*,#2918,.F.);
#1795=ORIENTED_EDGE('',*,*,#2924,.F.);
#1796=ORIENTED_EDGE('',*,*,#3172,.T.);
#1797=ORIENTED_EDGE('',*,*,#3173,.F.);
#1798=ORIENTED_EDGE('',*,*,#3166,.F.);
#1799=ORIENTED_EDGE('',*,*,#2936,.F.);
#1800=ORIENTED_EDGE('',*,*,#2940,.T.);
#1801=ORIENTED_EDGE('',*,*,#2934,.T.);
#1802=ORIENTED_EDGE('',*,*,#2930,.F.);
#1803=ORIENTED_EDGE('',*,*,#2928,.T.);
#1804=ORIENTED_EDGE('',*,*,#2945,.F.);
#1805=ORIENTED_EDGE('',*,*,#3174,.T.);
#1806=ORIENTED_EDGE('',*,*,#3175,.F.);
#1807=ORIENTED_EDGE('',*,*,#3176,.T.);
#1808=ORIENTED_EDGE('',*,*,#3177,.F.);
#1809=ORIENTED_EDGE('',*,*,#3178,.T.);
#1810=ORIENTED_EDGE('',*,*,#2937,.F.);
#1811=ORIENTED_EDGE('',*,*,#3176,.F.);
#1812=ORIENTED_EDGE('',*,*,#3178,.F.);
#1813=ORIENTED_EDGE('',*,*,#3179,.F.);
#1814=ORIENTED_EDGE('',*,*,#3180,.F.);
#1815=ORIENTED_EDGE('',*,*,#2943,.F.);
#1816=ORIENTED_EDGE('',*,*,#2941,.F.);
#1817=ORIENTED_EDGE('',*,*,#2938,.F.);
#1818=ORIENTED_EDGE('',*,*,#2944,.F.);
#1819=ORIENTED_EDGE('',*,*,#3180,.T.);
#1820=ORIENTED_EDGE('',*,*,#3181,.F.);
#1821=ORIENTED_EDGE('',*,*,#3174,.F.);
#1822=ORIENTED_EDGE('',*,*,#2956,.F.);
#1823=ORIENTED_EDGE('',*,*,#2955,.F.);
#1824=ORIENTED_EDGE('',*,*,#2952,.T.);
#1825=ORIENTED_EDGE('',*,*,#2965,.F.);
#1826=ORIENTED_EDGE('',*,*,#3182,.T.);
#1827=ORIENTED_EDGE('',*,*,#3183,.F.);
#1828=ORIENTED_EDGE('',*,*,#3184,.T.);
#1829=ORIENTED_EDGE('',*,*,#2957,.T.);
#1830=ORIENTED_EDGE('',*,*,#2948,.T.);
#1831=ORIENTED_EDGE('',*,*,#3185,.F.);
#1832=ORIENTED_EDGE('',*,*,#3186,.T.);
#1833=ORIENTED_EDGE('',*,*,#2958,.F.);
#1834=ORIENTED_EDGE('',*,*,#3184,.F.);
#1835=ORIENTED_EDGE('',*,*,#3186,.F.);
#1836=ORIENTED_EDGE('',*,*,#3187,.F.);
#1837=ORIENTED_EDGE('',*,*,#3188,.F.);
#1838=ORIENTED_EDGE('',*,*,#2963,.F.);
#1839=ORIENTED_EDGE('',*,*,#2961,.F.);
#1840=ORIENTED_EDGE('',*,*,#2959,.F.);
#1841=ORIENTED_EDGE('',*,*,#2964,.F.);
#1842=ORIENTED_EDGE('',*,*,#3188,.T.);
#1843=ORIENTED_EDGE('',*,*,#3189,.F.);
#1844=ORIENTED_EDGE('',*,*,#3182,.F.);
#1845=ORIENTED_EDGE('',*,*,#2976,.F.);
#1846=ORIENTED_EDGE('',*,*,#2977,.T.);
#1847=ORIENTED_EDGE('',*,*,#2974,.T.);
#1848=ORIENTED_EDGE('',*,*,#2970,.T.);
#1849=ORIENTED_EDGE('',*,*,#2968,.T.);
#1850=ORIENTED_EDGE('',*,*,#2983,.F.);
#1851=ORIENTED_EDGE('',*,*,#3190,.T.);
#1852=ORIENTED_EDGE('',*,*,#3191,.F.);
#1853=ORIENTED_EDGE('',*,*,#3192,.T.);
#1854=ORIENTED_EDGE('',*,*,#3193,.F.);
#1855=ORIENTED_EDGE('',*,*,#3194,.T.);
#1856=ORIENTED_EDGE('',*,*,#2978,.F.);
#1857=ORIENTED_EDGE('',*,*,#3192,.F.);
#1858=ORIENTED_EDGE('',*,*,#3194,.F.);
#1859=ORIENTED_EDGE('',*,*,#3195,.F.);
#1860=ORIENTED_EDGE('',*,*,#3196,.F.);
#1861=ORIENTED_EDGE('',*,*,#2984,.F.);
#1862=ORIENTED_EDGE('',*,*,#2981,.F.);
#1863=ORIENTED_EDGE('',*,*,#2979,.F.);
#1864=ORIENTED_EDGE('',*,*,#2985,.F.);
#1865=ORIENTED_EDGE('',*,*,#3196,.T.);
#1866=ORIENTED_EDGE('',*,*,#3197,.F.);
#1867=ORIENTED_EDGE('',*,*,#3190,.F.);
#1868=ORIENTED_EDGE('',*,*,#2996,.F.);
#1869=ORIENTED_EDGE('',*,*,#2995,.T.);
#1870=ORIENTED_EDGE('',*,*,#2992,.T.);
#1871=ORIENTED_EDGE('',*,*,#3005,.F.);
#1872=ORIENTED_EDGE('',*,*,#3198,.T.);
#1873=ORIENTED_EDGE('',*,*,#3199,.F.);
#1874=ORIENTED_EDGE('',*,*,#3200,.T.);
#1875=ORIENTED_EDGE('',*,*,#3000,.T.);
#1876=ORIENTED_EDGE('',*,*,#2988,.T.);
#1877=ORIENTED_EDGE('',*,*,#3201,.F.);
#1878=ORIENTED_EDGE('',*,*,#3202,.T.);
#1879=ORIENTED_EDGE('',*,*,#2997,.F.);
#1880=ORIENTED_EDGE('',*,*,#3200,.F.);
#1881=ORIENTED_EDGE('',*,*,#3202,.F.);
#1882=ORIENTED_EDGE('',*,*,#3203,.F.);
#1883=ORIENTED_EDGE('',*,*,#3204,.F.);
#1884=ORIENTED_EDGE('',*,*,#3003,.F.);
#1885=ORIENTED_EDGE('',*,*,#3001,.F.);
#1886=ORIENTED_EDGE('',*,*,#2998,.F.);
#1887=ORIENTED_EDGE('',*,*,#3004,.F.);
#1888=ORIENTED_EDGE('',*,*,#3204,.T.);
#1889=ORIENTED_EDGE('',*,*,#3205,.F.);
#1890=ORIENTED_EDGE('',*,*,#3198,.F.);
#1891=ORIENTED_EDGE('',*,*,#3206,.F.);
#1892=ORIENTED_EDGE('',*,*,#3207,.F.);
#1893=ORIENTED_EDGE('',*,*,#3038,.T.);
#1894=ORIENTED_EDGE('',*,*,#3208,.T.);
#1895=ORIENTED_EDGE('',*,*,#3209,.T.);
#1896=ORIENTED_EDGE('',*,*,#3210,.F.);
#1897=ORIENTED_EDGE('',*,*,#3039,.F.);
#1898=ORIENTED_EDGE('',*,*,#3207,.T.);
#1899=ORIENTED_EDGE('',*,*,#3009,.T.);
#1900=ORIENTED_EDGE('',*,*,#3007,.T.);
#1901=ORIENTED_EDGE('',*,*,#3020,.F.);
#1902=ORIENTED_EDGE('',*,*,#3040,.F.);
#1903=ORIENTED_EDGE('',*,*,#3210,.T.);
#1904=ORIENTED_EDGE('',*,*,#3211,.T.);
#1905=ORIENTED_EDGE('',*,*,#3212,.T.);
#1906=ORIENTED_EDGE('',*,*,#3030,.T.);
#1907=ORIENTED_EDGE('',*,*,#3213,.F.);
#1908=ORIENTED_EDGE('',*,*,#3214,.F.);
#1909=ORIENTED_EDGE('',*,*,#3031,.F.);
#1910=ORIENTED_EDGE('',*,*,#3212,.F.);
#1911=ORIENTED_EDGE('',*,*,#3215,.T.);
#1912=ORIENTED_EDGE('',*,*,#3216,.T.);
#1913=ORIENTED_EDGE('',*,*,#3032,.F.);
#1914=ORIENTED_EDGE('',*,*,#3214,.T.);
#1915=ORIENTED_EDGE('',*,*,#3217,.F.);
#1916=ORIENTED_EDGE('',*,*,#3218,.F.);
#1917=ORIENTED_EDGE('',*,*,#3033,.F.);
#1918=ORIENTED_EDGE('',*,*,#3216,.F.);
#1919=ORIENTED_EDGE('',*,*,#3034,.F.);
#1920=ORIENTED_EDGE('',*,*,#3218,.T.);
#1921=ORIENTED_EDGE('',*,*,#3219,.F.);
#1922=ORIENTED_EDGE('',*,*,#3220,.F.);
#1923=ORIENTED_EDGE('',*,*,#3041,.T.);
#1924=ORIENTED_EDGE('',*,*,#3018,.T.);
#1925=ORIENTED_EDGE('',*,*,#3016,.F.);
#1926=ORIENTED_EDGE('',*,*,#3015,.T.);
#1927=ORIENTED_EDGE('',*,*,#3221,.T.);
#1928=ORIENTED_EDGE('',*,*,#3222,.F.);
#1929=ORIENTED_EDGE('',*,*,#3035,.F.);
#1930=ORIENTED_EDGE('',*,*,#3220,.T.);
#1931=ORIENTED_EDGE('',*,*,#3223,.T.);
#1932=ORIENTED_EDGE('',*,*,#3224,.T.);
#1933=ORIENTED_EDGE('',*,*,#3036,.F.);
#1934=ORIENTED_EDGE('',*,*,#3222,.T.);
#1935=ORIENTED_EDGE('',*,*,#3208,.F.);
#1936=ORIENTED_EDGE('',*,*,#3037,.T.);
#1937=ORIENTED_EDGE('',*,*,#3224,.F.);
#1938=ORIENTED_EDGE('',*,*,#3225,.F.);
#1939=ORIENTED_EDGE('',*,*,#3052,.F.);
#1940=ORIENTED_EDGE('',*,*,#3053,.T.);
#1941=ORIENTED_EDGE('',*,*,#3050,.T.);
#1942=ORIENTED_EDGE('',*,*,#3046,.T.);
#1943=ORIENTED_EDGE('',*,*,#3044,.T.);
#1944=ORIENTED_EDGE('',*,*,#3061,.F.);
#1945=ORIENTED_EDGE('',*,*,#3226,.T.);
#1946=ORIENTED_EDGE('',*,*,#3227,.F.);
#1947=ORIENTED_EDGE('',*,*,#3228,.T.);
#1948=ORIENTED_EDGE('',*,*,#3229,.F.);
#1949=ORIENTED_EDGE('',*,*,#3230,.T.);
#1950=ORIENTED_EDGE('',*,*,#3054,.F.);
#1951=ORIENTED_EDGE('',*,*,#3228,.F.);
#1952=ORIENTED_EDGE('',*,*,#3230,.F.);
#1953=ORIENTED_EDGE('',*,*,#3231,.F.);
#1954=ORIENTED_EDGE('',*,*,#3232,.F.);
#1955=ORIENTED_EDGE('',*,*,#3059,.F.);
#1956=ORIENTED_EDGE('',*,*,#3057,.F.);
#1957=ORIENTED_EDGE('',*,*,#3055,.F.);
#1958=ORIENTED_EDGE('',*,*,#3060,.F.);
#1959=ORIENTED_EDGE('',*,*,#3232,.T.);
#1960=ORIENTED_EDGE('',*,*,#3233,.F.);
#1961=ORIENTED_EDGE('',*,*,#3226,.F.);
#1962=ORIENTED_EDGE('',*,*,#3072,.F.);
#1963=ORIENTED_EDGE('',*,*,#3071,.F.);
#1964=ORIENTED_EDGE('',*,*,#3068,.T.);
#1965=ORIENTED_EDGE('',*,*,#3081,.T.);
#1966=ORIENTED_EDGE('',*,*,#3234,.T.);
#1967=ORIENTED_EDGE('',*,*,#3235,.F.);
#1968=ORIENTED_EDGE('',*,*,#3236,.T.);
#1969=ORIENTED_EDGE('',*,*,#3073,.F.);
#1970=ORIENTED_EDGE('',*,*,#3064,.T.);
#1971=ORIENTED_EDGE('',*,*,#3236,.F.);
#1972=ORIENTED_EDGE('',*,*,#3237,.F.);
#1973=ORIENTED_EDGE('',*,*,#3238,.T.);
#1974=ORIENTED_EDGE('',*,*,#3074,.F.);
#1975=ORIENTED_EDGE('',*,*,#3238,.F.);
#1976=ORIENTED_EDGE('',*,*,#3239,.F.);
#1977=ORIENTED_EDGE('',*,*,#3240,.F.);
#1978=ORIENTED_EDGE('',*,*,#3079,.F.);
#1979=ORIENTED_EDGE('',*,*,#3077,.F.);
#1980=ORIENTED_EDGE('',*,*,#3075,.F.);
#1981=ORIENTED_EDGE('',*,*,#3234,.F.);
#1982=ORIENTED_EDGE('',*,*,#3080,.F.);
#1983=ORIENTED_EDGE('',*,*,#3240,.T.);
#1984=ORIENTED_EDGE('',*,*,#3241,.F.);
#1985=ORIENTED_EDGE('',*,*,#3092,.F.);
#1986=ORIENTED_EDGE('',*,*,#3094,.F.);
#1987=ORIENTED_EDGE('',*,*,#3090,.T.);
#1988=ORIENTED_EDGE('',*,*,#3086,.F.);
#1989=ORIENTED_EDGE('',*,*,#3084,.T.);
#1990=ORIENTED_EDGE('',*,*,#3099,.T.);
#1991=ORIENTED_EDGE('',*,*,#3242,.T.);
#1992=ORIENTED_EDGE('',*,*,#3243,.F.);
#1993=ORIENTED_EDGE('',*,*,#3244,.T.);
#1994=ORIENTED_EDGE('',*,*,#3244,.F.);
#1995=ORIENTED_EDGE('',*,*,#3245,.F.);
#1996=ORIENTED_EDGE('',*,*,#3246,.T.);
#1997=ORIENTED_EDGE('',*,*,#3095,.F.);
#1998=ORIENTED_EDGE('',*,*,#3246,.F.);
#1999=ORIENTED_EDGE('',*,*,#3247,.F.);
#2000=ORIENTED_EDGE('',*,*,#3248,.F.);
#2001=ORIENTED_EDGE('',*,*,#3100,.F.);
#2002=ORIENTED_EDGE('',*,*,#3097,.F.);
#2003=ORIENTED_EDGE('',*,*,#3096,.F.);
#2004=ORIENTED_EDGE('',*,*,#3242,.F.);
#2005=ORIENTED_EDGE('',*,*,#3101,.F.);
#2006=ORIENTED_EDGE('',*,*,#3248,.T.);
#2007=ORIENTED_EDGE('',*,*,#3249,.F.);
#2008=ORIENTED_EDGE('',*,*,#3112,.F.);
#2009=ORIENTED_EDGE('',*,*,#3111,.F.);
#2010=ORIENTED_EDGE('',*,*,#3108,.T.);
#2011=ORIENTED_EDGE('',*,*,#3121,.T.);
#2012=ORIENTED_EDGE('',*,*,#3250,.T.);
#2013=ORIENTED_EDGE('',*,*,#3251,.F.);
#2014=ORIENTED_EDGE('',*,*,#3252,.T.);
#2015=ORIENTED_EDGE('',*,*,#3113,.F.);
#2016=ORIENTED_EDGE('',*,*,#3104,.T.);
#2017=ORIENTED_EDGE('',*,*,#3252,.F.);
#2018=ORIENTED_EDGE('',*,*,#3253,.F.);
#2019=ORIENTED_EDGE('',*,*,#3254,.T.);
#2020=ORIENTED_EDGE('',*,*,#3114,.F.);
#2021=ORIENTED_EDGE('',*,*,#3254,.F.);
#2022=ORIENTED_EDGE('',*,*,#3255,.F.);
#2023=ORIENTED_EDGE('',*,*,#3256,.F.);
#2024=ORIENTED_EDGE('',*,*,#3119,.F.);
#2025=ORIENTED_EDGE('',*,*,#3117,.F.);
#2026=ORIENTED_EDGE('',*,*,#3115,.F.);
#2027=ORIENTED_EDGE('',*,*,#3250,.F.);
#2028=ORIENTED_EDGE('',*,*,#3120,.F.);
#2029=ORIENTED_EDGE('',*,*,#3256,.T.);
#2030=ORIENTED_EDGE('',*,*,#3257,.F.);
#2031=ORIENTED_EDGE('',*,*,#3258,.F.);
#2032=ORIENTED_EDGE('',*,*,#3259,.F.);
#2033=ORIENTED_EDGE('',*,*,#3260,.F.);
#2034=ORIENTED_EDGE('',*,*,#3261,.F.);
#2035=ORIENTED_EDGE('',*,*,#3262,.F.);
#2036=ORIENTED_EDGE('',*,*,#3263,.F.);
#2037=ORIENTED_EDGE('',*,*,#3122,.F.);
#2038=ORIENTED_EDGE('',*,*,#3264,.F.);
#2039=ORIENTED_EDGE('',*,*,#3265,.F.);
#2040=ORIENTED_EDGE('',*,*,#3266,.F.);
#2041=ORIENTED_EDGE('',*,*,#3267,.F.);
#2042=ORIENTED_EDGE('',*,*,#3268,.F.);
#2043=ORIENTED_EDGE('',*,*,#3269,.F.);
#2044=ORIENTED_EDGE('',*,*,#3123,.F.);
#2045=ORIENTED_EDGE('',*,*,#3270,.F.);
#2046=ORIENTED_EDGE('',*,*,#3271,.F.);
#2047=ORIENTED_EDGE('',*,*,#3272,.F.);
#2048=ORIENTED_EDGE('',*,*,#3273,.F.);
#2049=ORIENTED_EDGE('',*,*,#3124,.F.);
#2050=ORIENTED_EDGE('',*,*,#3274,.F.);
#2051=ORIENTED_EDGE('',*,*,#3275,.F.);
#2052=ORIENTED_EDGE('',*,*,#3125,.F.);
#2053=ORIENTED_EDGE('',*,*,#3276,.F.);
#2054=ORIENTED_EDGE('',*,*,#3277,.F.);
#2055=ORIENTED_EDGE('',*,*,#3278,.F.);
#2056=ORIENTED_EDGE('',*,*,#3279,.F.);
#2057=ORIENTED_EDGE('',*,*,#3126,.F.);
#2058=ORIENTED_EDGE('',*,*,#3280,.F.);
#2059=ORIENTED_EDGE('',*,*,#3281,.F.);
#2060=ORIENTED_EDGE('',*,*,#3282,.F.);
#2061=ORIENTED_EDGE('',*,*,#3283,.F.);
#2062=ORIENTED_EDGE('',*,*,#3127,.F.);
#2063=ORIENTED_EDGE('',*,*,#3284,.F.);
#2064=ORIENTED_EDGE('',*,*,#3147,.F.);
#2065=ORIENTED_EDGE('',*,*,#3285,.F.);
#2066=ORIENTED_EDGE('',*,*,#3286,.F.);
#2067=ORIENTED_EDGE('',*,*,#3128,.F.);
#2068=ORIENTED_EDGE('',*,*,#3287,.F.);
#2069=ORIENTED_EDGE('',*,*,#3288,.F.);
#2070=ORIENTED_EDGE('',*,*,#3289,.F.);
#2071=ORIENTED_EDGE('',*,*,#3290,.F.);
#2072=ORIENTED_EDGE('',*,*,#3149,.F.);
#2073=ORIENTED_EDGE('',*,*,#3291,.F.);
#2074=ORIENTED_EDGE('',*,*,#3129,.F.);
#2075=ORIENTED_EDGE('',*,*,#3292,.F.);
#2076=ORIENTED_EDGE('',*,*,#3293,.F.);
#2077=ORIENTED_EDGE('',*,*,#3294,.F.);
#2078=ORIENTED_EDGE('',*,*,#3295,.F.);
#2079=ORIENTED_EDGE('',*,*,#3296,.F.);
#2080=ORIENTED_EDGE('',*,*,#3130,.F.);
#2081=ORIENTED_EDGE('',*,*,#3132,.T.);
#2082=ORIENTED_EDGE('',*,*,#3297,.F.);
#2083=ORIENTED_EDGE('',*,*,#3133,.T.);
#2084=ORIENTED_EDGE('',*,*,#3298,.T.);
#2085=ORIENTED_EDGE('',*,*,#3299,.F.);
#2086=ORIENTED_EDGE('',*,*,#3300,.F.);
#2087=ORIENTED_EDGE('',*,*,#3301,.F.);
#2088=ORIENTED_EDGE('',*,*,#3302,.F.);
#2089=ORIENTED_EDGE('',*,*,#3303,.F.);
#2090=ORIENTED_EDGE('',*,*,#3304,.F.);
#2091=ORIENTED_EDGE('',*,*,#3135,.F.);
#2092=ORIENTED_EDGE('',*,*,#3305,.F.);
#2093=ORIENTED_EDGE('',*,*,#3136,.F.);
#2094=ORIENTED_EDGE('',*,*,#3306,.F.);
#2095=ORIENTED_EDGE('',*,*,#3137,.F.);
#2096=ORIENTED_EDGE('',*,*,#3307,.F.);
#2097=ORIENTED_EDGE('',*,*,#3138,.F.);
#2098=ORIENTED_EDGE('',*,*,#3308,.F.);
#2099=ORIENTED_EDGE('',*,*,#3139,.F.);
#2100=ORIENTED_EDGE('',*,*,#3309,.F.);
#2101=ORIENTED_EDGE('',*,*,#3140,.F.);
#2102=ORIENTED_EDGE('',*,*,#3310,.F.);
#2103=ORIENTED_EDGE('',*,*,#3141,.F.);
#2104=ORIENTED_EDGE('',*,*,#3311,.F.);
#2105=ORIENTED_EDGE('',*,*,#3142,.F.);
#2106=ORIENTED_EDGE('',*,*,#3312,.F.);
#2107=ORIENTED_EDGE('',*,*,#3143,.F.);
#2108=ORIENTED_EDGE('',*,*,#3313,.T.);
#2109=ORIENTED_EDGE('',*,*,#3314,.T.);
#2110=ORIENTED_EDGE('',*,*,#3315,.F.);
#2111=ORIENTED_EDGE('',*,*,#3316,.F.);
#2112=ORIENTED_EDGE('',*,*,#3317,.T.);
#2113=ORIENTED_EDGE('',*,*,#3315,.T.);
#2114=ORIENTED_EDGE('',*,*,#3318,.F.);
#2115=ORIENTED_EDGE('',*,*,#3319,.F.);
#2116=ORIENTED_EDGE('',*,*,#3320,.T.);
#2117=ORIENTED_EDGE('',*,*,#3319,.T.);
#2118=ORIENTED_EDGE('',*,*,#3321,.F.);
#2119=ORIENTED_EDGE('',*,*,#3322,.F.);
#2120=ORIENTED_EDGE('',*,*,#3322,.T.);
#2121=ORIENTED_EDGE('',*,*,#3323,.T.);
#2122=ORIENTED_EDGE('',*,*,#3313,.F.);
#2123=ORIENTED_EDGE('',*,*,#3324,.F.);
#2124=ORIENTED_EDGE('',*,*,#3325,.T.);
#2125=ORIENTED_EDGE('',*,*,#3326,.T.);
#2126=ORIENTED_EDGE('',*,*,#3327,.F.);
#2127=ORIENTED_EDGE('',*,*,#3328,.F.);
#2128=ORIENTED_EDGE('',*,*,#3329,.T.);
#2129=ORIENTED_EDGE('',*,*,#3327,.T.);
#2130=ORIENTED_EDGE('',*,*,#3330,.F.);
#2131=ORIENTED_EDGE('',*,*,#3331,.F.);
#2132=ORIENTED_EDGE('',*,*,#3332,.T.);
#2133=ORIENTED_EDGE('',*,*,#3331,.T.);
#2134=ORIENTED_EDGE('',*,*,#3333,.F.);
#2135=ORIENTED_EDGE('',*,*,#3334,.F.);
#2136=ORIENTED_EDGE('',*,*,#3334,.T.);
#2137=ORIENTED_EDGE('',*,*,#3335,.T.);
#2138=ORIENTED_EDGE('',*,*,#3325,.F.);
#2139=ORIENTED_EDGE('',*,*,#3336,.F.);
#2140=ORIENTED_EDGE('',*,*,#3337,.T.);
#2141=ORIENTED_EDGE('',*,*,#3338,.T.);
#2142=ORIENTED_EDGE('',*,*,#3339,.F.);
#2143=ORIENTED_EDGE('',*,*,#3340,.F.);
#2144=ORIENTED_EDGE('',*,*,#3339,.T.);
#2145=ORIENTED_EDGE('',*,*,#3341,.T.);
#2146=ORIENTED_EDGE('',*,*,#3342,.F.);
#2147=ORIENTED_EDGE('',*,*,#3343,.F.);
#2148=ORIENTED_EDGE('',*,*,#3344,.T.);
#2149=ORIENTED_EDGE('',*,*,#3342,.T.);
#2150=ORIENTED_EDGE('',*,*,#3345,.F.);
#2151=ORIENTED_EDGE('',*,*,#3346,.F.);
#2152=ORIENTED_EDGE('',*,*,#3347,.T.);
#2153=ORIENTED_EDGE('',*,*,#3346,.T.);
#2154=ORIENTED_EDGE('',*,*,#3348,.F.);
#2155=ORIENTED_EDGE('',*,*,#3337,.F.);
#2156=ORIENTED_EDGE('',*,*,#3349,.T.);
#2157=ORIENTED_EDGE('',*,*,#3350,.T.);
#2158=ORIENTED_EDGE('',*,*,#3351,.F.);
#2159=ORIENTED_EDGE('',*,*,#3289,.T.);
#2160=ORIENTED_EDGE('',*,*,#3352,.F.);
#2161=ORIENTED_EDGE('',*,*,#3292,.T.);
#2162=ORIENTED_EDGE('',*,*,#3351,.T.);
#2163=ORIENTED_EDGE('',*,*,#3353,.T.);
#2164=ORIENTED_EDGE('',*,*,#3354,.F.);
#2165=ORIENTED_EDGE('',*,*,#3355,.F.);
#2166=ORIENTED_EDGE('',*,*,#3285,.T.);
#2167=ORIENTED_EDGE('',*,*,#3146,.F.);
#2168=ORIENTED_EDGE('',*,*,#3290,.T.);
#2169=ORIENTED_EDGE('',*,*,#3356,.T.);
#2170=ORIENTED_EDGE('',*,*,#3354,.T.);
#2171=ORIENTED_EDGE('',*,*,#3357,.F.);
#2172=ORIENTED_EDGE('',*,*,#3358,.F.);
#2173=ORIENTED_EDGE('',*,*,#3349,.F.);
#2174=ORIENTED_EDGE('',*,*,#3296,.T.);
#2175=ORIENTED_EDGE('',*,*,#3359,.T.);
#2176=ORIENTED_EDGE('',*,*,#3280,.T.);
#2177=ORIENTED_EDGE('',*,*,#3360,.T.);
#2178=ORIENTED_EDGE('',*,*,#3358,.T.);
#2179=ORIENTED_EDGE('',*,*,#3361,.F.);
#2180=ORIENTED_EDGE('',*,*,#3362,.T.);
#2181=ORIENTED_EDGE('',*,*,#3363,.T.);
#2182=ORIENTED_EDGE('',*,*,#3364,.F.);
#2183=ORIENTED_EDGE('',*,*,#3365,.F.);
#2184=ORIENTED_EDGE('',*,*,#3364,.T.);
#2185=ORIENTED_EDGE('',*,*,#3366,.T.);
#2186=ORIENTED_EDGE('',*,*,#3367,.F.);
#2187=ORIENTED_EDGE('',*,*,#3368,.F.);
#2188=ORIENTED_EDGE('',*,*,#3282,.T.);
#2189=ORIENTED_EDGE('',*,*,#3369,.F.);
#2190=ORIENTED_EDGE('',*,*,#3370,.T.);
#2191=ORIENTED_EDGE('',*,*,#3367,.T.);
#2192=ORIENTED_EDGE('',*,*,#3371,.F.);
#2193=ORIENTED_EDGE('',*,*,#3372,.F.);
#2194=ORIENTED_EDGE('',*,*,#3373,.T.);
#2195=ORIENTED_EDGE('',*,*,#3372,.T.);
#2196=ORIENTED_EDGE('',*,*,#3374,.F.);
#2197=ORIENTED_EDGE('',*,*,#3362,.F.);
#2198=ORIENTED_EDGE('',*,*,#3375,.T.);
#2199=ORIENTED_EDGE('',*,*,#3376,.T.);
#2200=ORIENTED_EDGE('',*,*,#3377,.F.);
#2201=ORIENTED_EDGE('',*,*,#3378,.F.);
#2202=ORIENTED_EDGE('',*,*,#3378,.T.);
#2203=ORIENTED_EDGE('',*,*,#3379,.T.);
#2204=ORIENTED_EDGE('',*,*,#3380,.F.);
#2205=ORIENTED_EDGE('',*,*,#3381,.F.);
#2206=ORIENTED_EDGE('',*,*,#3380,.T.);
#2207=ORIENTED_EDGE('',*,*,#3382,.T.);
#2208=ORIENTED_EDGE('',*,*,#3383,.F.);
#2209=ORIENTED_EDGE('',*,*,#3384,.F.);
#2210=ORIENTED_EDGE('',*,*,#3383,.T.);
#2211=ORIENTED_EDGE('',*,*,#3385,.T.);
#2212=ORIENTED_EDGE('',*,*,#3386,.F.);
#2213=ORIENTED_EDGE('',*,*,#3387,.F.);
#2214=ORIENTED_EDGE('',*,*,#3386,.T.);
#2215=ORIENTED_EDGE('',*,*,#3388,.T.);
#2216=ORIENTED_EDGE('',*,*,#3389,.F.);
#2217=ORIENTED_EDGE('',*,*,#3390,.F.);
#2218=ORIENTED_EDGE('',*,*,#3391,.T.);
#2219=ORIENTED_EDGE('',*,*,#3389,.T.);
#2220=ORIENTED_EDGE('',*,*,#3392,.F.);
#2221=ORIENTED_EDGE('',*,*,#3393,.F.);
#2222=ORIENTED_EDGE('',*,*,#3393,.T.);
#2223=ORIENTED_EDGE('',*,*,#3394,.T.);
#2224=ORIENTED_EDGE('',*,*,#3395,.F.);
#2225=ORIENTED_EDGE('',*,*,#3396,.F.);
#2226=ORIENTED_EDGE('',*,*,#3397,.T.);
#2227=ORIENTED_EDGE('',*,*,#3395,.T.);
#2228=ORIENTED_EDGE('',*,*,#3398,.F.);
#2229=ORIENTED_EDGE('',*,*,#3399,.F.);
#2230=ORIENTED_EDGE('',*,*,#3400,.T.);
#2231=ORIENTED_EDGE('',*,*,#3399,.T.);
#2232=ORIENTED_EDGE('',*,*,#3401,.F.);
#2233=ORIENTED_EDGE('',*,*,#3402,.F.);
#2234=ORIENTED_EDGE('',*,*,#3403,.T.);
#2235=ORIENTED_EDGE('',*,*,#3402,.T.);
#2236=ORIENTED_EDGE('',*,*,#3404,.F.);
#2237=ORIENTED_EDGE('',*,*,#3405,.F.);
#2238=ORIENTED_EDGE('',*,*,#3406,.T.);
#2239=ORIENTED_EDGE('',*,*,#3405,.T.);
#2240=ORIENTED_EDGE('',*,*,#3407,.F.);
#2241=ORIENTED_EDGE('',*,*,#3408,.F.);
#2242=ORIENTED_EDGE('',*,*,#3408,.T.);
#2243=ORIENTED_EDGE('',*,*,#3409,.T.);
#2244=ORIENTED_EDGE('',*,*,#3376,.F.);
#2245=ORIENTED_EDGE('',*,*,#3410,.F.);
#2246=ORIENTED_EDGE('',*,*,#3411,.T.);
#2247=ORIENTED_EDGE('',*,*,#3412,.T.);
#2248=ORIENTED_EDGE('',*,*,#3413,.F.);
#2249=ORIENTED_EDGE('',*,*,#3414,.F.);
#2250=ORIENTED_EDGE('',*,*,#3278,.T.);
#2251=ORIENTED_EDGE('',*,*,#3415,.F.);
#2252=ORIENTED_EDGE('',*,*,#3413,.T.);
#2253=ORIENTED_EDGE('',*,*,#3416,.T.);
#2254=ORIENTED_EDGE('',*,*,#3417,.F.);
#2255=ORIENTED_EDGE('',*,*,#3418,.F.);
#2256=ORIENTED_EDGE('',*,*,#3419,.T.);
#2257=ORIENTED_EDGE('',*,*,#3417,.T.);
#2258=ORIENTED_EDGE('',*,*,#3420,.F.);
#2259=ORIENTED_EDGE('',*,*,#3421,.F.);
#2260=ORIENTED_EDGE('',*,*,#3422,.T.);
#2261=ORIENTED_EDGE('',*,*,#3421,.T.);
#2262=ORIENTED_EDGE('',*,*,#3423,.F.);
#2263=ORIENTED_EDGE('',*,*,#3411,.F.);
#2264=ORIENTED_EDGE('',*,*,#3424,.T.);
#2265=ORIENTED_EDGE('',*,*,#3425,.T.);
#2266=ORIENTED_EDGE('',*,*,#3426,.F.);
#2267=ORIENTED_EDGE('',*,*,#3427,.F.);
#2268=ORIENTED_EDGE('',*,*,#3426,.T.);
#2269=ORIENTED_EDGE('',*,*,#3428,.T.);
#2270=ORIENTED_EDGE('',*,*,#3429,.F.);
#2271=ORIENTED_EDGE('',*,*,#3430,.F.);
#2272=ORIENTED_EDGE('',*,*,#3272,.T.);
#2273=ORIENTED_EDGE('',*,*,#3431,.F.);
#2274=ORIENTED_EDGE('',*,*,#3432,.T.);
#2275=ORIENTED_EDGE('',*,*,#3276,.T.);
#2276=ORIENTED_EDGE('',*,*,#3433,.T.);
#2277=ORIENTED_EDGE('',*,*,#3429,.T.);
#2278=ORIENTED_EDGE('',*,*,#3434,.F.);
#2279=ORIENTED_EDGE('',*,*,#3435,.F.);
#2280=ORIENTED_EDGE('',*,*,#3436,.T.);
#2281=ORIENTED_EDGE('',*,*,#3274,.T.);
#2282=ORIENTED_EDGE('',*,*,#3437,.T.);
#2283=ORIENTED_EDGE('',*,*,#3435,.T.);
#2284=ORIENTED_EDGE('',*,*,#3438,.F.);
#2285=ORIENTED_EDGE('',*,*,#3424,.F.);
#2286=ORIENTED_EDGE('',*,*,#3439,.T.);
#2287=ORIENTED_EDGE('',*,*,#3440,.T.);
#2288=ORIENTED_EDGE('',*,*,#3441,.F.);
#2289=ORIENTED_EDGE('',*,*,#3269,.T.);
#2290=ORIENTED_EDGE('',*,*,#3442,.F.);
#2291=ORIENTED_EDGE('',*,*,#3443,.T.);
#2292=ORIENTED_EDGE('',*,*,#3264,.T.);
#2293=ORIENTED_EDGE('',*,*,#3441,.T.);
#2294=ORIENTED_EDGE('',*,*,#3444,.F.);
#2295=ORIENTED_EDGE('',*,*,#3445,.F.);
#2296=ORIENTED_EDGE('',*,*,#3446,.T.);
#2297=ORIENTED_EDGE('',*,*,#3445,.T.);
#2298=ORIENTED_EDGE('',*,*,#3447,.F.);
#2299=ORIENTED_EDGE('',*,*,#3448,.F.);
#2300=ORIENTED_EDGE('',*,*,#3448,.T.);
#2301=ORIENTED_EDGE('',*,*,#3449,.T.);
#2302=ORIENTED_EDGE('',*,*,#3439,.F.);
#2303=ORIENTED_EDGE('',*,*,#3450,.F.);
#2304=ORIENTED_EDGE('',*,*,#3451,.T.);
#2305=ORIENTED_EDGE('',*,*,#3452,.T.);
#2306=ORIENTED_EDGE('',*,*,#3453,.F.);
#2307=ORIENTED_EDGE('',*,*,#3266,.T.);
#2308=ORIENTED_EDGE('',*,*,#3454,.F.);
#2309=ORIENTED_EDGE('',*,*,#3453,.T.);
#2310=ORIENTED_EDGE('',*,*,#3455,.T.);
#2311=ORIENTED_EDGE('',*,*,#3456,.F.);
#2312=ORIENTED_EDGE('',*,*,#3260,.T.);
#2313=ORIENTED_EDGE('',*,*,#3457,.F.);
#2314=ORIENTED_EDGE('',*,*,#3267,.T.);
#2315=ORIENTED_EDGE('',*,*,#3458,.T.);
#2316=ORIENTED_EDGE('',*,*,#3261,.T.);
#2317=ORIENTED_EDGE('',*,*,#3456,.T.);
#2318=ORIENTED_EDGE('',*,*,#3459,.F.);
#2319=ORIENTED_EDGE('',*,*,#3460,.F.);
#2320=ORIENTED_EDGE('',*,*,#3461,.T.);
#2321=ORIENTED_EDGE('',*,*,#3270,.T.);
#2322=ORIENTED_EDGE('',*,*,#3462,.T.);
#2323=ORIENTED_EDGE('',*,*,#3460,.T.);
#2324=ORIENTED_EDGE('',*,*,#3463,.F.);
#2325=ORIENTED_EDGE('',*,*,#3451,.F.);
#2326=ORIENTED_EDGE('',*,*,#3464,.T.);
#2327=ORIENTED_EDGE('',*,*,#3465,.T.);
#2328=ORIENTED_EDGE('',*,*,#3466,.F.);
#2329=ORIENTED_EDGE('',*,*,#3467,.F.);
#2330=ORIENTED_EDGE('',*,*,#3258,.T.);
#2331=ORIENTED_EDGE('',*,*,#3468,.T.);
#2332=ORIENTED_EDGE('',*,*,#3466,.T.);
#2333=ORIENTED_EDGE('',*,*,#3469,.F.);
#2334=ORIENTED_EDGE('',*,*,#3470,.F.);
#2335=ORIENTED_EDGE('',*,*,#3471,.T.);
#2336=ORIENTED_EDGE('',*,*,#3470,.T.);
#2337=ORIENTED_EDGE('',*,*,#3472,.F.);
#2338=ORIENTED_EDGE('',*,*,#3473,.F.);
#2339=ORIENTED_EDGE('',*,*,#3473,.T.);
#2340=ORIENTED_EDGE('',*,*,#3474,.T.);
#2341=ORIENTED_EDGE('',*,*,#3464,.F.);
#2342=ORIENTED_EDGE('',*,*,#3263,.T.);
#2343=ORIENTED_EDGE('',*,*,#3475,.F.);
#2344=ORIENTED_EDGE('',*,*,#3476,.T.);
#2345=ORIENTED_EDGE('',*,*,#3477,.T.);
#2346=ORIENTED_EDGE('',*,*,#3478,.F.);
#2347=ORIENTED_EDGE('',*,*,#3304,.T.);
#2348=ORIENTED_EDGE('',*,*,#3479,.F.);
#2349=ORIENTED_EDGE('',*,*,#3478,.T.);
#2350=ORIENTED_EDGE('',*,*,#3480,.T.);
#2351=ORIENTED_EDGE('',*,*,#3481,.F.);
#2352=ORIENTED_EDGE('',*,*,#3482,.F.);
#2353=ORIENTED_EDGE('',*,*,#3299,.T.);
#2354=ORIENTED_EDGE('',*,*,#3483,.T.);
#2355=ORIENTED_EDGE('',*,*,#3481,.T.);
#2356=ORIENTED_EDGE('',*,*,#3484,.F.);
#2357=ORIENTED_EDGE('',*,*,#3485,.F.);
#2358=ORIENTED_EDGE('',*,*,#3486,.T.);
#2359=ORIENTED_EDGE('',*,*,#3485,.T.);
#2360=ORIENTED_EDGE('',*,*,#3487,.F.);
#2361=ORIENTED_EDGE('',*,*,#3476,.F.);
#2362=ORIENTED_EDGE('',*,*,#3488,.T.);
#2363=ORIENTED_EDGE('',*,*,#3489,.T.);
#2364=ORIENTED_EDGE('',*,*,#3490,.F.);
#2365=ORIENTED_EDGE('',*,*,#3301,.T.);
#2366=ORIENTED_EDGE('',*,*,#3491,.F.);
#2367=ORIENTED_EDGE('',*,*,#3492,.T.);
#2368=ORIENTED_EDGE('',*,*,#3302,.T.);
#2369=ORIENTED_EDGE('',*,*,#3490,.T.);
#2370=ORIENTED_EDGE('',*,*,#3493,.F.);
#2371=ORIENTED_EDGE('',*,*,#3494,.F.);
#2372=ORIENTED_EDGE('',*,*,#3495,.T.);
#2373=ORIENTED_EDGE('',*,*,#3494,.T.);
#2374=ORIENTED_EDGE('',*,*,#3496,.F.);
#2375=ORIENTED_EDGE('',*,*,#3497,.F.);
#2376=ORIENTED_EDGE('',*,*,#3497,.T.);
#2377=ORIENTED_EDGE('',*,*,#3498,.T.);
#2378=ORIENTED_EDGE('',*,*,#3488,.F.);
#2379=ORIENTED_EDGE('',*,*,#3499,.F.);
#2380=ORIENTED_EDGE('',*,*,#3500,.T.);
#2381=ORIENTED_EDGE('',*,*,#3501,.T.);
#2382=ORIENTED_EDGE('',*,*,#3502,.F.);
#2383=ORIENTED_EDGE('',*,*,#3503,.F.);
#2384=ORIENTED_EDGE('',*,*,#3504,.T.);
#2385=ORIENTED_EDGE('',*,*,#3502,.T.);
#2386=ORIENTED_EDGE('',*,*,#3505,.F.);
#2387=ORIENTED_EDGE('',*,*,#3506,.F.);
#2388=ORIENTED_EDGE('',*,*,#3507,.T.);
#2389=ORIENTED_EDGE('',*,*,#3506,.T.);
#2390=ORIENTED_EDGE('',*,*,#3508,.F.);
#2391=ORIENTED_EDGE('',*,*,#3509,.F.);
#2392=ORIENTED_EDGE('',*,*,#3509,.T.);
#2393=ORIENTED_EDGE('',*,*,#3510,.T.);
#2394=ORIENTED_EDGE('',*,*,#3500,.F.);
#2395=ORIENTED_EDGE('',*,*,#3511,.F.);
#2396=ORIENTED_EDGE('',*,*,#3144,.T.);
#2397=ORIENTED_EDGE('',*,*,#3512,.F.);
#2398=ORIENTED_EDGE('',*,*,#3145,.F.);
#2399=ORIENTED_EDGE('',*,*,#3513,.T.);
#2400=ORIENTED_EDGE('',*,*,#3514,.T.);
#2401=ORIENTED_EDGE('',*,*,#3515,.T.);
#2402=ORIENTED_EDGE('',*,*,#3516,.F.);
#2403=ORIENTED_EDGE('',*,*,#3517,.F.);
#2404=ORIENTED_EDGE('',*,*,#3518,.T.);
#2405=ORIENTED_EDGE('',*,*,#3516,.T.);
#2406=ORIENTED_EDGE('',*,*,#3519,.F.);
#2407=ORIENTED_EDGE('',*,*,#3520,.F.);
#2408=ORIENTED_EDGE('',*,*,#3521,.F.);
#2409=ORIENTED_EDGE('',*,*,#3291,.T.);
#2410=ORIENTED_EDGE('',*,*,#3148,.T.);
#2411=ORIENTED_EDGE('',*,*,#3284,.T.);
#2412=ORIENTED_EDGE('',*,*,#3522,.T.);
#2413=ORIENTED_EDGE('',*,*,#3520,.T.);
#2414=ORIENTED_EDGE('',*,*,#3523,.F.);
#2415=ORIENTED_EDGE('',*,*,#3521,.T.);
#2416=ORIENTED_EDGE('',*,*,#3524,.T.);
#2417=ORIENTED_EDGE('',*,*,#3514,.F.);
#2418=ORIENTED_EDGE('',*,*,#3525,.F.);
#2419=ORIENTED_EDGE('',*,*,#3287,.T.);
#2420=ORIENTED_EDGE('',*,*,#3526,.T.);
#2421=ORIENTED_EDGE('',*,*,#3527,.T.);
#2422=ORIENTED_EDGE('',*,*,#3528,.F.);
#2423=ORIENTED_EDGE('',*,*,#3529,.F.);
#2424=ORIENTED_EDGE('',*,*,#3530,.T.);
#2425=ORIENTED_EDGE('',*,*,#3529,.T.);
#2426=ORIENTED_EDGE('',*,*,#3531,.F.);
#2427=ORIENTED_EDGE('',*,*,#3532,.F.);
#2428=ORIENTED_EDGE('',*,*,#3532,.T.);
#2429=ORIENTED_EDGE('',*,*,#3533,.T.);
#2430=ORIENTED_EDGE('',*,*,#3534,.F.);
#2431=ORIENTED_EDGE('',*,*,#3535,.F.);
#2432=ORIENTED_EDGE('',*,*,#3536,.T.);
#2433=ORIENTED_EDGE('',*,*,#3534,.T.);
#2434=ORIENTED_EDGE('',*,*,#3537,.F.);
#2435=ORIENTED_EDGE('',*,*,#3538,.F.);
#2436=ORIENTED_EDGE('',*,*,#3539,.T.);
#2437=ORIENTED_EDGE('',*,*,#3538,.T.);
#2438=ORIENTED_EDGE('',*,*,#3540,.F.);
#2439=ORIENTED_EDGE('',*,*,#3541,.F.);
#2440=ORIENTED_EDGE('',*,*,#3542,.T.);
#2441=ORIENTED_EDGE('',*,*,#3541,.T.);
#2442=ORIENTED_EDGE('',*,*,#3543,.F.);
#2443=ORIENTED_EDGE('',*,*,#3544,.F.);
#2444=ORIENTED_EDGE('',*,*,#3544,.T.);
#2445=ORIENTED_EDGE('',*,*,#3545,.T.);
#2446=ORIENTED_EDGE('',*,*,#3546,.F.);
#2447=ORIENTED_EDGE('',*,*,#3547,.F.);
#2448=ORIENTED_EDGE('',*,*,#3546,.T.);
#2449=ORIENTED_EDGE('',*,*,#3548,.T.);
#2450=ORIENTED_EDGE('',*,*,#3527,.F.);
#2451=ORIENTED_EDGE('',*,*,#3549,.F.);
#2452=ORIENTED_EDGE('',*,*,#3294,.T.);
#2453=ORIENTED_EDGE('',*,*,#3550,.F.);
#2454=ORIENTED_EDGE('',*,*,#3551,.T.);
#2455=ORIENTED_EDGE('',*,*,#3552,.T.);
#2456=ORIENTED_EDGE('',*,*,#3553,.F.);
#2457=ORIENTED_EDGE('',*,*,#3554,.F.);
#2458=ORIENTED_EDGE('',*,*,#3555,.T.);
#2459=ORIENTED_EDGE('',*,*,#3554,.T.);
#2460=ORIENTED_EDGE('',*,*,#3556,.F.);
#2461=ORIENTED_EDGE('',*,*,#3557,.F.);
#2462=ORIENTED_EDGE('',*,*,#3557,.T.);
#2463=ORIENTED_EDGE('',*,*,#3558,.T.);
#2464=ORIENTED_EDGE('',*,*,#3559,.F.);
#2465=ORIENTED_EDGE('',*,*,#3560,.F.);
#2466=ORIENTED_EDGE('',*,*,#3559,.T.);
#2467=ORIENTED_EDGE('',*,*,#3561,.T.);
#2468=ORIENTED_EDGE('',*,*,#3552,.F.);
#2469=ORIENTED_EDGE('',*,*,#3562,.F.);
#2470=ORIENTED_EDGE('',*,*,#3563,.F.);
#2471=ORIENTED_EDGE('',*,*,#3152,.T.);
#2472=ORIENTED_EDGE('',*,*,#3564,.F.);
#2473=ORIENTED_EDGE('',*,*,#3565,.F.);
#2474=ORIENTED_EDGE('',*,*,#3566,.T.);
#2475=ORIENTED_EDGE('',*,*,#3154,.T.);
#2476=ORIENTED_EDGE('',*,*,#3563,.T.);
#2477=ORIENTED_EDGE('',*,*,#3567,.F.);
#2478=ORIENTED_EDGE('',*,*,#3568,.F.);
#2479=ORIENTED_EDGE('',*,*,#3155,.T.);
#2480=ORIENTED_EDGE('',*,*,#3566,.F.);
#2481=ORIENTED_EDGE('',*,*,#3569,.F.);
#2482=ORIENTED_EDGE('',*,*,#3570,.T.);
#2483=ORIENTED_EDGE('',*,*,#3157,.T.);
#2484=ORIENTED_EDGE('',*,*,#3568,.T.);
#2485=ORIENTED_EDGE('',*,*,#3571,.F.);
#2486=ORIENTED_EDGE('',*,*,#3572,.F.);
#2487=ORIENTED_EDGE('',*,*,#3159,.T.);
#2488=ORIENTED_EDGE('',*,*,#3570,.F.);
#2489=ORIENTED_EDGE('',*,*,#3573,.F.);
#2490=ORIENTED_EDGE('',*,*,#3574,.T.);
#2491=ORIENTED_EDGE('',*,*,#3161,.T.);
#2492=ORIENTED_EDGE('',*,*,#3572,.T.);
#2493=ORIENTED_EDGE('',*,*,#3575,.T.);
#2494=ORIENTED_EDGE('',*,*,#3576,.F.);
#2495=ORIENTED_EDGE('',*,*,#3163,.T.);
#2496=ORIENTED_EDGE('',*,*,#3574,.F.);
#2497=ORIENTED_EDGE('',*,*,#3577,.F.);
#2498=ORIENTED_EDGE('',*,*,#3564,.T.);
#2499=ORIENTED_EDGE('',*,*,#3165,.T.);
#2500=ORIENTED_EDGE('',*,*,#3576,.T.);
#2501=ORIENTED_EDGE('',*,*,#3578,.T.);
#2502=ORIENTED_EDGE('',*,*,#3579,.T.);
#2503=ORIENTED_EDGE('',*,*,#3580,.T.);
#2504=ORIENTED_EDGE('',*,*,#3581,.T.);
#2505=ORIENTED_EDGE('',*,*,#3582,.T.);
#2506=ORIENTED_EDGE('',*,*,#3189,.T.);
#2507=ORIENTED_EDGE('',*,*,#3187,.T.);
#2508=ORIENTED_EDGE('',*,*,#3185,.T.);
#2509=ORIENTED_EDGE('',*,*,#3183,.T.);
#2510=ORIENTED_EDGE('',*,*,#3583,.F.);
#2511=ORIENTED_EDGE('',*,*,#3584,.F.);
#2512=ORIENTED_EDGE('',*,*,#3585,.F.);
#2513=ORIENTED_EDGE('',*,*,#3580,.F.);
#2514=ORIENTED_EDGE('',*,*,#3181,.T.);
#2515=ORIENTED_EDGE('',*,*,#3179,.T.);
#2516=ORIENTED_EDGE('',*,*,#3177,.T.);
#2517=ORIENTED_EDGE('',*,*,#3175,.T.);
#2518=ORIENTED_EDGE('',*,*,#3173,.T.);
#2519=ORIENTED_EDGE('',*,*,#3171,.T.);
#2520=ORIENTED_EDGE('',*,*,#3169,.T.);
#2521=ORIENTED_EDGE('',*,*,#3167,.T.);
#2522=ORIENTED_EDGE('',*,*,#3586,.T.);
#2523=ORIENTED_EDGE('',*,*,#3584,.T.);
#2524=ORIENTED_EDGE('',*,*,#3587,.T.);
#2525=ORIENTED_EDGE('',*,*,#3588,.T.);
#2526=ORIENTED_EDGE('',*,*,#3589,.F.);
#2527=ORIENTED_EDGE('',*,*,#3590,.F.);
#2528=ORIENTED_EDGE('',*,*,#3591,.F.);
#2529=ORIENTED_EDGE('',*,*,#3592,.F.);
#2530=ORIENTED_EDGE('',*,*,#3593,.T.);
#2531=ORIENTED_EDGE('',*,*,#3594,.T.);
#2532=ORIENTED_EDGE('',*,*,#3595,.T.);
#2533=ORIENTED_EDGE('',*,*,#3592,.T.);
#2534=ORIENTED_EDGE('',*,*,#3596,.F.);
#2535=ORIENTED_EDGE('',*,*,#3597,.F.);
#2536=ORIENTED_EDGE('',*,*,#3598,.F.);
#2537=ORIENTED_EDGE('',*,*,#3594,.F.);
#2538=ORIENTED_EDGE('',*,*,#3312,.T.);
#2539=ORIENTED_EDGE('',*,*,#3311,.T.);
#2540=ORIENTED_EDGE('',*,*,#3310,.T.);
#2541=ORIENTED_EDGE('',*,*,#3309,.T.);
#2542=ORIENTED_EDGE('',*,*,#3308,.T.);
#2543=ORIENTED_EDGE('',*,*,#3307,.T.);
#2544=ORIENTED_EDGE('',*,*,#3306,.T.);
#2545=ORIENTED_EDGE('',*,*,#3305,.T.);
#2546=ORIENTED_EDGE('',*,*,#3320,.F.);
#2547=ORIENTED_EDGE('',*,*,#3324,.T.);
#2548=ORIENTED_EDGE('',*,*,#3316,.T.);
#2549=ORIENTED_EDGE('',*,*,#3317,.F.);
#2550=ORIENTED_EDGE('',*,*,#3344,.F.);
#2551=ORIENTED_EDGE('',*,*,#3347,.F.);
#2552=ORIENTED_EDGE('',*,*,#3340,.T.);
#2553=ORIENTED_EDGE('',*,*,#3343,.T.);
#2554=ORIENTED_EDGE('',*,*,#3491,.T.);
#2555=ORIENTED_EDGE('',*,*,#3300,.T.);
#2556=ORIENTED_EDGE('',*,*,#3482,.T.);
#2557=ORIENTED_EDGE('',*,*,#3483,.F.);
#2558=ORIENTED_EDGE('',*,*,#3486,.F.);
#2559=ORIENTED_EDGE('',*,*,#3479,.T.);
#2560=ORIENTED_EDGE('',*,*,#3303,.T.);
#2561=ORIENTED_EDGE('',*,*,#3492,.F.);
#2562=ORIENTED_EDGE('',*,*,#3495,.F.);
#2563=ORIENTED_EDGE('',*,*,#3499,.T.);
#2564=ORIENTED_EDGE('',*,*,#3599,.F.);
#2565=ORIENTED_EDGE('',*,*,#3600,.T.);
#2566=ORIENTED_EDGE('',*,*,#3601,.T.);
#2567=ORIENTED_EDGE('',*,*,#3581,.F.);
#2568=ORIENTED_EDGE('',*,*,#3585,.T.);
#2569=ORIENTED_EDGE('',*,*,#3586,.F.);
#2570=ORIENTED_EDGE('',*,*,#3298,.F.);
#2571=ORIENTED_EDGE('',*,*,#3507,.F.);
#2572=ORIENTED_EDGE('',*,*,#3511,.T.);
#2573=ORIENTED_EDGE('',*,*,#3503,.T.);
#2574=ORIENTED_EDGE('',*,*,#3504,.F.);
#2575=ORIENTED_EDGE('',*,*,#3297,.T.);
#2576=ORIENTED_EDGE('',*,*,#3550,.T.);
#2577=ORIENTED_EDGE('',*,*,#3293,.T.);
#2578=ORIENTED_EDGE('',*,*,#3352,.T.);
#2579=ORIENTED_EDGE('',*,*,#3288,.T.);
#2580=ORIENTED_EDGE('',*,*,#3525,.T.);
#2581=ORIENTED_EDGE('',*,*,#3517,.T.);
#2582=ORIENTED_EDGE('',*,*,#3518,.F.);
#2583=ORIENTED_EDGE('',*,*,#3522,.F.);
#2584=ORIENTED_EDGE('',*,*,#3286,.T.);
#2585=ORIENTED_EDGE('',*,*,#3355,.T.);
#2586=ORIENTED_EDGE('',*,*,#3356,.F.);
#2587=ORIENTED_EDGE('',*,*,#3360,.F.);
#2588=ORIENTED_EDGE('',*,*,#3283,.T.);
#2589=ORIENTED_EDGE('',*,*,#3368,.T.);
#2590=ORIENTED_EDGE('',*,*,#3370,.F.);
#2591=ORIENTED_EDGE('',*,*,#3373,.F.);
#2592=ORIENTED_EDGE('',*,*,#3365,.T.);
#2593=ORIENTED_EDGE('',*,*,#3369,.T.);
#2594=ORIENTED_EDGE('',*,*,#3281,.T.);
#2595=ORIENTED_EDGE('',*,*,#3359,.F.);
#2596=ORIENTED_EDGE('',*,*,#3295,.T.);
#2597=ORIENTED_EDGE('',*,*,#3549,.T.);
#2598=ORIENTED_EDGE('',*,*,#3526,.F.);
#2599=ORIENTED_EDGE('',*,*,#3530,.F.);
#2600=ORIENTED_EDGE('',*,*,#3535,.T.);
#2601=ORIENTED_EDGE('',*,*,#3536,.F.);
#2602=ORIENTED_EDGE('',*,*,#3539,.F.);
#2603=ORIENTED_EDGE('',*,*,#3542,.F.);
#2604=ORIENTED_EDGE('',*,*,#3547,.T.);
#2605=ORIENTED_EDGE('',*,*,#3415,.T.);
#2606=ORIENTED_EDGE('',*,*,#3277,.T.);
#2607=ORIENTED_EDGE('',*,*,#3432,.F.);
#2608=ORIENTED_EDGE('',*,*,#3437,.F.);
#2609=ORIENTED_EDGE('',*,*,#3275,.T.);
#2610=ORIENTED_EDGE('',*,*,#3436,.F.);
#2611=ORIENTED_EDGE('',*,*,#3427,.T.);
#2612=ORIENTED_EDGE('',*,*,#3431,.T.);
#2613=ORIENTED_EDGE('',*,*,#3271,.T.);
#2614=ORIENTED_EDGE('',*,*,#3461,.F.);
#2615=ORIENTED_EDGE('',*,*,#3454,.T.);
#2616=ORIENTED_EDGE('',*,*,#3265,.T.);
#2617=ORIENTED_EDGE('',*,*,#3443,.F.);
#2618=ORIENTED_EDGE('',*,*,#3446,.F.);
#2619=ORIENTED_EDGE('',*,*,#3450,.T.);
#2620=ORIENTED_EDGE('',*,*,#3442,.T.);
#2621=ORIENTED_EDGE('',*,*,#3268,.T.);
#2622=ORIENTED_EDGE('',*,*,#3457,.T.);
#2623=ORIENTED_EDGE('',*,*,#3259,.T.);
#2624=ORIENTED_EDGE('',*,*,#3467,.T.);
#2625=ORIENTED_EDGE('',*,*,#3468,.F.);
#2626=ORIENTED_EDGE('',*,*,#3471,.F.);
#2627=ORIENTED_EDGE('',*,*,#3475,.T.);
#2628=ORIENTED_EDGE('',*,*,#3262,.T.);
#2629=ORIENTED_EDGE('',*,*,#3458,.F.);
#2630=ORIENTED_EDGE('',*,*,#3462,.F.);
#2631=ORIENTED_EDGE('',*,*,#3273,.T.);
#2632=ORIENTED_EDGE('',*,*,#3430,.T.);
#2633=ORIENTED_EDGE('',*,*,#3433,.F.);
#2634=ORIENTED_EDGE('',*,*,#3279,.T.);
#2635=ORIENTED_EDGE('',*,*,#3414,.T.);
#2636=ORIENTED_EDGE('',*,*,#3418,.T.);
#2637=ORIENTED_EDGE('',*,*,#3419,.F.);
#2638=ORIENTED_EDGE('',*,*,#3422,.F.);
#2639=ORIENTED_EDGE('',*,*,#3406,.F.);
#2640=ORIENTED_EDGE('',*,*,#3410,.T.);
#2641=ORIENTED_EDGE('',*,*,#3375,.F.);
#2642=ORIENTED_EDGE('',*,*,#3381,.T.);
#2643=ORIENTED_EDGE('',*,*,#3384,.T.);
#2644=ORIENTED_EDGE('',*,*,#3387,.T.);
#2645=ORIENTED_EDGE('',*,*,#3390,.T.);
#2646=ORIENTED_EDGE('',*,*,#3391,.F.);
#2647=ORIENTED_EDGE('',*,*,#3396,.T.);
#2648=ORIENTED_EDGE('',*,*,#3397,.F.);
#2649=ORIENTED_EDGE('',*,*,#3400,.F.);
#2650=ORIENTED_EDGE('',*,*,#3403,.F.);
#2651=ORIENTED_EDGE('',*,*,#3560,.T.);
#2652=ORIENTED_EDGE('',*,*,#3562,.T.);
#2653=ORIENTED_EDGE('',*,*,#3551,.F.);
#2654=ORIENTED_EDGE('',*,*,#3555,.F.);
#2655=ORIENTED_EDGE('',*,*,#3332,.F.);
#2656=ORIENTED_EDGE('',*,*,#3336,.T.);
#2657=ORIENTED_EDGE('',*,*,#3328,.T.);
#2658=ORIENTED_EDGE('',*,*,#3329,.F.);
#2659=ORIENTED_EDGE('',*,*,#3602,.F.);
#2660=ORIENTED_EDGE('',*,*,#3603,.T.);
#2661=ORIENTED_EDGE('',*,*,#3596,.T.);
#2662=ORIENTED_EDGE('',*,*,#3593,.F.);
#2663=ORIENTED_EDGE('',*,*,#3591,.T.);
#2664=ORIENTED_EDGE('',*,*,#3604,.F.);
#2665=ORIENTED_EDGE('',*,*,#3605,.F.);
#2666=ORIENTED_EDGE('',*,*,#3606,.T.);
#2667=ORIENTED_EDGE('',*,*,#3587,.F.);
#2668=ORIENTED_EDGE('',*,*,#3583,.T.);
#2669=ORIENTED_EDGE('',*,*,#3579,.F.);
#2670=ORIENTED_EDGE('',*,*,#3607,.F.);
#2671=ORIENTED_EDGE('',*,*,#3608,.F.);
#2672=ORIENTED_EDGE('',*,*,#3604,.T.);
#2673=ORIENTED_EDGE('',*,*,#3590,.T.);
#2674=ORIENTED_EDGE('',*,*,#3609,.F.);
#2675=ORIENTED_EDGE('',*,*,#3610,.F.);
#2676=ORIENTED_EDGE('',*,*,#3611,.T.);
#2677=ORIENTED_EDGE('',*,*,#3597,.T.);
#2678=ORIENTED_EDGE('',*,*,#3603,.F.);
#2679=ORIENTED_EDGE('',*,*,#3578,.F.);
#2680=ORIENTED_EDGE('',*,*,#3577,.T.);
#2681=ORIENTED_EDGE('',*,*,#3575,.F.);
#2682=ORIENTED_EDGE('',*,*,#3573,.T.);
#2683=ORIENTED_EDGE('',*,*,#3571,.T.);
#2684=ORIENTED_EDGE('',*,*,#3569,.T.);
#2685=ORIENTED_EDGE('',*,*,#3567,.T.);
#2686=ORIENTED_EDGE('',*,*,#3565,.T.);
#2687=ORIENTED_EDGE('',*,*,#3612,.F.);
#2688=ORIENTED_EDGE('',*,*,#3609,.T.);
#2689=ORIENTED_EDGE('',*,*,#3589,.T.);
#2690=ORIENTED_EDGE('',*,*,#3595,.F.);
#2691=ORIENTED_EDGE('',*,*,#3598,.T.);
#2692=ORIENTED_EDGE('',*,*,#3611,.F.);
#2693=ORIENTED_EDGE('',*,*,#3561,.F.);
#2694=ORIENTED_EDGE('',*,*,#3558,.F.);
#2695=ORIENTED_EDGE('',*,*,#3556,.T.);
#2696=ORIENTED_EDGE('',*,*,#3553,.T.);
#2697=ORIENTED_EDGE('',*,*,#3548,.F.);
#2698=ORIENTED_EDGE('',*,*,#3545,.F.);
#2699=ORIENTED_EDGE('',*,*,#3543,.T.);
#2700=ORIENTED_EDGE('',*,*,#3540,.T.);
#2701=ORIENTED_EDGE('',*,*,#3537,.T.);
#2702=ORIENTED_EDGE('',*,*,#3533,.F.);
#2703=ORIENTED_EDGE('',*,*,#3531,.T.);
#2704=ORIENTED_EDGE('',*,*,#3528,.T.);
#2705=ORIENTED_EDGE('',*,*,#3524,.F.);
#2706=ORIENTED_EDGE('',*,*,#3523,.T.);
#2707=ORIENTED_EDGE('',*,*,#3519,.T.);
#2708=ORIENTED_EDGE('',*,*,#3515,.F.);
#2709=ORIENTED_EDGE('',*,*,#3513,.F.);
#2710=ORIENTED_EDGE('',*,*,#3512,.T.);
#2711=ORIENTED_EDGE('',*,*,#3510,.F.);
#2712=ORIENTED_EDGE('',*,*,#3508,.T.);
#2713=ORIENTED_EDGE('',*,*,#3505,.T.);
#2714=ORIENTED_EDGE('',*,*,#3501,.F.);
#2715=ORIENTED_EDGE('',*,*,#3498,.F.);
#2716=ORIENTED_EDGE('',*,*,#3496,.T.);
#2717=ORIENTED_EDGE('',*,*,#3493,.T.);
#2718=ORIENTED_EDGE('',*,*,#3489,.F.);
#2719=ORIENTED_EDGE('',*,*,#3487,.T.);
#2720=ORIENTED_EDGE('',*,*,#3484,.T.);
#2721=ORIENTED_EDGE('',*,*,#3480,.F.);
#2722=ORIENTED_EDGE('',*,*,#3477,.F.);
#2723=ORIENTED_EDGE('',*,*,#3474,.F.);
#2724=ORIENTED_EDGE('',*,*,#3472,.T.);
#2725=ORIENTED_EDGE('',*,*,#3469,.T.);
#2726=ORIENTED_EDGE('',*,*,#3465,.F.);
#2727=ORIENTED_EDGE('',*,*,#3463,.T.);
#2728=ORIENTED_EDGE('',*,*,#3459,.T.);
#2729=ORIENTED_EDGE('',*,*,#3455,.F.);
#2730=ORIENTED_EDGE('',*,*,#3452,.F.);
#2731=ORIENTED_EDGE('',*,*,#3449,.F.);
#2732=ORIENTED_EDGE('',*,*,#3447,.T.);
#2733=ORIENTED_EDGE('',*,*,#3444,.T.);
#2734=ORIENTED_EDGE('',*,*,#3440,.F.);
#2735=ORIENTED_EDGE('',*,*,#3438,.T.);
#2736=ORIENTED_EDGE('',*,*,#3434,.T.);
#2737=ORIENTED_EDGE('',*,*,#3428,.F.);
#2738=ORIENTED_EDGE('',*,*,#3425,.F.);
#2739=ORIENTED_EDGE('',*,*,#3423,.T.);
#2740=ORIENTED_EDGE('',*,*,#3420,.T.);
#2741=ORIENTED_EDGE('',*,*,#3416,.F.);
#2742=ORIENTED_EDGE('',*,*,#3412,.F.);
#2743=ORIENTED_EDGE('',*,*,#3409,.F.);
#2744=ORIENTED_EDGE('',*,*,#3407,.T.);
#2745=ORIENTED_EDGE('',*,*,#3404,.T.);
#2746=ORIENTED_EDGE('',*,*,#3401,.T.);
#2747=ORIENTED_EDGE('',*,*,#3398,.T.);
#2748=ORIENTED_EDGE('',*,*,#3394,.F.);
#2749=ORIENTED_EDGE('',*,*,#3392,.T.);
#2750=ORIENTED_EDGE('',*,*,#3388,.F.);
#2751=ORIENTED_EDGE('',*,*,#3385,.F.);
#2752=ORIENTED_EDGE('',*,*,#3382,.F.);
#2753=ORIENTED_EDGE('',*,*,#3379,.F.);
#2754=ORIENTED_EDGE('',*,*,#3377,.T.);
#2755=ORIENTED_EDGE('',*,*,#3374,.T.);
#2756=ORIENTED_EDGE('',*,*,#3371,.T.);
#2757=ORIENTED_EDGE('',*,*,#3366,.F.);
#2758=ORIENTED_EDGE('',*,*,#3363,.F.);
#2759=ORIENTED_EDGE('',*,*,#3361,.T.);
#2760=ORIENTED_EDGE('',*,*,#3357,.T.);
#2761=ORIENTED_EDGE('',*,*,#3353,.F.);
#2762=ORIENTED_EDGE('',*,*,#3350,.F.);
#2763=ORIENTED_EDGE('',*,*,#3348,.T.);
#2764=ORIENTED_EDGE('',*,*,#3345,.T.);
#2765=ORIENTED_EDGE('',*,*,#3341,.F.);
#2766=ORIENTED_EDGE('',*,*,#3338,.F.);
#2767=ORIENTED_EDGE('',*,*,#3335,.F.);
#2768=ORIENTED_EDGE('',*,*,#3333,.T.);
#2769=ORIENTED_EDGE('',*,*,#3330,.T.);
#2770=ORIENTED_EDGE('',*,*,#3326,.F.);
#2771=ORIENTED_EDGE('',*,*,#3323,.F.);
#2772=ORIENTED_EDGE('',*,*,#3321,.T.);
#2773=ORIENTED_EDGE('',*,*,#3318,.T.);
#2774=ORIENTED_EDGE('',*,*,#3314,.F.);
#2775=ORIENTED_EDGE('',*,*,#3257,.T.);
#2776=ORIENTED_EDGE('',*,*,#3255,.T.);
#2777=ORIENTED_EDGE('',*,*,#3253,.T.);
#2778=ORIENTED_EDGE('',*,*,#3251,.T.);
#2779=ORIENTED_EDGE('',*,*,#3606,.F.);
#2780=ORIENTED_EDGE('',*,*,#3613,.T.);
#2781=ORIENTED_EDGE('',*,*,#3599,.T.);
#2782=ORIENTED_EDGE('',*,*,#3588,.F.);
#2783=ORIENTED_EDGE('',*,*,#3249,.T.);
#2784=ORIENTED_EDGE('',*,*,#3247,.T.);
#2785=ORIENTED_EDGE('',*,*,#3245,.T.);
#2786=ORIENTED_EDGE('',*,*,#3243,.T.);
#2787=ORIENTED_EDGE('',*,*,#3241,.T.);
#2788=ORIENTED_EDGE('',*,*,#3239,.T.);
#2789=ORIENTED_EDGE('',*,*,#3237,.T.);
#2790=ORIENTED_EDGE('',*,*,#3235,.T.);
#2791=ORIENTED_EDGE('',*,*,#3233,.T.);
#2792=ORIENTED_EDGE('',*,*,#3231,.T.);
#2793=ORIENTED_EDGE('',*,*,#3229,.T.);
#2794=ORIENTED_EDGE('',*,*,#3227,.T.);
#2795=ORIENTED_EDGE('',*,*,#3225,.T.);
#2796=ORIENTED_EDGE('',*,*,#3223,.F.);
#2797=ORIENTED_EDGE('',*,*,#3221,.F.);
#2798=ORIENTED_EDGE('',*,*,#3219,.T.);
#2799=ORIENTED_EDGE('',*,*,#3217,.T.);
#2800=ORIENTED_EDGE('',*,*,#3215,.F.);
#2801=ORIENTED_EDGE('',*,*,#3213,.T.);
#2802=ORIENTED_EDGE('',*,*,#3211,.F.);
#2803=ORIENTED_EDGE('',*,*,#3209,.F.);
#2804=ORIENTED_EDGE('',*,*,#3206,.T.);
#2805=ORIENTED_EDGE('',*,*,#3601,.F.);
#2806=ORIENTED_EDGE('',*,*,#3614,.T.);
#2807=ORIENTED_EDGE('',*,*,#3607,.T.);
#2808=ORIENTED_EDGE('',*,*,#3582,.F.);
#2809=ORIENTED_EDGE('',*,*,#3205,.T.);
#2810=ORIENTED_EDGE('',*,*,#3203,.T.);
#2811=ORIENTED_EDGE('',*,*,#3201,.T.);
#2812=ORIENTED_EDGE('',*,*,#3199,.T.);
#2813=ORIENTED_EDGE('',*,*,#3197,.T.);
#2814=ORIENTED_EDGE('',*,*,#3195,.T.);
#2815=ORIENTED_EDGE('',*,*,#3193,.T.);
#2816=ORIENTED_EDGE('',*,*,#3191,.T.);
#2817=ORIENTED_EDGE('',*,*,#3602,.T.);
#2818=ORIENTED_EDGE('',*,*,#3614,.F.);
#2819=ORIENTED_EDGE('',*,*,#3600,.F.);
#2820=ORIENTED_EDGE('',*,*,#3613,.F.);
#2821=ORIENTED_EDGE('',*,*,#3605,.T.);
#2822=ORIENTED_EDGE('',*,*,#3608,.T.);
#2823=ORIENTED_EDGE('',*,*,#3612,.T.);
#2824=ORIENTED_EDGE('',*,*,#3610,.T.);
#2825=EDGE_CURVE('',#3615,#3615,#4181,.T.);
#2826=EDGE_CURVE('',#3616,#3616,#4182,.T.);
#2827=EDGE_CURVE('',#3617,#3617,#4183,.T.);
#2828=EDGE_CURVE('',#3618,#3618,#4184,.T.);
#2829=EDGE_CURVE('',#3619,#3619,#4185,.T.);
#2830=EDGE_CURVE('',#3620,#3620,#4186,.T.);
#2831=EDGE_CURVE('',#3621,#3621,#4187,.T.);
#2832=EDGE_CURVE('',#3622,#3622,#4188,.T.);
#2833=EDGE_CURVE('',#3623,#3623,#4189,.T.);
#2834=EDGE_CURVE('',#3624,#3624,#4190,.T.);
#2835=EDGE_CURVE('',#3625,#3625,#4191,.T.);
#2836=EDGE_CURVE('',#3626,#3626,#4192,.T.);
#2837=EDGE_CURVE('',#3627,#3627,#4193,.T.);
#2838=EDGE_CURVE('',#3628,#3628,#4194,.T.);
#2839=EDGE_CURVE('',#3629,#3629,#4195,.T.);
#2840=EDGE_CURVE('',#3630,#3630,#4196,.T.);
#2841=EDGE_CURVE('',#3631,#3631,#4197,.T.);
#2842=EDGE_CURVE('',#3632,#3632,#4198,.T.);
#2843=EDGE_CURVE('',#3633,#3633,#4199,.T.);
#2844=EDGE_CURVE('',#3634,#3634,#4200,.T.);
#2845=EDGE_CURVE('',#3635,#3635,#4201,.T.);
#2846=EDGE_CURVE('',#3636,#3636,#4202,.T.);
#2847=EDGE_CURVE('',#3637,#3637,#4203,.T.);
#2848=EDGE_CURVE('',#3638,#3638,#4204,.T.);
#2849=EDGE_CURVE('',#3639,#3639,#4205,.T.);
#2850=EDGE_CURVE('',#3640,#3640,#4206,.T.);
#2851=EDGE_CURVE('',#3641,#3641,#4207,.T.);
#2852=EDGE_CURVE('',#3642,#3642,#4208,.T.);
#2853=EDGE_CURVE('',#3643,#3643,#4209,.T.);
#2854=EDGE_CURVE('',#3644,#3644,#4210,.T.);
#2855=EDGE_CURVE('',#3645,#3645,#4211,.T.);
#2856=EDGE_CURVE('',#3646,#3646,#4212,.T.);
#2857=EDGE_CURVE('',#3647,#3647,#4213,.T.);
#2858=EDGE_CURVE('',#3648,#3648,#4214,.T.);
#2859=EDGE_CURVE('',#3649,#3649,#4215,.T.);
#2860=EDGE_CURVE('',#3650,#3650,#4216,.T.);
#2861=EDGE_CURVE('',#3651,#3651,#4217,.F.);
#2862=EDGE_CURVE('',#3652,#3652,#4218,.F.);
#2863=EDGE_CURVE('',#3653,#3653,#4219,.F.);
#2864=EDGE_CURVE('',#3654,#3654,#4220,.F.);
#2865=EDGE_CURVE('',#3655,#3655,#4221,.F.);
#2866=EDGE_CURVE('',#3656,#3656,#4222,.F.);
#2867=EDGE_CURVE('',#3657,#3657,#4223,.F.);
#2868=EDGE_CURVE('',#3658,#3658,#4224,.F.);
#2869=EDGE_CURVE('',#3659,#3659,#4225,.F.);
#2870=EDGE_CURVE('',#3660,#3660,#4226,.F.);
#2871=EDGE_CURVE('',#3661,#3661,#4227,.F.);
#2872=EDGE_CURVE('',#3662,#3662,#4228,.F.);
#2873=EDGE_CURVE('',#3663,#3663,#4229,.F.);
#2874=EDGE_CURVE('',#3664,#3664,#4230,.F.);
#2875=EDGE_CURVE('',#3665,#3665,#4231,.F.);
#2876=EDGE_CURVE('',#3666,#3666,#4232,.F.);
#2877=EDGE_CURVE('',#3667,#3667,#4233,.F.);
#2878=EDGE_CURVE('',#3668,#3668,#4234,.F.);
#2879=EDGE_CURVE('',#3669,#3669,#4235,.T.);
#2880=EDGE_CURVE('',#3670,#3670,#4236,.T.);
#2881=EDGE_CURVE('',#3671,#3671,#4237,.T.);
#2882=EDGE_CURVE('',#3672,#3672,#4238,.T.);
#2883=EDGE_CURVE('',#3673,#3673,#4239,.T.);
#2884=EDGE_CURVE('',#3674,#3674,#4240,.T.);
#2885=EDGE_CURVE('',#3675,#3675,#4241,.T.);
#2886=EDGE_CURVE('',#3676,#3676,#4242,.T.);
#2887=EDGE_CURVE('',#3677,#3677,#4243,.T.);
#2888=EDGE_CURVE('',#3678,#3678,#4244,.T.);
#2889=EDGE_CURVE('',#3679,#3679,#4245,.T.);
#2890=EDGE_CURVE('',#3680,#3680,#4246,.T.);
#2891=EDGE_CURVE('',#3681,#3681,#4247,.T.);
#2892=EDGE_CURVE('',#3682,#3682,#4248,.T.);
#2893=EDGE_CURVE('',#3683,#3683,#4249,.T.);
#2894=EDGE_CURVE('',#3684,#3684,#4250,.T.);
#2895=EDGE_CURVE('',#3685,#3685,#4251,.T.);
#2896=EDGE_CURVE('',#3686,#3686,#4252,.T.);
#2897=EDGE_CURVE('',#3687,#3687,#4253,.T.);
#2898=EDGE_CURVE('',#3688,#3688,#4254,.T.);
#2899=EDGE_CURVE('',#3689,#3689,#4255,.T.);
#2900=EDGE_CURVE('',#3690,#3690,#4256,.T.);
#2901=EDGE_CURVE('',#3691,#3691,#4257,.T.);
#2902=EDGE_CURVE('',#3692,#3692,#4258,.T.);
#2903=EDGE_CURVE('',#3693,#3693,#4259,.T.);
#2904=EDGE_CURVE('',#3694,#3694,#4260,.T.);
#2905=EDGE_CURVE('',#3695,#3695,#4261,.T.);
#2906=EDGE_CURVE('',#3696,#3697,#4262,.F.);
#2907=EDGE_CURVE('',#3698,#3696,#106,.F.);
#2908=EDGE_CURVE('',#3699,#3698,#4263,.T.);
#2909=EDGE_CURVE('',#3697,#3699,#107,.T.);
#2910=EDGE_CURVE('',#3699,#3700,#108,.T.);
#2911=EDGE_CURVE('',#3700,#3701,#109,.F.);
#2912=EDGE_CURVE('',#3697,#3701,#110,.T.);
#2913=EDGE_CURVE('',#3701,#3702,#4264,.F.);
#2914=EDGE_CURVE('',#3703,#3700,#4265,.T.);
#2915=EDGE_CURVE('',#3702,#3703,#111,.T.);
#2916=EDGE_CURVE('',#3704,#3704,#4266,.T.);
#2917=EDGE_CURVE('',#3705,#3706,#112,.F.);
#2918=EDGE_CURVE('',#3706,#3707,#113,.F.);
#2919=EDGE_CURVE('',#3707,#3702,#114,.T.);
#2920=EDGE_CURVE('',#3705,#3703,#115,.T.);
#2921=EDGE_CURVE('',#3707,#3708,#116,.T.);
#2922=EDGE_CURVE('',#3708,#3696,#117,.T.);
#2923=EDGE_CURVE('',#3708,#3709,#118,.F.);
#2924=EDGE_CURVE('',#3709,#3710,#119,.T.);
#2925=EDGE_CURVE('',#3710,#3698,#120,.T.);
#2926=EDGE_CURVE('',#3711,#3712,#4267,.F.);
#2927=EDGE_CURVE('',#3713,#3711,#121,.F.);
#2928=EDGE_CURVE('',#3714,#3713,#4268,.T.);
#2929=EDGE_CURVE('',#3712,#3714,#122,.T.);
#2930=EDGE_CURVE('',#3714,#3715,#123,.T.);
#2931=EDGE_CURVE('',#3715,#3716,#124,.F.);
#2932=EDGE_CURVE('',#3712,#3716,#125,.T.);
#2933=EDGE_CURVE('',#3716,#3717,#4269,.F.);
#2934=EDGE_CURVE('',#3718,#3715,#4270,.T.);
#2935=EDGE_CURVE('',#3717,#3718,#126,.T.);
#2936=EDGE_CURVE('',#3719,#3719,#4271,.T.);
#2937=EDGE_CURVE('',#3720,#3721,#127,.F.);
#2938=EDGE_CURVE('',#3721,#3722,#128,.F.);
#2939=EDGE_CURVE('',#3722,#3717,#129,.T.);
#2940=EDGE_CURVE('',#3720,#3718,#130,.T.);
#2941=EDGE_CURVE('',#3722,#3723,#131,.T.);
#2942=EDGE_CURVE('',#3723,#3711,#132,.T.);
#2943=EDGE_CURVE('',#3723,#3724,#133,.F.);
#2944=EDGE_CURVE('',#3724,#3725,#134,.T.);
#2945=EDGE_CURVE('',#3725,#3713,#135,.T.);
#2946=EDGE_CURVE('',#3726,#3727,#4272,.F.);
#2947=EDGE_CURVE('',#3728,#3726,#136,.F.);
#2948=EDGE_CURVE('',#3729,#3728,#4273,.T.);
#2949=EDGE_CURVE('',#3727,#3729,#137,.T.);
#2950=EDGE_CURVE('',#3730,#3731,#4274,.F.);
#2951=EDGE_CURVE('',#3732,#3730,#138,.F.);
#2952=EDGE_CURVE('',#3733,#3732,#4275,.T.);
#2953=EDGE_CURVE('',#3731,#3733,#139,.T.);
#2954=EDGE_CURVE('',#3731,#3726,#140,.T.);
#2955=EDGE_CURVE('',#3733,#3728,#141,.T.);
#2956=EDGE_CURVE('',#3734,#3734,#4276,.T.);
#2957=EDGE_CURVE('',#3735,#3729,#142,.T.);
#2958=EDGE_CURVE('',#3735,#3736,#143,.F.);
#2959=EDGE_CURVE('',#3736,#3737,#144,.F.);
#2960=EDGE_CURVE('',#3737,#3727,#145,.T.);
#2961=EDGE_CURVE('',#3737,#3738,#146,.T.);
#2962=EDGE_CURVE('',#3738,#3730,#147,.T.);
#2963=EDGE_CURVE('',#3738,#3739,#148,.F.);
#2964=EDGE_CURVE('',#3739,#3740,#149,.T.);
#2965=EDGE_CURVE('',#3740,#3732,#150,.T.);
#2966=EDGE_CURVE('',#3741,#3742,#4277,.F.);
#2967=EDGE_CURVE('',#3743,#3741,#151,.F.);
#2968=EDGE_CURVE('',#3744,#3743,#4278,.T.);
#2969=EDGE_CURVE('',#3742,#3744,#152,.T.);
#2970=EDGE_CURVE('',#3745,#3744,#153,.T.);
#2971=EDGE_CURVE('',#3745,#3746,#154,.F.);
#2972=EDGE_CURVE('',#3746,#3742,#155,.T.);
#2973=EDGE_CURVE('',#3746,#3747,#4279,.F.);
#2974=EDGE_CURVE('',#3748,#3745,#4280,.T.);
#2975=EDGE_CURVE('',#3747,#3748,#156,.T.);
#2976=EDGE_CURVE('',#3749,#3749,#4281,.T.);
#2977=EDGE_CURVE('',#3750,#3748,#157,.T.);
#2978=EDGE_CURVE('',#3750,#3751,#158,.F.);
#2979=EDGE_CURVE('',#3751,#3752,#159,.F.);
#2980=EDGE_CURVE('',#3752,#3747,#160,.T.);
#2981=EDGE_CURVE('',#3752,#3753,#161,.T.);
#2982=EDGE_CURVE('',#3753,#3741,#162,.T.);
#2983=EDGE_CURVE('',#3754,#3743,#163,.T.);
#2984=EDGE_CURVE('',#3753,#3755,#164,.F.);
#2985=EDGE_CURVE('',#3755,#3754,#165,.T.);
#2986=EDGE_CURVE('',#3756,#3757,#4282,.F.);
#2987=EDGE_CURVE('',#3758,#3756,#166,.F.);
#2988=EDGE_CURVE('',#3759,#3758,#4283,.T.);
#2989=EDGE_CURVE('',#3757,#3759,#167,.T.);
#2990=EDGE_CURVE('',#3760,#3761,#4284,.F.);
#2991=EDGE_CURVE('',#3762,#3760,#168,.F.);
#2992=EDGE_CURVE('',#3763,#3762,#4285,.T.);
#2993=EDGE_CURVE('',#3761,#3763,#169,.T.);
#2994=EDGE_CURVE('',#3756,#3761,#170,.T.);
#2995=EDGE_CURVE('',#3758,#3763,#171,.T.);
#2996=EDGE_CURVE('',#3764,#3764,#4286,.T.);
#2997=EDGE_CURVE('',#3765,#3766,#172,.F.);
#2998=EDGE_CURVE('',#3766,#3767,#173,.F.);
#2999=EDGE_CURVE('',#3767,#3757,#174,.T.);
#3000=EDGE_CURVE('',#3765,#3759,#175,.T.);
#3001=EDGE_CURVE('',#3767,#3768,#176,.T.);
#3002=EDGE_CURVE('',#3768,#3760,#177,.T.);
#3003=EDGE_CURVE('',#3768,#3769,#178,.F.);
#3004=EDGE_CURVE('',#3769,#3770,#179,.T.);
#3005=EDGE_CURVE('',#3770,#3762,#180,.T.);
#3006=EDGE_CURVE('',#3771,#3772,#181,.T.);
#3007=EDGE_CURVE('',#3773,#3771,#182,.T.);
#3008=EDGE_CURVE('',#3773,#3772,#4287,.T.);
#3009=EDGE_CURVE('',#3774,#3773,#183,.F.);
#3010=EDGE_CURVE('',#3775,#3774,#4288,.F.);
#3011=EDGE_CURVE('',#3772,#3775,#184,.T.);
#3012=EDGE_CURVE('',#3776,#3777,#4289,.T.);
#3013=EDGE_CURVE('',#3778,#3776,#185,.F.);
#3014=EDGE_CURVE('',#3779,#3778,#4290,.F.);
#3015=EDGE_CURVE('',#3777,#3779,#186,.T.);
#3016=EDGE_CURVE('',#3777,#3780,#187,.T.);
#3017=EDGE_CURVE('',#3776,#3780,#188,.T.);
#3018=EDGE_CURVE('',#3781,#3780,#189,.T.);
#3019=EDGE_CURVE('',#3782,#3781,#190,.T.);
#3020=EDGE_CURVE('',#3782,#3771,#191,.T.);
#3021=EDGE_CURVE('',#3775,#3778,#192,.T.);
#3022=EDGE_CURVE('',#3783,#3784,#193,.T.);
#3023=EDGE_CURVE('',#3784,#3785,#4291,.T.);
#3024=EDGE_CURVE('',#3785,#3786,#194,.T.);
#3025=EDGE_CURVE('',#3786,#3787,#4292,.T.);
#3026=EDGE_CURVE('',#3787,#3788,#195,.F.);
#3027=EDGE_CURVE('',#3788,#3789,#4293,.T.);
#3028=EDGE_CURVE('',#3789,#3790,#196,.F.);
#3029=EDGE_CURVE('',#3790,#3783,#4294,.T.);
#3030=EDGE_CURVE('',#3791,#3774,#197,.T.);
#3031=EDGE_CURVE('',#3791,#3792,#4295,.F.);
#3032=EDGE_CURVE('',#3792,#3793,#198,.T.);
#3033=EDGE_CURVE('',#3793,#3794,#4296,.F.);
#3034=EDGE_CURVE('',#3794,#3779,#199,.T.);
#3035=EDGE_CURVE('',#3795,#3796,#200,.T.);
#3036=EDGE_CURVE('',#3796,#3797,#201,.T.);
#3037=EDGE_CURVE('',#3798,#3797,#202,.T.);
#3038=EDGE_CURVE('',#3799,#3798,#203,.T.);
#3039=EDGE_CURVE('',#3799,#3800,#204,.T.);
#3040=EDGE_CURVE('',#3800,#3782,#205,.T.);
#3041=EDGE_CURVE('',#3795,#3781,#206,.T.);
#3042=EDGE_CURVE('',#3801,#3802,#4297,.F.);
#3043=EDGE_CURVE('',#3803,#3801,#207,.F.);
#3044=EDGE_CURVE('',#3804,#3803,#4298,.T.);
#3045=EDGE_CURVE('',#3802,#3804,#208,.T.);
#3046=EDGE_CURVE('',#3805,#3804,#209,.T.);
#3047=EDGE_CURVE('',#3805,#3806,#210,.F.);
#3048=EDGE_CURVE('',#3806,#3802,#211,.T.);
#3049=EDGE_CURVE('',#3806,#3807,#4299,.F.);
#3050=EDGE_CURVE('',#3808,#3805,#4300,.T.);
#3051=EDGE_CURVE('',#3807,#3808,#212,.T.);
#3052=EDGE_CURVE('',#3809,#3809,#4301,.T.);
#3053=EDGE_CURVE('',#3810,#3808,#213,.T.);
#3054=EDGE_CURVE('',#3810,#3811,#214,.F.);
#3055=EDGE_CURVE('',#3811,#3812,#215,.F.);
#3056=EDGE_CURVE('',#3812,#3807,#216,.T.);
#3057=EDGE_CURVE('',#3812,#3813,#217,.T.);
#3058=EDGE_CURVE('',#3813,#3801,#218,.T.);
#3059=EDGE_CURVE('',#3813,#3814,#219,.F.);
#3060=EDGE_CURVE('',#3814,#3815,#220,.T.);
#3061=EDGE_CURVE('',#3815,#3803,#221,.T.);
#3062=EDGE_CURVE('',#3816,#3817,#4302,.F.);
#3063=EDGE_CURVE('',#3818,#3816,#222,.F.);
#3064=EDGE_CURVE('',#3819,#3818,#4303,.T.);
#3065=EDGE_CURVE('',#3817,#3819,#223,.T.);
#3066=EDGE_CURVE('',#3820,#3821,#4304,.F.);
#3067=EDGE_CURVE('',#3822,#3820,#224,.F.);
#3068=EDGE_CURVE('',#3823,#3822,#4305,.T.);
#3069=EDGE_CURVE('',#3821,#3823,#225,.T.);
#3070=EDGE_CURVE('',#3821,#3816,#226,.T.);
#3071=EDGE_CURVE('',#3823,#3818,#227,.T.);
#3072=EDGE_CURVE('',#3824,#3824,#4306,.T.);
#3073=EDGE_CURVE('',#3819,#3825,#228,.T.);
#3074=EDGE_CURVE('',#3825,#3826,#229,.T.);
#3075=EDGE_CURVE('',#3826,#3827,#230,.F.);
#3076=EDGE_CURVE('',#3817,#3827,#231,.T.);
#3077=EDGE_CURVE('',#3827,#3828,#232,.T.);
#3078=EDGE_CURVE('',#3820,#3828,#233,.T.);
#3079=EDGE_CURVE('',#3828,#3829,#234,.F.);
#3080=EDGE_CURVE('',#3829,#3830,#235,.F.);
#3081=EDGE_CURVE('',#3822,#3830,#236,.T.);
#3082=EDGE_CURVE('',#3831,#3832,#4307,.F.);
#3083=EDGE_CURVE('',#3833,#3831,#237,.F.);
#3084=EDGE_CURVE('',#3834,#3833,#4308,.T.);
#3085=EDGE_CURVE('',#3832,#3834,#238,.T.);
#3086=EDGE_CURVE('',#3834,#3835,#239,.T.);
#3087=EDGE_CURVE('',#3835,#3836,#240,.F.);
#3088=EDGE_CURVE('',#3832,#3836,#241,.T.);
#3089=EDGE_CURVE('',#3836,#3837,#4309,.F.);
#3090=EDGE_CURVE('',#3838,#3835,#4310,.T.);
#3091=EDGE_CURVE('',#3837,#3838,#242,.T.);
#3092=EDGE_CURVE('',#3839,#3839,#4311,.T.);
#3093=EDGE_CURVE('',#3837,#3840,#243,.T.);
#3094=EDGE_CURVE('',#3838,#3841,#244,.T.);
#3095=EDGE_CURVE('',#3841,#3842,#245,.T.);
#3096=EDGE_CURVE('',#3842,#3840,#246,.F.);
#3097=EDGE_CURVE('',#3840,#3843,#247,.T.);
#3098=EDGE_CURVE('',#3831,#3843,#248,.T.);
#3099=EDGE_CURVE('',#3833,#3844,#249,.T.);
#3100=EDGE_CURVE('',#3843,#3845,#250,.F.);
#3101=EDGE_CURVE('',#3845,#3844,#251,.F.);
#3102=EDGE_CURVE('',#3846,#3847,#4312,.F.);
#3103=EDGE_CURVE('',#3848,#3846,#252,.F.);
#3104=EDGE_CURVE('',#3849,#3848,#4313,.T.);
#3105=EDGE_CURVE('',#3847,#3849,#253,.T.);
#3106=EDGE_CURVE('',#3850,#3851,#4314,.F.);
#3107=EDGE_CURVE('',#3852,#3850,#254,.F.);
#3108=EDGE_CURVE('',#3853,#3852,#4315,.T.);
#3109=EDGE_CURVE('',#3851,#3853,#255,.T.);
#3110=EDGE_CURVE('',#3851,#3846,#256,.T.);
#3111=EDGE_CURVE('',#3853,#3848,#257,.T.);
#3112=EDGE_CURVE('',#3854,#3854,#4316,.T.);
#3113=EDGE_CURVE('',#3849,#3855,#258,.T.);
#3114=EDGE_CURVE('',#3855,#3856,#259,.T.);
#3115=EDGE_CURVE('',#3856,#3857,#260,.F.);
#3116=EDGE_CURVE('',#3847,#3857,#261,.T.);
#3117=EDGE_CURVE('',#3857,#3858,#262,.T.);
#3118=EDGE_CURVE('',#3850,#3858,#263,.T.);
#3119=EDGE_CURVE('',#3858,#3859,#264,.F.);
#3120=EDGE_CURVE('',#3859,#3860,#265,.F.);
#3121=EDGE_CURVE('',#3852,#3860,#266,.T.);
#3122=EDGE_CURVE('',#3861,#3861,#4317,.F.);
#3123=EDGE_CURVE('',#3862,#3862,#4318,.F.);
#3124=EDGE_CURVE('',#3863,#3863,#4319,.F.);
#3125=EDGE_CURVE('',#3864,#3864,#4320,.F.);
#3126=EDGE_CURVE('',#3865,#3865,#4321,.F.);
#3127=EDGE_CURVE('',#3866,#3866,#4322,.F.);
#3128=EDGE_CURVE('',#3867,#3867,#4323,.F.);
#3129=EDGE_CURVE('',#3868,#3868,#4324,.F.);
#3130=EDGE_CURVE('',#3869,#3869,#4325,.F.);
#3131=EDGE_CURVE('',#3870,#3870,#4326,.F.);
#3132=EDGE_CURVE('',#3871,#3871,#4327,.T.);
#3133=EDGE_CURVE('',#3872,#3872,#4328,.T.);
#3134=EDGE_CURVE('',#3873,#3873,#4329,.F.);
#3135=EDGE_CURVE('',#3874,#3874,#4330,.F.);
#3136=EDGE_CURVE('',#3875,#3875,#4331,.F.);
#3137=EDGE_CURVE('',#3876,#3876,#4332,.F.);
#3138=EDGE_CURVE('',#3877,#3877,#4333,.F.);
#3139=EDGE_CURVE('',#3878,#3878,#4334,.F.);
#3140=EDGE_CURVE('',#3879,#3879,#4335,.F.);
#3141=EDGE_CURVE('',#3880,#3880,#4336,.F.);
#3142=EDGE_CURVE('',#3881,#3881,#4337,.F.);
#3143=EDGE_CURVE('',#3882,#3882,#4338,.F.);
#3144=EDGE_CURVE('',#3883,#3883,#4339,.T.);
#3145=EDGE_CURVE('',#3884,#3884,#4340,.T.);
#3146=EDGE_CURVE('',#3885,#3886,#267,.T.);
#3147=EDGE_CURVE('',#3886,#3887,#4341,.T.);
#3148=EDGE_CURVE('',#3888,#3887,#268,.T.);
#3149=EDGE_CURVE('',#3888,#3885,#4342,.T.);
#3150=EDGE_CURVE('',#3889,#3787,#4343,.T.);
#3151=EDGE_CURVE('',#3890,#3786,#4344,.T.);
#3152=EDGE_CURVE('',#3889,#3890,#4345,.F.);
#3153=EDGE_CURVE('',#3891,#3788,#4346,.T.);
#3154=EDGE_CURVE('',#3891,#3889,#269,.T.);
#3155=EDGE_CURVE('',#3892,#3891,#4347,.F.);
#3156=EDGE_CURVE('',#3789,#3892,#4348,.T.);
#3157=EDGE_CURVE('',#3893,#3892,#270,.T.);
#3158=EDGE_CURVE('',#3790,#3893,#4349,.T.);
#3159=EDGE_CURVE('',#3894,#3893,#4350,.F.);
#3160=EDGE_CURVE('',#3783,#3894,#4351,.T.);
#3161=EDGE_CURVE('',#3895,#3894,#271,.F.);
#3162=EDGE_CURVE('',#3784,#3895,#4352,.T.);
#3163=EDGE_CURVE('',#3896,#3895,#4353,.F.);
#3164=EDGE_CURVE('',#3896,#3785,#4354,.T.);
#3165=EDGE_CURVE('',#3890,#3896,#272,.F.);
#3166=EDGE_CURVE('',#3710,#3897,#40,.F.);
#3167=EDGE_CURVE('',#3898,#3897,#273,.T.);
#3168=EDGE_CURVE('',#3898,#3705,#41,.F.);
#3169=EDGE_CURVE('',#3899,#3898,#274,.T.);
#3170=EDGE_CURVE('',#3899,#3706,#42,.T.);
#3171=EDGE_CURVE('',#3900,#3899,#275,.T.);
#3172=EDGE_CURVE('',#3709,#3900,#43,.T.);
#3173=EDGE_CURVE('',#3897,#3900,#276,.F.);
#3174=EDGE_CURVE('',#3725,#3901,#44,.F.);
#3175=EDGE_CURVE('',#3902,#3901,#277,.T.);
#3176=EDGE_CURVE('',#3902,#3720,#45,.F.);
#3177=EDGE_CURVE('',#3903,#3902,#278,.T.);
#3178=EDGE_CURVE('',#3903,#3721,#46,.T.);
#3179=EDGE_CURVE('',#3904,#3903,#279,.T.);
#3180=EDGE_CURVE('',#3724,#3904,#47,.T.);
#3181=EDGE_CURVE('',#3901,#3904,#280,.F.);
#3182=EDGE_CURVE('',#3740,#3905,#48,.F.);
#3183=EDGE_CURVE('',#3906,#3905,#281,.T.);
#3184=EDGE_CURVE('',#3906,#3735,#49,.F.);
#3185=EDGE_CURVE('',#3907,#3906,#282,.T.);
#3186=EDGE_CURVE('',#3907,#3736,#50,.T.);
#3187=EDGE_CURVE('',#3908,#3907,#283,.T.);
#3188=EDGE_CURVE('',#3739,#3908,#51,.T.);
#3189=EDGE_CURVE('',#3905,#3908,#284,.F.);
#3190=EDGE_CURVE('',#3754,#3909,#52,.F.);
#3191=EDGE_CURVE('',#3910,#3909,#285,.T.);
#3192=EDGE_CURVE('',#3910,#3750,#53,.F.);
#3193=EDGE_CURVE('',#3911,#3910,#286,.T.);
#3194=EDGE_CURVE('',#3911,#3751,#54,.T.);
#3195=EDGE_CURVE('',#3912,#3911,#287,.T.);
#3196=EDGE_CURVE('',#3755,#3912,#55,.T.);
#3197=EDGE_CURVE('',#3909,#3912,#288,.F.);
#3198=EDGE_CURVE('',#3770,#3913,#56,.F.);
#3199=EDGE_CURVE('',#3914,#3913,#289,.T.);
#3200=EDGE_CURVE('',#3914,#3765,#57,.F.);
#3201=EDGE_CURVE('',#3915,#3914,#290,.T.);
#3202=EDGE_CURVE('',#3915,#3766,#58,.T.);
#3203=EDGE_CURVE('',#3916,#3915,#291,.T.);
#3204=EDGE_CURVE('',#3769,#3916,#59,.T.);
#3205=EDGE_CURVE('',#3913,#3916,#292,.F.);
#3206=EDGE_CURVE('',#3917,#3918,#293,.T.);
#3207=EDGE_CURVE('',#3799,#3917,#294,.T.);
#3208=EDGE_CURVE('',#3798,#3918,#295,.T.);
#3209=EDGE_CURVE('',#3917,#3919,#296,.T.);
#3210=EDGE_CURVE('',#3800,#3919,#297,.T.);
#3211=EDGE_CURVE('',#3919,#3920,#298,.T.);
#3212=EDGE_CURVE('',#3920,#3791,#299,.T.);
#3213=EDGE_CURVE('',#3921,#3920,#4355,.T.);
#3214=EDGE_CURVE('',#3792,#3921,#300,.F.);
#3215=EDGE_CURVE('',#3921,#3922,#301,.T.);
#3216=EDGE_CURVE('',#3922,#3793,#302,.T.);
#3217=EDGE_CURVE('',#3923,#3922,#4356,.T.);
#3218=EDGE_CURVE('',#3794,#3923,#303,.F.);
#3219=EDGE_CURVE('',#3924,#3923,#304,.T.);
#3220=EDGE_CURVE('',#3795,#3924,#305,.T.);
#3221=EDGE_CURVE('',#3924,#3925,#306,.T.);
#3222=EDGE_CURVE('',#3796,#3925,#307,.T.);
#3223=EDGE_CURVE('',#3925,#3926,#308,.T.);
#3224=EDGE_CURVE('',#3926,#3797,#309,.T.);
#3225=EDGE_CURVE('',#3918,#3926,#310,.T.);
#3226=EDGE_CURVE('',#3815,#3927,#60,.F.);
#3227=EDGE_CURVE('',#3928,#3927,#311,.T.);
#3228=EDGE_CURVE('',#3928,#3810,#61,.F.);
#3229=EDGE_CURVE('',#3929,#3928,#312,.T.);
#3230=EDGE_CURVE('',#3929,#3811,#62,.T.);
#3231=EDGE_CURVE('',#3930,#3929,#313,.T.);
#3232=EDGE_CURVE('',#3814,#3930,#63,.T.);
#3233=EDGE_CURVE('',#3927,#3930,#314,.F.);
#3234=EDGE_CURVE('',#3830,#3931,#64,.F.);
#3235=EDGE_CURVE('',#3932,#3931,#315,.T.);
#3236=EDGE_CURVE('',#3932,#3825,#65,.F.);
#3237=EDGE_CURVE('',#3933,#3932,#316,.F.);
#3238=EDGE_CURVE('',#3933,#3826,#66,.T.);
#3239=EDGE_CURVE('',#3934,#3933,#317,.T.);
#3240=EDGE_CURVE('',#3829,#3934,#67,.T.);
#3241=EDGE_CURVE('',#3931,#3934,#318,.T.);
#3242=EDGE_CURVE('',#3844,#3935,#68,.F.);
#3243=EDGE_CURVE('',#3936,#3935,#319,.T.);
#3244=EDGE_CURVE('',#3936,#3841,#69,.F.);
#3245=EDGE_CURVE('',#3937,#3936,#320,.F.);
#3246=EDGE_CURVE('',#3937,#3842,#70,.T.);
#3247=EDGE_CURVE('',#3938,#3937,#321,.T.);
#3248=EDGE_CURVE('',#3845,#3938,#71,.T.);
#3249=EDGE_CURVE('',#3935,#3938,#322,.T.);
#3250=EDGE_CURVE('',#3860,#3939,#72,.F.);
#3251=EDGE_CURVE('',#3940,#3939,#323,.T.);
#3252=EDGE_CURVE('',#3940,#3855,#73,.F.);
#3253=EDGE_CURVE('',#3941,#3940,#324,.F.);
#3254=EDGE_CURVE('',#3941,#3856,#74,.T.);
#3255=EDGE_CURVE('',#3942,#3941,#325,.T.);
#3256=EDGE_CURVE('',#3859,#3942,#75,.T.);
#3257=EDGE_CURVE('',#3939,#3942,#326,.T.);
#3258=EDGE_CURVE('',#3943,#3944,#12,.T.);
#3259=EDGE_CURVE('',#3945,#3943,#4357,.T.);
#3260=EDGE_CURVE('',#3946,#3945,#13,.T.);
#3261=EDGE_CURVE('',#3947,#3946,#14,.T.);
#3262=EDGE_CURVE('',#3948,#3947,#4358,.T.);
#3263=EDGE_CURVE('',#3944,#3948,#15,.T.);
#3264=EDGE_CURVE('',#3949,#3950,#16,.T.);
#3265=EDGE_CURVE('',#3951,#3949,#4359,.T.);
#3266=EDGE_CURVE('',#3952,#3951,#17,.T.);
#3267=EDGE_CURVE('',#3953,#3952,#18,.T.);
#3268=EDGE_CURVE('',#3954,#3953,#4360,.T.);
#3269=EDGE_CURVE('',#3950,#3954,#19,.T.);
#3270=EDGE_CURVE('',#3955,#3956,#20,.T.);
#3271=EDGE_CURVE('',#3957,#3955,#4361,.T.);
#3272=EDGE_CURVE('',#3958,#3957,#21,.T.);
#3273=EDGE_CURVE('',#3956,#3958,#4362,.T.);
#3274=EDGE_CURVE('',#3959,#3960,#22,.T.);
#3275=EDGE_CURVE('',#3960,#3959,#4363,.T.);
#3276=EDGE_CURVE('',#3961,#3962,#23,.T.);
#3277=EDGE_CURVE('',#3963,#3961,#4364,.T.);
#3278=EDGE_CURVE('',#3964,#3963,#24,.T.);
#3279=EDGE_CURVE('',#3962,#3964,#4365,.T.);
#3280=EDGE_CURVE('',#3965,#3966,#25,.T.);
#3281=EDGE_CURVE('',#3967,#3965,#4366,.T.);
#3282=EDGE_CURVE('',#3968,#3967,#26,.T.);
#3283=EDGE_CURVE('',#3966,#3968,#4367,.T.);
#3284=EDGE_CURVE('',#3887,#3969,#27,.T.);
#3285=EDGE_CURVE('',#3970,#3886,#28,.T.);
#3286=EDGE_CURVE('',#3969,#3970,#4368,.T.);
#3287=EDGE_CURVE('',#3971,#3972,#29,.T.);
#3288=EDGE_CURVE('',#3973,#3971,#4369,.T.);
#3289=EDGE_CURVE('',#3974,#3973,#30,.T.);
#3290=EDGE_CURVE('',#3885,#3974,#31,.T.);
#3291=EDGE_CURVE('',#3972,#3888,#32,.T.);
#3292=EDGE_CURVE('',#3975,#3976,#33,.T.);
#3293=EDGE_CURVE('',#3977,#3975,#4370,.T.);
#3294=EDGE_CURVE('',#3978,#3977,#34,.T.);
#3295=EDGE_CURVE('',#3979,#3978,#4371,.T.);
#3296=EDGE_CURVE('',#3976,#3979,#35,.T.);
#3297=EDGE_CURVE('',#3980,#3980,#4372,.T.);
#3298=EDGE_CURVE('',#3981,#3981,#4373,.F.);
#3299=EDGE_CURVE('',#3982,#3983,#36,.T.);
#3300=EDGE_CURVE('',#3984,#3982,#4374,.T.);
#3301=EDGE_CURVE('',#3985,#3984,#37,.T.);
#3302=EDGE_CURVE('',#3986,#3985,#38,.T.);
#3303=EDGE_CURVE('',#3987,#3986,#4375,.T.);
#3304=EDGE_CURVE('',#3983,#3987,#39,.T.);
#3305=EDGE_CURVE('',#3988,#3988,#4376,.T.);
#3306=EDGE_CURVE('',#3989,#3989,#4377,.T.);
#3307=EDGE_CURVE('',#3990,#3990,#4378,.T.);
#3308=EDGE_CURVE('',#3991,#3991,#4379,.T.);
#3309=EDGE_CURVE('',#3992,#3992,#4380,.T.);
#3310=EDGE_CURVE('',#3993,#3993,#4381,.T.);
#3311=EDGE_CURVE('',#3994,#3994,#4382,.T.);
#3312=EDGE_CURVE('',#3995,#3995,#4383,.T.);
#3313=EDGE_CURVE('',#3996,#3997,#327,.T.);
#3314=EDGE_CURVE('',#3997,#3998,#328,.T.);
#3315=EDGE_CURVE('',#3999,#3998,#329,.T.);
#3316=EDGE_CURVE('',#3996,#3999,#330,.T.);
#3317=EDGE_CURVE('',#4000,#3999,#331,.T.);
#3318=EDGE_CURVE('',#4001,#3998,#332,.T.);
#3319=EDGE_CURVE('',#4000,#4001,#333,.T.);
#3320=EDGE_CURVE('',#4002,#4000,#334,.T.);
#3321=EDGE_CURVE('',#4003,#4001,#335,.T.);
#3322=EDGE_CURVE('',#4002,#4003,#336,.T.);
#3323=EDGE_CURVE('',#4003,#3997,#337,.T.);
#3324=EDGE_CURVE('',#4002,#3996,#338,.T.);
#3325=EDGE_CURVE('',#4004,#4005,#339,.T.);
#3326=EDGE_CURVE('',#4005,#4006,#340,.T.);
#3327=EDGE_CURVE('',#4007,#4006,#341,.T.);
#3328=EDGE_CURVE('',#4004,#4007,#342,.T.);
#3329=EDGE_CURVE('',#4008,#4007,#343,.T.);
#3330=EDGE_CURVE('',#4009,#4006,#344,.T.);
#3331=EDGE_CURVE('',#4008,#4009,#345,.T.);
#3332=EDGE_CURVE('',#4010,#4008,#346,.T.);
#3333=EDGE_CURVE('',#4011,#4009,#347,.T.);
#3334=EDGE_CURVE('',#4010,#4011,#348,.T.);
#3335=EDGE_CURVE('',#4011,#4005,#349,.T.);
#3336=EDGE_CURVE('',#4010,#4004,#350,.T.);
#3337=EDGE_CURVE('',#4012,#4013,#351,.T.);
#3338=EDGE_CURVE('',#4013,#4014,#352,.T.);
#3339=EDGE_CURVE('',#4015,#4014,#353,.T.);
#3340=EDGE_CURVE('',#4012,#4015,#354,.T.);
#3341=EDGE_CURVE('',#4014,#4016,#355,.T.);
#3342=EDGE_CURVE('',#4017,#4016,#356,.T.);
#3343=EDGE_CURVE('',#4015,#4017,#357,.T.);
#3344=EDGE_CURVE('',#4018,#4017,#358,.T.);
#3345=EDGE_CURVE('',#4019,#4016,#359,.T.);
#3346=EDGE_CURVE('',#4018,#4019,#360,.T.);
#3347=EDGE_CURVE('',#4012,#4018,#361,.T.);
#3348=EDGE_CURVE('',#4013,#4019,#362,.T.);
#3349=EDGE_CURVE('',#3976,#4020,#363,.T.);
#3350=EDGE_CURVE('',#4020,#4021,#364,.T.);
#3351=EDGE_CURVE('',#3974,#4021,#365,.T.);
#3352=EDGE_CURVE('',#3975,#3973,#366,.T.);
#3353=EDGE_CURVE('',#4021,#4022,#367,.T.);
#3354=EDGE_CURVE('',#4023,#4022,#368,.T.);
#3355=EDGE_CURVE('',#3970,#4023,#369,.T.);
#3356=EDGE_CURVE('',#4024,#4023,#370,.T.);
#3357=EDGE_CURVE('',#4025,#4022,#371,.T.);
#3358=EDGE_CURVE('',#4024,#4025,#372,.T.);
#3359=EDGE_CURVE('',#3979,#3965,#373,.T.);
#3360=EDGE_CURVE('',#3966,#4024,#374,.T.);
#3361=EDGE_CURVE('',#4020,#4025,#375,.T.);
#3362=EDGE_CURVE('',#4026,#4027,#376,.T.);
#3363=EDGE_CURVE('',#4027,#4028,#377,.T.);
#3364=EDGE_CURVE('',#4029,#4028,#378,.T.);
#3365=EDGE_CURVE('',#4026,#4029,#379,.T.);
#3366=EDGE_CURVE('',#4028,#4030,#380,.T.);
#3367=EDGE_CURVE('',#4031,#4030,#381,.T.);
#3368=EDGE_CURVE('',#3968,#4031,#382,.T.);
#3369=EDGE_CURVE('',#4029,#3967,#383,.T.);
#3370=EDGE_CURVE('',#4032,#4031,#384,.T.);
#3371=EDGE_CURVE('',#4033,#4030,#385,.T.);
#3372=EDGE_CURVE('',#4032,#4033,#386,.T.);
#3373=EDGE_CURVE('',#4026,#4032,#387,.T.);
#3374=EDGE_CURVE('',#4027,#4033,#388,.T.);
#3375=EDGE_CURVE('',#4034,#4035,#389,.T.);
#3376=EDGE_CURVE('',#4035,#4036,#390,.T.);
#3377=EDGE_CURVE('',#4037,#4036,#391,.T.);
#3378=EDGE_CURVE('',#4034,#4037,#392,.T.);
#3379=EDGE_CURVE('',#4037,#4038,#393,.T.);
#3380=EDGE_CURVE('',#4039,#4038,#394,.T.);
#3381=EDGE_CURVE('',#4034,#4039,#395,.T.);
#3382=EDGE_CURVE('',#4038,#4040,#396,.T.);
#3383=EDGE_CURVE('',#4041,#4040,#397,.T.);
#3384=EDGE_CURVE('',#4039,#4041,#398,.T.);
#3385=EDGE_CURVE('',#4040,#4042,#399,.T.);
#3386=EDGE_CURVE('',#4043,#4042,#400,.T.);
#3387=EDGE_CURVE('',#4041,#4043,#401,.T.);
#3388=EDGE_CURVE('',#4042,#4044,#402,.T.);
#3389=EDGE_CURVE('',#4045,#4044,#403,.T.);
#3390=EDGE_CURVE('',#4043,#4045,#404,.T.);
#3391=EDGE_CURVE('',#4046,#4045,#405,.T.);
#3392=EDGE_CURVE('',#4047,#4044,#406,.T.);
#3393=EDGE_CURVE('',#4046,#4047,#407,.T.);
#3394=EDGE_CURVE('',#4047,#4048,#408,.T.);
#3395=EDGE_CURVE('',#4049,#4048,#409,.T.);
#3396=EDGE_CURVE('',#4046,#4049,#410,.T.);
#3397=EDGE_CURVE('',#4050,#4049,#411,.T.);
#3398=EDGE_CURVE('',#4051,#4048,#412,.T.);
#3399=EDGE_CURVE('',#4050,#4051,#413,.T.);
#3400=EDGE_CURVE('',#4052,#4050,#414,.T.);
#3401=EDGE_CURVE('',#4053,#4051,#415,.T.);
#3402=EDGE_CURVE('',#4052,#4053,#416,.T.);
#3403=EDGE_CURVE('',#4054,#4052,#417,.T.);
#3404=EDGE_CURVE('',#4055,#4053,#418,.T.);
#3405=EDGE_CURVE('',#4054,#4055,#419,.T.);
#3406=EDGE_CURVE('',#4056,#4054,#420,.T.);
#3407=EDGE_CURVE('',#4057,#4055,#421,.T.);
#3408=EDGE_CURVE('',#4056,#4057,#422,.T.);
#3409=EDGE_CURVE('',#4057,#4036,#423,.T.);
#3410=EDGE_CURVE('',#4056,#4035,#424,.T.);
#3411=EDGE_CURVE('',#4058,#4059,#425,.T.);
#3412=EDGE_CURVE('',#4059,#4060,#426,.T.);
#3413=EDGE_CURVE('',#4061,#4060,#427,.T.);
#3414=EDGE_CURVE('',#3964,#4061,#428,.T.);
#3415=EDGE_CURVE('',#4058,#3963,#429,.T.);
#3416=EDGE_CURVE('',#4060,#4062,#430,.T.);
#3417=EDGE_CURVE('',#4063,#4062,#431,.T.);
#3418=EDGE_CURVE('',#4061,#4063,#432,.T.);
#3419=EDGE_CURVE('',#4064,#4063,#433,.T.);
#3420=EDGE_CURVE('',#4065,#4062,#434,.T.);
#3421=EDGE_CURVE('',#4064,#4065,#435,.T.);
#3422=EDGE_CURVE('',#4058,#4064,#436,.T.);
#3423=EDGE_CURVE('',#4059,#4065,#437,.T.);
#3424=EDGE_CURVE('',#4066,#4067,#438,.T.);
#3425=EDGE_CURVE('',#4067,#4068,#439,.T.);
#3426=EDGE_CURVE('',#4069,#4068,#440,.T.);
#3427=EDGE_CURVE('',#4066,#4069,#441,.T.);
#3428=EDGE_CURVE('',#4068,#4070,#442,.T.);
#3429=EDGE_CURVE('',#4071,#4070,#443,.T.);
#3430=EDGE_CURVE('',#3958,#4071,#444,.T.);
#3431=EDGE_CURVE('',#4069,#3957,#445,.T.);
#3432=EDGE_CURVE('',#4072,#3961,#446,.T.);
#3433=EDGE_CURVE('',#3962,#4071,#447,.T.);
#3434=EDGE_CURVE('',#4073,#4070,#448,.T.);
#3435=EDGE_CURVE('',#4072,#4073,#449,.T.);
#3436=EDGE_CURVE('',#4066,#3959,#450,.T.);
#3437=EDGE_CURVE('',#3960,#4072,#451,.T.);
#3438=EDGE_CURVE('',#4067,#4073,#452,.T.);
#3439=EDGE_CURVE('',#4074,#4075,#453,.T.);
#3440=EDGE_CURVE('',#4075,#4076,#454,.T.);
#3441=EDGE_CURVE('',#3950,#4076,#455,.T.);
#3442=EDGE_CURVE('',#4074,#3954,#456,.T.);
#3443=EDGE_CURVE('',#4077,#3949,#457,.T.);
#3444=EDGE_CURVE('',#4078,#4076,#458,.T.);
#3445=EDGE_CURVE('',#4077,#4078,#459,.T.);
#3446=EDGE_CURVE('',#4079,#4077,#460,.T.);
#3447=EDGE_CURVE('',#4080,#4078,#461,.T.);
#3448=EDGE_CURVE('',#4079,#4080,#462,.T.);
#3449=EDGE_CURVE('',#4080,#4075,#463,.T.);
#3450=EDGE_CURVE('',#4079,#4074,#464,.T.);
#3451=EDGE_CURVE('',#4081,#4082,#465,.T.);
#3452=EDGE_CURVE('',#4082,#4083,#466,.T.);
#3453=EDGE_CURVE('',#3952,#4083,#467,.T.);
#3454=EDGE_CURVE('',#4081,#3951,#468,.T.);
#3455=EDGE_CURVE('',#4083,#4084,#469,.T.);
#3456=EDGE_CURVE('',#3946,#4084,#470,.T.);
#3457=EDGE_CURVE('',#3953,#3945,#471,.T.);
#3458=EDGE_CURVE('',#4085,#3947,#472,.T.);
#3459=EDGE_CURVE('',#4086,#4084,#473,.T.);
#3460=EDGE_CURVE('',#4085,#4086,#474,.T.);
#3461=EDGE_CURVE('',#4081,#3955,#475,.T.);
#3462=EDGE_CURVE('',#3956,#4085,#476,.T.);
#3463=EDGE_CURVE('',#4082,#4086,#477,.T.);
#3464=EDGE_CURVE('',#3944,#4087,#478,.T.);
#3465=EDGE_CURVE('',#4087,#4088,#479,.T.);
#3466=EDGE_CURVE('',#4089,#4088,#480,.T.);
#3467=EDGE_CURVE('',#3943,#4089,#481,.T.);
#3468=EDGE_CURVE('',#4090,#4089,#482,.T.);
#3469=EDGE_CURVE('',#4091,#4088,#483,.T.);
#3470=EDGE_CURVE('',#4090,#4091,#484,.T.);
#3471=EDGE_CURVE('',#4092,#4090,#485,.T.);
#3472=EDGE_CURVE('',#4093,#4091,#486,.T.);
#3473=EDGE_CURVE('',#4092,#4093,#487,.T.);
#3474=EDGE_CURVE('',#4093,#4087,#488,.T.);
#3475=EDGE_CURVE('',#4092,#3948,#489,.T.);
#3476=EDGE_CURVE('',#4094,#4095,#490,.T.);
#3477=EDGE_CURVE('',#4095,#4096,#491,.T.);
#3478=EDGE_CURVE('',#3983,#4096,#492,.T.);
#3479=EDGE_CURVE('',#4094,#3987,#493,.T.);
#3480=EDGE_CURVE('',#4096,#4097,#494,.T.);
#3481=EDGE_CURVE('',#4098,#4097,#495,.T.);
#3482=EDGE_CURVE('',#3982,#4098,#496,.T.);
#3483=EDGE_CURVE('',#4099,#4098,#497,.T.);
#3484=EDGE_CURVE('',#4100,#4097,#498,.T.);
#3485=EDGE_CURVE('',#4099,#4100,#499,.T.);
#3486=EDGE_CURVE('',#4094,#4099,#500,.T.);
#3487=EDGE_CURVE('',#4095,#4100,#501,.T.);
#3488=EDGE_CURVE('',#4101,#4102,#502,.T.);
#3489=EDGE_CURVE('',#4102,#4103,#503,.T.);
#3490=EDGE_CURVE('',#3985,#4103,#504,.T.);
#3491=EDGE_CURVE('',#4101,#3984,#505,.T.);
#3492=EDGE_CURVE('',#4104,#3986,#506,.T.);
#3493=EDGE_CURVE('',#4105,#4103,#507,.T.);
#3494=EDGE_CURVE('',#4104,#4105,#508,.T.);
#3495=EDGE_CURVE('',#4106,#4104,#509,.T.);
#3496=EDGE_CURVE('',#4107,#4105,#510,.T.);
#3497=EDGE_CURVE('',#4106,#4107,#511,.T.);
#3498=EDGE_CURVE('',#4107,#4102,#512,.T.);
#3499=EDGE_CURVE('',#4106,#4101,#513,.T.);
#3500=EDGE_CURVE('',#4108,#4109,#514,.T.);
#3501=EDGE_CURVE('',#4109,#4110,#515,.T.);
#3502=EDGE_CURVE('',#4111,#4110,#516,.T.);
#3503=EDGE_CURVE('',#4108,#4111,#517,.T.);
#3504=EDGE_CURVE('',#4112,#4111,#518,.T.);
#3505=EDGE_CURVE('',#4113,#4110,#519,.T.);
#3506=EDGE_CURVE('',#4112,#4113,#520,.T.);
#3507=EDGE_CURVE('',#4114,#4112,#521,.T.);
#3508=EDGE_CURVE('',#4115,#4113,#522,.T.);
#3509=EDGE_CURVE('',#4114,#4115,#523,.T.);
#3510=EDGE_CURVE('',#4115,#4109,#524,.T.);
#3511=EDGE_CURVE('',#4114,#4108,#525,.T.);
#3512=EDGE_CURVE('',#4116,#4116,#4384,.T.);
#3513=EDGE_CURVE('',#4117,#4117,#4385,.T.);
#3514=EDGE_CURVE('',#4118,#4119,#526,.T.);
#3515=EDGE_CURVE('',#4119,#4120,#527,.T.);
#3516=EDGE_CURVE('',#4121,#4120,#528,.T.);
#3517=EDGE_CURVE('',#4118,#4121,#529,.T.);
#3518=EDGE_CURVE('',#4122,#4121,#530,.T.);
#3519=EDGE_CURVE('',#4123,#4120,#531,.T.);
#3520=EDGE_CURVE('',#4122,#4123,#532,.T.);
#3521=EDGE_CURVE('',#3972,#4124,#533,.T.);
#3522=EDGE_CURVE('',#3969,#4122,#534,.T.);
#3523=EDGE_CURVE('',#4124,#4123,#535,.T.);
#3524=EDGE_CURVE('',#4124,#4119,#536,.T.);
#3525=EDGE_CURVE('',#3971,#4118,#537,.T.);
#3526=EDGE_CURVE('',#4125,#4126,#538,.T.);
#3527=EDGE_CURVE('',#4126,#4127,#539,.T.);
#3528=EDGE_CURVE('',#4128,#4127,#540,.T.);
#3529=EDGE_CURVE('',#4125,#4128,#541,.T.);
#3530=EDGE_CURVE('',#4129,#4125,#542,.T.);
#3531=EDGE_CURVE('',#4130,#4128,#543,.T.);
#3532=EDGE_CURVE('',#4129,#4130,#544,.T.);
#3533=EDGE_CURVE('',#4130,#4131,#545,.T.);
#3534=EDGE_CURVE('',#4132,#4131,#546,.T.);
#3535=EDGE_CURVE('',#4129,#4132,#547,.T.);
#3536=EDGE_CURVE('',#4133,#4132,#548,.T.);
#3537=EDGE_CURVE('',#4134,#4131,#549,.T.);
#3538=EDGE_CURVE('',#4133,#4134,#550,.T.);
#3539=EDGE_CURVE('',#4135,#4133,#551,.T.);
#3540=EDGE_CURVE('',#4136,#4134,#552,.T.);
#3541=EDGE_CURVE('',#4135,#4136,#553,.T.);
#3542=EDGE_CURVE('',#4137,#4135,#554,.T.);
#3543=EDGE_CURVE('',#4138,#4136,#555,.T.);
#3544=EDGE_CURVE('',#4137,#4138,#556,.T.);
#3545=EDGE_CURVE('',#4138,#4139,#557,.T.);
#3546=EDGE_CURVE('',#4140,#4139,#558,.T.);
#3547=EDGE_CURVE('',#4137,#4140,#559,.T.);
#3548=EDGE_CURVE('',#4139,#4127,#560,.T.);
#3549=EDGE_CURVE('',#3978,#4126,#561,.T.);
#3550=EDGE_CURVE('',#4140,#3977,#562,.T.);
#3551=EDGE_CURVE('',#4141,#4142,#563,.T.);
#3552=EDGE_CURVE('',#4142,#4143,#564,.T.);
#3553=EDGE_CURVE('',#4144,#4143,#565,.T.);
#3554=EDGE_CURVE('',#4141,#4144,#566,.T.);
#3555=EDGE_CURVE('',#4145,#4141,#567,.T.);
#3556=EDGE_CURVE('',#4146,#4144,#568,.T.);
#3557=EDGE_CURVE('',#4145,#4146,#569,.T.);
#3558=EDGE_CURVE('',#4146,#4147,#570,.T.);
#3559=EDGE_CURVE('',#4148,#4147,#571,.T.);
#3560=EDGE_CURVE('',#4145,#4148,#572,.T.);
#3561=EDGE_CURVE('',#4147,#4143,#573,.T.);
#3562=EDGE_CURVE('',#4148,#4142,#574,.T.);
#3563=EDGE_CURVE('',#3889,#4149,#575,.T.);
#3564=EDGE_CURVE('',#4150,#3890,#576,.F.);
#3565=EDGE_CURVE('',#4149,#4150,#4386,.F.);
#3566=EDGE_CURVE('',#4151,#3891,#577,.F.);
#3567=EDGE_CURVE('',#4151,#4149,#578,.T.);
#3568=EDGE_CURVE('',#3892,#4152,#579,.T.);
#3569=EDGE_CURVE('',#4152,#4151,#4387,.F.);
#3570=EDGE_CURVE('',#4153,#3893,#580,.F.);
#3571=EDGE_CURVE('',#4153,#4152,#581,.T.);
#3572=EDGE_CURVE('',#3894,#4154,#582,.T.);
#3573=EDGE_CURVE('',#4154,#4153,#4388,.F.);
#3574=EDGE_CURVE('',#4155,#3895,#583,.F.);
#3575=EDGE_CURVE('',#4154,#4155,#584,.T.);
#3576=EDGE_CURVE('',#3896,#4156,#585,.T.);
#3577=EDGE_CURVE('',#4156,#4155,#4389,.F.);
#3578=EDGE_CURVE('',#4156,#4150,#586,.T.);
#3579=EDGE_CURVE('',#4157,#4158,#76,.T.);
#3580=EDGE_CURVE('',#4158,#4159,#587,.T.);
#3581=EDGE_CURVE('',#4159,#4160,#77,.T.);
#3582=EDGE_CURVE('',#4160,#4157,#588,.F.);
#3583=EDGE_CURVE('',#4161,#4158,#589,.T.);
#3584=EDGE_CURVE('',#4162,#4161,#590,.T.);
#3585=EDGE_CURVE('',#4159,#4162,#591,.T.);
#3586=EDGE_CURVE('',#4163,#4162,#78,.T.);
#3587=EDGE_CURVE('',#4161,#4164,#79,.T.);
#3588=EDGE_CURVE('',#4164,#4163,#592,.F.);
#3589=EDGE_CURVE('',#4165,#4166,#80,.T.);
#3590=EDGE_CURVE('',#4167,#4165,#593,.F.);
#3591=EDGE_CURVE('',#4168,#4167,#81,.T.);
#3592=EDGE_CURVE('',#4166,#4168,#594,.T.);
#3593=EDGE_CURVE('',#4168,#4169,#595,.T.);
#3594=EDGE_CURVE('',#4169,#4170,#596,.T.);
#3595=EDGE_CURVE('',#4170,#4166,#597,.T.);
#3596=EDGE_CURVE('',#4171,#4169,#82,.T.);
#3597=EDGE_CURVE('',#4172,#4171,#598,.F.);
#3598=EDGE_CURVE('',#4170,#4172,#83,.T.);
#3599=EDGE_CURVE('',#4173,#4163,#599,.T.);
#3600=EDGE_CURVE('',#4173,#4174,#600,.T.);
#3601=EDGE_CURVE('',#4174,#4160,#601,.T.);
#3602=EDGE_CURVE('',#4175,#4176,#602,.T.);
#3603=EDGE_CURVE('',#4175,#4171,#603,.T.);
#3604=EDGE_CURVE('',#4177,#4167,#604,.T.);
#3605=EDGE_CURVE('',#4178,#4177,#605,.T.);
#3606=EDGE_CURVE('',#4178,#4164,#606,.T.);
#3607=EDGE_CURVE('',#4176,#4157,#607,.T.);
#3608=EDGE_CURVE('',#4177,#4179,#608,.T.);
#3609=EDGE_CURVE('',#4179,#4165,#609,.T.);
#3610=EDGE_CURVE('',#4180,#4175,#610,.T.);
#3611=EDGE_CURVE('',#4180,#4172,#611,.T.);
#3612=EDGE_CURVE('',#4179,#4180,#612,.T.);
#3613=EDGE_CURVE('',#4178,#4173,#613,.T.);
#3614=EDGE_CURVE('',#4174,#4176,#614,.T.);
#3615=VERTEX_POINT('',#8329);
#3616=VERTEX_POINT('',#8332);
#3617=VERTEX_POINT('',#8335);
#3618=VERTEX_POINT('',#8338);
#3619=VERTEX_POINT('',#8341);
#3620=VERTEX_POINT('',#8344);
#3621=VERTEX_POINT('',#8347);
#3622=VERTEX_POINT('',#8350);
#3623=VERTEX_POINT('',#8353);
#3624=VERTEX_POINT('',#8356);
#3625=VERTEX_POINT('',#8359);
#3626=VERTEX_POINT('',#8362);
#3627=VERTEX_POINT('',#8365);
#3628=VERTEX_POINT('',#8368);
#3629=VERTEX_POINT('',#8371);
#3630=VERTEX_POINT('',#8374);
#3631=VERTEX_POINT('',#8377);
#3632=VERTEX_POINT('',#8380);
#3633=VERTEX_POINT('',#8383);
#3634=VERTEX_POINT('',#8386);
#3635=VERTEX_POINT('',#8389);
#3636=VERTEX_POINT('',#8392);
#3637=VERTEX_POINT('',#8395);
#3638=VERTEX_POINT('',#8398);
#3639=VERTEX_POINT('',#8401);
#3640=VERTEX_POINT('',#8404);
#3641=VERTEX_POINT('',#8407);
#3642=VERTEX_POINT('',#8410);
#3643=VERTEX_POINT('',#8413);
#3644=VERTEX_POINT('',#8416);
#3645=VERTEX_POINT('',#8419);
#3646=VERTEX_POINT('',#8422);
#3647=VERTEX_POINT('',#8425);
#3648=VERTEX_POINT('',#8428);
#3649=VERTEX_POINT('',#8431);
#3650=VERTEX_POINT('',#8434);
#3651=VERTEX_POINT('',#8437);
#3652=VERTEX_POINT('',#8440);
#3653=VERTEX_POINT('',#8443);
#3654=VERTEX_POINT('',#8446);
#3655=VERTEX_POINT('',#8449);
#3656=VERTEX_POINT('',#8452);
#3657=VERTEX_POINT('',#8455);
#3658=VERTEX_POINT('',#8458);
#3659=VERTEX_POINT('',#8461);
#3660=VERTEX_POINT('',#8464);
#3661=VERTEX_POINT('',#8467);
#3662=VERTEX_POINT('',#8470);
#3663=VERTEX_POINT('',#8473);
#3664=VERTEX_POINT('',#8476);
#3665=VERTEX_POINT('',#8479);
#3666=VERTEX_POINT('',#8482);
#3667=VERTEX_POINT('',#8485);
#3668=VERTEX_POINT('',#8488);
#3669=VERTEX_POINT('',#8491);
#3670=VERTEX_POINT('',#8494);
#3671=VERTEX_POINT('',#8497);
#3672=VERTEX_POINT('',#8500);
#3673=VERTEX_POINT('',#8503);
#3674=VERTEX_POINT('',#8506);
#3675=VERTEX_POINT('',#8509);
#3676=VERTEX_POINT('',#8512);
#3677=VERTEX_POINT('',#8515);
#3678=VERTEX_POINT('',#8518);
#3679=VERTEX_POINT('',#8521);
#3680=VERTEX_POINT('',#8524);
#3681=VERTEX_POINT('',#8527);
#3682=VERTEX_POINT('',#8530);
#3683=VERTEX_POINT('',#8533);
#3684=VERTEX_POINT('',#8536);
#3685=VERTEX_POINT('',#8539);
#3686=VERTEX_POINT('',#8542);
#3687=VERTEX_POINT('',#8545);
#3688=VERTEX_POINT('',#8548);
#3689=VERTEX_POINT('',#8551);
#3690=VERTEX_POINT('',#8554);
#3691=VERTEX_POINT('',#8557);
#3692=VERTEX_POINT('',#8560);
#3693=VERTEX_POINT('',#8563);
#3694=VERTEX_POINT('',#8566);
#3695=VERTEX_POINT('',#8569);
#3696=VERTEX_POINT('',#8572);
#3697=VERTEX_POINT('',#8573);
#3698=VERTEX_POINT('',#8575);
#3699=VERTEX_POINT('',#8577);
#3700=VERTEX_POINT('',#8581);
#3701=VERTEX_POINT('',#8583);
#3702=VERTEX_POINT('',#8587);
#3703=VERTEX_POINT('',#8589);
#3704=VERTEX_POINT('',#8593);
#3705=VERTEX_POINT('',#8596);
#3706=VERTEX_POINT('',#8597);
#3707=VERTEX_POINT('',#8599);
#3708=VERTEX_POINT('',#8604);
#3709=VERTEX_POINT('',#8608);
#3710=VERTEX_POINT('',#8610);
#3711=VERTEX_POINT('',#8614);
#3712=VERTEX_POINT('',#8615);
#3713=VERTEX_POINT('',#8617);
#3714=VERTEX_POINT('',#8619);
#3715=VERTEX_POINT('',#8623);
#3716=VERTEX_POINT('',#8625);
#3717=VERTEX_POINT('',#8629);
#3718=VERTEX_POINT('',#8631);
#3719=VERTEX_POINT('',#8635);
#3720=VERTEX_POINT('',#8638);
#3721=VERTEX_POINT('',#8639);
#3722=VERTEX_POINT('',#8641);
#3723=VERTEX_POINT('',#8646);
#3724=VERTEX_POINT('',#8650);
#3725=VERTEX_POINT('',#8652);
#3726=VERTEX_POINT('',#8656);
#3727=VERTEX_POINT('',#8657);
#3728=VERTEX_POINT('',#8659);
#3729=VERTEX_POINT('',#8661);
#3730=VERTEX_POINT('',#8665);
#3731=VERTEX_POINT('',#8666);
#3732=VERTEX_POINT('',#8668);
#3733=VERTEX_POINT('',#8670);
#3734=VERTEX_POINT('',#8677);
#3735=VERTEX_POINT('',#8680);
#3736=VERTEX_POINT('',#8682);
#3737=VERTEX_POINT('',#8684);
#3738=VERTEX_POINT('',#8688);
#3739=VERTEX_POINT('',#8692);
#3740=VERTEX_POINT('',#8694);
#3741=VERTEX_POINT('',#8698);
#3742=VERTEX_POINT('',#8699);
#3743=VERTEX_POINT('',#8701);
#3744=VERTEX_POINT('',#8703);
#3745=VERTEX_POINT('',#8707);
#3746=VERTEX_POINT('',#8709);
#3747=VERTEX_POINT('',#8713);
#3748=VERTEX_POINT('',#8715);
#3749=VERTEX_POINT('',#8719);
#3750=VERTEX_POINT('',#8722);
#3751=VERTEX_POINT('',#8724);
#3752=VERTEX_POINT('',#8726);
#3753=VERTEX_POINT('',#8730);
#3754=VERTEX_POINT('',#8734);
#3755=VERTEX_POINT('',#8736);
#3756=VERTEX_POINT('',#8740);
#3757=VERTEX_POINT('',#8741);
#3758=VERTEX_POINT('',#8743);
#3759=VERTEX_POINT('',#8745);
#3760=VERTEX_POINT('',#8749);
#3761=VERTEX_POINT('',#8750);
#3762=VERTEX_POINT('',#8752);
#3763=VERTEX_POINT('',#8754);
#3764=VERTEX_POINT('',#8761);
#3765=VERTEX_POINT('',#8764);
#3766=VERTEX_POINT('',#8765);
#3767=VERTEX_POINT('',#8767);
#3768=VERTEX_POINT('',#8772);
#3769=VERTEX_POINT('',#8776);
#3770=VERTEX_POINT('',#8778);
#3771=VERTEX_POINT('',#8782);
#3772=VERTEX_POINT('',#8783);
#3773=VERTEX_POINT('',#8785);
#3774=VERTEX_POINT('',#8789);
#3775=VERTEX_POINT('',#8791);
#3776=VERTEX_POINT('',#8795);
#3777=VERTEX_POINT('',#8796);
#3778=VERTEX_POINT('',#8798);
#3779=VERTEX_POINT('',#8800);
#3780=VERTEX_POINT('',#8804);
#3781=VERTEX_POINT('',#8808);
#3782=VERTEX_POINT('',#8810);
#3783=VERTEX_POINT('',#8815);
#3784=VERTEX_POINT('',#8816);
#3785=VERTEX_POINT('',#8818);
#3786=VERTEX_POINT('',#8820);
#3787=VERTEX_POINT('',#8822);
#3788=VERTEX_POINT('',#8824);
#3789=VERTEX_POINT('',#8826);
#3790=VERTEX_POINT('',#8828);
#3791=VERTEX_POINT('',#8831);
#3792=VERTEX_POINT('',#8833);
#3793=VERTEX_POINT('',#8835);
#3794=VERTEX_POINT('',#8837);
#3795=VERTEX_POINT('',#8841);
#3796=VERTEX_POINT('',#8842);
#3797=VERTEX_POINT('',#8844);
#3798=VERTEX_POINT('',#8846);
#3799=VERTEX_POINT('',#8848);
#3800=VERTEX_POINT('',#8850);
#3801=VERTEX_POINT('',#8855);
#3802=VERTEX_POINT('',#8856);
#3803=VERTEX_POINT('',#8858);
#3804=VERTEX_POINT('',#8860);
#3805=VERTEX_POINT('',#8864);
#3806=VERTEX_POINT('',#8866);
#3807=VERTEX_POINT('',#8870);
#3808=VERTEX_POINT('',#8872);
#3809=VERTEX_POINT('',#8876);
#3810=VERTEX_POINT('',#8879);
#3811=VERTEX_POINT('',#8881);
#3812=VERTEX_POINT('',#8883);
#3813=VERTEX_POINT('',#8887);
#3814=VERTEX_POINT('',#8891);
#3815=VERTEX_POINT('',#8893);
#3816=VERTEX_POINT('',#8897);
#3817=VERTEX_POINT('',#8898);
#3818=VERTEX_POINT('',#8900);
#3819=VERTEX_POINT('',#8902);
#3820=VERTEX_POINT('',#8906);
#3821=VERTEX_POINT('',#8907);
#3822=VERTEX_POINT('',#8909);
#3823=VERTEX_POINT('',#8911);
#3824=VERTEX_POINT('',#8918);
#3825=VERTEX_POINT('',#8921);
#3826=VERTEX_POINT('',#8923);
#3827=VERTEX_POINT('',#8925);
#3828=VERTEX_POINT('',#8929);
#3829=VERTEX_POINT('',#8933);
#3830=VERTEX_POINT('',#8935);
#3831=VERTEX_POINT('',#8939);
#3832=VERTEX_POINT('',#8940);
#3833=VERTEX_POINT('',#8942);
#3834=VERTEX_POINT('',#8944);
#3835=VERTEX_POINT('',#8948);
#3836=VERTEX_POINT('',#8950);
#3837=VERTEX_POINT('',#8954);
#3838=VERTEX_POINT('',#8956);
#3839=VERTEX_POINT('',#8960);
#3840=VERTEX_POINT('',#8963);
#3841=VERTEX_POINT('',#8965);
#3842=VERTEX_POINT('',#8967);
#3843=VERTEX_POINT('',#8971);
#3844=VERTEX_POINT('',#8975);
#3845=VERTEX_POINT('',#8977);
#3846=VERTEX_POINT('',#8981);
#3847=VERTEX_POINT('',#8982);
#3848=VERTEX_POINT('',#8984);
#3849=VERTEX_POINT('',#8986);
#3850=VERTEX_POINT('',#8990);
#3851=VERTEX_POINT('',#8991);
#3852=VERTEX_POINT('',#8993);
#3853=VERTEX_POINT('',#8995);
#3854=VERTEX_POINT('',#9002);
#3855=VERTEX_POINT('',#9005);
#3856=VERTEX_POINT('',#9007);
#3857=VERTEX_POINT('',#9009);
#3858=VERTEX_POINT('',#9013);
#3859=VERTEX_POINT('',#9017);
#3860=VERTEX_POINT('',#9019);
#3861=VERTEX_POINT('',#9023);
#3862=VERTEX_POINT('',#9026);
#3863=VERTEX_POINT('',#9029);
#3864=VERTEX_POINT('',#9032);
#3865=VERTEX_POINT('',#9035);
#3866=VERTEX_POINT('',#9038);
#3867=VERTEX_POINT('',#9041);
#3868=VERTEX_POINT('',#9044);
#3869=VERTEX_POINT('',#9047);
#3870=VERTEX_POINT('',#9050);
#3871=VERTEX_POINT('',#9052);
#3872=VERTEX_POINT('',#9055);
#3873=VERTEX_POINT('',#9057);
#3874=VERTEX_POINT('',#9060);
#3875=VERTEX_POINT('',#9063);
#3876=VERTEX_POINT('',#9066);
#3877=VERTEX_POINT('',#9069);
#3878=VERTEX_POINT('',#9072);
#3879=VERTEX_POINT('',#9075);
#3880=VERTEX_POINT('',#9078);
#3881=VERTEX_POINT('',#9081);
#3882=VERTEX_POINT('',#9084);
#3883=VERTEX_POINT('',#9087);
#3884=VERTEX_POINT('',#9090);
#3885=VERTEX_POINT('',#9093);
#3886=VERTEX_POINT('',#9094);
#3887=VERTEX_POINT('',#9096);
#3888=VERTEX_POINT('',#9098);
#3889=VERTEX_POINT('',#9102);
#3890=VERTEX_POINT('',#9104);
#3891=VERTEX_POINT('',#9108);
#3892=VERTEX_POINT('',#9112);
#3893=VERTEX_POINT('',#9116);
#3894=VERTEX_POINT('',#9120);
#3895=VERTEX_POINT('',#9124);
#3896=VERTEX_POINT('',#9128);
#3897=VERTEX_POINT('',#9134);
#3898=VERTEX_POINT('',#9136);
#3899=VERTEX_POINT('',#9140);
#3900=VERTEX_POINT('',#9144);
#3901=VERTEX_POINT('',#9150);
#3902=VERTEX_POINT('',#9152);
#3903=VERTEX_POINT('',#9156);
#3904=VERTEX_POINT('',#9160);
#3905=VERTEX_POINT('',#9166);
#3906=VERTEX_POINT('',#9168);
#3907=VERTEX_POINT('',#9172);
#3908=VERTEX_POINT('',#9176);
#3909=VERTEX_POINT('',#9182);
#3910=VERTEX_POINT('',#9184);
#3911=VERTEX_POINT('',#9188);
#3912=VERTEX_POINT('',#9192);
#3913=VERTEX_POINT('',#9198);
#3914=VERTEX_POINT('',#9200);
#3915=VERTEX_POINT('',#9204);
#3916=VERTEX_POINT('',#9208);
#3917=VERTEX_POINT('',#9214);
#3918=VERTEX_POINT('',#9215);
#3919=VERTEX_POINT('',#9220);
#3920=VERTEX_POINT('',#9224);
#3921=VERTEX_POINT('',#9228);
#3922=VERTEX_POINT('',#9232);
#3923=VERTEX_POINT('',#9236);
#3924=VERTEX_POINT('',#9240);
#3925=VERTEX_POINT('',#9244);
#3926=VERTEX_POINT('',#9248);
#3927=VERTEX_POINT('',#9254);
#3928=VERTEX_POINT('',#9256);
#3929=VERTEX_POINT('',#9260);
#3930=VERTEX_POINT('',#9264);
#3931=VERTEX_POINT('',#9270);
#3932=VERTEX_POINT('',#9272);
#3933=VERTEX_POINT('',#9276);
#3934=VERTEX_POINT('',#9280);
#3935=VERTEX_POINT('',#9286);
#3936=VERTEX_POINT('',#9288);
#3937=VERTEX_POINT('',#9292);
#3938=VERTEX_POINT('',#9296);
#3939=VERTEX_POINT('',#9302);
#3940=VERTEX_POINT('',#9304);
#3941=VERTEX_POINT('',#9308);
#3942=VERTEX_POINT('',#9312);
#3943=VERTEX_POINT('',#9321);
#3944=VERTEX_POINT('',#9322);
#3945=VERTEX_POINT('',#9324);
#3946=VERTEX_POINT('',#9329);
#3947=VERTEX_POINT('',#9334);
#3948=VERTEX_POINT('',#9336);
#3949=VERTEX_POINT('',#9349);
#3950=VERTEX_POINT('',#9350);
#3951=VERTEX_POINT('',#9352);
#3952=VERTEX_POINT('',#9366);
#3953=VERTEX_POINT('',#9371);
#3954=VERTEX_POINT('',#9373);
#3955=VERTEX_POINT('',#9384);
#3956=VERTEX_POINT('',#9385);
#3957=VERTEX_POINT('',#9387);
#3958=VERTEX_POINT('',#9401);
#3959=VERTEX_POINT('',#9411);
#3960=VERTEX_POINT('',#9412);
#3961=VERTEX_POINT('',#9422);
#3962=VERTEX_POINT('',#9423);
#3963=VERTEX_POINT('',#9425);
#3964=VERTEX_POINT('',#9430);
#3965=VERTEX_POINT('',#9440);
#3966=VERTEX_POINT('',#9441);
#3967=VERTEX_POINT('',#9443);
#3968=VERTEX_POINT('',#9453);
#3969=VERTEX_POINT('',#9461);
#3970=VERTEX_POINT('',#9475);
#3971=VERTEX_POINT('',#9482);
#3972=VERTEX_POINT('',#9483);
#3973=VERTEX_POINT('',#9485);
#3974=VERTEX_POINT('',#9490);
#3975=VERTEX_POINT('',#9511);
#3976=VERTEX_POINT('',#9512);
#3977=VERTEX_POINT('',#9514);
#3978=VERTEX_POINT('',#9524);
#3979=VERTEX_POINT('',#9526);
#3980=VERTEX_POINT('',#9535);
#3981=VERTEX_POINT('',#9538);
#3982=VERTEX_POINT('',#9544);
#3983=VERTEX_POINT('',#9545);
#3984=VERTEX_POINT('',#9547);
#3985=VERTEX_POINT('',#9552);
#3986=VERTEX_POINT('',#9557);
#3987=VERTEX_POINT('',#9559);
#3988=VERTEX_POINT('',#9566);
#3989=VERTEX_POINT('',#9569);
#3990=VERTEX_POINT('',#9572);
#3991=VERTEX_POINT('',#9575);
#3992=VERTEX_POINT('',#9578);
#3993=VERTEX_POINT('',#9581);
#3994=VERTEX_POINT('',#9584);
#3995=VERTEX_POINT('',#9587);
#3996=VERTEX_POINT('',#9590);
#3997=VERTEX_POINT('',#9591);
#3998=VERTEX_POINT('',#9593);
#3999=VERTEX_POINT('',#9595);
#4000=VERTEX_POINT('',#9599);
#4001=VERTEX_POINT('',#9601);
#4002=VERTEX_POINT('',#9605);
#4003=VERTEX_POINT('',#9607);
#4004=VERTEX_POINT('',#9614);
#4005=VERTEX_POINT('',#9615);
#4006=VERTEX_POINT('',#9617);
#4007=VERTEX_POINT('',#9619);
#4008=VERTEX_POINT('',#9623);
#4009=VERTEX_POINT('',#9625);
#4010=VERTEX_POINT('',#9629);
#4011=VERTEX_POINT('',#9631);
#4012=VERTEX_POINT('',#9638);
#4013=VERTEX_POINT('',#9639);
#4014=VERTEX_POINT('',#9641);
#4015=VERTEX_POINT('',#9643);
#4016=VERTEX_POINT('',#9647);
#4017=VERTEX_POINT('',#9649);
#4018=VERTEX_POINT('',#9653);
#4019=VERTEX_POINT('',#9655);
#4020=VERTEX_POINT('',#9662);
#4021=VERTEX_POINT('',#9664);
#4022=VERTEX_POINT('',#9669);
#4023=VERTEX_POINT('',#9671);
#4024=VERTEX_POINT('',#9675);
#4025=VERTEX_POINT('',#9677);
#4026=VERTEX_POINT('',#9685);
#4027=VERTEX_POINT('',#9686);
#4028=VERTEX_POINT('',#9688);
#4029=VERTEX_POINT('',#9690);
#4030=VERTEX_POINT('',#9694);
#4031=VERTEX_POINT('',#9696);
#4032=VERTEX_POINT('',#9701);
#4033=VERTEX_POINT('',#9703);
#4034=VERTEX_POINT('',#9710);
#4035=VERTEX_POINT('',#9711);
#4036=VERTEX_POINT('',#9713);
#4037=VERTEX_POINT('',#9715);
#4038=VERTEX_POINT('',#9719);
#4039=VERTEX_POINT('',#9721);
#4040=VERTEX_POINT('',#9725);
#4041=VERTEX_POINT('',#9727);
#4042=VERTEX_POINT('',#9731);
#4043=VERTEX_POINT('',#9733);
#4044=VERTEX_POINT('',#9737);
#4045=VERTEX_POINT('',#9739);
#4046=VERTEX_POINT('',#9743);
#4047=VERTEX_POINT('',#9745);
#4048=VERTEX_POINT('',#9749);
#4049=VERTEX_POINT('',#9751);
#4050=VERTEX_POINT('',#9755);
#4051=VERTEX_POINT('',#9757);
#4052=VERTEX_POINT('',#9761);
#4053=VERTEX_POINT('',#9763);
#4054=VERTEX_POINT('',#9767);
#4055=VERTEX_POINT('',#9769);
#4056=VERTEX_POINT('',#9773);
#4057=VERTEX_POINT('',#9775);
#4058=VERTEX_POINT('',#9782);
#4059=VERTEX_POINT('',#9783);
#4060=VERTEX_POINT('',#9785);
#4061=VERTEX_POINT('',#9787);
#4062=VERTEX_POINT('',#9792);
#4063=VERTEX_POINT('',#9794);
#4064=VERTEX_POINT('',#9798);
#4065=VERTEX_POINT('',#9800);
#4066=VERTEX_POINT('',#9807);
#4067=VERTEX_POINT('',#9808);
#4068=VERTEX_POINT('',#9810);
#4069=VERTEX_POINT('',#9812);
#4070=VERTEX_POINT('',#9816);
#4071=VERTEX_POINT('',#9818);
#4072=VERTEX_POINT('',#9823);
#4073=VERTEX_POINT('',#9826);
#4074=VERTEX_POINT('',#9834);
#4075=VERTEX_POINT('',#9835);
#4076=VERTEX_POINT('',#9837);
#4077=VERTEX_POINT('',#9842);
#4078=VERTEX_POINT('',#9844);
#4079=VERTEX_POINT('',#9848);
#4080=VERTEX_POINT('',#9850);
#4081=VERTEX_POINT('',#9857);
#4082=VERTEX_POINT('',#9858);
#4083=VERTEX_POINT('',#9860);
#4084=VERTEX_POINT('',#9865);
#4085=VERTEX_POINT('',#9870);
#4086=VERTEX_POINT('',#9872);
#4087=VERTEX_POINT('',#9880);
#4088=VERTEX_POINT('',#9882);
#4089=VERTEX_POINT('',#9884);
#4090=VERTEX_POINT('',#9888);
#4091=VERTEX_POINT('',#9890);
#4092=VERTEX_POINT('',#9894);
#4093=VERTEX_POINT('',#9896);
#4094=VERTEX_POINT('',#9903);
#4095=VERTEX_POINT('',#9904);
#4096=VERTEX_POINT('',#9906);
#4097=VERTEX_POINT('',#9911);
#4098=VERTEX_POINT('',#9913);
#4099=VERTEX_POINT('',#9917);
#4100=VERTEX_POINT('',#9919);
#4101=VERTEX_POINT('',#9926);
#4102=VERTEX_POINT('',#9927);
#4103=VERTEX_POINT('',#9929);
#4104=VERTEX_POINT('',#9934);
#4105=VERTEX_POINT('',#9936);
#4106=VERTEX_POINT('',#9940);
#4107=VERTEX_POINT('',#9942);
#4108=VERTEX_POINT('',#9949);
#4109=VERTEX_POINT('',#9950);
#4110=VERTEX_POINT('',#9952);
#4111=VERTEX_POINT('',#9954);
#4112=VERTEX_POINT('',#9958);
#4113=VERTEX_POINT('',#9960);
#4114=VERTEX_POINT('',#9964);
#4115=VERTEX_POINT('',#9966);
#4116=VERTEX_POINT('',#9973);
#4117=VERTEX_POINT('',#9976);
#4118=VERTEX_POINT('',#9979);
#4119=VERTEX_POINT('',#9980);
#4120=VERTEX_POINT('',#9982);
#4121=VERTEX_POINT('',#9984);
#4122=VERTEX_POINT('',#9988);
#4123=VERTEX_POINT('',#9990);
#4124=VERTEX_POINT('',#9994);
#4125=VERTEX_POINT('',#10002);
#4126=VERTEX_POINT('',#10003);
#4127=VERTEX_POINT('',#10005);
#4128=VERTEX_POINT('',#10007);
#4129=VERTEX_POINT('',#10011);
#4130=VERTEX_POINT('',#10013);
#4131=VERTEX_POINT('',#10017);
#4132=VERTEX_POINT('',#10019);
#4133=VERTEX_POINT('',#10023);
#4134=VERTEX_POINT('',#10025);
#4135=VERTEX_POINT('',#10029);
#4136=VERTEX_POINT('',#10031);
#4137=VERTEX_POINT('',#10035);
#4138=VERTEX_POINT('',#10037);
#4139=VERTEX_POINT('',#10041);
#4140=VERTEX_POINT('',#10043);
#4141=VERTEX_POINT('',#10051);
#4142=VERTEX_POINT('',#10052);
#4143=VERTEX_POINT('',#10054);
#4144=VERTEX_POINT('',#10056);
#4145=VERTEX_POINT('',#10060);
#4146=VERTEX_POINT('',#10062);
#4147=VERTEX_POINT('',#10066);
#4148=VERTEX_POINT('',#10068);
#4149=VERTEX_POINT('',#10075);
#4150=VERTEX_POINT('',#10077);
#4151=VERTEX_POINT('',#10081);
#4152=VERTEX_POINT('',#10085);
#4153=VERTEX_POINT('',#10089);
#4154=VERTEX_POINT('',#10093);
#4155=VERTEX_POINT('',#10097);
#4156=VERTEX_POINT('',#10101);
#4157=VERTEX_POINT('',#10107);
#4158=VERTEX_POINT('',#10108);
#4159=VERTEX_POINT('',#10110);
#4160=VERTEX_POINT('',#10112);
#4161=VERTEX_POINT('',#10116);
#4162=VERTEX_POINT('',#10118);
#4163=VERTEX_POINT('',#10122);
#4164=VERTEX_POINT('',#10124);
#4165=VERTEX_POINT('',#10128);
#4166=VERTEX_POINT('',#10129);
#4167=VERTEX_POINT('',#10131);
#4168=VERTEX_POINT('',#10133);
#4169=VERTEX_POINT('',#10137);
#4170=VERTEX_POINT('',#10139);
#4171=VERTEX_POINT('',#10143);
#4172=VERTEX_POINT('',#10145);
#4173=VERTEX_POINT('',#10149);
#4174=VERTEX_POINT('',#10151);
#4175=VERTEX_POINT('',#10155);
#4176=VERTEX_POINT('',#10156);
#4177=VERTEX_POINT('',#10159);
#4178=VERTEX_POINT('',#10161);
#4179=VERTEX_POINT('',#10166);
#4180=VERTEX_POINT('',#10170);
#4181=CIRCLE('',#6001,0.000749999999999973);
#4182=CIRCLE('',#6003,0.000749999999999973);
#4183=CIRCLE('',#6005,0.000749999999999973);
#4184=CIRCLE('',#6007,0.000749999999999973);
#4185=CIRCLE('',#6009,0.000749999999999973);
#4186=CIRCLE('',#6011,0.000749999999999973);
#4187=CIRCLE('',#6013,0.000749999999999973);
#4188=CIRCLE('',#6015,0.000749999999999973);
#4189=CIRCLE('',#6017,0.000749999999999973);
#4190=CIRCLE('',#6019,0.000749999999999973);
#4191=CIRCLE('',#6021,0.000749999999999973);
#4192=CIRCLE('',#6023,0.000749999999999973);
#4193=CIRCLE('',#6025,0.000749999999999973);
#4194=CIRCLE('',#6027,0.000749999999999973);
#4195=CIRCLE('',#6029,0.000749999999999973);
#4196=CIRCLE('',#6031,0.000749999999999973);
#4197=CIRCLE('',#6033,0.000749999999999973);
#4198=CIRCLE('',#6035,0.000749999999999973);
#4199=CIRCLE('',#6037,0.000749999999999973);
#4200=CIRCLE('',#6039,0.000749999999999973);
#4201=CIRCLE('',#6041,0.000749999999999973);
#4202=CIRCLE('',#6043,0.000749999999999973);
#4203=CIRCLE('',#6045,0.000749999999999973);
#4204=CIRCLE('',#6047,0.000749999999999973);
#4205=CIRCLE('',#6049,0.000749999999999973);
#4206=CIRCLE('',#6051,0.000749999999999973);
#4207=CIRCLE('',#6053,0.000749999999999973);
#4208=CIRCLE('',#6055,0.000749999999999973);
#4209=CIRCLE('',#6057,0.000749999999999973);
#4210=CIRCLE('',#6059,0.000749999999999973);
#4211=CIRCLE('',#6061,0.000749999999999973);
#4212=CIRCLE('',#6063,0.000749999999999973);
#4213=CIRCLE('',#6065,0.000749999999999973);
#4214=CIRCLE('',#6067,0.000749999999999973);
#4215=CIRCLE('',#6069,0.000749999999999973);
#4216=CIRCLE('',#6071,0.000749999999999973);
#4217=CIRCLE('',#6073,0.00285);
#4218=CIRCLE('',#6075,0.00285);
#4219=CIRCLE('',#6077,0.00285);
#4220=CIRCLE('',#6079,0.00285);
#4221=CIRCLE('',#6081,0.00284999999999996);
#4222=CIRCLE('',#6083,0.00284999999999996);
#4223=CIRCLE('',#6085,0.00284999999999996);
#4224=CIRCLE('',#6087,0.00284999999999996);
#4225=CIRCLE('',#6089,0.00284999999999996);
#4226=CIRCLE('',#6091,0.00285);
#4227=CIRCLE('',#6093,0.00284999999999996);
#4228=CIRCLE('',#6095,0.00285);
#4229=CIRCLE('',#6097,0.00285);
#4230=CIRCLE('',#6099,0.00285);
#4231=CIRCLE('',#6101,0.00285);
#4232=CIRCLE('',#6103,0.00284999999999996);
#4233=CIRCLE('',#6105,0.00284999999999996);
#4234=CIRCLE('',#6107,0.00284999999999996);
#4235=CIRCLE('',#6109,0.002);
#4236=CIRCLE('',#6111,0.002);
#4237=CIRCLE('',#6113,0.002);
#4238=CIRCLE('',#6115,0.002);
#4239=CIRCLE('',#6117,0.002);
#4240=CIRCLE('',#6119,0.002);
#4241=CIRCLE('',#6121,0.002);
#4242=CIRCLE('',#6123,0.002);
#4243=CIRCLE('',#6125,0.002);
#4244=CIRCLE('',#6127,0.0035);
#4245=CIRCLE('',#6129,0.0035);
#4246=CIRCLE('',#6131,0.0035);
#4247=CIRCLE('',#6133,0.0035);
#4248=CIRCLE('',#6135,0.0035);
#4249=CIRCLE('',#6137,0.0035);
#4250=CIRCLE('',#6139,0.0035);
#4251=CIRCLE('',#6141,0.0035);
#4252=CIRCLE('',#6143,0.0035);
#4253=CIRCLE('',#6145,0.0035);
#4254=CIRCLE('',#6147,0.0035);
#4255=CIRCLE('',#6149,0.0035);
#4256=CIRCLE('',#6151,0.0035);
#4257=CIRCLE('',#6153,0.0035);
#4258=CIRCLE('',#6155,0.0035);
#4259=CIRCLE('',#6157,0.0035);
#4260=CIRCLE('',#6159,0.0035);
#4261=CIRCLE('',#6161,0.0035);
#4262=CIRCLE('',#6163,0.004);
#4263=CIRCLE('',#6164,0.004);
#4264=CIRCLE('',#6167,0.004);
#4265=CIRCLE('',#6168,0.004);
#4266=CIRCLE('',#6170,0.002);
#4267=CIRCLE('',#6175,0.004);
#4268=CIRCLE('',#6176,0.004);
#4269=CIRCLE('',#6179,0.004);
#4270=CIRCLE('',#6180,0.004);
#4271=CIRCLE('',#6182,0.002);
#4272=CIRCLE('',#6187,0.004);
#4273=CIRCLE('',#6188,0.004);
#4274=CIRCLE('',#6190,0.004);
#4275=CIRCLE('',#6191,0.004);
#4276=CIRCLE('',#6194,0.002);
#4277=CIRCLE('',#6199,0.004);
#4278=CIRCLE('',#6200,0.004);
#4279=CIRCLE('',#6203,0.004);
#4280=CIRCLE('',#6204,0.004);
#4281=CIRCLE('',#6206,0.002);
#4282=CIRCLE('',#6211,0.004);
#4283=CIRCLE('',#6212,0.004);
#4284=CIRCLE('',#6214,0.004);
#4285=CIRCLE('',#6215,0.004);
#4286=CIRCLE('',#6218,0.002);
#4287=CIRCLE('',#6223,0.001);
#4288=CIRCLE('',#6225,0.001);
#4289=CIRCLE('',#6227,0.001);
#4290=CIRCLE('',#6228,0.001);
#4291=CIRCLE('',#6232,0.001);
#4292=CIRCLE('',#6233,0.001);
#4293=CIRCLE('',#6234,0.001);
#4294=CIRCLE('',#6235,0.001);
#4295=CIRCLE('',#6236,0.001);
#4296=CIRCLE('',#6237,0.001);
#4297=CIRCLE('',#6240,0.004);
#4298=CIRCLE('',#6241,0.004);
#4299=CIRCLE('',#6244,0.004);
#4300=CIRCLE('',#6245,0.004);
#4301=CIRCLE('',#6247,0.002);
#4302=CIRCLE('',#6252,0.004);
#4303=CIRCLE('',#6253,0.004);
#4304=CIRCLE('',#6255,0.004);
#4305=CIRCLE('',#6256,0.004);
#4306=CIRCLE('',#6259,0.002);
#4307=CIRCLE('',#6264,0.004);
#4308=CIRCLE('',#6265,0.004);
#4309=CIRCLE('',#6268,0.004);
#4310=CIRCLE('',#6269,0.004);
#4311=CIRCLE('',#6271,0.002);
#4312=CIRCLE('',#6276,0.004);
#4313=CIRCLE('',#6277,0.004);
#4314=CIRCLE('',#6279,0.004);
#4315=CIRCLE('',#6280,0.004);
#4316=CIRCLE('',#6283,0.002);
#4317=CIRCLE('',#6288,0.0035);
#4318=CIRCLE('',#6290,0.0035);
#4319=CIRCLE('',#6292,0.0035);
#4320=CIRCLE('',#6294,0.0035);
#4321=CIRCLE('',#6296,0.0035);
#4322=CIRCLE('',#6298,0.0035);
#4323=CIRCLE('',#6300,0.0035);
#4324=CIRCLE('',#6302,0.0035);
#4325=CIRCLE('',#6304,0.0035);
#4326=CIRCLE('',#6306,0.00265);
#4327=CIRCLE('',#6307,0.0015);
#4328=CIRCLE('',#6309,0.0015);
#4329=CIRCLE('',#6310,0.00265);
#4330=CIRCLE('',#6312,0.0035);
#4331=CIRCLE('',#6314,0.0035);
#4332=CIRCLE('',#6316,0.0035);
#4333=CIRCLE('',#6318,0.0035);
#4334=CIRCLE('',#6320,0.0035);
#4335=CIRCLE('',#6322,0.0035);
#4336=CIRCLE('',#6324,0.0035);
#4337=CIRCLE('',#6326,0.0035);
#4338=CIRCLE('',#6328,0.0035);
#4339=CIRCLE('',#6330,0.002675);
#4340=CIRCLE('',#6332,0.002675);
#4341=CIRCLE('',#6334,0.0055);
#4342=CIRCLE('',#6335,0.0055);
#4343=CIRCLE('',#6337,0.001);
#4344=CIRCLE('',#6338,0.001);
#4345=CIRCLE('',#6339,0.002);
#4346=CIRCLE('',#6341,0.001);
#4347=CIRCLE('',#6343,0.002);
#4348=CIRCLE('',#6344,0.001);
#4349=CIRCLE('',#6346,0.001);
#4350=CIRCLE('',#6348,0.002);
#4351=CIRCLE('',#6349,0.001);
#4352=CIRCLE('',#6351,0.001);
#4353=CIRCLE('',#6353,0.002);
#4354=CIRCLE('',#6354,0.001);
#4355=CIRCLE('',#6400,0.001);
#4356=CIRCLE('',#6403,0.001);
#4357=CIRCLE('',#6441,0.0055);
#4358=CIRCLE('',#6442,0.0055);
#4359=CIRCLE('',#6444,0.0055);
#4360=CIRCLE('',#6445,0.0055);
#4361=CIRCLE('',#6447,0.0055);
#4362=CIRCLE('',#6448,0.0055);
#4363=CIRCLE('',#6450,0.0055);
#4364=CIRCLE('',#6452,0.0055);
#4365=CIRCLE('',#6453,0.0055);
#4366=CIRCLE('',#6455,0.0055);
#4367=CIRCLE('',#6456,0.0055);
#4368=CIRCLE('',#6458,0.0055);
#4369=CIRCLE('',#6460,0.0055);
#4370=CIRCLE('',#6462,0.0055);
#4371=CIRCLE('',#6463,0.0055);
#4372=CIRCLE('',#6465,0.0015);
#4373=CIRCLE('',#6467,0.0015);
#4374=CIRCLE('',#6469,0.0055);
#4375=CIRCLE('',#6470,0.0055);
#4376=CIRCLE('',#6472,0.0055);
#4377=CIRCLE('',#6474,0.0055);
#4378=CIRCLE('',#6476,0.0055);
#4379=CIRCLE('',#6478,0.0055);
#4380=CIRCLE('',#6480,0.0055);
#4381=CIRCLE('',#6482,0.0055);
#4382=CIRCLE('',#6484,0.0055);
#4383=CIRCLE('',#6486,0.0055);
#4384=CIRCLE('',#6552,0.002675);
#4385=CIRCLE('',#6554,0.002675);
#4386=CIRCLE('',#6572,0.002);
#4387=CIRCLE('',#6575,0.002);
#4388=CIRCLE('',#6578,0.002);
#4389=CIRCLE('',#6581,0.002);
#4390=EDGE_LOOP('',(#1245));
#4391=EDGE_LOOP('',(#1246));
#4392=EDGE_LOOP('',(#1247));
#4393=EDGE_LOOP('',(#1248));
#4394=EDGE_LOOP('',(#1249));
#4395=EDGE_LOOP('',(#1250));
#4396=EDGE_LOOP('',(#1251));
#4397=EDGE_LOOP('',(#1252));
#4398=EDGE_LOOP('',(#1253));
#4399=EDGE_LOOP('',(#1254));
#4400=EDGE_LOOP('',(#1255));
#4401=EDGE_LOOP('',(#1256));
#4402=EDGE_LOOP('',(#1257));
#4403=EDGE_LOOP('',(#1258));
#4404=EDGE_LOOP('',(#1259));
#4405=EDGE_LOOP('',(#1260));
#4406=EDGE_LOOP('',(#1261));
#4407=EDGE_LOOP('',(#1262));
#4408=EDGE_LOOP('',(#1263));
#4409=EDGE_LOOP('',(#1264));
#4410=EDGE_LOOP('',(#1265));
#4411=EDGE_LOOP('',(#1266));
#4412=EDGE_LOOP('',(#1267));
#4413=EDGE_LOOP('',(#1268));
#4414=EDGE_LOOP('',(#1269));
#4415=EDGE_LOOP('',(#1270));
#4416=EDGE_LOOP('',(#1271));
#4417=EDGE_LOOP('',(#1272));
#4418=EDGE_LOOP('',(#1273));
#4419=EDGE_LOOP('',(#1274));
#4420=EDGE_LOOP('',(#1275));
#4421=EDGE_LOOP('',(#1276));
#4422=EDGE_LOOP('',(#1277));
#4423=EDGE_LOOP('',(#1278));
#4424=EDGE_LOOP('',(#1279));
#4425=EDGE_LOOP('',(#1280));
#4426=EDGE_LOOP('',(#1281));
#4427=EDGE_LOOP('',(#1282));
#4428=EDGE_LOOP('',(#1283));
#4429=EDGE_LOOP('',(#1284));
#4430=EDGE_LOOP('',(#1285));
#4431=EDGE_LOOP('',(#1286));
#4432=EDGE_LOOP('',(#1287));
#4433=EDGE_LOOP('',(#1288));
#4434=EDGE_LOOP('',(#1289));
#4435=EDGE_LOOP('',(#1290));
#4436=EDGE_LOOP('',(#1291));
#4437=EDGE_LOOP('',(#1292));
#4438=EDGE_LOOP('',(#1293));
#4439=EDGE_LOOP('',(#1294));
#4440=EDGE_LOOP('',(#1295));
#4441=EDGE_LOOP('',(#1296));
#4442=EDGE_LOOP('',(#1297));
#4443=EDGE_LOOP('',(#1298));
#4444=EDGE_LOOP('',(#1299));
#4445=EDGE_LOOP('',(#1300));
#4446=EDGE_LOOP('',(#1301));
#4447=EDGE_LOOP('',(#1302));
#4448=EDGE_LOOP('',(#1303));
#4449=EDGE_LOOP('',(#1304));
#4450=EDGE_LOOP('',(#1305));
#4451=EDGE_LOOP('',(#1306));
#4452=EDGE_LOOP('',(#1307));
#4453=EDGE_LOOP('',(#1308));
#4454=EDGE_LOOP('',(#1309));
#4455=EDGE_LOOP('',(#1310));
#4456=EDGE_LOOP('',(#1311));
#4457=EDGE_LOOP('',(#1312));
#4458=EDGE_LOOP('',(#1313));
#4459=EDGE_LOOP('',(#1314));
#4460=EDGE_LOOP('',(#1315));
#4461=EDGE_LOOP('',(#1316));
#4462=EDGE_LOOP('',(#1317));
#4463=EDGE_LOOP('',(#1318));
#4464=EDGE_LOOP('',(#1319));
#4465=EDGE_LOOP('',(#1320));
#4466=EDGE_LOOP('',(#1321));
#4467=EDGE_LOOP('',(#1322));
#4468=EDGE_LOOP('',(#1323));
#4469=EDGE_LOOP('',(#1324));
#4470=EDGE_LOOP('',(#1325));
#4471=EDGE_LOOP('',(#1326));
#4472=EDGE_LOOP('',(#1327));
#4473=EDGE_LOOP('',(#1328));
#4474=EDGE_LOOP('',(#1329));
#4475=EDGE_LOOP('',(#1330));
#4476=EDGE_LOOP('',(#1331));
#4477=EDGE_LOOP('',(#1332));
#4478=EDGE_LOOP('',(#1333));
#4479=EDGE_LOOP('',(#1334));
#4480=EDGE_LOOP('',(#1335));
#4481=EDGE_LOOP('',(#1336));
#4482=EDGE_LOOP('',(#1337));
#4483=EDGE_LOOP('',(#1338));
#4484=EDGE_LOOP('',(#1339));
#4485=EDGE_LOOP('',(#1340));
#4486=EDGE_LOOP('',(#1341));
#4487=EDGE_LOOP('',(#1342));
#4488=EDGE_LOOP('',(#1343));
#4489=EDGE_LOOP('',(#1344));
#4490=EDGE_LOOP('',(#1345));
#4491=EDGE_LOOP('',(#1346));
#4492=EDGE_LOOP('',(#1347));
#4493=EDGE_LOOP('',(#1348));
#4494=EDGE_LOOP('',(#1349));
#4495=EDGE_LOOP('',(#1350));
#4496=EDGE_LOOP('',(#1351));
#4497=EDGE_LOOP('',(#1352));
#4498=EDGE_LOOP('',(#1353));
#4499=EDGE_LOOP('',(#1354));
#4500=EDGE_LOOP('',(#1355));
#4501=EDGE_LOOP('',(#1356));
#4502=EDGE_LOOP('',(#1357));
#4503=EDGE_LOOP('',(#1358));
#4504=EDGE_LOOP('',(#1359));
#4505=EDGE_LOOP('',(#1360));
#4506=EDGE_LOOP('',(#1361));
#4507=EDGE_LOOP('',(#1362));
#4508=EDGE_LOOP('',(#1363));
#4509=EDGE_LOOP('',(#1364));
#4510=EDGE_LOOP('',(#1365));
#4511=EDGE_LOOP('',(#1366));
#4512=EDGE_LOOP('',(#1367));
#4513=EDGE_LOOP('',(#1368));
#4514=EDGE_LOOP('',(#1369));
#4515=EDGE_LOOP('',(#1370));
#4516=EDGE_LOOP('',(#1371));
#4517=EDGE_LOOP('',(#1372));
#4518=EDGE_LOOP('',(#1373));
#4519=EDGE_LOOP('',(#1374));
#4520=EDGE_LOOP('',(#1375));
#4521=EDGE_LOOP('',(#1376));
#4522=EDGE_LOOP('',(#1377));
#4523=EDGE_LOOP('',(#1378));
#4524=EDGE_LOOP('',(#1379));
#4525=EDGE_LOOP('',(#1380,#1381,#1382,#1383));
#4526=EDGE_LOOP('',(#1384,#1385,#1386,#1387));
#4527=EDGE_LOOP('',(#1388,#1389,#1390,#1391));
#4528=EDGE_LOOP('',(#1392));
#4529=EDGE_LOOP('',(#1393));
#4530=EDGE_LOOP('',(#1394,#1395,#1396,#1397,#1398));
#4531=EDGE_LOOP('',(#1399,#1400,#1401,#1402,#1403,#1404));
#4532=EDGE_LOOP('',(#1405,#1406,#1407,#1408,#1409));
#4533=EDGE_LOOP('',(#1410,#1411,#1412,#1413));
#4534=EDGE_LOOP('',(#1414,#1415,#1416,#1417));
#4535=EDGE_LOOP('',(#1418,#1419,#1420,#1421));
#4536=EDGE_LOOP('',(#1422));
#4537=EDGE_LOOP('',(#1423));
#4538=EDGE_LOOP('',(#1424,#1425,#1426,#1427,#1428));
#4539=EDGE_LOOP('',(#1429,#1430,#1431,#1432,#1433,#1434));
#4540=EDGE_LOOP('',(#1435,#1436,#1437,#1438,#1439));
#4541=EDGE_LOOP('',(#1440,#1441,#1442,#1443));
#4542=EDGE_LOOP('',(#1444,#1445,#1446,#1447));
#4543=EDGE_LOOP('',(#1448,#1449,#1450,#1451));
#4544=EDGE_LOOP('',(#1452));
#4545=EDGE_LOOP('',(#1453));
#4546=EDGE_LOOP('',(#1454,#1455,#1456,#1457,#1458));
#4547=EDGE_LOOP('',(#1459,#1460,#1461,#1462,#1463,#1464));
#4548=EDGE_LOOP('',(#1465,#1466,#1467,#1468,#1469));
#4549=EDGE_LOOP('',(#1470,#1471,#1472,#1473));
#4550=EDGE_LOOP('',(#1474,#1475,#1476,#1477));
#4551=EDGE_LOOP('',(#1478,#1479,#1480,#1481));
#4552=EDGE_LOOP('',(#1482));
#4553=EDGE_LOOP('',(#1483));
#4554=EDGE_LOOP('',(#1484,#1485,#1486,#1487,#1488));
#4555=EDGE_LOOP('',(#1489,#1490,#1491,#1492,#1493,#1494));
#4556=EDGE_LOOP('',(#1495,#1496,#1497,#1498,#1499));
#4557=EDGE_LOOP('',(#1500,#1501,#1502,#1503));
#4558=EDGE_LOOP('',(#1504,#1505,#1506,#1507));
#4559=EDGE_LOOP('',(#1508,#1509,#1510,#1511));
#4560=EDGE_LOOP('',(#1512));
#4561=EDGE_LOOP('',(#1513));
#4562=EDGE_LOOP('',(#1514,#1515,#1516,#1517,#1518));
#4563=EDGE_LOOP('',(#1519,#1520,#1521,#1522,#1523,#1524));
#4564=EDGE_LOOP('',(#1525,#1526,#1527,#1528,#1529));
#4565=EDGE_LOOP('',(#1530,#1531,#1532));
#4566=EDGE_LOOP('',(#1533,#1534,#1535,#1536));
#4567=EDGE_LOOP('',(#1537,#1538,#1539,#1540));
#4568=EDGE_LOOP('',(#1541,#1542,#1543));
#4569=EDGE_LOOP('',(#1544,#1545,#1546,#1547,#1548,#1549,#1550,#1551));
#4570=EDGE_LOOP('',(#1552,#1553,#1554,#1555,#1556,#1557,#1558,#1559));
#4571=EDGE_LOOP('',(#1560,#1561,#1562,#1563,#1564,#1565,#1566,#1567));
#4572=EDGE_LOOP('',(#1568,#1569,#1570,#1571,#1572,#1573,#1574,#1575));
#4573=EDGE_LOOP('',(#1576,#1577,#1578,#1579));
#4574=EDGE_LOOP('',(#1580,#1581,#1582,#1583));
#4575=EDGE_LOOP('',(#1584,#1585,#1586,#1587));
#4576=EDGE_LOOP('',(#1588));
#4577=EDGE_LOOP('',(#1589));
#4578=EDGE_LOOP('',(#1590,#1591,#1592,#1593,#1594));
#4579=EDGE_LOOP('',(#1595,#1596,#1597,#1598,#1599,#1600));
#4580=EDGE_LOOP('',(#1601,#1602,#1603,#1604,#1605));
#4581=EDGE_LOOP('',(#1606,#1607,#1608,#1609));
#4582=EDGE_LOOP('',(#1610,#1611,#1612,#1613));
#4583=EDGE_LOOP('',(#1614,#1615,#1616,#1617));
#4584=EDGE_LOOP('',(#1618));
#4585=EDGE_LOOP('',(#1619));
#4586=EDGE_LOOP('',(#1620,#1621,#1622,#1623,#1624));
#4587=EDGE_LOOP('',(#1625,#1626,#1627,#1628,#1629,#1630));
#4588=EDGE_LOOP('',(#1631,#1632,#1633,#1634,#1635));
#4589=EDGE_LOOP('',(#1636,#1637,#1638,#1639));
#4590=EDGE_LOOP('',(#1640,#1641,#1642,#1643));
#4591=EDGE_LOOP('',(#1644,#1645,#1646,#1647));
#4592=EDGE_LOOP('',(#1648));
#4593=EDGE_LOOP('',(#1649));
#4594=EDGE_LOOP('',(#1650,#1651,#1652,#1653,#1654));
#4595=EDGE_LOOP('',(#1655,#1656,#1657,#1658,#1659,#1660));
#4596=EDGE_LOOP('',(#1661,#1662,#1663,#1664,#1665));
#4597=EDGE_LOOP('',(#1666,#1667,#1668,#1669));
#4598=EDGE_LOOP('',(#1670,#1671,#1672,#1673));
#4599=EDGE_LOOP('',(#1674,#1675,#1676,#1677));
#4600=EDGE_LOOP('',(#1678));
#4601=EDGE_LOOP('',(#1679));
#4602=EDGE_LOOP('',(#1680,#1681,#1682,#1683,#1684));
#4603=EDGE_LOOP('',(#1685,#1686,#1687,#1688,#1689,#1690));
#4604=EDGE_LOOP('',(#1691,#1692,#1693,#1694,#1695));
#4605=EDGE_LOOP('',(#1696));
#4606=EDGE_LOOP('',(#1697));
#4607=EDGE_LOOP('',(#1698));
#4608=EDGE_LOOP('',(#1699));
#4609=EDGE_LOOP('',(#1700));
#4610=EDGE_LOOP('',(#1701));
#4611=EDGE_LOOP('',(#1702));
#4612=EDGE_LOOP('',(#1703));
#4613=EDGE_LOOP('',(#1704));
#4614=EDGE_LOOP('',(#1705));
#4615=EDGE_LOOP('',(#1706));
#4616=EDGE_LOOP('',(#1707));
#4617=EDGE_LOOP('',(#1708));
#4618=EDGE_LOOP('',(#1709));
#4619=EDGE_LOOP('',(#1710));
#4620=EDGE_LOOP('',(#1711));
#4621=EDGE_LOOP('',(#1712));
#4622=EDGE_LOOP('',(#1713));
#4623=EDGE_LOOP('',(#1714));
#4624=EDGE_LOOP('',(#1715));
#4625=EDGE_LOOP('',(#1716));
#4626=EDGE_LOOP('',(#1717));
#4627=EDGE_LOOP('',(#1718));
#4628=EDGE_LOOP('',(#1719));
#4629=EDGE_LOOP('',(#1720));
#4630=EDGE_LOOP('',(#1721));
#4631=EDGE_LOOP('',(#1722));
#4632=EDGE_LOOP('',(#1723));
#4633=EDGE_LOOP('',(#1724));
#4634=EDGE_LOOP('',(#1725));
#4635=EDGE_LOOP('',(#1726));
#4636=EDGE_LOOP('',(#1727));
#4637=EDGE_LOOP('',(#1728));
#4638=EDGE_LOOP('',(#1729));
#4639=EDGE_LOOP('',(#1730));
#4640=EDGE_LOOP('',(#1731));
#4641=EDGE_LOOP('',(#1732));
#4642=EDGE_LOOP('',(#1733));
#4643=EDGE_LOOP('',(#1734));
#4644=EDGE_LOOP('',(#1735));
#4645=EDGE_LOOP('',(#1736));
#4646=EDGE_LOOP('',(#1737));
#4647=EDGE_LOOP('',(#1738));
#4648=EDGE_LOOP('',(#1739));
#4649=EDGE_LOOP('',(#1740,#1741,#1742,#1743));
#4650=EDGE_LOOP('',(#1744,#1745,#1746,#1747));
#4651=EDGE_LOOP('',(#1748,#1749,#1750,#1751));
#4652=EDGE_LOOP('',(#1752,#1753,#1754,#1755));
#4653=EDGE_LOOP('',(#1756,#1757,#1758,#1759));
#4654=EDGE_LOOP('',(#1760,#1761,#1762,#1763));
#4655=EDGE_LOOP('',(#1764,#1765,#1766,#1767));
#4656=EDGE_LOOP('',(#1768,#1769,#1770,#1771));
#4657=EDGE_LOOP('',(#1772,#1773,#1774,#1775));
#4658=EDGE_LOOP('',(#1776));
#4659=EDGE_LOOP('',(#1777,#1778,#1779,#1780,#1781,#1782,#1783,#1784));
#4660=EDGE_LOOP('',(#1785,#1786,#1787,#1788));
#4661=EDGE_LOOP('',(#1789,#1790,#1791,#1792,#1793,#1794));
#4662=EDGE_LOOP('',(#1795,#1796,#1797,#1798));
#4663=EDGE_LOOP('',(#1799));
#4664=EDGE_LOOP('',(#1800,#1801,#1802,#1803,#1804,#1805,#1806,#1807));
#4665=EDGE_LOOP('',(#1808,#1809,#1810,#1811));
#4666=EDGE_LOOP('',(#1812,#1813,#1814,#1815,#1816,#1817));
#4667=EDGE_LOOP('',(#1818,#1819,#1820,#1821));
#4668=EDGE_LOOP('',(#1822));
#4669=EDGE_LOOP('',(#1823,#1824,#1825,#1826,#1827,#1828,#1829,#1830));
#4670=EDGE_LOOP('',(#1831,#1832,#1833,#1834));
#4671=EDGE_LOOP('',(#1835,#1836,#1837,#1838,#1839,#1840));
#4672=EDGE_LOOP('',(#1841,#1842,#1843,#1844));
#4673=EDGE_LOOP('',(#1845));
#4674=EDGE_LOOP('',(#1846,#1847,#1848,#1849,#1850,#1851,#1852,#1853));
#4675=EDGE_LOOP('',(#1854,#1855,#1856,#1857));
#4676=EDGE_LOOP('',(#1858,#1859,#1860,#1861,#1862,#1863));
#4677=EDGE_LOOP('',(#1864,#1865,#1866,#1867));
#4678=EDGE_LOOP('',(#1868));
#4679=EDGE_LOOP('',(#1869,#1870,#1871,#1872,#1873,#1874,#1875,#1876));
#4680=EDGE_LOOP('',(#1877,#1878,#1879,#1880));
#4681=EDGE_LOOP('',(#1881,#1882,#1883,#1884,#1885,#1886));
#4682=EDGE_LOOP('',(#1887,#1888,#1889,#1890));
#4683=EDGE_LOOP('',(#1891,#1892,#1893,#1894));
#4684=EDGE_LOOP('',(#1895,#1896,#1897,#1898));
#4685=EDGE_LOOP('',(#1899,#1900,#1901,#1902,#1903,#1904,#1905,#1906));
#4686=EDGE_LOOP('',(#1907,#1908,#1909,#1910));
#4687=EDGE_LOOP('',(#1911,#1912,#1913,#1914));
#4688=EDGE_LOOP('',(#1915,#1916,#1917,#1918));
#4689=EDGE_LOOP('',(#1919,#1920,#1921,#1922,#1923,#1924,#1925,#1926));
#4690=EDGE_LOOP('',(#1927,#1928,#1929,#1930));
#4691=EDGE_LOOP('',(#1931,#1932,#1933,#1934));
#4692=EDGE_LOOP('',(#1935,#1936,#1937,#1938));
#4693=EDGE_LOOP('',(#1939));
#4694=EDGE_LOOP('',(#1940,#1941,#1942,#1943,#1944,#1945,#1946,#1947));
#4695=EDGE_LOOP('',(#1948,#1949,#1950,#1951));
#4696=EDGE_LOOP('',(#1952,#1953,#1954,#1955,#1956,#1957));
#4697=EDGE_LOOP('',(#1958,#1959,#1960,#1961));
#4698=EDGE_LOOP('',(#1962));
#4699=EDGE_LOOP('',(#1963,#1964,#1965,#1966,#1967,#1968,#1969,#1970));
#4700=EDGE_LOOP('',(#1971,#1972,#1973,#1974));
#4701=EDGE_LOOP('',(#1975,#1976,#1977,#1978,#1979,#1980));
#4702=EDGE_LOOP('',(#1981,#1982,#1983,#1984));
#4703=EDGE_LOOP('',(#1985));
#4704=EDGE_LOOP('',(#1986,#1987,#1988,#1989,#1990,#1991,#1992,#1993));
#4705=EDGE_LOOP('',(#1994,#1995,#1996,#1997));
#4706=EDGE_LOOP('',(#1998,#1999,#2000,#2001,#2002,#2003));
#4707=EDGE_LOOP('',(#2004,#2005,#2006,#2007));
#4708=EDGE_LOOP('',(#2008));
#4709=EDGE_LOOP('',(#2009,#2010,#2011,#2012,#2013,#2014,#2015,#2016));
#4710=EDGE_LOOP('',(#2017,#2018,#2019,#2020));
#4711=EDGE_LOOP('',(#2021,#2022,#2023,#2024,#2025,#2026));
#4712=EDGE_LOOP('',(#2027,#2028,#2029,#2030));
#4713=EDGE_LOOP('',(#2031,#2032,#2033,#2034,#2035,#2036));
#4714=EDGE_LOOP('',(#2037));
#4715=EDGE_LOOP('',(#2038,#2039,#2040,#2041,#2042,#2043));
#4716=EDGE_LOOP('',(#2044));
#4717=EDGE_LOOP('',(#2045,#2046,#2047,#2048));
#4718=EDGE_LOOP('',(#2049));
#4719=EDGE_LOOP('',(#2050,#2051));
#4720=EDGE_LOOP('',(#2052));
#4721=EDGE_LOOP('',(#2053,#2054,#2055,#2056));
#4722=EDGE_LOOP('',(#2057));
#4723=EDGE_LOOP('',(#2058,#2059,#2060,#2061));
#4724=EDGE_LOOP('',(#2062));
#4725=EDGE_LOOP('',(#2063,#2064,#2065,#2066));
#4726=EDGE_LOOP('',(#2067));
#4727=EDGE_LOOP('',(#2068,#2069,#2070,#2071,#2072,#2073));
#4728=EDGE_LOOP('',(#2074));
#4729=EDGE_LOOP('',(#2075,#2076,#2077,#2078,#2079));
#4730=EDGE_LOOP('',(#2080));
#4731=EDGE_LOOP('',(#2081));
#4732=EDGE_LOOP('',(#2082));
#4733=EDGE_LOOP('',(#2083));
#4734=EDGE_LOOP('',(#2084));
#4735=EDGE_LOOP('',(#2085,#2086,#2087,#2088,#2089,#2090));
#4736=EDGE_LOOP('',(#2091));
#4737=EDGE_LOOP('',(#2092));
#4738=EDGE_LOOP('',(#2093));
#4739=EDGE_LOOP('',(#2094));
#4740=EDGE_LOOP('',(#2095));
#4741=EDGE_LOOP('',(#2096));
#4742=EDGE_LOOP('',(#2097));
#4743=EDGE_LOOP('',(#2098));
#4744=EDGE_LOOP('',(#2099));
#4745=EDGE_LOOP('',(#2100));
#4746=EDGE_LOOP('',(#2101));
#4747=EDGE_LOOP('',(#2102));
#4748=EDGE_LOOP('',(#2103));
#4749=EDGE_LOOP('',(#2104));
#4750=EDGE_LOOP('',(#2105));
#4751=EDGE_LOOP('',(#2106));
#4752=EDGE_LOOP('',(#2107));
#4753=EDGE_LOOP('',(#2108,#2109,#2110,#2111));
#4754=EDGE_LOOP('',(#2112,#2113,#2114,#2115));
#4755=EDGE_LOOP('',(#2116,#2117,#2118,#2119));
#4756=EDGE_LOOP('',(#2120,#2121,#2122,#2123));
#4757=EDGE_LOOP('',(#2124,#2125,#2126,#2127));
#4758=EDGE_LOOP('',(#2128,#2129,#2130,#2131));
#4759=EDGE_LOOP('',(#2132,#2133,#2134,#2135));
#4760=EDGE_LOOP('',(#2136,#2137,#2138,#2139));
#4761=EDGE_LOOP('',(#2140,#2141,#2142,#2143));
#4762=EDGE_LOOP('',(#2144,#2145,#2146,#2147));
#4763=EDGE_LOOP('',(#2148,#2149,#2150,#2151));
#4764=EDGE_LOOP('',(#2152,#2153,#2154,#2155));
#4765=EDGE_LOOP('',(#2156,#2157,#2158,#2159,#2160,#2161));
#4766=EDGE_LOOP('',(#2162,#2163,#2164,#2165,#2166,#2167,#2168));
#4767=EDGE_LOOP('',(#2169,#2170,#2171,#2172));
#4768=EDGE_LOOP('',(#2173,#2174,#2175,#2176,#2177,#2178,#2179));
#4769=EDGE_LOOP('',(#2180,#2181,#2182,#2183));
#4770=EDGE_LOOP('',(#2184,#2185,#2186,#2187,#2188,#2189));
#4771=EDGE_LOOP('',(#2190,#2191,#2192,#2193));
#4772=EDGE_LOOP('',(#2194,#2195,#2196,#2197));
#4773=EDGE_LOOP('',(#2198,#2199,#2200,#2201));
#4774=EDGE_LOOP('',(#2202,#2203,#2204,#2205));
#4775=EDGE_LOOP('',(#2206,#2207,#2208,#2209));
#4776=EDGE_LOOP('',(#2210,#2211,#2212,#2213));
#4777=EDGE_LOOP('',(#2214,#2215,#2216,#2217));
#4778=EDGE_LOOP('',(#2218,#2219,#2220,#2221));
#4779=EDGE_LOOP('',(#2222,#2223,#2224,#2225));
#4780=EDGE_LOOP('',(#2226,#2227,#2228,#2229));
#4781=EDGE_LOOP('',(#2230,#2231,#2232,#2233));
#4782=EDGE_LOOP('',(#2234,#2235,#2236,#2237));
#4783=EDGE_LOOP('',(#2238,#2239,#2240,#2241));
#4784=EDGE_LOOP('',(#2242,#2243,#2244,#2245));
#4785=EDGE_LOOP('',(#2246,#2247,#2248,#2249,#2250,#2251));
#4786=EDGE_LOOP('',(#2252,#2253,#2254,#2255));
#4787=EDGE_LOOP('',(#2256,#2257,#2258,#2259));
#4788=EDGE_LOOP('',(#2260,#2261,#2262,#2263));
#4789=EDGE_LOOP('',(#2264,#2265,#2266,#2267));
#4790=EDGE_LOOP('',(#2268,#2269,#2270,#2271,#2272,#2273));
#4791=EDGE_LOOP('',(#2274,#2275,#2276,#2277,#2278,#2279));
#4792=EDGE_LOOP('',(#2280,#2281,#2282,#2283,#2284,#2285));
#4793=EDGE_LOOP('',(#2286,#2287,#2288,#2289,#2290));
#4794=EDGE_LOOP('',(#2291,#2292,#2293,#2294,#2295));
#4795=EDGE_LOOP('',(#2296,#2297,#2298,#2299));
#4796=EDGE_LOOP('',(#2300,#2301,#2302,#2303));
#4797=EDGE_LOOP('',(#2304,#2305,#2306,#2307,#2308));
#4798=EDGE_LOOP('',(#2309,#2310,#2311,#2312,#2313,#2314));
#4799=EDGE_LOOP('',(#2315,#2316,#2317,#2318,#2319));
#4800=EDGE_LOOP('',(#2320,#2321,#2322,#2323,#2324,#2325));
#4801=EDGE_LOOP('',(#2326,#2327,#2328,#2329,#2330));
#4802=EDGE_LOOP('',(#2331,#2332,#2333,#2334));
#4803=EDGE_LOOP('',(#2335,#2336,#2337,#2338));
#4804=EDGE_LOOP('',(#2339,#2340,#2341,#2342,#2343));
#4805=EDGE_LOOP('',(#2344,#2345,#2346,#2347,#2348));
#4806=EDGE_LOOP('',(#2349,#2350,#2351,#2352,#2353));
#4807=EDGE_LOOP('',(#2354,#2355,#2356,#2357));
#4808=EDGE_LOOP('',(#2358,#2359,#2360,#2361));
#4809=EDGE_LOOP('',(#2362,#2363,#2364,#2365,#2366));
#4810=EDGE_LOOP('',(#2367,#2368,#2369,#2370,#2371));
#4811=EDGE_LOOP('',(#2372,#2373,#2374,#2375));
#4812=EDGE_LOOP('',(#2376,#2377,#2378,#2379));
#4813=EDGE_LOOP('',(#2380,#2381,#2382,#2383));
#4814=EDGE_LOOP('',(#2384,#2385,#2386,#2387));
#4815=EDGE_LOOP('',(#2388,#2389,#2390,#2391));
#4816=EDGE_LOOP('',(#2392,#2393,#2394,#2395));
#4817=EDGE_LOOP('',(#2396));
#4818=EDGE_LOOP('',(#2397));
#4819=EDGE_LOOP('',(#2398));
#4820=EDGE_LOOP('',(#2399));
#4821=EDGE_LOOP('',(#2400,#2401,#2402,#2403));
#4822=EDGE_LOOP('',(#2404,#2405,#2406,#2407));
#4823=EDGE_LOOP('',(#2408,#2409,#2410,#2411,#2412,#2413,#2414));
#4824=EDGE_LOOP('',(#2415,#2416,#2417,#2418,#2419));
#4825=EDGE_LOOP('',(#2420,#2421,#2422,#2423));
#4826=EDGE_LOOP('',(#2424,#2425,#2426,#2427));
#4827=EDGE_LOOP('',(#2428,#2429,#2430,#2431));
#4828=EDGE_LOOP('',(#2432,#2433,#2434,#2435));
#4829=EDGE_LOOP('',(#2436,#2437,#2438,#2439));
#4830=EDGE_LOOP('',(#2440,#2441,#2442,#2443));
#4831=EDGE_LOOP('',(#2444,#2445,#2446,#2447));
#4832=EDGE_LOOP('',(#2448,#2449,#2450,#2451,#2452,#2453));
#4833=EDGE_LOOP('',(#2454,#2455,#2456,#2457));
#4834=EDGE_LOOP('',(#2458,#2459,#2460,#2461));
#4835=EDGE_LOOP('',(#2462,#2463,#2464,#2465));
#4836=EDGE_LOOP('',(#2466,#2467,#2468,#2469));
#4837=EDGE_LOOP('',(#2470,#2471,#2472,#2473));
#4838=EDGE_LOOP('',(#2474,#2475,#2476,#2477));
#4839=EDGE_LOOP('',(#2478,#2479,#2480,#2481));
#4840=EDGE_LOOP('',(#2482,#2483,#2484,#2485));
#4841=EDGE_LOOP('',(#2486,#2487,#2488,#2489));
#4842=EDGE_LOOP('',(#2490,#2491,#2492,#2493));
#4843=EDGE_LOOP('',(#2494,#2495,#2496,#2497));
#4844=EDGE_LOOP('',(#2498,#2499,#2500,#2501));
#4845=EDGE_LOOP('',(#2502,#2503,#2504,#2505));
#4846=EDGE_LOOP('',(#2506,#2507,#2508,#2509));
#4847=EDGE_LOOP('',(#2510,#2511,#2512,#2513));
#4848=EDGE_LOOP('',(#2514,#2515,#2516,#2517));
#4849=EDGE_LOOP('',(#2518,#2519,#2520,#2521));
#4850=EDGE_LOOP('',(#2522,#2523,#2524,#2525));
#4851=EDGE_LOOP('',(#2526,#2527,#2528,#2529));
#4852=EDGE_LOOP('',(#2530,#2531,#2532,#2533));
#4853=EDGE_LOOP('',(#2534,#2535,#2536,#2537));
#4854=EDGE_LOOP('',(#2538));
#4855=EDGE_LOOP('',(#2539));
#4856=EDGE_LOOP('',(#2540));
#4857=EDGE_LOOP('',(#2541));
#4858=EDGE_LOOP('',(#2542));
#4859=EDGE_LOOP('',(#2543));
#4860=EDGE_LOOP('',(#2544));
#4861=EDGE_LOOP('',(#2545));
#4862=EDGE_LOOP('',(#2546,#2547,#2548,#2549));
#4863=EDGE_LOOP('',(#2550,#2551,#2552,#2553));
#4864=EDGE_LOOP('',(#2554,#2555,#2556,#2557,#2558,#2559,#2560,#2561,#2562,
#2563));
#4865=EDGE_LOOP('',(#2564,#2565,#2566,#2567,#2568,#2569));
#4866=EDGE_LOOP('',(#2570));
#4867=EDGE_LOOP('',(#2571,#2572,#2573,#2574));
#4868=EDGE_LOOP('',(#2575));
#4869=EDGE_LOOP('',(#2576,#2577,#2578,#2579,#2580,#2581,#2582,#2583,#2584,
#2585,#2586,#2587,#2588,#2589,#2590,#2591,#2592,#2593,#2594,#2595,#2596,
#2597,#2598,#2599,#2600,#2601,#2602,#2603,#2604));
#4870=EDGE_LOOP('',(#2605,#2606,#2607,#2608,#2609,#2610,#2611,#2612,#2613,
#2614,#2615,#2616,#2617,#2618,#2619,#2620,#2621,#2622,#2623,#2624,#2625,
#2626,#2627,#2628,#2629,#2630,#2631,#2632,#2633,#2634,#2635,#2636,#2637,
#2638));
#4871=EDGE_LOOP('',(#2639,#2640,#2641,#2642,#2643,#2644,#2645,#2646,#2647,
#2648,#2649,#2650));
#4872=EDGE_LOOP('',(#2651,#2652,#2653,#2654));
#4873=EDGE_LOOP('',(#2655,#2656,#2657,#2658));
#4874=EDGE_LOOP('',(#2659,#2660,#2661,#2662,#2663,#2664,#2665,#2666,#2667,
#2668,#2669,#2670));
#4875=EDGE_LOOP('',(#2671,#2672,#2673,#2674));
#4876=EDGE_LOOP('',(#2675,#2676,#2677,#2678));
#4877=EDGE_LOOP('',(#2679,#2680,#2681,#2682,#2683,#2684,#2685,#2686));
#4878=EDGE_LOOP('',(#2687,#2688,#2689,#2690,#2691,#2692));
#4879=EDGE_LOOP('',(#2693,#2694,#2695,#2696));
#4880=EDGE_LOOP('',(#2697,#2698,#2699,#2700,#2701,#2702,#2703,#2704));
#4881=EDGE_LOOP('',(#2705,#2706,#2707,#2708));
#4882=EDGE_LOOP('',(#2709));
#4883=EDGE_LOOP('',(#2710));
#4884=EDGE_LOOP('',(#2711,#2712,#2713,#2714));
#4885=EDGE_LOOP('',(#2715,#2716,#2717,#2718));
#4886=EDGE_LOOP('',(#2719,#2720,#2721,#2722));
#4887=EDGE_LOOP('',(#2723,#2724,#2725,#2726));
#4888=EDGE_LOOP('',(#2727,#2728,#2729,#2730));
#4889=EDGE_LOOP('',(#2731,#2732,#2733,#2734));
#4890=EDGE_LOOP('',(#2735,#2736,#2737,#2738));
#4891=EDGE_LOOP('',(#2739,#2740,#2741,#2742));
#4892=EDGE_LOOP('',(#2743,#2744,#2745,#2746,#2747,#2748,#2749,#2750,#2751,
#2752,#2753,#2754));
#4893=EDGE_LOOP('',(#2755,#2756,#2757,#2758));
#4894=EDGE_LOOP('',(#2759,#2760,#2761,#2762));
#4895=EDGE_LOOP('',(#2763,#2764,#2765,#2766));
#4896=EDGE_LOOP('',(#2767,#2768,#2769,#2770));
#4897=EDGE_LOOP('',(#2771,#2772,#2773,#2774));
#4898=EDGE_LOOP('',(#2775,#2776,#2777,#2778));
#4899=EDGE_LOOP('',(#2779,#2780,#2781,#2782));
#4900=EDGE_LOOP('',(#2783,#2784,#2785,#2786));
#4901=EDGE_LOOP('',(#2787,#2788,#2789,#2790));
#4902=EDGE_LOOP('',(#2791,#2792,#2793,#2794));
#4903=EDGE_LOOP('',(#2795,#2796,#2797,#2798,#2799,#2800,#2801,#2802,#2803,
#2804));
#4904=EDGE_LOOP('',(#2805,#2806,#2807,#2808));
#4905=EDGE_LOOP('',(#2809,#2810,#2811,#2812));
#4906=EDGE_LOOP('',(#2813,#2814,#2815,#2816));
#4907=EDGE_LOOP('',(#2817,#2818,#2819,#2820,#2821,#2822,#2823,#2824));
#4908=FACE_BOUND('',#4390,.T.);
#4909=FACE_BOUND('',#4391,.T.);
#4910=FACE_BOUND('',#4392,.T.);
#4911=FACE_BOUND('',#4393,.T.);
#4912=FACE_BOUND('',#4394,.T.);
#4913=FACE_BOUND('',#4395,.T.);
#4914=FACE_BOUND('',#4396,.T.);
#4915=FACE_BOUND('',#4397,.T.);
#4916=FACE_BOUND('',#4398,.T.);
#4917=FACE_BOUND('',#4399,.T.);
#4918=FACE_BOUND('',#4400,.T.);
#4919=FACE_BOUND('',#4401,.T.);
#4920=FACE_BOUND('',#4402,.T.);
#4921=FACE_BOUND('',#4403,.T.);
#4922=FACE_BOUND('',#4404,.T.);
#4923=FACE_BOUND('',#4405,.T.);
#4924=FACE_BOUND('',#4406,.T.);
#4925=FACE_BOUND('',#4407,.T.);
#4926=FACE_BOUND('',#4408,.T.);
#4927=FACE_BOUND('',#4409,.T.);
#4928=FACE_BOUND('',#4410,.T.);
#4929=FACE_BOUND('',#4411,.T.);
#4930=FACE_BOUND('',#4412,.T.);
#4931=FACE_BOUND('',#4413,.T.);
#4932=FACE_BOUND('',#4414,.T.);
#4933=FACE_BOUND('',#4415,.T.);
#4934=FACE_BOUND('',#4416,.T.);
#4935=FACE_BOUND('',#4417,.T.);
#4936=FACE_BOUND('',#4418,.T.);
#4937=FACE_BOUND('',#4419,.T.);
#4938=FACE_BOUND('',#4420,.T.);
#4939=FACE_BOUND('',#4421,.T.);
#4940=FACE_BOUND('',#4422,.T.);
#4941=FACE_BOUND('',#4423,.T.);
#4942=FACE_BOUND('',#4424,.T.);
#4943=FACE_BOUND('',#4425,.T.);
#4944=FACE_BOUND('',#4426,.T.);
#4945=FACE_BOUND('',#4427,.T.);
#4946=FACE_BOUND('',#4428,.T.);
#4947=FACE_BOUND('',#4429,.T.);
#4948=FACE_BOUND('',#4430,.T.);
#4949=FACE_BOUND('',#4431,.T.);
#4950=FACE_BOUND('',#4432,.T.);
#4951=FACE_BOUND('',#4433,.T.);
#4952=FACE_BOUND('',#4434,.T.);
#4953=FACE_BOUND('',#4435,.T.);
#4954=FACE_BOUND('',#4436,.T.);
#4955=FACE_BOUND('',#4437,.T.);
#4956=FACE_BOUND('',#4438,.T.);
#4957=FACE_BOUND('',#4439,.T.);
#4958=FACE_BOUND('',#4440,.T.);
#4959=FACE_BOUND('',#4441,.T.);
#4960=FACE_BOUND('',#4442,.T.);
#4961=FACE_BOUND('',#4443,.T.);
#4962=FACE_BOUND('',#4444,.T.);
#4963=FACE_BOUND('',#4445,.T.);
#4964=FACE_BOUND('',#4446,.T.);
#4965=FACE_BOUND('',#4447,.T.);
#4966=FACE_BOUND('',#4448,.T.);
#4967=FACE_BOUND('',#4449,.T.);
#4968=FACE_BOUND('',#4450,.T.);
#4969=FACE_BOUND('',#4451,.T.);
#4970=FACE_BOUND('',#4452,.T.);
#4971=FACE_BOUND('',#4453,.T.);
#4972=FACE_BOUND('',#4454,.T.);
#4973=FACE_BOUND('',#4455,.T.);
#4974=FACE_BOUND('',#4456,.T.);
#4975=FACE_BOUND('',#4457,.T.);
#4976=FACE_BOUND('',#4458,.T.);
#4977=FACE_BOUND('',#4459,.T.);
#4978=FACE_BOUND('',#4460,.T.);
#4979=FACE_BOUND('',#4461,.T.);
#4980=FACE_BOUND('',#4462,.T.);
#4981=FACE_BOUND('',#4463,.T.);
#4982=FACE_BOUND('',#4464,.T.);
#4983=FACE_BOUND('',#4465,.T.);
#4984=FACE_BOUND('',#4466,.T.);
#4985=FACE_BOUND('',#4467,.T.);
#4986=FACE_BOUND('',#4468,.T.);
#4987=FACE_BOUND('',#4469,.T.);
#4988=FACE_BOUND('',#4470,.T.);
#4989=FACE_BOUND('',#4471,.T.);
#4990=FACE_BOUND('',#4472,.T.);
#4991=FACE_BOUND('',#4473,.T.);
#4992=FACE_BOUND('',#4474,.T.);
#4993=FACE_BOUND('',#4475,.T.);
#4994=FACE_BOUND('',#4476,.T.);
#4995=FACE_BOUND('',#4477,.T.);
#4996=FACE_BOUND('',#4478,.T.);
#4997=FACE_BOUND('',#4479,.T.);
#4998=FACE_BOUND('',#4480,.T.);
#4999=FACE_BOUND('',#4481,.T.);
#5000=FACE_BOUND('',#4482,.T.);
#5001=FACE_BOUND('',#4483,.T.);
#5002=FACE_BOUND('',#4484,.T.);
#5003=FACE_BOUND('',#4485,.T.);
#5004=FACE_BOUND('',#4486,.T.);
#5005=FACE_BOUND('',#4487,.T.);
#5006=FACE_BOUND('',#4488,.T.);
#5007=FACE_BOUND('',#4489,.T.);
#5008=FACE_BOUND('',#4490,.T.);
#5009=FACE_BOUND('',#4491,.T.);
#5010=FACE_BOUND('',#4492,.T.);
#5011=FACE_BOUND('',#4493,.T.);
#5012=FACE_BOUND('',#4494,.T.);
#5013=FACE_BOUND('',#4495,.T.);
#5014=FACE_BOUND('',#4496,.T.);
#5015=FACE_BOUND('',#4497,.T.);
#5016=FACE_BOUND('',#4498,.T.);
#5017=FACE_BOUND('',#4499,.T.);
#5018=FACE_BOUND('',#4500,.T.);
#5019=FACE_BOUND('',#4501,.T.);
#5020=FACE_BOUND('',#4502,.T.);
#5021=FACE_BOUND('',#4503,.T.);
#5022=FACE_BOUND('',#4504,.T.);
#5023=FACE_BOUND('',#4505,.T.);
#5024=FACE_BOUND('',#4506,.T.);
#5025=FACE_BOUND('',#4507,.T.);
#5026=FACE_BOUND('',#4508,.T.);
#5027=FACE_BOUND('',#4509,.T.);
#5028=FACE_BOUND('',#4510,.T.);
#5029=FACE_BOUND('',#4511,.T.);
#5030=FACE_BOUND('',#4512,.T.);
#5031=FACE_BOUND('',#4513,.T.);
#5032=FACE_BOUND('',#4514,.T.);
#5033=FACE_BOUND('',#4515,.T.);
#5034=FACE_BOUND('',#4516,.T.);
#5035=FACE_BOUND('',#4517,.T.);
#5036=FACE_BOUND('',#4518,.T.);
#5037=FACE_BOUND('',#4519,.T.);
#5038=FACE_BOUND('',#4520,.T.);
#5039=FACE_BOUND('',#4521,.T.);
#5040=FACE_BOUND('',#4522,.T.);
#5041=FACE_BOUND('',#4523,.T.);
#5042=FACE_BOUND('',#4524,.T.);
#5043=FACE_BOUND('',#4525,.T.);
#5044=FACE_BOUND('',#4526,.T.);
#5045=FACE_BOUND('',#4527,.T.);
#5046=FACE_BOUND('',#4528,.T.);
#5047=FACE_BOUND('',#4529,.T.);
#5048=FACE_BOUND('',#4530,.T.);
#5049=FACE_BOUND('',#4531,.T.);
#5050=FACE_BOUND('',#4532,.T.);
#5051=FACE_BOUND('',#4533,.T.);
#5052=FACE_BOUND('',#4534,.T.);
#5053=FACE_BOUND('',#4535,.T.);
#5054=FACE_BOUND('',#4536,.T.);
#5055=FACE_BOUND('',#4537,.T.);
#5056=FACE_BOUND('',#4538,.T.);
#5057=FACE_BOUND('',#4539,.T.);
#5058=FACE_BOUND('',#4540,.T.);
#5059=FACE_BOUND('',#4541,.T.);
#5060=FACE_BOUND('',#4542,.T.);
#5061=FACE_BOUND('',#4543,.T.);
#5062=FACE_BOUND('',#4544,.T.);
#5063=FACE_BOUND('',#4545,.T.);
#5064=FACE_BOUND('',#4546,.T.);
#5065=FACE_BOUND('',#4547,.T.);
#5066=FACE_BOUND('',#4548,.T.);
#5067=FACE_BOUND('',#4549,.T.);
#5068=FACE_BOUND('',#4550,.T.);
#5069=FACE_BOUND('',#4551,.T.);
#5070=FACE_BOUND('',#4552,.T.);
#5071=FACE_BOUND('',#4553,.T.);
#5072=FACE_BOUND('',#4554,.T.);
#5073=FACE_BOUND('',#4555,.T.);
#5074=FACE_BOUND('',#4556,.T.);
#5075=FACE_BOUND('',#4557,.T.);
#5076=FACE_BOUND('',#4558,.T.);
#5077=FACE_BOUND('',#4559,.T.);
#5078=FACE_BOUND('',#4560,.T.);
#5079=FACE_BOUND('',#4561,.T.);
#5080=FACE_BOUND('',#4562,.T.);
#5081=FACE_BOUND('',#4563,.T.);
#5082=FACE_BOUND('',#4564,.T.);
#5083=FACE_BOUND('',#4565,.T.);
#5084=FACE_BOUND('',#4566,.T.);
#5085=FACE_BOUND('',#4567,.T.);
#5086=FACE_BOUND('',#4568,.T.);
#5087=FACE_BOUND('',#4569,.T.);
#5088=FACE_BOUND('',#4570,.T.);
#5089=FACE_BOUND('',#4571,.T.);
#5090=FACE_BOUND('',#4572,.T.);
#5091=FACE_BOUND('',#4573,.T.);
#5092=FACE_BOUND('',#4574,.T.);
#5093=FACE_BOUND('',#4575,.T.);
#5094=FACE_BOUND('',#4576,.T.);
#5095=FACE_BOUND('',#4577,.T.);
#5096=FACE_BOUND('',#4578,.T.);
#5097=FACE_BOUND('',#4579,.T.);
#5098=FACE_BOUND('',#4580,.T.);
#5099=FACE_BOUND('',#4581,.T.);
#5100=FACE_BOUND('',#4582,.T.);
#5101=FACE_BOUND('',#4583,.T.);
#5102=FACE_BOUND('',#4584,.T.);
#5103=FACE_BOUND('',#4585,.T.);
#5104=FACE_BOUND('',#4586,.T.);
#5105=FACE_BOUND('',#4587,.T.);
#5106=FACE_BOUND('',#4588,.T.);
#5107=FACE_BOUND('',#4589,.T.);
#5108=FACE_BOUND('',#4590,.T.);
#5109=FACE_BOUND('',#4591,.T.);
#5110=FACE_BOUND('',#4592,.T.);
#5111=FACE_BOUND('',#4593,.T.);
#5112=FACE_BOUND('',#4594,.T.);
#5113=FACE_BOUND('',#4595,.T.);
#5114=FACE_BOUND('',#4596,.T.);
#5115=FACE_BOUND('',#4597,.T.);
#5116=FACE_BOUND('',#4598,.T.);
#5117=FACE_BOUND('',#4599,.T.);
#5118=FACE_BOUND('',#4600,.T.);
#5119=FACE_BOUND('',#4601,.T.);
#5120=FACE_BOUND('',#4602,.T.);
#5121=FACE_BOUND('',#4603,.T.);
#5122=FACE_BOUND('',#4604,.T.);
#5123=FACE_BOUND('',#4605,.T.);
#5124=FACE_BOUND('',#4606,.T.);
#5125=FACE_BOUND('',#4607,.T.);
#5126=FACE_BOUND('',#4608,.T.);
#5127=FACE_BOUND('',#4609,.T.);
#5128=FACE_BOUND('',#4610,.T.);
#5129=FACE_BOUND('',#4611,.T.);
#5130=FACE_BOUND('',#4612,.T.);
#5131=FACE_BOUND('',#4613,.T.);
#5132=FACE_BOUND('',#4614,.T.);
#5133=FACE_BOUND('',#4615,.T.);
#5134=FACE_BOUND('',#4616,.T.);
#5135=FACE_BOUND('',#4617,.T.);
#5136=FACE_BOUND('',#4618,.T.);
#5137=FACE_BOUND('',#4619,.T.);
#5138=FACE_BOUND('',#4620,.T.);
#5139=FACE_BOUND('',#4621,.T.);
#5140=FACE_BOUND('',#4622,.T.);
#5141=FACE_BOUND('',#4623,.T.);
#5142=FACE_BOUND('',#4624,.T.);
#5143=FACE_BOUND('',#4625,.T.);
#5144=FACE_BOUND('',#4626,.T.);
#5145=FACE_BOUND('',#4627,.T.);
#5146=FACE_BOUND('',#4628,.T.);
#5147=FACE_BOUND('',#4629,.T.);
#5148=FACE_BOUND('',#4630,.T.);
#5149=FACE_BOUND('',#4631,.T.);
#5150=FACE_BOUND('',#4632,.T.);
#5151=FACE_BOUND('',#4633,.T.);
#5152=FACE_BOUND('',#4634,.T.);
#5153=FACE_BOUND('',#4635,.T.);
#5154=FACE_BOUND('',#4636,.T.);
#5155=FACE_BOUND('',#4637,.T.);
#5156=FACE_BOUND('',#4638,.T.);
#5157=FACE_BOUND('',#4639,.T.);
#5158=FACE_BOUND('',#4640,.T.);
#5159=FACE_BOUND('',#4641,.T.);
#5160=FACE_BOUND('',#4642,.T.);
#5161=FACE_BOUND('',#4643,.T.);
#5162=FACE_BOUND('',#4644,.T.);
#5163=FACE_BOUND('',#4645,.T.);
#5164=FACE_BOUND('',#4646,.T.);
#5165=FACE_BOUND('',#4647,.T.);
#5166=FACE_BOUND('',#4648,.T.);
#5167=FACE_BOUND('',#4649,.T.);
#5168=FACE_BOUND('',#4650,.T.);
#5169=FACE_BOUND('',#4651,.T.);
#5170=FACE_BOUND('',#4652,.T.);
#5171=FACE_BOUND('',#4653,.T.);
#5172=FACE_BOUND('',#4654,.T.);
#5173=FACE_BOUND('',#4655,.T.);
#5174=FACE_BOUND('',#4656,.T.);
#5175=FACE_BOUND('',#4657,.T.);
#5176=FACE_BOUND('',#4658,.T.);
#5177=FACE_BOUND('',#4659,.T.);
#5178=FACE_BOUND('',#4660,.T.);
#5179=FACE_BOUND('',#4661,.T.);
#5180=FACE_BOUND('',#4662,.T.);
#5181=FACE_BOUND('',#4663,.T.);
#5182=FACE_BOUND('',#4664,.T.);
#5183=FACE_BOUND('',#4665,.T.);
#5184=FACE_BOUND('',#4666,.T.);
#5185=FACE_BOUND('',#4667,.T.);
#5186=FACE_BOUND('',#4668,.T.);
#5187=FACE_BOUND('',#4669,.T.);
#5188=FACE_BOUND('',#4670,.T.);
#5189=FACE_BOUND('',#4671,.T.);
#5190=FACE_BOUND('',#4672,.T.);
#5191=FACE_BOUND('',#4673,.T.);
#5192=FACE_BOUND('',#4674,.T.);
#5193=FACE_BOUND('',#4675,.T.);
#5194=FACE_BOUND('',#4676,.T.);
#5195=FACE_BOUND('',#4677,.T.);
#5196=FACE_BOUND('',#4678,.T.);
#5197=FACE_BOUND('',#4679,.T.);
#5198=FACE_BOUND('',#4680,.T.);
#5199=FACE_BOUND('',#4681,.T.);
#5200=FACE_BOUND('',#4682,.T.);
#5201=FACE_BOUND('',#4683,.T.);
#5202=FACE_BOUND('',#4684,.T.);
#5203=FACE_BOUND('',#4685,.T.);
#5204=FACE_BOUND('',#4686,.T.);
#5205=FACE_BOUND('',#4687,.T.);
#5206=FACE_BOUND('',#4688,.T.);
#5207=FACE_BOUND('',#4689,.T.);
#5208=FACE_BOUND('',#4690,.T.);
#5209=FACE_BOUND('',#4691,.T.);
#5210=FACE_BOUND('',#4692,.T.);
#5211=FACE_BOUND('',#4693,.T.);
#5212=FACE_BOUND('',#4694,.T.);
#5213=FACE_BOUND('',#4695,.T.);
#5214=FACE_BOUND('',#4696,.T.);
#5215=FACE_BOUND('',#4697,.T.);
#5216=FACE_BOUND('',#4698,.T.);
#5217=FACE_BOUND('',#4699,.T.);
#5218=FACE_BOUND('',#4700,.T.);
#5219=FACE_BOUND('',#4701,.T.);
#5220=FACE_BOUND('',#4702,.T.);
#5221=FACE_BOUND('',#4703,.T.);
#5222=FACE_BOUND('',#4704,.T.);
#5223=FACE_BOUND('',#4705,.T.);
#5224=FACE_BOUND('',#4706,.T.);
#5225=FACE_BOUND('',#4707,.T.);
#5226=FACE_BOUND('',#4708,.T.);
#5227=FACE_BOUND('',#4709,.T.);
#5228=FACE_BOUND('',#4710,.T.);
#5229=FACE_BOUND('',#4711,.T.);
#5230=FACE_BOUND('',#4712,.T.);
#5231=FACE_BOUND('',#4713,.T.);
#5232=FACE_BOUND('',#4714,.T.);
#5233=FACE_BOUND('',#4715,.T.);
#5234=FACE_BOUND('',#4716,.T.);
#5235=FACE_BOUND('',#4717,.T.);
#5236=FACE_BOUND('',#4718,.T.);
#5237=FACE_BOUND('',#4719,.T.);
#5238=FACE_BOUND('',#4720,.T.);
#5239=FACE_BOUND('',#4721,.T.);
#5240=FACE_BOUND('',#4722,.T.);
#5241=FACE_BOUND('',#4723,.T.);
#5242=FACE_BOUND('',#4724,.T.);
#5243=FACE_BOUND('',#4725,.T.);
#5244=FACE_BOUND('',#4726,.T.);
#5245=FACE_BOUND('',#4727,.T.);
#5246=FACE_BOUND('',#4728,.T.);
#5247=FACE_BOUND('',#4729,.T.);
#5248=FACE_BOUND('',#4730,.T.);
#5249=FACE_BOUND('',#4731,.T.);
#5250=FACE_BOUND('',#4732,.T.);
#5251=FACE_BOUND('',#4733,.T.);
#5252=FACE_BOUND('',#4734,.T.);
#5253=FACE_BOUND('',#4735,.T.);
#5254=FACE_BOUND('',#4736,.T.);
#5255=FACE_BOUND('',#4737,.T.);
#5256=FACE_BOUND('',#4738,.T.);
#5257=FACE_BOUND('',#4739,.T.);
#5258=FACE_BOUND('',#4740,.T.);
#5259=FACE_BOUND('',#4741,.T.);
#5260=FACE_BOUND('',#4742,.T.);
#5261=FACE_BOUND('',#4743,.T.);
#5262=FACE_BOUND('',#4744,.T.);
#5263=FACE_BOUND('',#4745,.T.);
#5264=FACE_BOUND('',#4746,.T.);
#5265=FACE_BOUND('',#4747,.T.);
#5266=FACE_BOUND('',#4748,.T.);
#5267=FACE_BOUND('',#4749,.T.);
#5268=FACE_BOUND('',#4750,.T.);
#5269=FACE_BOUND('',#4751,.T.);
#5270=FACE_BOUND('',#4752,.T.);
#5271=FACE_BOUND('',#4753,.T.);
#5272=FACE_BOUND('',#4754,.T.);
#5273=FACE_BOUND('',#4755,.T.);
#5274=FACE_BOUND('',#4756,.T.);
#5275=FACE_BOUND('',#4757,.T.);
#5276=FACE_BOUND('',#4758,.T.);
#5277=FACE_BOUND('',#4759,.T.);
#5278=FACE_BOUND('',#4760,.T.);
#5279=FACE_BOUND('',#4761,.T.);
#5280=FACE_BOUND('',#4762,.T.);
#5281=FACE_BOUND('',#4763,.T.);
#5282=FACE_BOUND('',#4764,.T.);
#5283=FACE_BOUND('',#4765,.T.);
#5284=FACE_BOUND('',#4766,.T.);
#5285=FACE_BOUND('',#4767,.T.);
#5286=FACE_BOUND('',#4768,.T.);
#5287=FACE_BOUND('',#4769,.T.);
#5288=FACE_BOUND('',#4770,.T.);
#5289=FACE_BOUND('',#4771,.T.);
#5290=FACE_BOUND('',#4772,.T.);
#5291=FACE_BOUND('',#4773,.T.);
#5292=FACE_BOUND('',#4774,.T.);
#5293=FACE_BOUND('',#4775,.T.);
#5294=FACE_BOUND('',#4776,.T.);
#5295=FACE_BOUND('',#4777,.T.);
#5296=FACE_BOUND('',#4778,.T.);
#5297=FACE_BOUND('',#4779,.T.);
#5298=FACE_BOUND('',#4780,.T.);
#5299=FACE_BOUND('',#4781,.T.);
#5300=FACE_BOUND('',#4782,.T.);
#5301=FACE_BOUND('',#4783,.T.);
#5302=FACE_BOUND('',#4784,.T.);
#5303=FACE_BOUND('',#4785,.T.);
#5304=FACE_BOUND('',#4786,.T.);
#5305=FACE_BOUND('',#4787,.T.);
#5306=FACE_BOUND('',#4788,.T.);
#5307=FACE_BOUND('',#4789,.T.);
#5308=FACE_BOUND('',#4790,.T.);
#5309=FACE_BOUND('',#4791,.T.);
#5310=FACE_BOUND('',#4792,.T.);
#5311=FACE_BOUND('',#4793,.T.);
#5312=FACE_BOUND('',#4794,.T.);
#5313=FACE_BOUND('',#4795,.T.);
#5314=FACE_BOUND('',#4796,.T.);
#5315=FACE_BOUND('',#4797,.T.);
#5316=FACE_BOUND('',#4798,.T.);
#5317=FACE_BOUND('',#4799,.T.);
#5318=FACE_BOUND('',#4800,.T.);
#5319=FACE_BOUND('',#4801,.T.);
#5320=FACE_BOUND('',#4802,.T.);
#5321=FACE_BOUND('',#4803,.T.);
#5322=FACE_BOUND('',#4804,.T.);
#5323=FACE_BOUND('',#4805,.T.);
#5324=FACE_BOUND('',#4806,.T.);
#5325=FACE_BOUND('',#4807,.T.);
#5326=FACE_BOUND('',#4808,.T.);
#5327=FACE_BOUND('',#4809,.T.);
#5328=FACE_BOUND('',#4810,.T.);
#5329=FACE_BOUND('',#4811,.T.);
#5330=FACE_BOUND('',#4812,.T.);
#5331=FACE_BOUND('',#4813,.T.);
#5332=FACE_BOUND('',#4814,.T.);
#5333=FACE_BOUND('',#4815,.T.);
#5334=FACE_BOUND('',#4816,.T.);
#5335=FACE_BOUND('',#4817,.T.);
#5336=FACE_BOUND('',#4818,.T.);
#5337=FACE_BOUND('',#4819,.T.);
#5338=FACE_BOUND('',#4820,.T.);
#5339=FACE_BOUND('',#4821,.T.);
#5340=FACE_BOUND('',#4822,.T.);
#5341=FACE_BOUND('',#4823,.T.);
#5342=FACE_BOUND('',#4824,.T.);
#5343=FACE_BOUND('',#4825,.T.);
#5344=FACE_BOUND('',#4826,.T.);
#5345=FACE_BOUND('',#4827,.T.);
#5346=FACE_BOUND('',#4828,.T.);
#5347=FACE_BOUND('',#4829,.T.);
#5348=FACE_BOUND('',#4830,.T.);
#5349=FACE_BOUND('',#4831,.T.);
#5350=FACE_BOUND('',#4832,.T.);
#5351=FACE_BOUND('',#4833,.T.);
#5352=FACE_BOUND('',#4834,.T.);
#5353=FACE_BOUND('',#4835,.T.);
#5354=FACE_BOUND('',#4836,.T.);
#5355=FACE_BOUND('',#4837,.T.);
#5356=FACE_BOUND('',#4838,.T.);
#5357=FACE_BOUND('',#4839,.T.);
#5358=FACE_BOUND('',#4840,.T.);
#5359=FACE_BOUND('',#4841,.T.);
#5360=FACE_BOUND('',#4842,.T.);
#5361=FACE_BOUND('',#4843,.T.);
#5362=FACE_BOUND('',#4844,.T.);
#5363=FACE_BOUND('',#4845,.T.);
#5364=FACE_BOUND('',#4846,.T.);
#5365=FACE_BOUND('',#4847,.T.);
#5366=FACE_BOUND('',#4848,.T.);
#5367=FACE_BOUND('',#4849,.T.);
#5368=FACE_BOUND('',#4850,.T.);
#5369=FACE_BOUND('',#4851,.T.);
#5370=FACE_BOUND('',#4852,.T.);
#5371=FACE_BOUND('',#4853,.T.);
#5372=FACE_BOUND('',#4854,.T.);
#5373=FACE_BOUND('',#4855,.T.);
#5374=FACE_BOUND('',#4856,.T.);
#5375=FACE_BOUND('',#4857,.T.);
#5376=FACE_BOUND('',#4858,.T.);
#5377=FACE_BOUND('',#4859,.T.);
#5378=FACE_BOUND('',#4860,.T.);
#5379=FACE_BOUND('',#4861,.T.);
#5380=FACE_BOUND('',#4862,.T.);
#5381=FACE_BOUND('',#4863,.T.);
#5382=FACE_BOUND('',#4864,.T.);
#5383=FACE_BOUND('',#4865,.T.);
#5384=FACE_BOUND('',#4866,.T.);
#5385=FACE_BOUND('',#4867,.T.);
#5386=FACE_BOUND('',#4868,.T.);
#5387=FACE_BOUND('',#4869,.T.);
#5388=FACE_BOUND('',#4870,.T.);
#5389=FACE_BOUND('',#4871,.T.);
#5390=FACE_BOUND('',#4872,.T.);
#5391=FACE_BOUND('',#4873,.T.);
#5392=FACE_BOUND('',#4874,.T.);
#5393=FACE_BOUND('',#4875,.T.);
#5394=FACE_BOUND('',#4876,.T.);
#5395=FACE_BOUND('',#4877,.T.);
#5396=FACE_BOUND('',#4878,.T.);
#5397=FACE_BOUND('',#4879,.T.);
#5398=FACE_BOUND('',#4880,.T.);
#5399=FACE_BOUND('',#4881,.T.);
#5400=FACE_BOUND('',#4882,.T.);
#5401=FACE_BOUND('',#4883,.T.);
#5402=FACE_BOUND('',#4884,.T.);
#5403=FACE_BOUND('',#4885,.T.);
#5404=FACE_BOUND('',#4886,.T.);
#5405=FACE_BOUND('',#4887,.T.);
#5406=FACE_BOUND('',#4888,.T.);
#5407=FACE_BOUND('',#4889,.T.);
#5408=FACE_BOUND('',#4890,.T.);
#5409=FACE_BOUND('',#4891,.T.);
#5410=FACE_BOUND('',#4892,.T.);
#5411=FACE_BOUND('',#4893,.T.);
#5412=FACE_BOUND('',#4894,.T.);
#5413=FACE_BOUND('',#4895,.T.);
#5414=FACE_BOUND('',#4896,.T.);
#5415=FACE_BOUND('',#4897,.T.);
#5416=FACE_BOUND('',#4898,.T.);
#5417=FACE_BOUND('',#4899,.T.);
#5418=FACE_BOUND('',#4900,.T.);
#5419=FACE_BOUND('',#4901,.T.);
#5420=FACE_BOUND('',#4902,.T.);
#5421=FACE_BOUND('',#4903,.T.);
#5422=FACE_BOUND('',#4904,.T.);
#5423=FACE_BOUND('',#4905,.T.);
#5424=FACE_BOUND('',#4906,.T.);
#5425=FACE_BOUND('',#4907,.T.);
#5426=PLANE('',#6000);
#5427=PLANE('',#6002);
#5428=PLANE('',#6004);
#5429=PLANE('',#6006);
#5430=PLANE('',#6008);
#5431=PLANE('',#6010);
#5432=PLANE('',#6012);
#5433=PLANE('',#6014);
#5434=PLANE('',#6016);
#5435=PLANE('',#6018);
#5436=PLANE('',#6020);
#5437=PLANE('',#6022);
#5438=PLANE('',#6024);
#5439=PLANE('',#6026);
#5440=PLANE('',#6028);
#5441=PLANE('',#6030);
#5442=PLANE('',#6032);
#5443=PLANE('',#6034);
#5444=PLANE('',#6108);
#5445=PLANE('',#6110);
#5446=PLANE('',#6112);
#5447=PLANE('',#6114);
#5448=PLANE('',#6116);
#5449=PLANE('',#6118);
#5450=PLANE('',#6120);
#5451=PLANE('',#6122);
#5452=PLANE('',#6124);
#5453=PLANE('',#6126);
#5454=PLANE('',#6128);
#5455=PLANE('',#6130);
#5456=PLANE('',#6132);
#5457=PLANE('',#6134);
#5458=PLANE('',#6136);
#5459=PLANE('',#6138);
#5460=PLANE('',#6140);
#5461=PLANE('',#6142);
#5462=PLANE('',#6144);
#5463=PLANE('',#6146);
#5464=PLANE('',#6148);
#5465=PLANE('',#6150);
#5466=PLANE('',#6152);
#5467=PLANE('',#6154);
#5468=PLANE('',#6156);
#5469=PLANE('',#6158);
#5470=PLANE('',#6160);
#5471=PLANE('',#6165);
#5472=PLANE('',#6171);
#5473=PLANE('',#6172);
#5474=PLANE('',#6173);
#5475=PLANE('',#6177);
#5476=PLANE('',#6183);
#5477=PLANE('',#6184);
#5478=PLANE('',#6185);
#5479=PLANE('',#6192);
#5480=PLANE('',#6195);
#5481=PLANE('',#6196);
#5482=PLANE('',#6197);
#5483=PLANE('',#6201);
#5484=PLANE('',#6207);
#5485=PLANE('',#6208);
#5486=PLANE('',#6209);
#5487=PLANE('',#6216);
#5488=PLANE('',#6219);
#5489=PLANE('',#6220);
#5490=PLANE('',#6221);
#5491=PLANE('',#6222);
#5492=PLANE('',#6229);
#5493=PLANE('',#6230);
#5494=PLANE('',#6231);
#5495=PLANE('',#6238);
#5496=PLANE('',#6242);
#5497=PLANE('',#6248);
#5498=PLANE('',#6249);
#5499=PLANE('',#6250);
#5500=PLANE('',#6257);
#5501=PLANE('',#6260);
#5502=PLANE('',#6261);
#5503=PLANE('',#6262);
#5504=PLANE('',#6266);
#5505=PLANE('',#6272);
#5506=PLANE('',#6273);
#5507=PLANE('',#6274);
#5508=PLANE('',#6281);
#5509=PLANE('',#6284);
#5510=PLANE('',#6285);
#5511=PLANE('',#6286);
#5512=PLANE('',#6329);
#5513=PLANE('',#6331);
#5514=PLANE('',#6333);
#5515=PLANE('',#6356);
#5516=PLANE('',#6361);
#5517=PLANE('',#6364);
#5518=PLANE('',#6369);
#5519=PLANE('',#6372);
#5520=PLANE('',#6377);
#5521=PLANE('',#6380);
#5522=PLANE('',#6385);
#5523=PLANE('',#6388);
#5524=PLANE('',#6393);
#5525=PLANE('',#6396);
#5526=PLANE('',#6397);
#5527=PLANE('',#6398);
#5528=PLANE('',#6401);
#5529=PLANE('',#6404);
#5530=PLANE('',#6405);
#5531=PLANE('',#6406);
#5532=PLANE('',#6407);
#5533=PLANE('',#6408);
#5534=PLANE('',#6413);
#5535=PLANE('',#6416);
#5536=PLANE('',#6421);
#5537=PLANE('',#6424);
#5538=PLANE('',#6429);
#5539=PLANE('',#6432);
#5540=PLANE('',#6437);
#5541=PLANE('',#6487);
#5542=PLANE('',#6488);
#5543=PLANE('',#6489);
#5544=PLANE('',#6490);
#5545=PLANE('',#6491);
#5546=PLANE('',#6492);
#5547=PLANE('',#6493);
#5548=PLANE('',#6494);
#5549=PLANE('',#6495);
#5550=PLANE('',#6496);
#5551=PLANE('',#6497);
#5552=PLANE('',#6498);
#5553=PLANE('',#6499);
#5554=PLANE('',#6500);
#5555=PLANE('',#6501);
#5556=PLANE('',#6502);
#5557=PLANE('',#6503);
#5558=PLANE('',#6504);
#5559=PLANE('',#6505);
#5560=PLANE('',#6506);
#5561=PLANE('',#6507);
#5562=PLANE('',#6508);
#5563=PLANE('',#6509);
#5564=PLANE('',#6510);
#5565=PLANE('',#6511);
#5566=PLANE('',#6512);
#5567=PLANE('',#6513);
#5568=PLANE('',#6514);
#5569=PLANE('',#6515);
#5570=PLANE('',#6516);
#5571=PLANE('',#6517);
#5572=PLANE('',#6518);
#5573=PLANE('',#6519);
#5574=PLANE('',#6520);
#5575=PLANE('',#6521);
#5576=PLANE('',#6522);
#5577=PLANE('',#6523);
#5578=PLANE('',#6524);
#5579=PLANE('',#6525);
#5580=PLANE('',#6526);
#5581=PLANE('',#6527);
#5582=PLANE('',#6528);
#5583=PLANE('',#6529);
#5584=PLANE('',#6530);
#5585=PLANE('',#6531);
#5586=PLANE('',#6532);
#5587=PLANE('',#6533);
#5588=PLANE('',#6534);
#5589=PLANE('',#6535);
#5590=PLANE('',#6536);
#5591=PLANE('',#6537);
#5592=PLANE('',#6538);
#5593=PLANE('',#6539);
#5594=PLANE('',#6540);
#5595=PLANE('',#6541);
#5596=PLANE('',#6542);
#5597=PLANE('',#6543);
#5598=PLANE('',#6544);
#5599=PLANE('',#6545);
#5600=PLANE('',#6546);
#5601=PLANE('',#6547);
#5602=PLANE('',#6548);
#5603=PLANE('',#6549);
#5604=PLANE('',#6550);
#5605=PLANE('',#6555);
#5606=PLANE('',#6556);
#5607=PLANE('',#6557);
#5608=PLANE('',#6558);
#5609=PLANE('',#6559);
#5610=PLANE('',#6560);
#5611=PLANE('',#6561);
#5612=PLANE('',#6562);
#5613=PLANE('',#6563);
#5614=PLANE('',#6564);
#5615=PLANE('',#6565);
#5616=PLANE('',#6566);
#5617=PLANE('',#6567);
#5618=PLANE('',#6568);
#5619=PLANE('',#6569);
#5620=PLANE('',#6570);
#5621=PLANE('',#6573);
#5622=PLANE('',#6576);
#5623=PLANE('',#6579);
#5624=PLANE('',#6582);
#5625=PLANE('',#6586);
#5626=PLANE('',#6593);
#5627=PLANE('',#6597);
#5628=PLANE('',#6598);
#5629=PLANE('',#6599);
#5630=PLANE('',#6600);
#5631=PLANE('',#6601);
#5632=PLANE('',#6602);
#5633=PLANE('',#6603);
#5634=PLANE('',#6604);
#5635=ADVANCED_FACE('',(#4908),#5426,.F.);
#5636=ADVANCED_FACE('',(#4909),#5427,.F.);
#5637=ADVANCED_FACE('',(#4910),#5428,.F.);
#5638=ADVANCED_FACE('',(#4911),#5429,.F.);
#5639=ADVANCED_FACE('',(#4912),#5430,.F.);
#5640=ADVANCED_FACE('',(#4913),#5431,.F.);
#5641=ADVANCED_FACE('',(#4914),#5432,.F.);
#5642=ADVANCED_FACE('',(#4915),#5433,.F.);
#5643=ADVANCED_FACE('',(#4916),#5434,.F.);
#5644=ADVANCED_FACE('',(#4917),#5435,.F.);
#5645=ADVANCED_FACE('',(#4918),#5436,.F.);
#5646=ADVANCED_FACE('',(#4919),#5437,.F.);
#5647=ADVANCED_FACE('',(#4920),#5438,.F.);
#5648=ADVANCED_FACE('',(#4921),#5439,.F.);
#5649=ADVANCED_FACE('',(#4922),#5440,.F.);
#5650=ADVANCED_FACE('',(#4923),#5441,.F.);
#5651=ADVANCED_FACE('',(#4924),#5442,.F.);
#5652=ADVANCED_FACE('',(#4925),#5443,.F.);
#5653=ADVANCED_FACE('',(#4926,#4927),#1144,.F.);
#5654=ADVANCED_FACE('',(#4928,#4929),#1145,.F.);
#5655=ADVANCED_FACE('',(#4930,#4931),#1146,.F.);
#5656=ADVANCED_FACE('',(#4932,#4933),#1147,.F.);
#5657=ADVANCED_FACE('',(#4934,#4935),#1148,.F.);
#5658=ADVANCED_FACE('',(#4936,#4937),#1149,.F.);
#5659=ADVANCED_FACE('',(#4938,#4939),#1150,.F.);
#5660=ADVANCED_FACE('',(#4940,#4941),#1151,.F.);
#5661=ADVANCED_FACE('',(#4942,#4943),#1152,.F.);
#5662=ADVANCED_FACE('',(#4944,#4945),#1153,.F.);
#5663=ADVANCED_FACE('',(#4946,#4947),#1154,.F.);
#5664=ADVANCED_FACE('',(#4948,#4949),#1155,.F.);
#5665=ADVANCED_FACE('',(#4950,#4951),#1156,.F.);
#5666=ADVANCED_FACE('',(#4952,#4953),#1157,.F.);
#5667=ADVANCED_FACE('',(#4954,#4955),#1158,.F.);
#5668=ADVANCED_FACE('',(#4956,#4957),#1159,.F.);
#5669=ADVANCED_FACE('',(#4958,#4959),#1160,.F.);
#5670=ADVANCED_FACE('',(#4960,#4961),#1161,.F.);
#5671=ADVANCED_FACE('',(#4962,#4963),#1124,.F.);
#5672=ADVANCED_FACE('',(#4964,#4965),#1125,.F.);
#5673=ADVANCED_FACE('',(#4966,#4967),#1126,.F.);
#5674=ADVANCED_FACE('',(#4968,#4969),#1127,.F.);
#5675=ADVANCED_FACE('',(#4970,#4971),#1128,.F.);
#5676=ADVANCED_FACE('',(#4972,#4973),#1129,.F.);
#5677=ADVANCED_FACE('',(#4974,#4975),#1130,.F.);
#5678=ADVANCED_FACE('',(#4976,#4977),#1131,.F.);
#5679=ADVANCED_FACE('',(#4978,#4979),#1132,.F.);
#5680=ADVANCED_FACE('',(#4980,#4981),#1133,.F.);
#5681=ADVANCED_FACE('',(#4982,#4983),#1134,.F.);
#5682=ADVANCED_FACE('',(#4984,#4985),#1135,.F.);
#5683=ADVANCED_FACE('',(#4986,#4987),#1136,.F.);
#5684=ADVANCED_FACE('',(#4988,#4989),#1137,.F.);
#5685=ADVANCED_FACE('',(#4990,#4991),#1138,.F.);
#5686=ADVANCED_FACE('',(#4992,#4993),#1139,.F.);
#5687=ADVANCED_FACE('',(#4994,#4995),#1140,.F.);
#5688=ADVANCED_FACE('',(#4996,#4997),#1141,.F.);
#5689=ADVANCED_FACE('',(#4998),#5444,.T.);
#5690=ADVANCED_FACE('',(#4999),#5445,.T.);
#5691=ADVANCED_FACE('',(#5000),#5446,.T.);
#5692=ADVANCED_FACE('',(#5001),#5447,.T.);
#5693=ADVANCED_FACE('',(#5002),#5448,.T.);
#5694=ADVANCED_FACE('',(#5003),#5449,.T.);
#5695=ADVANCED_FACE('',(#5004),#5450,.T.);
#5696=ADVANCED_FACE('',(#5005),#5451,.T.);
#5697=ADVANCED_FACE('',(#5006),#5452,.T.);
#5698=ADVANCED_FACE('',(#5007,#5008),#5453,.T.);
#5699=ADVANCED_FACE('',(#5009,#5010),#5454,.T.);
#5700=ADVANCED_FACE('',(#5011,#5012),#5455,.T.);
#5701=ADVANCED_FACE('',(#5013,#5014),#5456,.T.);
#5702=ADVANCED_FACE('',(#5015,#5016),#5457,.T.);
#5703=ADVANCED_FACE('',(#5017,#5018),#5458,.T.);
#5704=ADVANCED_FACE('',(#5019,#5020),#5459,.T.);
#5705=ADVANCED_FACE('',(#5021,#5022),#5460,.T.);
#5706=ADVANCED_FACE('',(#5023,#5024),#5461,.T.);
#5707=ADVANCED_FACE('',(#5025,#5026),#5462,.T.);
#5708=ADVANCED_FACE('',(#5027,#5028),#5463,.T.);
#5709=ADVANCED_FACE('',(#5029,#5030),#5464,.T.);
#5710=ADVANCED_FACE('',(#5031,#5032),#5465,.T.);
#5711=ADVANCED_FACE('',(#5033,#5034),#5466,.T.);
#5712=ADVANCED_FACE('',(#5035,#5036),#5467,.T.);
#5713=ADVANCED_FACE('',(#5037,#5038),#5468,.T.);
#5714=ADVANCED_FACE('',(#5039,#5040),#5469,.T.);
#5715=ADVANCED_FACE('',(#5041,#5042),#5470,.T.);
#5716=ADVANCED_FACE('',(#5043),#1162,.T.);
#5717=ADVANCED_FACE('',(#5044),#5471,.F.);
#5718=ADVANCED_FACE('',(#5045),#1163,.T.);
#5719=ADVANCED_FACE('',(#5046,#5047),#1164,.F.);
#5720=ADVANCED_FACE('',(#5048),#5472,.T.);
#5721=ADVANCED_FACE('',(#5049),#5473,.F.);
#5722=ADVANCED_FACE('',(#5050),#5474,.F.);
#5723=ADVANCED_FACE('',(#5051),#1165,.T.);
#5724=ADVANCED_FACE('',(#5052),#5475,.F.);
#5725=ADVANCED_FACE('',(#5053),#1166,.T.);
#5726=ADVANCED_FACE('',(#5054,#5055),#1167,.F.);
#5727=ADVANCED_FACE('',(#5056),#5476,.T.);
#5728=ADVANCED_FACE('',(#5057),#5477,.F.);
#5729=ADVANCED_FACE('',(#5058),#5478,.F.);
#5730=ADVANCED_FACE('',(#5059),#1168,.T.);
#5731=ADVANCED_FACE('',(#5060),#1169,.T.);
#5732=ADVANCED_FACE('',(#5061),#5479,.F.);
#5733=ADVANCED_FACE('',(#5062,#5063),#1170,.F.);
#5734=ADVANCED_FACE('',(#5064),#5480,.T.);
#5735=ADVANCED_FACE('',(#5065),#5481,.F.);
#5736=ADVANCED_FACE('',(#5066),#5482,.F.);
#5737=ADVANCED_FACE('',(#5067),#1171,.T.);
#5738=ADVANCED_FACE('',(#5068),#5483,.T.);
#5739=ADVANCED_FACE('',(#5069),#1172,.T.);
#5740=ADVANCED_FACE('',(#5070,#5071),#1173,.F.);
#5741=ADVANCED_FACE('',(#5072),#5484,.T.);
#5742=ADVANCED_FACE('',(#5073),#5485,.F.);
#5743=ADVANCED_FACE('',(#5074),#5486,.F.);
#5744=ADVANCED_FACE('',(#5075),#1174,.T.);
#5745=ADVANCED_FACE('',(#5076),#1175,.T.);
#5746=ADVANCED_FACE('',(#5077),#5487,.T.);
#5747=ADVANCED_FACE('',(#5078,#5079),#1176,.F.);
#5748=ADVANCED_FACE('',(#5080),#5488,.T.);
#5749=ADVANCED_FACE('',(#5081),#5489,.F.);
#5750=ADVANCED_FACE('',(#5082),#5490,.F.);
#5751=ADVANCED_FACE('',(#5083),#5491,.F.);
#5752=ADVANCED_FACE('',(#5084),#1177,.F.);
#5753=ADVANCED_FACE('',(#5085),#1178,.F.);
#5754=ADVANCED_FACE('',(#5086),#5492,.F.);
#5755=ADVANCED_FACE('',(#5087),#5493,.F.);
#5756=ADVANCED_FACE('',(#5088,#5089),#5494,.T.);
#5757=ADVANCED_FACE('',(#5090),#5495,.F.);
#5758=ADVANCED_FACE('',(#5091),#1179,.T.);
#5759=ADVANCED_FACE('',(#5092),#5496,.T.);
#5760=ADVANCED_FACE('',(#5093),#1180,.T.);
#5761=ADVANCED_FACE('',(#5094,#5095),#1181,.F.);
#5762=ADVANCED_FACE('',(#5096),#5497,.T.);
#5763=ADVANCED_FACE('',(#5097),#5498,.F.);
#5764=ADVANCED_FACE('',(#5098),#5499,.F.);
#5765=ADVANCED_FACE('',(#5099),#1182,.T.);
#5766=ADVANCED_FACE('',(#5100),#1183,.T.);
#5767=ADVANCED_FACE('',(#5101),#5500,.F.);
#5768=ADVANCED_FACE('',(#5102,#5103),#1184,.F.);
#5769=ADVANCED_FACE('',(#5104),#5501,.F.);
#5770=ADVANCED_FACE('',(#5105),#5502,.F.);
#5771=ADVANCED_FACE('',(#5106),#5503,.T.);
#5772=ADVANCED_FACE('',(#5107),#1185,.T.);
#5773=ADVANCED_FACE('',(#5108),#5504,.F.);
#5774=ADVANCED_FACE('',(#5109),#1186,.T.);
#5775=ADVANCED_FACE('',(#5110,#5111),#1187,.F.);
#5776=ADVANCED_FACE('',(#5112),#5505,.F.);
#5777=ADVANCED_FACE('',(#5113),#5506,.F.);
#5778=ADVANCED_FACE('',(#5114),#5507,.T.);
#5779=ADVANCED_FACE('',(#5115),#1188,.T.);
#5780=ADVANCED_FACE('',(#5116),#1189,.T.);
#5781=ADVANCED_FACE('',(#5117),#5508,.F.);
#5782=ADVANCED_FACE('',(#5118,#5119),#1190,.F.);
#5783=ADVANCED_FACE('',(#5120),#5509,.F.);
#5784=ADVANCED_FACE('',(#5121),#5510,.F.);
#5785=ADVANCED_FACE('',(#5122),#5511,.T.);
#5786=ADVANCED_FACE('',(#5123,#5124),#1191,.T.);
#5787=ADVANCED_FACE('',(#5125,#5126),#1192,.T.);
#5788=ADVANCED_FACE('',(#5127,#5128),#1193,.T.);
#5789=ADVANCED_FACE('',(#5129,#5130),#1194,.T.);
#5790=ADVANCED_FACE('',(#5131,#5132),#1195,.T.);
#5791=ADVANCED_FACE('',(#5133,#5134),#1196,.T.);
#5792=ADVANCED_FACE('',(#5135,#5136),#1197,.T.);
#5793=ADVANCED_FACE('',(#5137,#5138),#1198,.T.);
#5794=ADVANCED_FACE('',(#5139,#5140),#1199,.T.);
#5795=ADVANCED_FACE('',(#5141,#5142),#1142,.F.);
#5796=ADVANCED_FACE('',(#5143,#5144),#1143,.F.);
#5797=ADVANCED_FACE('',(#5145,#5146),#1200,.T.);
#5798=ADVANCED_FACE('',(#5147,#5148),#1201,.T.);
#5799=ADVANCED_FACE('',(#5149,#5150),#1202,.T.);
#5800=ADVANCED_FACE('',(#5151,#5152),#1203,.T.);
#5801=ADVANCED_FACE('',(#5153,#5154),#1204,.T.);
#5802=ADVANCED_FACE('',(#5155,#5156),#1205,.T.);
#5803=ADVANCED_FACE('',(#5157,#5158),#1206,.T.);
#5804=ADVANCED_FACE('',(#5159,#5160),#1207,.T.);
#5805=ADVANCED_FACE('',(#5161,#5162),#1208,.T.);
#5806=ADVANCED_FACE('',(#5163,#5164),#5512,.T.);
#5807=ADVANCED_FACE('',(#5165,#5166),#5513,.T.);
#5808=ADVANCED_FACE('',(#5167),#5514,.F.);
#5809=ADVANCED_FACE('',(#5168),#84,.F.);
#5810=ADVANCED_FACE('',(#5169),#1209,.F.);
#5811=ADVANCED_FACE('',(#5170),#85,.F.);
#5812=ADVANCED_FACE('',(#5171),#1210,.F.);
#5813=ADVANCED_FACE('',(#5172),#86,.F.);
#5814=ADVANCED_FACE('',(#5173),#1211,.F.);
#5815=ADVANCED_FACE('',(#5174),#87,.F.);
#5816=ADVANCED_FACE('',(#5175),#1212,.F.);
#5817=ADVANCED_FACE('',(#5176,#5177),#5515,.T.);
#5818=ADVANCED_FACE('',(#5178),#1213,.F.);
#5819=ADVANCED_FACE('',(#5179),#5516,.T.);
#5820=ADVANCED_FACE('',(#5180),#1214,.F.);
#5821=ADVANCED_FACE('',(#5181,#5182),#5517,.T.);
#5822=ADVANCED_FACE('',(#5183),#1215,.F.);
#5823=ADVANCED_FACE('',(#5184),#5518,.T.);
#5824=ADVANCED_FACE('',(#5185),#1216,.F.);
#5825=ADVANCED_FACE('',(#5186,#5187),#5519,.T.);
#5826=ADVANCED_FACE('',(#5188),#1217,.F.);
#5827=ADVANCED_FACE('',(#5189),#5520,.T.);
#5828=ADVANCED_FACE('',(#5190),#1218,.F.);
#5829=ADVANCED_FACE('',(#5191,#5192),#5521,.T.);
#5830=ADVANCED_FACE('',(#5193),#1219,.F.);
#5831=ADVANCED_FACE('',(#5194),#5522,.T.);
#5832=ADVANCED_FACE('',(#5195),#1220,.F.);
#5833=ADVANCED_FACE('',(#5196,#5197),#5523,.T.);
#5834=ADVANCED_FACE('',(#5198),#1221,.F.);
#5835=ADVANCED_FACE('',(#5199),#5524,.T.);
#5836=ADVANCED_FACE('',(#5200),#1222,.F.);
#5837=ADVANCED_FACE('',(#5201),#5525,.T.);
#5838=ADVANCED_FACE('',(#5202),#5526,.F.);
#5839=ADVANCED_FACE('',(#5203),#5527,.F.);
#5840=ADVANCED_FACE('',(#5204),#1223,.F.);
#5841=ADVANCED_FACE('',(#5205),#5528,.T.);
#5842=ADVANCED_FACE('',(#5206),#1224,.F.);
#5843=ADVANCED_FACE('',(#5207),#5529,.T.);
#5844=ADVANCED_FACE('',(#5208),#5530,.F.);
#5845=ADVANCED_FACE('',(#5209),#5531,.F.);
#5846=ADVANCED_FACE('',(#5210),#5532,.F.);
#5847=ADVANCED_FACE('',(#5211,#5212),#5533,.T.);
#5848=ADVANCED_FACE('',(#5213),#1225,.F.);
#5849=ADVANCED_FACE('',(#5214),#5534,.T.);
#5850=ADVANCED_FACE('',(#5215),#1226,.F.);
#5851=ADVANCED_FACE('',(#5216,#5217),#5535,.T.);
#5852=ADVANCED_FACE('',(#5218),#1227,.F.);
#5853=ADVANCED_FACE('',(#5219),#5536,.T.);
#5854=ADVANCED_FACE('',(#5220),#1228,.F.);
#5855=ADVANCED_FACE('',(#5221,#5222),#5537,.T.);
#5856=ADVANCED_FACE('',(#5223),#1229,.F.);
#5857=ADVANCED_FACE('',(#5224),#5538,.T.);
#5858=ADVANCED_FACE('',(#5225),#1230,.F.);
#5859=ADVANCED_FACE('',(#5226,#5227),#5539,.T.);
#5860=ADVANCED_FACE('',(#5228),#1231,.F.);
#5861=ADVANCED_FACE('',(#5229),#5540,.T.);
#5862=ADVANCED_FACE('',(#5230),#1232,.F.);
#5863=ADVANCED_FACE('',(#5231,#5232),#88,.F.);
#5864=ADVANCED_FACE('',(#5233,#5234),#89,.F.);
#5865=ADVANCED_FACE('',(#5235,#5236),#90,.F.);
#5866=ADVANCED_FACE('',(#5237,#5238),#91,.F.);
#5867=ADVANCED_FACE('',(#5239,#5240),#92,.F.);
#5868=ADVANCED_FACE('',(#5241,#5242),#93,.F.);
#5869=ADVANCED_FACE('',(#5243,#5244),#94,.F.);
#5870=ADVANCED_FACE('',(#5245,#5246),#95,.F.);
#5871=ADVANCED_FACE('',(#5247,#5248),#96,.F.);
#5872=ADVANCED_FACE('',(#5249,#5250),#1233,.F.);
#5873=ADVANCED_FACE('',(#5251,#5252),#1234,.F.);
#5874=ADVANCED_FACE('',(#5253,#5254),#97,.F.);
#5875=ADVANCED_FACE('',(#5255,#5256),#98,.F.);
#5876=ADVANCED_FACE('',(#5257,#5258),#99,.F.);
#5877=ADVANCED_FACE('',(#5259,#5260),#100,.F.);
#5878=ADVANCED_FACE('',(#5261,#5262),#101,.F.);
#5879=ADVANCED_FACE('',(#5263,#5264),#102,.F.);
#5880=ADVANCED_FACE('',(#5265,#5266),#103,.F.);
#5881=ADVANCED_FACE('',(#5267,#5268),#104,.F.);
#5882=ADVANCED_FACE('',(#5269,#5270),#105,.F.);
#5883=ADVANCED_FACE('',(#5271),#5541,.F.);
#5884=ADVANCED_FACE('',(#5272),#5542,.T.);
#5885=ADVANCED_FACE('',(#5273),#5543,.T.);
#5886=ADVANCED_FACE('',(#5274),#5544,.F.);
#5887=ADVANCED_FACE('',(#5275),#5545,.F.);
#5888=ADVANCED_FACE('',(#5276),#5546,.T.);
#5889=ADVANCED_FACE('',(#5277),#5547,.T.);
#5890=ADVANCED_FACE('',(#5278),#5548,.F.);
#5891=ADVANCED_FACE('',(#5279),#5549,.F.);
#5892=ADVANCED_FACE('',(#5280),#5550,.F.);
#5893=ADVANCED_FACE('',(#5281),#5551,.T.);
#5894=ADVANCED_FACE('',(#5282),#5552,.T.);
#5895=ADVANCED_FACE('',(#5283),#5553,.F.);
#5896=ADVANCED_FACE('',(#5284),#5554,.F.);
#5897=ADVANCED_FACE('',(#5285),#5555,.T.);
#5898=ADVANCED_FACE('',(#5286),#5556,.T.);
#5899=ADVANCED_FACE('',(#5287),#5557,.F.);
#5900=ADVANCED_FACE('',(#5288),#5558,.F.);
#5901=ADVANCED_FACE('',(#5289),#5559,.T.);
#5902=ADVANCED_FACE('',(#5290),#5560,.T.);
#5903=ADVANCED_FACE('',(#5291),#5561,.T.);
#5904=ADVANCED_FACE('',(#5292),#5562,.F.);
#5905=ADVANCED_FACE('',(#5293),#5563,.F.);
#5906=ADVANCED_FACE('',(#5294),#5564,.F.);
#5907=ADVANCED_FACE('',(#5295),#5565,.F.);
#5908=ADVANCED_FACE('',(#5296),#5566,.T.);
#5909=ADVANCED_FACE('',(#5297),#5567,.F.);
#5910=ADVANCED_FACE('',(#5298),#5568,.T.);
#5911=ADVANCED_FACE('',(#5299),#5569,.T.);
#5912=ADVANCED_FACE('',(#5300),#5570,.T.);
#5913=ADVANCED_FACE('',(#5301),#5571,.T.);
#5914=ADVANCED_FACE('',(#5302),#5572,.F.);
#5915=ADVANCED_FACE('',(#5303),#5573,.F.);
#5916=ADVANCED_FACE('',(#5304),#5574,.F.);
#5917=ADVANCED_FACE('',(#5305),#5575,.T.);
#5918=ADVANCED_FACE('',(#5306),#5576,.T.);
#5919=ADVANCED_FACE('',(#5307),#5577,.F.);
#5920=ADVANCED_FACE('',(#5308),#5578,.F.);
#5921=ADVANCED_FACE('',(#5309),#5579,.T.);
#5922=ADVANCED_FACE('',(#5310),#5580,.T.);
#5923=ADVANCED_FACE('',(#5311),#5581,.F.);
#5924=ADVANCED_FACE('',(#5312),#5582,.T.);
#5925=ADVANCED_FACE('',(#5313),#5583,.T.);
#5926=ADVANCED_FACE('',(#5314),#5584,.F.);
#5927=ADVANCED_FACE('',(#5315),#5585,.F.);
#5928=ADVANCED_FACE('',(#5316),#5586,.F.);
#5929=ADVANCED_FACE('',(#5317),#5587,.T.);
#5930=ADVANCED_FACE('',(#5318),#5588,.T.);
#5931=ADVANCED_FACE('',(#5319),#5589,.F.);
#5932=ADVANCED_FACE('',(#5320),#5590,.T.);
#5933=ADVANCED_FACE('',(#5321),#5591,.T.);
#5934=ADVANCED_FACE('',(#5322),#5592,.F.);
#5935=ADVANCED_FACE('',(#5323),#5593,.F.);
#5936=ADVANCED_FACE('',(#5324),#5594,.F.);
#5937=ADVANCED_FACE('',(#5325),#5595,.T.);
#5938=ADVANCED_FACE('',(#5326),#5596,.T.);
#5939=ADVANCED_FACE('',(#5327),#5597,.F.);
#5940=ADVANCED_FACE('',(#5328),#5598,.T.);
#5941=ADVANCED_FACE('',(#5329),#5599,.T.);
#5942=ADVANCED_FACE('',(#5330),#5600,.F.);
#5943=ADVANCED_FACE('',(#5331),#5601,.F.);
#5944=ADVANCED_FACE('',(#5332),#5602,.T.);
#5945=ADVANCED_FACE('',(#5333),#5603,.T.);
#5946=ADVANCED_FACE('',(#5334),#5604,.F.);
#5947=ADVANCED_FACE('',(#5335,#5336),#1235,.F.);
#5948=ADVANCED_FACE('',(#5337,#5338),#1236,.F.);
#5949=ADVANCED_FACE('',(#5339),#5605,.F.);
#5950=ADVANCED_FACE('',(#5340),#5606,.T.);
#5951=ADVANCED_FACE('',(#5341),#5607,.T.);
#5952=ADVANCED_FACE('',(#5342),#5608,.F.);
#5953=ADVANCED_FACE('',(#5343),#5609,.T.);
#5954=ADVANCED_FACE('',(#5344),#5610,.T.);
#5955=ADVANCED_FACE('',(#5345),#5611,.F.);
#5956=ADVANCED_FACE('',(#5346),#5612,.T.);
#5957=ADVANCED_FACE('',(#5347),#5613,.T.);
#5958=ADVANCED_FACE('',(#5348),#5614,.T.);
#5959=ADVANCED_FACE('',(#5349),#5615,.F.);
#5960=ADVANCED_FACE('',(#5350),#5616,.F.);
#5961=ADVANCED_FACE('',(#5351),#5617,.T.);
#5962=ADVANCED_FACE('',(#5352),#5618,.T.);
#5963=ADVANCED_FACE('',(#5353),#5619,.F.);
#5964=ADVANCED_FACE('',(#5354),#5620,.F.);
#5965=ADVANCED_FACE('',(#5355),#1237,.F.);
#5966=ADVANCED_FACE('',(#5356),#5621,.T.);
#5967=ADVANCED_FACE('',(#5357),#1238,.F.);
#5968=ADVANCED_FACE('',(#5358),#5622,.T.);
#5969=ADVANCED_FACE('',(#5359),#1239,.F.);
#5970=ADVANCED_FACE('',(#5360),#5623,.F.);
#5971=ADVANCED_FACE('',(#5361),#1240,.F.);
#5972=ADVANCED_FACE('',(#5362),#5624,.F.);
#5973=ADVANCED_FACE('',(#5363),#1241,.F.);
#5974=ADVANCED_FACE('',(#5364,#5365,#5366,#5367),#5625,.F.);
#5975=ADVANCED_FACE('',(#5368),#1242,.F.);
#5976=ADVANCED_FACE('',(#5369),#1243,.T.);
#5977=ADVANCED_FACE('',(#5370),#5626,.T.);
#5978=ADVANCED_FACE('',(#5371),#1244,.T.);
#5979=ADVANCED_FACE('',(#5372,#5373,#5374,#5375,#5376,#5377,#5378,#5379,
#5380,#5381,#5382,#5383,#5384,#5385,#5386,#5387,#5388,#5389,#5390,#5391),
#5627,.F.);
#5980=ADVANCED_FACE('',(#5392),#5628,.T.);
#5981=ADVANCED_FACE('',(#5393),#5629,.T.);
#5982=ADVANCED_FACE('',(#5394,#5395),#5630,.T.);
#5983=ADVANCED_FACE('',(#5396,#5397,#5398,#5399,#5400,#5401,#5402,#5403,
#5404,#5405,#5406,#5407,#5408,#5409,#5410,#5411,#5412,#5413,#5414,#5415),
#5631,.T.);
#5984=ADVANCED_FACE('',(#5416,#5417,#5418,#5419),#5632,.F.);
#5985=ADVANCED_FACE('',(#5420,#5421,#5422,#5423,#5424),#5633,.F.);
#5986=ADVANCED_FACE('',(#5425),#5634,.F.);
#5987=CLOSED_SHELL('',(#5635,#5636,#5637,#5638,#5639,#5640,#5641,#5642,
#5643,#5644,#5645,#5646,#5647,#5648,#5649,#5650,#5651,#5652,#5653,#5654,
#5655,#5656,#5657,#5658,#5659,#5660,#5661,#5662,#5663,#5664,#5665,#5666,
#5667,#5668,#5669,#5670,#5671,#5672,#5673,#5674,#5675,#5676,#5677,#5678,
#5679,#5680,#5681,#5682,#5683,#5684,#5685,#5686,#5687,#5688,#5689,#5690,
#5691,#5692,#5693,#5694,#5695,#5696,#5697,#5698,#5699,#5700,#5701,#5702,
#5703,#5704,#5705,#5706,#5707,#5708,#5709,#5710,#5711,#5712,#5713,#5714,
#5715,#5716,#5717,#5718,#5719,#5720,#5721,#5722,#5723,#5724,#5725,#5726,
#5727,#5728,#5729,#5730,#5731,#5732,#5733,#5734,#5735,#5736,#5737,#5738,
#5739,#5740,#5741,#5742,#5743,#5744,#5745,#5746,#5747,#5748,#5749,#5750,
#5751,#5752,#5753,#5754,#5755,#5756,#5757,#5758,#5759,#5760,#5761,#5762,
#5763,#5764,#5765,#5766,#5767,#5768,#5769,#5770,#5771,#5772,#5773,#5774,
#5775,#5776,#5777,#5778,#5779,#5780,#5781,#5782,#5783,#5784,#5785,#5786,
#5787,#5788,#5789,#5790,#5791,#5792,#5793,#5794,#5795,#5796,#5797,#5798,
#5799,#5800,#5801,#5802,#5803,#5804,#5805,#5806,#5807,#5808,#5809,#5810,
#5811,#5812,#5813,#5814,#5815,#5816,#5817,#5818,#5819,#5820,#5821,#5822,
#5823,#5824,#5825,#5826,#5827,#5828,#5829,#5830,#5831,#5832,#5833,#5834,
#5835,#5836,#5837,#5838,#5839,#5840,#5841,#5842,#5843,#5844,#5845,#5846,
#5847,#5848,#5849,#5850,#5851,#5852,#5853,#5854,#5855,#5856,#5857,#5858,
#5859,#5860,#5861,#5862,#5863,#5864,#5865,#5866,#5867,#5868,#5869,#5870,
#5871,#5872,#5873,#5874,#5875,#5876,#5877,#5878,#5879,#5880,#5881,#5882,
#5883,#5884,#5885,#5886,#5887,#5888,#5889,#5890,#5891,#5892,#5893,#5894,
#5895,#5896,#5897,#5898,#5899,#5900,#5901,#5902,#5903,#5904,#5905,#5906,
#5907,#5908,#5909,#5910,#5911,#5912,#5913,#5914,#5915,#5916,#5917,#5918,
#5919,#5920,#5921,#5922,#5923,#5924,#5925,#5926,#5927,#5928,#5929,#5930,
#5931,#5932,#5933,#5934,#5935,#5936,#5937,#5938,#5939,#5940,#5941,#5942,
#5943,#5944,#5945,#5946,#5947,#5948,#5949,#5950,#5951,#5952,#5953,#5954,
#5955,#5956,#5957,#5958,#5959,#5960,#5961,#5962,#5963,#5964,#5965,#5966,
#5967,#5968,#5969,#5970,#5971,#5972,#5973,#5974,#5975,#5976,#5977,#5978,
#5979,#5980,#5981,#5982,#5983,#5984,#5985,#5986));
#5988=STYLED_ITEM('',(#5989),#5996);
#5989=PRESENTATION_STYLE_ASSIGNMENT((#5990));
#5990=SURFACE_STYLE_USAGE(.BOTH.,#5991);
#5991=SURFACE_SIDE_STYLE('',(#5992));
#5992=SURFACE_STYLE_FILL_AREA(#5993);
#5993=FILL_AREA_STYLE('',(#5994));
#5994=FILL_AREA_STYLE_COLOUR('',#5995);
#5995=COLOUR_RGB('',0.615686274509804,0.811764705882353,0.929411764705882);
#5996=MANIFOLD_SOLID_BREP('Top-Right',#5987);
#5997=SHAPE_DEFINITION_REPRESENTATION(#10185,#5998);
#5998=SHAPE_REPRESENTATION('Top-Right',(#5999),#10180);
#5999=AXIS2_PLACEMENT_3D('',#8326,#6605,#6606);
#6000=AXIS2_PLACEMENT_3D('',#8327,#6607,#6608);
#6001=AXIS2_PLACEMENT_3D('',#8328,#6609,#6610);
#6002=AXIS2_PLACEMENT_3D('',#8330,#6611,#6612);
#6003=AXIS2_PLACEMENT_3D('',#8331,#6613,#6614);
#6004=AXIS2_PLACEMENT_3D('',#8333,#6615,#6616);
#6005=AXIS2_PLACEMENT_3D('',#8334,#6617,#6618);
#6006=AXIS2_PLACEMENT_3D('',#8336,#6619,#6620);
#6007=AXIS2_PLACEMENT_3D('',#8337,#6621,#6622);
#6008=AXIS2_PLACEMENT_3D('',#8339,#6623,#6624);
#6009=AXIS2_PLACEMENT_3D('',#8340,#6625,#6626);
#6010=AXIS2_PLACEMENT_3D('',#8342,#6627,#6628);
#6011=AXIS2_PLACEMENT_3D('',#8343,#6629,#6630);
#6012=AXIS2_PLACEMENT_3D('',#8345,#6631,#6632);
#6013=AXIS2_PLACEMENT_3D('',#8346,#6633,#6634);
#6014=AXIS2_PLACEMENT_3D('',#8348,#6635,#6636);
#6015=AXIS2_PLACEMENT_3D('',#8349,#6637,#6638);
#6016=AXIS2_PLACEMENT_3D('',#8351,#6639,#6640);
#6017=AXIS2_PLACEMENT_3D('',#8352,#6641,#6642);
#6018=AXIS2_PLACEMENT_3D('',#8354,#6643,#6644);
#6019=AXIS2_PLACEMENT_3D('',#8355,#6645,#6646);
#6020=AXIS2_PLACEMENT_3D('',#8357,#6647,#6648);
#6021=AXIS2_PLACEMENT_3D('',#8358,#6649,#6650);
#6022=AXIS2_PLACEMENT_3D('',#8360,#6651,#6652);
#6023=AXIS2_PLACEMENT_3D('',#8361,#6653,#6654);
#6024=AXIS2_PLACEMENT_3D('',#8363,#6655,#6656);
#6025=AXIS2_PLACEMENT_3D('',#8364,#6657,#6658);
#6026=AXIS2_PLACEMENT_3D('',#8366,#6659,#6660);
#6027=AXIS2_PLACEMENT_3D('',#8367,#6661,#6662);
#6028=AXIS2_PLACEMENT_3D('',#8369,#6663,#6664);
#6029=AXIS2_PLACEMENT_3D('',#8370,#6665,#6666);
#6030=AXIS2_PLACEMENT_3D('',#8372,#6667,#6668);
#6031=AXIS2_PLACEMENT_3D('',#8373,#6669,#6670);
#6032=AXIS2_PLACEMENT_3D('',#8375,#6671,#6672);
#6033=AXIS2_PLACEMENT_3D('',#8376,#6673,#6674);
#6034=AXIS2_PLACEMENT_3D('',#8378,#6675,#6676);
#6035=AXIS2_PLACEMENT_3D('',#8379,#6677,#6678);
#6036=AXIS2_PLACEMENT_3D('',#8381,#6679,#6680);
#6037=AXIS2_PLACEMENT_3D('',#8382,#6681,#6682);
#6038=AXIS2_PLACEMENT_3D('',#8384,#6683,#6684);
#6039=AXIS2_PLACEMENT_3D('',#8385,#6685,#6686);
#6040=AXIS2_PLACEMENT_3D('',#8387,#6687,#6688);
#6041=AXIS2_PLACEMENT_3D('',#8388,#6689,#6690);
#6042=AXIS2_PLACEMENT_3D('',#8390,#6691,#6692);
#6043=AXIS2_PLACEMENT_3D('',#8391,#6693,#6694);
#6044=AXIS2_PLACEMENT_3D('',#8393,#6695,#6696);
#6045=AXIS2_PLACEMENT_3D('',#8394,#6697,#6698);
#6046=AXIS2_PLACEMENT_3D('',#8396,#6699,#6700);
#6047=AXIS2_PLACEMENT_3D('',#8397,#6701,#6702);
#6048=AXIS2_PLACEMENT_3D('',#8399,#6703,#6704);
#6049=AXIS2_PLACEMENT_3D('',#8400,#6705,#6706);
#6050=AXIS2_PLACEMENT_3D('',#8402,#6707,#6708);
#6051=AXIS2_PLACEMENT_3D('',#8403,#6709,#6710);
#6052=AXIS2_PLACEMENT_3D('',#8405,#6711,#6712);
#6053=AXIS2_PLACEMENT_3D('',#8406,#6713,#6714);
#6054=AXIS2_PLACEMENT_3D('',#8408,#6715,#6716);
#6055=AXIS2_PLACEMENT_3D('',#8409,#6717,#6718);
#6056=AXIS2_PLACEMENT_3D('',#8411,#6719,#6720);
#6057=AXIS2_PLACEMENT_3D('',#8412,#6721,#6722);
#6058=AXIS2_PLACEMENT_3D('',#8414,#6723,#6724);
#6059=AXIS2_PLACEMENT_3D('',#8415,#6725,#6726);
#6060=AXIS2_PLACEMENT_3D('',#8417,#6727,#6728);
#6061=AXIS2_PLACEMENT_3D('',#8418,#6729,#6730);
#6062=AXIS2_PLACEMENT_3D('',#8420,#6731,#6732);
#6063=AXIS2_PLACEMENT_3D('',#8421,#6733,#6734);
#6064=AXIS2_PLACEMENT_3D('',#8423,#6735,#6736);
#6065=AXIS2_PLACEMENT_3D('',#8424,#6737,#6738);
#6066=AXIS2_PLACEMENT_3D('',#8426,#6739,#6740);
#6067=AXIS2_PLACEMENT_3D('',#8427,#6741,#6742);
#6068=AXIS2_PLACEMENT_3D('',#8429,#6743,#6744);
#6069=AXIS2_PLACEMENT_3D('',#8430,#6745,#6746);
#6070=AXIS2_PLACEMENT_3D('',#8432,#6747,#6748);
#6071=AXIS2_PLACEMENT_3D('',#8433,#6749,#6750);
#6072=AXIS2_PLACEMENT_3D('',#8435,#6751,#6752);
#6073=AXIS2_PLACEMENT_3D('',#8436,#6753,#6754);
#6074=AXIS2_PLACEMENT_3D('',#8438,#6755,#6756);
#6075=AXIS2_PLACEMENT_3D('',#8439,#6757,#6758);
#6076=AXIS2_PLACEMENT_3D('',#8441,#6759,#6760);
#6077=AXIS2_PLACEMENT_3D('',#8442,#6761,#6762);
#6078=AXIS2_PLACEMENT_3D('',#8444,#6763,#6764);
#6079=AXIS2_PLACEMENT_3D('',#8445,#6765,#6766);
#6080=AXIS2_PLACEMENT_3D('',#8447,#6767,#6768);
#6081=AXIS2_PLACEMENT_3D('',#8448,#6769,#6770);
#6082=AXIS2_PLACEMENT_3D('',#8450,#6771,#6772);
#6083=AXIS2_PLACEMENT_3D('',#8451,#6773,#6774);
#6084=AXIS2_PLACEMENT_3D('',#8453,#6775,#6776);
#6085=AXIS2_PLACEMENT_3D('',#8454,#6777,#6778);
#6086=AXIS2_PLACEMENT_3D('',#8456,#6779,#6780);
#6087=AXIS2_PLACEMENT_3D('',#8457,#6781,#6782);
#6088=AXIS2_PLACEMENT_3D('',#8459,#6783,#6784);
#6089=AXIS2_PLACEMENT_3D('',#8460,#6785,#6786);
#6090=AXIS2_PLACEMENT_3D('',#8462,#6787,#6788);
#6091=AXIS2_PLACEMENT_3D('',#8463,#6789,#6790);
#6092=AXIS2_PLACEMENT_3D('',#8465,#6791,#6792);
#6093=AXIS2_PLACEMENT_3D('',#8466,#6793,#6794);
#6094=AXIS2_PLACEMENT_3D('',#8468,#6795,#6796);
#6095=AXIS2_PLACEMENT_3D('',#8469,#6797,#6798);
#6096=AXIS2_PLACEMENT_3D('',#8471,#6799,#6800);
#6097=AXIS2_PLACEMENT_3D('',#8472,#6801,#6802);
#6098=AXIS2_PLACEMENT_3D('',#8474,#6803,#6804);
#6099=AXIS2_PLACEMENT_3D('',#8475,#6805,#6806);
#6100=AXIS2_PLACEMENT_3D('',#8477,#6807,#6808);
#6101=AXIS2_PLACEMENT_3D('',#8478,#6809,#6810);
#6102=AXIS2_PLACEMENT_3D('',#8480,#6811,#6812);
#6103=AXIS2_PLACEMENT_3D('',#8481,#6813,#6814);
#6104=AXIS2_PLACEMENT_3D('',#8483,#6815,#6816);
#6105=AXIS2_PLACEMENT_3D('',#8484,#6817,#6818);
#6106=AXIS2_PLACEMENT_3D('',#8486,#6819,#6820);
#6107=AXIS2_PLACEMENT_3D('',#8487,#6821,#6822);
#6108=AXIS2_PLACEMENT_3D('',#8489,#6823,#6824);
#6109=AXIS2_PLACEMENT_3D('',#8490,#6825,#6826);
#6110=AXIS2_PLACEMENT_3D('',#8492,#6827,#6828);
#6111=AXIS2_PLACEMENT_3D('',#8493,#6829,#6830);
#6112=AXIS2_PLACEMENT_3D('',#8495,#6831,#6832);
#6113=AXIS2_PLACEMENT_3D('',#8496,#6833,#6834);
#6114=AXIS2_PLACEMENT_3D('',#8498,#6835,#6836);
#6115=AXIS2_PLACEMENT_3D('',#8499,#6837,#6838);
#6116=AXIS2_PLACEMENT_3D('',#8501,#6839,#6840);
#6117=AXIS2_PLACEMENT_3D('',#8502,#6841,#6842);
#6118=AXIS2_PLACEMENT_3D('',#8504,#6843,#6844);
#6119=AXIS2_PLACEMENT_3D('',#8505,#6845,#6846);
#6120=AXIS2_PLACEMENT_3D('',#8507,#6847,#6848);
#6121=AXIS2_PLACEMENT_3D('',#8508,#6849,#6850);
#6122=AXIS2_PLACEMENT_3D('',#8510,#6851,#6852);
#6123=AXIS2_PLACEMENT_3D('',#8511,#6853,#6854);
#6124=AXIS2_PLACEMENT_3D('',#8513,#6855,#6856);
#6125=AXIS2_PLACEMENT_3D('',#8514,#6857,#6858);
#6126=AXIS2_PLACEMENT_3D('',#8516,#6859,#6860);
#6127=AXIS2_PLACEMENT_3D('',#8517,#6861,#6862);
#6128=AXIS2_PLACEMENT_3D('',#8519,#6863,#6864);
#6129=AXIS2_PLACEMENT_3D('',#8520,#6865,#6866);
#6130=AXIS2_PLACEMENT_3D('',#8522,#6867,#6868);
#6131=AXIS2_PLACEMENT_3D('',#8523,#6869,#6870);
#6132=AXIS2_PLACEMENT_3D('',#8525,#6871,#6872);
#6133=AXIS2_PLACEMENT_3D('',#8526,#6873,#6874);
#6134=AXIS2_PLACEMENT_3D('',#8528,#6875,#6876);
#6135=AXIS2_PLACEMENT_3D('',#8529,#6877,#6878);
#6136=AXIS2_PLACEMENT_3D('',#8531,#6879,#6880);
#6137=AXIS2_PLACEMENT_3D('',#8532,#6881,#6882);
#6138=AXIS2_PLACEMENT_3D('',#8534,#6883,#6884);
#6139=AXIS2_PLACEMENT_3D('',#8535,#6885,#6886);
#6140=AXIS2_PLACEMENT_3D('',#8537,#6887,#6888);
#6141=AXIS2_PLACEMENT_3D('',#8538,#6889,#6890);
#6142=AXIS2_PLACEMENT_3D('',#8540,#6891,#6892);
#6143=AXIS2_PLACEMENT_3D('',#8541,#6893,#6894);
#6144=AXIS2_PLACEMENT_3D('',#8543,#6895,#6896);
#6145=AXIS2_PLACEMENT_3D('',#8544,#6897,#6898);
#6146=AXIS2_PLACEMENT_3D('',#8546,#6899,#6900);
#6147=AXIS2_PLACEMENT_3D('',#8547,#6901,#6902);
#6148=AXIS2_PLACEMENT_3D('',#8549,#6903,#6904);
#6149=AXIS2_PLACEMENT_3D('',#8550,#6905,#6906);
#6150=AXIS2_PLACEMENT_3D('',#8552,#6907,#6908);
#6151=AXIS2_PLACEMENT_3D('',#8553,#6909,#6910);
#6152=AXIS2_PLACEMENT_3D('',#8555,#6911,#6912);
#6153=AXIS2_PLACEMENT_3D('',#8556,#6913,#6914);
#6154=AXIS2_PLACEMENT_3D('',#8558,#6915,#6916);
#6155=AXIS2_PLACEMENT_3D('',#8559,#6917,#6918);
#6156=AXIS2_PLACEMENT_3D('',#8561,#6919,#6920);
#6157=AXIS2_PLACEMENT_3D('',#8562,#6921,#6922);
#6158=AXIS2_PLACEMENT_3D('',#8564,#6923,#6924);
#6159=AXIS2_PLACEMENT_3D('',#8565,#6925,#6926);
#6160=AXIS2_PLACEMENT_3D('',#8567,#6927,#6928);
#6161=AXIS2_PLACEMENT_3D('',#8568,#6929,#6930);
#6162=AXIS2_PLACEMENT_3D('',#8570,#6931,#6932);
#6163=AXIS2_PLACEMENT_3D('',#8571,#6933,#6934);
#6164=AXIS2_PLACEMENT_3D('',#8576,#6936,#6937);
#6165=AXIS2_PLACEMENT_3D('',#8579,#6939,#6940);
#6166=AXIS2_PLACEMENT_3D('',#8585,#6944,#6945);
#6167=AXIS2_PLACEMENT_3D('',#8586,#6946,#6947);
#6168=AXIS2_PLACEMENT_3D('',#8588,#6948,#6949);
#6169=AXIS2_PLACEMENT_3D('',#8591,#6951,#6952);
#6170=AXIS2_PLACEMENT_3D('',#8592,#6953,#6954);
#6171=AXIS2_PLACEMENT_3D('',#8594,#6955,#6956);
#6172=AXIS2_PLACEMENT_3D('',#8602,#6961,#6962);
#6173=AXIS2_PLACEMENT_3D('',#8606,#6965,#6966);
#6174=AXIS2_PLACEMENT_3D('',#8612,#6970,#6971);
#6175=AXIS2_PLACEMENT_3D('',#8613,#6972,#6973);
#6176=AXIS2_PLACEMENT_3D('',#8618,#6975,#6976);
#6177=AXIS2_PLACEMENT_3D('',#8621,#6978,#6979);
#6178=AXIS2_PLACEMENT_3D('',#8627,#6983,#6984);
#6179=AXIS2_PLACEMENT_3D('',#8628,#6985,#6986);
#6180=AXIS2_PLACEMENT_3D('',#8630,#6987,#6988);
#6181=AXIS2_PLACEMENT_3D('',#8633,#6990,#6991);
#6182=AXIS2_PLACEMENT_3D('',#8634,#6992,#6993);
#6183=AXIS2_PLACEMENT_3D('',#8636,#6994,#6995);
#6184=AXIS2_PLACEMENT_3D('',#8644,#7000,#7001);
#6185=AXIS2_PLACEMENT_3D('',#8648,#7004,#7005);
#6186=AXIS2_PLACEMENT_3D('',#8654,#7009,#7010);
#6187=AXIS2_PLACEMENT_3D('',#8655,#7011,#7012);
#6188=AXIS2_PLACEMENT_3D('',#8660,#7014,#7015);
#6189=AXIS2_PLACEMENT_3D('',#8663,#7017,#7018);
#6190=AXIS2_PLACEMENT_3D('',#8664,#7019,#7020);
#6191=AXIS2_PLACEMENT_3D('',#8669,#7022,#7023);
#6192=AXIS2_PLACEMENT_3D('',#8672,#7025,#7026);
#6193=AXIS2_PLACEMENT_3D('',#8675,#7029,#7030);
#6194=AXIS2_PLACEMENT_3D('',#8676,#7031,#7032);
#6195=AXIS2_PLACEMENT_3D('',#8678,#7033,#7034);
#6196=AXIS2_PLACEMENT_3D('',#8686,#7039,#7040);
#6197=AXIS2_PLACEMENT_3D('',#8690,#7043,#7044);
#6198=AXIS2_PLACEMENT_3D('',#8696,#7048,#7049);
#6199=AXIS2_PLACEMENT_3D('',#8697,#7050,#7051);
#6200=AXIS2_PLACEMENT_3D('',#8702,#7053,#7054);
#6201=AXIS2_PLACEMENT_3D('',#8705,#7056,#7057);
#6202=AXIS2_PLACEMENT_3D('',#8711,#7061,#7062);
#6203=AXIS2_PLACEMENT_3D('',#8712,#7063,#7064);
#6204=AXIS2_PLACEMENT_3D('',#8714,#7065,#7066);
#6205=AXIS2_PLACEMENT_3D('',#8717,#7068,#7069);
#6206=AXIS2_PLACEMENT_3D('',#8718,#7070,#7071);
#6207=AXIS2_PLACEMENT_3D('',#8720,#7072,#7073);
#6208=AXIS2_PLACEMENT_3D('',#8728,#7078,#7079);
#6209=AXIS2_PLACEMENT_3D('',#8732,#7082,#7083);
#6210=AXIS2_PLACEMENT_3D('',#8738,#7087,#7088);
#6211=AXIS2_PLACEMENT_3D('',#8739,#7089,#7090);
#6212=AXIS2_PLACEMENT_3D('',#8744,#7092,#7093);
#6213=AXIS2_PLACEMENT_3D('',#8747,#7095,#7096);
#6214=AXIS2_PLACEMENT_3D('',#8748,#7097,#7098);
#6215=AXIS2_PLACEMENT_3D('',#8753,#7100,#7101);
#6216=AXIS2_PLACEMENT_3D('',#8756,#7103,#7104);
#6217=AXIS2_PLACEMENT_3D('',#8759,#7107,#7108);
#6218=AXIS2_PLACEMENT_3D('',#8760,#7109,#7110);
#6219=AXIS2_PLACEMENT_3D('',#8762,#7111,#7112);
#6220=AXIS2_PLACEMENT_3D('',#8770,#7117,#7118);
#6221=AXIS2_PLACEMENT_3D('',#8774,#7121,#7122);
#6222=AXIS2_PLACEMENT_3D('',#8780,#7126,#7127);
#6223=AXIS2_PLACEMENT_3D('',#8786,#7130,#7131);
#6224=AXIS2_PLACEMENT_3D('',#8787,#7132,#7133);
#6225=AXIS2_PLACEMENT_3D('',#8790,#7135,#7136);
#6226=AXIS2_PLACEMENT_3D('',#8793,#7138,#7139);
#6227=AXIS2_PLACEMENT_3D('',#8794,#7140,#7141);
#6228=AXIS2_PLACEMENT_3D('',#8799,#7143,#7144);
#6229=AXIS2_PLACEMENT_3D('',#8802,#7146,#7147);
#6230=AXIS2_PLACEMENT_3D('',#8806,#7150,#7151);
#6231=AXIS2_PLACEMENT_3D('',#8813,#7156,#7157);
#6232=AXIS2_PLACEMENT_3D('',#8817,#7159,#7160);
#6233=AXIS2_PLACEMENT_3D('',#8821,#7162,#7163);
#6234=AXIS2_PLACEMENT_3D('',#8825,#7165,#7166);
#6235=AXIS2_PLACEMENT_3D('',#8829,#7168,#7169);
#6236=AXIS2_PLACEMENT_3D('',#8832,#7171,#7172);
#6237=AXIS2_PLACEMENT_3D('',#8836,#7174,#7175);
#6238=AXIS2_PLACEMENT_3D('',#8839,#7177,#7178);
#6239=AXIS2_PLACEMENT_3D('',#8853,#7186,#7187);
#6240=AXIS2_PLACEMENT_3D('',#8854,#7188,#7189);
#6241=AXIS2_PLACEMENT_3D('',#8859,#7191,#7192);
#6242=AXIS2_PLACEMENT_3D('',#8862,#7194,#7195);
#6243=AXIS2_PLACEMENT_3D('',#8868,#7199,#7200);
#6244=AXIS2_PLACEMENT_3D('',#8869,#7201,#7202);
#6245=AXIS2_PLACEMENT_3D('',#8871,#7203,#7204);
#6246=AXIS2_PLACEMENT_3D('',#8874,#7206,#7207);
#6247=AXIS2_PLACEMENT_3D('',#8875,#7208,#7209);
#6248=AXIS2_PLACEMENT_3D('',#8877,#7210,#7211);
#6249=AXIS2_PLACEMENT_3D('',#8885,#7216,#7217);
#6250=AXIS2_PLACEMENT_3D('',#8889,#7220,#7221);
#6251=AXIS2_PLACEMENT_3D('',#8895,#7225,#7226);
#6252=AXIS2_PLACEMENT_3D('',#8896,#7227,#7228);
#6253=AXIS2_PLACEMENT_3D('',#8901,#7230,#7231);
#6254=AXIS2_PLACEMENT_3D('',#8904,#7233,#7234);
#6255=AXIS2_PLACEMENT_3D('',#8905,#7235,#7236);
#6256=AXIS2_PLACEMENT_3D('',#8910,#7238,#7239);
#6257=AXIS2_PLACEMENT_3D('',#8913,#7241,#7242);
#6258=AXIS2_PLACEMENT_3D('',#8916,#7245,#7246);
#6259=AXIS2_PLACEMENT_3D('',#8917,#7247,#7248);
#6260=AXIS2_PLACEMENT_3D('',#8919,#7249,#7250);
#6261=AXIS2_PLACEMENT_3D('',#8927,#7255,#7256);
#6262=AXIS2_PLACEMENT_3D('',#8931,#7259,#7260);
#6263=AXIS2_PLACEMENT_3D('',#8937,#7264,#7265);
#6264=AXIS2_PLACEMENT_3D('',#8938,#7266,#7267);
#6265=AXIS2_PLACEMENT_3D('',#8943,#7269,#7270);
#6266=AXIS2_PLACEMENT_3D('',#8946,#7272,#7273);
#6267=AXIS2_PLACEMENT_3D('',#8952,#7277,#7278);
#6268=AXIS2_PLACEMENT_3D('',#8953,#7279,#7280);
#6269=AXIS2_PLACEMENT_3D('',#8955,#7281,#7282);
#6270=AXIS2_PLACEMENT_3D('',#8958,#7284,#7285);
#6271=AXIS2_PLACEMENT_3D('',#8959,#7286,#7287);
#6272=AXIS2_PLACEMENT_3D('',#8961,#7288,#7289);
#6273=AXIS2_PLACEMENT_3D('',#8969,#7294,#7295);
#6274=AXIS2_PLACEMENT_3D('',#8973,#7298,#7299);
#6275=AXIS2_PLACEMENT_3D('',#8979,#7303,#7304);
#6276=AXIS2_PLACEMENT_3D('',#8980,#7305,#7306);
#6277=AXIS2_PLACEMENT_3D('',#8985,#7308,#7309);
#6278=AXIS2_PLACEMENT_3D('',#8988,#7311,#7312);
#6279=AXIS2_PLACEMENT_3D('',#8989,#7313,#7314);
#6280=AXIS2_PLACEMENT_3D('',#8994,#7316,#7317);
#6281=AXIS2_PLACEMENT_3D('',#8997,#7319,#7320);
#6282=AXIS2_PLACEMENT_3D('',#9000,#7323,#7324);
#6283=AXIS2_PLACEMENT_3D('',#9001,#7325,#7326);
#6284=AXIS2_PLACEMENT_3D('',#9003,#7327,#7328);
#6285=AXIS2_PLACEMENT_3D('',#9011,#7333,#7334);
#6286=AXIS2_PLACEMENT_3D('',#9015,#7337,#7338);
#6287=AXIS2_PLACEMENT_3D('',#9021,#7342,#7343);
#6288=AXIS2_PLACEMENT_3D('',#9022,#7344,#7345);
#6289=AXIS2_PLACEMENT_3D('',#9024,#7346,#7347);
#6290=AXIS2_PLACEMENT_3D('',#9025,#7348,#7349);
#6291=AXIS2_PLACEMENT_3D('',#9027,#7350,#7351);
#6292=AXIS2_PLACEMENT_3D('',#9028,#7352,#7353);
#6293=AXIS2_PLACEMENT_3D('',#9030,#7354,#7355);
#6294=AXIS2_PLACEMENT_3D('',#9031,#7356,#7357);
#6295=AXIS2_PLACEMENT_3D('',#9033,#7358,#7359);
#6296=AXIS2_PLACEMENT_3D('',#9034,#7360,#7361);
#6297=AXIS2_PLACEMENT_3D('',#9036,#7362,#7363);
#6298=AXIS2_PLACEMENT_3D('',#9037,#7364,#7365);
#6299=AXIS2_PLACEMENT_3D('',#9039,#7366,#7367);
#6300=AXIS2_PLACEMENT_3D('',#9040,#7368,#7369);
#6301=AXIS2_PLACEMENT_3D('',#9042,#7370,#7371);
#6302=AXIS2_PLACEMENT_3D('',#9043,#7372,#7373);
#6303=AXIS2_PLACEMENT_3D('',#9045,#7374,#7375);
#6304=AXIS2_PLACEMENT_3D('',#9046,#7376,#7377);
#6305=AXIS2_PLACEMENT_3D('',#9048,#7378,#7379);
#6306=AXIS2_PLACEMENT_3D('',#9049,#7380,#7381);
#6307=AXIS2_PLACEMENT_3D('',#9051,#7382,#7383);
#6308=AXIS2_PLACEMENT_3D('',#9053,#7384,#7385);
#6309=AXIS2_PLACEMENT_3D('',#9054,#7386,#7387);
#6310=AXIS2_PLACEMENT_3D('',#9056,#7388,#7389);
#6311=AXIS2_PLACEMENT_3D('',#9058,#7390,#7391);
#6312=AXIS2_PLACEMENT_3D('',#9059,#7392,#7393);
#6313=AXIS2_PLACEMENT_3D('',#9061,#7394,#7395);
#6314=AXIS2_PLACEMENT_3D('',#9062,#7396,#7397);
#6315=AXIS2_PLACEMENT_3D('',#9064,#7398,#7399);
#6316=AXIS2_PLACEMENT_3D('',#9065,#7400,#7401);
#6317=AXIS2_PLACEMENT_3D('',#9067,#7402,#7403);
#6318=AXIS2_PLACEMENT_3D('',#9068,#7404,#7405);
#6319=AXIS2_PLACEMENT_3D('',#9070,#7406,#7407);
#6320=AXIS2_PLACEMENT_3D('',#9071,#7408,#7409);
#6321=AXIS2_PLACEMENT_3D('',#9073,#7410,#7411);
#6322=AXIS2_PLACEMENT_3D('',#9074,#7412,#7413);
#6323=AXIS2_PLACEMENT_3D('',#9076,#7414,#7415);
#6324=AXIS2_PLACEMENT_3D('',#9077,#7416,#7417);
#6325=AXIS2_PLACEMENT_3D('',#9079,#7418,#7419);
#6326=AXIS2_PLACEMENT_3D('',#9080,#7420,#7421);
#6327=AXIS2_PLACEMENT_3D('',#9082,#7422,#7423);
#6328=AXIS2_PLACEMENT_3D('',#9083,#7424,#7425);
#6329=AXIS2_PLACEMENT_3D('',#9085,#7426,#7427);
#6330=AXIS2_PLACEMENT_3D('',#9086,#7428,#7429);
#6331=AXIS2_PLACEMENT_3D('',#9088,#7430,#7431);
#6332=AXIS2_PLACEMENT_3D('',#9089,#7432,#7433);
#6333=AXIS2_PLACEMENT_3D('',#9091,#7434,#7435);
#6334=AXIS2_PLACEMENT_3D('',#9095,#7437,#7438);
#6335=AXIS2_PLACEMENT_3D('',#9099,#7440,#7441);
#6336=AXIS2_PLACEMENT_3D('',#9100,#7442,#7443);
#6337=AXIS2_PLACEMENT_3D('',#9101,#7444,#7445);
#6338=AXIS2_PLACEMENT_3D('',#9103,#7446,#7447);
#6339=AXIS2_PLACEMENT_3D('',#9105,#7448,#7449);
#6340=AXIS2_PLACEMENT_3D('',#9106,#7450,#7451);
#6341=AXIS2_PLACEMENT_3D('',#9107,#7452,#7453);
#6342=AXIS2_PLACEMENT_3D('',#9110,#7455,#7456);
#6343=AXIS2_PLACEMENT_3D('',#9111,#7457,#7458);
#6344=AXIS2_PLACEMENT_3D('',#9113,#7459,#7460);
#6345=AXIS2_PLACEMENT_3D('',#9114,#7461,#7462);
#6346=AXIS2_PLACEMENT_3D('',#9117,#7464,#7465);
#6347=AXIS2_PLACEMENT_3D('',#9118,#7466,#7467);
#6348=AXIS2_PLACEMENT_3D('',#9119,#7468,#7469);
#6349=AXIS2_PLACEMENT_3D('',#9121,#7470,#7471);
#6350=AXIS2_PLACEMENT_3D('',#9122,#7472,#7473);
#6351=AXIS2_PLACEMENT_3D('',#9125,#7475,#7476);
#6352=AXIS2_PLACEMENT_3D('',#9126,#7477,#7478);
#6353=AXIS2_PLACEMENT_3D('',#9127,#7479,#7480);
#6354=AXIS2_PLACEMENT_3D('',#9129,#7481,#7482);
#6355=AXIS2_PLACEMENT_3D('',#9130,#7483,#7484);
#6356=AXIS2_PLACEMENT_3D('',#9132,#7486,#7487);
#6357=AXIS2_PLACEMENT_3D('',#9133,#7488,#7489);
#6358=AXIS2_PLACEMENT_3D('',#9137,#7491,#7492);
#6359=AXIS2_PLACEMENT_3D('',#9138,#7493,#7494);
#6360=AXIS2_PLACEMENT_3D('',#9141,#7496,#7497);
#6361=AXIS2_PLACEMENT_3D('',#9142,#7498,#7499);
#6362=AXIS2_PLACEMENT_3D('',#9145,#7501,#7502);
#6363=AXIS2_PLACEMENT_3D('',#9146,#7503,#7504);
#6364=AXIS2_PLACEMENT_3D('',#9148,#7506,#7507);
#6365=AXIS2_PLACEMENT_3D('',#9149,#7508,#7509);
#6366=AXIS2_PLACEMENT_3D('',#9153,#7511,#7512);
#6367=AXIS2_PLACEMENT_3D('',#9154,#7513,#7514);
#6368=AXIS2_PLACEMENT_3D('',#9157,#7516,#7517);
#6369=AXIS2_PLACEMENT_3D('',#9158,#7518,#7519);
#6370=AXIS2_PLACEMENT_3D('',#9161,#7521,#7522);
#6371=AXIS2_PLACEMENT_3D('',#9162,#7523,#7524);
#6372=AXIS2_PLACEMENT_3D('',#9164,#7526,#7527);
#6373=AXIS2_PLACEMENT_3D('',#9165,#7528,#7529);
#6374=AXIS2_PLACEMENT_3D('',#9169,#7531,#7532);
#6375=AXIS2_PLACEMENT_3D('',#9170,#7533,#7534);
#6376=AXIS2_PLACEMENT_3D('',#9173,#7536,#7537);
#6377=AXIS2_PLACEMENT_3D('',#9174,#7538,#7539);
#6378=AXIS2_PLACEMENT_3D('',#9177,#7541,#7542);
#6379=AXIS2_PLACEMENT_3D('',#9178,#7543,#7544);
#6380=AXIS2_PLACEMENT_3D('',#9180,#7546,#7547);
#6381=AXIS2_PLACEMENT_3D('',#9181,#7548,#7549);
#6382=AXIS2_PLACEMENT_3D('',#9185,#7551,#7552);
#6383=AXIS2_PLACEMENT_3D('',#9186,#7553,#7554);
#6384=AXIS2_PLACEMENT_3D('',#9189,#7556,#7557);
#6385=AXIS2_PLACEMENT_3D('',#9190,#7558,#7559);
#6386=AXIS2_PLACEMENT_3D('',#9193,#7561,#7562);
#6387=AXIS2_PLACEMENT_3D('',#9194,#7563,#7564);
#6388=AXIS2_PLACEMENT_3D('',#9196,#7566,#7567);
#6389=AXIS2_PLACEMENT_3D('',#9197,#7568,#7569);
#6390=AXIS2_PLACEMENT_3D('',#9201,#7571,#7572);
#6391=AXIS2_PLACEMENT_3D('',#9202,#7573,#7574);
#6392=AXIS2_PLACEMENT_3D('',#9205,#7576,#7577);
#6393=AXIS2_PLACEMENT_3D('',#9206,#7578,#7579);
#6394=AXIS2_PLACEMENT_3D('',#9209,#7581,#7582);
#6395=AXIS2_PLACEMENT_3D('',#9210,#7583,#7584);
#6396=AXIS2_PLACEMENT_3D('',#9212,#7586,#7587);
#6397=AXIS2_PLACEMENT_3D('',#9218,#7591,#7592);
#6398=AXIS2_PLACEMENT_3D('',#9222,#7595,#7596);
#6399=AXIS2_PLACEMENT_3D('',#9226,#7599,#7600);
#6400=AXIS2_PLACEMENT_3D('',#9227,#7601,#7602);
#6401=AXIS2_PLACEMENT_3D('',#9230,#7604,#7605);
#6402=AXIS2_PLACEMENT_3D('',#9234,#7608,#7609);
#6403=AXIS2_PLACEMENT_3D('',#9235,#7610,#7611);
#6404=AXIS2_PLACEMENT_3D('',#9238,#7613,#7614);
#6405=AXIS2_PLACEMENT_3D('',#9242,#7617,#7618);
#6406=AXIS2_PLACEMENT_3D('',#9246,#7621,#7622);
#6407=AXIS2_PLACEMENT_3D('',#9250,#7625,#7626);
#6408=AXIS2_PLACEMENT_3D('',#9252,#7628,#7629);
#6409=AXIS2_PLACEMENT_3D('',#9253,#7630,#7631);
#6410=AXIS2_PLACEMENT_3D('',#9257,#7633,#7634);
#6411=AXIS2_PLACEMENT_3D('',#9258,#7635,#7636);
#6412=AXIS2_PLACEMENT_3D('',#9261,#7638,#7639);
#6413=AXIS2_PLACEMENT_3D('',#9262,#7640,#7641);
#6414=AXIS2_PLACEMENT_3D('',#9265,#7643,#7644);
#6415=AXIS2_PLACEMENT_3D('',#9266,#7645,#7646);
#6416=AXIS2_PLACEMENT_3D('',#9268,#7648,#7649);
#6417=AXIS2_PLACEMENT_3D('',#9269,#7650,#7651);
#6418=AXIS2_PLACEMENT_3D('',#9273,#7653,#7654);
#6419=AXIS2_PLACEMENT_3D('',#9274,#7655,#7656);
#6420=AXIS2_PLACEMENT_3D('',#9277,#7658,#7659);
#6421=AXIS2_PLACEMENT_3D('',#9278,#7660,#7661);
#6422=AXIS2_PLACEMENT_3D('',#9281,#7663,#7664);
#6423=AXIS2_PLACEMENT_3D('',#9282,#7665,#7666);
#6424=AXIS2_PLACEMENT_3D('',#9284,#7668,#7669);
#6425=AXIS2_PLACEMENT_3D('',#9285,#7670,#7671);
#6426=AXIS2_PLACEMENT_3D('',#9289,#7673,#7674);
#6427=AXIS2_PLACEMENT_3D('',#9290,#7675,#7676);
#6428=AXIS2_PLACEMENT_3D('',#9293,#7678,#7679);
#6429=AXIS2_PLACEMENT_3D('',#9294,#7680,#7681);
#6430=AXIS2_PLACEMENT_3D('',#9297,#7683,#7684);
#6431=AXIS2_PLACEMENT_3D('',#9298,#7685,#7686);
#6432=AXIS2_PLACEMENT_3D('',#9300,#7688,#7689);
#6433=AXIS2_PLACEMENT_3D('',#9301,#7690,#7691);
#6434=AXIS2_PLACEMENT_3D('',#9305,#7693,#7694);
#6435=AXIS2_PLACEMENT_3D('',#9306,#7695,#7696);
#6436=AXIS2_PLACEMENT_3D('',#9309,#7698,#7699);
#6437=AXIS2_PLACEMENT_3D('',#9310,#7700,#7701);
#6438=AXIS2_PLACEMENT_3D('',#9313,#7703,#7704);
#6439=AXIS2_PLACEMENT_3D('',#9314,#7705,#7706);
#6440=AXIS2_PLACEMENT_3D('',#9316,#7708,#7709);
#6441=AXIS2_PLACEMENT_3D('',#9323,#7710,#7711);
#6442=AXIS2_PLACEMENT_3D('',#9335,#7712,#7713);
#6443=AXIS2_PLACEMENT_3D('',#9342,#7714,#7715);
#6444=AXIS2_PLACEMENT_3D('',#9351,#7716,#7717);
#6445=AXIS2_PLACEMENT_3D('',#9372,#7718,#7719);
#6446=AXIS2_PLACEMENT_3D('',#9378,#7720,#7721);
#6447=AXIS2_PLACEMENT_3D('',#9386,#7722,#7723);
#6448=AXIS2_PLACEMENT_3D('',#9402,#7724,#7725);
#6449=AXIS2_PLACEMENT_3D('',#9403,#7726,#7727);
#6450=AXIS2_PLACEMENT_3D('',#9413,#7728,#7729);
#6451=AXIS2_PLACEMENT_3D('',#9414,#7730,#7731);
#6452=AXIS2_PLACEMENT_3D('',#9424,#7732,#7733);
#6453=AXIS2_PLACEMENT_3D('',#9431,#7734,#7735);
#6454=AXIS2_PLACEMENT_3D('',#9432,#7736,#7737);
#6455=AXIS2_PLACEMENT_3D('',#9442,#7738,#7739);
#6456=AXIS2_PLACEMENT_3D('',#9454,#7740,#7741);
#6457=AXIS2_PLACEMENT_3D('',#9455,#7742,#7743);
#6458=AXIS2_PLACEMENT_3D('',#9476,#7744,#7745);
#6459=AXIS2_PLACEMENT_3D('',#9477,#7746,#7747);
#6460=AXIS2_PLACEMENT_3D('',#9484,#7748,#7749);
#6461=AXIS2_PLACEMENT_3D('',#9506,#7750,#7751);
#6462=AXIS2_PLACEMENT_3D('',#9513,#7752,#7753);
#6463=AXIS2_PLACEMENT_3D('',#9525,#7754,#7755);
#6464=AXIS2_PLACEMENT_3D('',#9533,#7756,#7757);
#6465=AXIS2_PLACEMENT_3D('',#9534,#7758,#7759);
#6466=AXIS2_PLACEMENT_3D('',#9536,#7760,#7761);
#6467=AXIS2_PLACEMENT_3D('',#9537,#7762,#7763);
#6468=AXIS2_PLACEMENT_3D('',#9539,#7764,#7765);
#6469=AXIS2_PLACEMENT_3D('',#9546,#7766,#7767);
#6470=AXIS2_PLACEMENT_3D('',#9558,#7768,#7769);
#6471=AXIS2_PLACEMENT_3D('',#9564,#7770,#7771);
#6472=AXIS2_PLACEMENT_3D('',#9565,#7772,#7773);
#6473=AXIS2_PLACEMENT_3D('',#9567,#7774,#7775);
#6474=AXIS2_PLACEMENT_3D('',#9568,#7776,#7777);
#6475=AXIS2_PLACEMENT_3D('',#9570,#7778,#7779);
#6476=AXIS2_PLACEMENT_3D('',#9571,#7780,#7781);
#6477=AXIS2_PLACEMENT_3D('',#9573,#7782,#7783);
#6478=AXIS2_PLACEMENT_3D('',#9574,#7784,#7785);
#6479=AXIS2_PLACEMENT_3D('',#9576,#7786,#7787);
#6480=AXIS2_PLACEMENT_3D('',#9577,#7788,#7789);
#6481=AXIS2_PLACEMENT_3D('',#9579,#7790,#7791);
#6482=AXIS2_PLACEMENT_3D('',#9580,#7792,#7793);
#6483=AXIS2_PLACEMENT_3D('',#9582,#7794,#7795);
#6484=AXIS2_PLACEMENT_3D('',#9583,#7796,#7797);
#6485=AXIS2_PLACEMENT_3D('',#9585,#7798,#7799);
#6486=AXIS2_PLACEMENT_3D('',#9586,#7800,#7801);
#6487=AXIS2_PLACEMENT_3D('',#9588,#7802,#7803);
#6488=AXIS2_PLACEMENT_3D('',#9597,#7808,#7809);
#6489=AXIS2_PLACEMENT_3D('',#9603,#7813,#7814);
#6490=AXIS2_PLACEMENT_3D('',#9609,#7818,#7819);
#6491=AXIS2_PLACEMENT_3D('',#9612,#7822,#7823);
#6492=AXIS2_PLACEMENT_3D('',#9621,#7828,#7829);
#6493=AXIS2_PLACEMENT_3D('',#9627,#7833,#7834);
#6494=AXIS2_PLACEMENT_3D('',#9633,#7838,#7839);
#6495=AXIS2_PLACEMENT_3D('',#9636,#7842,#7843);
#6496=AXIS2_PLACEMENT_3D('',#9645,#7848,#7849);
#6497=AXIS2_PLACEMENT_3D('',#9651,#7853,#7854);
#6498=AXIS2_PLACEMENT_3D('',#9657,#7858,#7859);
#6499=AXIS2_PLACEMENT_3D('',#9660,#7862,#7863);
#6500=AXIS2_PLACEMENT_3D('',#9667,#7868,#7869);
#6501=AXIS2_PLACEMENT_3D('',#9673,#7873,#7874);
#6502=AXIS2_PLACEMENT_3D('',#9679,#7878,#7879);
#6503=AXIS2_PLACEMENT_3D('',#9683,#7883,#7884);
#6504=AXIS2_PLACEMENT_3D('',#9692,#7889,#7890);
#6505=AXIS2_PLACEMENT_3D('',#9699,#7895,#7896);
#6506=AXIS2_PLACEMENT_3D('',#9705,#7900,#7901);
#6507=AXIS2_PLACEMENT_3D('',#9708,#7904,#7905);
#6508=AXIS2_PLACEMENT_3D('',#9717,#7910,#7911);
#6509=AXIS2_PLACEMENT_3D('',#9723,#7915,#7916);
#6510=AXIS2_PLACEMENT_3D('',#9729,#7920,#7921);
#6511=AXIS2_PLACEMENT_3D('',#9735,#7925,#7926);
#6512=AXIS2_PLACEMENT_3D('',#9741,#7930,#7931);
#6513=AXIS2_PLACEMENT_3D('',#9747,#7935,#7936);
#6514=AXIS2_PLACEMENT_3D('',#9753,#7940,#7941);
#6515=AXIS2_PLACEMENT_3D('',#9759,#7945,#7946);
#6516=AXIS2_PLACEMENT_3D('',#9765,#7950,#7951);
#6517=AXIS2_PLACEMENT_3D('',#9771,#7955,#7956);
#6518=AXIS2_PLACEMENT_3D('',#9777,#7960,#7961);
#6519=AXIS2_PLACEMENT_3D('',#9780,#7964,#7965);
#6520=AXIS2_PLACEMENT_3D('',#9790,#7971,#7972);
#6521=AXIS2_PLACEMENT_3D('',#9796,#7976,#7977);
#6522=AXIS2_PLACEMENT_3D('',#9802,#7981,#7982);
#6523=AXIS2_PLACEMENT_3D('',#9805,#7985,#7986);
#6524=AXIS2_PLACEMENT_3D('',#9814,#7991,#7992);
#6525=AXIS2_PLACEMENT_3D('',#9821,#7997,#7998);
#6526=AXIS2_PLACEMENT_3D('',#9828,#8003,#8004);
#6527=AXIS2_PLACEMENT_3D('',#9832,#8008,#8009);
#6528=AXIS2_PLACEMENT_3D('',#9840,#8014,#8015);
#6529=AXIS2_PLACEMENT_3D('',#9846,#8019,#8020);
#6530=AXIS2_PLACEMENT_3D('',#9852,#8024,#8025);
#6531=AXIS2_PLACEMENT_3D('',#9855,#8028,#8029);
#6532=AXIS2_PLACEMENT_3D('',#9863,#8034,#8035);
#6533=AXIS2_PLACEMENT_3D('',#9868,#8039,#8040);
#6534=AXIS2_PLACEMENT_3D('',#9874,#8044,#8045);
#6535=AXIS2_PLACEMENT_3D('',#9878,#8049,#8050);
#6536=AXIS2_PLACEMENT_3D('',#9886,#8055,#8056);
#6537=AXIS2_PLACEMENT_3D('',#9892,#8060,#8061);
#6538=AXIS2_PLACEMENT_3D('',#9898,#8065,#8066);
#6539=AXIS2_PLACEMENT_3D('',#9901,#8069,#8070);
#6540=AXIS2_PLACEMENT_3D('',#9909,#8075,#8076);
#6541=AXIS2_PLACEMENT_3D('',#9915,#8080,#8081);
#6542=AXIS2_PLACEMENT_3D('',#9921,#8085,#8086);
#6543=AXIS2_PLACEMENT_3D('',#9924,#8089,#8090);
#6544=AXIS2_PLACEMENT_3D('',#9932,#8095,#8096);
#6545=AXIS2_PLACEMENT_3D('',#9938,#8100,#8101);
#6546=AXIS2_PLACEMENT_3D('',#9944,#8105,#8106);
#6547=AXIS2_PLACEMENT_3D('',#9947,#8109,#8110);
#6548=AXIS2_PLACEMENT_3D('',#9956,#8115,#8116);
#6549=AXIS2_PLACEMENT_3D('',#9962,#8120,#8121);
#6550=AXIS2_PLACEMENT_3D('',#9968,#8125,#8126);
#6551=AXIS2_PLACEMENT_3D('',#9971,#8129,#8130);
#6552=AXIS2_PLACEMENT_3D('',#9972,#8131,#8132);
#6553=AXIS2_PLACEMENT_3D('',#9974,#8133,#8134);
#6554=AXIS2_PLACEMENT_3D('',#9975,#8135,#8136);
#6555=AXIS2_PLACEMENT_3D('',#9977,#8137,#8138);
#6556=AXIS2_PLACEMENT_3D('',#9986,#8143,#8144);
#6557=AXIS2_PLACEMENT_3D('',#9992,#8148,#8149);
#6558=AXIS2_PLACEMENT_3D('',#9997,#8153,#8154);
#6559=AXIS2_PLACEMENT_3D('',#10000,#8157,#8158);
#6560=AXIS2_PLACEMENT_3D('',#10009,#8163,#8164);
#6561=AXIS2_PLACEMENT_3D('',#10015,#8168,#8169);
#6562=AXIS2_PLACEMENT_3D('',#10021,#8173,#8174);
#6563=AXIS2_PLACEMENT_3D('',#10027,#8178,#8179);
#6564=AXIS2_PLACEMENT_3D('',#10033,#8183,#8184);
#6565=AXIS2_PLACEMENT_3D('',#10039,#8188,#8189);
#6566=AXIS2_PLACEMENT_3D('',#10045,#8193,#8194);
#6567=AXIS2_PLACEMENT_3D('',#10049,#8198,#8199);
#6568=AXIS2_PLACEMENT_3D('',#10058,#8204,#8205);
#6569=AXIS2_PLACEMENT_3D('',#10064,#8209,#8210);
#6570=AXIS2_PLACEMENT_3D('',#10070,#8214,#8215);
#6571=AXIS2_PLACEMENT_3D('',#10073,#8218,#8219);
#6572=AXIS2_PLACEMENT_3D('',#10078,#8222,#8223);
#6573=AXIS2_PLACEMENT_3D('',#10079,#8224,#8225);
#6574=AXIS2_PLACEMENT_3D('',#10083,#8228,#8229);
#6575=AXIS2_PLACEMENT_3D('',#10086,#8231,#8232);
#6576=AXIS2_PLACEMENT_3D('',#10087,#8233,#8234);
#6577=AXIS2_PLACEMENT_3D('',#10091,#8237,#8238);
#6578=AXIS2_PLACEMENT_3D('',#10094,#8240,#8241);
#6579=AXIS2_PLACEMENT_3D('',#10095,#8242,#8243);
#6580=AXIS2_PLACEMENT_3D('',#10099,#8246,#8247);
#6581=AXIS2_PLACEMENT_3D('',#10102,#8249,#8250);
#6582=AXIS2_PLACEMENT_3D('',#10103,#8251,#8252);
#6583=AXIS2_PLACEMENT_3D('',#10105,#8254,#8255);
#6584=AXIS2_PLACEMENT_3D('',#10106,#8256,#8257);
#6585=AXIS2_PLACEMENT_3D('',#10111,#8259,#8260);
#6586=AXIS2_PLACEMENT_3D('',#10114,#8262,#8263);
#6587=AXIS2_PLACEMENT_3D('',#10120,#8267,#8268);
#6588=AXIS2_PLACEMENT_3D('',#10121,#8269,#8270);
#6589=AXIS2_PLACEMENT_3D('',#10123,#8271,#8272);
#6590=AXIS2_PLACEMENT_3D('',#10126,#8274,#8275);
#6591=AXIS2_PLACEMENT_3D('',#10127,#8276,#8277);
#6592=AXIS2_PLACEMENT_3D('',#10132,#8279,#8280);
#6593=AXIS2_PLACEMENT_3D('',#10135,#8282,#8283);
#6594=AXIS2_PLACEMENT_3D('',#10141,#8287,#8288);
#6595=AXIS2_PLACEMENT_3D('',#10142,#8289,#8290);
#6596=AXIS2_PLACEMENT_3D('',#10146,#8292,#8293);
#6597=AXIS2_PLACEMENT_3D('',#10147,#8294,#8295);
#6598=AXIS2_PLACEMENT_3D('',#10153,#8299,#8300);
#6599=AXIS2_PLACEMENT_3D('',#10164,#8307,#8308);
#6600=AXIS2_PLACEMENT_3D('',#10168,#8311,#8312);
#6601=AXIS2_PLACEMENT_3D('',#10172,#8315,#8316);
#6602=AXIS2_PLACEMENT_3D('',#10174,#8318,#8319);
#6603=AXIS2_PLACEMENT_3D('',#10176,#8321,#8322);
#6604=AXIS2_PLACEMENT_3D('',#10178,#8324,#8325);
#6605=DIRECTION('',(0.,0.,1.));
#6606=DIRECTION('',(1.,0.,0.));
#6607=DIRECTION('',(0.,0.,1.));
#6608=DIRECTION('',(1.,0.,0.));
#6609=DIRECTION('',(0.,0.,-1.));
#6610=DIRECTION('',(-1.,0.,0.));
#6611=DIRECTION('',(0.,0.,1.));
#6612=DIRECTION('',(1.,0.,0.));
#6613=DIRECTION('',(0.,0.,-1.));
#6614=DIRECTION('',(-1.,0.,0.));
#6615=DIRECTION('',(0.,0.,1.));
#6616=DIRECTION('',(1.,0.,0.));
#6617=DIRECTION('',(0.,0.,-1.));
#6618=DIRECTION('',(-1.,0.,0.));
#6619=DIRECTION('',(0.,0.,1.));
#6620=DIRECTION('',(1.,0.,0.));
#6621=DIRECTION('',(0.,0.,-1.));
#6622=DIRECTION('',(-1.,0.,0.));
#6623=DIRECTION('',(0.,0.,1.));
#6624=DIRECTION('',(1.,0.,0.));
#6625=DIRECTION('',(0.,0.,-1.));
#6626=DIRECTION('',(-1.,0.,0.));
#6627=DIRECTION('',(0.,0.,1.));
#6628=DIRECTION('',(1.,0.,0.));
#6629=DIRECTION('',(0.,0.,-1.));
#6630=DIRECTION('',(-1.,0.,0.));
#6631=DIRECTION('',(0.,0.,1.));
#6632=DIRECTION('',(1.,0.,0.));
#6633=DIRECTION('',(0.,0.,-1.));
#6634=DIRECTION('',(-1.,0.,0.));
#6635=DIRECTION('',(0.,0.,1.));
#6636=DIRECTION('',(1.,0.,0.));
#6637=DIRECTION('',(0.,0.,-1.));
#6638=DIRECTION('',(-1.,0.,0.));
#6639=DIRECTION('',(0.,0.,1.));
#6640=DIRECTION('',(1.,0.,0.));
#6641=DIRECTION('',(0.,0.,-1.));
#6642=DIRECTION('',(-1.,0.,0.));
#6643=DIRECTION('',(0.,0.,1.));
#6644=DIRECTION('',(1.,0.,0.));
#6645=DIRECTION('',(0.,0.,-1.));
#6646=DIRECTION('',(-1.,0.,0.));
#6647=DIRECTION('',(0.,0.,1.));
#6648=DIRECTION('',(1.,0.,0.));
#6649=DIRECTION('',(0.,0.,-1.));
#6650=DIRECTION('',(-1.,0.,0.));
#6651=DIRECTION('',(0.,0.,1.));
#6652=DIRECTION('',(1.,0.,0.));
#6653=DIRECTION('',(0.,0.,-1.));
#6654=DIRECTION('',(-1.,0.,0.));
#6655=DIRECTION('',(0.,0.,1.));
#6656=DIRECTION('',(1.,0.,0.));
#6657=DIRECTION('',(0.,0.,-1.));
#6658=DIRECTION('',(-1.,0.,0.));
#6659=DIRECTION('',(0.,0.,1.));
#6660=DIRECTION('',(1.,0.,0.));
#6661=DIRECTION('',(0.,0.,-1.));
#6662=DIRECTION('',(-1.,0.,0.));
#6663=DIRECTION('',(0.,0.,1.));
#6664=DIRECTION('',(1.,0.,0.));
#6665=DIRECTION('',(0.,0.,-1.));
#6666=DIRECTION('',(-1.,0.,0.));
#6667=DIRECTION('',(0.,0.,1.));
#6668=DIRECTION('',(1.,0.,0.));
#6669=DIRECTION('',(0.,0.,-1.));
#6670=DIRECTION('',(-1.,0.,0.));
#6671=DIRECTION('',(0.,0.,1.));
#6672=DIRECTION('',(1.,0.,0.));
#6673=DIRECTION('',(0.,0.,-1.));
#6674=DIRECTION('',(-1.,0.,0.));
#6675=DIRECTION('',(0.,0.,1.));
#6676=DIRECTION('',(1.,0.,0.));
#6677=DIRECTION('',(0.,0.,-1.));
#6678=DIRECTION('',(-1.,0.,0.));
#6679=DIRECTION('',(0.,0.,1.));
#6680=DIRECTION('',(1.,0.,0.));
#6681=DIRECTION('',(0.,0.,-1.));
#6682=DIRECTION('',(-1.,0.,0.));
#6683=DIRECTION('',(0.,0.,1.));
#6684=DIRECTION('',(1.,0.,0.));
#6685=DIRECTION('',(0.,0.,-1.));
#6686=DIRECTION('',(-1.,0.,0.));
#6687=DIRECTION('',(0.,0.,1.));
#6688=DIRECTION('',(1.,0.,0.));
#6689=DIRECTION('',(0.,0.,-1.));
#6690=DIRECTION('',(-1.,0.,0.));
#6691=DIRECTION('',(0.,0.,1.));
#6692=DIRECTION('',(1.,0.,0.));
#6693=DIRECTION('',(0.,0.,-1.));
#6694=DIRECTION('',(-1.,0.,0.));
#6695=DIRECTION('',(0.,0.,1.));
#6696=DIRECTION('',(1.,0.,0.));
#6697=DIRECTION('',(0.,0.,-1.));
#6698=DIRECTION('',(-1.,0.,0.));
#6699=DIRECTION('',(0.,0.,1.));
#6700=DIRECTION('',(1.,0.,0.));
#6701=DIRECTION('',(0.,0.,-1.));
#6702=DIRECTION('',(-1.,0.,0.));
#6703=DIRECTION('',(0.,0.,1.));
#6704=DIRECTION('',(1.,0.,0.));
#6705=DIRECTION('',(0.,0.,-1.));
#6706=DIRECTION('',(-1.,0.,0.));
#6707=DIRECTION('',(0.,0.,1.));
#6708=DIRECTION('',(1.,0.,0.));
#6709=DIRECTION('',(0.,0.,-1.));
#6710=DIRECTION('',(-1.,0.,0.));
#6711=DIRECTION('',(0.,0.,1.));
#6712=DIRECTION('',(1.,0.,0.));
#6713=DIRECTION('',(0.,0.,-1.));
#6714=DIRECTION('',(-1.,0.,0.));
#6715=DIRECTION('',(0.,0.,1.));
#6716=DIRECTION('',(1.,0.,0.));
#6717=DIRECTION('',(0.,0.,-1.));
#6718=DIRECTION('',(-1.,0.,0.));
#6719=DIRECTION('',(0.,0.,1.));
#6720=DIRECTION('',(1.,0.,0.));
#6721=DIRECTION('',(0.,0.,-1.));
#6722=DIRECTION('',(-1.,0.,0.));
#6723=DIRECTION('',(0.,0.,1.));
#6724=DIRECTION('',(1.,0.,0.));
#6725=DIRECTION('',(0.,0.,-1.));
#6726=DIRECTION('',(-1.,0.,0.));
#6727=DIRECTION('',(0.,0.,1.));
#6728=DIRECTION('',(1.,0.,0.));
#6729=DIRECTION('',(0.,0.,-1.));
#6730=DIRECTION('',(-1.,0.,0.));
#6731=DIRECTION('',(0.,0.,1.));
#6732=DIRECTION('',(1.,0.,0.));
#6733=DIRECTION('',(0.,0.,-1.));
#6734=DIRECTION('',(-1.,0.,0.));
#6735=DIRECTION('',(0.,0.,1.));
#6736=DIRECTION('',(1.,0.,0.));
#6737=DIRECTION('',(0.,0.,-1.));
#6738=DIRECTION('',(-1.,0.,0.));
#6739=DIRECTION('',(0.,0.,1.));
#6740=DIRECTION('',(1.,0.,0.));
#6741=DIRECTION('',(0.,0.,-1.));
#6742=DIRECTION('',(-1.,0.,0.));
#6743=DIRECTION('',(0.,0.,1.));
#6744=DIRECTION('',(1.,0.,0.));
#6745=DIRECTION('',(0.,0.,-1.));
#6746=DIRECTION('',(-1.,0.,0.));
#6747=DIRECTION('',(0.,0.,1.));
#6748=DIRECTION('',(1.,0.,0.));
#6749=DIRECTION('',(0.,0.,-1.));
#6750=DIRECTION('',(-1.,0.,0.));
#6751=DIRECTION('',(0.,0.,-1.));
#6752=DIRECTION('',(-1.,0.,0.));
#6753=DIRECTION('',(0.,0.,-1.));
#6754=DIRECTION('',(-1.,0.,0.));
#6755=DIRECTION('',(0.,0.,-1.));
#6756=DIRECTION('',(-1.,0.,0.));
#6757=DIRECTION('',(0.,0.,-1.));
#6758=DIRECTION('',(-1.,0.,0.));
#6759=DIRECTION('',(0.,0.,-1.));
#6760=DIRECTION('',(-1.,0.,0.));
#6761=DIRECTION('',(0.,0.,-1.));
#6762=DIRECTION('',(-1.,0.,0.));
#6763=DIRECTION('',(0.,0.,-1.));
#6764=DIRECTION('',(-1.,0.,0.));
#6765=DIRECTION('',(0.,0.,-1.));
#6766=DIRECTION('',(-1.,0.,0.));
#6767=DIRECTION('',(0.,0.,-1.));
#6768=DIRECTION('',(-1.,0.,0.));
#6769=DIRECTION('',(0.,0.,-1.));
#6770=DIRECTION('',(-1.,0.,0.));
#6771=DIRECTION('',(0.,0.,-1.));
#6772=DIRECTION('',(-1.,0.,0.));
#6773=DIRECTION('',(0.,0.,-1.));
#6774=DIRECTION('',(-1.,0.,0.));
#6775=DIRECTION('',(0.,0.,-1.));
#6776=DIRECTION('',(-1.,0.,0.));
#6777=DIRECTION('',(0.,0.,-1.));
#6778=DIRECTION('',(-1.,0.,0.));
#6779=DIRECTION('',(0.,0.,-1.));
#6780=DIRECTION('',(-1.,0.,0.));
#6781=DIRECTION('',(0.,0.,-1.));
#6782=DIRECTION('',(-1.,0.,0.));
#6783=DIRECTION('',(0.,0.,-1.));
#6784=DIRECTION('',(-1.,0.,0.));
#6785=DIRECTION('',(0.,0.,-1.));
#6786=DIRECTION('',(-1.,0.,0.));
#6787=DIRECTION('',(0.,0.,-1.));
#6788=DIRECTION('',(-1.,0.,0.));
#6789=DIRECTION('',(0.,0.,-1.));
#6790=DIRECTION('',(-1.,0.,0.));
#6791=DIRECTION('',(0.,0.,-1.));
#6792=DIRECTION('',(-1.,0.,0.));
#6793=DIRECTION('',(0.,0.,-1.));
#6794=DIRECTION('',(-1.,0.,0.));
#6795=DIRECTION('',(0.,0.,-1.));
#6796=DIRECTION('',(-1.,0.,0.));
#6797=DIRECTION('',(0.,0.,-1.));
#6798=DIRECTION('',(-1.,0.,0.));
#6799=DIRECTION('',(0.,0.,-1.));
#6800=DIRECTION('',(-1.,0.,0.));
#6801=DIRECTION('',(0.,0.,-1.));
#6802=DIRECTION('',(-1.,0.,0.));
#6803=DIRECTION('',(0.,0.,-1.));
#6804=DIRECTION('',(-1.,0.,0.));
#6805=DIRECTION('',(0.,0.,-1.));
#6806=DIRECTION('',(-1.,0.,0.));
#6807=DIRECTION('',(0.,0.,-1.));
#6808=DIRECTION('',(-1.,0.,0.));
#6809=DIRECTION('',(0.,0.,-1.));
#6810=DIRECTION('',(-1.,0.,0.));
#6811=DIRECTION('',(0.,0.,-1.));
#6812=DIRECTION('',(-1.,0.,0.));
#6813=DIRECTION('',(0.,0.,-1.));
#6814=DIRECTION('',(-1.,0.,0.));
#6815=DIRECTION('',(0.,0.,-1.));
#6816=DIRECTION('',(-1.,0.,0.));
#6817=DIRECTION('',(0.,0.,-1.));
#6818=DIRECTION('',(-1.,0.,0.));
#6819=DIRECTION('',(0.,0.,-1.));
#6820=DIRECTION('',(-1.,0.,0.));
#6821=DIRECTION('',(0.,0.,-1.));
#6822=DIRECTION('',(-1.,0.,0.));
#6823=DIRECTION('',(0.,-0.0801442596674017,-0.99678327516184));
#6824=DIRECTION('',(1.,0.,0.));
#6825=DIRECTION('',(0.,-0.0801442596674017,-0.99678327516184));
#6826=DIRECTION('',(0.,0.99678327516184,-0.0801442596674017));
#6827=DIRECTION('',(0.,-0.0801442596674017,-0.99678327516184));
#6828=DIRECTION('',(1.,0.,0.));
#6829=DIRECTION('',(0.,-0.0801442596674017,-0.99678327516184));
#6830=DIRECTION('',(0.,0.99678327516184,-0.0801442596674017));
#6831=DIRECTION('',(0.,-0.0801442596674017,-0.99678327516184));
#6832=DIRECTION('',(1.,0.,0.));
#6833=DIRECTION('',(0.,-0.0801442596674017,-0.99678327516184));
#6834=DIRECTION('',(0.,0.99678327516184,-0.0801442596674017));
#6835=DIRECTION('',(0.,-0.0801442596674017,-0.99678327516184));
#6836=DIRECTION('',(1.,0.,0.));
#6837=DIRECTION('',(0.,-0.0801442596674017,-0.99678327516184));
#6838=DIRECTION('',(0.,0.99678327516184,-0.0801442596674017));
#6839=DIRECTION('',(0.,-0.0801442596674017,-0.99678327516184));
#6840=DIRECTION('',(1.,0.,0.));
#6841=DIRECTION('',(0.,-0.0801442596674017,-0.99678327516184));
#6842=DIRECTION('',(0.,0.99678327516184,-0.0801442596674017));
#6843=DIRECTION('',(0.,-0.0801442596674017,-0.99678327516184));
#6844=DIRECTION('',(1.,0.,0.));
#6845=DIRECTION('',(0.,-0.0801442596674017,-0.99678327516184));
#6846=DIRECTION('',(0.,0.99678327516184,-0.0801442596674017));
#6847=DIRECTION('',(0.,-0.0801442596674017,-0.99678327516184));
#6848=DIRECTION('',(1.,0.,0.));
#6849=DIRECTION('',(0.,-0.0801442596674017,-0.99678327516184));
#6850=DIRECTION('',(0.,0.99678327516184,-0.0801442596674017));
#6851=DIRECTION('',(0.,-0.0801442596674017,-0.99678327516184));
#6852=DIRECTION('',(1.,0.,0.));
#6853=DIRECTION('',(0.,-0.0801442596674017,-0.99678327516184));
#6854=DIRECTION('',(0.,0.99678327516184,-0.0801442596674017));
#6855=DIRECTION('',(0.,-0.0801442596674017,-0.99678327516184));
#6856=DIRECTION('',(1.,0.,0.));
#6857=DIRECTION('',(0.,-0.0801442596674017,-0.99678327516184));
#6858=DIRECTION('',(0.,0.99678327516184,-0.0801442596674017));
#6859=DIRECTION('',(0.,0.,-1.));
#6860=DIRECTION('',(1.,0.,0.));
#6861=DIRECTION('',(0.,0.,-1.));
#6862=DIRECTION('',(-1.,0.,0.));
#6863=DIRECTION('',(0.,0.,-1.));
#6864=DIRECTION('',(1.,0.,0.));
#6865=DIRECTION('',(0.,0.,-1.));
#6866=DIRECTION('',(-1.,0.,0.));
#6867=DIRECTION('',(0.,0.,-1.));
#6868=DIRECTION('',(1.,0.,0.));
#6869=DIRECTION('',(0.,0.,-1.));
#6870=DIRECTION('',(-1.,0.,0.));
#6871=DIRECTION('',(0.,0.,-1.));
#6872=DIRECTION('',(1.,0.,0.));
#6873=DIRECTION('',(0.,0.,-1.));
#6874=DIRECTION('',(-1.,0.,0.));
#6875=DIRECTION('',(0.,0.,-1.));
#6876=DIRECTION('',(1.,0.,0.));
#6877=DIRECTION('',(0.,0.,-1.));
#6878=DIRECTION('',(-1.,0.,0.));
#6879=DIRECTION('',(0.,0.,-1.));
#6880=DIRECTION('',(1.,0.,0.));
#6881=DIRECTION('',(0.,0.,-1.));
#6882=DIRECTION('',(-1.,0.,0.));
#6883=DIRECTION('',(0.,0.,-1.));
#6884=DIRECTION('',(1.,0.,0.));
#6885=DIRECTION('',(0.,0.,-1.));
#6886=DIRECTION('',(-1.,0.,0.));
#6887=DIRECTION('',(0.,0.,-1.));
#6888=DIRECTION('',(1.,0.,0.));
#6889=DIRECTION('',(0.,0.,-1.));
#6890=DIRECTION('',(-1.,0.,0.));
#6891=DIRECTION('',(0.,0.,-1.));
#6892=DIRECTION('',(1.,0.,0.));
#6893=DIRECTION('',(0.,0.,-1.));
#6894=DIRECTION('',(-1.,0.,0.));
#6895=DIRECTION('',(0.,0.,-1.));
#6896=DIRECTION('',(1.,0.,0.));
#6897=DIRECTION('',(0.,0.,-1.));
#6898=DIRECTION('',(-1.,0.,0.));
#6899=DIRECTION('',(0.,0.,-1.));
#6900=DIRECTION('',(1.,0.,0.));
#6901=DIRECTION('',(0.,0.,-1.));
#6902=DIRECTION('',(-1.,0.,0.));
#6903=DIRECTION('',(0.,0.,-1.));
#6904=DIRECTION('',(1.,0.,0.));
#6905=DIRECTION('',(0.,0.,-1.));
#6906=DIRECTION('',(-1.,0.,0.));
#6907=DIRECTION('',(0.,0.,-1.));
#6908=DIRECTION('',(1.,0.,0.));
#6909=DIRECTION('',(0.,0.,-1.));
#6910=DIRECTION('',(-1.,0.,0.));
#6911=DIRECTION('',(0.,0.,-1.));
#6912=DIRECTION('',(1.,0.,0.));
#6913=DIRECTION('',(0.,0.,-1.));
#6914=DIRECTION('',(-1.,0.,0.));
#6915=DIRECTION('',(0.,0.,-1.));
#6916=DIRECTION('',(1.,0.,0.));
#6917=DIRECTION('',(0.,0.,-1.));
#6918=DIRECTION('',(-1.,0.,0.));
#6919=DIRECTION('',(0.,0.,-1.));
#6920=DIRECTION('',(1.,0.,0.));
#6921=DIRECTION('',(0.,0.,-1.));
#6922=DIRECTION('',(-1.,0.,0.));
#6923=DIRECTION('',(0.,0.,-1.));
#6924=DIRECTION('',(1.,0.,0.));
#6925=DIRECTION('',(0.,0.,-1.));
#6926=DIRECTION('',(-1.,0.,0.));
#6927=DIRECTION('',(0.,0.,-1.));
#6928=DIRECTION('',(1.,0.,0.));
#6929=DIRECTION('',(0.,0.,-1.));
#6930=DIRECTION('',(-1.,0.,0.));
#6931=DIRECTION('',(0.,-0.0801442596674017,-0.99678327516184));
#6932=DIRECTION('',(0.,0.99678327516184,-0.0801442596674017));
#6933=DIRECTION('',(0.,-0.0801442596674017,-0.99678327516184));
#6934=DIRECTION('',(0.,0.99678327516184,-0.0801442596674017));
#6935=DIRECTION('',(0.,-0.0801442596674017,-0.99678327516184));
#6936=DIRECTION('',(0.,-0.0801442596674017,-0.99678327516184));
#6937=DIRECTION('',(0.,0.99678327516184,-0.0801442596674017));
#6938=DIRECTION('',(0.,-0.0801442596674017,-0.99678327516184));
#6939=DIRECTION('',(1.,0.,0.));
#6940=DIRECTION('',(0.,0.,-1.));
#6941=DIRECTION('',(0.,-0.99678327516184,0.0801442596674017));
#6942=DIRECTION('',(0.,-0.0801442596674017,-0.99678327516184));
#6943=DIRECTION('',(0.,-0.99678327516184,0.0801442596674017));
#6944=DIRECTION('',(0.,0.0801442596674017,0.99678327516184));
#6945=DIRECTION('',(0.,-0.99678327516184,0.0801442596674017));
#6946=DIRECTION('',(0.,-0.0801442596674017,-0.99678327516184));
#6947=DIRECTION('',(0.,0.99678327516184,-0.0801442596674017));
#6948=DIRECTION('',(0.,-0.0801442596674017,-0.99678327516184));
#6949=DIRECTION('',(0.,0.99678327516184,-0.0801442596674017));
#6950=DIRECTION('',(0.,-0.0801442596674017,-0.99678327516184));
#6951=DIRECTION('',(0.,-0.0801442596674017,-0.99678327516184));
#6952=DIRECTION('',(0.,0.99678327516184,-0.0801442596674017));
#6953=DIRECTION('',(0.,-0.0801442596674017,-0.99678327516184));
#6954=DIRECTION('',(0.,0.99678327516184,-0.0801442596674017));
#6955=DIRECTION('',(0.,-0.99678327516184,0.0801442596674017));
#6956=DIRECTION('',(0.,-0.0801442596674017,-0.99678327516184));
#6957=DIRECTION('',(-0.104532155083817,-0.0797051899287385,-0.991322405301099));
#6958=DIRECTION('',(0.743156706654211,0.053625919514294,0.666965044144829));
#6959=DIRECTION('',(-1.,0.,0.));
#6960=DIRECTION('',(-1.,0.,0.));
#6961=DIRECTION('',(0.,-0.0801442596674017,-0.99678327516184));
#6962=DIRECTION('',(1.,0.,0.));
#6963=DIRECTION('',(-0.00845068465049074,0.996747682350549,-0.0801413979023806));
#6964=DIRECTION('',(-1.,0.,0.));
#6965=DIRECTION('',(0.,-0.99678327516184,0.0801442596674017));
#6966=DIRECTION('',(0.,-0.0801442596674017,-0.99678327516184));
#6967=DIRECTION('',(-0.743156706654211,-0.053625919514294,-0.666965044144829));
#6968=DIRECTION('',(-0.104532155083817,-0.0797051899287385,-0.991322405301099));
#6969=DIRECTION('',(-1.,0.,0.));
#6970=DIRECTION('',(0.,-0.0801442596674017,-0.99678327516184));
#6971=DIRECTION('',(0.,0.99678327516184,-0.0801442596674017));
#6972=DIRECTION('',(0.,-0.0801442596674017,-0.99678327516184));
#6973=DIRECTION('',(0.,0.99678327516184,-0.0801442596674017));
#6974=DIRECTION('',(0.,-0.0801442596674017,-0.99678327516184));
#6975=DIRECTION('',(0.,-0.0801442596674017,-0.99678327516184));
#6976=DIRECTION('',(0.,0.99678327516184,-0.0801442596674017));
#6977=DIRECTION('',(0.,-0.0801442596674017,-0.99678327516184));
#6978=DIRECTION('',(1.,0.,0.));
#6979=DIRECTION('',(0.,0.,-1.));
#6980=DIRECTION('',(0.,-0.99678327516184,0.0801442596674017));
#6981=DIRECTION('',(0.,-0.0801442596674017,-0.99678327516184));
#6982=DIRECTION('',(0.,-0.99678327516184,0.0801442596674017));
#6983=DIRECTION('',(0.,0.0801442596674017,0.99678327516184));
#6984=DIRECTION('',(0.,-0.99678327516184,0.0801442596674017));
#6985=DIRECTION('',(0.,-0.0801442596674017,-0.99678327516184));
#6986=DIRECTION('',(0.,0.99678327516184,-0.0801442596674017));
#6987=DIRECTION('',(0.,-0.0801442596674017,-0.99678327516184));
#6988=DIRECTION('',(0.,0.99678327516184,-0.0801442596674017));
#6989=DIRECTION('',(0.,-0.0801442596674017,-0.99678327516184));
#6990=DIRECTION('',(0.,-0.0801442596674017,-0.99678327516184));
#6991=DIRECTION('',(0.,0.99678327516184,-0.0801442596674017));
#6992=DIRECTION('',(0.,-0.0801442596674017,-0.99678327516184));
#6993=DIRECTION('',(0.,0.99678327516184,-0.0801442596674017));
#6994=DIRECTION('',(0.,-0.99678327516184,0.0801442596674017));
#6995=DIRECTION('',(0.,-0.0801442596674017,-0.99678327516184));
#6996=DIRECTION('',(-0.104532155083817,-0.0797051899287385,-0.991322405301099));
#6997=DIRECTION('',(0.743156706654211,0.053625919514294,0.666965044144829));
#6998=DIRECTION('',(-1.,0.,0.));
#6999=DIRECTION('',(-1.,0.,0.));
#7000=DIRECTION('',(0.,-0.0801442596674017,-0.99678327516184));
#7001=DIRECTION('',(1.,0.,0.));
#7002=DIRECTION('',(-0.00845068465049074,0.996747682350549,-0.0801413979023806));
#7003=DIRECTION('',(-1.,0.,0.));
#7004=DIRECTION('',(0.,-0.99678327516184,0.0801442596674017));
#7005=DIRECTION('',(0.,-0.0801442596674017,-0.99678327516184));
#7006=DIRECTION('',(-0.743156706654211,-0.053625919514294,-0.666965044144829));
#7007=DIRECTION('',(-0.104532155083817,-0.0797051899287385,-0.991322405301099));
#7008=DIRECTION('',(-1.,0.,0.));
#7009=DIRECTION('',(0.,0.0801442596674017,0.99678327516184));
#7010=DIRECTION('',(0.,-0.99678327516184,0.0801442596674017));
#7011=DIRECTION('',(0.,-0.0801442596674017,-0.99678327516184));
#7012=DIRECTION('',(0.,0.99678327516184,-0.0801442596674017));
#7013=DIRECTION('',(0.,-0.0801442596674017,-0.99678327516184));
#7014=DIRECTION('',(0.,-0.0801442596674017,-0.99678327516184));
#7015=DIRECTION('',(0.,0.99678327516184,-0.0801442596674017));
#7016=DIRECTION('',(0.,-0.0801442596674017,-0.99678327516184));
#7017=DIRECTION('',(0.,-0.0801442596674017,-0.99678327516184));
#7018=DIRECTION('',(0.,0.99678327516184,-0.0801442596674017));
#7019=DIRECTION('',(0.,-0.0801442596674017,-0.99678327516184));
#7020=DIRECTION('',(0.,0.99678327516184,-0.0801442596674017));
#7021=DIRECTION('',(0.,-0.0801442596674017,-0.99678327516184));
#7022=DIRECTION('',(0.,-0.0801442596674017,-0.99678327516184));
#7023=DIRECTION('',(0.,0.99678327516184,-0.0801442596674017));
#7024=DIRECTION('',(0.,-0.0801442596674017,-0.99678327516184));
#7025=DIRECTION('',(1.,0.,0.));
#7026=DIRECTION('',(0.,0.,-1.));
#7027=DIRECTION('',(0.,-0.99678327516184,0.0801442596674017));
#7028=DIRECTION('',(0.,-0.99678327516184,0.0801442596674017));
#7029=DIRECTION('',(0.,-0.0801442596674017,-0.99678327516184));
#7030=DIRECTION('',(0.,0.99678327516184,-0.0801442596674017));
#7031=DIRECTION('',(0.,-0.0801442596674017,-0.99678327516184));
#7032=DIRECTION('',(0.,0.99678327516184,-0.0801442596674017));
#7033=DIRECTION('',(0.,-0.99678327516184,0.0801442596674017));
#7034=DIRECTION('',(0.,-0.0801442596674017,-0.99678327516184));
#7035=DIRECTION('',(-1.,0.,0.));
#7036=DIRECTION('',(-0.104532155083817,-0.0797051899287385,-0.991322405301099));
#7037=DIRECTION('',(0.743156706654211,0.053625919514294,0.666965044144829));
#7038=DIRECTION('',(-1.,0.,0.));
#7039=DIRECTION('',(0.,-0.0801442596674017,-0.99678327516184));
#7040=DIRECTION('',(1.,0.,0.));
#7041=DIRECTION('',(-0.00845068465049074,0.996747682350549,-0.0801413979023806));
#7042=DIRECTION('',(-1.,0.,0.));
#7043=DIRECTION('',(0.,-0.99678327516184,0.0801442596674017));
#7044=DIRECTION('',(0.,-0.0801442596674017,-0.99678327516184));
#7045=DIRECTION('',(-0.743156706654211,-0.053625919514294,-0.666965044144829));
#7046=DIRECTION('',(-0.104532155083817,-0.0797051899287385,-0.991322405301099));
#7047=DIRECTION('',(-1.,0.,0.));
#7048=DIRECTION('',(0.,0.0801442596674017,0.99678327516184));
#7049=DIRECTION('',(0.,-0.99678327516184,0.0801442596674017));
#7050=DIRECTION('',(0.,-0.0801442596674017,-0.99678327516184));
#7051=DIRECTION('',(0.,0.99678327516184,-0.0801442596674017));
#7052=DIRECTION('',(0.,-0.0801442596674017,-0.99678327516184));
#7053=DIRECTION('',(0.,-0.0801442596674017,-0.99678327516184));
#7054=DIRECTION('',(0.,0.99678327516184,-0.0801442596674017));
#7055=DIRECTION('',(0.,-0.0801442596674017,-0.99678327516184));
#7056=DIRECTION('',(0.,-0.99678327516184,0.0801442596674017));
#7057=DIRECTION('',(0.,-0.0801442596674017,-0.99678327516184));
#7058=DIRECTION('',(-1.,0.,0.));
#7059=DIRECTION('',(0.,-0.0801442596674017,-0.99678327516184));
#7060=DIRECTION('',(-1.,0.,0.));
#7061=DIRECTION('',(0.,-0.0801442596674017,-0.99678327516184));
#7062=DIRECTION('',(0.,0.99678327516184,-0.0801442596674017));
#7063=DIRECTION('',(0.,-0.0801442596674017,-0.99678327516184));
#7064=DIRECTION('',(0.,0.99678327516184,-0.0801442596674017));
#7065=DIRECTION('',(0.,-0.0801442596674017,-0.99678327516184));
#7066=DIRECTION('',(0.,0.99678327516184,-0.0801442596674017));
#7067=DIRECTION('',(0.,-0.0801442596674017,-0.99678327516184));
#7068=DIRECTION('',(0.,-0.0801442596674017,-0.99678327516184));
#7069=DIRECTION('',(0.,0.99678327516184,-0.0801442596674017));
#7070=DIRECTION('',(0.,-0.0801442596674017,-0.99678327516184));
#7071=DIRECTION('',(0.,0.99678327516184,-0.0801442596674017));
#7072=DIRECTION('',(1.,0.,0.));
#7073=DIRECTION('',(0.,0.,-1.));
#7074=DIRECTION('',(0.,-0.99678327516184,0.0801442596674017));
#7075=DIRECTION('',(0.,-0.183897444990877,-0.982945435782591));
#7076=DIRECTION('',(0.,0.794381310126362,0.607419405453863));
#7077=DIRECTION('',(0.,-0.99678327516184,0.0801442596674017));
#7078=DIRECTION('',(0.,-0.0801442596674017,-0.99678327516184));
#7079=DIRECTION('',(1.,0.,0.));
#7080=DIRECTION('',(-1.,0.,0.));
#7081=DIRECTION('',(0.,-0.99678327516184,0.0801442596674017));
#7082=DIRECTION('',(1.,0.,0.));
#7083=DIRECTION('',(0.,0.,-1.));
#7084=DIRECTION('',(0.,-0.99678327516184,0.0801442596674017));
#7085=DIRECTION('',(0.,-0.794381310126362,-0.607419405453863));
#7086=DIRECTION('',(0.,-0.183897444990877,-0.982945435782591));
#7087=DIRECTION('',(0.,-0.0801442596674017,-0.99678327516184));
#7088=DIRECTION('',(0.,0.99678327516184,-0.0801442596674017));
#7089=DIRECTION('',(0.,-0.0801442596674017,-0.99678327516184));
#7090=DIRECTION('',(0.,0.99678327516184,-0.0801442596674017));
#7091=DIRECTION('',(0.,-0.0801442596674017,-0.99678327516184));
#7092=DIRECTION('',(0.,-0.0801442596674017,-0.99678327516184));
#7093=DIRECTION('',(0.,0.99678327516184,-0.0801442596674017));
#7094=DIRECTION('',(0.,-0.0801442596674017,-0.99678327516184));
#7095=DIRECTION('',(0.,0.0801442596674017,0.99678327516184));
#7096=DIRECTION('',(0.,-0.99678327516184,0.0801442596674017));
#7097=DIRECTION('',(0.,-0.0801442596674017,-0.99678327516184));
#7098=DIRECTION('',(0.,0.99678327516184,-0.0801442596674017));
#7099=DIRECTION('',(0.,-0.0801442596674017,-0.99678327516184));
#7100=DIRECTION('',(0.,-0.0801442596674017,-0.99678327516184));
#7101=DIRECTION('',(0.,0.99678327516184,-0.0801442596674017));
#7102=DIRECTION('',(0.,-0.0801442596674017,-0.99678327516184));
#7103=DIRECTION('',(0.,-0.99678327516184,0.0801442596674017));
#7104=DIRECTION('',(0.,-0.0801442596674017,-0.99678327516184));
#7105=DIRECTION('',(-1.,0.,0.));
#7106=DIRECTION('',(-1.,0.,0.));
#7107=DIRECTION('',(0.,-0.0801442596674017,-0.99678327516184));
#7108=DIRECTION('',(0.,0.99678327516184,-0.0801442596674017));
#7109=DIRECTION('',(0.,-0.0801442596674017,-0.99678327516184));
#7110=DIRECTION('',(0.,0.99678327516184,-0.0801442596674017));
#7111=DIRECTION('',(1.,0.,0.));
#7112=DIRECTION('',(0.,0.,-1.));
#7113=DIRECTION('',(0.,-0.183897444990877,-0.982945435782591));
#7114=DIRECTION('',(0.,0.794381310126362,0.607419405453863));
#7115=DIRECTION('',(0.,-0.99678327516184,0.0801442596674017));
#7116=DIRECTION('',(0.,-0.99678327516184,0.0801442596674017));
#7117=DIRECTION('',(0.,-0.0801442596674017,-0.99678327516184));
#7118=DIRECTION('',(1.,0.,0.));
#7119=DIRECTION('',(-1.,0.,0.));
#7120=DIRECTION('',(0.,-0.99678327516184,0.0801442596674017));
#7121=DIRECTION('',(1.,0.,0.));
#7122=DIRECTION('',(0.,0.,-1.));
#7123=DIRECTION('',(0.,-0.794381310126362,-0.607419405453863));
#7124=DIRECTION('',(0.,-0.183897444990877,-0.982945435782591));
#7125=DIRECTION('',(0.,-0.99678327516184,0.0801442596674017));
#7126=DIRECTION('',(0.,0.982945435782591,-0.183897444990877));
#7127=DIRECTION('',(0.,-0.183897444990877,-0.982945435782591));
#7128=DIRECTION('',(1.,0.,0.));
#7129=DIRECTION('',(0.,0.183897444990877,0.982945435782591));
#7130=DIRECTION('',(0.,0.982945435782591,-0.183897444990877));
#7131=DIRECTION('',(0.,0.183897444990877,0.982945435782591));
#7132=DIRECTION('',(0.,-0.982945435782591,0.183897444990877));
#7133=DIRECTION('',(0.,-0.183897444990877,-0.982945435782591));
#7134=DIRECTION('',(0.,0.982945435782591,-0.183897444990877));
#7135=DIRECTION('',(0.,0.982945435782591,-0.183897444990877));
#7136=DIRECTION('',(0.,0.183897444990877,0.982945435782591));
#7137=DIRECTION('',(0.,0.982945435782591,-0.183897444990877));
#7138=DIRECTION('',(0.,0.982945435782591,-0.183897444990877));
#7139=DIRECTION('',(0.,0.183897444990877,0.982945435782591));
#7140=DIRECTION('',(0.,0.982945435782591,-0.183897444990877));
#7141=DIRECTION('',(0.,0.183897444990877,0.982945435782591));
#7142=DIRECTION('',(0.,0.982945435782591,-0.183897444990877));
#7143=DIRECTION('',(0.,0.982945435782591,-0.183897444990877));
#7144=DIRECTION('',(0.,0.183897444990877,0.982945435782591));
#7145=DIRECTION('',(0.,0.982945435782591,-0.183897444990877));
#7146=DIRECTION('',(0.,0.982945435782591,-0.183897444990877));
#7147=DIRECTION('',(0.,-0.183897444990877,-0.982945435782591));
#7148=DIRECTION('',(0.,0.183897444990877,0.982945435782591));
#7149=DIRECTION('',(1.,0.,0.));
#7150=DIRECTION('',(0.,0.183897444990877,0.982945435782591));
#7151=DIRECTION('',(0.,-0.982945435782591,0.183897444990877));
#7152=DIRECTION('',(0.,0.982945435782591,-0.183897444990877));
#7153=DIRECTION('',(1.,0.,0.));
#7154=DIRECTION('',(0.,0.982945435782591,-0.183897444990877));
#7155=DIRECTION('',(1.,0.,0.));
#7156=DIRECTION('',(0.,0.982945435782591,-0.183897444990877));
#7157=DIRECTION('',(-1.,0.,0.));
#7158=DIRECTION('',(0.,0.183897444990877,0.982945435782591));
#7159=DIRECTION('',(0.,0.982945435782591,-0.183897444990877));
#7160=DIRECTION('',(0.,0.183897444990877,0.982945435782591));
#7161=DIRECTION('',(1.,0.,0.));
#7162=DIRECTION('',(0.,0.982945435782591,-0.183897444990877));
#7163=DIRECTION('',(0.,0.183897444990877,0.982945435782591));
#7164=DIRECTION('',(0.,0.183897444990877,0.982945435782591));
#7165=DIRECTION('',(0.,0.982945435782591,-0.183897444990877));
#7166=DIRECTION('',(0.,0.183897444990877,0.982945435782591));
#7167=DIRECTION('',(1.,-9.64832669986382E-17,-5.15710193420084E-16));
#7168=DIRECTION('',(0.,0.982945435782591,-0.183897444990877));
#7169=DIRECTION('',(0.,0.183897444990877,0.982945435782591));
#7170=DIRECTION('',(0.,0.183897444990877,0.982945435782591));
#7171=DIRECTION('',(0.,0.982945435782591,-0.183897444990877));
#7172=DIRECTION('',(0.,0.183897444990877,0.982945435782591));
#7173=DIRECTION('',(1.,0.,0.));
#7174=DIRECTION('',(0.,0.982945435782591,-0.183897444990877));
#7175=DIRECTION('',(0.,0.183897444990877,0.982945435782591));
#7176=DIRECTION('',(0.,0.183897444990877,0.982945435782591));
#7177=DIRECTION('',(0.,0.982945435782591,-0.183897444990877));
#7178=DIRECTION('',(-1.,0.,0.));
#7179=DIRECTION('',(1.,0.,0.));
#7180=DIRECTION('',(0.,0.183897444990877,0.982945435782591));
#7181=DIRECTION('',(1.,0.,0.));
#7182=DIRECTION('',(0.,0.183897444990877,0.982945435782591));
#7183=DIRECTION('',(1.,0.,0.));
#7184=DIRECTION('',(0.,0.183897444990877,0.982945435782591));
#7185=DIRECTION('',(0.,0.183897444990877,0.982945435782591));
#7186=DIRECTION('',(0.,0.0801442596674017,0.99678327516184));
#7187=DIRECTION('',(0.,-0.99678327516184,0.0801442596674017));
#7188=DIRECTION('',(0.,-0.0801442596674017,-0.99678327516184));
#7189=DIRECTION('',(0.,0.99678327516184,-0.0801442596674017));
#7190=DIRECTION('',(0.,-0.0801442596674017,-0.99678327516184));
#7191=DIRECTION('',(0.,-0.0801442596674017,-0.99678327516184));
#7192=DIRECTION('',(0.,0.99678327516184,-0.0801442596674017));
#7193=DIRECTION('',(0.,-0.0801442596674017,-0.99678327516184));
#7194=DIRECTION('',(0.,-0.99678327516184,0.0801442596674017));
#7195=DIRECTION('',(0.,-0.0801442596674017,-0.99678327516184));
#7196=DIRECTION('',(-1.,0.,0.));
#7197=DIRECTION('',(0.,-0.0801442596674017,-0.99678327516184));
#7198=DIRECTION('',(-1.,0.,0.));
#7199=DIRECTION('',(0.,-0.0801442596674017,-0.99678327516184));
#7200=DIRECTION('',(0.,0.99678327516184,-0.0801442596674017));
#7201=DIRECTION('',(0.,-0.0801442596674017,-0.99678327516184));
#7202=DIRECTION('',(0.,0.99678327516184,-0.0801442596674017));
#7203=DIRECTION('',(0.,-0.0801442596674017,-0.99678327516184));
#7204=DIRECTION('',(0.,0.99678327516184,-0.0801442596674017));
#7205=DIRECTION('',(0.,-0.0801442596674017,-0.99678327516184));
#7206=DIRECTION('',(0.,-0.0801442596674017,-0.99678327516184));
#7207=DIRECTION('',(0.,0.99678327516184,-0.0801442596674017));
#7208=DIRECTION('',(0.,-0.0801442596674017,-0.99678327516184));
#7209=DIRECTION('',(0.,0.99678327516184,-0.0801442596674017));
#7210=DIRECTION('',(1.,0.,0.));
#7211=DIRECTION('',(0.,0.,-1.));
#7212=DIRECTION('',(0.,-0.99678327516184,0.0801442596674017));
#7213=DIRECTION('',(0.,-0.183897444990877,-0.982945435782591));
#7214=DIRECTION('',(0.,0.794381310126362,0.607419405453863));
#7215=DIRECTION('',(0.,-0.99678327516184,0.0801442596674017));
#7216=DIRECTION('',(0.,-0.0801442596674017,-0.99678327516184));
#7217=DIRECTION('',(1.,0.,0.));
#7218=DIRECTION('',(-1.,0.,0.));
#7219=DIRECTION('',(0.,-0.99678327516184,0.0801442596674017));
#7220=DIRECTION('',(1.,0.,0.));
#7221=DIRECTION('',(0.,0.,-1.));
#7222=DIRECTION('',(0.,-0.794381310126362,-0.607419405453863));
#7223=DIRECTION('',(0.,-0.183897444990877,-0.982945435782591));
#7224=DIRECTION('',(0.,-0.99678327516184,0.0801442596674017));
#7225=DIRECTION('',(0.,-0.0801442596674017,-0.99678327516184));
#7226=DIRECTION('',(0.,0.99678327516184,-0.0801442596674017));
#7227=DIRECTION('',(0.,-0.0801442596674017,-0.99678327516184));
#7228=DIRECTION('',(0.,0.99678327516184,-0.0801442596674017));
#7229=DIRECTION('',(0.,-0.0801442596674017,-0.99678327516184));
#7230=DIRECTION('',(0.,-0.0801442596674017,-0.99678327516184));
#7231=DIRECTION('',(0.,0.99678327516184,-0.0801442596674017));
#7232=DIRECTION('',(0.,-0.0801442596674017,-0.99678327516184));
#7233=DIRECTION('',(0.,0.0801442596674017,0.99678327516184));
#7234=DIRECTION('',(0.,-0.99678327516184,0.0801442596674017));
#7235=DIRECTION('',(0.,-0.0801442596674017,-0.99678327516184));
#7236=DIRECTION('',(0.,0.99678327516184,-0.0801442596674017));
#7237=DIRECTION('',(0.,-0.0801442596674017,-0.99678327516184));
#7238=DIRECTION('',(0.,-0.0801442596674017,-0.99678327516184));
#7239=DIRECTION('',(0.,0.99678327516184,-0.0801442596674017));
#7240=DIRECTION('',(0.,-0.0801442596674017,-0.99678327516184));
#7241=DIRECTION('',(0.,-0.99678327516184,0.0801442596674017));
#7242=DIRECTION('',(0.,-0.0801442596674017,-0.99678327516184));
#7243=DIRECTION('',(-1.,0.,0.));
#7244=DIRECTION('',(-1.,0.,0.));
#7245=DIRECTION('',(0.,-0.0801442596674017,-0.99678327516184));
#7246=DIRECTION('',(0.,0.99678327516184,-0.0801442596674017));
#7247=DIRECTION('',(0.,-0.0801442596674017,-0.99678327516184));
#7248=DIRECTION('',(0.,0.99678327516184,-0.0801442596674017));
#7249=DIRECTION('',(1.,0.,0.));
#7250=DIRECTION('',(0.,0.,-1.));
#7251=DIRECTION('',(0.,-0.99678327516184,0.0801442596674017));
#7252=DIRECTION('',(0.,-0.0244870029362543,0.999700148388106));
#7253=DIRECTION('',(0.,-0.687127355991499,0.726536989180958));
#7254=DIRECTION('',(0.,-0.99678327516184,0.0801442596674017));
#7255=DIRECTION('',(0.,-0.0801442596674017,-0.99678327516184));
#7256=DIRECTION('',(1.,0.,0.));
#7257=DIRECTION('',(1.,0.,0.));
#7258=DIRECTION('',(0.,-0.99678327516184,0.0801442596674017));
#7259=DIRECTION('',(1.,0.,0.));
#7260=DIRECTION('',(0.,0.,-1.));
#7261=DIRECTION('',(0.,0.687127355991499,-0.726536989180958));
#7262=DIRECTION('',(0.,-0.0244870029362543,0.999700148388106));
#7263=DIRECTION('',(0.,-0.99678327516184,0.0801442596674017));
#7264=DIRECTION('',(0.,0.0801442596674017,0.99678327516184));
#7265=DIRECTION('',(0.,-0.99678327516184,0.0801442596674017));
#7266=DIRECTION('',(0.,-0.0801442596674017,-0.99678327516184));
#7267=DIRECTION('',(0.,0.99678327516184,-0.0801442596674017));
#7268=DIRECTION('',(0.,-0.0801442596674017,-0.99678327516184));
#7269=DIRECTION('',(0.,-0.0801442596674017,-0.99678327516184));
#7270=DIRECTION('',(0.,0.99678327516184,-0.0801442596674017));
#7271=DIRECTION('',(0.,-0.0801442596674017,-0.99678327516184));
#7272=DIRECTION('',(0.,-0.99678327516184,0.0801442596674017));
#7273=DIRECTION('',(0.,-0.0801442596674017,-0.99678327516184));
#7274=DIRECTION('',(-1.,0.,0.));
#7275=DIRECTION('',(0.,-0.0801442596674017,-0.99678327516184));
#7276=DIRECTION('',(-1.,0.,0.));
#7277=DIRECTION('',(0.,-0.0801442596674017,-0.99678327516184));
#7278=DIRECTION('',(0.,0.99678327516184,-0.0801442596674017));
#7279=DIRECTION('',(0.,-0.0801442596674017,-0.99678327516184));
#7280=DIRECTION('',(0.,0.99678327516184,-0.0801442596674017));
#7281=DIRECTION('',(0.,-0.0801442596674017,-0.99678327516184));
#7282=DIRECTION('',(0.,0.99678327516184,-0.0801442596674017));
#7283=DIRECTION('',(0.,-0.0801442596674017,-0.99678327516184));
#7284=DIRECTION('',(0.,-0.0801442596674017,-0.99678327516184));
#7285=DIRECTION('',(0.,0.99678327516184,-0.0801442596674017));
#7286=DIRECTION('',(0.,-0.0801442596674017,-0.99678327516184));
#7287=DIRECTION('',(0.,0.99678327516184,-0.0801442596674017));
#7288=DIRECTION('',(1.,0.,0.));
#7289=DIRECTION('',(0.,0.,-1.));
#7290=DIRECTION('',(0.,-0.99678327516184,0.0801442596674017));
#7291=DIRECTION('',(0.,-0.99678327516184,0.0801442596674017));
#7292=DIRECTION('',(0.,-0.0244870029362543,0.999700148388106));
#7293=DIRECTION('',(0.,-0.687127355991499,0.726536989180958));
#7294=DIRECTION('',(0.,-0.0801442596674017,-0.99678327516184));
#7295=DIRECTION('',(1.,0.,0.));
#7296=DIRECTION('',(1.,0.,0.));
#7297=DIRECTION('',(0.,-0.99678327516184,0.0801442596674017));
#7298=DIRECTION('',(1.,0.,0.));
#7299=DIRECTION('',(0.,0.,-1.));
#7300=DIRECTION('',(0.,-0.99678327516184,0.0801442596674017));
#7301=DIRECTION('',(0.,0.687127355991499,-0.726536989180958));
#7302=DIRECTION('',(0.,-0.0244870029362543,0.999700148388106));
#7303=DIRECTION('',(0.,-0.0801442596674017,-0.99678327516184));
#7304=DIRECTION('',(0.,0.99678327516184,-0.0801442596674017));
#7305=DIRECTION('',(0.,-0.0801442596674017,-0.99678327516184));
#7306=DIRECTION('',(0.,0.99678327516184,-0.0801442596674017));
#7307=DIRECTION('',(0.,-0.0801442596674017,-0.99678327516184));
#7308=DIRECTION('',(0.,-0.0801442596674017,-0.99678327516184));
#7309=DIRECTION('',(0.,0.99678327516184,-0.0801442596674017));
#7310=DIRECTION('',(0.,-0.0801442596674017,-0.99678327516184));
#7311=DIRECTION('',(0.,0.0801442596674017,0.99678327516184));
#7312=DIRECTION('',(0.,-0.99678327516184,0.0801442596674017));
#7313=DIRECTION('',(0.,-0.0801442596674017,-0.99678327516184));
#7314=DIRECTION('',(0.,0.99678327516184,-0.0801442596674017));
#7315=DIRECTION('',(0.,-0.0801442596674017,-0.99678327516184));
#7316=DIRECTION('',(0.,-0.0801442596674017,-0.99678327516184));
#7317=DIRECTION('',(0.,0.99678327516184,-0.0801442596674017));
#7318=DIRECTION('',(0.,-0.0801442596674017,-0.99678327516184));
#7319=DIRECTION('',(0.,-0.99678327516184,0.0801442596674017));
#7320=DIRECTION('',(0.,-0.0801442596674017,-0.99678327516184));
#7321=DIRECTION('',(-1.,0.,0.));
#7322=DIRECTION('',(-1.,0.,0.));
#7323=DIRECTION('',(0.,-0.0801442596674017,-0.99678327516184));
#7324=DIRECTION('',(0.,0.99678327516184,-0.0801442596674017));
#7325=DIRECTION('',(0.,-0.0801442596674017,-0.99678327516184));
#7326=DIRECTION('',(0.,0.99678327516184,-0.0801442596674017));
#7327=DIRECTION('',(1.,0.,0.));
#7328=DIRECTION('',(0.,0.,-1.));
#7329=DIRECTION('',(0.,-0.99678327516184,0.0801442596674017));
#7330=DIRECTION('',(0.,-0.0244870029362543,0.999700148388106));
#7331=DIRECTION('',(0.,-0.687127355991499,0.726536989180958));
#7332=DIRECTION('',(0.,-0.99678327516184,0.0801442596674017));
#7333=DIRECTION('',(0.,-0.0801442596674017,-0.99678327516184));
#7334=DIRECTION('',(1.,0.,0.));
#7335=DIRECTION('',(1.,0.,0.));
#7336=DIRECTION('',(0.,-0.99678327516184,0.0801442596674017));
#7337=DIRECTION('',(1.,0.,0.));
#7338=DIRECTION('',(0.,0.,-1.));
#7339=DIRECTION('',(0.,0.687127355991499,-0.726536989180958));
#7340=DIRECTION('',(0.,-0.0244870029362543,0.999700148388106));
#7341=DIRECTION('',(0.,-0.99678327516184,0.0801442596674017));
#7342=DIRECTION('',(0.,0.,1.));
#7343=DIRECTION('',(1.,0.,0.));
#7344=DIRECTION('',(0.,0.,1.));
#7345=DIRECTION('',(1.,0.,0.));
#7346=DIRECTION('',(0.,0.,1.));
#7347=DIRECTION('',(1.,0.,0.));
#7348=DIRECTION('',(0.,0.,1.));
#7349=DIRECTION('',(1.,0.,0.));
#7350=DIRECTION('',(0.,0.,1.));
#7351=DIRECTION('',(1.,0.,0.));
#7352=DIRECTION('',(0.,0.,1.));
#7353=DIRECTION('',(1.,0.,0.));
#7354=DIRECTION('',(0.,0.,1.));
#7355=DIRECTION('',(1.,0.,0.));
#7356=DIRECTION('',(0.,0.,1.));
#7357=DIRECTION('',(1.,0.,0.));
#7358=DIRECTION('',(0.,0.,1.));
#7359=DIRECTION('',(1.,0.,0.));
#7360=DIRECTION('',(0.,0.,1.));
#7361=DIRECTION('',(1.,0.,0.));
#7362=DIRECTION('',(0.,0.,1.));
#7363=DIRECTION('',(1.,0.,0.));
#7364=DIRECTION('',(0.,0.,1.));
#7365=DIRECTION('',(1.,0.,0.));
#7366=DIRECTION('',(0.,0.,1.));
#7367=DIRECTION('',(1.,0.,0.));
#7368=DIRECTION('',(0.,0.,1.));
#7369=DIRECTION('',(1.,0.,0.));
#7370=DIRECTION('',(0.,0.,1.));
#7371=DIRECTION('',(1.,0.,0.));
#7372=DIRECTION('',(0.,0.,1.));
#7373=DIRECTION('',(1.,0.,0.));
#7374=DIRECTION('',(0.,0.,1.));
#7375=DIRECTION('',(1.,0.,0.));
#7376=DIRECTION('',(0.,0.,1.));
#7377=DIRECTION('',(1.,0.,0.));
#7378=DIRECTION('',(0.,0.,1.));
#7379=DIRECTION('',(1.,0.,0.));
#7380=DIRECTION('',(0.,0.,1.));
#7381=DIRECTION('',(1.,0.,0.));
#7382=DIRECTION('',(0.,0.,1.));
#7383=DIRECTION('',(1.,0.,0.));
#7384=DIRECTION('',(0.,0.,1.));
#7385=DIRECTION('',(1.,0.,0.));
#7386=DIRECTION('',(0.,0.,1.));
#7387=DIRECTION('',(1.,0.,0.));
#7388=DIRECTION('',(0.,0.,1.));
#7389=DIRECTION('',(1.,0.,0.));
#7390=DIRECTION('',(0.,0.,1.));
#7391=DIRECTION('',(1.,0.,0.));
#7392=DIRECTION('',(0.,0.,1.));
#7393=DIRECTION('',(1.,0.,0.));
#7394=DIRECTION('',(0.,0.,1.));
#7395=DIRECTION('',(1.,0.,0.));
#7396=DIRECTION('',(0.,0.,1.));
#7397=DIRECTION('',(1.,0.,0.));
#7398=DIRECTION('',(0.,0.,1.));
#7399=DIRECTION('',(1.,0.,0.));
#7400=DIRECTION('',(0.,0.,1.));
#7401=DIRECTION('',(1.,0.,0.));
#7402=DIRECTION('',(0.,0.,1.));
#7403=DIRECTION('',(1.,0.,0.));
#7404=DIRECTION('',(0.,0.,1.));
#7405=DIRECTION('',(1.,0.,0.));
#7406=DIRECTION('',(0.,0.,1.));
#7407=DIRECTION('',(1.,0.,0.));
#7408=DIRECTION('',(0.,0.,1.));
#7409=DIRECTION('',(1.,0.,0.));
#7410=DIRECTION('',(0.,0.,1.));
#7411=DIRECTION('',(1.,0.,0.));
#7412=DIRECTION('',(0.,0.,1.));
#7413=DIRECTION('',(1.,0.,0.));
#7414=DIRECTION('',(0.,0.,1.));
#7415=DIRECTION('',(1.,0.,0.));
#7416=DIRECTION('',(0.,0.,1.));
#7417=DIRECTION('',(1.,0.,0.));
#7418=DIRECTION('',(0.,0.,1.));
#7419=DIRECTION('',(1.,0.,0.));
#7420=DIRECTION('',(0.,0.,1.));
#7421=DIRECTION('',(1.,0.,0.));
#7422=DIRECTION('',(0.,0.,1.));
#7423=DIRECTION('',(1.,0.,0.));
#7424=DIRECTION('',(0.,0.,1.));
#7425=DIRECTION('',(1.,0.,0.));
#7426=DIRECTION('',(0.,0.,1.));
#7427=DIRECTION('',(1.,0.,0.));
#7428=DIRECTION('',(0.,0.,-1.));
#7429=DIRECTION('',(1.,0.,0.));
#7430=DIRECTION('',(0.,0.,1.));
#7431=DIRECTION('',(1.,0.,0.));
#7432=DIRECTION('',(0.,0.,1.));
#7433=DIRECTION('',(1.,0.,0.));
#7434=DIRECTION('',(0.,0.,1.));
#7435=DIRECTION('',(1.,0.,0.));
#7436=DIRECTION('',(-1.,0.,0.));
#7437=DIRECTION('',(0.,0.,1.));
#7438=DIRECTION('',(1.,0.,0.));
#7439=DIRECTION('',(-1.,0.,0.));
#7440=DIRECTION('',(0.,0.,1.));
#7441=DIRECTION('',(1.,0.,0.));
#7442=DIRECTION('',(0.,0.982945435782591,-0.183897444990877));
#7443=DIRECTION('',(0.,0.183897444990877,0.982945435782591));
#7444=DIRECTION('',(0.,-0.183897444990877,-0.982945435782591));
#7445=DIRECTION('',(0.,0.982945435782591,-0.183897444990877));
#7446=DIRECTION('',(1.,0.,0.));
#7447=DIRECTION('',(0.,0.,-1.));
#7448=DIRECTION('',(0.,0.982945435782591,-0.183897444990877));
#7449=DIRECTION('',(0.,0.183897444990877,0.982945435782591));
#7450=DIRECTION('',(0.,-0.183897444990877,-0.982945435782591));
#7451=DIRECTION('',(0.,0.982945435782591,-0.183897444990877));
#7452=DIRECTION('',(0.,-0.183897444990876,-0.982945435782591));
#7453=DIRECTION('',(0.,0.982945435782591,-0.183897444990877));
#7454=DIRECTION('',(0.,0.183897444990877,0.982945435782591));
#7455=DIRECTION('',(0.,0.982945435782591,-0.183897444990877));
#7456=DIRECTION('',(0.,0.183897444990877,0.982945435782591));
#7457=DIRECTION('',(0.,0.982945435782591,-0.183897444990877));
#7458=DIRECTION('',(0.,0.183897444990877,0.982945435782591));
#7459=DIRECTION('',(1.,0.,0.));
#7460=DIRECTION('',(0.,0.,-1.));
#7461=DIRECTION('',(-1.,9.64832669986382E-17,5.15710193420084E-16));
#7462=DIRECTION('',(5.15710193420084E-16,0.,1.));
#7463=DIRECTION('',(1.,-9.64832669986382E-17,-5.15710193420084E-16));
#7464=DIRECTION('',(1.,0.,0.));
#7465=DIRECTION('',(0.,0.,-1.));
#7466=DIRECTION('',(0.,0.982945435782591,-0.183897444990877));
#7467=DIRECTION('',(0.,0.183897444990877,0.982945435782591));
#7468=DIRECTION('',(0.,0.982945435782591,-0.183897444990877));
#7469=DIRECTION('',(0.,0.183897444990877,0.982945435782591));
#7470=DIRECTION('',(1.59505607498913E-16,-0.183897444990876,-0.982945435782591));
#7471=DIRECTION('',(0.,0.982945435782591,-0.183897444990877));
#7472=DIRECTION('',(0.,0.183897444990877,0.982945435782591));
#7473=DIRECTION('',(0.,-0.982945435782591,0.183897444990877));
#7474=DIRECTION('',(0.,0.183897444990877,0.982945435782591));
#7475=DIRECTION('',(0.,-0.183897444990876,-0.982945435782591));
#7476=DIRECTION('',(0.,0.982945435782591,-0.183897444990877));
#7477=DIRECTION('',(0.,0.982945435782591,-0.183897444990877));
#7478=DIRECTION('',(0.,0.183897444990877,0.982945435782591));
#7479=DIRECTION('',(0.,0.982945435782591,-0.183897444990877));
#7480=DIRECTION('',(0.,0.183897444990877,0.982945435782591));
#7481=DIRECTION('',(1.,0.,0.));
#7482=DIRECTION('',(0.,0.,-1.));
#7483=DIRECTION('',(1.,0.,0.));
#7484=DIRECTION('',(0.,0.,-1.));
#7485=DIRECTION('',(1.,0.,0.));
#7486=DIRECTION('',(0.,-0.0801442596674017,-0.99678327516184));
#7487=DIRECTION('',(1.,0.,0.));
#7488=DIRECTION('',(0.,-0.0801442596674017,-0.99678327516184));
#7489=DIRECTION('',(1.,0.,0.));
#7490=DIRECTION('',(-0.00845068465049074,0.996747682350549,-0.0801413979023806));
#7491=DIRECTION('',(0.,-0.0801442596674017,-0.99678327516184));
#7492=DIRECTION('',(-1.,0.,0.));
#7493=DIRECTION('',(-0.104532155083817,-0.0797051899287385,-0.991322405301099));
#7494=DIRECTION('',(-0.994486383305592,0.,0.104865787651465));
#7495=DIRECTION('',(-0.104532155083817,-0.0797051899287385,-0.991322405301099));
#7496=DIRECTION('',(-0.669106713261939,0.0539223694492639,0.741207517730887));
#7497=DIRECTION('',(-0.743127809733607,-0.0587019931321683,-0.66656967708023));
#7498=DIRECTION('',(-0.669106713261939,0.0539223694492639,0.741207517730887));
#7499=DIRECTION('',(0.00845068465049074,-0.996747682350549,0.0801413979023806));
#7500=DIRECTION('',(0.00845068465049074,-0.996747682350549,0.0801413979023806));
#7501=DIRECTION('',(-0.669106713261939,0.0539223694492639,0.741207517730887));
#7502=DIRECTION('',(0.743127809733607,0.0587019931321683,0.66656967708023));
#7503=DIRECTION('',(0.104532155083817,0.0797051899287385,0.991322405301099));
#7504=DIRECTION('',(0.994486383305592,0.,-0.104865787651465));
#7505=DIRECTION('',(-0.104532155083817,-0.0797051899287385,-0.991322405301099));
#7506=DIRECTION('',(0.,-0.0801442596674017,-0.99678327516184));
#7507=DIRECTION('',(1.,0.,0.));
#7508=DIRECTION('',(0.,-0.0801442596674017,-0.99678327516184));
#7509=DIRECTION('',(1.,0.,0.));
#7510=DIRECTION('',(-0.00845068465049074,0.996747682350549,-0.0801413979023806));
#7511=DIRECTION('',(0.,-0.0801442596674017,-0.99678327516184));
#7512=DIRECTION('',(-1.,0.,0.));
#7513=DIRECTION('',(-0.104532155083817,-0.0797051899287385,-0.991322405301099));
#7514=DIRECTION('',(-0.994486383305592,0.,0.104865787651465));
#7515=DIRECTION('',(-0.104532155083817,-0.0797051899287385,-0.991322405301099));
#7516=DIRECTION('',(-0.669106713261939,0.0539223694492639,0.741207517730887));
#7517=DIRECTION('',(-0.743127809733607,-0.0587019931321683,-0.66656967708023));
#7518=DIRECTION('',(-0.669106713261939,0.0539223694492639,0.741207517730887));
#7519=DIRECTION('',(0.00845068465049074,-0.996747682350549,0.0801413979023806));
#7520=DIRECTION('',(0.00845068465049074,-0.996747682350549,0.0801413979023806));
#7521=DIRECTION('',(-0.669106713261939,0.0539223694492639,0.741207517730887));
#7522=DIRECTION('',(0.743127809733607,0.0587019931321683,0.66656967708023));
#7523=DIRECTION('',(0.104532155083817,0.0797051899287385,0.991322405301099));
#7524=DIRECTION('',(0.994486383305592,0.,-0.104865787651465));
#7525=DIRECTION('',(-0.104532155083817,-0.0797051899287385,-0.991322405301099));
#7526=DIRECTION('',(0.,-0.0801442596674017,-0.99678327516184));
#7527=DIRECTION('',(1.,0.,0.));
#7528=DIRECTION('',(0.,-0.0801442596674017,-0.99678327516184));
#7529=DIRECTION('',(1.,0.,0.));
#7530=DIRECTION('',(-0.00845068465049074,0.996747682350549,-0.0801413979023806));
#7531=DIRECTION('',(0.,-0.0801442596674017,-0.99678327516184));
#7532=DIRECTION('',(-1.,0.,0.));
#7533=DIRECTION('',(-0.104532155083817,-0.0797051899287385,-0.991322405301099));
#7534=DIRECTION('',(-0.994486383305592,0.,0.104865787651465));
#7535=DIRECTION('',(-0.104532155083817,-0.0797051899287385,-0.991322405301099));
#7536=DIRECTION('',(-0.669106713261939,0.0539223694492639,0.741207517730887));
#7537=DIRECTION('',(-0.743127809733607,-0.0587019931321683,-0.66656967708023));
#7538=DIRECTION('',(-0.669106713261939,0.0539223694492639,0.741207517730887));
#7539=DIRECTION('',(0.00845068465049074,-0.996747682350549,0.0801413979023806));
#7540=DIRECTION('',(0.00845068465049074,-0.996747682350549,0.0801413979023806));
#7541=DIRECTION('',(-0.669106713261939,0.0539223694492639,0.741207517730887));
#7542=DIRECTION('',(0.743127809733607,0.0587019931321683,0.66656967708023));
#7543=DIRECTION('',(0.104532155083817,0.0797051899287385,0.991322405301099));
#7544=DIRECTION('',(0.994486383305592,0.,-0.104865787651465));
#7545=DIRECTION('',(-0.104532155083817,-0.0797051899287385,-0.991322405301099));
#7546=DIRECTION('',(0.,-0.0801442596674017,-0.99678327516184));
#7547=DIRECTION('',(1.,0.,0.));
#7548=DIRECTION('',(0.,-0.0801442596674017,-0.99678327516184));
#7549=DIRECTION('',(0.,0.99678327516184,-0.0801442596674017));
#7550=DIRECTION('',(-1.,0.,0.));
#7551=DIRECTION('',(0.,-0.0801442596674017,-0.99678327516184));
#7552=DIRECTION('',(0.,-0.99678327516184,0.0801442596674017));
#7553=DIRECTION('',(0.,-0.183897444990877,-0.982945435782591));
#7554=DIRECTION('',(0.,0.982945435782591,-0.183897444990877));
#7555=DIRECTION('',(0.,-0.183897444990877,-0.982945435782591));
#7556=DIRECTION('',(0.,-0.607419405453863,0.794381310126362));
#7557=DIRECTION('',(0.,-0.794381310126362,-0.607419405453863));
#7558=DIRECTION('',(0.,-0.607419405453863,0.794381310126362));
#7559=DIRECTION('',(1.,0.,0.));
#7560=DIRECTION('',(1.,0.,0.));
#7561=DIRECTION('',(0.,-0.607419405453863,0.794381310126362));
#7562=DIRECTION('',(0.,0.794381310126362,0.607419405453863));
#7563=DIRECTION('',(0.,0.183897444990877,0.982945435782591));
#7564=DIRECTION('',(0.,-0.982945435782591,0.183897444990877));
#7565=DIRECTION('',(0.,-0.183897444990877,-0.982945435782591));
#7566=DIRECTION('',(0.,-0.0801442596674017,-0.99678327516184));
#7567=DIRECTION('',(1.,0.,0.));
#7568=DIRECTION('',(0.,-0.0801442596674017,-0.99678327516184));
#7569=DIRECTION('',(0.,0.99678327516184,-0.0801442596674017));
#7570=DIRECTION('',(-1.,0.,0.));
#7571=DIRECTION('',(0.,-0.0801442596674017,-0.99678327516184));
#7572=DIRECTION('',(0.,-0.99678327516184,0.0801442596674017));
#7573=DIRECTION('',(0.,-0.183897444990877,-0.982945435782591));
#7574=DIRECTION('',(0.,0.982945435782591,-0.183897444990877));
#7575=DIRECTION('',(0.,-0.183897444990877,-0.982945435782591));
#7576=DIRECTION('',(0.,-0.607419405453863,0.794381310126362));
#7577=DIRECTION('',(0.,-0.794381310126362,-0.607419405453863));
#7578=DIRECTION('',(0.,-0.607419405453863,0.794381310126362));
#7579=DIRECTION('',(1.,0.,0.));
#7580=DIRECTION('',(1.,0.,0.));
#7581=DIRECTION('',(0.,-0.607419405453863,0.794381310126362));
#7582=DIRECTION('',(0.,0.794381310126362,0.607419405453863));
#7583=DIRECTION('',(0.,0.183897444990877,0.982945435782591));
#7584=DIRECTION('',(0.,-0.982945435782591,0.183897444990877));
#7585=DIRECTION('',(0.,-0.183897444990877,-0.982945435782591));
#7586=DIRECTION('',(-1.,0.,0.));
#7587=DIRECTION('',(0.,0.,1.));
#7588=DIRECTION('',(0.,0.183897444990877,0.982945435782591));
#7589=DIRECTION('',(0.,0.982945435782591,-0.183897444990877));
#7590=DIRECTION('',(0.,0.825082513574165,0.565012252782307));
#7591=DIRECTION('',(0.,0.183897444990877,0.982945435782591));
#7592=DIRECTION('',(0.,-0.982945435782591,0.183897444990877));
#7593=DIRECTION('',(1.,0.,0.));
#7594=DIRECTION('',(0.,0.982945435782591,-0.183897444990877));
#7595=DIRECTION('',(-1.,0.,0.));
#7596=DIRECTION('',(0.,0.,1.));
#7597=DIRECTION('',(0.,0.183897444990877,0.982945435782591));
#7598=DIRECTION('',(0.,0.982945435782591,-0.183897444990877));
#7599=DIRECTION('',(0.,0.982945435782591,-0.183897444990877));
#7600=DIRECTION('',(0.,0.183897444990877,0.982945435782591));
#7601=DIRECTION('',(0.,0.982945435782591,-0.183897444990877));
#7602=DIRECTION('',(0.,0.183897444990877,0.982945435782591));
#7603=DIRECTION('',(0.,0.982945435782591,-0.183897444990877));
#7604=DIRECTION('',(0.,0.183897444990877,0.982945435782591));
#7605=DIRECTION('',(0.,-0.982945435782591,0.183897444990877));
#7606=DIRECTION('',(1.,0.,0.));
#7607=DIRECTION('',(0.,0.982945435782591,-0.183897444990877));
#7608=DIRECTION('',(0.,-0.982945435782591,0.183897444990877));
#7609=DIRECTION('',(0.,-0.183897444990877,-0.982945435782591));
#7610=DIRECTION('',(0.,0.982945435782591,-0.183897444990877));
#7611=DIRECTION('',(0.,0.183897444990877,0.982945435782591));
#7612=DIRECTION('',(0.,0.982945435782591,-0.183897444990877));
#7613=DIRECTION('',(-1.,0.,0.));
#7614=DIRECTION('',(0.,0.,1.));
#7615=DIRECTION('',(0.,0.183897444990877,0.982945435782591));
#7616=DIRECTION('',(0.,0.982945435782591,-0.183897444990877));
#7617=DIRECTION('',(0.,0.183897444990877,0.982945435782591));
#7618=DIRECTION('',(0.,-0.982945435782591,0.183897444990877));
#7619=DIRECTION('',(1.,0.,0.));
#7620=DIRECTION('',(0.,0.982945435782591,-0.183897444990877));
#7621=DIRECTION('',(-1.,0.,0.));
#7622=DIRECTION('',(0.,0.,1.));
#7623=DIRECTION('',(0.,0.183897444990877,0.982945435782591));
#7624=DIRECTION('',(0.,-0.825082513574165,-0.565012252782307));
#7625=DIRECTION('',(0.,0.565012252782307,-0.825082513574166));
#7626=DIRECTION('',(1.,0.,0.));
#7627=DIRECTION('',(1.,0.,0.));
#7628=DIRECTION('',(0.,-0.0801442596674017,-0.99678327516184));
#7629=DIRECTION('',(1.,0.,0.));
#7630=DIRECTION('',(0.,-0.0801442596674017,-0.99678327516184));
#7631=DIRECTION('',(0.,0.99678327516184,-0.0801442596674017));
#7632=DIRECTION('',(-1.,0.,0.));
#7633=DIRECTION('',(0.,-0.0801442596674017,-0.99678327516184));
#7634=DIRECTION('',(0.,-0.99678327516184,0.0801442596674017));
#7635=DIRECTION('',(0.,-0.183897444990877,-0.982945435782591));
#7636=DIRECTION('',(0.,0.982945435782591,-0.183897444990877));
#7637=DIRECTION('',(0.,-0.183897444990877,-0.982945435782591));
#7638=DIRECTION('',(0.,-0.607419405453863,0.794381310126362));
#7639=DIRECTION('',(0.,-0.794381310126362,-0.607419405453863));
#7640=DIRECTION('',(0.,-0.607419405453863,0.794381310126362));
#7641=DIRECTION('',(1.,0.,0.));
#7642=DIRECTION('',(1.,0.,0.));
#7643=DIRECTION('',(0.,-0.607419405453863,0.794381310126362));
#7644=DIRECTION('',(0.,0.794381310126362,0.607419405453863));
#7645=DIRECTION('',(0.,0.183897444990877,0.982945435782591));
#7646=DIRECTION('',(0.,-0.982945435782591,0.183897444990877));
#7647=DIRECTION('',(0.,-0.183897444990877,-0.982945435782591));
#7648=DIRECTION('',(0.,-0.0801442596674017,-0.99678327516184));
#7649=DIRECTION('',(1.,0.,0.));
#7650=DIRECTION('',(0.,-0.0801442596674017,-0.99678327516184));
#7651=DIRECTION('',(0.,-0.99678327516184,0.0801442596674017));
#7652=DIRECTION('',(1.,0.,0.));
#7653=DIRECTION('',(0.,-0.0801442596674017,-0.99678327516184));
#7654=DIRECTION('',(0.,0.99678327516184,-0.0801442596674017));
#7655=DIRECTION('',(0.,0.0244870029362543,-0.999700148388106));
#7656=DIRECTION('',(0.,0.999700148388105,0.0244870029362543));
#7657=DIRECTION('',(0.,-0.0244870029362543,0.999700148388106));
#7658=DIRECTION('',(0.,0.726536989180958,0.687127355991499));
#7659=DIRECTION('',(0.,0.687127355991499,-0.726536989180958));
#7660=DIRECTION('',(0.,0.726536989180958,0.687127355991499));
#7661=DIRECTION('',(-1.,0.,0.));
#7662=DIRECTION('',(-1.,0.,0.));
#7663=DIRECTION('',(0.,0.726536989180958,0.687127355991499));
#7664=DIRECTION('',(0.,-0.687127355991499,0.726536989180958));
#7665=DIRECTION('',(0.,-0.0244870029362543,0.999700148388106));
#7666=DIRECTION('',(0.,-0.999700148388105,-0.0244870029362543));
#7667=DIRECTION('',(0.,-0.0244870029362543,0.999700148388106));
#7668=DIRECTION('',(0.,-0.0801442596674017,-0.99678327516184));
#7669=DIRECTION('',(1.,0.,0.));
#7670=DIRECTION('',(0.,-0.0801442596674017,-0.99678327516184));
#7671=DIRECTION('',(0.,-0.99678327516184,0.0801442596674017));
#7672=DIRECTION('',(1.,0.,0.));
#7673=DIRECTION('',(0.,-0.0801442596674017,-0.99678327516184));
#7674=DIRECTION('',(0.,0.99678327516184,-0.0801442596674017));
#7675=DIRECTION('',(0.,0.0244870029362543,-0.999700148388106));
#7676=DIRECTION('',(0.,0.999700148388105,0.0244870029362543));
#7677=DIRECTION('',(0.,-0.0244870029362543,0.999700148388106));
#7678=DIRECTION('',(0.,0.726536989180958,0.687127355991499));
#7679=DIRECTION('',(0.,0.687127355991499,-0.726536989180958));
#7680=DIRECTION('',(0.,0.726536989180958,0.687127355991499));
#7681=DIRECTION('',(-1.,0.,0.));
#7682=DIRECTION('',(-1.,0.,0.));
#7683=DIRECTION('',(0.,0.726536989180958,0.687127355991499));
#7684=DIRECTION('',(0.,-0.687127355991499,0.726536989180958));
#7685=DIRECTION('',(0.,-0.0244870029362543,0.999700148388106));
#7686=DIRECTION('',(0.,-0.999700148388105,-0.0244870029362543));
#7687=DIRECTION('',(0.,-0.0244870029362543,0.999700148388106));
#7688=DIRECTION('',(0.,-0.0801442596674017,-0.99678327516184));
#7689=DIRECTION('',(1.,0.,0.));
#7690=DIRECTION('',(0.,-0.0801442596674017,-0.99678327516184));
#7691=DIRECTION('',(0.,-0.99678327516184,0.0801442596674017));
#7692=DIRECTION('',(1.,0.,0.));
#7693=DIRECTION('',(0.,-0.0801442596674017,-0.99678327516184));
#7694=DIRECTION('',(0.,0.99678327516184,-0.0801442596674017));
#7695=DIRECTION('',(0.,0.0244870029362543,-0.999700148388106));
#7696=DIRECTION('',(0.,0.999700148388105,0.0244870029362543));
#7697=DIRECTION('',(0.,-0.0244870029362543,0.999700148388106));
#7698=DIRECTION('',(0.,0.726536989180958,0.687127355991499));
#7699=DIRECTION('',(0.,0.687127355991499,-0.726536989180958));
#7700=DIRECTION('',(0.,0.726536989180958,0.687127355991499));
#7701=DIRECTION('',(-1.,0.,0.));
#7702=DIRECTION('',(-1.,0.,0.));
#7703=DIRECTION('',(0.,0.726536989180958,0.687127355991499));
#7704=DIRECTION('',(0.,-0.687127355991499,0.726536989180958));
#7705=DIRECTION('',(0.,-0.0244870029362543,0.999700148388106));
#7706=DIRECTION('',(0.,-0.999700148388105,-0.0244870029362543));
#7707=DIRECTION('',(0.,-0.0244870029362543,0.999700148388106));
#7708=DIRECTION('',(0.,0.,1.));
#7709=DIRECTION('',(1.,0.,0.));
#7710=DIRECTION('',(0.,0.,1.));
#7711=DIRECTION('',(1.,0.,0.));
#7712=DIRECTION('',(0.,0.,1.));
#7713=DIRECTION('',(1.,0.,0.));
#7714=DIRECTION('',(0.,0.,1.));
#7715=DIRECTION('',(1.,0.,0.));
#7716=DIRECTION('',(0.,0.,1.));
#7717=DIRECTION('',(1.,0.,0.));
#7718=DIRECTION('',(0.,0.,1.));
#7719=DIRECTION('',(1.,0.,0.));
#7720=DIRECTION('',(0.,0.,1.));
#7721=DIRECTION('',(1.,0.,0.));
#7722=DIRECTION('',(0.,0.,1.));
#7723=DIRECTION('',(1.,0.,0.));
#7724=DIRECTION('',(0.,0.,1.));
#7725=DIRECTION('',(1.,0.,0.));
#7726=DIRECTION('',(0.,0.,1.));
#7727=DIRECTION('',(1.,0.,0.));
#7728=DIRECTION('',(0.,0.,1.));
#7729=DIRECTION('',(1.,0.,0.));
#7730=DIRECTION('',(0.,0.,1.));
#7731=DIRECTION('',(1.,0.,0.));
#7732=DIRECTION('',(0.,0.,1.));
#7733=DIRECTION('',(1.,0.,0.));
#7734=DIRECTION('',(0.,0.,1.));
#7735=DIRECTION('',(1.,0.,0.));
#7736=DIRECTION('',(0.,0.,1.));
#7737=DIRECTION('',(1.,0.,0.));
#7738=DIRECTION('',(0.,0.,1.));
#7739=DIRECTION('',(1.,0.,0.));
#7740=DIRECTION('',(0.,0.,1.));
#7741=DIRECTION('',(1.,0.,0.));
#7742=DIRECTION('',(0.,0.,1.));
#7743=DIRECTION('',(1.,0.,0.));
#7744=DIRECTION('',(0.,0.,1.));
#7745=DIRECTION('',(1.,0.,0.));
#7746=DIRECTION('',(0.,0.,1.));
#7747=DIRECTION('',(1.,0.,0.));
#7748=DIRECTION('',(0.,0.,1.));
#7749=DIRECTION('',(1.,0.,0.));
#7750=DIRECTION('',(0.,0.,1.));
#7751=DIRECTION('',(1.,0.,0.));
#7752=DIRECTION('',(0.,0.,1.));
#7753=DIRECTION('',(1.,0.,0.));
#7754=DIRECTION('',(0.,0.,1.));
#7755=DIRECTION('',(1.,0.,0.));
#7756=DIRECTION('',(0.,0.,1.));
#7757=DIRECTION('',(1.,0.,0.));
#7758=DIRECTION('',(0.,0.,1.));
#7759=DIRECTION('',(1.,0.,0.));
#7760=DIRECTION('',(0.,0.,1.));
#7761=DIRECTION('',(1.,0.,0.));
#7762=DIRECTION('',(0.,0.,1.));
#7763=DIRECTION('',(1.,0.,0.));
#7764=DIRECTION('',(0.,0.,1.));
#7765=DIRECTION('',(1.,0.,0.));
#7766=DIRECTION('',(0.,0.,1.));
#7767=DIRECTION('',(1.,0.,0.));
#7768=DIRECTION('',(0.,0.,1.));
#7769=DIRECTION('',(1.,0.,0.));
#7770=DIRECTION('',(0.,0.,1.));
#7771=DIRECTION('',(1.,0.,0.));
#7772=DIRECTION('',(0.,0.,1.));
#7773=DIRECTION('',(1.,0.,0.));
#7774=DIRECTION('',(0.,0.,1.));
#7775=DIRECTION('',(1.,0.,0.));
#7776=DIRECTION('',(0.,0.,1.));
#7777=DIRECTION('',(1.,0.,0.));
#7778=DIRECTION('',(0.,0.,1.));
#7779=DIRECTION('',(1.,0.,0.));
#7780=DIRECTION('',(0.,0.,1.));
#7781=DIRECTION('',(1.,0.,0.));
#7782=DIRECTION('',(0.,0.,1.));
#7783=DIRECTION('',(1.,0.,0.));
#7784=DIRECTION('',(0.,0.,1.));
#7785=DIRECTION('',(1.,0.,0.));
#7786=DIRECTION('',(0.,0.,1.));
#7787=DIRECTION('',(1.,0.,0.));
#7788=DIRECTION('',(0.,0.,1.));
#7789=DIRECTION('',(1.,0.,0.));
#7790=DIRECTION('',(0.,0.,1.));
#7791=DIRECTION('',(1.,0.,0.));
#7792=DIRECTION('',(0.,0.,1.));
#7793=DIRECTION('',(1.,0.,0.));
#7794=DIRECTION('',(0.,0.,1.));
#7795=DIRECTION('',(1.,0.,0.));
#7796=DIRECTION('',(0.,0.,1.));
#7797=DIRECTION('',(1.,0.,0.));
#7798=DIRECTION('',(0.,0.,1.));
#7799=DIRECTION('',(1.,0.,0.));
#7800=DIRECTION('',(0.,0.,1.));
#7801=DIRECTION('',(1.,0.,0.));
#7802=DIRECTION('',(0.,1.,0.));
#7803=DIRECTION('',(0.,0.,1.));
#7804=DIRECTION('',(0.,0.,1.));
#7805=DIRECTION('',(-1.,0.,0.));
#7806=DIRECTION('',(0.,0.,1.));
#7807=DIRECTION('',(-1.,0.,0.));
#7808=DIRECTION('',(1.,0.,0.));
#7809=DIRECTION('',(0.,0.,-1.));
#7810=DIRECTION('',(0.,1.,0.));
#7811=DIRECTION('',(0.,1.,0.));
#7812=DIRECTION('',(0.,0.,1.));
#7813=DIRECTION('',(0.,1.,0.));
#7814=DIRECTION('',(0.,0.,1.));
#7815=DIRECTION('',(-1.,0.,0.));
#7816=DIRECTION('',(-1.,0.,0.));
#7817=DIRECTION('',(0.,0.,1.));
#7818=DIRECTION('',(1.,0.,0.));
#7819=DIRECTION('',(0.,0.,-1.));
#7820=DIRECTION('',(0.,1.,0.));
#7821=DIRECTION('',(0.,1.,0.));
#7822=DIRECTION('',(0.,1.,0.));
#7823=DIRECTION('',(0.,0.,1.));
#7824=DIRECTION('',(0.,0.,1.));
#7825=DIRECTION('',(-1.,0.,0.));
#7826=DIRECTION('',(0.,0.,1.));
#7827=DIRECTION('',(-1.,0.,0.));
#7828=DIRECTION('',(1.,0.,0.));
#7829=DIRECTION('',(0.,0.,-1.));
#7830=DIRECTION('',(0.,1.,0.));
#7831=DIRECTION('',(0.,1.,0.));
#7832=DIRECTION('',(0.,0.,1.));
#7833=DIRECTION('',(0.,1.,0.));
#7834=DIRECTION('',(0.,0.,1.));
#7835=DIRECTION('',(-1.,0.,0.));
#7836=DIRECTION('',(-1.,0.,0.));
#7837=DIRECTION('',(0.,0.,1.));
#7838=DIRECTION('',(1.,0.,0.));
#7839=DIRECTION('',(0.,0.,-1.));
#7840=DIRECTION('',(0.,1.,0.));
#7841=DIRECTION('',(0.,1.,0.));
#7842=DIRECTION('',(1.,0.,0.));
#7843=DIRECTION('',(0.,0.,-1.));
#7844=DIRECTION('',(0.,0.,1.));
#7845=DIRECTION('',(0.,1.,0.));
#7846=DIRECTION('',(0.,0.,1.));
#7847=DIRECTION('',(0.,1.,0.));
#7848=DIRECTION('',(0.,1.,0.));
#7849=DIRECTION('',(0.,0.,1.));
#7850=DIRECTION('',(-1.,0.,0.));
#7851=DIRECTION('',(0.,0.,1.));
#7852=DIRECTION('',(-1.,0.,0.));
#7853=DIRECTION('',(1.,0.,0.));
#7854=DIRECTION('',(0.,0.,-1.));
#7855=DIRECTION('',(0.,1.,0.));
#7856=DIRECTION('',(0.,1.,0.));
#7857=DIRECTION('',(0.,0.,1.));
#7858=DIRECTION('',(0.,1.,0.));
#7859=DIRECTION('',(0.,0.,1.));
#7860=DIRECTION('',(-1.,0.,0.));
#7861=DIRECTION('',(-1.,0.,0.));
#7862=DIRECTION('',(1.,0.,0.));
#7863=DIRECTION('',(0.,0.,-1.));
#7864=DIRECTION('',(0.,0.,1.));
#7865=DIRECTION('',(0.,1.,0.));
#7866=DIRECTION('',(0.,0.,1.));
#7867=DIRECTION('',(0.,1.,0.));
#7868=DIRECTION('',(0.,1.,0.));
#7869=DIRECTION('',(0.,0.,1.));
#7870=DIRECTION('',(-1.,0.,0.));
#7871=DIRECTION('',(0.,0.,1.));
#7872=DIRECTION('',(-1.,0.,0.));
#7873=DIRECTION('',(1.,0.,0.));
#7874=DIRECTION('',(0.,0.,-1.));
#7875=DIRECTION('',(0.,1.,0.));
#7876=DIRECTION('',(0.,1.,0.));
#7877=DIRECTION('',(0.,0.,1.));
#7878=DIRECTION('',(0.,1.,0.));
#7879=DIRECTION('',(0.,0.,1.));
#7880=DIRECTION('',(-1.,0.,0.));
#7881=DIRECTION('',(-1.,0.,0.));
#7882=DIRECTION('',(-1.,0.,0.));
#7883=DIRECTION('',(1.,0.,0.));
#7884=DIRECTION('',(0.,0.,-1.));
#7885=DIRECTION('',(0.,0.,1.));
#7886=DIRECTION('',(0.,1.,0.));
#7887=DIRECTION('',(0.,0.,1.));
#7888=DIRECTION('',(0.,1.,0.));
#7889=DIRECTION('',(0.,1.,0.));
#7890=DIRECTION('',(0.,0.,1.));
#7891=DIRECTION('',(-1.,0.,0.));
#7892=DIRECTION('',(0.,0.,1.));
#7893=DIRECTION('',(-1.,0.,0.));
#7894=DIRECTION('',(-1.,0.,0.));
#7895=DIRECTION('',(1.,0.,0.));
#7896=DIRECTION('',(0.,0.,-1.));
#7897=DIRECTION('',(0.,1.,0.));
#7898=DIRECTION('',(0.,1.,0.));
#7899=DIRECTION('',(0.,0.,1.));
#7900=DIRECTION('',(0.,1.,0.));
#7901=DIRECTION('',(0.,0.,1.));
#7902=DIRECTION('',(-1.,0.,0.));
#7903=DIRECTION('',(-1.,0.,0.));
#7904=DIRECTION('',(0.,1.,0.));
#7905=DIRECTION('',(0.,0.,1.));
#7906=DIRECTION('',(-1.,0.,0.));
#7907=DIRECTION('',(0.,0.,1.));
#7908=DIRECTION('',(-1.,0.,0.));
#7909=DIRECTION('',(0.,0.,1.));
#7910=DIRECTION('',(1.,0.,0.));
#7911=DIRECTION('',(0.,0.,-1.));
#7912=DIRECTION('',(0.,1.,0.));
#7913=DIRECTION('',(0.,0.,1.));
#7914=DIRECTION('',(0.,1.,0.));
#7915=DIRECTION('',(0.,1.,0.));
#7916=DIRECTION('',(0.,0.,1.));
#7917=DIRECTION('',(-1.,0.,0.));
#7918=DIRECTION('',(0.,0.,1.));
#7919=DIRECTION('',(-1.,0.,0.));
#7920=DIRECTION('',(1.,0.,0.));
#7921=DIRECTION('',(0.,0.,-1.));
#7922=DIRECTION('',(0.,1.,0.));
#7923=DIRECTION('',(0.,0.,1.));
#7924=DIRECTION('',(0.,1.,0.));
#7925=DIRECTION('',(0.,1.,0.));
#7926=DIRECTION('',(0.,0.,1.));
#7927=DIRECTION('',(-1.,0.,0.));
#7928=DIRECTION('',(0.,0.,1.));
#7929=DIRECTION('',(-1.,0.,0.));
#7930=DIRECTION('',(1.,0.,0.));
#7931=DIRECTION('',(0.,0.,-1.));
#7932=DIRECTION('',(0.,1.,0.));
#7933=DIRECTION('',(0.,1.,0.));
#7934=DIRECTION('',(0.,0.,1.));
#7935=DIRECTION('',(0.,1.,0.));
#7936=DIRECTION('',(0.,0.,1.));
#7937=DIRECTION('',(-1.,0.,0.));
#7938=DIRECTION('',(0.,0.,1.));
#7939=DIRECTION('',(-1.,0.,0.));
#7940=DIRECTION('',(1.,0.,0.));
#7941=DIRECTION('',(0.,0.,-1.));
#7942=DIRECTION('',(0.,1.,0.));
#7943=DIRECTION('',(0.,1.,0.));
#7944=DIRECTION('',(0.,0.,1.));
#7945=DIRECTION('',(0.,1.,0.));
#7946=DIRECTION('',(0.,0.,1.));
#7947=DIRECTION('',(-1.,0.,0.));
#7948=DIRECTION('',(-1.,0.,0.));
#7949=DIRECTION('',(0.,0.,1.));
#7950=DIRECTION('',(1.,0.,0.));
#7951=DIRECTION('',(0.,0.,-1.));
#7952=DIRECTION('',(0.,1.,0.));
#7953=DIRECTION('',(0.,1.,0.));
#7954=DIRECTION('',(0.,0.,1.));
#7955=DIRECTION('',(0.,1.,0.));
#7956=DIRECTION('',(0.,0.,1.));
#7957=DIRECTION('',(-1.,0.,0.));
#7958=DIRECTION('',(-1.,0.,0.));
#7959=DIRECTION('',(0.,0.,1.));
#7960=DIRECTION('',(1.,0.,0.));
#7961=DIRECTION('',(0.,0.,-1.));
#7962=DIRECTION('',(0.,1.,0.));
#7963=DIRECTION('',(0.,1.,0.));
#7964=DIRECTION('',(1.,0.,0.));
#7965=DIRECTION('',(0.,0.,-1.));
#7966=DIRECTION('',(0.,0.,1.));
#7967=DIRECTION('',(0.,1.,0.));
#7968=DIRECTION('',(0.,0.,1.));
#7969=DIRECTION('',(0.,1.,0.));
#7970=DIRECTION('',(0.,1.,0.));
#7971=DIRECTION('',(0.,1.,0.));
#7972=DIRECTION('',(0.,0.,1.));
#7973=DIRECTION('',(-1.,0.,0.));
#7974=DIRECTION('',(0.,0.,1.));
#7975=DIRECTION('',(-1.,0.,0.));
#7976=DIRECTION('',(1.,0.,0.));
#7977=DIRECTION('',(0.,0.,-1.));
#7978=DIRECTION('',(0.,1.,0.));
#7979=DIRECTION('',(0.,1.,0.));
#7980=DIRECTION('',(0.,0.,1.));
#7981=DIRECTION('',(0.,1.,0.));
#7982=DIRECTION('',(0.,0.,1.));
#7983=DIRECTION('',(-1.,0.,0.));
#7984=DIRECTION('',(-1.,0.,0.));
#7985=DIRECTION('',(1.,0.,0.));
#7986=DIRECTION('',(0.,0.,-1.));
#7987=DIRECTION('',(0.,0.,1.));
#7988=DIRECTION('',(0.,1.,0.));
#7989=DIRECTION('',(0.,0.,1.));
#7990=DIRECTION('',(0.,1.,0.));
#7991=DIRECTION('',(0.,1.,0.));
#7992=DIRECTION('',(0.,0.,1.));
#7993=DIRECTION('',(-1.,0.,0.));
#7994=DIRECTION('',(0.,0.,1.));
#7995=DIRECTION('',(-1.,0.,0.));
#7996=DIRECTION('',(-1.,0.,0.));
#7997=DIRECTION('',(1.,0.,0.));
#7998=DIRECTION('',(0.,0.,-1.));
#7999=DIRECTION('',(0.,1.,0.));
#8000=DIRECTION('',(0.,1.,0.));
#8001=DIRECTION('',(0.,1.,0.));
#8002=DIRECTION('',(0.,0.,1.));
#8003=DIRECTION('',(0.,1.,0.));
#8004=DIRECTION('',(0.,0.,1.));
#8005=DIRECTION('',(-1.,0.,0.));
#8006=DIRECTION('',(-1.,0.,0.));
#8007=DIRECTION('',(-1.,0.,0.));
#8008=DIRECTION('',(0.,1.,0.));
#8009=DIRECTION('',(0.,0.,1.));
#8010=DIRECTION('',(0.,0.,1.));
#8011=DIRECTION('',(-1.,0.,0.));
#8012=DIRECTION('',(0.,0.,1.));
#8013=DIRECTION('',(-1.,0.,0.));
#8014=DIRECTION('',(1.,0.,0.));
#8015=DIRECTION('',(0.,0.,-1.));
#8016=DIRECTION('',(0.,1.,0.));
#8017=DIRECTION('',(0.,1.,0.));
#8018=DIRECTION('',(0.,0.,1.));
#8019=DIRECTION('',(0.,1.,0.));
#8020=DIRECTION('',(0.,0.,1.));
#8021=DIRECTION('',(-1.,0.,0.));
#8022=DIRECTION('',(-1.,0.,0.));
#8023=DIRECTION('',(0.,0.,1.));
#8024=DIRECTION('',(1.,0.,0.));
#8025=DIRECTION('',(0.,0.,-1.));
#8026=DIRECTION('',(0.,1.,0.));
#8027=DIRECTION('',(0.,1.,0.));
#8028=DIRECTION('',(1.,0.,0.));
#8029=DIRECTION('',(0.,0.,-1.));
#8030=DIRECTION('',(0.,0.,1.));
#8031=DIRECTION('',(0.,1.,0.));
#8032=DIRECTION('',(0.,0.,1.));
#8033=DIRECTION('',(0.,1.,0.));
#8034=DIRECTION('',(0.,1.,0.));
#8035=DIRECTION('',(0.,0.,1.));
#8036=DIRECTION('',(-1.,0.,0.));
#8037=DIRECTION('',(0.,0.,1.));
#8038=DIRECTION('',(-1.,0.,0.));
#8039=DIRECTION('',(1.,0.,0.));
#8040=DIRECTION('',(0.,0.,-1.));
#8041=DIRECTION('',(0.,1.,0.));
#8042=DIRECTION('',(0.,1.,0.));
#8043=DIRECTION('',(0.,0.,1.));
#8044=DIRECTION('',(0.,1.,0.));
#8045=DIRECTION('',(0.,0.,1.));
#8046=DIRECTION('',(-1.,0.,0.));
#8047=DIRECTION('',(-1.,0.,0.));
#8048=DIRECTION('',(-1.,0.,0.));
#8049=DIRECTION('',(0.,1.,0.));
#8050=DIRECTION('',(0.,0.,1.));
#8051=DIRECTION('',(0.,0.,1.));
#8052=DIRECTION('',(-1.,0.,0.));
#8053=DIRECTION('',(0.,0.,1.));
#8054=DIRECTION('',(-1.,0.,0.));
#8055=DIRECTION('',(1.,0.,0.));
#8056=DIRECTION('',(0.,0.,-1.));
#8057=DIRECTION('',(0.,1.,0.));
#8058=DIRECTION('',(0.,1.,0.));
#8059=DIRECTION('',(0.,0.,1.));
#8060=DIRECTION('',(0.,1.,0.));
#8061=DIRECTION('',(0.,0.,1.));
#8062=DIRECTION('',(-1.,0.,0.));
#8063=DIRECTION('',(-1.,0.,0.));
#8064=DIRECTION('',(0.,0.,1.));
#8065=DIRECTION('',(1.,0.,0.));
#8066=DIRECTION('',(0.,0.,-1.));
#8067=DIRECTION('',(0.,1.,0.));
#8068=DIRECTION('',(0.,1.,0.));
#8069=DIRECTION('',(1.,0.,0.));
#8070=DIRECTION('',(0.,0.,-1.));
#8071=DIRECTION('',(0.,0.,1.));
#8072=DIRECTION('',(0.,1.,0.));
#8073=DIRECTION('',(0.,0.,1.));
#8074=DIRECTION('',(0.,1.,0.));
#8075=DIRECTION('',(0.,1.,0.));
#8076=DIRECTION('',(0.,0.,1.));
#8077=DIRECTION('',(-1.,0.,0.));
#8078=DIRECTION('',(0.,0.,1.));
#8079=DIRECTION('',(-1.,0.,0.));
#8080=DIRECTION('',(1.,0.,0.));
#8081=DIRECTION('',(0.,0.,-1.));
#8082=DIRECTION('',(0.,1.,0.));
#8083=DIRECTION('',(0.,1.,0.));
#8084=DIRECTION('',(0.,0.,1.));
#8085=DIRECTION('',(0.,1.,0.));
#8086=DIRECTION('',(0.,0.,1.));
#8087=DIRECTION('',(-1.,0.,0.));
#8088=DIRECTION('',(-1.,0.,0.));
#8089=DIRECTION('',(0.,1.,0.));
#8090=DIRECTION('',(0.,0.,1.));
#8091=DIRECTION('',(0.,0.,1.));
#8092=DIRECTION('',(-1.,0.,0.));
#8093=DIRECTION('',(0.,0.,1.));
#8094=DIRECTION('',(-1.,0.,0.));
#8095=DIRECTION('',(1.,0.,0.));
#8096=DIRECTION('',(0.,0.,-1.));
#8097=DIRECTION('',(0.,1.,0.));
#8098=DIRECTION('',(0.,1.,0.));
#8099=DIRECTION('',(0.,0.,1.));
#8100=DIRECTION('',(0.,1.,0.));
#8101=DIRECTION('',(0.,0.,1.));
#8102=DIRECTION('',(-1.,0.,0.));
#8103=DIRECTION('',(-1.,0.,0.));
#8104=DIRECTION('',(0.,0.,1.));
#8105=DIRECTION('',(1.,0.,0.));
#8106=DIRECTION('',(0.,0.,-1.));
#8107=DIRECTION('',(0.,1.,0.));
#8108=DIRECTION('',(0.,1.,0.));
#8109=DIRECTION('',(0.,1.,0.));
#8110=DIRECTION('',(0.,0.,1.));
#8111=DIRECTION('',(0.,0.,1.));
#8112=DIRECTION('',(-1.,0.,0.));
#8113=DIRECTION('',(0.,0.,1.));
#8114=DIRECTION('',(-1.,0.,0.));
#8115=DIRECTION('',(1.,0.,0.));
#8116=DIRECTION('',(0.,0.,-1.));
#8117=DIRECTION('',(0.,1.,0.));
#8118=DIRECTION('',(0.,1.,0.));
#8119=DIRECTION('',(0.,0.,1.));
#8120=DIRECTION('',(0.,1.,0.));
#8121=DIRECTION('',(0.,0.,1.));
#8122=DIRECTION('',(-1.,0.,0.));
#8123=DIRECTION('',(-1.,0.,0.));
#8124=DIRECTION('',(0.,0.,1.));
#8125=DIRECTION('',(1.,0.,0.));
#8126=DIRECTION('',(0.,0.,-1.));
#8127=DIRECTION('',(0.,1.,0.));
#8128=DIRECTION('',(0.,1.,0.));
#8129=DIRECTION('',(0.,0.,1.));
#8130=DIRECTION('',(1.,0.,0.));
#8131=DIRECTION('',(0.,0.,-1.));
#8132=DIRECTION('',(1.,0.,0.));
#8133=DIRECTION('',(0.,0.,1.));
#8134=DIRECTION('',(1.,0.,0.));
#8135=DIRECTION('',(0.,0.,1.));
#8136=DIRECTION('',(1.,0.,0.));
#8137=DIRECTION('',(0.,1.,0.));
#8138=DIRECTION('',(0.,0.,1.));
#8139=DIRECTION('',(0.,0.,1.));
#8140=DIRECTION('',(-1.,0.,0.));
#8141=DIRECTION('',(0.,0.,1.));
#8142=DIRECTION('',(-1.,0.,0.));
#8143=DIRECTION('',(1.,0.,0.));
#8144=DIRECTION('',(0.,0.,-1.));
#8145=DIRECTION('',(0.,1.,0.));
#8146=DIRECTION('',(0.,1.,0.));
#8147=DIRECTION('',(0.,0.,1.));
#8148=DIRECTION('',(0.,1.,0.));
#8149=DIRECTION('',(0.,0.,1.));
#8150=DIRECTION('',(0.,0.,1.));
#8151=DIRECTION('',(-1.,0.,0.));
#8152=DIRECTION('',(-1.,0.,0.));
#8153=DIRECTION('',(1.,0.,0.));
#8154=DIRECTION('',(0.,0.,-1.));
#8155=DIRECTION('',(0.,1.,0.));
#8156=DIRECTION('',(0.,1.,0.));
#8157=DIRECTION('',(1.,0.,0.));
#8158=DIRECTION('',(0.,0.,-1.));
#8159=DIRECTION('',(0.,1.,0.));
#8160=DIRECTION('',(0.,0.,1.));
#8161=DIRECTION('',(0.,1.,0.));
#8162=DIRECTION('',(0.,0.,1.));
#8163=DIRECTION('',(0.,1.,0.));
#8164=DIRECTION('',(0.,0.,1.));
#8165=DIRECTION('',(-1.,0.,0.));
#8166=DIRECTION('',(-1.,0.,0.));
#8167=DIRECTION('',(0.,0.,1.));
#8168=DIRECTION('',(1.,0.,0.));
#8169=DIRECTION('',(0.,0.,-1.));
#8170=DIRECTION('',(0.,1.,0.));
#8171=DIRECTION('',(0.,0.,1.));
#8172=DIRECTION('',(0.,1.,0.));
#8173=DIRECTION('',(0.,1.,0.));
#8174=DIRECTION('',(0.,0.,1.));
#8175=DIRECTION('',(-1.,0.,0.));
#8176=DIRECTION('',(-1.,0.,0.));
#8177=DIRECTION('',(0.,0.,1.));
#8178=DIRECTION('',(1.,0.,0.));
#8179=DIRECTION('',(0.,0.,-1.));
#8180=DIRECTION('',(0.,1.,0.));
#8181=DIRECTION('',(0.,1.,0.));
#8182=DIRECTION('',(0.,0.,1.));
#8183=DIRECTION('',(0.,1.,0.));
#8184=DIRECTION('',(0.,0.,1.));
#8185=DIRECTION('',(-1.,0.,0.));
#8186=DIRECTION('',(-1.,0.,0.));
#8187=DIRECTION('',(0.,0.,1.));
#8188=DIRECTION('',(1.,0.,0.));
#8189=DIRECTION('',(0.,0.,-1.));
#8190=DIRECTION('',(0.,1.,0.));
#8191=DIRECTION('',(0.,0.,1.));
#8192=DIRECTION('',(0.,1.,0.));
#8193=DIRECTION('',(0.,1.,0.));
#8194=DIRECTION('',(0.,0.,1.));
#8195=DIRECTION('',(-1.,0.,0.));
#8196=DIRECTION('',(-1.,0.,0.));
#8197=DIRECTION('',(-1.,0.,0.));
#8198=DIRECTION('',(1.,0.,0.));
#8199=DIRECTION('',(0.,0.,-1.));
#8200=DIRECTION('',(0.,1.,0.));
#8201=DIRECTION('',(0.,0.,1.));
#8202=DIRECTION('',(0.,1.,0.));
#8203=DIRECTION('',(0.,0.,1.));
#8204=DIRECTION('',(0.,1.,0.));
#8205=DIRECTION('',(0.,0.,1.));
#8206=DIRECTION('',(-1.,0.,0.));
#8207=DIRECTION('',(-1.,0.,0.));
#8208=DIRECTION('',(0.,0.,1.));
#8209=DIRECTION('',(1.,0.,0.));
#8210=DIRECTION('',(0.,0.,-1.));
#8211=DIRECTION('',(0.,1.,0.));
#8212=DIRECTION('',(0.,0.,1.));
#8213=DIRECTION('',(0.,1.,0.));
#8214=DIRECTION('',(0.,1.,0.));
#8215=DIRECTION('',(0.,0.,1.));
#8216=DIRECTION('',(-1.,0.,0.));
#8217=DIRECTION('',(-1.,0.,0.));
#8218=DIRECTION('',(0.,0.982945435782591,-0.183897444990877));
#8219=DIRECTION('',(0.,0.183897444990877,0.982945435782591));
#8220=DIRECTION('',(0.,0.982945435782591,-0.183897444990877));
#8221=DIRECTION('',(0.,0.982945435782591,-0.183897444990877));
#8222=DIRECTION('',(0.,0.982945435782591,-0.183897444990877));
#8223=DIRECTION('',(0.,0.183897444990877,0.982945435782591));
#8224=DIRECTION('',(-1.,0.,0.));
#8225=DIRECTION('',(0.,0.,1.));
#8226=DIRECTION('',(0.,0.982945435782591,-0.183897444990877));
#8227=DIRECTION('',(0.,0.183897444990877,0.982945435782591));
#8228=DIRECTION('',(0.,-0.982945435782591,0.183897444990877));
#8229=DIRECTION('',(0.,-0.183897444990877,-0.982945435782591));
#8230=DIRECTION('',(1.23259516440783E-32,0.982945435782591,-0.183897444990877));
#8231=DIRECTION('',(0.,0.982945435782591,-0.183897444990877));
#8232=DIRECTION('',(0.,0.183897444990877,0.982945435782591));
#8233=DIRECTION('',(5.24658007094251E-16,0.183897444990877,0.982945435782591));
#8234=DIRECTION('',(0.,-0.982945435782591,0.183897444990877));
#8235=DIRECTION('',(1.23259516440783E-32,0.982945435782591,-0.183897444990877));
#8236=DIRECTION('',(1.,-9.64832669986382E-17,-5.15710193420084E-16));
#8237=DIRECTION('',(0.,0.982945435782591,-0.183897444990877));
#8238=DIRECTION('',(0.,0.183897444990877,0.982945435782591));
#8239=DIRECTION('',(0.,0.982945435782591,-0.183897444990877));
#8240=DIRECTION('',(0.,0.982945435782591,-0.183897444990877));
#8241=DIRECTION('',(0.,0.183897444990877,0.982945435782591));
#8242=DIRECTION('',(-1.,0.,0.));
#8243=DIRECTION('',(0.,0.,1.));
#8244=DIRECTION('',(0.,0.982945435782591,-0.183897444990877));
#8245=DIRECTION('',(0.,0.183897444990877,0.982945435782591));
#8246=DIRECTION('',(0.,-0.982945435782591,0.183897444990877));
#8247=DIRECTION('',(0.,-0.183897444990877,-0.982945435782591));
#8248=DIRECTION('',(0.,0.982945435782591,-0.183897444990877));
#8249=DIRECTION('',(0.,0.982945435782591,-0.183897444990877));
#8250=DIRECTION('',(0.,0.183897444990877,0.982945435782591));
#8251=DIRECTION('',(0.,0.183897444990877,0.982945435782591));
#8252=DIRECTION('',(0.,-0.982945435782591,0.183897444990877));
#8253=DIRECTION('',(1.,0.,0.));
#8254=DIRECTION('',(0.103096519607022,0.18291752108476,0.977707670075839));
#8255=DIRECTION('',(0.,-0.982945435782591,0.183897444990877));
#8256=DIRECTION('',(0.,-0.0801442596674016,-0.99678327516184));
#8257=DIRECTION('',(0.704112673990999,0.707804105201557,-0.056909498197305));
#8258=DIRECTION('',(0.103096519607022,0.18291752108476,0.977707670075839));
#8259=DIRECTION('',(0.,0.,1.));
#8260=DIRECTION('',(0.491004219689287,0.871157193764314,0.));
#8261=DIRECTION('',(0.103096519607022,0.18291752108476,0.977707670075839));
#8262=DIRECTION('',(0.994486383305592,0.,-0.104865787651465));
#8263=DIRECTION('',(-0.104524730799463,-0.0805857166550607,-0.991251997689029));
#8264=DIRECTION('',(-0.00845068465049074,0.996747682350549,-0.0801413979023806));
#8265=DIRECTION('',(-0.104834689108563,0.0243520712751261,-0.994191462739508));
#8266=DIRECTION('',(0.,-1.,0.));
#8267=DIRECTION('',(-0.104834689108563,0.0243520712751261,-0.994191462739508));
#8268=DIRECTION('',(-0.994486383305592,0.,0.104865787651465));
#8269=DIRECTION('',(0.,0.,1.));
#8270=DIRECTION('',(-0.974065576119482,0.22626589097569,0.));
#8271=DIRECTION('',(0.,-0.0801442596674016,-0.99678327516184));
#8272=DIRECTION('',(-0.71008826375687,0.701847737263709,-0.0564305889794432));
#8273=DIRECTION('',(-0.104834689108563,0.0243520712751261,-0.994191462739508));
#8274=DIRECTION('',(-0.104834689108563,0.0243520712751261,-0.994191462739508));
#8275=DIRECTION('',(-0.994486383305592,0.,0.104865787651465));
#8276=DIRECTION('',(0.,0.,1.));
#8277=DIRECTION('',(-0.974065576119482,0.22626589097569,0.));
#8278=DIRECTION('',(-0.104834689108563,0.0243520712751261,-0.994191462739508));
#8279=DIRECTION('',(0.,-0.0801442596674016,-0.99678327516184));
#8280=DIRECTION('',(-0.71008826375687,0.701847737263709,-0.0564305889794432));
#8281=DIRECTION('',(-0.104834689108563,0.0243520712751261,-0.994191462739508));
#8282=DIRECTION('',(0.994486383305592,0.,-0.104865787651465));
#8283=DIRECTION('',(-0.104524730799463,-0.0805857166550607,-0.991251997689029));
#8284=DIRECTION('',(-0.00845068465049074,0.996747682350549,-0.0801413979023806));
#8285=DIRECTION('',(0.103096519607022,0.18291752108476,0.977707670075839));
#8286=DIRECTION('',(0.,-1.,0.));
#8287=DIRECTION('',(0.103096519607022,0.18291752108476,0.977707670075839));
#8288=DIRECTION('',(0.,-0.982945435782591,0.183897444990877));
#8289=DIRECTION('',(0.,-0.0801442596674016,-0.99678327516184));
#8290=DIRECTION('',(0.704112673990999,0.707804105201557,-0.056909498197305));
#8291=DIRECTION('',(0.103096519607022,0.18291752108476,0.977707670075839));
#8292=DIRECTION('',(0.,0.,1.));
#8293=DIRECTION('',(0.491004219689287,0.871157193764314,0.));
#8294=DIRECTION('',(0.,0.,1.));
#8295=DIRECTION('',(1.,0.,0.));
#8296=DIRECTION('',(1.,0.,0.));
#8297=DIRECTION('',(0.,1.,0.));
#8298=DIRECTION('',(1.,0.,0.));
#8299=DIRECTION('',(0.,-0.0801442596674016,-0.99678327516184));
#8300=DIRECTION('',(0.,0.99678327516184,-0.0801442596674017));
#8301=DIRECTION('',(0.,-0.99678327516184,0.0801442596674017));
#8302=DIRECTION('',(1.,0.,0.));
#8303=DIRECTION('',(1.,0.,0.));
#8304=DIRECTION('',(0.,-0.99678327516184,0.0801442596674017));
#8305=DIRECTION('',(1.,0.,0.));
#8306=DIRECTION('',(1.,0.,0.));
#8307=DIRECTION('',(0.,-0.999700148388105,-0.0244870029362543));
#8308=DIRECTION('',(0.,0.0244870029362543,-0.999700148388105));
#8309=DIRECTION('',(0.,-0.0244870029362543,0.999700148388106));
#8310=DIRECTION('',(1.,0.,0.));
#8311=DIRECTION('',(0.,0.982945435782591,-0.183897444990877));
#8312=DIRECTION('',(0.,-0.183897444990877,-0.982945435782591));
#8313=DIRECTION('',(0.,-0.183897444990877,-0.982945435782591));
#8314=DIRECTION('',(1.,0.,0.));
#8315=DIRECTION('',(0.,0.,1.));
#8316=DIRECTION('',(1.,0.,0.));
#8317=DIRECTION('',(0.,1.,0.));
#8318=DIRECTION('',(0.,-0.999700148388105,-0.0244870029362543));
#8319=DIRECTION('',(0.,0.0244870029362543,-0.999700148388105));
#8320=DIRECTION('',(0.,-0.0244870029362543,0.999700148388106));
#8321=DIRECTION('',(0.,0.982945435782591,-0.183897444990877));
#8322=DIRECTION('',(0.,-0.183897444990877,-0.982945435782591));
#8323=DIRECTION('',(0.,-0.183897444990877,-0.982945435782591));
#8324=DIRECTION('',(1.,0.,0.));
#8325=DIRECTION('',(0.,1.,0.));
#8326=CARTESIAN_POINT('',(0.,0.,0.));
#8327=CARTESIAN_POINT('',(-0.409952,-0.124775,-0.003));
#8328=CARTESIAN_POINT('',(-0.119315,-0.0113649999999996,-0.003));
#8329=CARTESIAN_POINT('',(-0.120065,-0.0113649999999996,-0.003));
#8330=CARTESIAN_POINT('',(-0.409952,-0.124775,-0.003));
#8331=CARTESIAN_POINT('',(-0.035495,-0.0139049999999996,-0.003));
#8332=CARTESIAN_POINT('',(-0.036245,-0.0139049999999996,-0.003));
#8333=CARTESIAN_POINT('',(-0.409952,-0.124775,-0.003));
#8334=CARTESIAN_POINT('',(-0.046925,-0.054545,-0.003));
#8335=CARTESIAN_POINT('',(-0.047675,-0.054545,-0.003));
#8336=CARTESIAN_POINT('',(-0.409952,-0.124775,-0.003));
#8337=CARTESIAN_POINT('',(-0.046925,-0.138365,-0.003));
#8338=CARTESIAN_POINT('',(-0.047675,-0.138365,-0.003));
#8339=CARTESIAN_POINT('',(-0.409952,-0.124775,-0.003));
#8340=CARTESIAN_POINT('',(-0.062165,-0.092645,-0.003));
#8341=CARTESIAN_POINT('',(-0.062915,-0.092645,-0.003));
#8342=CARTESIAN_POINT('',(-0.409952,-0.124775,-0.003));
#8343=CARTESIAN_POINT('',(-0.234885,-0.138365,-0.003));
#8344=CARTESIAN_POINT('',(-0.235635,-0.138365,-0.003));
#8345=CARTESIAN_POINT('',(-0.409952,-0.124775,-0.003));
#8346=CARTESIAN_POINT('',(-0.234885,-0.054545,-0.003));
#8347=CARTESIAN_POINT('',(-0.235635,-0.054545,-0.003));
#8348=CARTESIAN_POINT('',(-0.409952,-0.124775,-0.003));
#8349=CARTESIAN_POINT('',(-0.189165,-0.054545,-0.003));
#8350=CARTESIAN_POINT('',(-0.189915,-0.054545,-0.003));
#8351=CARTESIAN_POINT('',(-0.409952,-0.124775,-0.003));
#8352=CARTESIAN_POINT('',(-0.189165,-0.138365,-0.003));
#8353=CARTESIAN_POINT('',(-0.189915,-0.138365,-0.003));
#8354=CARTESIAN_POINT('',(-0.409952,-0.124775,-0.003));
#8355=CARTESIAN_POINT('',(-0.119315,-0.054545,-0.003));
#8356=CARTESIAN_POINT('',(-0.120065,-0.054545,-0.003));
#8357=CARTESIAN_POINT('',(-0.409952,-0.124775,-0.003));
#8358=CARTESIAN_POINT('',(-0.196785,-0.0164449999999997,-0.003));
#8359=CARTESIAN_POINT('',(-0.197535,-0.0164449999999997,-0.003));
#8360=CARTESIAN_POINT('',(-0.409952,-0.124775,-0.003));
#8361=CARTESIAN_POINT('',(-0.119315,-0.138365,-0.003));
#8362=CARTESIAN_POINT('',(-0.120065,-0.138365,-0.003));
#8363=CARTESIAN_POINT('',(-0.409952,-0.124775,-0.003));
#8364=CARTESIAN_POINT('',(-0.046925,-0.173925,-0.003));
#8365=CARTESIAN_POINT('',(-0.047675,-0.173925,-0.003));
#8366=CARTESIAN_POINT('',(-0.409952,-0.124775,-0.003));
#8367=CARTESIAN_POINT('',(-0.102805,-0.168845,-0.003));
#8368=CARTESIAN_POINT('',(-0.103555,-0.168845,-0.003));
#8369=CARTESIAN_POINT('',(-0.409952,-0.124775,-0.003));
#8370=CARTESIAN_POINT('',(-0.102805,-0.219645,-0.003));
#8371=CARTESIAN_POINT('',(-0.103555,-0.219645,-0.003));
#8372=CARTESIAN_POINT('',(-0.409952,-0.124775,-0.003));
#8373=CARTESIAN_POINT('',(-0.062165,-0.219645,-0.003));
#8374=CARTESIAN_POINT('',(-0.062915,-0.219645,-0.003));
#8375=CARTESIAN_POINT('',(-0.409952,-0.124775,-0.003));
#8376=CARTESIAN_POINT('',(-0.171385,-0.227265,-0.003));
#8377=CARTESIAN_POINT('',(-0.172135,-0.227265,-0.003));
#8378=CARTESIAN_POINT('',(-0.409952,-0.124775,-0.003));
#8379=CARTESIAN_POINT('',(-0.219645,-0.227265,-0.003));
#8380=CARTESIAN_POINT('',(-0.220395,-0.227265,-0.003));
#8381=CARTESIAN_POINT('',(-0.119315,-0.0113649999999996,-0.0125));
#8382=CARTESIAN_POINT('',(-0.119315,-0.0113649999999996,-0.0115));
#8383=CARTESIAN_POINT('',(-0.120065,-0.0113649999999996,-0.0115));
#8384=CARTESIAN_POINT('',(-0.035495,-0.0139049999999996,-0.0125));
#8385=CARTESIAN_POINT('',(-0.035495,-0.0139049999999996,-0.0115));
#8386=CARTESIAN_POINT('',(-0.036245,-0.0139049999999996,-0.0115));
#8387=CARTESIAN_POINT('',(-0.046925,-0.054545,-0.0125));
#8388=CARTESIAN_POINT('',(-0.046925,-0.054545,-0.0115));
#8389=CARTESIAN_POINT('',(-0.047675,-0.054545,-0.0115));
#8390=CARTESIAN_POINT('',(-0.046925,-0.138365,-0.0125));
#8391=CARTESIAN_POINT('',(-0.046925,-0.138365,-0.0115));
#8392=CARTESIAN_POINT('',(-0.047675,-0.138365,-0.0115));
#8393=CARTESIAN_POINT('',(-0.062165,-0.092645,-0.0125));
#8394=CARTESIAN_POINT('',(-0.062165,-0.092645,-0.0115));
#8395=CARTESIAN_POINT('',(-0.062915,-0.092645,-0.0115));
#8396=CARTESIAN_POINT('',(-0.234885,-0.138365,-0.0125));
#8397=CARTESIAN_POINT('',(-0.234885,-0.138365,-0.0115));
#8398=CARTESIAN_POINT('',(-0.235635,-0.138365,-0.0115));
#8399=CARTESIAN_POINT('',(-0.234885,-0.054545,-0.0125));
#8400=CARTESIAN_POINT('',(-0.234885,-0.054545,-0.0115));
#8401=CARTESIAN_POINT('',(-0.235635,-0.054545,-0.0115));
#8402=CARTESIAN_POINT('',(-0.189165,-0.054545,-0.0125));
#8403=CARTESIAN_POINT('',(-0.189165,-0.054545,-0.0115));
#8404=CARTESIAN_POINT('',(-0.189915,-0.054545,-0.0115));
#8405=CARTESIAN_POINT('',(-0.189165,-0.138365,-0.0125));
#8406=CARTESIAN_POINT('',(-0.189165,-0.138365,-0.0115));
#8407=CARTESIAN_POINT('',(-0.189915,-0.138365,-0.0115));
#8408=CARTESIAN_POINT('',(-0.119315,-0.054545,-0.0125));
#8409=CARTESIAN_POINT('',(-0.119315,-0.054545,-0.0115));
#8410=CARTESIAN_POINT('',(-0.120065,-0.054545,-0.0115));
#8411=CARTESIAN_POINT('',(-0.196785,-0.0164449999999997,-0.0125));
#8412=CARTESIAN_POINT('',(-0.196785,-0.0164449999999997,-0.0115));
#8413=CARTESIAN_POINT('',(-0.197535,-0.0164449999999997,-0.0115));
#8414=CARTESIAN_POINT('',(-0.119315,-0.138365,-0.0125));
#8415=CARTESIAN_POINT('',(-0.119315,-0.138365,-0.0115));
#8416=CARTESIAN_POINT('',(-0.120065,-0.138365,-0.0115));
#8417=CARTESIAN_POINT('',(-0.046925,-0.173925,-0.0125));
#8418=CARTESIAN_POINT('',(-0.046925,-0.173925,-0.0115));
#8419=CARTESIAN_POINT('',(-0.047675,-0.173925,-0.0115));
#8420=CARTESIAN_POINT('',(-0.102805,-0.168845,-0.0125));
#8421=CARTESIAN_POINT('',(-0.102805,-0.168845,-0.0115));
#8422=CARTESIAN_POINT('',(-0.103555,-0.168845,-0.0115));
#8423=CARTESIAN_POINT('',(-0.102805,-0.219645,-0.0125));
#8424=CARTESIAN_POINT('',(-0.102805,-0.219645,-0.0115));
#8425=CARTESIAN_POINT('',(-0.103555,-0.219645,-0.0115));
#8426=CARTESIAN_POINT('',(-0.062165,-0.219645,-0.0125));
#8427=CARTESIAN_POINT('',(-0.062165,-0.219645,-0.0115));
#8428=CARTESIAN_POINT('',(-0.062915,-0.219645,-0.0115));
#8429=CARTESIAN_POINT('',(-0.171385,-0.227265,-0.0125));
#8430=CARTESIAN_POINT('',(-0.171385,-0.227265,-0.0115));
#8431=CARTESIAN_POINT('',(-0.172135,-0.227265,-0.0115));
#8432=CARTESIAN_POINT('',(-0.219645,-0.227265,-0.0125));
#8433=CARTESIAN_POINT('',(-0.219645,-0.227265,-0.0115));
#8434=CARTESIAN_POINT('',(-0.220395,-0.227265,-0.0115));
#8435=CARTESIAN_POINT('',(-0.119315,-0.0113649999999996,-0.0115));
#8436=CARTESIAN_POINT('',(-0.119315,-0.0113649999999996,-0.0125));
#8437=CARTESIAN_POINT('',(-0.122165,-0.0113649999999996,-0.0125));
#8438=CARTESIAN_POINT('',(-0.035495,-0.0139049999999996,-0.0115));
#8439=CARTESIAN_POINT('',(-0.035495,-0.0139049999999996,-0.0125));
#8440=CARTESIAN_POINT('',(-0.038345,-0.0139049999999996,-0.0125));
#8441=CARTESIAN_POINT('',(-0.046925,-0.054545,-0.0115));
#8442=CARTESIAN_POINT('',(-0.046925,-0.054545,-0.0125));
#8443=CARTESIAN_POINT('',(-0.049775,-0.054545,-0.0125));
#8444=CARTESIAN_POINT('',(-0.046925,-0.138365,-0.0115));
#8445=CARTESIAN_POINT('',(-0.046925,-0.138365,-0.0125));
#8446=CARTESIAN_POINT('',(-0.049775,-0.138365,-0.0125));
#8447=CARTESIAN_POINT('',(-0.062165,-0.092645,-0.0115));
#8448=CARTESIAN_POINT('',(-0.062165,-0.092645,-0.0125));
#8449=CARTESIAN_POINT('',(-0.065015,-0.092645,-0.0125));
#8450=CARTESIAN_POINT('',(-0.234885,-0.138365,-0.0115));
#8451=CARTESIAN_POINT('',(-0.234885,-0.138365,-0.0125));
#8452=CARTESIAN_POINT('',(-0.237735,-0.138365,-0.0125));
#8453=CARTESIAN_POINT('',(-0.234885,-0.054545,-0.0115));
#8454=CARTESIAN_POINT('',(-0.234885,-0.054545,-0.0125));
#8455=CARTESIAN_POINT('',(-0.237735,-0.054545,-0.0125));
#8456=CARTESIAN_POINT('',(-0.189165,-0.054545,-0.0115));
#8457=CARTESIAN_POINT('',(-0.189165,-0.054545,-0.0125));
#8458=CARTESIAN_POINT('',(-0.192015,-0.054545,-0.0125));
#8459=CARTESIAN_POINT('',(-0.189165,-0.138365,-0.0115));
#8460=CARTESIAN_POINT('',(-0.189165,-0.138365,-0.0125));
#8461=CARTESIAN_POINT('',(-0.192015,-0.138365,-0.0125));
#8462=CARTESIAN_POINT('',(-0.119315,-0.054545,-0.0115));
#8463=CARTESIAN_POINT('',(-0.119315,-0.054545,-0.0125));
#8464=CARTESIAN_POINT('',(-0.122165,-0.054545,-0.0125));
#8465=CARTESIAN_POINT('',(-0.196785,-0.0164449999999997,-0.0115));
#8466=CARTESIAN_POINT('',(-0.196785,-0.0164449999999997,-0.0125));
#8467=CARTESIAN_POINT('',(-0.199635,-0.0164449999999997,-0.0125));
#8468=CARTESIAN_POINT('',(-0.119315,-0.138365,-0.0115));
#8469=CARTESIAN_POINT('',(-0.119315,-0.138365,-0.0125));
#8470=CARTESIAN_POINT('',(-0.122165,-0.138365,-0.0125));
#8471=CARTESIAN_POINT('',(-0.046925,-0.173925,-0.0115));
#8472=CARTESIAN_POINT('',(-0.046925,-0.173925,-0.0125));
#8473=CARTESIAN_POINT('',(-0.049775,-0.173925,-0.0125));
#8474=CARTESIAN_POINT('',(-0.102805,-0.168845,-0.0115));
#8475=CARTESIAN_POINT('',(-0.102805,-0.168845,-0.0125));
#8476=CARTESIAN_POINT('',(-0.105655,-0.168845,-0.0125));
#8477=CARTESIAN_POINT('',(-0.102805,-0.219645,-0.0115));
#8478=CARTESIAN_POINT('',(-0.102805,-0.219645,-0.0125));
#8479=CARTESIAN_POINT('',(-0.105655,-0.219645,-0.0125));
#8480=CARTESIAN_POINT('',(-0.062165,-0.219645,-0.0115));
#8481=CARTESIAN_POINT('',(-0.062165,-0.219645,-0.0125));
#8482=CARTESIAN_POINT('',(-0.065015,-0.219645,-0.0125));
#8483=CARTESIAN_POINT('',(-0.171385,-0.227265,-0.0115));
#8484=CARTESIAN_POINT('',(-0.171385,-0.227265,-0.0125));
#8485=CARTESIAN_POINT('',(-0.174235,-0.227265,-0.0125));
#8486=CARTESIAN_POINT('',(-0.219645,-0.227265,-0.0115));
#8487=CARTESIAN_POINT('',(-0.219645,-0.227265,-0.0125));
#8488=CARTESIAN_POINT('',(-0.222495,-0.227265,-0.0125));
#8489=CARTESIAN_POINT('',(0.0496310229078578,-0.155381710962543,-0.0246262637232424));
#8490=CARTESIAN_POINT('',(-0.0113939770921457,-0.0445608813912396,-0.0335365790977428));
#8491=CARTESIAN_POINT('',(-0.0113939770921457,-0.0425673148409159,-0.0336968676170777));
#8492=CARTESIAN_POINT('',(0.0510454928877336,-0.322216675525291,-0.0112122498099896));
#8493=CARTESIAN_POINT('',(-0.00997950711226997,-0.211395845953987,-0.02012256518449));
#8494=CARTESIAN_POINT('',(-0.00997950711226997,-0.209402279403664,-0.0202828537038248));
#8495=CARTESIAN_POINT('',(0.0503382578977957,-0.238799193243917,-0.017919256766616));
#8496=CARTESIAN_POINT('',(-0.0106867421022079,-0.127978363672614,-0.0268295721411165));
#8497=CARTESIAN_POINT('',(-0.0106867421022079,-0.12598479712229,-0.0269898606604513));
#8498=CARTESIAN_POINT('',(-0.0773421332448776,-0.12549459826173,-0.0270292740673054));
#8499=CARTESIAN_POINT('',(-0.138367133244881,-0.0146737686904258,-0.0359395894418058));
#8500=CARTESIAN_POINT('',(-0.138367133244881,-0.0126802021401022,-0.0360998779611407));
#8501=CARTESIAN_POINT('',(-0.180974999999996,-0.12549459826173,-0.0270292740673054));
#8502=CARTESIAN_POINT('',(-0.242,-0.0146737686904258,-0.0359395894418058));
#8503=CARTESIAN_POINT('',(-0.242,-0.0126802021401022,-0.0360998779611407));
#8504=CARTESIAN_POINT('',(0.0262907335102411,-0.12549459826173,-0.0270292740673054));
#8505=CARTESIAN_POINT('',(-0.0347342664897624,-0.0146737686904258,-0.0359395894418058));
#8506=CARTESIAN_POINT('',(-0.0347342664897624,-0.0126802021401022,-0.0360998779611407));
#8507=CARTESIAN_POINT('',(0.0262907335102411,-0.352120173780147,-0.00880792201996753));
#8508=CARTESIAN_POINT('',(-0.0347342664897624,-0.241299344208843,-0.0177182373944679));
#8509=CARTESIAN_POINT('',(-0.0347342664897624,-0.239305777658519,-0.0178785259138028));
#8510=CARTESIAN_POINT('',(-0.180974999999996,-0.352120173780147,-0.00880792201996753));
#8511=CARTESIAN_POINT('',(-0.242,-0.241299344208843,-0.0177182373944679));
#8512=CARTESIAN_POINT('',(-0.242,-0.239305777658519,-0.0178785259138028));
#8513=CARTESIAN_POINT('',(-0.0773421332448777,-0.352120173780147,-0.00880792201996753));
#8514=CARTESIAN_POINT('',(-0.138367133244881,-0.241299344208843,-0.0177182373944679));
#8515=CARTESIAN_POINT('',(-0.138367133244881,-0.239305777658519,-0.0178785259138028));
#8516=CARTESIAN_POINT('',(0.045084999999998,0.0916155335025406,-0.0125));
#8517=CARTESIAN_POINT('',(-0.119315,-0.0113649999999996,-0.0125));
#8518=CARTESIAN_POINT('',(-0.122815,-0.0113649999999996,-0.0125));
#8519=CARTESIAN_POINT('',(0.128904999999998,0.0890755335025406,-0.0125));
#8520=CARTESIAN_POINT('',(-0.035495,-0.0139049999999996,-0.0125));
#8521=CARTESIAN_POINT('',(-0.038995,-0.0139049999999996,-0.0125));
#8522=CARTESIAN_POINT('',(0.117474999999998,0.0484355335025405,-0.0125));
#8523=CARTESIAN_POINT('',(-0.046925,-0.054545,-0.0125));
#8524=CARTESIAN_POINT('',(-0.050425,-0.054545,-0.0125));
#8525=CARTESIAN_POINT('',(0.117474999999998,-0.0353844664974595,-0.0125));
#8526=CARTESIAN_POINT('',(-0.046925,-0.138365,-0.0125));
#8527=CARTESIAN_POINT('',(-0.050425,-0.138365,-0.0125));
#8528=CARTESIAN_POINT('',(0.102234999999998,0.0103355335025405,-0.0125));
#8529=CARTESIAN_POINT('',(-0.062165,-0.092645,-0.0125));
#8530=CARTESIAN_POINT('',(-0.065665,-0.092645,-0.0125));
#8531=CARTESIAN_POINT('',(-0.070485000000002,-0.0353844664974595,-0.0125));
#8532=CARTESIAN_POINT('',(-0.234885,-0.138365,-0.0125));
#8533=CARTESIAN_POINT('',(-0.238385,-0.138365,-0.0125));
#8534=CARTESIAN_POINT('',(-0.070485000000002,0.0484355335025406,-0.0125));
#8535=CARTESIAN_POINT('',(-0.234885,-0.054545,-0.0125));
#8536=CARTESIAN_POINT('',(-0.238385,-0.054545,-0.0125));
#8537=CARTESIAN_POINT('',(-0.0247650000000019,0.0484355335025405,-0.0125));
#8538=CARTESIAN_POINT('',(-0.189165,-0.054545,-0.0125));
#8539=CARTESIAN_POINT('',(-0.192665,-0.054545,-0.0125));
#8540=CARTESIAN_POINT('',(-0.0247650000000019,-0.0353844664974595,-0.0125));
#8541=CARTESIAN_POINT('',(-0.189165,-0.138365,-0.0125));
#8542=CARTESIAN_POINT('',(-0.192665,-0.138365,-0.0125));
#8543=CARTESIAN_POINT('',(0.045084999999998,0.0484355335025405,-0.0125));
#8544=CARTESIAN_POINT('',(-0.119315,-0.054545,-0.0125));
#8545=CARTESIAN_POINT('',(-0.122815,-0.054545,-0.0125));
#8546=CARTESIAN_POINT('',(-0.0323850000000019,0.0865355335025406,-0.0125));
#8547=CARTESIAN_POINT('',(-0.196785,-0.0164449999999997,-0.0125));
#8548=CARTESIAN_POINT('',(-0.200285,-0.0164449999999997,-0.0125));
#8549=CARTESIAN_POINT('',(0.045084999999998,-0.0353844664974595,-0.0125));
#8550=CARTESIAN_POINT('',(-0.119315,-0.138365,-0.0125));
#8551=CARTESIAN_POINT('',(-0.122815,-0.138365,-0.0125));
#8552=CARTESIAN_POINT('',(0.117474999999998,-0.0709444664974595,-0.0125));
#8553=CARTESIAN_POINT('',(-0.046925,-0.173925,-0.0125));
#8554=CARTESIAN_POINT('',(-0.050425,-0.173925,-0.0125));
#8555=CARTESIAN_POINT('',(0.061594999999998,-0.0658644664974595,-0.0125));
#8556=CARTESIAN_POINT('',(-0.102805,-0.168845,-0.0125));
#8557=CARTESIAN_POINT('',(-0.106305,-0.168845,-0.0125));
#8558=CARTESIAN_POINT('',(0.061594999999998,-0.116664466497459,-0.0125));
#8559=CARTESIAN_POINT('',(-0.102805,-0.219645,-0.0125));
#8560=CARTESIAN_POINT('',(-0.106305,-0.219645,-0.0125));
#8561=CARTESIAN_POINT('',(0.102234999999998,-0.116664466497459,-0.0125));
#8562=CARTESIAN_POINT('',(-0.062165,-0.219645,-0.0125));
#8563=CARTESIAN_POINT('',(-0.065665,-0.219645,-0.0125));
#8564=CARTESIAN_POINT('',(-0.00698500000000202,-0.124284466497459,-0.0125));
#8565=CARTESIAN_POINT('',(-0.171385,-0.227265,-0.0125));
#8566=CARTESIAN_POINT('',(-0.174885,-0.227265,-0.0125));
#8567=CARTESIAN_POINT('',(-0.055245000000002,-0.124284466497459,-0.0125));
#8568=CARTESIAN_POINT('',(-0.219645,-0.227265,-0.0125));
#8569=CARTESIAN_POINT('',(-0.223145,-0.227265,-0.0125));
#8570=CARTESIAN_POINT('',(-0.0123939770921457,-0.0434839538564103,-0.0326199400822484));
#8571=CARTESIAN_POINT('',(-0.0123939770921457,-0.0434839538564103,-0.0326199400822484));
#8572=CARTESIAN_POINT('',(-0.0123939770921457,-0.0394968207557629,-0.032940517120918));
#8573=CARTESIAN_POINT('',(-0.0163939770921457,-0.0434839538564103,-0.0326199400822484));
#8574=CARTESIAN_POINT('',(-0.0123939770921457,-0.0394968207557629,-0.032940517120918));
#8575=CARTESIAN_POINT('',(-0.0123939770921457,-0.0398975420540999,-0.0379244334967272));
#8576=CARTESIAN_POINT('',(-0.0123939770921457,-0.0438846751547473,-0.0376038564580576));
#8577=CARTESIAN_POINT('',(-0.0163939770921457,-0.0438846751547473,-0.0376038564580576));
#8578=CARTESIAN_POINT('',(-0.0163939770921457,-0.0434839538564103,-0.0326199400822484));
#8579=CARTESIAN_POINT('',(-0.0163939770921457,-0.0444807371315721,-0.032539795822581));
#8580=CARTESIAN_POINT('',(-0.0163939770921457,-0.0448814584299091,-0.0375237121983902));
#8581=CARTESIAN_POINT('',(-0.0163939770921457,-0.045878241705071,-0.0374435679387228));
#8582=CARTESIAN_POINT('',(-0.0163939770921457,-0.045477520406734,-0.0324596515629136));
#8583=CARTESIAN_POINT('',(-0.0163939770921457,-0.045477520406734,-0.0324596515629136));
#8584=CARTESIAN_POINT('',(-0.0163939770921457,-0.0444807371315721,-0.032539795822581));
#8585=CARTESIAN_POINT('',(-0.0123939770921457,-0.045477520406734,-0.0324596515629136));
#8586=CARTESIAN_POINT('',(-0.0123939770921457,-0.045477520406734,-0.0324596515629136));
#8587=CARTESIAN_POINT('',(-0.0123939770921457,-0.0494646535073813,-0.032139074524244));
#8588=CARTESIAN_POINT('',(-0.0123939770921457,-0.045878241705071,-0.0374435679387228));
#8589=CARTESIAN_POINT('',(-0.0123939770921457,-0.0498653748057184,-0.0371229909000532));
#8590=CARTESIAN_POINT('',(-0.0123939770921457,-0.0498653748057184,-0.0371229909000532));
#8591=CARTESIAN_POINT('',(-0.0113939770921457,-0.0445608813912396,-0.0335365790977428));
#8592=CARTESIAN_POINT('',(-0.0113939770921457,-0.0448814584299091,-0.0375237121983902));
#8593=CARTESIAN_POINT('',(-0.0113939770921457,-0.0428878918795855,-0.037684000717725));
#8594=CARTESIAN_POINT('',(-0.0113939770921457,-0.0494646535073813,-0.032139074524244));
#8595=CARTESIAN_POINT('',(-0.0104049071608223,-0.0494729852365655,-0.0322426992671566));
#8596=CARTESIAN_POINT('',(-0.0109195201657299,-0.0498653748057184,-0.0371229909000532));
#8597=CARTESIAN_POINT('',(-0.0102882177234644,-0.0493840101861628,-0.0311360842392536));
#8598=CARTESIAN_POINT('',(-0.0109078444618499,-0.0494287222277875,-0.031692184145532));
#8599=CARTESIAN_POINT('',(-0.0114057859731699,-0.0494646535073813,-0.032139074524244));
#8600=CARTESIAN_POINT('',(-0.0113939770921457,-0.0494646535073813,-0.032139074524244));
#8601=CARTESIAN_POINT('',(-0.0113939770921457,-0.0498653748057184,-0.0371229909000532));
#8602=CARTESIAN_POINT('',(0.0496310229078578,-0.155301566702876,-0.0236294804480805));
#8603=CARTESIAN_POINT('',(-0.0115240268014555,-0.0355182957355209,-0.0332604020450143));
#8604=CARTESIAN_POINT('',(-0.0114902958373254,-0.0394968207557629,-0.032940517120918));
#8605=CARTESIAN_POINT('',(-0.0113939770921457,-0.0394968207557629,-0.032940517120918));
#8606=CARTESIAN_POINT('',(-0.0113939770921457,-0.0394968207557629,-0.032940517120918));
#8607=CARTESIAN_POINT('',(-0.011437100738633,-0.0394929822166561,-0.0328927758154438));
#8608=CARTESIAN_POINT('',(-0.0104474024279292,-0.0394215659440476,-0.0320045456863497));
#8609=CARTESIAN_POINT('',(-0.0110273183360611,-0.0398637486156216,-0.0375041322246803));
#8610=CARTESIAN_POINT('',(-0.0110716379212098,-0.0398975420540999,-0.0379244334967272));
#8611=CARTESIAN_POINT('',(-0.0113939770921457,-0.0398975420540999,-0.0379244334967272));
#8612=CARTESIAN_POINT('',(-0.01097950711227,-0.210318918419159,-0.0192059261689956));
#8613=CARTESIAN_POINT('',(-0.01097950711227,-0.210318918419159,-0.0192059261689956));
#8614=CARTESIAN_POINT('',(-0.01097950711227,-0.206331785318511,-0.0195265032076652));
#8615=CARTESIAN_POINT('',(-0.01497950711227,-0.210318918419159,-0.0192059261689956));
#8616=CARTESIAN_POINT('',(-0.01097950711227,-0.206331785318511,-0.0195265032076652));
#8617=CARTESIAN_POINT('',(-0.01097950711227,-0.206732506616848,-0.0245104195834744));
#8618=CARTESIAN_POINT('',(-0.01097950711227,-0.210719639717495,-0.0241898425448048));
#8619=CARTESIAN_POINT('',(-0.01497950711227,-0.210719639717495,-0.0241898425448048));
#8620=CARTESIAN_POINT('',(-0.01497950711227,-0.210318918419159,-0.0192059261689956));
#8621=CARTESIAN_POINT('',(-0.01497950711227,-0.21131570169432,-0.0191257819093282));
#8622=CARTESIAN_POINT('',(-0.01497950711227,-0.211716422992657,-0.0241096982851374));
#8623=CARTESIAN_POINT('',(-0.01497950711227,-0.212713206267819,-0.02402955402547));
#8624=CARTESIAN_POINT('',(-0.01497950711227,-0.212312484969482,-0.0190456376496608));
#8625=CARTESIAN_POINT('',(-0.01497950711227,-0.212312484969482,-0.0190456376496608));
#8626=CARTESIAN_POINT('',(-0.01497950711227,-0.21131570169432,-0.0191257819093282));
#8627=CARTESIAN_POINT('',(-0.01097950711227,-0.212312484969482,-0.0190456376496608));
#8628=CARTESIAN_POINT('',(-0.01097950711227,-0.212312484969482,-0.0190456376496608));
#8629=CARTESIAN_POINT('',(-0.01097950711227,-0.21629961807013,-0.0187250606109912));
#8630=CARTESIAN_POINT('',(-0.01097950711227,-0.212713206267819,-0.02402955402547));
#8631=CARTESIAN_POINT('',(-0.01097950711227,-0.216700339368466,-0.0237089769868004));
#8632=CARTESIAN_POINT('',(-0.01097950711227,-0.216700339368466,-0.0237089769868004));
#8633=CARTESIAN_POINT('',(-0.00997950711226997,-0.211395845953987,-0.02012256518449));
#8634=CARTESIAN_POINT('',(-0.00997950711226997,-0.211716422992657,-0.0241096982851374));
#8635=CARTESIAN_POINT('',(-0.00997950711226997,-0.209722856442334,-0.0242699868044722));
#8636=CARTESIAN_POINT('',(-0.00997950711226997,-0.21629961807013,-0.0187250606109912));
#8637=CARTESIAN_POINT('',(-0.00899043718094655,-0.216307949799314,-0.0188286853539037));
#8638=CARTESIAN_POINT('',(-0.00950505018585413,-0.216700339368466,-0.0237089769868004));
#8639=CARTESIAN_POINT('',(-0.00887374774358868,-0.216218974748911,-0.0177220703260008));
#8640=CARTESIAN_POINT('',(-0.00949337448197411,-0.216263686790536,-0.0182781702322792));
#8641=CARTESIAN_POINT('',(-0.00999131599329411,-0.21629961807013,-0.0187250606109912));
#8642=CARTESIAN_POINT('',(-0.00997950711226997,-0.21629961807013,-0.0187250606109912));
#8643=CARTESIAN_POINT('',(-0.00997950711226997,-0.216700339368466,-0.0237089769868004));
#8644=CARTESIAN_POINT('',(0.0510454928877336,-0.322136531265625,-0.0102154665348277));
#8645=CARTESIAN_POINT('',(-0.0101095568215797,-0.202353260298269,-0.0198463881317614));
#8646=CARTESIAN_POINT('',(-0.0100758258574496,-0.206331785318511,-0.0195265032076652));
#8647=CARTESIAN_POINT('',(-0.00997950711226997,-0.206331785318511,-0.0195265032076652));
#8648=CARTESIAN_POINT('',(-0.00997950711226997,-0.206331785318511,-0.0195265032076652));
#8649=CARTESIAN_POINT('',(-0.0100226307587572,-0.206327946779404,-0.0194787619021909));
#8650=CARTESIAN_POINT('',(-0.00903293244805349,-0.206256530506796,-0.0185905317730969));
#8651=CARTESIAN_POINT('',(-0.00961284835618536,-0.20669871317837,-0.0240901183114275));
#8652=CARTESIAN_POINT('',(-0.00965716794133404,-0.206732506616848,-0.0245104195834744));
#8653=CARTESIAN_POINT('',(-0.00997950711226997,-0.206732506616848,-0.0245104195834744));
#8654=CARTESIAN_POINT('',(-0.0116867421022079,-0.128895002688108,-0.0257526446062872));
#8655=CARTESIAN_POINT('',(-0.0116867421022079,-0.128895002688108,-0.0257526446062872));
#8656=CARTESIAN_POINT('',(-0.0156867421022079,-0.128895002688108,-0.0257526446062872));
#8657=CARTESIAN_POINT('',(-0.0116867421022079,-0.132882135788755,-0.0254320675676176));
#8658=CARTESIAN_POINT('',(-0.0156867421022079,-0.128895002688108,-0.0257526446062872));
#8659=CARTESIAN_POINT('',(-0.0156867421022079,-0.129295723986445,-0.0307365609820964));
#8660=CARTESIAN_POINT('',(-0.0116867421022079,-0.129295723986445,-0.0307365609820964));
#8661=CARTESIAN_POINT('',(-0.0116867421022079,-0.133282857087092,-0.0304159839434268));
#8662=CARTESIAN_POINT('',(-0.0116867421022079,-0.133282857087092,-0.0304159839434268));
#8663=CARTESIAN_POINT('',(-0.0116867421022079,-0.126901436137784,-0.025912933125622));
#8664=CARTESIAN_POINT('',(-0.0116867421022079,-0.126901436137784,-0.025912933125622));
#8665=CARTESIAN_POINT('',(-0.0116867421022079,-0.122914303037137,-0.0262335101642916));
#8666=CARTESIAN_POINT('',(-0.0156867421022079,-0.126901436137784,-0.025912933125622));
#8667=CARTESIAN_POINT('',(-0.0116867421022079,-0.122914303037137,-0.0262335101642916));
#8668=CARTESIAN_POINT('',(-0.0116867421022079,-0.123315024335474,-0.0312174265401008));
#8669=CARTESIAN_POINT('',(-0.0116867421022079,-0.127302157436121,-0.0308968495014312));
#8670=CARTESIAN_POINT('',(-0.0156867421022079,-0.127302157436121,-0.0308968495014312));
#8671=CARTESIAN_POINT('',(-0.0156867421022079,-0.126901436137784,-0.025912933125622));
#8672=CARTESIAN_POINT('',(-0.0156867421022079,-0.127898219412946,-0.0258327888659546));
#8673=CARTESIAN_POINT('',(-0.0156867421022079,-0.127898219412946,-0.0258327888659546));
#8674=CARTESIAN_POINT('',(-0.0156867421022079,-0.128298940711283,-0.0308167052417638));
#8675=CARTESIAN_POINT('',(-0.0106867421022079,-0.127978363672614,-0.0268295721411165));
#8676=CARTESIAN_POINT('',(-0.0106867421022079,-0.128298940711283,-0.0308167052417638));
#8677=CARTESIAN_POINT('',(-0.0106867421022079,-0.12630537416096,-0.0309769937610986));
#8678=CARTESIAN_POINT('',(-0.0106867421022079,-0.132882135788755,-0.0254320675676176));
#8679=CARTESIAN_POINT('',(-0.0106867421022079,-0.133282857087092,-0.0304159839434268));
#8680=CARTESIAN_POINT('',(-0.010212285175792,-0.133282857087092,-0.0304159839434268));
#8681=CARTESIAN_POINT('',(-0.00969767217088442,-0.13289046751794,-0.0255356923105301));
#8682=CARTESIAN_POINT('',(-0.00958098273352655,-0.132801492467537,-0.0244290772826272));
#8683=CARTESIAN_POINT('',(-0.010200609471912,-0.132846204509162,-0.0249851771889055));
#8684=CARTESIAN_POINT('',(-0.010698550983232,-0.132882135788755,-0.0254320675676176));
#8685=CARTESIAN_POINT('',(-0.0106867421022079,-0.132882135788755,-0.0254320675676176));
#8686=CARTESIAN_POINT('',(0.0503382578977957,-0.23871904898425,-0.0169224734914541));
#8687=CARTESIAN_POINT('',(-0.0108167918115176,-0.118935778016895,-0.0265533950883878));
#8688=CARTESIAN_POINT('',(-0.0107830608473875,-0.122914303037137,-0.0262335101642916));
#8689=CARTESIAN_POINT('',(-0.0106867421022079,-0.122914303037137,-0.0262335101642916));
#8690=CARTESIAN_POINT('',(-0.0106867421022079,-0.122914303037137,-0.0262335101642916));
#8691=CARTESIAN_POINT('',(-0.0107298657486951,-0.12291046449803,-0.0261857688588173));
#8692=CARTESIAN_POINT('',(-0.00974016743799137,-0.122839048225422,-0.0252975387297233));
#8693=CARTESIAN_POINT('',(-0.0103200833461232,-0.123281230896996,-0.0307971252680539));
#8694=CARTESIAN_POINT('',(-0.0103644029312719,-0.123315024335474,-0.0312174265401008));
#8695=CARTESIAN_POINT('',(-0.0106867421022079,-0.123315024335474,-0.0312174265401008));
#8696=CARTESIAN_POINT('',(-0.139367133244881,-0.0155904077059203,-0.0348626619069766));
#8697=CARTESIAN_POINT('',(-0.139367133244881,-0.0155904077059203,-0.0348626619069766));
#8698=CARTESIAN_POINT('',(-0.143367133244881,-0.0155904077059203,-0.0348626619069766));
#8699=CARTESIAN_POINT('',(-0.139367133244881,-0.0195775408065677,-0.034542084868307));
#8700=CARTESIAN_POINT('',(-0.143367133244881,-0.0155904077059203,-0.0348626619069766));
#8701=CARTESIAN_POINT('',(-0.143367133244881,-0.0159911290042573,-0.0398465782827859));
#8702=CARTESIAN_POINT('',(-0.139367133244881,-0.0159911290042573,-0.0398465782827859));
#8703=CARTESIAN_POINT('',(-0.139367133244881,-0.0199782621049047,-0.0395260012441162));
#8704=CARTESIAN_POINT('',(-0.139367133244881,-0.0199782621049047,-0.0395260012441162));
#8705=CARTESIAN_POINT('',(-0.138367133244881,-0.0195775408065677,-0.034542084868307));
#8706=CARTESIAN_POINT('',(-0.138367133244881,-0.0199782621049047,-0.0395260012441162));
#8707=CARTESIAN_POINT('',(-0.137367133244881,-0.0199782621049047,-0.0395260012441162));
#8708=CARTESIAN_POINT('',(-0.137367133244881,-0.0195775408065677,-0.034542084868307));
#8709=CARTESIAN_POINT('',(-0.137367133244881,-0.0195775408065677,-0.034542084868307));
#8710=CARTESIAN_POINT('',(-0.138367133244881,-0.0195775408065677,-0.034542084868307));
#8711=CARTESIAN_POINT('',(-0.137367133244881,-0.0155904077059203,-0.0348626619069766));
#8712=CARTESIAN_POINT('',(-0.137367133244881,-0.0155904077059203,-0.0348626619069766));
#8713=CARTESIAN_POINT('',(-0.133367133244881,-0.0155904077059203,-0.0348626619069766));
#8714=CARTESIAN_POINT('',(-0.137367133244881,-0.0159911290042573,-0.0398465782827859));
#8715=CARTESIAN_POINT('',(-0.133367133244881,-0.0159911290042573,-0.0398465782827859));
#8716=CARTESIAN_POINT('',(-0.133367133244881,-0.0155904077059203,-0.0348626619069766));
#8717=CARTESIAN_POINT('',(-0.138367133244881,-0.0146737686904258,-0.0359395894418058));
#8718=CARTESIAN_POINT('',(-0.138367133244881,-0.0149943457290954,-0.0399267225424532));
#8719=CARTESIAN_POINT('',(-0.138367133244881,-0.0130007791787718,-0.0400870110617881));
#8720=CARTESIAN_POINT('',(-0.133367133244881,-0.0145936244307584,-0.0349428061666441));
#8721=CARTESIAN_POINT('',(-0.133367133244881,-0.0149943457290954,-0.0399267225424532));
#8722=CARTESIAN_POINT('',(-0.133367133244881,-0.0145972433974247,-0.0399586507189957));
#8723=CARTESIAN_POINT('',(-0.133367133244881,-0.0136904511596316,-0.0351117791847771));
#8724=CARTESIAN_POINT('',(-0.133367133244881,-0.0134928457689414,-0.0340555637660441));
#8725=CARTESIAN_POINT('',(-0.133367133244881,-0.0146475124111668,-0.0349384734170861));
#8726=CARTESIAN_POINT('',(-0.133367133244881,-0.0146475124111668,-0.0349384734170861));
#8727=CARTESIAN_POINT('',(-0.133367133244881,-0.0145936244307584,-0.0349428061666441));
#8728=CARTESIAN_POINT('',(-0.0773421332448776,-0.125414454002062,-0.0260324907921436));
#8729=CARTESIAN_POINT('',(-0.147367133244881,-0.0146475124111668,-0.0349384734170861));
#8730=CARTESIAN_POINT('',(-0.143367133244881,-0.0146475124111668,-0.0349384734170861));
#8731=CARTESIAN_POINT('',(-0.143367133244881,-0.0145936244307584,-0.0349428061666441));
#8732=CARTESIAN_POINT('',(-0.143367133244881,-0.0145936244307584,-0.0349428061666441));
#8733=CARTESIAN_POINT('',(-0.143367133244881,-0.0149943457290954,-0.0399267225424532));
#8734=CARTESIAN_POINT('',(-0.143367133244881,-0.0145972433974247,-0.0399586507189957));
#8735=CARTESIAN_POINT('',(-0.143367133244881,-0.014615597499921,-0.034914069851485));
#8736=CARTESIAN_POINT('',(-0.143367133244881,-0.0134928457689414,-0.0340555637660441));
#8737=CARTESIAN_POINT('',(-0.143367133244881,-0.0145199297961324,-0.0395454038056524));
#8738=CARTESIAN_POINT('',(-0.241,-0.0155904077059203,-0.0348626619069766));
#8739=CARTESIAN_POINT('',(-0.241,-0.0155904077059203,-0.0348626619069766));
#8740=CARTESIAN_POINT('',(-0.241,-0.0195775408065677,-0.034542084868307));
#8741=CARTESIAN_POINT('',(-0.237,-0.0155904077059203,-0.0348626619069766));
#8742=CARTESIAN_POINT('',(-0.241,-0.0195775408065677,-0.034542084868307));
#8743=CARTESIAN_POINT('',(-0.241,-0.0199782621049047,-0.0395260012441162));
#8744=CARTESIAN_POINT('',(-0.241,-0.0159911290042573,-0.0398465782827859));
#8745=CARTESIAN_POINT('',(-0.237,-0.0159911290042573,-0.0398465782827859));
#8746=CARTESIAN_POINT('',(-0.237,-0.0155904077059203,-0.0348626619069766));
#8747=CARTESIAN_POINT('',(-0.243,-0.0155904077059203,-0.0348626619069766));
#8748=CARTESIAN_POINT('',(-0.243,-0.0155904077059203,-0.0348626619069766));
#8749=CARTESIAN_POINT('',(-0.247,-0.0155904077059203,-0.0348626619069766));
#8750=CARTESIAN_POINT('',(-0.243,-0.0195775408065677,-0.034542084868307));
#8751=CARTESIAN_POINT('',(-0.247,-0.0155904077059203,-0.0348626619069766));
#8752=CARTESIAN_POINT('',(-0.247,-0.0159911290042573,-0.0398465782827859));
#8753=CARTESIAN_POINT('',(-0.243,-0.0159911290042573,-0.0398465782827859));
#8754=CARTESIAN_POINT('',(-0.243,-0.0199782621049047,-0.0395260012441162));
#8755=CARTESIAN_POINT('',(-0.243,-0.0199782621049047,-0.0395260012441162));
#8756=CARTESIAN_POINT('',(-0.242,-0.0195775408065677,-0.034542084868307));
#8757=CARTESIAN_POINT('',(-0.242,-0.0195775408065677,-0.034542084868307));
#8758=CARTESIAN_POINT('',(-0.242,-0.0199782621049047,-0.0395260012441162));
#8759=CARTESIAN_POINT('',(-0.242,-0.0146737686904258,-0.0359395894418058));
#8760=CARTESIAN_POINT('',(-0.242,-0.0149943457290954,-0.0399267225424532));
#8761=CARTESIAN_POINT('',(-0.242,-0.0130007791787718,-0.0400870110617881));
#8762=CARTESIAN_POINT('',(-0.237,-0.0145936244307584,-0.0349428061666441));
#8763=CARTESIAN_POINT('',(-0.237,-0.0136904511596316,-0.0351117791847771));
#8764=CARTESIAN_POINT('',(-0.237,-0.0145972433974247,-0.0399586507189957));
#8765=CARTESIAN_POINT('',(-0.237,-0.0134928457689414,-0.0340555637660441));
#8766=CARTESIAN_POINT('',(-0.237,-0.0146475124111668,-0.0349384734170861));
#8767=CARTESIAN_POINT('',(-0.237,-0.0146475124111668,-0.0349384734170861));
#8768=CARTESIAN_POINT('',(-0.237,-0.0145936244307584,-0.0349428061666441));
#8769=CARTESIAN_POINT('',(-0.237,-0.0149943457290954,-0.0399267225424532));
#8770=CARTESIAN_POINT('',(-0.180974999999996,-0.125414454002062,-0.0260324907921436));
#8771=CARTESIAN_POINT('',(-0.251,-0.0146475124111668,-0.0349384734170861));
#8772=CARTESIAN_POINT('',(-0.247,-0.0146475124111668,-0.0349384734170861));
#8773=CARTESIAN_POINT('',(-0.247,-0.0145936244307584,-0.0349428061666441));
#8774=CARTESIAN_POINT('',(-0.247,-0.0145936244307584,-0.0349428061666441));
#8775=CARTESIAN_POINT('',(-0.247,-0.014615597499921,-0.034914069851485));
#8776=CARTESIAN_POINT('',(-0.247,-0.0134928457689414,-0.0340555637660441));
#8777=CARTESIAN_POINT('',(-0.247,-0.0145199297961324,-0.0395454038056524));
#8778=CARTESIAN_POINT('',(-0.247,-0.0145972433974247,-0.0399586507189957));
#8779=CARTESIAN_POINT('',(-0.247,-0.0149943457290954,-0.0399267225424532));
#8780=CARTESIAN_POINT('',(-0.409952,-0.00294883630734776,0.000551692334972798));
#8781=CARTESIAN_POINT('',(-0.07,-0.00793813445524872,-0.0261164750366896));
#8782=CARTESIAN_POINT('',(-0.0745,-0.00793813445524872,-0.0261164750366896));
#8783=CARTESIAN_POINT('',(-0.0735,-0.00793813445524872,-0.0261164750366896));
#8784=CARTESIAN_POINT('',(-0.0745,-0.00823237036723412,-0.0276891877339417));
#8785=CARTESIAN_POINT('',(-0.0745,-0.0081220319002396,-0.0270994204724722));
#8786=CARTESIAN_POINT('',(-0.0735,-0.0081220319002396,-0.0270994204724722));
#8787=CARTESIAN_POINT('',(-0.0735,-0.0297468314874566,-0.0230536766826729));
#8788=CARTESIAN_POINT('',(-0.0745,-0.00812203190023959,-0.0270994204724722));
#8789=CARTESIAN_POINT('',(-0.0745,-0.00733567555161353,-0.0272465384284648));
#8790=CARTESIAN_POINT('',(-0.0735,-0.00733567555161353,-0.0272465384284648));
#8791=CARTESIAN_POINT('',(-0.0735,-0.00715177810662265,-0.0262635929926823));
#8792=CARTESIAN_POINT('',(-0.0735,-0.00715177810662264,-0.0262635929926823));
#8793=CARTESIAN_POINT('',(-0.0665,-0.0297468314874566,-0.0230536766826729));
#8794=CARTESIAN_POINT('',(-0.0665,-0.0081220319002396,-0.0270994204724722));
#8795=CARTESIAN_POINT('',(-0.0665,-0.00793813445524872,-0.0261164750366896));
#8796=CARTESIAN_POINT('',(-0.0655,-0.0081220319002396,-0.0270994204724722));
#8797=CARTESIAN_POINT('',(-0.0665,-0.0295629340424657,-0.0220707312468902));
#8798=CARTESIAN_POINT('',(-0.0665,-0.00715177810662265,-0.0262635929926823));
#8799=CARTESIAN_POINT('',(-0.0665,-0.00733567555161353,-0.0272465384284648));
#8800=CARTESIAN_POINT('',(-0.0655,-0.00733567555161353,-0.0272465384284648));
#8801=CARTESIAN_POINT('',(-0.0655,-0.0297468314874566,-0.0230536766826729));
#8802=CARTESIAN_POINT('',(-0.409952,-0.00294883630734776,0.000551692334972798));
#8803=CARTESIAN_POINT('',(-0.0655,-0.00823237036723412,-0.0276891877339417));
#8804=CARTESIAN_POINT('',(-0.0655,-0.00793813445524872,-0.0261164750366896));
#8805=CARTESIAN_POINT('',(-0.07,-0.00793813445524872,-0.0261164750366896));
#8806=CARTESIAN_POINT('',(-0.07,-0.0295629340424657,-0.0220707312468902));
#8807=CARTESIAN_POINT('',(-0.0655,-0.0128528616341617,-0.0251969878117352));
#8808=CARTESIAN_POINT('',(-0.0655,-0.0128528616341617,-0.0251969878117352));
#8809=CARTESIAN_POINT('',(-0.07,-0.0128528616341617,-0.0251969878117352));
#8810=CARTESIAN_POINT('',(-0.0745,-0.0128528616341617,-0.0251969878117352));
#8811=CARTESIAN_POINT('',(-0.0745,-0.0128528616341617,-0.0251969878117352));
#8812=CARTESIAN_POINT('',(-0.204975,-0.00715177810662265,-0.0262635929926823));
#8813=CARTESIAN_POINT('',(-0.204975,-0.00632296403812203,-0.0218335205368877));
#8814=CARTESIAN_POINT('',(-0.0755,-0.00632296403812203,-0.0218335205368877));
#8815=CARTESIAN_POINT('',(-0.0755,-0.00774024993059345,-0.0294090183871865));
#8816=CARTESIAN_POINT('',(-0.0755,-0.00715177810662265,-0.0262635929926823));
#8817=CARTESIAN_POINT('',(-0.0745,-0.00715177810662265,-0.0262635929926823));
#8818=CARTESIAN_POINT('',(-0.0745,-0.00696788066163177,-0.0252806475568997));
#8819=CARTESIAN_POINT('',(-0.204975,-0.00696788066163177,-0.0252806475568997));
#8820=CARTESIAN_POINT('',(-0.0655,-0.00696788066163177,-0.0252806475568997));
#8821=CARTESIAN_POINT('',(-0.0655,-0.00715177810662265,-0.0262635929926823));
#8822=CARTESIAN_POINT('',(-0.0645,-0.00715177810662265,-0.0262635929926823));
#8823=CARTESIAN_POINT('',(-0.0645,-0.00774024993059346,-0.0294090183871865));
#8824=CARTESIAN_POINT('',(-0.0645,-0.00774024993059346,-0.0294090183871865));
#8825=CARTESIAN_POINT('',(-0.0655,-0.00774024993059346,-0.0294090183871865));
#8826=CARTESIAN_POINT('',(-0.0655,-0.00792414737558433,-0.0303919638229692));
#8827=CARTESIAN_POINT('',(-0.0745,-0.00792414737558433,-0.0303919638229692));
#8828=CARTESIAN_POINT('',(-0.0745,-0.00792414737558433,-0.0303919638229692));
#8829=CARTESIAN_POINT('',(-0.0745,-0.00774024993059345,-0.0294090183871865));
#8830=CARTESIAN_POINT('',(-0.0745,-0.00632296403812203,-0.0218335205368877));
#8831=CARTESIAN_POINT('',(-0.0745,-0.00755635248560258,-0.0284260729514039));
#8832=CARTESIAN_POINT('',(-0.0735,-0.00755635248560258,-0.0284260729514039));
#8833=CARTESIAN_POINT('',(-0.0735,-0.00774024993059346,-0.0294090183871865));
#8834=CARTESIAN_POINT('',(-0.204975,-0.00774024993059346,-0.0294090183871865));
#8835=CARTESIAN_POINT('',(-0.0665,-0.00774024993059346,-0.0294090183871865));
#8836=CARTESIAN_POINT('',(-0.0665,-0.00755635248560258,-0.0284260729514039));
#8837=CARTESIAN_POINT('',(-0.0655,-0.00755635248560258,-0.0284260729514039));
#8838=CARTESIAN_POINT('',(-0.0655,-0.00632296403812203,-0.0218335205368877));
#8839=CARTESIAN_POINT('',(-0.204975,-0.0120240475656611,-0.0207669153559406));
#8840=CARTESIAN_POINT('',(-0.0645,-0.0134413334581325,-0.0283424132062394));
#8841=CARTESIAN_POINT('',(-0.0655,-0.0134413334581325,-0.0283424132062394));
#8842=CARTESIAN_POINT('',(-0.0635,-0.0134413334581325,-0.0283424132062394));
#8843=CARTESIAN_POINT('',(-0.0635,-0.0129632001011562,-0.0257867550732048));
#8844=CARTESIAN_POINT('',(-0.0635,-0.0124850667441799,-0.02323109694017));
#8845=CARTESIAN_POINT('',(-0.07,-0.0124850667441799,-0.02323109694017));
#8846=CARTESIAN_POINT('',(-0.0765,-0.0124850667441799,-0.02323109694017));
#8847=CARTESIAN_POINT('',(-0.0765,-0.0129632001011562,-0.0257867550732048));
#8848=CARTESIAN_POINT('',(-0.0765,-0.0134413334581325,-0.0283424132062394));
#8849=CARTESIAN_POINT('',(-0.0755,-0.0134413334581325,-0.0283424132062394));
#8850=CARTESIAN_POINT('',(-0.0745,-0.0134413334581325,-0.0283424132062394));
#8851=CARTESIAN_POINT('',(-0.0745,-0.0131470975461471,-0.0267697005089873));
#8852=CARTESIAN_POINT('',(-0.0655,-0.0131470975461471,-0.0267697005089873));
#8853=CARTESIAN_POINT('',(-0.0357342664897624,-0.0155904077059203,-0.0348626619069766));
#8854=CARTESIAN_POINT('',(-0.0357342664897624,-0.0155904077059203,-0.0348626619069766));
#8855=CARTESIAN_POINT('',(-0.0397342664897625,-0.0155904077059203,-0.0348626619069766));
#8856=CARTESIAN_POINT('',(-0.0357342664897624,-0.0195775408065677,-0.034542084868307));
#8857=CARTESIAN_POINT('',(-0.0397342664897625,-0.0155904077059203,-0.0348626619069766));
#8858=CARTESIAN_POINT('',(-0.0397342664897625,-0.0159911290042573,-0.0398465782827859));
#8859=CARTESIAN_POINT('',(-0.0357342664897624,-0.0159911290042573,-0.0398465782827859));
#8860=CARTESIAN_POINT('',(-0.0357342664897624,-0.0199782621049047,-0.0395260012441162));
#8861=CARTESIAN_POINT('',(-0.0357342664897624,-0.0199782621049047,-0.0395260012441162));
#8862=CARTESIAN_POINT('',(-0.0347342664897624,-0.0195775408065677,-0.034542084868307));
#8863=CARTESIAN_POINT('',(-0.0347342664897624,-0.0199782621049047,-0.0395260012441162));
#8864=CARTESIAN_POINT('',(-0.0337342664897624,-0.0199782621049047,-0.0395260012441162));
#8865=CARTESIAN_POINT('',(-0.0337342664897624,-0.0195775408065677,-0.034542084868307));
#8866=CARTESIAN_POINT('',(-0.0337342664897624,-0.0195775408065677,-0.034542084868307));
#8867=CARTESIAN_POINT('',(-0.0347342664897624,-0.0195775408065677,-0.034542084868307));
#8868=CARTESIAN_POINT('',(-0.0337342664897624,-0.0155904077059203,-0.0348626619069766));
#8869=CARTESIAN_POINT('',(-0.0337342664897624,-0.0155904077059203,-0.0348626619069766));
#8870=CARTESIAN_POINT('',(-0.0297342664897625,-0.0155904077059203,-0.0348626619069766));
#8871=CARTESIAN_POINT('',(-0.0337342664897624,-0.0159911290042573,-0.0398465782827859));
#8872=CARTESIAN_POINT('',(-0.0297342664897625,-0.0159911290042573,-0.0398465782827859));
#8873=CARTESIAN_POINT('',(-0.0297342664897625,-0.0155904077059203,-0.0348626619069766));
#8874=CARTESIAN_POINT('',(-0.0347342664897624,-0.0146737686904258,-0.0359395894418058));
#8875=CARTESIAN_POINT('',(-0.0347342664897624,-0.0149943457290954,-0.0399267225424532));
#8876=CARTESIAN_POINT('',(-0.0347342664897624,-0.0130007791787718,-0.0400870110617881));
#8877=CARTESIAN_POINT('',(-0.0297342664897625,-0.0145936244307584,-0.0349428061666441));
#8878=CARTESIAN_POINT('',(-0.0297342664897625,-0.0149943457290954,-0.0399267225424532));
#8879=CARTESIAN_POINT('',(-0.0297342664897625,-0.0145972433974247,-0.0399586507189957));
#8880=CARTESIAN_POINT('',(-0.0297342664897625,-0.0136904511596316,-0.0351117791847771));
#8881=CARTESIAN_POINT('',(-0.0297342664897625,-0.0134928457689414,-0.0340555637660441));
#8882=CARTESIAN_POINT('',(-0.0297342664897625,-0.0146475124111668,-0.0349384734170861));
#8883=CARTESIAN_POINT('',(-0.0297342664897625,-0.0146475124111668,-0.0349384734170861));
#8884=CARTESIAN_POINT('',(-0.0297342664897625,-0.0145936244307584,-0.0349428061666441));
#8885=CARTESIAN_POINT('',(0.0262907335102411,-0.125414454002062,-0.0260324907921436));
#8886=CARTESIAN_POINT('',(-0.0437342664897625,-0.0146475124111668,-0.0349384734170861));
#8887=CARTESIAN_POINT('',(-0.0397342664897625,-0.0146475124111668,-0.0349384734170861));
#8888=CARTESIAN_POINT('',(-0.0397342664897625,-0.0145936244307584,-0.0349428061666441));
#8889=CARTESIAN_POINT('',(-0.0397342664897625,-0.0145936244307584,-0.0349428061666441));
#8890=CARTESIAN_POINT('',(-0.0397342664897625,-0.014615597499921,-0.034914069851485));
#8891=CARTESIAN_POINT('',(-0.0397342664897625,-0.0134928457689414,-0.0340555637660441));
#8892=CARTESIAN_POINT('',(-0.0397342664897625,-0.0145199297961324,-0.0395454038056524));
#8893=CARTESIAN_POINT('',(-0.0397342664897625,-0.0145972433974247,-0.0399586507189957));
#8894=CARTESIAN_POINT('',(-0.0397342664897625,-0.0149943457290954,-0.0399267225424532));
#8895=CARTESIAN_POINT('',(-0.0357342664897624,-0.240222416674014,-0.0168015983789736));
#8896=CARTESIAN_POINT('',(-0.0357342664897624,-0.240222416674014,-0.0168015983789736));
#8897=CARTESIAN_POINT('',(-0.0357342664897624,-0.236235283573366,-0.0171221754176431));
#8898=CARTESIAN_POINT('',(-0.0397342664897625,-0.240222416674014,-0.0168015983789736));
#8899=CARTESIAN_POINT('',(-0.0357342664897624,-0.236235283573366,-0.0171221754176431));
#8900=CARTESIAN_POINT('',(-0.0357342664897624,-0.236636004871703,-0.0221060917934524));
#8901=CARTESIAN_POINT('',(-0.0357342664897624,-0.24062313797235,-0.0217855147547828));
#8902=CARTESIAN_POINT('',(-0.0397342664897625,-0.24062313797235,-0.0217855147547828));
#8903=CARTESIAN_POINT('',(-0.0397342664897625,-0.240222416674014,-0.0168015983789736));
#8904=CARTESIAN_POINT('',(-0.0337342664897624,-0.240222416674014,-0.0168015983789736));
#8905=CARTESIAN_POINT('',(-0.0337342664897624,-0.240222416674014,-0.0168015983789736));
#8906=CARTESIAN_POINT('',(-0.0297342664897625,-0.240222416674014,-0.0168015983789736));
#8907=CARTESIAN_POINT('',(-0.0337342664897624,-0.236235283573366,-0.0171221754176431));
#8908=CARTESIAN_POINT('',(-0.0297342664897625,-0.240222416674014,-0.0168015983789736));
#8909=CARTESIAN_POINT('',(-0.0297342664897625,-0.24062313797235,-0.0217855147547828));
#8910=CARTESIAN_POINT('',(-0.0337342664897624,-0.24062313797235,-0.0217855147547828));
#8911=CARTESIAN_POINT('',(-0.0337342664897624,-0.236636004871703,-0.0221060917934524));
#8912=CARTESIAN_POINT('',(-0.0337342664897624,-0.236636004871703,-0.0221060917934524));
#8913=CARTESIAN_POINT('',(-0.0347342664897624,-0.236235283573366,-0.0171221754176431));
#8914=CARTESIAN_POINT('',(-0.0347342664897624,-0.236235283573366,-0.0171221754176431));
#8915=CARTESIAN_POINT('',(-0.0347342664897624,-0.236636004871703,-0.0221060917934524));
#8916=CARTESIAN_POINT('',(-0.0347342664897624,-0.241299344208843,-0.0177182373944679));
#8917=CARTESIAN_POINT('',(-0.0347342664897624,-0.241619921247512,-0.0217053704951153));
#8918=CARTESIAN_POINT('',(-0.0347342664897624,-0.239626354697189,-0.0218656590144502));
#8919=CARTESIAN_POINT('',(-0.0397342664897625,-0.241219199949175,-0.0167214541193061));
#8920=CARTESIAN_POINT('',(-0.0397342664897625,-0.241619921247512,-0.0217053704951153));
#8921=CARTESIAN_POINT('',(-0.0397342664897625,-0.242017023579184,-0.0216734423185729));
#8922=CARTESIAN_POINT('',(-0.0397342664897625,-0.242150427751024,-0.016227117558782));
#8923=CARTESIAN_POINT('',(-0.0397342664897625,-0.242164080478059,-0.0156697348003473));
#8924=CARTESIAN_POINT('',(-0.0397342664897625,-0.241192917865711,-0.016696597658052));
#8925=CARTESIAN_POINT('',(-0.0397342664897625,-0.241165311968768,-0.016725786868864));
#8926=CARTESIAN_POINT('',(-0.0397342664897625,-0.241219199949175,-0.0167214541193061));
#8927=CARTESIAN_POINT('',(0.0262907335102411,-0.352040029520479,-0.00781113874480569));
#8928=CARTESIAN_POINT('',(-0.0257342664897625,-0.241165311968768,-0.016725786868864));
#8929=CARTESIAN_POINT('',(-0.0297342664897625,-0.241165311968768,-0.016725786868864));
#8930=CARTESIAN_POINT('',(-0.0297342664897625,-0.241219199949175,-0.0167214541193061));
#8931=CARTESIAN_POINT('',(-0.0297342664897625,-0.241219199949175,-0.0167214541193061));
#8932=CARTESIAN_POINT('',(-0.0297342664897625,-0.241165311968768,-0.016725786868864));
#8933=CARTESIAN_POINT('',(-0.0297342664897625,-0.242164080478059,-0.0156697348003473));
#8934=CARTESIAN_POINT('',(-0.0297342664897625,-0.242137768183278,-0.0167439538489319));
#8935=CARTESIAN_POINT('',(-0.0297342664897625,-0.242017023579184,-0.0216734423185729));
#8936=CARTESIAN_POINT('',(-0.0297342664897625,-0.241619921247512,-0.0217053704951153));
#8937=CARTESIAN_POINT('',(-0.241,-0.240222416674014,-0.0168015983789736));
#8938=CARTESIAN_POINT('',(-0.241,-0.240222416674014,-0.0168015983789736));
#8939=CARTESIAN_POINT('',(-0.237,-0.240222416674014,-0.0168015983789736));
#8940=CARTESIAN_POINT('',(-0.241,-0.236235283573366,-0.0171221754176431));
#8941=CARTESIAN_POINT('',(-0.237,-0.240222416674014,-0.0168015983789736));
#8942=CARTESIAN_POINT('',(-0.237,-0.24062313797235,-0.0217855147547828));
#8943=CARTESIAN_POINT('',(-0.241,-0.24062313797235,-0.0217855147547828));
#8944=CARTESIAN_POINT('',(-0.241,-0.236636004871703,-0.0221060917934524));
#8945=CARTESIAN_POINT('',(-0.241,-0.236636004871703,-0.0221060917934524));
#8946=CARTESIAN_POINT('',(-0.242,-0.236235283573366,-0.0171221754176431));
#8947=CARTESIAN_POINT('',(-0.242,-0.236636004871703,-0.0221060917934524));
#8948=CARTESIAN_POINT('',(-0.243,-0.236636004871703,-0.0221060917934524));
#8949=CARTESIAN_POINT('',(-0.243,-0.236235283573366,-0.0171221754176431));
#8950=CARTESIAN_POINT('',(-0.243,-0.236235283573366,-0.0171221754176431));
#8951=CARTESIAN_POINT('',(-0.242,-0.236235283573366,-0.0171221754176431));
#8952=CARTESIAN_POINT('',(-0.243,-0.240222416674014,-0.0168015983789736));
#8953=CARTESIAN_POINT('',(-0.243,-0.240222416674014,-0.0168015983789736));
#8954=CARTESIAN_POINT('',(-0.247,-0.240222416674014,-0.0168015983789736));
#8955=CARTESIAN_POINT('',(-0.243,-0.24062313797235,-0.0217855147547828));
#8956=CARTESIAN_POINT('',(-0.247,-0.24062313797235,-0.0217855147547828));
#8957=CARTESIAN_POINT('',(-0.247,-0.240222416674014,-0.0168015983789736));
#8958=CARTESIAN_POINT('',(-0.242,-0.241299344208843,-0.0177182373944679));
#8959=CARTESIAN_POINT('',(-0.242,-0.241619921247512,-0.0217053704951153));
#8960=CARTESIAN_POINT('',(-0.242,-0.239626354697189,-0.0218656590144502));
#8961=CARTESIAN_POINT('',(-0.247,-0.241219199949175,-0.0167214541193061));
#8962=CARTESIAN_POINT('',(-0.247,-0.241219199949175,-0.0167214541193061));
#8963=CARTESIAN_POINT('',(-0.247,-0.241165311968768,-0.016725786868864));
#8964=CARTESIAN_POINT('',(-0.247,-0.241619921247512,-0.0217053704951153));
#8965=CARTESIAN_POINT('',(-0.247,-0.242017023579184,-0.0216734423185729));
#8966=CARTESIAN_POINT('',(-0.247,-0.242150427751024,-0.016227117558782));
#8967=CARTESIAN_POINT('',(-0.247,-0.242164080478059,-0.0156697348003473));
#8968=CARTESIAN_POINT('',(-0.247,-0.241192917865711,-0.016696597658052));
#8969=CARTESIAN_POINT('',(-0.180974999999996,-0.352040029520479,-0.00781113874480569));
#8970=CARTESIAN_POINT('',(-0.233,-0.241165311968768,-0.016725786868864));
#8971=CARTESIAN_POINT('',(-0.237,-0.241165311968768,-0.016725786868864));
#8972=CARTESIAN_POINT('',(-0.237,-0.241219199949175,-0.0167214541193061));
#8973=CARTESIAN_POINT('',(-0.237,-0.241219199949175,-0.0167214541193061));
#8974=CARTESIAN_POINT('',(-0.237,-0.241619921247512,-0.0217053704951153));
#8975=CARTESIAN_POINT('',(-0.237,-0.242017023579184,-0.0216734423185729));
#8976=CARTESIAN_POINT('',(-0.237,-0.241165311968768,-0.016725786868864));
#8977=CARTESIAN_POINT('',(-0.237,-0.242164080478059,-0.0156697348003473));
#8978=CARTESIAN_POINT('',(-0.237,-0.242137768183278,-0.0167439538489319));
#8979=CARTESIAN_POINT('',(-0.139367133244881,-0.240222416674014,-0.0168015983789736));
#8980=CARTESIAN_POINT('',(-0.139367133244881,-0.240222416674014,-0.0168015983789736));
#8981=CARTESIAN_POINT('',(-0.139367133244881,-0.236235283573366,-0.0171221754176431));
#8982=CARTESIAN_POINT('',(-0.143367133244881,-0.240222416674014,-0.0168015983789736));
#8983=CARTESIAN_POINT('',(-0.139367133244881,-0.236235283573366,-0.0171221754176431));
#8984=CARTESIAN_POINT('',(-0.139367133244881,-0.236636004871703,-0.0221060917934524));
#8985=CARTESIAN_POINT('',(-0.139367133244881,-0.24062313797235,-0.0217855147547828));
#8986=CARTESIAN_POINT('',(-0.143367133244881,-0.24062313797235,-0.0217855147547828));
#8987=CARTESIAN_POINT('',(-0.143367133244881,-0.240222416674014,-0.0168015983789736));
#8988=CARTESIAN_POINT('',(-0.137367133244881,-0.240222416674014,-0.0168015983789736));
#8989=CARTESIAN_POINT('',(-0.137367133244881,-0.240222416674014,-0.0168015983789736));
#8990=CARTESIAN_POINT('',(-0.133367133244881,-0.240222416674014,-0.0168015983789736));
#8991=CARTESIAN_POINT('',(-0.137367133244881,-0.236235283573366,-0.0171221754176431));
#8992=CARTESIAN_POINT('',(-0.133367133244881,-0.240222416674014,-0.0168015983789736));
#8993=CARTESIAN_POINT('',(-0.133367133244881,-0.24062313797235,-0.0217855147547828));
#8994=CARTESIAN_POINT('',(-0.137367133244881,-0.24062313797235,-0.0217855147547828));
#8995=CARTESIAN_POINT('',(-0.137367133244881,-0.236636004871703,-0.0221060917934524));
#8996=CARTESIAN_POINT('',(-0.137367133244881,-0.236636004871703,-0.0221060917934524));
#8997=CARTESIAN_POINT('',(-0.138367133244881,-0.236235283573366,-0.0171221754176431));
#8998=CARTESIAN_POINT('',(-0.138367133244881,-0.236235283573366,-0.0171221754176431));
#8999=CARTESIAN_POINT('',(-0.138367133244881,-0.236636004871703,-0.0221060917934524));
#9000=CARTESIAN_POINT('',(-0.138367133244881,-0.241299344208843,-0.0177182373944679));
#9001=CARTESIAN_POINT('',(-0.138367133244881,-0.241619921247512,-0.0217053704951153));
#9002=CARTESIAN_POINT('',(-0.138367133244881,-0.239626354697189,-0.0218656590144502));
#9003=CARTESIAN_POINT('',(-0.143367133244881,-0.241219199949175,-0.0167214541193061));
#9004=CARTESIAN_POINT('',(-0.143367133244881,-0.241619921247512,-0.0217053704951153));
#9005=CARTESIAN_POINT('',(-0.143367133244881,-0.242017023579184,-0.0216734423185729));
#9006=CARTESIAN_POINT('',(-0.143367133244881,-0.242150427751024,-0.016227117558782));
#9007=CARTESIAN_POINT('',(-0.143367133244881,-0.242164080478059,-0.0156697348003473));
#9008=CARTESIAN_POINT('',(-0.143367133244881,-0.241192917865711,-0.016696597658052));
#9009=CARTESIAN_POINT('',(-0.143367133244881,-0.241165311968768,-0.016725786868864));
#9010=CARTESIAN_POINT('',(-0.143367133244881,-0.241219199949175,-0.0167214541193061));
#9011=CARTESIAN_POINT('',(-0.0773421332448777,-0.352040029520479,-0.00781113874480569));
#9012=CARTESIAN_POINT('',(-0.129367133244881,-0.241165311968768,-0.016725786868864));
#9013=CARTESIAN_POINT('',(-0.133367133244881,-0.241165311968768,-0.016725786868864));
#9014=CARTESIAN_POINT('',(-0.133367133244881,-0.241219199949175,-0.0167214541193061));
#9015=CARTESIAN_POINT('',(-0.133367133244881,-0.241219199949175,-0.0167214541193061));
#9016=CARTESIAN_POINT('',(-0.133367133244881,-0.241165311968768,-0.016725786868864));
#9017=CARTESIAN_POINT('',(-0.133367133244881,-0.242164080478059,-0.0156697348003473));
#9018=CARTESIAN_POINT('',(-0.133367133244881,-0.242137768183278,-0.0167439538489319));
#9019=CARTESIAN_POINT('',(-0.133367133244881,-0.242017023579184,-0.0216734423185729));
#9020=CARTESIAN_POINT('',(-0.133367133244881,-0.241619921247512,-0.0217053704951153));
#9021=CARTESIAN_POINT('',(-0.119315,-0.0113649999999996,-0.0125));
#9022=CARTESIAN_POINT('',(-0.119315,-0.0113649999999996,-0.005));
#9023=CARTESIAN_POINT('',(-0.115815,-0.0113649999999996,-0.005));
#9024=CARTESIAN_POINT('',(-0.035495,-0.0139049999999996,-0.0125));
#9025=CARTESIAN_POINT('',(-0.035495,-0.0139049999999996,-0.005));
#9026=CARTESIAN_POINT('',(-0.031995,-0.0139049999999996,-0.005));
#9027=CARTESIAN_POINT('',(-0.046925,-0.054545,-0.0125));
#9028=CARTESIAN_POINT('',(-0.046925,-0.054545,-0.005));
#9029=CARTESIAN_POINT('',(-0.043425,-0.054545,-0.005));
#9030=CARTESIAN_POINT('',(-0.046925,-0.138365,-0.0125));
#9031=CARTESIAN_POINT('',(-0.046925,-0.138365,-0.005));
#9032=CARTESIAN_POINT('',(-0.043425,-0.138365,-0.005));
#9033=CARTESIAN_POINT('',(-0.062165,-0.092645,-0.0125));
#9034=CARTESIAN_POINT('',(-0.062165,-0.092645,-0.005));
#9035=CARTESIAN_POINT('',(-0.058665,-0.092645,-0.005));
#9036=CARTESIAN_POINT('',(-0.234885,-0.138365,-0.0125));
#9037=CARTESIAN_POINT('',(-0.234885,-0.138365,-0.005));
#9038=CARTESIAN_POINT('',(-0.231385,-0.138365,-0.005));
#9039=CARTESIAN_POINT('',(-0.234885,-0.054545,-0.0125));
#9040=CARTESIAN_POINT('',(-0.234885,-0.054545,-0.005));
#9041=CARTESIAN_POINT('',(-0.231385,-0.054545,-0.005));
#9042=CARTESIAN_POINT('',(-0.189165,-0.054545,-0.0125));
#9043=CARTESIAN_POINT('',(-0.189165,-0.054545,-0.005));
#9044=CARTESIAN_POINT('',(-0.185665,-0.054545,-0.005));
#9045=CARTESIAN_POINT('',(-0.189165,-0.138365,-0.0125));
#9046=CARTESIAN_POINT('',(-0.189165,-0.138365,-0.005));
#9047=CARTESIAN_POINT('',(-0.185665,-0.138365,-0.005));
#9048=CARTESIAN_POINT('',(-0.021525,-0.0457249999999992,-0.00165));
#9049=CARTESIAN_POINT('',(-0.021525,-0.0457249999999992,-0.0005));
#9050=CARTESIAN_POINT('',(-0.018875,-0.0457249999999992,-0.0005));
#9051=CARTESIAN_POINT('',(-0.021525,-0.0457249999999992,-0.00165));
#9052=CARTESIAN_POINT('',(-0.020025,-0.0457249999999992,-0.00165));
#9053=CARTESIAN_POINT('',(-0.021525,-0.165725,-0.0005));
#9054=CARTESIAN_POINT('',(-0.021525,-0.165725,-0.00165));
#9055=CARTESIAN_POINT('',(-0.020025,-0.165725,-0.00165));
#9056=CARTESIAN_POINT('',(-0.021525,-0.165725,-0.0005));
#9057=CARTESIAN_POINT('',(-0.018875,-0.165725,-0.0005));
#9058=CARTESIAN_POINT('',(-0.119315,-0.054545,-0.0125));
#9059=CARTESIAN_POINT('',(-0.119315,-0.054545,-0.005));
#9060=CARTESIAN_POINT('',(-0.115815,-0.054545,-0.005));
#9061=CARTESIAN_POINT('',(-0.196785,-0.0164449999999997,-0.0125));
#9062=CARTESIAN_POINT('',(-0.196785,-0.0164449999999997,-0.005));
#9063=CARTESIAN_POINT('',(-0.193285,-0.0164449999999997,-0.005));
#9064=CARTESIAN_POINT('',(-0.119315,-0.138365,-0.0125));
#9065=CARTESIAN_POINT('',(-0.119315,-0.138365,-0.005));
#9066=CARTESIAN_POINT('',(-0.115815,-0.138365,-0.005));
#9067=CARTESIAN_POINT('',(-0.046925,-0.173925,-0.0125));
#9068=CARTESIAN_POINT('',(-0.046925,-0.173925,-0.005));
#9069=CARTESIAN_POINT('',(-0.043425,-0.173925,-0.005));
#9070=CARTESIAN_POINT('',(-0.102805,-0.168845,-0.0125));
#9071=CARTESIAN_POINT('',(-0.102805,-0.168845,-0.005));
#9072=CARTESIAN_POINT('',(-0.099305,-0.168845,-0.005));
#9073=CARTESIAN_POINT('',(-0.102805,-0.219645,-0.0125));
#9074=CARTESIAN_POINT('',(-0.102805,-0.219645,-0.005));
#9075=CARTESIAN_POINT('',(-0.099305,-0.219645,-0.005));
#9076=CARTESIAN_POINT('',(-0.062165,-0.219645,-0.0125));
#9077=CARTESIAN_POINT('',(-0.062165,-0.219645,-0.005));
#9078=CARTESIAN_POINT('',(-0.058665,-0.219645,-0.005));
#9079=CARTESIAN_POINT('',(-0.171385,-0.227265,-0.0125));
#9080=CARTESIAN_POINT('',(-0.171385,-0.227265,-0.005));
#9081=CARTESIAN_POINT('',(-0.167885,-0.227265,-0.005));
#9082=CARTESIAN_POINT('',(-0.219645,-0.227265,-0.0125));
#9083=CARTESIAN_POINT('',(-0.219645,-0.227265,-0.005));
#9084=CARTESIAN_POINT('',(-0.216145,-0.227265,-0.005));
#9085=CARTESIAN_POINT('',(-0.021525,-0.105725,-0.0005));
#9086=CARTESIAN_POINT('',(-0.021525,-0.165725,-0.0005));
#9087=CARTESIAN_POINT('',(-0.01885,-0.165725,-0.0005));
#9088=CARTESIAN_POINT('',(-0.021525,-0.105725,-0.0005));
#9089=CARTESIAN_POINT('',(-0.021525,-0.0457249999999992,-0.0005));
#9090=CARTESIAN_POINT('',(-0.01885,-0.0457249999999992,-0.0005));
#9091=CARTESIAN_POINT('',(-0.409952,-0.124775,-0.003));
#9092=CARTESIAN_POINT('',(-0.409952,-0.0581,-0.003));
#9093=CARTESIAN_POINT('',(-0.193361662364308,-0.0581,-0.003));
#9094=CARTESIAN_POINT('',(-0.230688337635692,-0.0581,-0.003));
#9095=CARTESIAN_POINT('',(-0.234885,-0.054545,-0.003));
#9096=CARTESIAN_POINT('',(-0.23164586817187,-0.0501,-0.003));
#9097=CARTESIAN_POINT('',(-0.409952,-0.0501,-0.003));
#9098=CARTESIAN_POINT('',(-0.19240413182813,-0.0501,-0.003));
#9099=CARTESIAN_POINT('',(-0.189165,-0.054545,-0.003));
#9100=CARTESIAN_POINT('',(-0.0655,-0.00616883267084006,-0.0264474904376731));
#9101=CARTESIAN_POINT('',(-0.0645,-0.00616883267084006,-0.0264474904376731));
#9102=CARTESIAN_POINT('',(-0.0635,-0.00616883267084006,-0.0264474904376731));
#9103=CARTESIAN_POINT('',(-0.0655,-0.00598493522584918,-0.0254645450018906));
#9104=CARTESIAN_POINT('',(-0.0655,-0.0058010377808583,-0.0244815995661079));
#9105=CARTESIAN_POINT('',(-0.0655,-0.00616883267084006,-0.0264474904376731));
#9106=CARTESIAN_POINT('',(-0.0645,-0.00694120193980174,-0.03057586126796));
#9107=CARTESIAN_POINT('',(-0.0645,-0.00675730449481087,-0.0295929158321775));
#9108=CARTESIAN_POINT('',(-0.0635,-0.00675730449481087,-0.0295929158321775));
#9109=CARTESIAN_POINT('',(-0.0635,-0.00616883267084006,-0.0264474904376731));
#9110=CARTESIAN_POINT('',(-0.0655,-0.00675730449481087,-0.0295929158321775));
#9111=CARTESIAN_POINT('',(-0.0655,-0.00675730449481087,-0.0295929158321775));
#9112=CARTESIAN_POINT('',(-0.0655,-0.00712509938479262,-0.0315588067037426));
#9113=CARTESIAN_POINT('',(-0.0655,-0.00694120193980174,-0.03057586126796));
#9114=CARTESIAN_POINT('',(-0.07,-0.00694120193980174,-0.03057586126796));
#9115=CARTESIAN_POINT('',(-0.0655,-0.00712509938479262,-0.0315588067037426));
#9116=CARTESIAN_POINT('',(-0.0745,-0.00712509938479262,-0.0315588067037426));
#9117=CARTESIAN_POINT('',(-0.0745,-0.00694120193980174,-0.03057586126796));
#9118=CARTESIAN_POINT('',(-0.0745,-0.00675730449481086,-0.0295929158321774));
#9119=CARTESIAN_POINT('',(-0.0745,-0.00675730449481086,-0.0295929158321774));
#9120=CARTESIAN_POINT('',(-0.0765,-0.00675730449481086,-0.0295929158321774));
#9121=CARTESIAN_POINT('',(-0.0755,-0.00675730449481086,-0.0295929158321774));
#9122=CARTESIAN_POINT('',(-0.0755,-0.00534001860233944,-0.0220174179818785));
#9123=CARTESIAN_POINT('',(-0.0765,-0.00694120193980174,-0.03057586126796));
#9124=CARTESIAN_POINT('',(-0.0765,-0.00616883267084006,-0.0264474904376731));
#9125=CARTESIAN_POINT('',(-0.0755,-0.00616883267084006,-0.0264474904376731));
#9126=CARTESIAN_POINT('',(-0.0745,-0.00616883267084006,-0.0264474904376731));
#9127=CARTESIAN_POINT('',(-0.0745,-0.00616883267084006,-0.0264474904376731));
#9128=CARTESIAN_POINT('',(-0.0745,-0.0058010377808583,-0.0244815995661079));
#9129=CARTESIAN_POINT('',(-0.0745,-0.00598493522584918,-0.0254645450018906));
#9130=CARTESIAN_POINT('',(-0.204975,-0.00598493522584918,-0.0254645450018906));
#9131=CARTESIAN_POINT('',(-0.07,-0.0058010377808583,-0.0244815995661079));
#9132=CARTESIAN_POINT('',(0.0496310229078578,-0.155702288001213,-0.0286133968238898));
#9133=CARTESIAN_POINT('',(-0.0110716379212098,-0.0359104089534526,-0.0382450105353969));
#9134=CARTESIAN_POINT('',(-0.00704974528195755,-0.0358768995282415,-0.0382477047901484));
#9135=CARTESIAN_POINT('',(-0.00627453207498609,-0.127312327465014,-0.0308960318016797));
#9136=CARTESIAN_POINT('',(-0.00689762752647764,-0.0538189984811547,-0.0368051081161352));
#9137=CARTESIAN_POINT('',(-0.0109195201657299,-0.0538525079063657,-0.0368024138613836));
#9138=CARTESIAN_POINT('',(-0.00757745911106018,-0.0513042048420857,-0.00510824281208519));
#9139=CARTESIAN_POINT('',(-0.00359951357783781,-0.0513042048420857,-0.00552770596269105));
#9140=CARTESIAN_POINT('',(-0.0058494266049952,-0.0530197510776811,-0.0268645777798992));
#9141=CARTESIAN_POINT('',(-0.0102917511979569,-0.0533738375415618,-0.030849016625795));
#9142=CARTESIAN_POINT('',(-0.0105041784431124,-0.155808133727334,-0.0235887509934852));
#9143=CARTESIAN_POINT('',(-0.00584946393034352,-0.0530153485995424,-0.0268649317518809));
#9144=CARTESIAN_POINT('',(-0.00600154436047511,-0.035077652124768,-0.0283071744539125));
#9145=CARTESIAN_POINT('',(-0.0104438689534368,-0.0354317385886486,-0.0322916132998083));
#9146=CARTESIAN_POINT('',(-0.0105553627299316,-0.0355167519763882,-0.0333489556898345));
#9147=CARTESIAN_POINT('',(-0.00652383286070193,-0.0354758942166372,-0.0332602560381466));
#9148=CARTESIAN_POINT('',(0.0510454928877336,-0.322537252563961,-0.015199382910637));
#9149=CARTESIAN_POINT('',(-0.00965716794133404,-0.202745373516201,-0.024830996622144));
#9150=CARTESIAN_POINT('',(-0.0056352753020818,-0.20271186409099,-0.0248336908768956));
#9151=CARTESIAN_POINT('',(-0.00627453207498609,-0.127312327465014,-0.0308960318016797));
#9152=CARTESIAN_POINT('',(-0.00548315754660189,-0.220653963043903,-0.0233910942028824));
#9153=CARTESIAN_POINT('',(-0.00950505018585412,-0.220687472469114,-0.0233883999481307));
#9154=CARTESIAN_POINT('',(-0.00617844500426642,-0.21815095442255,0.00815919655415502));
#9155=CARTESIAN_POINT('',(-0.00220049947104405,-0.21815095442255,0.00773973340354916));
#9156=CARTESIAN_POINT('',(-0.00443495662511944,-0.219854715640429,-0.0134505638666464));
#9157=CARTESIAN_POINT('',(-0.00887728121808113,-0.22020880210431,-0.0174350027125422));
#9158=CARTESIAN_POINT('',(-0.0090897084632367,-0.322643098290083,-0.0101747370802324));
#9159=CARTESIAN_POINT('',(-0.00443499395046776,-0.21985031316229,-0.013450917838628));
#9160=CARTESIAN_POINT('',(-0.00458707438059936,-0.201912616687516,-0.0148931605406597));
#9161=CARTESIAN_POINT('',(-0.00902939897356104,-0.202266703151397,-0.0188775993865554));
#9162=CARTESIAN_POINT('',(-0.00914089275005583,-0.202351716539137,-0.0199349417765816));
#9163=CARTESIAN_POINT('',(-0.00510936288082618,-0.202310858779386,-0.0198462421248937));
#9164=CARTESIAN_POINT('',(0.0503382578977957,-0.239119770282588,-0.0219063898672633));
#9165=CARTESIAN_POINT('',(-0.0103644029312719,-0.119327891234827,-0.0315380035787704));
#9166=CARTESIAN_POINT('',(-0.00634251029201968,-0.119294381809616,-0.031540697833522));
#9167=CARTESIAN_POINT('',(-0.00627453207498609,-0.127312327465014,-0.0308960318016797));
#9168=CARTESIAN_POINT('',(-0.00619039253653977,-0.137236480762529,-0.0300981011595088));
#9169=CARTESIAN_POINT('',(-0.010212285175792,-0.13726999018774,-0.0300954069047572));
#9170=CARTESIAN_POINT('',(-0.0068779520576633,-0.134727579632318,0.00152547687103491));
#9171=CARTESIAN_POINT('',(-0.00290000652444093,-0.134727579632318,0.00110601372042906));
#9172=CARTESIAN_POINT('',(-0.00514219161505732,-0.136437233359055,-0.0201575708232729));
#9173=CARTESIAN_POINT('',(-0.00958451620801901,-0.136791319822936,-0.0241420096691686));
#9174=CARTESIAN_POINT('',(-0.00979694345317458,-0.239225616008709,-0.0168817440368588));
#9175=CARTESIAN_POINT('',(-0.00514222894040564,-0.136432830880916,-0.0201579247952544));
#9176=CARTESIAN_POINT('',(-0.00529430937053723,-0.118495134406142,-0.021600167497286));
#9177=CARTESIAN_POINT('',(-0.00973663396349892,-0.118849220870023,-0.0255846063431819));
#9178=CARTESIAN_POINT('',(-0.0098481277399937,-0.118934234257762,-0.0266419487332081));
#9179=CARTESIAN_POINT('',(-0.00581659787076405,-0.118893376498011,-0.0265532490815201));
#9180=CARTESIAN_POINT('',(-0.0773421332448776,-0.125815175300399,-0.0310164071679528));
#9181=CARTESIAN_POINT('',(-0.147367133244881,-0.0145972433974247,-0.0399586507189957));
#9182=CARTESIAN_POINT('',(-0.147367133244881,-0.0105881480530021,-0.040280993585616));
#9183=CARTESIAN_POINT('',(-0.409952,-0.0105881480530021,-0.040280993585616));
#9184=CARTESIAN_POINT('',(-0.129367133244881,-0.0105881480530021,-0.040280993585616));
#9185=CARTESIAN_POINT('',(-0.129367133244881,-0.0145972433974247,-0.0399586507189957));
#9186=CARTESIAN_POINT('',(-0.129367133244881,-0.00688061805047813,0.00128728211493631));
#9187=CARTESIAN_POINT('',(-0.129367133244881,-0.00294883630734776,0.000551692334972798));
#9188=CARTESIAN_POINT('',(-0.129367133244881,-0.00874410881040316,-0.0304244675365102));
#9189=CARTESIAN_POINT('',(-0.129367133244881,-0.0134928457689414,-0.0340555637660442));
#9190=CARTESIAN_POINT('',(-0.0773421332448776,-0.0146475124111668,-0.0349384734170861));
#9191=CARTESIAN_POINT('',(-0.129367133244881,-0.00874410881040316,-0.0304244675365102));
#9192=CARTESIAN_POINT('',(-0.147367133244881,-0.00874410881040316,-0.0304244675365102));
#9193=CARTESIAN_POINT('',(-0.147367133244881,-0.0134928457689414,-0.0340555637660441));
#9194=CARTESIAN_POINT('',(-0.147367133244881,-0.0136904511596316,-0.0351117791847771));
#9195=CARTESIAN_POINT('',(-0.147367133244881,-0.00966359603535754,-0.0353391947154231));
#9196=CARTESIAN_POINT('',(-0.180974999999996,-0.125815175300399,-0.0310164071679528));
#9197=CARTESIAN_POINT('',(-0.251,-0.0145972433974247,-0.0399586507189957));
#9198=CARTESIAN_POINT('',(-0.251,-0.0105881480530021,-0.040280993585616));
#9199=CARTESIAN_POINT('',(-0.409952,-0.0105881480530021,-0.040280993585616));
#9200=CARTESIAN_POINT('',(-0.233,-0.0105881480530021,-0.040280993585616));
#9201=CARTESIAN_POINT('',(-0.233,-0.0145972433974247,-0.0399586507189957));
#9202=CARTESIAN_POINT('',(-0.233,-0.00688061805047813,0.00128728211493631));
#9203=CARTESIAN_POINT('',(-0.233,-0.00294883630734776,0.000551692334972798));
#9204=CARTESIAN_POINT('',(-0.233,-0.00874410881040316,-0.0304244675365102));
#9205=CARTESIAN_POINT('',(-0.233,-0.0134928457689414,-0.0340555637660442));
#9206=CARTESIAN_POINT('',(-0.180974999999996,-0.0146475124111668,-0.0349384734170861));
#9207=CARTESIAN_POINT('',(-0.233,-0.00874410881040316,-0.0304244675365102));
#9208=CARTESIAN_POINT('',(-0.251,-0.00874410881040316,-0.0304244675365102));
#9209=CARTESIAN_POINT('',(-0.251,-0.0134928457689414,-0.0340555637660441));
#9210=CARTESIAN_POINT('',(-0.251,-0.0136904511596316,-0.0351117791847771));
#9211=CARTESIAN_POINT('',(-0.251,-0.00966359603535754,-0.0353391947154231));
#9212=CARTESIAN_POINT('',(-0.0765,-0.0129632001011562,-0.0257867550732048));
#9213=CARTESIAN_POINT('',(-0.0765,-0.00804847292224325,-0.0267062422981591));
#9214=CARTESIAN_POINT('',(-0.0765,-0.00852660627921953,-0.0292619004311938));
#9215=CARTESIAN_POINT('',(-0.0765,-0.00665085234031258,-0.0192358569862114));
#9216=CARTESIAN_POINT('',(-0.0765,-0.0134413334581325,-0.0283424132062394));
#9217=CARTESIAN_POINT('',(-0.0765,-0.00665085234031258,-0.0192358569862114));
#9218=CARTESIAN_POINT('',(-0.0755,-0.0134413334581325,-0.0283424132062394));
#9219=CARTESIAN_POINT('',(-0.0755,-0.00852660627921953,-0.0292619004311938));
#9220=CARTESIAN_POINT('',(-0.0745,-0.00852660627921953,-0.0292619004311938));
#9221=CARTESIAN_POINT('',(-0.0745,-0.0134413334581325,-0.0283424132062394));
#9222=CARTESIAN_POINT('',(-0.0745,-0.0298571699544511,-0.0236434439441424));
#9223=CARTESIAN_POINT('',(-0.0745,-0.00823237036723412,-0.0276891877339417));
#9224=CARTESIAN_POINT('',(-0.0745,-0.00834270883422865,-0.0282789549954112));
#9225=CARTESIAN_POINT('',(-0.0745,-0.0299675084214456,-0.0242332112056119));
#9226=CARTESIAN_POINT('',(-0.0735,-0.0299675084214456,-0.0242332112056119));
#9227=CARTESIAN_POINT('',(-0.0735,-0.00834270883422865,-0.0282789549954112));
#9228=CARTESIAN_POINT('',(-0.0735,-0.00852660627921953,-0.0292619004311938));
#9229=CARTESIAN_POINT('',(-0.0735,-0.0301514058664366,-0.0252161566413946));
#9230=CARTESIAN_POINT('',(-0.07,-0.0301514058664366,-0.0252161566413946));
#9231=CARTESIAN_POINT('',(-0.409952,-0.00852660627921953,-0.0292619004311938));
#9232=CARTESIAN_POINT('',(-0.0665,-0.00852660627921953,-0.0292619004311938));
#9233=CARTESIAN_POINT('',(-0.0665,-0.00774024993059346,-0.0294090183871865));
#9234=CARTESIAN_POINT('',(-0.0665,-0.0299675084214456,-0.0242332112056119));
#9235=CARTESIAN_POINT('',(-0.0665,-0.00834270883422865,-0.0282789549954112));
#9236=CARTESIAN_POINT('',(-0.0655,-0.00834270883422865,-0.0282789549954113));
#9237=CARTESIAN_POINT('',(-0.0655,-0.00834270883422865,-0.0282789549954112));
#9238=CARTESIAN_POINT('',(-0.0655,-0.0298571699544511,-0.0236434439441424));
#9239=CARTESIAN_POINT('',(-0.0655,-0.00823237036723412,-0.0276891877339417));
#9240=CARTESIAN_POINT('',(-0.0655,-0.00852660627921953,-0.0292619004311938));
#9241=CARTESIAN_POINT('',(-0.0655,-0.0134413334581325,-0.0283424132062394));
#9242=CARTESIAN_POINT('',(-0.0645,-0.0134413334581325,-0.0283424132062394));
#9243=CARTESIAN_POINT('',(-0.0645,-0.00852660627921953,-0.0292619004311938));
#9244=CARTESIAN_POINT('',(-0.0635,-0.00852660627921953,-0.0292619004311938));
#9245=CARTESIAN_POINT('',(-0.0635,-0.0134413334581325,-0.0283424132062394));
#9246=CARTESIAN_POINT('',(-0.0635,-0.0129632001011562,-0.0257867550732048));
#9247=CARTESIAN_POINT('',(-0.0635,-0.00804847292224325,-0.0267062422981591));
#9248=CARTESIAN_POINT('',(-0.0635,-0.00665085234031258,-0.0192358569862114));
#9249=CARTESIAN_POINT('',(-0.0635,-0.0140019624891854,-0.0242698593281992));
#9250=CARTESIAN_POINT('',(-0.409952,-0.00665085234031258,-0.0192358569862114));
#9251=CARTESIAN_POINT('',(-0.409952,-0.00665085234031258,-0.0192358569862114));
#9252=CARTESIAN_POINT('',(0.0262907335102411,-0.125815175300399,-0.0310164071679528));
#9253=CARTESIAN_POINT('',(-0.0437342664897625,-0.0145972433974247,-0.0399586507189957));
#9254=CARTESIAN_POINT('',(-0.0437342664897625,-0.0105881480530021,-0.040280993585616));
#9255=CARTESIAN_POINT('',(-0.409952,-0.0105881480530021,-0.040280993585616));
#9256=CARTESIAN_POINT('',(-0.0257342664897625,-0.0105881480530021,-0.040280993585616));
#9257=CARTESIAN_POINT('',(-0.0257342664897625,-0.0145972433974247,-0.0399586507189957));
#9258=CARTESIAN_POINT('',(-0.0257342664897625,-0.00688061805047813,0.00128728211493631));
#9259=CARTESIAN_POINT('',(-0.0257342664897625,-0.00294883630734776,0.000551692334972798));
#9260=CARTESIAN_POINT('',(-0.0257342664897625,-0.00874410881040316,-0.0304244675365102));
#9261=CARTESIAN_POINT('',(-0.0257342664897625,-0.0134928457689414,-0.0340555637660442));
#9262=CARTESIAN_POINT('',(0.0262907335102411,-0.0146475124111668,-0.0349384734170861));
#9263=CARTESIAN_POINT('',(-0.0257342664897625,-0.00874410881040316,-0.0304244675365102));
#9264=CARTESIAN_POINT('',(-0.0437342664897625,-0.00874410881040316,-0.0304244675365102));
#9265=CARTESIAN_POINT('',(-0.0437342664897625,-0.0134928457689414,-0.0340555637660441));
#9266=CARTESIAN_POINT('',(-0.0437342664897625,-0.0136904511596316,-0.0351117791847771));
#9267=CARTESIAN_POINT('',(-0.0437342664897625,-0.00966359603535754,-0.0353391947154231));
#9268=CARTESIAN_POINT('',(0.0262907335102411,-0.352440750818817,-0.0127950551206149));
#9269=CARTESIAN_POINT('',(-0.0257342664897625,-0.242017023579184,-0.0216734423185729));
#9270=CARTESIAN_POINT('',(-0.0257342664897625,-0.246026118923606,-0.0213510994519526));
#9271=CARTESIAN_POINT('',(-0.409952,-0.246026118923606,-0.0213510994519526));
#9272=CARTESIAN_POINT('',(-0.0437342664897625,-0.246026118923606,-0.0213510994519526));
#9273=CARTESIAN_POINT('',(-0.0437342664897625,-0.242017023579184,-0.0216734423185729));
#9274=CARTESIAN_POINT('',(-0.0437342664897625,-0.242137768183278,-0.0167439538489319));
#9275=CARTESIAN_POINT('',(-0.0437342664897625,-0.246026118923606,-0.0213510994519526));
#9276=CARTESIAN_POINT('',(-0.0437342664897625,-0.246271663359258,-0.0113265648285865));
#9277=CARTESIAN_POINT('',(-0.0437342664897625,-0.242164080478059,-0.0156697348003473));
#9278=CARTESIAN_POINT('',(0.0262907335102411,-0.241165311968768,-0.016725786868864));
#9279=CARTESIAN_POINT('',(-0.0437342664897625,-0.246271663359258,-0.0113265648285865));
#9280=CARTESIAN_POINT('',(-0.0257342664897625,-0.246271663359258,-0.0113265648285865));
#9281=CARTESIAN_POINT('',(-0.0257342664897625,-0.242164080478059,-0.0156697348003473));
#9282=CARTESIAN_POINT('',(-0.0257342664897625,-0.242552098961282,0.000171409020553759));
#9283=CARTESIAN_POINT('',(-0.0257342664897625,-0.246550899554835,7.34610088087422E-5));
#9284=CARTESIAN_POINT('',(-0.180974999999996,-0.352440750818817,-0.0127950551206149));
#9285=CARTESIAN_POINT('',(-0.233,-0.242017023579184,-0.0216734423185729));
#9286=CARTESIAN_POINT('',(-0.233,-0.246026118923606,-0.0213510994519526));
#9287=CARTESIAN_POINT('',(-0.409952,-0.246026118923606,-0.0213510994519526));
#9288=CARTESIAN_POINT('',(-0.251,-0.246026118923606,-0.0213510994519526));
#9289=CARTESIAN_POINT('',(-0.251,-0.242017023579184,-0.0216734423185729));
#9290=CARTESIAN_POINT('',(-0.251,-0.242137768183278,-0.0167439538489319));
#9291=CARTESIAN_POINT('',(-0.251,-0.246026118923606,-0.0213510994519526));
#9292=CARTESIAN_POINT('',(-0.251,-0.246271663359258,-0.0113265648285865));
#9293=CARTESIAN_POINT('',(-0.251,-0.242164080478059,-0.0156697348003473));
#9294=CARTESIAN_POINT('',(-0.180974999999996,-0.241165311968768,-0.016725786868864));
#9295=CARTESIAN_POINT('',(-0.251,-0.246271663359258,-0.0113265648285865));
#9296=CARTESIAN_POINT('',(-0.233,-0.246271663359258,-0.0113265648285865));
#9297=CARTESIAN_POINT('',(-0.233,-0.242164080478059,-0.0156697348003473));
#9298=CARTESIAN_POINT('',(-0.233,-0.242552098961282,0.000171409020553759));
#9299=CARTESIAN_POINT('',(-0.233,-0.246550899554835,7.34610088087422E-5));
#9300=CARTESIAN_POINT('',(-0.0773421332448777,-0.352440750818817,-0.0127950551206149));
#9301=CARTESIAN_POINT('',(-0.129367133244881,-0.242017023579184,-0.0216734423185729));
#9302=CARTESIAN_POINT('',(-0.129367133244881,-0.246026118923606,-0.0213510994519526));
#9303=CARTESIAN_POINT('',(-0.409952,-0.246026118923606,-0.0213510994519526));
#9304=CARTESIAN_POINT('',(-0.147367133244881,-0.246026118923606,-0.0213510994519526));
#9305=CARTESIAN_POINT('',(-0.147367133244881,-0.242017023579184,-0.0216734423185729));
#9306=CARTESIAN_POINT('',(-0.147367133244881,-0.242137768183278,-0.0167439538489319));
#9307=CARTESIAN_POINT('',(-0.147367133244881,-0.246026118923606,-0.0213510994519526));
#9308=CARTESIAN_POINT('',(-0.147367133244881,-0.246271663359258,-0.0113265648285865));
#9309=CARTESIAN_POINT('',(-0.147367133244881,-0.242164080478059,-0.0156697348003473));
#9310=CARTESIAN_POINT('',(-0.0773421332448777,-0.241165311968768,-0.016725786868864));
#9311=CARTESIAN_POINT('',(-0.147367133244881,-0.246271663359258,-0.0113265648285865));
#9312=CARTESIAN_POINT('',(-0.129367133244881,-0.246271663359258,-0.0113265648285865));
#9313=CARTESIAN_POINT('',(-0.129367133244881,-0.242164080478059,-0.0156697348003473));
#9314=CARTESIAN_POINT('',(-0.129367133244881,-0.242552098961282,0.000171409020553759));
#9315=CARTESIAN_POINT('',(-0.129367133244881,-0.246550899554835,7.34610088087422E-5));
#9316=CARTESIAN_POINT('',(-0.119315,-0.0113649999999996,-0.005));
#9317=CARTESIAN_POINT('',(-0.124778220204239,-0.0120000000000002,-0.003));
#9318=CARTESIAN_POINT('',(-0.124196864808462,-0.0120000000000002,-0.00299999999999996));
#9319=CARTESIAN_POINT('',(-0.123632632771997,-0.0120000000000002,-0.00325558573161824));
#9320=CARTESIAN_POINT('',(-0.123249999999999,-0.0120000000000002,-0.00369327866965519));
#9321=CARTESIAN_POINT('',(-0.124778220204239,-0.0120000000000002,-0.003));
#9322=CARTESIAN_POINT('',(-0.123249999999999,-0.0120000000000002,-0.00369327866965519));
#9323=CARTESIAN_POINT('',(-0.119315,-0.0113649999999996,-0.003));
#9324=CARTESIAN_POINT('',(-0.113851779795762,-0.0119999999999995,-0.003));
#9325=CARTESIAN_POINT('',(-0.115249999999999,-0.0119999999999995,-0.00355783820957754));
#9326=CARTESIAN_POINT('',(-0.114873977791181,-0.0119999999999995,-0.00320086628535228));
#9327=CARTESIAN_POINT('',(-0.114370243598428,-0.0119999999999995,-0.00300000000000003));
#9328=CARTESIAN_POINT('',(-0.113851779795762,-0.0119999999999995,-0.003));
#9329=CARTESIAN_POINT('',(-0.115249999999999,-0.0120000000000001,-0.00355783820957753));
#9330=CARTESIAN_POINT('',(-0.115249999999999,-0.0150698313051994,-0.003));
#9331=CARTESIAN_POINT('',(-0.115249999999999,-0.0140127647823627,-0.00300000000000002));
#9332=CARTESIAN_POINT('',(-0.115249999999999,-0.0130293281278678,-0.003405191453282));
#9333=CARTESIAN_POINT('',(-0.115249999999999,-0.0119999999999995,-0.00355783820957754));
#9334=CARTESIAN_POINT('',(-0.115249999999999,-0.0150698313051993,-0.003));
#9335=CARTESIAN_POINT('',(-0.119315,-0.0113649999999996,-0.003));
#9336=CARTESIAN_POINT('',(-0.123249999999999,-0.0152076260551879,-0.003));
#9337=CARTESIAN_POINT('',(-0.123249999999999,-0.0120000000000002,-0.00369327866965519));
#9338=CARTESIAN_POINT('',(-0.123249999999999,-0.0125381089712603,-0.00359394726047845));
#9339=CARTESIAN_POINT('',(-0.123249999999999,-0.0135761326087414,-0.0032185689980113));
#9340=CARTESIAN_POINT('',(-0.123249999999999,-0.0146480481389747,-0.00299999999999998));
#9341=CARTESIAN_POINT('',(-0.123249999999999,-0.0152076260551879,-0.003));
#9342=CARTESIAN_POINT('',(-0.035495,-0.0139049999999996,-0.005));
#9343=CARTESIAN_POINT('',(-0.03105,-0.0171441318281288,-0.003));
#9344=CARTESIAN_POINT('',(-0.03105,-0.016273466217301,-0.00300000000000001));
#9345=CARTESIAN_POINT('',(-0.03105,-0.0149903555397574,-0.00330377719739341));
#9346=CARTESIAN_POINT('',(-0.03105,-0.0132771233020383,-0.00330926207787994));
#9347=CARTESIAN_POINT('',(-0.03105,-0.0124260053813295,-0.00317249765531999));
#9348=CARTESIAN_POINT('',(-0.03105,-0.0119999999999995,-0.00311343562408819));
#9349=CARTESIAN_POINT('',(-0.03105,-0.0171441318281288,-0.003));
#9350=CARTESIAN_POINT('',(-0.03105,-0.012,-0.00311343562408815));
#9351=CARTESIAN_POINT('',(-0.035495,-0.0139049999999996,-0.003));
#9352=CARTESIAN_POINT('',(-0.03905,-0.0181016623643079,-0.003));
#9353=CARTESIAN_POINT('',(-0.03905,-0.0119999999999995,-0.00364035878581001));
#9354=CARTESIAN_POINT('',(-0.03905,-0.0122459779209366,-0.00376569325364495));
#9355=CARTESIAN_POINT('',(-0.03905,-0.0126059146056272,-0.00397038553407725));
#9356=CARTESIAN_POINT('',(-0.03905,-0.0130843230645522,-0.00424672142338773));
#9357=CARTESIAN_POINT('',(-0.03905,-0.013449928407297,-0.00443978810754078));
#9358=CARTESIAN_POINT('',(-0.03905,-0.0138530590718331,-0.00456859093727459));
#9359=CARTESIAN_POINT('',(-0.03905,-0.0142685699483005,-0.00448226243533835));
#9360=CARTESIAN_POINT('',(-0.03905,-0.0146399233494873,-0.00429414811974795));
#9361=CARTESIAN_POINT('',(-0.03905,-0.0151204439541851,-0.00401998042540361));
#9362=CARTESIAN_POINT('',(-0.03905,-0.0157209816528038,-0.00367329300955361));
#9363=CARTESIAN_POINT('',(-0.03905,-0.0167120101729152,-0.00320679958849972));
#9364=CARTESIAN_POINT('',(-0.03905,-0.0175337254840882,-0.00299999999999997));
#9365=CARTESIAN_POINT('',(-0.03905,-0.0181016623643079,-0.003));
#9366=CARTESIAN_POINT('',(-0.03905,-0.012,-0.00364035878581001));
#9367=CARTESIAN_POINT('',(-0.0406545518216219,-0.0119999999999995,-0.003));
#9368=CARTESIAN_POINT('',(-0.0400595694625905,-0.0119999999999995,-0.00299999999999995));
#9369=CARTESIAN_POINT('',(-0.0394811385488004,-0.0119999999999995,-0.00323040408039582));
#9370=CARTESIAN_POINT('',(-0.03905,-0.0119999999999995,-0.00364035878581001));
#9371=CARTESIAN_POINT('',(-0.0406545518216219,-0.0119999999999995,-0.003));
#9372=CARTESIAN_POINT('',(-0.035495,-0.0139049999999996,-0.003));
#9373=CARTESIAN_POINT('',(-0.0303354481783785,-0.0119999999999995,-0.003));
#9374=CARTESIAN_POINT('',(-0.03105,-0.0119999999999995,-0.00311343562408815));
#9375=CARTESIAN_POINT('',(-0.0308177411352824,-0.0119999999999995,-0.00303830060900698));
#9376=CARTESIAN_POINT('',(-0.0305796347816711,-0.0119999999999995,-0.00300000000000002));
#9377=CARTESIAN_POINT('',(-0.0303354481783785,-0.0119999999999995,-0.003));
#9378=CARTESIAN_POINT('',(-0.046925,-0.054545,-0.005));
#9379=CARTESIAN_POINT('',(-0.0436858681718704,-0.0501,-0.003));
#9380=CARTESIAN_POINT('',(-0.0447842384118568,-0.0501,-0.00299999999999992));
#9381=CARTESIAN_POINT('',(-0.0469463721887731,-0.0501,-0.00360174999530522));
#9382=CARTESIAN_POINT('',(-0.0490815220371775,-0.0501,-0.00299999999999988));
#9383=CARTESIAN_POINT('',(-0.0501641318281299,-0.0501,-0.003));
#9384=CARTESIAN_POINT('',(-0.0436858681718703,-0.0501,-0.003));
#9385=CARTESIAN_POINT('',(-0.0501641318281299,-0.0501,-0.003));
#9386=CARTESIAN_POINT('',(-0.046925,-0.054545,-0.003));
#9387=CARTESIAN_POINT('',(-0.0427283376356922,-0.0581,-0.003));
#9388=CARTESIAN_POINT('',(-0.051121662364308,-0.0581,-0.003));
#9389=CARTESIAN_POINT('',(-0.0507459154093063,-0.0581,-0.00300000000000001));
#9390=CARTESIAN_POINT('',(-0.0500129207098147,-0.0581,-0.00312029569691859));
#9391=CARTESIAN_POINT('',(-0.0489693605049483,-0.0581,-0.00354201914043354));
#9392=CARTESIAN_POINT('',(-0.0481564794675134,-0.0581,-0.0040098464121139));
#9393=CARTESIAN_POINT('',(-0.0475152608791331,-0.0581,-0.00437893553274485));
#9394=CARTESIAN_POINT('',(-0.0469706476607246,-0.0581,-0.00459980784626511));
#9395=CARTESIAN_POINT('',(-0.0464044494434923,-0.0581,-0.00442077547896509));
#9396=CARTESIAN_POINT('',(-0.045751790872139,-0.0581,-0.00404245250431687));
#9397=CARTESIAN_POINT('',(-0.0449272095063736,-0.0581,-0.00356630001433842));
#9398=CARTESIAN_POINT('',(-0.043877999917934,-0.0581,-0.00312994039824346));
#9399=CARTESIAN_POINT('',(-0.043113710532617,-0.0581,-0.00300000000000004));
#9400=CARTESIAN_POINT('',(-0.0427283376356922,-0.0581,-0.003));
#9401=CARTESIAN_POINT('',(-0.051121662364308,-0.0581,-0.003));
#9402=CARTESIAN_POINT('',(-0.046925,-0.054545,-0.003));
#9403=CARTESIAN_POINT('',(-0.046925,-0.138365,-0.005));
#9404=CARTESIAN_POINT('',(-0.0432201686947989,-0.1343,-0.003));
#9405=CARTESIAN_POINT('',(-0.0438473948801637,-0.1343,-0.00300000000000004));
#9406=CARTESIAN_POINT('',(-0.0450576262529302,-0.1343,-0.00326515716488571));
#9407=CARTESIAN_POINT('',(-0.0468693757237042,-0.1343,-0.00377253991671137));
#9408=CARTESIAN_POINT('',(-0.0487543347615729,-0.1343,-0.00328454802552841));
#9409=CARTESIAN_POINT('',(-0.0499847105798151,-0.1343,-0.00300000000000001));
#9410=CARTESIAN_POINT('',(-0.0506298313052013,-0.1343,-0.003));
#9411=CARTESIAN_POINT('',(-0.0432201686947989,-0.1343,-0.003));
#9412=CARTESIAN_POINT('',(-0.0506298313052013,-0.1343,-0.003));
#9413=CARTESIAN_POINT('',(-0.046925,-0.138365,-0.003));
#9414=CARTESIAN_POINT('',(-0.062165,-0.092645,-0.005));
#9415=CARTESIAN_POINT('',(-0.0581,-0.0963498313052004,-0.003));
#9416=CARTESIAN_POINT('',(-0.0581,-0.0957226051198356,-0.00300000000000014));
#9417=CARTESIAN_POINT('',(-0.0581,-0.0945123737470691,-0.00326515716488595));
#9418=CARTESIAN_POINT('',(-0.0581,-0.0927006242762949,-0.00377253991671137));
#9419=CARTESIAN_POINT('',(-0.0581,-0.0908156652384265,-0.00328454802552814));
#9420=CARTESIAN_POINT('',(-0.0581,-0.0895852894201848,-0.00300000000000004));
#9421=CARTESIAN_POINT('',(-0.0581,-0.0889401686947989,-0.003));
#9422=CARTESIAN_POINT('',(-0.0581,-0.0963498313052004,-0.003));
#9423=CARTESIAN_POINT('',(-0.0581,-0.0889401686947989,-0.003));
#9424=CARTESIAN_POINT('',(-0.062165,-0.092645,-0.003));
#9425=CARTESIAN_POINT('',(-0.0676249999999992,-0.0933071178142972,-0.003));
#9426=CARTESIAN_POINT('',(-0.0676249999999992,-0.0919828821857022,-0.003));
#9427=CARTESIAN_POINT('',(-0.0676249999999992,-0.092424294223032,-0.003));
#9428=CARTESIAN_POINT('',(-0.0676249999999992,-0.0928657057769674,-0.003));
#9429=CARTESIAN_POINT('',(-0.0676249999999992,-0.0933071178142972,-0.003));
#9430=CARTESIAN_POINT('',(-0.0676249999999992,-0.0919828821857022,-0.003));
#9431=CARTESIAN_POINT('',(-0.062165,-0.092645,-0.003));
#9432=CARTESIAN_POINT('',(-0.234885,-0.138365,-0.005));
#9433=CARTESIAN_POINT('',(-0.231180168694799,-0.1343,-0.003));
#9434=CARTESIAN_POINT('',(-0.231807394880164,-0.1343,-0.00300000000000005));
#9435=CARTESIAN_POINT('',(-0.23301762625293,-0.1343,-0.00326515716488574));
#9436=CARTESIAN_POINT('',(-0.234829375723704,-0.1343,-0.00377253991671137));
#9437=CARTESIAN_POINT('',(-0.236714334761573,-0.1343,-0.00328454802552837));
#9438=CARTESIAN_POINT('',(-0.237944710579815,-0.1343,-0.00300000000000006));
#9439=CARTESIAN_POINT('',(-0.238589831305201,-0.1343,-0.003));
#9440=CARTESIAN_POINT('',(-0.231180168694799,-0.1343,-0.003));
#9441=CARTESIAN_POINT('',(-0.238589831305201,-0.1343,-0.003));
#9442=CARTESIAN_POINT('',(-0.234885,-0.138365,-0.003));
#9443=CARTESIAN_POINT('',(-0.231042373944813,-0.1423,-0.003));
#9444=CARTESIAN_POINT('',(-0.238727626055187,-0.1423,-0.003));
#9445=CARTESIAN_POINT('',(-0.238063257300037,-0.1423,-0.00299999999999988));
#9446=CARTESIAN_POINT('',(-0.23710860971194,-0.1423,-0.00323699770867931));
#9447=CARTESIAN_POINT('',(-0.235861977752472,-0.1423,-0.0036424664496622));
#9448=CARTESIAN_POINT('',(-0.234876233569134,-0.1423,-0.00381141643304259));
#9449=CARTESIAN_POINT('',(-0.233902571134427,-0.1423,-0.00364001711774935));
#9450=CARTESIAN_POINT('',(-0.232657054389214,-0.1423,-0.00323615278053579));
#9451=CARTESIAN_POINT('',(-0.231705833123796,-0.1423,-0.00299999999999995));
#9452=CARTESIAN_POINT('',(-0.231042373944813,-0.1423,-0.003));
#9453=CARTESIAN_POINT('',(-0.238727626055187,-0.1423,-0.003));
#9454=CARTESIAN_POINT('',(-0.234885,-0.138365,-0.003));
#9455=CARTESIAN_POINT('',(-0.234885,-0.054545,-0.005));
#9456=CARTESIAN_POINT('',(-0.231645868171871,-0.0501,-0.003));
#9457=CARTESIAN_POINT('',(-0.232744238411857,-0.0501,-0.00299999999999995));
#9458=CARTESIAN_POINT('',(-0.234906372188773,-0.0501,-0.00360174999530522));
#9459=CARTESIAN_POINT('',(-0.237041522037178,-0.0501,-0.00299999999999986));
#9460=CARTESIAN_POINT('',(-0.23812413182813,-0.0501,-0.003));
#9461=CARTESIAN_POINT('',(-0.23812413182813,-0.0501,-0.003));
#9462=CARTESIAN_POINT('',(-0.239081662364308,-0.0581,-0.003));
#9463=CARTESIAN_POINT('',(-0.238705915409306,-0.0581,-0.00300000000000001));
#9464=CARTESIAN_POINT('',(-0.237972920709815,-0.0581,-0.00312029569691859));
#9465=CARTESIAN_POINT('',(-0.236929360504948,-0.0581,-0.00354201914043352));
#9466=CARTESIAN_POINT('',(-0.236116479467513,-0.0581,-0.00400984641211387));
#9467=CARTESIAN_POINT('',(-0.235475260879133,-0.0581,-0.00437893553274481));
#9468=CARTESIAN_POINT('',(-0.234930647660725,-0.0581,-0.00459980784626512));
#9469=CARTESIAN_POINT('',(-0.234364449443492,-0.0581,-0.0044207754789651));
#9470=CARTESIAN_POINT('',(-0.233711790872139,-0.0581,-0.0040424525043169));
#9471=CARTESIAN_POINT('',(-0.232887209506374,-0.0581,-0.00356630001433846));
#9472=CARTESIAN_POINT('',(-0.231837999917934,-0.0581,-0.00312994039824345));
#9473=CARTESIAN_POINT('',(-0.231073710532617,-0.0581,-0.00300000000000006));
#9474=CARTESIAN_POINT('',(-0.230688337635692,-0.0581,-0.003));
#9475=CARTESIAN_POINT('',(-0.239081662364308,-0.0581,-0.003));
#9476=CARTESIAN_POINT('',(-0.234885,-0.054545,-0.003));
#9477=CARTESIAN_POINT('',(-0.189165,-0.054545,-0.005));
#9478=CARTESIAN_POINT('',(-0.1884,-0.0490984621088254,-0.003));
#9479=CARTESIAN_POINT('',(-0.1884,-0.0494498518852603,-0.00299999999999999));
#9480=CARTESIAN_POINT('',(-0.1884,-0.04979357766345,-0.00309005889015913));
#9481=CARTESIAN_POINT('',(-0.1884,-0.0501,-0.00326201515694248));
#9482=CARTESIAN_POINT('',(-0.1884,-0.0490984621088254,-0.003));
#9483=CARTESIAN_POINT('',(-0.1884,-0.0501,-0.00326201515694247));
#9484=CARTESIAN_POINT('',(-0.189165,-0.054545,-0.003));
#9485=CARTESIAN_POINT('',(-0.1884,-0.0599915378911739,-0.003));
#9486=CARTESIAN_POINT('',(-0.1884,-0.0581,-0.00427411045973921));
#9487=CARTESIAN_POINT('',(-0.1884,-0.0584012542463046,-0.00351799031901904));
#9488=CARTESIAN_POINT('',(-0.1884,-0.0591778677303552,-0.00300000000000026));
#9489=CARTESIAN_POINT('',(-0.1884,-0.0599915378911739,-0.003));
#9490=CARTESIAN_POINT('',(-0.1884,-0.0581,-0.00427411045973921));
#9491=CARTESIAN_POINT('',(-0.193361662364308,-0.0581,-0.003));
#9492=CARTESIAN_POINT('',(-0.192913253799757,-0.0581,-0.00300000000000001));
#9493=CARTESIAN_POINT('',(-0.192259523956196,-0.0581,-0.00312816976012358));
#9494=CARTESIAN_POINT('',(-0.191428486612269,-0.0581,-0.00345639933295868));
#9495=CARTESIAN_POINT('',(-0.190833672561534,-0.0581,-0.00375881446894106));
#9496=CARTESIAN_POINT('',(-0.190251367660767,-0.0581,-0.0040893613614465));
#9497=CARTESIAN_POINT('',(-0.189681420560619,-0.0581,-0.00443700711974138));
#9498=CARTESIAN_POINT('',(-0.189007036679328,-0.0581,-0.0046061928473643));
#9499=CARTESIAN_POINT('',(-0.188596257445474,-0.0581,-0.00438011039525615));
#9500=CARTESIAN_POINT('',(-0.1884,-0.0581,-0.0042741104597392));
#9501=CARTESIAN_POINT('',(-0.1884,-0.0501,-0.00326201515694248));
#9502=CARTESIAN_POINT('',(-0.189069567734997,-0.0501,-0.00332668201724913));
#9503=CARTESIAN_POINT('',(-0.190404330099241,-0.0501,-0.00325066992454855));
#9504=CARTESIAN_POINT('',(-0.191729598714765,-0.0501,-0.00299999999999991));
#9505=CARTESIAN_POINT('',(-0.19240413182813,-0.0501,-0.003));
#9506=CARTESIAN_POINT('',(-0.189165,-0.138365,-0.005));
#9507=CARTESIAN_POINT('',(-0.1884,-0.132918462108825,-0.003));
#9508=CARTESIAN_POINT('',(-0.1884,-0.133428468856242,-0.00299999999999999));
#9509=CARTESIAN_POINT('',(-0.1884,-0.133923919094272,-0.00319247872043645));
#9510=CARTESIAN_POINT('',(-0.1884,-0.1343,-0.00353696274076042));
#9511=CARTESIAN_POINT('',(-0.1884,-0.132918462108825,-0.003));
#9512=CARTESIAN_POINT('',(-0.1884,-0.1343,-0.00353696274076042));
#9513=CARTESIAN_POINT('',(-0.189165,-0.138365,-0.003));
#9514=CARTESIAN_POINT('',(-0.185322373944813,-0.1423,-0.003));
#9515=CARTESIAN_POINT('',(-0.193007626055187,-0.1423,-0.003));
#9516=CARTESIAN_POINT('',(-0.192343257300037,-0.1423,-0.00299999999999988));
#9517=CARTESIAN_POINT('',(-0.19138860971194,-0.1423,-0.00323699770867931));
#9518=CARTESIAN_POINT('',(-0.190141977752472,-0.1423,-0.00364246644966222));
#9519=CARTESIAN_POINT('',(-0.189156233569134,-0.1423,-0.00381141643304259));
#9520=CARTESIAN_POINT('',(-0.188182571134427,-0.1423,-0.00364001711774936));
#9521=CARTESIAN_POINT('',(-0.186937054389214,-0.1423,-0.00323615278053579));
#9522=CARTESIAN_POINT('',(-0.185985833123796,-0.1423,-0.00299999999999995));
#9523=CARTESIAN_POINT('',(-0.185322373944813,-0.1423,-0.003));
#9524=CARTESIAN_POINT('',(-0.193007626055187,-0.1423,-0.003));
#9525=CARTESIAN_POINT('',(-0.189165,-0.138365,-0.003));
#9526=CARTESIAN_POINT('',(-0.192869831305201,-0.1343,-0.003));
#9527=CARTESIAN_POINT('',(-0.1884,-0.1343,-0.00353696274076042));
#9528=CARTESIAN_POINT('',(-0.188772689471238,-0.1343,-0.00360120721892808));
#9529=CARTESIAN_POINT('',(-0.189520111709043,-0.1343,-0.0036445986114932));
#9530=CARTESIAN_POINT('',(-0.191006338915624,-0.1343,-0.00330423775638822));
#9531=CARTESIAN_POINT('',(-0.192100732611578,-0.1343,-0.00300000000000007));
#9532=CARTESIAN_POINT('',(-0.192869831305201,-0.1343,-0.003));
#9533=CARTESIAN_POINT('',(-0.021525,-0.0457249999999992,-0.025));
#9534=CARTESIAN_POINT('',(-0.021525,-0.0457249999999992,-0.003));
#9535=CARTESIAN_POINT('',(-0.020025,-0.0457249999999992,-0.003));
#9536=CARTESIAN_POINT('',(-0.021525,-0.165725,-0.025));
#9537=CARTESIAN_POINT('',(-0.021525,-0.165725,-0.003));
#9538=CARTESIAN_POINT('',(-0.020025,-0.165725,-0.003));
#9539=CARTESIAN_POINT('',(-0.119315,-0.054545,-0.005));
#9540=CARTESIAN_POINT('',(-0.123511662364308,-0.0581,-0.003));
#9541=CARTESIAN_POINT('',(-0.123424321175415,-0.0581,-0.003));
#9542=CARTESIAN_POINT('',(-0.123337103548107,-0.0581,-0.00300332566734638));
#9543=CARTESIAN_POINT('',(-0.123249999999999,-0.0581,-0.00300972178306145));
#9544=CARTESIAN_POINT('',(-0.123511662364308,-0.0581,-0.003));
#9545=CARTESIAN_POINT('',(-0.123249999999999,-0.0581,-0.00300972178306145));
#9546=CARTESIAN_POINT('',(-0.119315,-0.054545,-0.003));
#9547=CARTESIAN_POINT('',(-0.115118337635692,-0.0581,-0.003));
#9548=CARTESIAN_POINT('',(-0.115249999999998,-0.0581,-0.00300249114583635));
#9549=CARTESIAN_POINT('',(-0.115206128050013,-0.0581,-0.00300084130308106));
#9550=CARTESIAN_POINT('',(-0.11516224080188,-0.0581,-0.003));
#9551=CARTESIAN_POINT('',(-0.115118337635692,-0.0581,-0.003));
#9552=CARTESIAN_POINT('',(-0.115249999999998,-0.0581,-0.00300249114583635));
#9553=CARTESIAN_POINT('',(-0.115249999999998,-0.0582498313051992,-0.003));
#9554=CARTESIAN_POINT('',(-0.115249999999998,-0.0581998737305891,-0.003));
#9555=CARTESIAN_POINT('',(-0.115249999999998,-0.0581499302725639,-0.0030008490495913));
#9556=CARTESIAN_POINT('',(-0.115249999999998,-0.0581,-0.00300249114583636));
#9557=CARTESIAN_POINT('',(-0.115249999999998,-0.0582498313051992,-0.003));
#9558=CARTESIAN_POINT('',(-0.119315,-0.054545,-0.003));
#9559=CARTESIAN_POINT('',(-0.123249999999999,-0.058387626055188,-0.003));
#9560=CARTESIAN_POINT('',(-0.123249999999999,-0.0581,-0.00300972178306145));
#9561=CARTESIAN_POINT('',(-0.123249999999999,-0.0581957701390252,-0.00300336839398024));
#9562=CARTESIAN_POINT('',(-0.123249999999999,-0.0582916411711172,-0.003));
#9563=CARTESIAN_POINT('',(-0.123249999999999,-0.058387626055188,-0.003));
#9564=CARTESIAN_POINT('',(-0.196785,-0.0164449999999997,-0.005));
#9565=CARTESIAN_POINT('',(-0.196785,-0.0164449999999997,-0.003));
#9566=CARTESIAN_POINT('',(-0.191285,-0.0164449999999997,-0.003));
#9567=CARTESIAN_POINT('',(-0.119315,-0.138365,-0.005));
#9568=CARTESIAN_POINT('',(-0.119315,-0.138365,-0.003));
#9569=CARTESIAN_POINT('',(-0.113815,-0.138365,-0.003));
#9570=CARTESIAN_POINT('',(-0.046925,-0.173925,-0.005));
#9571=CARTESIAN_POINT('',(-0.046925,-0.173925,-0.003));
#9572=CARTESIAN_POINT('',(-0.041425,-0.173925,-0.003));
#9573=CARTESIAN_POINT('',(-0.102805,-0.168845,-0.005));
#9574=CARTESIAN_POINT('',(-0.102805,-0.168845,-0.003));
#9575=CARTESIAN_POINT('',(-0.097305,-0.168845,-0.003));
#9576=CARTESIAN_POINT('',(-0.102805,-0.219645,-0.005));
#9577=CARTESIAN_POINT('',(-0.102805,-0.219645,-0.003));
#9578=CARTESIAN_POINT('',(-0.097305,-0.219645,-0.003));
#9579=CARTESIAN_POINT('',(-0.062165,-0.219645,-0.005));
#9580=CARTESIAN_POINT('',(-0.062165,-0.219645,-0.003));
#9581=CARTESIAN_POINT('',(-0.056665,-0.219645,-0.003));
#9582=CARTESIAN_POINT('',(-0.171385,-0.227265,-0.005));
#9583=CARTESIAN_POINT('',(-0.171385,-0.227265,-0.003));
#9584=CARTESIAN_POINT('',(-0.165885,-0.227265,-0.003));
#9585=CARTESIAN_POINT('',(-0.219645,-0.227265,-0.005));
#9586=CARTESIAN_POINT('',(-0.219645,-0.227265,-0.003));
#9587=CARTESIAN_POINT('',(-0.214145,-0.227265,-0.003));
#9588=CARTESIAN_POINT('',(-0.105724999999999,-0.086675,-0.025));
#9589=CARTESIAN_POINT('',(-0.0961999999999987,-0.086675,-0.025));
#9590=CARTESIAN_POINT('',(-0.0961999999999987,-0.086675,-0.003));
#9591=CARTESIAN_POINT('',(-0.0961999999999987,-0.086675,0.));
#9592=CARTESIAN_POINT('',(-0.105724999999999,-0.086675,0.));
#9593=CARTESIAN_POINT('',(-0.115249999999998,-0.086675,0.));
#9594=CARTESIAN_POINT('',(-0.115249999999998,-0.086675,-0.025));
#9595=CARTESIAN_POINT('',(-0.115249999999998,-0.086675,-0.003));
#9596=CARTESIAN_POINT('',(-0.409952,-0.086675,-0.003));
#9597=CARTESIAN_POINT('',(-0.115249999999998,-0.0962,-0.025));
#9598=CARTESIAN_POINT('',(-0.115249999999998,-0.124775,-0.003));
#9599=CARTESIAN_POINT('',(-0.115249999999998,-0.105725,-0.003));
#9600=CARTESIAN_POINT('',(-0.115249999999998,-0.0962,0.));
#9601=CARTESIAN_POINT('',(-0.115249999999998,-0.105725,0.));
#9602=CARTESIAN_POINT('',(-0.115249999999998,-0.105725,-0.025));
#9603=CARTESIAN_POINT('',(-0.105724999999999,-0.105725,-0.025));
#9604=CARTESIAN_POINT('',(-0.409952,-0.105725,-0.003));
#9605=CARTESIAN_POINT('',(-0.0961999999999987,-0.105725,-0.003));
#9606=CARTESIAN_POINT('',(-0.105724999999999,-0.105725,0.));
#9607=CARTESIAN_POINT('',(-0.0961999999999987,-0.105725,0.));
#9608=CARTESIAN_POINT('',(-0.0961999999999987,-0.105725,-0.025));
#9609=CARTESIAN_POINT('',(-0.0961999999999987,-0.0962,-0.025));
#9610=CARTESIAN_POINT('',(-0.0961999999999987,-0.0962,0.));
#9611=CARTESIAN_POINT('',(-0.0961999999999987,-0.124775,-0.003));
#9612=CARTESIAN_POINT('',(-0.105724999999999,-0.11525,-0.025));
#9613=CARTESIAN_POINT('',(-0.0961999999999987,-0.11525,-0.025));
#9614=CARTESIAN_POINT('',(-0.0961999999999987,-0.11525,-0.003));
#9615=CARTESIAN_POINT('',(-0.0961999999999987,-0.11525,0.));
#9616=CARTESIAN_POINT('',(-0.105724999999999,-0.11525,0.));
#9617=CARTESIAN_POINT('',(-0.115249999999998,-0.11525,0.));
#9618=CARTESIAN_POINT('',(-0.115249999999998,-0.11525,-0.025));
#9619=CARTESIAN_POINT('',(-0.115249999999998,-0.11525,-0.003));
#9620=CARTESIAN_POINT('',(-0.409952,-0.11525,-0.003));
#9621=CARTESIAN_POINT('',(-0.115249999999998,-0.124775,-0.025));
#9622=CARTESIAN_POINT('',(-0.115249999999998,-0.124775,-0.003));
#9623=CARTESIAN_POINT('',(-0.115249999999998,-0.1343,-0.003));
#9624=CARTESIAN_POINT('',(-0.115249999999998,-0.124775,0.));
#9625=CARTESIAN_POINT('',(-0.115249999999998,-0.1343,0.));
#9626=CARTESIAN_POINT('',(-0.115249999999998,-0.1343,-0.025));
#9627=CARTESIAN_POINT('',(-0.105724999999999,-0.1343,-0.025));
#9628=CARTESIAN_POINT('',(-0.409952,-0.1343,-0.003));
#9629=CARTESIAN_POINT('',(-0.0961999999999988,-0.1343,-0.003));
#9630=CARTESIAN_POINT('',(-0.105724999999999,-0.1343,0.));
#9631=CARTESIAN_POINT('',(-0.0961999999999988,-0.1343,0.));
#9632=CARTESIAN_POINT('',(-0.0961999999999988,-0.1343,-0.025));
#9633=CARTESIAN_POINT('',(-0.0961999999999987,-0.124775,-0.025));
#9634=CARTESIAN_POINT('',(-0.0961999999999987,-0.124775,0.));
#9635=CARTESIAN_POINT('',(-0.0961999999999987,-0.124775,-0.003));
#9636=CARTESIAN_POINT('',(-0.012,-0.189925,-0.025));
#9637=CARTESIAN_POINT('',(-0.012,-0.23755,-0.025));
#9638=CARTESIAN_POINT('',(-0.012,-0.23755,-0.003));
#9639=CARTESIAN_POINT('',(-0.012,-0.23755,0.));
#9640=CARTESIAN_POINT('',(-0.012,-0.189925,0.));
#9641=CARTESIAN_POINT('',(-0.012,-0.1804,0.));
#9642=CARTESIAN_POINT('',(-0.012,-0.1804,-0.025));
#9643=CARTESIAN_POINT('',(-0.012,-0.1804,-0.003));
#9644=CARTESIAN_POINT('',(-0.012,-0.124775,-0.003));
#9645=CARTESIAN_POINT('',(-0.03105,-0.1804,-0.025));
#9646=CARTESIAN_POINT('',(-0.03105,-0.1804,0.));
#9647=CARTESIAN_POINT('',(-0.0501,-0.1804,0.));
#9648=CARTESIAN_POINT('',(-0.0501,-0.1804,-0.025));
#9649=CARTESIAN_POINT('',(-0.0501,-0.1804,-0.003));
#9650=CARTESIAN_POINT('',(-0.409952,-0.1804,-0.003));
#9651=CARTESIAN_POINT('',(-0.0501,-0.189925,-0.025));
#9652=CARTESIAN_POINT('',(-0.0501,-0.124775,-0.003));
#9653=CARTESIAN_POINT('',(-0.0501,-0.23755,-0.003));
#9654=CARTESIAN_POINT('',(-0.0501,-0.189925,0.));
#9655=CARTESIAN_POINT('',(-0.0501,-0.23755,0.));
#9656=CARTESIAN_POINT('',(-0.0501,-0.23755,-0.025));
#9657=CARTESIAN_POINT('',(-0.03105,-0.23755,-0.025));
#9658=CARTESIAN_POINT('',(-0.409952,-0.23755,-0.003));
#9659=CARTESIAN_POINT('',(-0.03105,-0.23755,0.));
#9660=CARTESIAN_POINT('',(-0.1884,-0.067625,-0.025));
#9661=CARTESIAN_POINT('',(-0.1884,-0.1343,-0.025));
#9662=CARTESIAN_POINT('',(-0.1884,-0.1343,0.));
#9663=CARTESIAN_POINT('',(-0.1884,-0.067625,0.));
#9664=CARTESIAN_POINT('',(-0.1884,-0.0581,0.));
#9665=CARTESIAN_POINT('',(-0.1884,-0.0581,-0.025));
#9666=CARTESIAN_POINT('',(-0.1884,-0.124775,-0.003));
#9667=CARTESIAN_POINT('',(-0.236024999999997,-0.0581,-0.025));
#9668=CARTESIAN_POINT('',(-0.236024999999997,-0.0581,0.));
#9669=CARTESIAN_POINT('',(-0.245549999999997,-0.0581,0.));
#9670=CARTESIAN_POINT('',(-0.245549999999997,-0.0581,-0.025));
#9671=CARTESIAN_POINT('',(-0.245549999999997,-0.0581,-0.003));
#9672=CARTESIAN_POINT('',(-0.409952,-0.0581,-0.003));
#9673=CARTESIAN_POINT('',(-0.245549999999997,-0.067625,-0.025));
#9674=CARTESIAN_POINT('',(-0.245549999999997,-0.124775,-0.003));
#9675=CARTESIAN_POINT('',(-0.245549999999997,-0.1343,-0.003));
#9676=CARTESIAN_POINT('',(-0.245549999999997,-0.067625,0.));
#9677=CARTESIAN_POINT('',(-0.245549999999997,-0.1343,0.));
#9678=CARTESIAN_POINT('',(-0.245549999999997,-0.1343,-0.025));
#9679=CARTESIAN_POINT('',(-0.197924999999998,-0.1343,-0.025));
#9680=CARTESIAN_POINT('',(-0.409952,-0.1343,-0.003));
#9681=CARTESIAN_POINT('',(-0.409952,-0.1343,-0.003));
#9682=CARTESIAN_POINT('',(-0.197924999999998,-0.1343,0.));
#9683=CARTESIAN_POINT('',(-0.207449999999997,-0.151825,-0.025));
#9684=CARTESIAN_POINT('',(-0.207449999999997,-0.2185,-0.025));
#9685=CARTESIAN_POINT('',(-0.207449999999997,-0.2185,-0.003));
#9686=CARTESIAN_POINT('',(-0.207449999999997,-0.2185,0.));
#9687=CARTESIAN_POINT('',(-0.207449999999997,-0.151825,0.));
#9688=CARTESIAN_POINT('',(-0.207449999999997,-0.1423,0.));
#9689=CARTESIAN_POINT('',(-0.207449999999997,-0.1423,-0.025));
#9690=CARTESIAN_POINT('',(-0.207449999999997,-0.1423,-0.003));
#9691=CARTESIAN_POINT('',(-0.207449999999997,-0.124775,-0.003));
#9692=CARTESIAN_POINT('',(-0.236024999999997,-0.1423,-0.025));
#9693=CARTESIAN_POINT('',(-0.236024999999997,-0.1423,0.));
#9694=CARTESIAN_POINT('',(-0.245549999999997,-0.1423,0.));
#9695=CARTESIAN_POINT('',(-0.245549999999997,-0.1423,-0.025));
#9696=CARTESIAN_POINT('',(-0.245549999999997,-0.1423,-0.003));
#9697=CARTESIAN_POINT('',(-0.409952,-0.1423,-0.003));
#9698=CARTESIAN_POINT('',(-0.409952,-0.1423,-0.003));
#9699=CARTESIAN_POINT('',(-0.245549999999997,-0.151825,-0.025));
#9700=CARTESIAN_POINT('',(-0.245549999999997,-0.124775,-0.003));
#9701=CARTESIAN_POINT('',(-0.245549999999997,-0.2185,-0.003));
#9702=CARTESIAN_POINT('',(-0.245549999999997,-0.151825,0.));
#9703=CARTESIAN_POINT('',(-0.245549999999997,-0.2185,0.));
#9704=CARTESIAN_POINT('',(-0.245549999999997,-0.2185,-0.025));
#9705=CARTESIAN_POINT('',(-0.216974999999998,-0.2185,-0.025));
#9706=CARTESIAN_POINT('',(-0.409952,-0.2185,-0.003));
#9707=CARTESIAN_POINT('',(-0.216974999999998,-0.2185,0.));
#9708=CARTESIAN_POINT('',(-0.0676249999999991,-0.208975,-0.025));
#9709=CARTESIAN_POINT('',(-0.409952,-0.208975,-0.003));
#9710=CARTESIAN_POINT('',(-0.0580999999999992,-0.208975,-0.003));
#9711=CARTESIAN_POINT('',(-0.0771499999999989,-0.208975,-0.003));
#9712=CARTESIAN_POINT('',(-0.0771499999999989,-0.208975,-0.025));
#9713=CARTESIAN_POINT('',(-0.0771499999999989,-0.208975,0.));
#9714=CARTESIAN_POINT('',(-0.0676249999999991,-0.208975,0.));
#9715=CARTESIAN_POINT('',(-0.0580999999999992,-0.208975,0.));
#9716=CARTESIAN_POINT('',(-0.0580999999999992,-0.208975,-0.025));
#9717=CARTESIAN_POINT('',(-0.0580999999999992,-0.19945,-0.025));
#9718=CARTESIAN_POINT('',(-0.0580999999999992,-0.19945,0.));
#9719=CARTESIAN_POINT('',(-0.0580999999999992,-0.189925,0.));
#9720=CARTESIAN_POINT('',(-0.0580999999999992,-0.189925,-0.025));
#9721=CARTESIAN_POINT('',(-0.0580999999999992,-0.189925,-0.003));
#9722=CARTESIAN_POINT('',(-0.0580999999999992,-0.124775,-0.003));
#9723=CARTESIAN_POINT('',(-0.0676249999999991,-0.189925,-0.025));
#9724=CARTESIAN_POINT('',(-0.0676249999999991,-0.189925,0.));
#9725=CARTESIAN_POINT('',(-0.0771499999999989,-0.189925,0.));
#9726=CARTESIAN_POINT('',(-0.0771499999999989,-0.189925,-0.025));
#9727=CARTESIAN_POINT('',(-0.0771499999999989,-0.189925,-0.003));
#9728=CARTESIAN_POINT('',(-0.409952,-0.189925,-0.003));
#9729=CARTESIAN_POINT('',(-0.0771499999999989,-0.1804,-0.025));
#9730=CARTESIAN_POINT('',(-0.0771499999999989,-0.1804,0.));
#9731=CARTESIAN_POINT('',(-0.077149999999999,-0.170875,0.));
#9732=CARTESIAN_POINT('',(-0.077149999999999,-0.170875,-0.025));
#9733=CARTESIAN_POINT('',(-0.077149999999999,-0.170875,-0.003));
#9734=CARTESIAN_POINT('',(-0.0771499999999989,-0.124775,-0.003));
#9735=CARTESIAN_POINT('',(-0.0866749999999988,-0.170875,-0.025));
#9736=CARTESIAN_POINT('',(-0.0866749999999988,-0.170875,0.));
#9737=CARTESIAN_POINT('',(-0.0961999999999987,-0.170875,0.));
#9738=CARTESIAN_POINT('',(-0.0961999999999987,-0.170875,-0.025));
#9739=CARTESIAN_POINT('',(-0.0961999999999987,-0.170875,-0.003));
#9740=CARTESIAN_POINT('',(-0.409952,-0.170875,-0.003));
#9741=CARTESIAN_POINT('',(-0.0961999999999987,-0.1804,-0.025));
#9742=CARTESIAN_POINT('',(-0.0961999999999987,-0.124775,-0.003));
#9743=CARTESIAN_POINT('',(-0.0961999999999987,-0.189925,-0.003));
#9744=CARTESIAN_POINT('',(-0.0961999999999987,-0.1804,0.));
#9745=CARTESIAN_POINT('',(-0.0961999999999987,-0.189925,0.));
#9746=CARTESIAN_POINT('',(-0.0961999999999987,-0.189925,-0.025));
#9747=CARTESIAN_POINT('',(-0.105724999999999,-0.189925,-0.025));
#9748=CARTESIAN_POINT('',(-0.105724999999999,-0.189925,0.));
#9749=CARTESIAN_POINT('',(-0.115249999999998,-0.189925,0.));
#9750=CARTESIAN_POINT('',(-0.115249999999998,-0.189925,-0.025));
#9751=CARTESIAN_POINT('',(-0.115249999999998,-0.189925,-0.003));
#9752=CARTESIAN_POINT('',(-0.409952,-0.189925,-0.003));
#9753=CARTESIAN_POINT('',(-0.115249999999998,-0.19945,-0.025));
#9754=CARTESIAN_POINT('',(-0.115249999999998,-0.124775,-0.003));
#9755=CARTESIAN_POINT('',(-0.115249999999998,-0.208975,-0.003));
#9756=CARTESIAN_POINT('',(-0.115249999999998,-0.19945,0.));
#9757=CARTESIAN_POINT('',(-0.115249999999998,-0.208975,0.));
#9758=CARTESIAN_POINT('',(-0.115249999999998,-0.208975,-0.025));
#9759=CARTESIAN_POINT('',(-0.105724999999998,-0.208975,-0.025));
#9760=CARTESIAN_POINT('',(-0.409952,-0.208975,-0.003));
#9761=CARTESIAN_POINT('',(-0.0961999999999987,-0.208975,-0.003));
#9762=CARTESIAN_POINT('',(-0.105724999999998,-0.208975,0.));
#9763=CARTESIAN_POINT('',(-0.0961999999999987,-0.208975,0.));
#9764=CARTESIAN_POINT('',(-0.0961999999999987,-0.208975,-0.025));
#9765=CARTESIAN_POINT('',(-0.0961999999999987,-0.2185,-0.025));
#9766=CARTESIAN_POINT('',(-0.0961999999999987,-0.124775,-0.003));
#9767=CARTESIAN_POINT('',(-0.0961999999999987,-0.228025,-0.003));
#9768=CARTESIAN_POINT('',(-0.0961999999999987,-0.2185,0.));
#9769=CARTESIAN_POINT('',(-0.0961999999999987,-0.228025,0.));
#9770=CARTESIAN_POINT('',(-0.0961999999999987,-0.228025,-0.025));
#9771=CARTESIAN_POINT('',(-0.0866749999999988,-0.228025,-0.025));
#9772=CARTESIAN_POINT('',(-0.409952,-0.228025,-0.003));
#9773=CARTESIAN_POINT('',(-0.0771499999999989,-0.228025,-0.003));
#9774=CARTESIAN_POINT('',(-0.0866749999999988,-0.228025,0.));
#9775=CARTESIAN_POINT('',(-0.0771499999999989,-0.228025,0.));
#9776=CARTESIAN_POINT('',(-0.0771499999999989,-0.228025,-0.025));
#9777=CARTESIAN_POINT('',(-0.0771499999999989,-0.2185,-0.025));
#9778=CARTESIAN_POINT('',(-0.0771499999999989,-0.2185,0.));
#9779=CARTESIAN_POINT('',(-0.0771499999999989,-0.124775,-0.003));
#9780=CARTESIAN_POINT('',(-0.0676249999999992,-0.067625,-0.025));
#9781=CARTESIAN_POINT('',(-0.0676249999999992,-0.1343,-0.025));
#9782=CARTESIAN_POINT('',(-0.0676249999999992,-0.1343,-0.003));
#9783=CARTESIAN_POINT('',(-0.0676249999999992,-0.1343,0.));
#9784=CARTESIAN_POINT('',(-0.0676249999999992,-0.067625,0.));
#9785=CARTESIAN_POINT('',(-0.0676249999999992,-0.0581,0.));
#9786=CARTESIAN_POINT('',(-0.0676249999999992,-0.0581,-0.025));
#9787=CARTESIAN_POINT('',(-0.0676249999999992,-0.0581,-0.003));
#9788=CARTESIAN_POINT('',(-0.0676249999999992,-0.124775,-0.003));
#9789=CARTESIAN_POINT('',(-0.0676249999999992,-0.124775,-0.003));
#9790=CARTESIAN_POINT('',(-0.0771499999999991,-0.0581,-0.025));
#9791=CARTESIAN_POINT('',(-0.0771499999999991,-0.0581,0.));
#9792=CARTESIAN_POINT('',(-0.086674999999999,-0.0581,0.));
#9793=CARTESIAN_POINT('',(-0.086674999999999,-0.0581,-0.025));
#9794=CARTESIAN_POINT('',(-0.086675,-0.0581,-0.003));
#9795=CARTESIAN_POINT('',(-0.409952,-0.0581,-0.003));
#9796=CARTESIAN_POINT('',(-0.086674999999999,-0.067625,-0.025));
#9797=CARTESIAN_POINT('',(-0.086674999999999,-0.124775,-0.003));
#9798=CARTESIAN_POINT('',(-0.086674999999999,-0.1343,-0.003));
#9799=CARTESIAN_POINT('',(-0.086674999999999,-0.067625,0.));
#9800=CARTESIAN_POINT('',(-0.086674999999999,-0.1343,0.));
#9801=CARTESIAN_POINT('',(-0.086674999999999,-0.1343,-0.025));
#9802=CARTESIAN_POINT('',(-0.0771499999999991,-0.1343,-0.025));
#9803=CARTESIAN_POINT('',(-0.409952,-0.1343,-0.003));
#9804=CARTESIAN_POINT('',(-0.0771499999999991,-0.1343,0.));
#9805=CARTESIAN_POINT('',(-0.03905,-0.067625,-0.025));
#9806=CARTESIAN_POINT('',(-0.03905,-0.1343,-0.025));
#9807=CARTESIAN_POINT('',(-0.03905,-0.1343,-0.003));
#9808=CARTESIAN_POINT('',(-0.03905,-0.1343,0.));
#9809=CARTESIAN_POINT('',(-0.03905,-0.067625,0.));
#9810=CARTESIAN_POINT('',(-0.03905,-0.0581,0.));
#9811=CARTESIAN_POINT('',(-0.03905,-0.0581,-0.025));
#9812=CARTESIAN_POINT('',(-0.03905,-0.0581,-0.003));
#9813=CARTESIAN_POINT('',(-0.03905,-0.124775,-0.003));
#9814=CARTESIAN_POINT('',(-0.048575,-0.0581,-0.025));
#9815=CARTESIAN_POINT('',(-0.048575,-0.0581,0.));
#9816=CARTESIAN_POINT('',(-0.0581,-0.0581,0.));
#9817=CARTESIAN_POINT('',(-0.0581,-0.0581,-0.025));
#9818=CARTESIAN_POINT('',(-0.0581,-0.0581,-0.003));
#9819=CARTESIAN_POINT('',(-0.409952,-0.0581,-0.003));
#9820=CARTESIAN_POINT('',(-0.409952,-0.0581,-0.003));
#9821=CARTESIAN_POINT('',(-0.0581,-0.067625,-0.025));
#9822=CARTESIAN_POINT('',(-0.0581,-0.124775,-0.003));
#9823=CARTESIAN_POINT('',(-0.0581,-0.1343,-0.003));
#9824=CARTESIAN_POINT('',(-0.0581,-0.124775,-0.003));
#9825=CARTESIAN_POINT('',(-0.0581,-0.067625,0.));
#9826=CARTESIAN_POINT('',(-0.0581,-0.1343,0.));
#9827=CARTESIAN_POINT('',(-0.0581,-0.1343,-0.025));
#9828=CARTESIAN_POINT('',(-0.048575,-0.1343,-0.025));
#9829=CARTESIAN_POINT('',(-0.409952,-0.1343,-0.003));
#9830=CARTESIAN_POINT('',(-0.409952,-0.1343,-0.003));
#9831=CARTESIAN_POINT('',(-0.048575,-0.1343,0.));
#9832=CARTESIAN_POINT('',(-0.021525,-0.0119999999999995,-0.025));
#9833=CARTESIAN_POINT('',(-0.0120000000000002,-0.0119999999999995,-0.025));
#9834=CARTESIAN_POINT('',(-0.0120000000000002,-0.0119999999999995,-0.003));
#9835=CARTESIAN_POINT('',(-0.0120000000000002,-0.0119999999999995,0.));
#9836=CARTESIAN_POINT('',(-0.021525,-0.0119999999999995,0.));
#9837=CARTESIAN_POINT('',(-0.03105,-0.012,0.));
#9838=CARTESIAN_POINT('',(-0.03105,-0.012,-0.025));
#9839=CARTESIAN_POINT('',(-0.409952,-0.0119999999999995,-0.003));
#9840=CARTESIAN_POINT('',(-0.03105,-0.021525,-0.025));
#9841=CARTESIAN_POINT('',(-0.03105,-0.124775,-0.003));
#9842=CARTESIAN_POINT('',(-0.03105,-0.03105,-0.003));
#9843=CARTESIAN_POINT('',(-0.03105,-0.021525,0.));
#9844=CARTESIAN_POINT('',(-0.03105,-0.03105,0.));
#9845=CARTESIAN_POINT('',(-0.03105,-0.03105,-0.025));
#9846=CARTESIAN_POINT('',(-0.021525,-0.03105,-0.025));
#9847=CARTESIAN_POINT('',(-0.409952,-0.03105,-0.003));
#9848=CARTESIAN_POINT('',(-0.012,-0.03105,-0.003));
#9849=CARTESIAN_POINT('',(-0.021525,-0.03105,0.));
#9850=CARTESIAN_POINT('',(-0.012,-0.03105,0.));
#9851=CARTESIAN_POINT('',(-0.012,-0.03105,-0.025));
#9852=CARTESIAN_POINT('',(-0.012,-0.021525,-0.025));
#9853=CARTESIAN_POINT('',(-0.012,-0.021525,0.));
#9854=CARTESIAN_POINT('',(-0.012,-0.124775,-0.003));
#9855=CARTESIAN_POINT('',(-0.03905,-0.040575,-0.025));
#9856=CARTESIAN_POINT('',(-0.03905,-0.0501,-0.025));
#9857=CARTESIAN_POINT('',(-0.03905,-0.0501,-0.003));
#9858=CARTESIAN_POINT('',(-0.03905,-0.0501,0.));
#9859=CARTESIAN_POINT('',(-0.03905,-0.040575,0.));
#9860=CARTESIAN_POINT('',(-0.03905,-0.0119999999999995,0.));
#9861=CARTESIAN_POINT('',(-0.03905,-0.012,-0.025));
#9862=CARTESIAN_POINT('',(-0.03905,-0.124775,-0.003));
#9863=CARTESIAN_POINT('',(-0.105724999999999,-0.0119999999999995,-0.025));
#9864=CARTESIAN_POINT('',(-0.105724999999999,-0.0119999999999995,0.));
#9865=CARTESIAN_POINT('',(-0.115249999999999,-0.0120000000000001,0.));
#9866=CARTESIAN_POINT('',(-0.115249999999999,-0.0120000000000001,-0.025));
#9867=CARTESIAN_POINT('',(-0.409952,-0.0119999999999995,-0.003));
#9868=CARTESIAN_POINT('',(-0.115249999999999,-0.021525,-0.025));
#9869=CARTESIAN_POINT('',(-0.115249999999999,-0.124775,-0.003));
#9870=CARTESIAN_POINT('',(-0.115249999999999,-0.0501,-0.003));
#9871=CARTESIAN_POINT('',(-0.115249999999999,-0.021525,0.));
#9872=CARTESIAN_POINT('',(-0.115249999999999,-0.0501,0.));
#9873=CARTESIAN_POINT('',(-0.115249999999999,-0.0501,-0.025));
#9874=CARTESIAN_POINT('',(-0.105725,-0.0501,-0.025));
#9875=CARTESIAN_POINT('',(-0.409952,-0.0501,-0.003));
#9876=CARTESIAN_POINT('',(-0.409952,-0.0501,-0.003));
#9877=CARTESIAN_POINT('',(-0.105725,-0.0501,0.));
#9878=CARTESIAN_POINT('',(-0.170875,-0.0120000000000002,-0.025));
#9879=CARTESIAN_POINT('',(-0.123249999999999,-0.0120000000000002,-0.025));
#9880=CARTESIAN_POINT('',(-0.123249999999999,-0.0120000000000002,0.));
#9881=CARTESIAN_POINT('',(-0.170875,-0.0120000000000002,0.));
#9882=CARTESIAN_POINT('',(-0.1804,-0.0120000000000002,0.));
#9883=CARTESIAN_POINT('',(-0.1804,-0.0120000000000002,-0.025));
#9884=CARTESIAN_POINT('',(-0.1804,-0.0120000000000002,-0.003));
#9885=CARTESIAN_POINT('',(-0.409952,-0.0120000000000002,-0.003));
#9886=CARTESIAN_POINT('',(-0.1804,-0.040575,-0.025));
#9887=CARTESIAN_POINT('',(-0.1804,-0.124775,-0.003));
#9888=CARTESIAN_POINT('',(-0.1804,-0.0501,-0.003));
#9889=CARTESIAN_POINT('',(-0.1804,-0.040575,0.));
#9890=CARTESIAN_POINT('',(-0.1804,-0.0501,0.));
#9891=CARTESIAN_POINT('',(-0.1804,-0.0501,-0.025));
#9892=CARTESIAN_POINT('',(-0.170875,-0.0501,-0.025));
#9893=CARTESIAN_POINT('',(-0.409952,-0.0501,-0.003));
#9894=CARTESIAN_POINT('',(-0.123249999999999,-0.0501,-0.003));
#9895=CARTESIAN_POINT('',(-0.170875,-0.0501,0.));
#9896=CARTESIAN_POINT('',(-0.123249999999999,-0.0501,0.));
#9897=CARTESIAN_POINT('',(-0.123249999999999,-0.0501,-0.025));
#9898=CARTESIAN_POINT('',(-0.123249999999999,-0.040575,-0.025));
#9899=CARTESIAN_POINT('',(-0.123249999999999,-0.040575,0.));
#9900=CARTESIAN_POINT('',(-0.123249999999999,-0.124775,-0.003));
#9901=CARTESIAN_POINT('',(-0.123249999999999,-0.067625,-0.025));
#9902=CARTESIAN_POINT('',(-0.123249999999999,-0.1343,-0.025));
#9903=CARTESIAN_POINT('',(-0.123249999999999,-0.1343,-0.003));
#9904=CARTESIAN_POINT('',(-0.123249999999999,-0.1343,0.));
#9905=CARTESIAN_POINT('',(-0.123249999999999,-0.067625,0.));
#9906=CARTESIAN_POINT('',(-0.123249999999999,-0.0581,0.));
#9907=CARTESIAN_POINT('',(-0.123249999999999,-0.0581,-0.025));
#9908=CARTESIAN_POINT('',(-0.123249999999999,-0.124775,-0.003));
#9909=CARTESIAN_POINT('',(-0.132774999999998,-0.0581,-0.025));
#9910=CARTESIAN_POINT('',(-0.132774999999998,-0.0581,0.));
#9911=CARTESIAN_POINT('',(-0.180399999999998,-0.0581,0.));
#9912=CARTESIAN_POINT('',(-0.180399999999998,-0.0581,-0.025));
#9913=CARTESIAN_POINT('',(-0.180399999999998,-0.0581,-0.003));
#9914=CARTESIAN_POINT('',(-0.409952,-0.0581,-0.003));
#9915=CARTESIAN_POINT('',(-0.180399999999998,-0.067625,-0.025));
#9916=CARTESIAN_POINT('',(-0.180399999999998,-0.124775,-0.003));
#9917=CARTESIAN_POINT('',(-0.180399999999998,-0.1343,-0.003));
#9918=CARTESIAN_POINT('',(-0.180399999999998,-0.067625,0.));
#9919=CARTESIAN_POINT('',(-0.180399999999998,-0.1343,0.));
#9920=CARTESIAN_POINT('',(-0.180399999999998,-0.1343,-0.025));
#9921=CARTESIAN_POINT('',(-0.132774999999998,-0.1343,-0.025));
#9922=CARTESIAN_POINT('',(-0.409952,-0.1343,-0.003));
#9923=CARTESIAN_POINT('',(-0.132774999999998,-0.1343,0.));
#9924=CARTESIAN_POINT('',(-0.105724999999999,-0.0581,-0.025));
#9925=CARTESIAN_POINT('',(-0.0961999999999987,-0.0581,-0.025));
#9926=CARTESIAN_POINT('',(-0.0961999999999987,-0.0581,-0.003));
#9927=CARTESIAN_POINT('',(-0.0961999999999987,-0.0581,0.));
#9928=CARTESIAN_POINT('',(-0.105724999999999,-0.0581,0.));
#9929=CARTESIAN_POINT('',(-0.115249999999998,-0.0581,0.));
#9930=CARTESIAN_POINT('',(-0.115249999999998,-0.0581,-0.025));
#9931=CARTESIAN_POINT('',(-0.409952,-0.0581,-0.003));
#9932=CARTESIAN_POINT('',(-0.115249999999998,-0.067625,-0.025));
#9933=CARTESIAN_POINT('',(-0.115249999999998,-0.124775,-0.003));
#9934=CARTESIAN_POINT('',(-0.115249999999998,-0.07715,-0.003));
#9935=CARTESIAN_POINT('',(-0.115249999999998,-0.067625,0.));
#9936=CARTESIAN_POINT('',(-0.115249999999998,-0.07715,0.));
#9937=CARTESIAN_POINT('',(-0.115249999999998,-0.07715,-0.025));
#9938=CARTESIAN_POINT('',(-0.105724999999999,-0.07715,-0.025));
#9939=CARTESIAN_POINT('',(-0.409952,-0.07715,-0.003));
#9940=CARTESIAN_POINT('',(-0.0961999999999988,-0.07715,-0.003));
#9941=CARTESIAN_POINT('',(-0.105724999999999,-0.07715,0.));
#9942=CARTESIAN_POINT('',(-0.0961999999999988,-0.07715,0.));
#9943=CARTESIAN_POINT('',(-0.0961999999999988,-0.07715,-0.025));
#9944=CARTESIAN_POINT('',(-0.0961999999999987,-0.067625,-0.025));
#9945=CARTESIAN_POINT('',(-0.0961999999999987,-0.067625,0.));
#9946=CARTESIAN_POINT('',(-0.0961999999999987,-0.124775,-0.003));
#9947=CARTESIAN_POINT('',(-0.0215250000000005,-0.0507249999999993,-0.025));
#9948=CARTESIAN_POINT('',(-0.0205250000000005,-0.0507249999999993,-0.025));
#9949=CARTESIAN_POINT('',(-0.0205250000000005,-0.0507249999999993,-0.003));
#9950=CARTESIAN_POINT('',(-0.0205250000000005,-0.0507249999999993,0.));
#9951=CARTESIAN_POINT('',(-0.0215250000000005,-0.0507249999999993,0.));
#9952=CARTESIAN_POINT('',(-0.0225250000000005,-0.0507249999999993,0.));
#9953=CARTESIAN_POINT('',(-0.0225250000000005,-0.0507249999999993,-0.025));
#9954=CARTESIAN_POINT('',(-0.0225250000000005,-0.0507249999999993,-0.003));
#9955=CARTESIAN_POINT('',(-0.157352,-0.0507249999999993,-0.003));
#9956=CARTESIAN_POINT('',(-0.0225250000000005,-0.105725,-0.025));
#9957=CARTESIAN_POINT('',(-0.0225250000000005,-0.0895,-0.003));
#9958=CARTESIAN_POINT('',(-0.0225250000000005,-0.160725,-0.003));
#9959=CARTESIAN_POINT('',(-0.0225250000000005,-0.105725,0.));
#9960=CARTESIAN_POINT('',(-0.0225250000000005,-0.160725,0.));
#9961=CARTESIAN_POINT('',(-0.0225250000000005,-0.160725,-0.025));
#9962=CARTESIAN_POINT('',(-0.0215250000000005,-0.160725,-0.025));
#9963=CARTESIAN_POINT('',(-0.157352,-0.160725,-0.003));
#9964=CARTESIAN_POINT('',(-0.0205250000000005,-0.160725,-0.003));
#9965=CARTESIAN_POINT('',(-0.0215250000000005,-0.160725,0.));
#9966=CARTESIAN_POINT('',(-0.0205250000000005,-0.160725,0.));
#9967=CARTESIAN_POINT('',(-0.0205250000000005,-0.160725,-0.025));
#9968=CARTESIAN_POINT('',(-0.0205250000000005,-0.105725,-0.025));
#9969=CARTESIAN_POINT('',(-0.0205250000000005,-0.105725,0.));
#9970=CARTESIAN_POINT('',(-0.0205250000000005,-0.0895,-0.003));
#9971=CARTESIAN_POINT('',(-0.021525,-0.165725,-0.0005));
#9972=CARTESIAN_POINT('',(-0.021525,-0.165725,0.));
#9973=CARTESIAN_POINT('',(-0.01885,-0.165725,0.));
#9974=CARTESIAN_POINT('',(-0.021525,-0.0457249999999992,-0.0005));
#9975=CARTESIAN_POINT('',(-0.021525,-0.0457249999999992,0.));
#9976=CARTESIAN_POINT('',(-0.01885,-0.0457249999999992,0.));
#9977=CARTESIAN_POINT('',(-0.236024999999997,-0.03105,-0.025));
#9978=CARTESIAN_POINT('',(-0.1884,-0.03105,-0.025));
#9979=CARTESIAN_POINT('',(-0.1884,-0.03105,-0.003));
#9980=CARTESIAN_POINT('',(-0.1884,-0.03105,0.));
#9981=CARTESIAN_POINT('',(-0.236024999999997,-0.03105,0.));
#9982=CARTESIAN_POINT('',(-0.245549999999997,-0.03105,0.));
#9983=CARTESIAN_POINT('',(-0.245549999999997,-0.03105,-0.025));
#9984=CARTESIAN_POINT('',(-0.245549999999997,-0.03105,-0.003));
#9985=CARTESIAN_POINT('',(-0.409952,-0.03105,-0.003));
#9986=CARTESIAN_POINT('',(-0.245549999999997,-0.040575,-0.025));
#9987=CARTESIAN_POINT('',(-0.245549999999997,-0.124775,-0.003));
#9988=CARTESIAN_POINT('',(-0.245549999999997,-0.0501,-0.003));
#9989=CARTESIAN_POINT('',(-0.245549999999997,-0.040575,0.));
#9990=CARTESIAN_POINT('',(-0.245549999999997,-0.0501,0.));
#9991=CARTESIAN_POINT('',(-0.245549999999997,-0.0501,-0.025));
#9992=CARTESIAN_POINT('',(-0.236024999999997,-0.0501,-0.025));
#9993=CARTESIAN_POINT('',(-0.1884,-0.0501,-0.025));
#9994=CARTESIAN_POINT('',(-0.1884,-0.0501,0.));
#9995=CARTESIAN_POINT('',(-0.409952,-0.0501,-0.003));
#9996=CARTESIAN_POINT('',(-0.236024999999997,-0.0501,0.));
#9997=CARTESIAN_POINT('',(-0.1884,-0.040575,-0.025));
#9998=CARTESIAN_POINT('',(-0.1884,-0.040575,0.));
#9999=CARTESIAN_POINT('',(-0.1884,-0.124775,-0.003));
#10000=CARTESIAN_POINT('',(-0.199449999999998,-0.228025,-0.025));
#10001=CARTESIAN_POINT('',(-0.199449999999998,-0.124775,-0.003));
#10002=CARTESIAN_POINT('',(-0.199449999999998,-0.23755,-0.003));
#10003=CARTESIAN_POINT('',(-0.199449999999998,-0.1423,-0.003));
#10004=CARTESIAN_POINT('',(-0.199449999999998,-0.1423,-0.025));
#10005=CARTESIAN_POINT('',(-0.199449999999998,-0.1423,0.));
#10006=CARTESIAN_POINT('',(-0.199449999999998,-0.228025,0.));
#10007=CARTESIAN_POINT('',(-0.199449999999998,-0.23755,0.));
#10008=CARTESIAN_POINT('',(-0.199449999999998,-0.23755,-0.025));
#10009=CARTESIAN_POINT('',(-0.189924999999998,-0.23755,-0.025));
#10010=CARTESIAN_POINT('',(-0.409952,-0.23755,-0.003));
#10011=CARTESIAN_POINT('',(-0.180399999999998,-0.23755,-0.003));
#10012=CARTESIAN_POINT('',(-0.189924999999998,-0.23755,0.));
#10013=CARTESIAN_POINT('',(-0.180399999999998,-0.23755,0.));
#10014=CARTESIAN_POINT('',(-0.180399999999998,-0.23755,-0.025));
#10015=CARTESIAN_POINT('',(-0.180399999999998,-0.228025,-0.025));
#10016=CARTESIAN_POINT('',(-0.180399999999998,-0.228025,0.));
#10017=CARTESIAN_POINT('',(-0.180399999999998,-0.2185,0.));
#10018=CARTESIAN_POINT('',(-0.180399999999998,-0.2185,-0.025));
#10019=CARTESIAN_POINT('',(-0.180399999999998,-0.2185,-0.003));
#10020=CARTESIAN_POINT('',(-0.180399999999998,-0.124775,-0.003));
#10021=CARTESIAN_POINT('',(-0.170875,-0.2185,-0.025));
#10022=CARTESIAN_POINT('',(-0.409952,-0.2185,-0.003));
#10023=CARTESIAN_POINT('',(-0.16135,-0.2185,-0.003));
#10024=CARTESIAN_POINT('',(-0.170875,-0.2185,0.));
#10025=CARTESIAN_POINT('',(-0.16135,-0.2185,0.));
#10026=CARTESIAN_POINT('',(-0.16135,-0.2185,-0.025));
#10027=CARTESIAN_POINT('',(-0.16135,-0.228025,-0.025));
#10028=CARTESIAN_POINT('',(-0.16135,-0.124775,-0.003));
#10029=CARTESIAN_POINT('',(-0.16135,-0.23755,-0.003));
#10030=CARTESIAN_POINT('',(-0.16135,-0.228025,0.));
#10031=CARTESIAN_POINT('',(-0.16135,-0.23755,0.));
#10032=CARTESIAN_POINT('',(-0.16135,-0.23755,-0.025));
#10033=CARTESIAN_POINT('',(-0.142299999999998,-0.23755,-0.025));
#10034=CARTESIAN_POINT('',(-0.409952,-0.23755,-0.003));
#10035=CARTESIAN_POINT('',(-0.123249999999998,-0.23755,-0.003));
#10036=CARTESIAN_POINT('',(-0.142299999999998,-0.23755,0.));
#10037=CARTESIAN_POINT('',(-0.123249999999998,-0.23755,0.));
#10038=CARTESIAN_POINT('',(-0.123249999999998,-0.23755,-0.025));
#10039=CARTESIAN_POINT('',(-0.123249999999998,-0.228025,-0.025));
#10040=CARTESIAN_POINT('',(-0.123249999999998,-0.228025,0.));
#10041=CARTESIAN_POINT('',(-0.123249999999999,-0.1423,0.));
#10042=CARTESIAN_POINT('',(-0.123249999999999,-0.1423,-0.025));
#10043=CARTESIAN_POINT('',(-0.123249999999998,-0.1423,-0.003));
#10044=CARTESIAN_POINT('',(-0.123249999999998,-0.124775,-0.003));
#10045=CARTESIAN_POINT('',(-0.151825,-0.1423,-0.025));
#10046=CARTESIAN_POINT('',(-0.151825,-0.1423,0.));
#10047=CARTESIAN_POINT('',(-0.409952,-0.1423,-0.003));
#10048=CARTESIAN_POINT('',(-0.409952,-0.1423,-0.003));
#10049=CARTESIAN_POINT('',(-0.115249999999998,-0.151825,-0.025));
#10050=CARTESIAN_POINT('',(-0.115249999999998,-0.124775,-0.003));
#10051=CARTESIAN_POINT('',(-0.115249999999999,-0.16135,-0.003));
#10052=CARTESIAN_POINT('',(-0.115249999999999,-0.1423,-0.003));
#10053=CARTESIAN_POINT('',(-0.115249999999999,-0.1423,-0.025));
#10054=CARTESIAN_POINT('',(-0.115249999999999,-0.1423,0.));
#10055=CARTESIAN_POINT('',(-0.115249999999998,-0.151825,0.));
#10056=CARTESIAN_POINT('',(-0.115249999999999,-0.16135,0.));
#10057=CARTESIAN_POINT('',(-0.115249999999999,-0.16135,-0.025));
#10058=CARTESIAN_POINT('',(-0.0676249999999991,-0.16135,-0.025));
#10059=CARTESIAN_POINT('',(-0.409952,-0.16135,-0.003));
#10060=CARTESIAN_POINT('',(-0.0580999999999992,-0.16135,-0.003));
#10061=CARTESIAN_POINT('',(-0.0676249999999991,-0.16135,0.));
#10062=CARTESIAN_POINT('',(-0.0580999999999992,-0.16135,0.));
#10063=CARTESIAN_POINT('',(-0.0580999999999992,-0.16135,-0.025));
#10064=CARTESIAN_POINT('',(-0.0580999999999992,-0.151825,-0.025));
#10065=CARTESIAN_POINT('',(-0.0580999999999992,-0.151825,0.));
#10066=CARTESIAN_POINT('',(-0.0580999999999992,-0.1423,0.));
#10067=CARTESIAN_POINT('',(-0.0580999999999992,-0.1423,-0.025));
#10068=CARTESIAN_POINT('',(-0.0580999999999992,-0.1423,-0.003));
#10069=CARTESIAN_POINT('',(-0.0580999999999992,-0.124775,-0.003));
#10070=CARTESIAN_POINT('',(-0.0676249999999991,-0.1423,-0.025));
#10071=CARTESIAN_POINT('',(-0.0676249999999991,-0.1423,0.));
#10072=CARTESIAN_POINT('',(-0.409952,-0.1423,-0.003));
#10073=CARTESIAN_POINT('',(-0.0655,-0.00715177810662265,-0.0262635929926823));
#10074=CARTESIAN_POINT('',(-0.0635,-0.00715177810662265,-0.0262635929926823));
#10075=CARTESIAN_POINT('',(-0.0635,-0.00498929814790095,-0.0266681673716622));
#10076=CARTESIAN_POINT('',(-0.0655,-0.0067839832166409,-0.0242977021211171));
#10077=CARTESIAN_POINT('',(-0.0655,-0.0046215032579192,-0.024702276500097));
#10078=CARTESIAN_POINT('',(-0.0655,-0.00498929814790095,-0.0266681673716622));
#10079=CARTESIAN_POINT('',(-0.0635,-0.00792414737558433,-0.0303919638229692));
#10080=CARTESIAN_POINT('',(-0.0635,-0.00774024993059346,-0.0294090183871865));
#10081=CARTESIAN_POINT('',(-0.0635,-0.00557776997187176,-0.0298135927661665));
#10082=CARTESIAN_POINT('',(-0.0635,-0.00576166741686263,-0.030796538201949));
#10083=CARTESIAN_POINT('',(-0.0655,-0.00774024993059346,-0.0294090183871865));
#10084=CARTESIAN_POINT('',(-0.0655,-0.00594556486185351,-0.0317794836377316));
#10085=CARTESIAN_POINT('',(-0.0655,-0.00594556486185351,-0.0317794836377316));
#10086=CARTESIAN_POINT('',(-0.0655,-0.00557776997187176,-0.0298135927661665));
#10087=CARTESIAN_POINT('',(-0.07,-0.00810804482057521,-0.0313749092587518));
#10088=CARTESIAN_POINT('',(-0.0745,-0.00810804482057521,-0.0313749092587518));
#10089=CARTESIAN_POINT('',(-0.0745,-0.00594556486185351,-0.0317794836377316));
#10090=CARTESIAN_POINT('',(-0.07,-0.00594556486185351,-0.0317794836377316));
#10091=CARTESIAN_POINT('',(-0.0745,-0.00774024993059345,-0.0294090183871865));
#10092=CARTESIAN_POINT('',(-0.0765,-0.00774024993059345,-0.0294090183871865));
#10093=CARTESIAN_POINT('',(-0.0765,-0.00557776997187175,-0.0298135927661664));
#10094=CARTESIAN_POINT('',(-0.0745,-0.00557776997187175,-0.0298135927661664));
#10095=CARTESIAN_POINT('',(-0.0765,-0.00792414737558433,-0.0303919638229692));
#10096=CARTESIAN_POINT('',(-0.0765,-0.00715177810662265,-0.0262635929926823));
#10097=CARTESIAN_POINT('',(-0.0765,-0.00498929814790095,-0.0266681673716622));
#10098=CARTESIAN_POINT('',(-0.0765,-0.00576166741686263,-0.030796538201949));
#10099=CARTESIAN_POINT('',(-0.0745,-0.00715177810662265,-0.0262635929926823));
#10100=CARTESIAN_POINT('',(-0.0745,-0.0046215032579192,-0.024702276500097));
#10101=CARTESIAN_POINT('',(-0.0745,-0.0046215032579192,-0.024702276500097));
#10102=CARTESIAN_POINT('',(-0.0745,-0.00498929814790095,-0.0266681673716622));
#10103=CARTESIAN_POINT('',(-0.07,-0.0067839832166409,-0.0242977021211171));
#10104=CARTESIAN_POINT('',(-0.07,-0.0046215032579192,-0.024702276500097));
#10105=CARTESIAN_POINT('',(-0.0101583949416343,-0.0118896114875546,-0.0200483445819647));
#10106=CARTESIAN_POINT('',(-0.0126662621154928,-0.0163391588476461,-0.0438315040984949));
#10107=CARTESIAN_POINT('',(-0.0126117924618735,-0.0113277896671177,-0.0442344326817702));
#10108=CARTESIAN_POINT('',(-0.00763936054534547,-0.0162425168460307,-0.0438392743950732));
#10109=CARTESIAN_POINT('',(-0.00518596302510633,-0.0118896114875546,-0.0205726735202221));
#10110=CARTESIAN_POINT('',(-0.00333297410461965,-0.00860197247486129,-0.003));
#10111=CARTESIAN_POINT('',(-0.00836069503065225,-0.00870006820690315,-0.003));
#10112=CARTESIAN_POINT('',(-0.00826373769297639,-0.00361331586238551,-0.003));
#10113=CARTESIAN_POINT('',(-0.0101583949416344,-0.00697488430864165,-0.0209678318069191));
#10114=CARTESIAN_POINT('',(-0.00298345914991678,-0.124775,0.000314597362954395));
#10115=CARTESIAN_POINT('',(-0.00669493400393812,-0.127636445886259,-0.0348828801649205));
#10116=CARTESIAN_POINT('',(-0.00573440932045466,-0.240929130644889,-0.0257738204806691));
#10117=CARTESIAN_POINT('',(-0.0032816252655099,-0.241498888352347,-0.00251303735530096));
#10118=CARTESIAN_POINT('',(-0.00333297410461965,-0.241486960520056,-0.003));
#10119=CARTESIAN_POINT('',(-0.00333297410461965,-0.124775,-0.003));
#10120=CARTESIAN_POINT('',(-0.00825405718203786,-0.241498888352347,-0.00198870841704363));
#10121=CARTESIAN_POINT('',(-0.00836069503065225,-0.241474117424782,-0.003));
#10122=CARTESIAN_POINT('',(-0.00834778460325355,-0.246475617132532,-0.003));
#10123=CARTESIAN_POINT('',(-0.0107622393484379,-0.240916262206301,-0.0257748551403684));
#10124=CARTESIAN_POINT('',(-0.0107068412369826,-0.24592763138683,-0.0253719265570931));
#10125=CARTESIAN_POINT('',(-0.00825405718203786,-0.246497389094287,-0.0021111434317249));
#10126=CARTESIAN_POINT('',(-0.00825405718203786,-0.241498888352347,-0.00198870841704363));
#10127=CARTESIAN_POINT('',(-0.00804435348165215,-0.2415476004676,0.));
#10128=CARTESIAN_POINT('',(-0.00802369679781434,-0.24955,-2.08166817117217E-17));
#10129=CARTESIAN_POINT('',(0.,-0.241568149420038,0.));
#10130=CARTESIAN_POINT('',(-0.0124410142679105,-0.248523900425599,-0.041891280017361));
#10131=CARTESIAN_POINT('',(-0.0106736023701094,-0.248934452895147,-0.0251301694071279));
#10132=CARTESIAN_POINT('',(-0.0107622393484379,-0.240916262206301,-0.0257748551403684));
#10133=CARTESIAN_POINT('',(-0.00271771130366471,-0.240936851708041,-0.0257731996848496));
#10134=CARTESIAN_POINT('',(-0.000298166115593118,-0.241498888352347,-0.00282763471825536));
#10135=CARTESIAN_POINT('',(0.,-0.124775,0.));
#10136=CARTESIAN_POINT('',(-0.00367851687833026,-0.127611036185892,-0.0348849231783568));
#10137=CARTESIAN_POINT('',(-0.00462321960325706,-0.0161845316450615,-0.0438439365730201));
#10138=CARTESIAN_POINT('',(-0.00220250387518956,-0.0118896114875546,-0.0208872708831765));
#10139=CARTESIAN_POINT('',(0.,-0.00798185057996127,0.));
#10140=CARTESIAN_POINT('',(0.,-0.124775,0.));
#10141=CARTESIAN_POINT('',(-0.0101583949416343,-0.0118896114875546,-0.0200483445819647));
#10142=CARTESIAN_POINT('',(-0.0126662621154928,-0.0163391588476461,-0.0438315040984949));
#10143=CARTESIAN_POINT('',(-0.0125791106697018,-0.00832096815880068,-0.0444761898317354));
#10144=CARTESIAN_POINT('',(-0.0121627037314665,-0.00758216412162415,-0.0405272276462279));
#10145=CARTESIAN_POINT('',(-0.00788922174137069,1.04083408558608E-17,1.66533453693773E-16));
#10146=CARTESIAN_POINT('',(-0.00804435348165215,-0.00813880375122826,-3.46944695195361E-18));
#10147=CARTESIAN_POINT('',(-0.409952,-0.124775,-0.003));
#10148=CARTESIAN_POINT('',(-0.409952,-0.246475617132532,-0.003));
#10149=CARTESIAN_POINT('',(-0.254,-0.246475617132532,-0.003));
#10150=CARTESIAN_POINT('',(-0.254,-0.124775,-0.003));
#10151=CARTESIAN_POINT('',(-0.254,-0.00361331586238549,-0.003));
#10152=CARTESIAN_POINT('',(-0.409952,-0.00361331586238549,-0.003));
#10153=CARTESIAN_POINT('',(-0.409952,-0.127580049088359,-0.0348874146306644));
#10154=CARTESIAN_POINT('',(-0.254,-0.127580049088359,-0.0348874146306644));
#10155=CARTESIAN_POINT('',(-0.254,-0.00832096815880067,-0.0444761898317354));
#10156=CARTESIAN_POINT('',(-0.254,-0.0113277896671177,-0.0442344326817702));
#10157=CARTESIAN_POINT('',(-0.409952,-0.00832096815880068,-0.0444761898317354));
#10158=CARTESIAN_POINT('',(-0.409952,-0.248934452895147,-0.0251301694071279));
#10159=CARTESIAN_POINT('',(-0.254,-0.248934452895147,-0.0251301694071279));
#10160=CARTESIAN_POINT('',(-0.254,-0.127580049088359,-0.0348874146306644));
#10161=CARTESIAN_POINT('',(-0.254,-0.24592763138683,-0.0253719265570931));
#10162=CARTESIAN_POINT('',(-0.409952,-0.24592763138683,-0.0253719265570931));
#10163=CARTESIAN_POINT('',(-0.409952,-0.0113277896671177,-0.0442344326817702));
#10164=CARTESIAN_POINT('',(-0.409952,-0.24955,-2.08166817117217E-17));
#10165=CARTESIAN_POINT('',(-0.254,-0.24955,-2.08166817117217E-17));
#10166=CARTESIAN_POINT('',(-0.254,-0.24955,-2.08166817117217E-17));
#10167=CARTESIAN_POINT('',(-0.409952,-0.24955,-2.08166817117217E-17));
#10168=CARTESIAN_POINT('',(-0.409952,1.04083408558608E-17,1.66533453693773E-16));
#10169=CARTESIAN_POINT('',(-0.254,1.04083408558608E-17,1.66533453693773E-16));
#10170=CARTESIAN_POINT('',(-0.254,1.38777878078145E-17,0.));
#10171=CARTESIAN_POINT('',(-0.409952,1.04083408558608E-17,1.66533453693773E-16));
#10172=CARTESIAN_POINT('',(-0.409952,-0.124775,0.));
#10173=CARTESIAN_POINT('',(-0.254,-0.124775,0.));
#10174=CARTESIAN_POINT('',(-0.409952,-0.246550899554835,7.34610088087422E-5));
#10175=CARTESIAN_POINT('',(-0.254,-0.246550899554835,7.34610088087422E-5));
#10176=CARTESIAN_POINT('',(-0.409952,-0.00294883630734776,0.000551692334972798));
#10177=CARTESIAN_POINT('',(-0.254,-0.00294883630734776,0.000551692334972798));
#10178=CARTESIAN_POINT('',(-0.254,0.,0.));
#10179=MECHANICAL_DESIGN_GEOMETRIC_PRESENTATION_REPRESENTATION('',(#5988),
#10180);
#10180=(
GEOMETRIC_REPRESENTATION_CONTEXT(3)
GLOBAL_UNCERTAINTY_ASSIGNED_CONTEXT((#10181))
GLOBAL_UNIT_ASSIGNED_CONTEXT((#10184,#10183,#10182))
REPRESENTATION_CONTEXT('Top-Right','TOP_LEVEL_ASSEMBLY_PART')
);
#10181=UNCERTAINTY_MEASURE_WITH_UNIT(LENGTH_MEASURE(2.E-5),#10184,
'DISTANCE_ACCURACY_VALUE','Maximum Tolerance applied to model');
#10182=(
NAMED_UNIT(*)
SI_UNIT($,.STERADIAN.)
SOLID_ANGLE_UNIT()
);
#10183=(
NAMED_UNIT(*)
PLANE_ANGLE_UNIT()
SI_UNIT($,.RADIAN.)
);
#10184=(
LENGTH_UNIT()
NAMED_UNIT(*)
SI_UNIT($,.METRE.)
);
#10185=PRODUCT_DEFINITION_SHAPE('','',#10186);
#10186=PRODUCT_DEFINITION('','',#10188,#10187);
#10187=PRODUCT_DEFINITION_CONTEXT('',#10194,'design');
#10188=PRODUCT_DEFINITION_FORMATION_WITH_SPECIFIED_SOURCE('','',#10190,
 .NOT_KNOWN.);
#10189=PRODUCT_RELATED_PRODUCT_CATEGORY('','',(#10190));
#10190=PRODUCT('Top-Right','Top-Right','Top-Right',(#10192));
#10191=PRODUCT_CATEGORY('','');
#10192=PRODUCT_CONTEXT('',#10194,'mechanical');
#10193=APPLICATION_PROTOCOL_DEFINITION('international standard',
'ap242_managed_model_based_3d_engineering',2020,#10194);
#10194=APPLICATION_CONTEXT('managed model based 3d engineering');
ENDSEC;
END-ISO-10303-21;
