ISO-10303-21;
HEADER;
/* Generated by software containing ST-Developer
 * from STEP Tools, Inc. (www.steptools.com) 
 */
/* OPTION: using custom renumber hook */

FILE_DESCRIPTION(
/* description */ ('STEP AP242 Edition 2',
'CAx-IF Rec.Pracs.---Representation and Presentation of Product Manufa
cturing Information (PMI)---4.0---2014-10-13',
'CAx-IF Rec.Pracs.---3D Tessellated Geometry---0.4---2014-09-14','2;1',
'CAx-IF Rec.Pracs.---User Defined Attributes---1.5---2016-08-15'),
/* implementation_level */ '2;1');

FILE_NAME(
/* name */ 'Casing - Bottom-Right',
/* time_stamp */ '2026-09-30T14:45:18Z',
/* author */ (''),
/* organization */ (''),
/* preprocessor_version */ 'ST-DEVELOPER v20',
/* originating_system */ 'ONSHAPE BY PTC INC, 1.221',
/* authorisation */ '  ');

FILE_SCHEMA (('AP242_MANAGED_MODEL_BASED_3D_ENGINEERING_MIM_LF { 1 0 10303 442 3 1 4 }'));
ENDSEC;

DATA;
#10=SHAPE_REPRESENTATION_RELATIONSHIP('','',#1260,#11);
#11=ADVANCED_BREP_SHAPE_REPRESENTATION('',(#1258),#2187);
#12=CONICAL_SURFACE('',#1336,0.00239999999999997,0.785398163397449);
#13=CONICAL_SURFACE('',#1343,0.0024,0.785398163397455);
#14=CONICAL_SURFACE('',#1350,0.0024,0.785398163397455);
#15=CONICAL_SURFACE('',#1357,0.0024,0.785398163397452);
#16=CONICAL_SURFACE('',#1364,0.0024,0.785398163397453);
#17=CONICAL_SURFACE('',#1371,0.0024,0.785398163397453);
#18=CONICAL_SURFACE('',#1378,0.00239999999999997,0.785398163397449);
#19=CONICAL_SURFACE('',#1385,0.00239999999999997,0.785398163397449);
#20=CONICAL_SURFACE('',#1392,0.0024,0.785398163397453);
#21=CYLINDRICAL_SURFACE('',#1310,0.00446024045166045);
#22=CYLINDRICAL_SURFACE('',#1313,0.00445986087103792);
#23=CYLINDRICAL_SURFACE('',#1316,0.00245990074559037);
#24=CYLINDRICAL_SURFACE('',#1318,0.00246027759448995);
#25=CYLINDRICAL_SURFACE('',#1330,0.00325);
#26=CYLINDRICAL_SURFACE('',#1334,0.00124999999999997);
#27=CYLINDRICAL_SURFACE('',#1337,0.00325);
#28=CYLINDRICAL_SURFACE('',#1341,0.00124999999999997);
#29=CYLINDRICAL_SURFACE('',#1344,0.00325);
#30=CYLINDRICAL_SURFACE('',#1348,0.00124999999999997);
#31=CYLINDRICAL_SURFACE('',#1351,0.00325);
#32=CYLINDRICAL_SURFACE('',#1355,0.00124999999999997);
#33=CYLINDRICAL_SURFACE('',#1358,0.00325);
#34=CYLINDRICAL_SURFACE('',#1362,0.00124999999999997);
#35=CYLINDRICAL_SURFACE('',#1365,0.00325);
#36=CYLINDRICAL_SURFACE('',#1369,0.00124999999999997);
#37=CYLINDRICAL_SURFACE('',#1372,0.00325);
#38=CYLINDRICAL_SURFACE('',#1376,0.00124999999999997);
#39=CYLINDRICAL_SURFACE('',#1379,0.00325);
#40=CYLINDRICAL_SURFACE('',#1383,0.00124999999999997);
#41=CYLINDRICAL_SURFACE('',#1386,0.00325);
#42=CYLINDRICAL_SURFACE('',#1390,0.00124999999999997);
#43=CYLINDRICAL_SURFACE('',#1393,0.007);
#44=CYLINDRICAL_SURFACE('',#1396,0.007);
#45=CIRCLE('',#1281,0.007);
#46=CIRCLE('',#1282,0.007);
#47=CIRCLE('',#1283,0.00239999999999995);
#48=CIRCLE('',#1284,0.0024);
#49=CIRCLE('',#1285,0.0024);
#50=CIRCLE('',#1286,0.00239999999999995);
#51=CIRCLE('',#1287,0.00239999999999995);
#52=CIRCLE('',#1288,0.0024);
#53=CIRCLE('',#1289,0.0024);
#54=CIRCLE('',#1290,0.00239999999999997);
#55=CIRCLE('',#1291,0.0024);
#56=CIRCLE('',#1293,0.00446024045166045);
#57=CIRCLE('',#1294,0.00445986087103792);
#58=CIRCLE('',#1295,0.00325);
#59=CIRCLE('',#1296,0.00325);
#60=CIRCLE('',#1297,0.00325);
#61=CIRCLE('',#1298,0.00245990074559037);
#62=CIRCLE('',#1299,0.00325);
#63=CIRCLE('',#1300,0.00325);
#64=CIRCLE('',#1301,0.00325);
#65=CIRCLE('',#1302,0.00246027759448995);
#66=CIRCLE('',#1303,0.00325);
#67=CIRCLE('',#1304,0.00325);
#68=CIRCLE('',#1305,0.00325);
#69=CIRCLE('',#1311,0.00446024045166045);
#70=CIRCLE('',#1314,0.00445986087103792);
#71=CIRCLE('',#1317,0.00245990074559037);
#72=CIRCLE('',#1319,0.00246027759448995);
#73=CIRCLE('',#1321,0.00325);
#74=CIRCLE('',#1322,0.00325);
#75=CIRCLE('',#1323,0.00325);
#76=CIRCLE('',#1324,0.00325);
#77=CIRCLE('',#1325,0.00325);
#78=CIRCLE('',#1326,0.00325);
#79=CIRCLE('',#1327,0.00325);
#80=CIRCLE('',#1328,0.00325);
#81=CIRCLE('',#1329,0.00325);
#82=CIRCLE('',#1331,0.00325);
#83=CIRCLE('',#1333,0.00124999999999997);
#84=CIRCLE('',#1335,0.00124999999999997);
#85=CIRCLE('',#1338,0.00325);
#86=CIRCLE('',#1340,0.00124999999999997);
#87=CIRCLE('',#1342,0.00124999999999997);
#88=CIRCLE('',#1345,0.00325);
#89=CIRCLE('',#1347,0.00124999999999997);
#90=CIRCLE('',#1349,0.00124999999999997);
#91=CIRCLE('',#1352,0.00325);
#92=CIRCLE('',#1354,0.00124999999999997);
#93=CIRCLE('',#1356,0.00124999999999997);
#94=CIRCLE('',#1359,0.00325);
#95=CIRCLE('',#1361,0.00124999999999997);
#96=CIRCLE('',#1363,0.00124999999999997);
#97=CIRCLE('',#1366,0.00325);
#98=CIRCLE('',#1368,0.00124999999999997);
#99=CIRCLE('',#1370,0.00124999999999997);
#100=CIRCLE('',#1373,0.00325);
#101=CIRCLE('',#1375,0.00124999999999997);
#102=CIRCLE('',#1377,0.00124999999999997);
#103=CIRCLE('',#1380,0.00325);
#104=CIRCLE('',#1382,0.00124999999999997);
#105=CIRCLE('',#1384,0.00124999999999997);
#106=CIRCLE('',#1387,0.00325);
#107=CIRCLE('',#1389,0.00124999999999997);
#108=CIRCLE('',#1391,0.00124999999999997);
#109=CIRCLE('',#1394,0.007);
#110=CIRCLE('',#1397,0.007);
#111=ELLIPSE('',#1277,0.00708712888058568,0.00699993661970992);
#112=ELLIPSE('',#1279,0.00708868967154613,0.00699997031569083);
#113=B_SPLINE_CURVE_WITH_KNOTS('',3,(#1911,#1912,#1913,#1914,#1915),
 .UNSPECIFIED.,.F.,.F.,(4,1,4),(0.,0.5,1.),.UNSPECIFIED.);
#114=B_SPLINE_CURVE_WITH_KNOTS('',3,(#1933,#1934,#1935,#1936,#1937),
 .UNSPECIFIED.,.F.,.F.,(4,1,4),(0.,0.5,1.),.UNSPECIFIED.);
#115=B_SPLINE_CURVE_WITH_KNOTS('',3,(#1942,#1943,#1944,#1945,#1946),
 .UNSPECIFIED.,.F.,.F.,(4,1,4),(0.,0.5,1.),.UNSPECIFIED.);
#116=B_SPLINE_CURVE_WITH_KNOTS('',3,(#1950,#1951,#1952,#1953,#1954,#1955),
 .UNSPECIFIED.,.F.,.F.,(4,1,1,4),(0.,0.5,0.75,1.),.UNSPECIFIED.);
#117=B_SPLINE_CURVE_WITH_KNOTS('',3,(#2006,#2007,#2008,#2009),
 .UNSPECIFIED.,.F.,.F.,(4,4),(0.,1.),.UNSPECIFIED.);
#118=B_SPLINE_CURVE_WITH_KNOTS('',3,(#2022,#2023,#2024,#2025),
 .UNSPECIFIED.,.F.,.F.,(4,4),(0.,1.),.UNSPECIFIED.);
#119=B_SPLINE_CURVE_WITH_KNOTS('',3,(#2027,#2028,#2029,#2030),
 .UNSPECIFIED.,.F.,.F.,(4,4),(0.,1.),.UNSPECIFIED.);
#120=B_SPLINE_CURVE_WITH_KNOTS('',3,(#2043,#2044,#2045,#2046),
 .UNSPECIFIED.,.F.,.F.,(4,4),(0.,1.),.UNSPECIFIED.);
#121=B_SPLINE_SURFACE_WITH_KNOTS('',3,1,((#1898,#1899),(#1900,#1901),(#1902,
#1903),(#1904,#1905),(#1906,#1907)),.SURF_OF_LINEAR_EXTRUSION.,.F.,.F.,
 .F.,(4,1,4),(2,2),(0.876538978991264,1.00000000000033,1.12346102100939),
(0.,1.),.UNSPECIFIED.);
#122=B_SPLINE_SURFACE_WITH_KNOTS('',3,1,((#1923,#1924),(#1925,#1926),(#1927,
#1928),(#1929,#1930),(#1931,#1932)),.SURF_OF_LINEAR_EXTRUSION.,.F.,.F.,
 .F.,(4,1,4),(2,2),(0.375204913986075,0.499999999999051,0.624795086012027),
(0.,1.),.UNSPECIFIED.);
#123=B_SPLINE_SURFACE_WITH_KNOTS('',1,3,((#2010,#2011,#2012,#2013,#2014,
#2015),(#2016,#2017,#2018,#2019,#2020,#2021)),.RULED_SURF.,.F.,.F.,.F.,
(2,2),(4,2,4),(0.,1.),(0.,0.00463019740890949,0.00926039481781898),
 .UNSPECIFIED.);
#124=B_SPLINE_SURFACE_WITH_KNOTS('',1,3,((#2031,#2032,#2033,#2034,#2035,
#2036),(#2037,#2038,#2039,#2040,#2041,#2042)),.RULED_SURF.,.F.,.F.,.F.,
(2,2),(4,2,4),(0.,1.),(0.,0.00468065800320598,0.00936131600641197),
 .UNSPECIFIED.);
#125=ORIENTED_EDGE('',*,*,#443,.F.);
#126=ORIENTED_EDGE('',*,*,#444,.F.);
#127=ORIENTED_EDGE('',*,*,#445,.T.);
#128=ORIENTED_EDGE('',*,*,#446,.T.);
#129=ORIENTED_EDGE('',*,*,#447,.T.);
#130=ORIENTED_EDGE('',*,*,#448,.F.);
#131=ORIENTED_EDGE('',*,*,#449,.F.);
#132=ORIENTED_EDGE('',*,*,#450,.T.);
#133=ORIENTED_EDGE('',*,*,#451,.T.);
#134=ORIENTED_EDGE('',*,*,#452,.F.);
#135=ORIENTED_EDGE('',*,*,#453,.F.);
#136=ORIENTED_EDGE('',*,*,#454,.T.);
#137=ORIENTED_EDGE('',*,*,#455,.T.);
#138=ORIENTED_EDGE('',*,*,#456,.T.);
#139=ORIENTED_EDGE('',*,*,#457,.F.);
#140=ORIENTED_EDGE('',*,*,#458,.F.);
#141=ORIENTED_EDGE('',*,*,#459,.F.);
#142=ORIENTED_EDGE('',*,*,#460,.T.);
#143=ORIENTED_EDGE('',*,*,#461,.F.);
#144=ORIENTED_EDGE('',*,*,#462,.T.);
#145=ORIENTED_EDGE('',*,*,#463,.F.);
#146=ORIENTED_EDGE('',*,*,#464,.F.);
#147=ORIENTED_EDGE('',*,*,#465,.F.);
#148=ORIENTED_EDGE('',*,*,#466,.T.);
#149=ORIENTED_EDGE('',*,*,#467,.T.);
#150=ORIENTED_EDGE('',*,*,#468,.F.);
#151=ORIENTED_EDGE('',*,*,#469,.F.);
#152=ORIENTED_EDGE('',*,*,#470,.T.);
#153=ORIENTED_EDGE('',*,*,#471,.T.);
#154=ORIENTED_EDGE('',*,*,#472,.T.);
#155=ORIENTED_EDGE('',*,*,#473,.F.);
#156=ORIENTED_EDGE('',*,*,#474,.T.);
#157=ORIENTED_EDGE('',*,*,#475,.T.);
#158=ORIENTED_EDGE('',*,*,#476,.T.);
#159=ORIENTED_EDGE('',*,*,#477,.T.);
#160=ORIENTED_EDGE('',*,*,#478,.T.);
#161=ORIENTED_EDGE('',*,*,#479,.F.);
#162=ORIENTED_EDGE('',*,*,#480,.F.);
#163=ORIENTED_EDGE('',*,*,#481,.F.);
#164=ORIENTED_EDGE('',*,*,#482,.T.);
#165=ORIENTED_EDGE('',*,*,#483,.T.);
#166=ORIENTED_EDGE('',*,*,#484,.T.);
#167=ORIENTED_EDGE('',*,*,#485,.F.);
#168=ORIENTED_EDGE('',*,*,#486,.T.);
#169=ORIENTED_EDGE('',*,*,#487,.T.);
#170=ORIENTED_EDGE('',*,*,#488,.T.);
#171=ORIENTED_EDGE('',*,*,#489,.F.);
#172=ORIENTED_EDGE('',*,*,#490,.T.);
#173=ORIENTED_EDGE('',*,*,#491,.T.);
#174=ORIENTED_EDGE('',*,*,#492,.T.);
#175=ORIENTED_EDGE('',*,*,#493,.F.);
#176=ORIENTED_EDGE('',*,*,#494,.T.);
#177=ORIENTED_EDGE('',*,*,#495,.F.);
#178=ORIENTED_EDGE('',*,*,#496,.F.);
#179=ORIENTED_EDGE('',*,*,#497,.T.);
#180=ORIENTED_EDGE('',*,*,#448,.T.);
#181=ORIENTED_EDGE('',*,*,#498,.T.);
#182=ORIENTED_EDGE('',*,*,#499,.T.);
#183=ORIENTED_EDGE('',*,*,#500,.T.);
#184=ORIENTED_EDGE('',*,*,#444,.T.);
#185=ORIENTED_EDGE('',*,*,#501,.T.);
#186=ORIENTED_EDGE('',*,*,#502,.F.);
#187=ORIENTED_EDGE('',*,*,#503,.F.);
#188=ORIENTED_EDGE('',*,*,#504,.T.);
#189=ORIENTED_EDGE('',*,*,#502,.T.);
#190=ORIENTED_EDGE('',*,*,#505,.T.);
#191=ORIENTED_EDGE('',*,*,#506,.F.);
#192=ORIENTED_EDGE('',*,*,#507,.T.);
#193=ORIENTED_EDGE('',*,*,#503,.T.);
#194=ORIENTED_EDGE('',*,*,#508,.T.);
#195=ORIENTED_EDGE('',*,*,#499,.F.);
#196=ORIENTED_EDGE('',*,*,#509,.T.);
#197=ORIENTED_EDGE('',*,*,#506,.T.);
#198=ORIENTED_EDGE('',*,*,#510,.T.);
#199=ORIENTED_EDGE('',*,*,#446,.F.);
#200=ORIENTED_EDGE('',*,*,#511,.T.);
#201=ORIENTED_EDGE('',*,*,#512,.T.);
#202=ORIENTED_EDGE('',*,*,#513,.T.);
#203=ORIENTED_EDGE('',*,*,#514,.T.);
#204=ORIENTED_EDGE('',*,*,#515,.T.);
#205=ORIENTED_EDGE('',*,*,#516,.F.);
#206=ORIENTED_EDGE('',*,*,#517,.F.);
#207=ORIENTED_EDGE('',*,*,#518,.T.);
#208=ORIENTED_EDGE('',*,*,#519,.T.);
#209=ORIENTED_EDGE('',*,*,#520,.T.);
#210=ORIENTED_EDGE('',*,*,#521,.T.);
#211=ORIENTED_EDGE('',*,*,#522,.T.);
#212=ORIENTED_EDGE('',*,*,#523,.T.);
#213=ORIENTED_EDGE('',*,*,#524,.T.);
#214=ORIENTED_EDGE('',*,*,#525,.T.);
#215=ORIENTED_EDGE('',*,*,#526,.T.);
#216=ORIENTED_EDGE('',*,*,#467,.F.);
#217=ORIENTED_EDGE('',*,*,#527,.F.);
#218=ORIENTED_EDGE('',*,*,#528,.T.);
#219=ORIENTED_EDGE('',*,*,#529,.T.);
#220=ORIENTED_EDGE('',*,*,#530,.F.);
#221=ORIENTED_EDGE('',*,*,#531,.T.);
#222=ORIENTED_EDGE('',*,*,#532,.F.);
#223=ORIENTED_EDGE('',*,*,#533,.F.);
#224=ORIENTED_EDGE('',*,*,#452,.T.);
#225=ORIENTED_EDGE('',*,*,#534,.T.);
#226=ORIENTED_EDGE('',*,*,#453,.T.);
#227=ORIENTED_EDGE('',*,*,#535,.T.);
#228=ORIENTED_EDGE('',*,*,#469,.T.);
#229=ORIENTED_EDGE('',*,*,#536,.T.);
#230=ORIENTED_EDGE('',*,*,#473,.T.);
#231=ORIENTED_EDGE('',*,*,#537,.F.);
#232=ORIENTED_EDGE('',*,*,#479,.T.);
#233=ORIENTED_EDGE('',*,*,#538,.T.);
#234=ORIENTED_EDGE('',*,*,#481,.T.);
#235=ORIENTED_EDGE('',*,*,#539,.T.);
#236=ORIENTED_EDGE('',*,*,#485,.T.);
#237=ORIENTED_EDGE('',*,*,#540,.T.);
#238=ORIENTED_EDGE('',*,*,#489,.T.);
#239=ORIENTED_EDGE('',*,*,#541,.F.);
#240=ORIENTED_EDGE('',*,*,#494,.F.);
#241=ORIENTED_EDGE('',*,*,#542,.T.);
#242=ORIENTED_EDGE('',*,*,#462,.F.);
#243=ORIENTED_EDGE('',*,*,#543,.T.);
#244=ORIENTED_EDGE('',*,*,#460,.F.);
#245=ORIENTED_EDGE('',*,*,#544,.T.);
#246=ORIENTED_EDGE('',*,*,#501,.F.);
#247=ORIENTED_EDGE('',*,*,#443,.T.);
#248=ORIENTED_EDGE('',*,*,#497,.F.);
#249=ORIENTED_EDGE('',*,*,#510,.F.);
#250=ORIENTED_EDGE('',*,*,#508,.F.);
#251=ORIENTED_EDGE('',*,*,#505,.F.);
#252=ORIENTED_EDGE('',*,*,#445,.F.);
#253=ORIENTED_EDGE('',*,*,#500,.F.);
#254=ORIENTED_EDGE('',*,*,#545,.F.);
#255=ORIENTED_EDGE('',*,*,#511,.F.);
#256=ORIENTED_EDGE('',*,*,#545,.T.);
#257=ORIENTED_EDGE('',*,*,#504,.F.);
#258=ORIENTED_EDGE('',*,*,#546,.F.);
#259=ORIENTED_EDGE('',*,*,#512,.F.);
#260=ORIENTED_EDGE('',*,*,#546,.T.);
#261=ORIENTED_EDGE('',*,*,#507,.F.);
#262=ORIENTED_EDGE('',*,*,#547,.F.);
#263=ORIENTED_EDGE('',*,*,#513,.F.);
#264=ORIENTED_EDGE('',*,*,#547,.T.);
#265=ORIENTED_EDGE('',*,*,#509,.F.);
#266=ORIENTED_EDGE('',*,*,#548,.F.);
#267=ORIENTED_EDGE('',*,*,#514,.F.);
#268=ORIENTED_EDGE('',*,*,#447,.F.);
#269=ORIENTED_EDGE('',*,*,#515,.F.);
#270=ORIENTED_EDGE('',*,*,#548,.T.);
#271=ORIENTED_EDGE('',*,*,#498,.F.);
#272=ORIENTED_EDGE('',*,*,#549,.F.);
#273=ORIENTED_EDGE('',*,*,#550,.T.);
#274=ORIENTED_EDGE('',*,*,#551,.T.);
#275=ORIENTED_EDGE('',*,*,#528,.F.);
#276=ORIENTED_EDGE('',*,*,#529,.F.);
#277=ORIENTED_EDGE('',*,*,#551,.F.);
#278=ORIENTED_EDGE('',*,*,#552,.T.);
#279=ORIENTED_EDGE('',*,*,#553,.T.);
#280=ORIENTED_EDGE('',*,*,#530,.T.);
#281=ORIENTED_EDGE('',*,*,#553,.F.);
#282=ORIENTED_EDGE('',*,*,#554,.F.);
#283=ORIENTED_EDGE('',*,*,#555,.T.);
#284=ORIENTED_EDGE('',*,*,#531,.F.);
#285=ORIENTED_EDGE('',*,*,#555,.F.);
#286=ORIENTED_EDGE('',*,*,#556,.T.);
#287=ORIENTED_EDGE('',*,*,#557,.T.);
#288=ORIENTED_EDGE('',*,*,#558,.F.);
#289=ORIENTED_EDGE('',*,*,#559,.T.);
#290=ORIENTED_EDGE('',*,*,#532,.T.);
#291=ORIENTED_EDGE('',*,*,#557,.F.);
#292=ORIENTED_EDGE('',*,*,#537,.T.);
#293=ORIENTED_EDGE('',*,*,#476,.F.);
#294=ORIENTED_EDGE('',*,*,#560,.F.);
#295=ORIENTED_EDGE('',*,*,#480,.T.);
#296=ORIENTED_EDGE('',*,*,#541,.T.);
#297=ORIENTED_EDGE('',*,*,#492,.F.);
#298=ORIENTED_EDGE('',*,*,#561,.F.);
#299=ORIENTED_EDGE('',*,*,#495,.T.);
#300=ORIENTED_EDGE('',*,*,#550,.F.);
#301=ORIENTED_EDGE('',*,*,#562,.T.);
#302=ORIENTED_EDGE('',*,*,#465,.T.);
#303=ORIENTED_EDGE('',*,*,#563,.F.);
#304=ORIENTED_EDGE('',*,*,#458,.T.);
#305=ORIENTED_EDGE('',*,*,#564,.F.);
#306=ORIENTED_EDGE('',*,*,#464,.T.);
#307=ORIENTED_EDGE('',*,*,#565,.F.);
#308=ORIENTED_EDGE('',*,*,#496,.T.);
#309=ORIENTED_EDGE('',*,*,#561,.T.);
#310=ORIENTED_EDGE('',*,*,#491,.F.);
#311=ORIENTED_EDGE('',*,*,#566,.F.);
#312=ORIENTED_EDGE('',*,*,#487,.F.);
#313=ORIENTED_EDGE('',*,*,#567,.F.);
#314=ORIENTED_EDGE('',*,*,#483,.F.);
#315=ORIENTED_EDGE('',*,*,#568,.F.);
#316=ORIENTED_EDGE('',*,*,#477,.F.);
#317=ORIENTED_EDGE('',*,*,#560,.T.);
#318=ORIENTED_EDGE('',*,*,#475,.F.);
#319=ORIENTED_EDGE('',*,*,#569,.F.);
#320=ORIENTED_EDGE('',*,*,#471,.F.);
#321=ORIENTED_EDGE('',*,*,#570,.F.);
#322=ORIENTED_EDGE('',*,*,#455,.F.);
#323=ORIENTED_EDGE('',*,*,#571,.F.);
#324=ORIENTED_EDGE('',*,*,#450,.F.);
#325=ORIENTED_EDGE('',*,*,#572,.T.);
#326=ORIENTED_EDGE('',*,*,#558,.T.);
#327=ORIENTED_EDGE('',*,*,#556,.F.);
#328=ORIENTED_EDGE('',*,*,#554,.T.);
#329=ORIENTED_EDGE('',*,*,#552,.F.);
#330=ORIENTED_EDGE('',*,*,#573,.T.);
#331=ORIENTED_EDGE('',*,*,#565,.T.);
#332=ORIENTED_EDGE('',*,*,#463,.T.);
#333=ORIENTED_EDGE('',*,*,#542,.F.);
#334=ORIENTED_EDGE('',*,*,#493,.T.);
#335=ORIENTED_EDGE('',*,*,#574,.F.);
#336=ORIENTED_EDGE('',*,*,#573,.F.);
#337=ORIENTED_EDGE('',*,*,#575,.T.);
#338=ORIENTED_EDGE('',*,*,#574,.T.);
#339=ORIENTED_EDGE('',*,*,#575,.F.);
#340=ORIENTED_EDGE('',*,*,#526,.F.);
#341=ORIENTED_EDGE('',*,*,#488,.F.);
#342=ORIENTED_EDGE('',*,*,#566,.T.);
#343=ORIENTED_EDGE('',*,*,#490,.F.);
#344=ORIENTED_EDGE('',*,*,#540,.F.);
#345=ORIENTED_EDGE('',*,*,#576,.T.);
#346=ORIENTED_EDGE('',*,*,#577,.F.);
#347=ORIENTED_EDGE('',*,*,#576,.F.);
#348=ORIENTED_EDGE('',*,*,#578,.T.);
#349=ORIENTED_EDGE('',*,*,#577,.T.);
#350=ORIENTED_EDGE('',*,*,#578,.F.);
#351=ORIENTED_EDGE('',*,*,#525,.F.);
#352=ORIENTED_EDGE('',*,*,#484,.F.);
#353=ORIENTED_EDGE('',*,*,#567,.T.);
#354=ORIENTED_EDGE('',*,*,#486,.F.);
#355=ORIENTED_EDGE('',*,*,#539,.F.);
#356=ORIENTED_EDGE('',*,*,#579,.T.);
#357=ORIENTED_EDGE('',*,*,#580,.F.);
#358=ORIENTED_EDGE('',*,*,#579,.F.);
#359=ORIENTED_EDGE('',*,*,#581,.T.);
#360=ORIENTED_EDGE('',*,*,#580,.T.);
#361=ORIENTED_EDGE('',*,*,#581,.F.);
#362=ORIENTED_EDGE('',*,*,#524,.F.);
#363=ORIENTED_EDGE('',*,*,#478,.F.);
#364=ORIENTED_EDGE('',*,*,#568,.T.);
#365=ORIENTED_EDGE('',*,*,#482,.F.);
#366=ORIENTED_EDGE('',*,*,#538,.F.);
#367=ORIENTED_EDGE('',*,*,#582,.T.);
#368=ORIENTED_EDGE('',*,*,#583,.F.);
#369=ORIENTED_EDGE('',*,*,#582,.F.);
#370=ORIENTED_EDGE('',*,*,#584,.T.);
#371=ORIENTED_EDGE('',*,*,#583,.T.);
#372=ORIENTED_EDGE('',*,*,#584,.F.);
#373=ORIENTED_EDGE('',*,*,#523,.F.);
#374=ORIENTED_EDGE('',*,*,#472,.F.);
#375=ORIENTED_EDGE('',*,*,#569,.T.);
#376=ORIENTED_EDGE('',*,*,#474,.F.);
#377=ORIENTED_EDGE('',*,*,#536,.F.);
#378=ORIENTED_EDGE('',*,*,#585,.T.);
#379=ORIENTED_EDGE('',*,*,#586,.F.);
#380=ORIENTED_EDGE('',*,*,#585,.F.);
#381=ORIENTED_EDGE('',*,*,#587,.T.);
#382=ORIENTED_EDGE('',*,*,#586,.T.);
#383=ORIENTED_EDGE('',*,*,#587,.F.);
#384=ORIENTED_EDGE('',*,*,#522,.F.);
#385=ORIENTED_EDGE('',*,*,#456,.F.);
#386=ORIENTED_EDGE('',*,*,#570,.T.);
#387=ORIENTED_EDGE('',*,*,#470,.F.);
#388=ORIENTED_EDGE('',*,*,#535,.F.);
#389=ORIENTED_EDGE('',*,*,#588,.T.);
#390=ORIENTED_EDGE('',*,*,#589,.F.);
#391=ORIENTED_EDGE('',*,*,#588,.F.);
#392=ORIENTED_EDGE('',*,*,#590,.T.);
#393=ORIENTED_EDGE('',*,*,#589,.T.);
#394=ORIENTED_EDGE('',*,*,#590,.F.);
#395=ORIENTED_EDGE('',*,*,#521,.F.);
#396=ORIENTED_EDGE('',*,*,#591,.T.);
#397=ORIENTED_EDGE('',*,*,#563,.T.);
#398=ORIENTED_EDGE('',*,*,#468,.T.);
#399=ORIENTED_EDGE('',*,*,#544,.F.);
#400=ORIENTED_EDGE('',*,*,#459,.T.);
#401=ORIENTED_EDGE('',*,*,#592,.F.);
#402=ORIENTED_EDGE('',*,*,#591,.F.);
#403=ORIENTED_EDGE('',*,*,#593,.T.);
#404=ORIENTED_EDGE('',*,*,#592,.T.);
#405=ORIENTED_EDGE('',*,*,#593,.F.);
#406=ORIENTED_EDGE('',*,*,#520,.F.);
#407=ORIENTED_EDGE('',*,*,#594,.T.);
#408=ORIENTED_EDGE('',*,*,#564,.T.);
#409=ORIENTED_EDGE('',*,*,#457,.T.);
#410=ORIENTED_EDGE('',*,*,#543,.F.);
#411=ORIENTED_EDGE('',*,*,#461,.T.);
#412=ORIENTED_EDGE('',*,*,#595,.F.);
#413=ORIENTED_EDGE('',*,*,#594,.F.);
#414=ORIENTED_EDGE('',*,*,#596,.T.);
#415=ORIENTED_EDGE('',*,*,#595,.T.);
#416=ORIENTED_EDGE('',*,*,#596,.F.);
#417=ORIENTED_EDGE('',*,*,#519,.F.);
#418=ORIENTED_EDGE('',*,*,#451,.F.);
#419=ORIENTED_EDGE('',*,*,#571,.T.);
#420=ORIENTED_EDGE('',*,*,#454,.F.);
#421=ORIENTED_EDGE('',*,*,#534,.F.);
#422=ORIENTED_EDGE('',*,*,#597,.T.);
#423=ORIENTED_EDGE('',*,*,#598,.F.);
#424=ORIENTED_EDGE('',*,*,#597,.F.);
#425=ORIENTED_EDGE('',*,*,#599,.T.);
#426=ORIENTED_EDGE('',*,*,#598,.T.);
#427=ORIENTED_EDGE('',*,*,#599,.F.);
#428=ORIENTED_EDGE('',*,*,#518,.F.);
#429=ORIENTED_EDGE('',*,*,#600,.F.);
#430=ORIENTED_EDGE('',*,*,#517,.T.);
#431=ORIENTED_EDGE('',*,*,#600,.T.);
#432=ORIENTED_EDGE('',*,*,#601,.F.);
#433=ORIENTED_EDGE('',*,*,#516,.T.);
#434=ORIENTED_EDGE('',*,*,#601,.T.);
#435=ORIENTED_EDGE('',*,*,#449,.T.);
#436=ORIENTED_EDGE('',*,*,#533,.T.);
#437=ORIENTED_EDGE('',*,*,#559,.F.);
#438=ORIENTED_EDGE('',*,*,#572,.F.);
#439=ORIENTED_EDGE('',*,*,#562,.F.);
#440=ORIENTED_EDGE('',*,*,#549,.T.);
#441=ORIENTED_EDGE('',*,*,#527,.T.);
#442=ORIENTED_EDGE('',*,*,#466,.F.);
#443=EDGE_CURVE('',#602,#603,#720,.T.);
#444=EDGE_CURVE('',#604,#602,#721,.T.);
#445=EDGE_CURVE('',#604,#605,#722,.T.);
#446=EDGE_CURVE('',#605,#606,#723,.T.);
#447=EDGE_CURVE('',#606,#607,#724,.T.);
#448=EDGE_CURVE('',#603,#607,#725,.T.);
#449=EDGE_CURVE('',#608,#609,#726,.T.);
#450=EDGE_CURVE('',#608,#610,#727,.T.);
#451=EDGE_CURVE('',#610,#611,#728,.F.);
#452=EDGE_CURVE('',#609,#611,#729,.T.);
#453=EDGE_CURVE('',#612,#613,#730,.T.);
#454=EDGE_CURVE('',#612,#614,#731,.T.);
#455=EDGE_CURVE('',#614,#615,#732,.T.);
#456=EDGE_CURVE('',#615,#613,#733,.F.);
#457=EDGE_CURVE('',#616,#617,#734,.F.);
#458=EDGE_CURVE('',#618,#616,#735,.T.);
#459=EDGE_CURVE('',#619,#618,#736,.T.);
#460=EDGE_CURVE('',#619,#617,#737,.T.);
#461=EDGE_CURVE('',#620,#621,#738,.T.);
#462=EDGE_CURVE('',#620,#622,#739,.T.);
#463=EDGE_CURVE('',#623,#622,#740,.F.);
#464=EDGE_CURVE('',#621,#623,#741,.T.);
#465=EDGE_CURVE('',#624,#625,#742,.T.);
#466=EDGE_CURVE('',#624,#626,#743,.T.);
#467=EDGE_CURVE('',#626,#627,#744,.T.);
#468=EDGE_CURVE('',#625,#627,#745,.F.);
#469=EDGE_CURVE('',#628,#629,#746,.T.);
#470=EDGE_CURVE('',#628,#630,#747,.T.);
#471=EDGE_CURVE('',#630,#631,#748,.T.);
#472=EDGE_CURVE('',#631,#629,#749,.F.);
#473=EDGE_CURVE('',#632,#633,#750,.T.);
#474=EDGE_CURVE('',#632,#634,#751,.T.);
#475=EDGE_CURVE('',#634,#635,#752,.T.);
#476=EDGE_CURVE('',#635,#633,#753,.T.);
#477=EDGE_CURVE('',#636,#637,#754,.T.);
#478=EDGE_CURVE('',#637,#638,#755,.F.);
#479=EDGE_CURVE('',#639,#638,#756,.T.);
#480=EDGE_CURVE('',#636,#639,#757,.T.);
#481=EDGE_CURVE('',#640,#641,#758,.T.);
#482=EDGE_CURVE('',#640,#642,#759,.T.);
#483=EDGE_CURVE('',#642,#643,#760,.T.);
#484=EDGE_CURVE('',#643,#641,#761,.F.);
#485=EDGE_CURVE('',#644,#645,#762,.T.);
#486=EDGE_CURVE('',#644,#646,#763,.T.);
#487=EDGE_CURVE('',#646,#647,#764,.T.);
#488=EDGE_CURVE('',#647,#645,#765,.F.);
#489=EDGE_CURVE('',#648,#649,#766,.T.);
#490=EDGE_CURVE('',#648,#650,#767,.T.);
#491=EDGE_CURVE('',#650,#651,#768,.T.);
#492=EDGE_CURVE('',#651,#649,#769,.T.);
#493=EDGE_CURVE('',#652,#653,#770,.T.);
#494=EDGE_CURVE('',#652,#654,#771,.T.);
#495=EDGE_CURVE('',#655,#654,#772,.T.);
#496=EDGE_CURVE('',#653,#655,#773,.T.);
#497=EDGE_CURVE('',#656,#603,#774,.T.);
#498=EDGE_CURVE('',#607,#657,#775,.T.);
#499=EDGE_CURVE('',#657,#656,#776,.T.);
#500=EDGE_CURVE('',#658,#604,#777,.T.);
#501=EDGE_CURVE('',#602,#659,#778,.T.);
#502=EDGE_CURVE('',#658,#659,#779,.T.);
#503=EDGE_CURVE('',#660,#661,#780,.T.);
#504=EDGE_CURVE('',#660,#658,#113,.T.);
#505=EDGE_CURVE('',#659,#661,#111,.T.);
#506=EDGE_CURVE('',#662,#663,#781,.T.);
#507=EDGE_CURVE('',#662,#660,#782,.T.);
#508=EDGE_CURVE('',#661,#663,#783,.T.);
#509=EDGE_CURVE('',#657,#662,#114,.T.);
#510=EDGE_CURVE('',#663,#656,#112,.T.);
#511=EDGE_CURVE('',#605,#664,#784,.T.);
#512=EDGE_CURVE('',#664,#665,#115,.T.);
#513=EDGE_CURVE('',#665,#666,#785,.T.);
#514=EDGE_CURVE('',#666,#667,#116,.T.);
#515=EDGE_CURVE('',#667,#606,#786,.T.);
#516=EDGE_CURVE('',#668,#668,#45,.T.);
#517=EDGE_CURVE('',#669,#669,#46,.T.);
#518=EDGE_CURVE('',#670,#670,#47,.F.);
#519=EDGE_CURVE('',#671,#671,#48,.F.);
#520=EDGE_CURVE('',#672,#672,#49,.F.);
#521=EDGE_CURVE('',#673,#673,#50,.F.);
#522=EDGE_CURVE('',#674,#674,#51,.F.);
#523=EDGE_CURVE('',#675,#675,#52,.F.);
#524=EDGE_CURVE('',#676,#676,#53,.F.);
#525=EDGE_CURVE('',#677,#677,#54,.F.);
#526=EDGE_CURVE('',#678,#678,#55,.F.);
#527=EDGE_CURVE('',#679,#626,#787,.T.);
#528=EDGE_CURVE('',#679,#680,#788,.T.);
#529=EDGE_CURVE('',#680,#681,#56,.T.);
#530=EDGE_CURVE('',#682,#681,#789,.T.);
#531=EDGE_CURVE('',#682,#683,#57,.T.);
#532=EDGE_CURVE('',#684,#683,#790,.T.);
#533=EDGE_CURVE('',#609,#684,#791,.T.);
#534=EDGE_CURVE('',#611,#612,#58,.T.);
#535=EDGE_CURVE('',#613,#628,#59,.T.);
#536=EDGE_CURVE('',#629,#632,#60,.T.);
#537=EDGE_CURVE('',#639,#633,#61,.T.);
#538=EDGE_CURVE('',#638,#640,#62,.T.);
#539=EDGE_CURVE('',#641,#644,#63,.T.);
#540=EDGE_CURVE('',#645,#648,#64,.T.);
#541=EDGE_CURVE('',#654,#649,#65,.T.);
#542=EDGE_CURVE('',#652,#622,#66,.T.);
#543=EDGE_CURVE('',#620,#617,#67,.T.);
#544=EDGE_CURVE('',#619,#627,#68,.T.);
#545=EDGE_CURVE('',#664,#658,#117,.F.);
#546=EDGE_CURVE('',#665,#660,#118,.T.);
#547=EDGE_CURVE('',#666,#662,#119,.F.);
#548=EDGE_CURVE('',#667,#657,#120,.T.);
#549=EDGE_CURVE('',#685,#679,#792,.T.);
#550=EDGE_CURVE('',#685,#686,#793,.T.);
#551=EDGE_CURVE('',#686,#680,#794,.T.);
#552=EDGE_CURVE('',#686,#687,#69,.T.);
#553=EDGE_CURVE('',#687,#681,#795,.T.);
#554=EDGE_CURVE('',#688,#687,#796,.T.);
#555=EDGE_CURVE('',#688,#682,#797,.T.);
#556=EDGE_CURVE('',#688,#689,#70,.T.);
#557=EDGE_CURVE('',#689,#683,#798,.T.);
#558=EDGE_CURVE('',#690,#689,#799,.T.);
#559=EDGE_CURVE('',#690,#684,#800,.T.);
#560=EDGE_CURVE('',#636,#635,#71,.T.);
#561=EDGE_CURVE('',#655,#651,#72,.T.);
#562=EDGE_CURVE('',#685,#624,#801,.T.);
#563=EDGE_CURVE('',#618,#625,#73,.F.);
#564=EDGE_CURVE('',#621,#616,#74,.F.);
#565=EDGE_CURVE('',#653,#623,#75,.F.);
#566=EDGE_CURVE('',#647,#650,#76,.F.);
#567=EDGE_CURVE('',#643,#646,#77,.F.);
#568=EDGE_CURVE('',#637,#642,#78,.F.);
#569=EDGE_CURVE('',#631,#634,#79,.F.);
#570=EDGE_CURVE('',#615,#630,#80,.F.);
#571=EDGE_CURVE('',#610,#614,#81,.F.);
#572=EDGE_CURVE('',#608,#690,#802,.T.);
#573=EDGE_CURVE('',#691,#691,#82,.T.);
#574=EDGE_CURVE('',#692,#692,#83,.F.);
#575=EDGE_CURVE('',#693,#693,#84,.T.);
#576=EDGE_CURVE('',#694,#694,#85,.T.);
#577=EDGE_CURVE('',#695,#695,#86,.F.);
#578=EDGE_CURVE('',#696,#696,#87,.T.);
#579=EDGE_CURVE('',#697,#697,#88,.T.);
#580=EDGE_CURVE('',#698,#698,#89,.F.);
#581=EDGE_CURVE('',#699,#699,#90,.T.);
#582=EDGE_CURVE('',#700,#700,#91,.T.);
#583=EDGE_CURVE('',#701,#701,#92,.F.);
#584=EDGE_CURVE('',#702,#702,#93,.T.);
#585=EDGE_CURVE('',#703,#703,#94,.T.);
#586=EDGE_CURVE('',#704,#704,#95,.F.);
#587=EDGE_CURVE('',#705,#705,#96,.T.);
#588=EDGE_CURVE('',#706,#706,#97,.T.);
#589=EDGE_CURVE('',#707,#707,#98,.F.);
#590=EDGE_CURVE('',#708,#708,#99,.T.);
#591=EDGE_CURVE('',#709,#709,#100,.T.);
#592=EDGE_CURVE('',#710,#710,#101,.F.);
#593=EDGE_CURVE('',#711,#711,#102,.T.);
#594=EDGE_CURVE('',#712,#712,#103,.T.);
#595=EDGE_CURVE('',#713,#713,#104,.F.);
#596=EDGE_CURVE('',#714,#714,#105,.T.);
#597=EDGE_CURVE('',#715,#715,#106,.T.);
#598=EDGE_CURVE('',#716,#716,#107,.F.);
#599=EDGE_CURVE('',#717,#717,#108,.T.);
#600=EDGE_CURVE('',#718,#718,#109,.T.);
#601=EDGE_CURVE('',#719,#719,#110,.T.);
#602=VERTEX_POINT('',#1767);
#603=VERTEX_POINT('',#1768);
#604=VERTEX_POINT('',#1770);
#605=VERTEX_POINT('',#1772);
#606=VERTEX_POINT('',#1774);
#607=VERTEX_POINT('',#1776);
#608=VERTEX_POINT('',#1780);
#609=VERTEX_POINT('',#1781);
#610=VERTEX_POINT('',#1783);
#611=VERTEX_POINT('',#1785);
#612=VERTEX_POINT('',#1789);
#613=VERTEX_POINT('',#1790);
#614=VERTEX_POINT('',#1792);
#615=VERTEX_POINT('',#1794);
#616=VERTEX_POINT('',#1798);
#617=VERTEX_POINT('',#1799);
#618=VERTEX_POINT('',#1801);
#619=VERTEX_POINT('',#1803);
#620=VERTEX_POINT('',#1807);
#621=VERTEX_POINT('',#1808);
#622=VERTEX_POINT('',#1810);
#623=VERTEX_POINT('',#1812);
#624=VERTEX_POINT('',#1816);
#625=VERTEX_POINT('',#1817);
#626=VERTEX_POINT('',#1819);
#627=VERTEX_POINT('',#1821);
#628=VERTEX_POINT('',#1825);
#629=VERTEX_POINT('',#1826);
#630=VERTEX_POINT('',#1828);
#631=VERTEX_POINT('',#1830);
#632=VERTEX_POINT('',#1834);
#633=VERTEX_POINT('',#1835);
#634=VERTEX_POINT('',#1837);
#635=VERTEX_POINT('',#1839);
#636=VERTEX_POINT('',#1843);
#637=VERTEX_POINT('',#1844);
#638=VERTEX_POINT('',#1846);
#639=VERTEX_POINT('',#1848);
#640=VERTEX_POINT('',#1852);
#641=VERTEX_POINT('',#1853);
#642=VERTEX_POINT('',#1855);
#643=VERTEX_POINT('',#1857);
#644=VERTEX_POINT('',#1861);
#645=VERTEX_POINT('',#1862);
#646=VERTEX_POINT('',#1864);
#647=VERTEX_POINT('',#1866);
#648=VERTEX_POINT('',#1870);
#649=VERTEX_POINT('',#1871);
#650=VERTEX_POINT('',#1873);
#651=VERTEX_POINT('',#1875);
#652=VERTEX_POINT('',#1879);
#653=VERTEX_POINT('',#1880);
#654=VERTEX_POINT('',#1882);
#655=VERTEX_POINT('',#1884);
#656=VERTEX_POINT('',#1888);
#657=VERTEX_POINT('',#1890);
#658=VERTEX_POINT('',#1894);
#659=VERTEX_POINT('',#1896);
#660=VERTEX_POINT('',#1909);
#661=VERTEX_POINT('',#1910);
#662=VERTEX_POINT('',#1919);
#663=VERTEX_POINT('',#1920);
#664=VERTEX_POINT('',#1941);
#665=VERTEX_POINT('',#1947);
#666=VERTEX_POINT('',#1949);
#667=VERTEX_POINT('',#1956);
#668=VERTEX_POINT('',#1959);
#669=VERTEX_POINT('',#1961);
#670=VERTEX_POINT('',#1963);
#671=VERTEX_POINT('',#1965);
#672=VERTEX_POINT('',#1967);
#673=VERTEX_POINT('',#1969);
#674=VERTEX_POINT('',#1971);
#675=VERTEX_POINT('',#1973);
#676=VERTEX_POINT('',#1975);
#677=VERTEX_POINT('',#1977);
#678=VERTEX_POINT('',#1979);
#679=VERTEX_POINT('',#1982);
#680=VERTEX_POINT('',#1984);
#681=VERTEX_POINT('',#1986);
#682=VERTEX_POINT('',#1988);
#683=VERTEX_POINT('',#1990);
#684=VERTEX_POINT('',#1992);
#685=VERTEX_POINT('',#2050);
#686=VERTEX_POINT('',#2052);
#687=VERTEX_POINT('',#2056);
#688=VERTEX_POINT('',#2060);
#689=VERTEX_POINT('',#2064);
#690=VERTEX_POINT('',#2068);
#691=VERTEX_POINT('',#2088);
#692=VERTEX_POINT('',#2091);
#693=VERTEX_POINT('',#2094);
#694=VERTEX_POINT('',#2098);
#695=VERTEX_POINT('',#2101);
#696=VERTEX_POINT('',#2104);
#697=VERTEX_POINT('',#2108);
#698=VERTEX_POINT('',#2111);
#699=VERTEX_POINT('',#2114);
#700=VERTEX_POINT('',#2118);
#701=VERTEX_POINT('',#2121);
#702=VERTEX_POINT('',#2124);
#703=VERTEX_POINT('',#2128);
#704=VERTEX_POINT('',#2131);
#705=VERTEX_POINT('',#2134);
#706=VERTEX_POINT('',#2138);
#707=VERTEX_POINT('',#2141);
#708=VERTEX_POINT('',#2144);
#709=VERTEX_POINT('',#2148);
#710=VERTEX_POINT('',#2151);
#711=VERTEX_POINT('',#2154);
#712=VERTEX_POINT('',#2158);
#713=VERTEX_POINT('',#2161);
#714=VERTEX_POINT('',#2164);
#715=VERTEX_POINT('',#2168);
#716=VERTEX_POINT('',#2171);
#717=VERTEX_POINT('',#2174);
#718=VERTEX_POINT('',#2178);
#719=VERTEX_POINT('',#2182);
#720=LINE('',#1766,#803);
#721=LINE('',#1769,#804);
#722=LINE('',#1771,#805);
#723=LINE('',#1773,#806);
#724=LINE('',#1775,#807);
#725=LINE('',#1777,#808);
#726=LINE('',#1779,#809);
#727=LINE('',#1782,#810);
#728=LINE('',#1784,#811);
#729=LINE('',#1786,#812);
#730=LINE('',#1788,#813);
#731=LINE('',#1791,#814);
#732=LINE('',#1793,#815);
#733=LINE('',#1795,#816);
#734=LINE('',#1797,#817);
#735=LINE('',#1800,#818);
#736=LINE('',#1802,#819);
#737=LINE('',#1804,#820);
#738=LINE('',#1806,#821);
#739=LINE('',#1809,#822);
#740=LINE('',#1811,#823);
#741=LINE('',#1813,#824);
#742=LINE('',#1815,#825);
#743=LINE('',#1818,#826);
#744=LINE('',#1820,#827);
#745=LINE('',#1822,#828);
#746=LINE('',#1824,#829);
#747=LINE('',#1827,#830);
#748=LINE('',#1829,#831);
#749=LINE('',#1831,#832);
#750=LINE('',#1833,#833);
#751=LINE('',#1836,#834);
#752=LINE('',#1838,#835);
#753=LINE('',#1840,#836);
#754=LINE('',#1842,#837);
#755=LINE('',#1845,#838);
#756=LINE('',#1847,#839);
#757=LINE('',#1849,#840);
#758=LINE('',#1851,#841);
#759=LINE('',#1854,#842);
#760=LINE('',#1856,#843);
#761=LINE('',#1858,#844);
#762=LINE('',#1860,#845);
#763=LINE('',#1863,#846);
#764=LINE('',#1865,#847);
#765=LINE('',#1867,#848);
#766=LINE('',#1869,#849);
#767=LINE('',#1872,#850);
#768=LINE('',#1874,#851);
#769=LINE('',#1876,#852);
#770=LINE('',#1878,#853);
#771=LINE('',#1881,#854);
#772=LINE('',#1883,#855);
#773=LINE('',#1885,#856);
#774=LINE('',#1887,#857);
#775=LINE('',#1889,#858);
#776=LINE('',#1891,#859);
#777=LINE('',#1893,#860);
#778=LINE('',#1895,#861);
#779=LINE('',#1897,#862);
#780=LINE('',#1908,#863);
#781=LINE('',#1918,#864);
#782=LINE('',#1921,#865);
#783=LINE('',#1922,#866);
#784=LINE('',#1940,#867);
#785=LINE('',#1948,#868);
#786=LINE('',#1957,#869);
#787=LINE('',#1981,#870);
#788=LINE('',#1983,#871);
#789=LINE('',#1987,#872);
#790=LINE('',#1991,#873);
#791=LINE('',#1993,#874);
#792=LINE('',#2049,#875);
#793=LINE('',#2051,#876);
#794=LINE('',#2053,#877);
#795=LINE('',#2057,#878);
#796=LINE('',#2059,#879);
#797=LINE('',#2061,#880);
#798=LINE('',#2065,#881);
#799=LINE('',#2067,#882);
#800=LINE('',#2069,#883);
#801=LINE('',#2075,#884);
#802=LINE('',#2085,#885);
#803=VECTOR('',#1405,1.);
#804=VECTOR('',#1406,1.);
#805=VECTOR('',#1407,1.);
#806=VECTOR('',#1408,1.);
#807=VECTOR('',#1409,1.);
#808=VECTOR('',#1410,1.);
#809=VECTOR('',#1413,1.);
#810=VECTOR('',#1414,1.);
#811=VECTOR('',#1415,1.);
#812=VECTOR('',#1416,1.);
#813=VECTOR('',#1419,1.);
#814=VECTOR('',#1420,1.);
#815=VECTOR('',#1421,1.);
#816=VECTOR('',#1422,1.);
#817=VECTOR('',#1425,1.);
#818=VECTOR('',#1426,1.);
#819=VECTOR('',#1427,1.);
#820=VECTOR('',#1428,1.);
#821=VECTOR('',#1431,1.);
#822=VECTOR('',#1432,1.);
#823=VECTOR('',#1433,1.);
#824=VECTOR('',#1434,1.);
#825=VECTOR('',#1437,1.);
#826=VECTOR('',#1438,1.);
#827=VECTOR('',#1439,1.);
#828=VECTOR('',#1440,1.);
#829=VECTOR('',#1443,1.);
#830=VECTOR('',#1444,1.);
#831=VECTOR('',#1445,1.);
#832=VECTOR('',#1446,1.);
#833=VECTOR('',#1449,1.);
#834=VECTOR('',#1450,1.);
#835=VECTOR('',#1451,1.);
#836=VECTOR('',#1452,1.);
#837=VECTOR('',#1455,1.);
#838=VECTOR('',#1456,1.);
#839=VECTOR('',#1457,1.);
#840=VECTOR('',#1458,1.);
#841=VECTOR('',#1461,1.);
#842=VECTOR('',#1462,1.);
#843=VECTOR('',#1463,1.);
#844=VECTOR('',#1464,1.);
#845=VECTOR('',#1467,1.);
#846=VECTOR('',#1468,1.);
#847=VECTOR('',#1469,1.);
#848=VECTOR('',#1470,1.);
#849=VECTOR('',#1473,1.);
#850=VECTOR('',#1474,1.);
#851=VECTOR('',#1475,1.);
#852=VECTOR('',#1476,1.);
#853=VECTOR('',#1479,1.);
#854=VECTOR('',#1480,1.);
#855=VECTOR('',#1481,1.);
#856=VECTOR('',#1482,1.);
#857=VECTOR('',#1485,1.);
#858=VECTOR('',#1486,1.);
#859=VECTOR('',#1487,1.);
#860=VECTOR('',#1490,1.);
#861=VECTOR('',#1491,1.);
#862=VECTOR('',#1492,1.);
#863=VECTOR('',#1493,1.);
#864=VECTOR('',#1498,1.);
#865=VECTOR('',#1499,1.);
#866=VECTOR('',#1500,1.);
#867=VECTOR('',#1505,1.);
#868=VECTOR('',#1506,1.);
#869=VECTOR('',#1507,1.);
#870=VECTOR('',#1532,1.);
#871=VECTOR('',#1533,1.);
#872=VECTOR('',#1536,1.);
#873=VECTOR('',#1539,1.);
#874=VECTOR('',#1540,1.);
#875=VECTOR('',#1571,1.);
#876=VECTOR('',#1572,1.);
#877=VECTOR('',#1573,1.);
#878=VECTOR('',#1578,1.);
#879=VECTOR('',#1581,1.);
#880=VECTOR('',#1582,1.);
#881=VECTOR('',#1587,1.);
#882=VECTOR('',#1590,1.);
#883=VECTOR('',#1591,1.);
#884=VECTOR('',#1602,1.);
#885=VECTOR('',#1621,1.);
#886=EDGE_LOOP('',(#125,#126,#127,#128,#129,#130));
#887=EDGE_LOOP('',(#131,#132,#133,#134));
#888=EDGE_LOOP('',(#135,#136,#137,#138));
#889=EDGE_LOOP('',(#139,#140,#141,#142));
#890=EDGE_LOOP('',(#143,#144,#145,#146));
#891=EDGE_LOOP('',(#147,#148,#149,#150));
#892=EDGE_LOOP('',(#151,#152,#153,#154));
#893=EDGE_LOOP('',(#155,#156,#157,#158));
#894=EDGE_LOOP('',(#159,#160,#161,#162));
#895=EDGE_LOOP('',(#163,#164,#165,#166));
#896=EDGE_LOOP('',(#167,#168,#169,#170));
#897=EDGE_LOOP('',(#171,#172,#173,#174));
#898=EDGE_LOOP('',(#175,#176,#177,#178));
#899=EDGE_LOOP('',(#179,#180,#181,#182));
#900=EDGE_LOOP('',(#183,#184,#185,#186));
#901=EDGE_LOOP('',(#187,#188,#189,#190));
#902=EDGE_LOOP('',(#191,#192,#193,#194));
#903=EDGE_LOOP('',(#195,#196,#197,#198));
#904=EDGE_LOOP('',(#199,#200,#201,#202,#203,#204));
#905=EDGE_LOOP('',(#205));
#906=EDGE_LOOP('',(#206));
#907=EDGE_LOOP('',(#207));
#908=EDGE_LOOP('',(#208));
#909=EDGE_LOOP('',(#209));
#910=EDGE_LOOP('',(#210));
#911=EDGE_LOOP('',(#211));
#912=EDGE_LOOP('',(#212));
#913=EDGE_LOOP('',(#213));
#914=EDGE_LOOP('',(#214));
#915=EDGE_LOOP('',(#215));
#916=EDGE_LOOP('',(#216,#217,#218,#219,#220,#221,#222,#223,#224,#225,#226,
#227,#228,#229,#230,#231,#232,#233,#234,#235,#236,#237,#238,#239,#240,#241,
#242,#243,#244,#245));
#917=EDGE_LOOP('',(#246,#247,#248,#249,#250,#251));
#918=EDGE_LOOP('',(#252,#253,#254,#255));
#919=EDGE_LOOP('',(#256,#257,#258,#259));
#920=EDGE_LOOP('',(#260,#261,#262,#263));
#921=EDGE_LOOP('',(#264,#265,#266,#267));
#922=EDGE_LOOP('',(#268,#269,#270,#271));
#923=EDGE_LOOP('',(#272,#273,#274,#275));
#924=EDGE_LOOP('',(#276,#277,#278,#279));
#925=EDGE_LOOP('',(#280,#281,#282,#283));
#926=EDGE_LOOP('',(#284,#285,#286,#287));
#927=EDGE_LOOP('',(#288,#289,#290,#291));
#928=EDGE_LOOP('',(#292,#293,#294,#295));
#929=EDGE_LOOP('',(#296,#297,#298,#299));
#930=EDGE_LOOP('',(#300,#301,#302,#303,#304,#305,#306,#307,#308,#309,#310,
#311,#312,#313,#314,#315,#316,#317,#318,#319,#320,#321,#322,#323,#324,#325,
#326,#327,#328,#329));
#931=EDGE_LOOP('',(#330));
#932=EDGE_LOOP('',(#331,#332,#333,#334));
#933=EDGE_LOOP('',(#335));
#934=EDGE_LOOP('',(#336));
#935=EDGE_LOOP('',(#337));
#936=EDGE_LOOP('',(#338));
#937=EDGE_LOOP('',(#339));
#938=EDGE_LOOP('',(#340));
#939=EDGE_LOOP('',(#341,#342,#343,#344));
#940=EDGE_LOOP('',(#345));
#941=EDGE_LOOP('',(#346));
#942=EDGE_LOOP('',(#347));
#943=EDGE_LOOP('',(#348));
#944=EDGE_LOOP('',(#349));
#945=EDGE_LOOP('',(#350));
#946=EDGE_LOOP('',(#351));
#947=EDGE_LOOP('',(#352,#353,#354,#355));
#948=EDGE_LOOP('',(#356));
#949=EDGE_LOOP('',(#357));
#950=EDGE_LOOP('',(#358));
#951=EDGE_LOOP('',(#359));
#952=EDGE_LOOP('',(#360));
#953=EDGE_LOOP('',(#361));
#954=EDGE_LOOP('',(#362));
#955=EDGE_LOOP('',(#363,#364,#365,#366));
#956=EDGE_LOOP('',(#367));
#957=EDGE_LOOP('',(#368));
#958=EDGE_LOOP('',(#369));
#959=EDGE_LOOP('',(#370));
#960=EDGE_LOOP('',(#371));
#961=EDGE_LOOP('',(#372));
#962=EDGE_LOOP('',(#373));
#963=EDGE_LOOP('',(#374,#375,#376,#377));
#964=EDGE_LOOP('',(#378));
#965=EDGE_LOOP('',(#379));
#966=EDGE_LOOP('',(#380));
#967=EDGE_LOOP('',(#381));
#968=EDGE_LOOP('',(#382));
#969=EDGE_LOOP('',(#383));
#970=EDGE_LOOP('',(#384));
#971=EDGE_LOOP('',(#385,#386,#387,#388));
#972=EDGE_LOOP('',(#389));
#973=EDGE_LOOP('',(#390));
#974=EDGE_LOOP('',(#391));
#975=EDGE_LOOP('',(#392));
#976=EDGE_LOOP('',(#393));
#977=EDGE_LOOP('',(#394));
#978=EDGE_LOOP('',(#395));
#979=EDGE_LOOP('',(#396));
#980=EDGE_LOOP('',(#397,#398,#399,#400));
#981=EDGE_LOOP('',(#401));
#982=EDGE_LOOP('',(#402));
#983=EDGE_LOOP('',(#403));
#984=EDGE_LOOP('',(#404));
#985=EDGE_LOOP('',(#405));
#986=EDGE_LOOP('',(#406));
#987=EDGE_LOOP('',(#407));
#988=EDGE_LOOP('',(#408,#409,#410,#411));
#989=EDGE_LOOP('',(#412));
#990=EDGE_LOOP('',(#413));
#991=EDGE_LOOP('',(#414));
#992=EDGE_LOOP('',(#415));
#993=EDGE_LOOP('',(#416));
#994=EDGE_LOOP('',(#417));
#995=EDGE_LOOP('',(#418,#419,#420,#421));
#996=EDGE_LOOP('',(#422));
#997=EDGE_LOOP('',(#423));
#998=EDGE_LOOP('',(#424));
#999=EDGE_LOOP('',(#425));
#1000=EDGE_LOOP('',(#426));
#1001=EDGE_LOOP('',(#427));
#1002=EDGE_LOOP('',(#428));
#1003=EDGE_LOOP('',(#429));
#1004=EDGE_LOOP('',(#430));
#1005=EDGE_LOOP('',(#431));
#1006=EDGE_LOOP('',(#432));
#1007=EDGE_LOOP('',(#433));
#1008=EDGE_LOOP('',(#434));
#1009=EDGE_LOOP('',(#435,#436,#437,#438));
#1010=EDGE_LOOP('',(#439,#440,#441,#442));
#1011=FACE_BOUND('',#886,.T.);
#1012=FACE_BOUND('',#887,.T.);
#1013=FACE_BOUND('',#888,.T.);
#1014=FACE_BOUND('',#889,.T.);
#1015=FACE_BOUND('',#890,.T.);
#1016=FACE_BOUND('',#891,.T.);
#1017=FACE_BOUND('',#892,.T.);
#1018=FACE_BOUND('',#893,.T.);
#1019=FACE_BOUND('',#894,.T.);
#1020=FACE_BOUND('',#895,.T.);
#1021=FACE_BOUND('',#896,.T.);
#1022=FACE_BOUND('',#897,.T.);
#1023=FACE_BOUND('',#898,.T.);
#1024=FACE_BOUND('',#899,.T.);
#1025=FACE_BOUND('',#900,.T.);
#1026=FACE_BOUND('',#901,.T.);
#1027=FACE_BOUND('',#902,.T.);
#1028=FACE_BOUND('',#903,.T.);
#1029=FACE_BOUND('',#904,.T.);
#1030=FACE_BOUND('',#905,.T.);
#1031=FACE_BOUND('',#906,.T.);
#1032=FACE_BOUND('',#907,.T.);
#1033=FACE_BOUND('',#908,.T.);
#1034=FACE_BOUND('',#909,.T.);
#1035=FACE_BOUND('',#910,.T.);
#1036=FACE_BOUND('',#911,.T.);
#1037=FACE_BOUND('',#912,.T.);
#1038=FACE_BOUND('',#913,.T.);
#1039=FACE_BOUND('',#914,.T.);
#1040=FACE_BOUND('',#915,.T.);
#1041=FACE_BOUND('',#916,.T.);
#1042=FACE_BOUND('',#917,.T.);
#1043=FACE_BOUND('',#918,.T.);
#1044=FACE_BOUND('',#919,.T.);
#1045=FACE_BOUND('',#920,.T.);
#1046=FACE_BOUND('',#921,.T.);
#1047=FACE_BOUND('',#922,.T.);
#1048=FACE_BOUND('',#923,.T.);
#1049=FACE_BOUND('',#924,.T.);
#1050=FACE_BOUND('',#925,.T.);
#1051=FACE_BOUND('',#926,.T.);
#1052=FACE_BOUND('',#927,.T.);
#1053=FACE_BOUND('',#928,.T.);
#1054=FACE_BOUND('',#929,.T.);
#1055=FACE_BOUND('',#930,.T.);
#1056=FACE_BOUND('',#931,.T.);
#1057=FACE_BOUND('',#932,.T.);
#1058=FACE_BOUND('',#933,.T.);
#1059=FACE_BOUND('',#934,.T.);
#1060=FACE_BOUND('',#935,.T.);
#1061=FACE_BOUND('',#936,.T.);
#1062=FACE_BOUND('',#937,.T.);
#1063=FACE_BOUND('',#938,.T.);
#1064=FACE_BOUND('',#939,.T.);
#1065=FACE_BOUND('',#940,.T.);
#1066=FACE_BOUND('',#941,.T.);
#1067=FACE_BOUND('',#942,.T.);
#1068=FACE_BOUND('',#943,.T.);
#1069=FACE_BOUND('',#944,.T.);
#1070=FACE_BOUND('',#945,.T.);
#1071=FACE_BOUND('',#946,.T.);
#1072=FACE_BOUND('',#947,.T.);
#1073=FACE_BOUND('',#948,.T.);
#1074=FACE_BOUND('',#949,.T.);
#1075=FACE_BOUND('',#950,.T.);
#1076=FACE_BOUND('',#951,.T.);
#1077=FACE_BOUND('',#952,.T.);
#1078=FACE_BOUND('',#953,.T.);
#1079=FACE_BOUND('',#954,.T.);
#1080=FACE_BOUND('',#955,.T.);
#1081=FACE_BOUND('',#956,.T.);
#1082=FACE_BOUND('',#957,.T.);
#1083=FACE_BOUND('',#958,.T.);
#1084=FACE_BOUND('',#959,.T.);
#1085=FACE_BOUND('',#960,.T.);
#1086=FACE_BOUND('',#961,.T.);
#1087=FACE_BOUND('',#962,.T.);
#1088=FACE_BOUND('',#963,.T.);
#1089=FACE_BOUND('',#964,.T.);
#1090=FACE_BOUND('',#965,.T.);
#1091=FACE_BOUND('',#966,.T.);
#1092=FACE_BOUND('',#967,.T.);
#1093=FACE_BOUND('',#968,.T.);
#1094=FACE_BOUND('',#969,.T.);
#1095=FACE_BOUND('',#970,.T.);
#1096=FACE_BOUND('',#971,.T.);
#1097=FACE_BOUND('',#972,.T.);
#1098=FACE_BOUND('',#973,.T.);
#1099=FACE_BOUND('',#974,.T.);
#1100=FACE_BOUND('',#975,.T.);
#1101=FACE_BOUND('',#976,.T.);
#1102=FACE_BOUND('',#977,.T.);
#1103=FACE_BOUND('',#978,.T.);
#1104=FACE_BOUND('',#979,.T.);
#1105=FACE_BOUND('',#980,.T.);
#1106=FACE_BOUND('',#981,.T.);
#1107=FACE_BOUND('',#982,.T.);
#1108=FACE_BOUND('',#983,.T.);
#1109=FACE_BOUND('',#984,.T.);
#1110=FACE_BOUND('',#985,.T.);
#1111=FACE_BOUND('',#986,.T.);
#1112=FACE_BOUND('',#987,.T.);
#1113=FACE_BOUND('',#988,.T.);
#1114=FACE_BOUND('',#989,.T.);
#1115=FACE_BOUND('',#990,.T.);
#1116=FACE_BOUND('',#991,.T.);
#1117=FACE_BOUND('',#992,.T.);
#1118=FACE_BOUND('',#993,.T.);
#1119=FACE_BOUND('',#994,.T.);
#1120=FACE_BOUND('',#995,.T.);
#1121=FACE_BOUND('',#996,.T.);
#1122=FACE_BOUND('',#997,.T.);
#1123=FACE_BOUND('',#998,.T.);
#1124=FACE_BOUND('',#999,.T.);
#1125=FACE_BOUND('',#1000,.T.);
#1126=FACE_BOUND('',#1001,.T.);
#1127=FACE_BOUND('',#1002,.T.);
#1128=FACE_BOUND('',#1003,.T.);
#1129=FACE_BOUND('',#1004,.T.);
#1130=FACE_BOUND('',#1005,.T.);
#1131=FACE_BOUND('',#1006,.T.);
#1132=FACE_BOUND('',#1007,.T.);
#1133=FACE_BOUND('',#1008,.T.);
#1134=FACE_BOUND('',#1009,.T.);
#1135=FACE_BOUND('',#1010,.T.);
#1136=PLANE('',#1262);
#1137=PLANE('',#1263);
#1138=PLANE('',#1264);
#1139=PLANE('',#1265);
#1140=PLANE('',#1266);
#1141=PLANE('',#1267);
#1142=PLANE('',#1268);
#1143=PLANE('',#1269);
#1144=PLANE('',#1270);
#1145=PLANE('',#1271);
#1146=PLANE('',#1272);
#1147=PLANE('',#1273);
#1148=PLANE('',#1274);
#1149=PLANE('',#1275);
#1150=PLANE('',#1276);
#1151=PLANE('',#1278);
#1152=PLANE('',#1280);
#1153=PLANE('',#1292);
#1154=PLANE('',#1306);
#1155=PLANE('',#1307);
#1156=PLANE('',#1308);
#1157=PLANE('',#1309);
#1158=PLANE('',#1312);
#1159=PLANE('',#1315);
#1160=PLANE('',#1320);
#1161=PLANE('',#1332);
#1162=PLANE('',#1339);
#1163=PLANE('',#1346);
#1164=PLANE('',#1353);
#1165=PLANE('',#1360);
#1166=PLANE('',#1367);
#1167=PLANE('',#1374);
#1168=PLANE('',#1381);
#1169=PLANE('',#1388);
#1170=PLANE('',#1395);
#1171=PLANE('',#1398);
#1172=PLANE('',#1399);
#1173=PLANE('',#1400);
#1174=ADVANCED_FACE('',(#1011),#1136,.F.);
#1175=ADVANCED_FACE('',(#1012),#1137,.T.);
#1176=ADVANCED_FACE('',(#1013),#1138,.T.);
#1177=ADVANCED_FACE('',(#1014),#1139,.F.);
#1178=ADVANCED_FACE('',(#1015),#1140,.F.);
#1179=ADVANCED_FACE('',(#1016),#1141,.F.);
#1180=ADVANCED_FACE('',(#1017),#1142,.T.);
#1181=ADVANCED_FACE('',(#1018),#1143,.T.);
#1182=ADVANCED_FACE('',(#1019),#1144,.T.);
#1183=ADVANCED_FACE('',(#1020),#1145,.T.);
#1184=ADVANCED_FACE('',(#1021),#1146,.T.);
#1185=ADVANCED_FACE('',(#1022),#1147,.T.);
#1186=ADVANCED_FACE('',(#1023),#1148,.F.);
#1187=ADVANCED_FACE('',(#1024),#1149,.F.);
#1188=ADVANCED_FACE('',(#1025),#1150,.F.);
#1189=ADVANCED_FACE('',(#1026),#121,.F.);
#1190=ADVANCED_FACE('',(#1027),#1151,.F.);
#1191=ADVANCED_FACE('',(#1028),#122,.F.);
#1192=ADVANCED_FACE('',(#1029,#1030,#1031,#1032,#1033,#1034,#1035,#1036,
#1037,#1038,#1039,#1040),#1152,.T.);
#1193=ADVANCED_FACE('',(#1041,#1042),#1153,.F.);
#1194=ADVANCED_FACE('',(#1043),#1154,.T.);
#1195=ADVANCED_FACE('',(#1044),#123,.T.);
#1196=ADVANCED_FACE('',(#1045),#1155,.T.);
#1197=ADVANCED_FACE('',(#1046),#124,.T.);
#1198=ADVANCED_FACE('',(#1047),#1156,.T.);
#1199=ADVANCED_FACE('',(#1048),#1157,.T.);
#1200=ADVANCED_FACE('',(#1049),#21,.T.);
#1201=ADVANCED_FACE('',(#1050),#1158,.F.);
#1202=ADVANCED_FACE('',(#1051),#22,.T.);
#1203=ADVANCED_FACE('',(#1052),#1159,.F.);
#1204=ADVANCED_FACE('',(#1053),#23,.F.);
#1205=ADVANCED_FACE('',(#1054),#24,.F.);
#1206=ADVANCED_FACE('',(#1055),#1160,.F.);
#1207=ADVANCED_FACE('',(#1056,#1057),#25,.T.);
#1208=ADVANCED_FACE('',(#1058,#1059),#1161,.F.);
#1209=ADVANCED_FACE('',(#1060,#1061),#26,.F.);
#1210=ADVANCED_FACE('',(#1062,#1063),#12,.F.);
#1211=ADVANCED_FACE('',(#1064,#1065),#27,.T.);
#1212=ADVANCED_FACE('',(#1066,#1067),#1162,.F.);
#1213=ADVANCED_FACE('',(#1068,#1069),#28,.F.);
#1214=ADVANCED_FACE('',(#1070,#1071),#13,.F.);
#1215=ADVANCED_FACE('',(#1072,#1073),#29,.T.);
#1216=ADVANCED_FACE('',(#1074,#1075),#1163,.F.);
#1217=ADVANCED_FACE('',(#1076,#1077),#30,.F.);
#1218=ADVANCED_FACE('',(#1078,#1079),#14,.F.);
#1219=ADVANCED_FACE('',(#1080,#1081),#31,.T.);
#1220=ADVANCED_FACE('',(#1082,#1083),#1164,.F.);
#1221=ADVANCED_FACE('',(#1084,#1085),#32,.F.);
#1222=ADVANCED_FACE('',(#1086,#1087),#15,.F.);
#1223=ADVANCED_FACE('',(#1088,#1089),#33,.T.);
#1224=ADVANCED_FACE('',(#1090,#1091),#1165,.F.);
#1225=ADVANCED_FACE('',(#1092,#1093),#34,.F.);
#1226=ADVANCED_FACE('',(#1094,#1095),#16,.F.);
#1227=ADVANCED_FACE('',(#1096,#1097),#35,.T.);
#1228=ADVANCED_FACE('',(#1098,#1099),#1166,.F.);
#1229=ADVANCED_FACE('',(#1100,#1101),#36,.F.);
#1230=ADVANCED_FACE('',(#1102,#1103),#17,.F.);
#1231=ADVANCED_FACE('',(#1104,#1105),#37,.T.);
#1232=ADVANCED_FACE('',(#1106,#1107),#1167,.F.);
#1233=ADVANCED_FACE('',(#1108,#1109),#38,.F.);
#1234=ADVANCED_FACE('',(#1110,#1111),#18,.F.);
#1235=ADVANCED_FACE('',(#1112,#1113),#39,.T.);
#1236=ADVANCED_FACE('',(#1114,#1115),#1168,.F.);
#1237=ADVANCED_FACE('',(#1116,#1117),#40,.F.);
#1238=ADVANCED_FACE('',(#1118,#1119),#19,.F.);
#1239=ADVANCED_FACE('',(#1120,#1121),#41,.T.);
#1240=ADVANCED_FACE('',(#1122,#1123),#1169,.F.);
#1241=ADVANCED_FACE('',(#1124,#1125),#42,.F.);
#1242=ADVANCED_FACE('',(#1126,#1127),#20,.F.);
#1243=ADVANCED_FACE('',(#1128,#1129),#43,.F.);
#1244=ADVANCED_FACE('',(#1130),#1170,.T.);
#1245=ADVANCED_FACE('',(#1131,#1132),#44,.F.);
#1246=ADVANCED_FACE('',(#1133),#1171,.T.);
#1247=ADVANCED_FACE('',(#1134),#1172,.F.);
#1248=ADVANCED_FACE('',(#1135),#1173,.F.);
#1249=CLOSED_SHELL('',(#1174,#1175,#1176,#1177,#1178,#1179,#1180,#1181,
#1182,#1183,#1184,#1185,#1186,#1187,#1188,#1189,#1190,#1191,#1192,#1193,
#1194,#1195,#1196,#1197,#1198,#1199,#1200,#1201,#1202,#1203,#1204,#1205,
#1206,#1207,#1208,#1209,#1210,#1211,#1212,#1213,#1214,#1215,#1216,#1217,
#1218,#1219,#1220,#1221,#1222,#1223,#1224,#1225,#1226,#1227,#1228,#1229,
#1230,#1231,#1232,#1233,#1234,#1235,#1236,#1237,#1238,#1239,#1240,#1241,
#1242,#1243,#1244,#1245,#1246,#1247,#1248));
#1250=STYLED_ITEM('',(#1251),#1258);
#1251=PRESENTATION_STYLE_ASSIGNMENT((#1252));
#1252=SURFACE_STYLE_USAGE(.BOTH.,#1253);
#1253=SURFACE_SIDE_STYLE('',(#1254));
#1254=SURFACE_STYLE_FILL_AREA(#1255);
#1255=FILL_AREA_STYLE('',(#1256));
#1256=FILL_AREA_STYLE_COLOUR('',#1257);
#1257=COLOUR_RGB('',0.647058823529412,0.647058823529412,0.647058823529412);
#1258=MANIFOLD_SOLID_BREP('Bottom-Right',#1249);
#1259=SHAPE_DEFINITION_REPRESENTATION(#2192,#1260);
#1260=SHAPE_REPRESENTATION('Bottom-Right',(#1261),#2187);
#1261=AXIS2_PLACEMENT_3D('',#1764,#1401,#1402);
#1262=AXIS2_PLACEMENT_3D('',#1765,#1403,#1404);
#1263=AXIS2_PLACEMENT_3D('',#1778,#1411,#1412);
#1264=AXIS2_PLACEMENT_3D('',#1787,#1417,#1418);
#1265=AXIS2_PLACEMENT_3D('',#1796,#1423,#1424);
#1266=AXIS2_PLACEMENT_3D('',#1805,#1429,#1430);
#1267=AXIS2_PLACEMENT_3D('',#1814,#1435,#1436);
#1268=AXIS2_PLACEMENT_3D('',#1823,#1441,#1442);
#1269=AXIS2_PLACEMENT_3D('',#1832,#1447,#1448);
#1270=AXIS2_PLACEMENT_3D('',#1841,#1453,#1454);
#1271=AXIS2_PLACEMENT_3D('',#1850,#1459,#1460);
#1272=AXIS2_PLACEMENT_3D('',#1859,#1465,#1466);
#1273=AXIS2_PLACEMENT_3D('',#1868,#1471,#1472);
#1274=AXIS2_PLACEMENT_3D('',#1877,#1477,#1478);
#1275=AXIS2_PLACEMENT_3D('',#1886,#1483,#1484);
#1276=AXIS2_PLACEMENT_3D('',#1892,#1488,#1489);
#1277=AXIS2_PLACEMENT_3D('',#1916,#1494,#1495);
#1278=AXIS2_PLACEMENT_3D('',#1917,#1496,#1497);
#1279=AXIS2_PLACEMENT_3D('',#1938,#1501,#1502);
#1280=AXIS2_PLACEMENT_3D('',#1939,#1503,#1504);
#1281=AXIS2_PLACEMENT_3D('',#1958,#1508,#1509);
#1282=AXIS2_PLACEMENT_3D('',#1960,#1510,#1511);
#1283=AXIS2_PLACEMENT_3D('',#1962,#1512,#1513);
#1284=AXIS2_PLACEMENT_3D('',#1964,#1514,#1515);
#1285=AXIS2_PLACEMENT_3D('',#1966,#1516,#1517);
#1286=AXIS2_PLACEMENT_3D('',#1968,#1518,#1519);
#1287=AXIS2_PLACEMENT_3D('',#1970,#1520,#1521);
#1288=AXIS2_PLACEMENT_3D('',#1972,#1522,#1523);
#1289=AXIS2_PLACEMENT_3D('',#1974,#1524,#1525);
#1290=AXIS2_PLACEMENT_3D('',#1976,#1526,#1527);
#1291=AXIS2_PLACEMENT_3D('',#1978,#1528,#1529);
#1292=AXIS2_PLACEMENT_3D('',#1980,#1530,#1531);
#1293=AXIS2_PLACEMENT_3D('',#1985,#1534,#1535);
#1294=AXIS2_PLACEMENT_3D('',#1989,#1537,#1538);
#1295=AXIS2_PLACEMENT_3D('',#1994,#1541,#1542);
#1296=AXIS2_PLACEMENT_3D('',#1995,#1543,#1544);
#1297=AXIS2_PLACEMENT_3D('',#1996,#1545,#1546);
#1298=AXIS2_PLACEMENT_3D('',#1997,#1547,#1548);
#1299=AXIS2_PLACEMENT_3D('',#1998,#1549,#1550);
#1300=AXIS2_PLACEMENT_3D('',#1999,#1551,#1552);
#1301=AXIS2_PLACEMENT_3D('',#2000,#1553,#1554);
#1302=AXIS2_PLACEMENT_3D('',#2001,#1555,#1556);
#1303=AXIS2_PLACEMENT_3D('',#2002,#1557,#1558);
#1304=AXIS2_PLACEMENT_3D('',#2003,#1559,#1560);
#1305=AXIS2_PLACEMENT_3D('',#2004,#1561,#1562);
#1306=AXIS2_PLACEMENT_3D('',#2005,#1563,#1564);
#1307=AXIS2_PLACEMENT_3D('',#2026,#1565,#1566);
#1308=AXIS2_PLACEMENT_3D('',#2047,#1567,#1568);
#1309=AXIS2_PLACEMENT_3D('',#2048,#1569,#1570);
#1310=AXIS2_PLACEMENT_3D('',#2054,#1574,#1575);
#1311=AXIS2_PLACEMENT_3D('',#2055,#1576,#1577);
#1312=AXIS2_PLACEMENT_3D('',#2058,#1579,#1580);
#1313=AXIS2_PLACEMENT_3D('',#2062,#1583,#1584);
#1314=AXIS2_PLACEMENT_3D('',#2063,#1585,#1586);
#1315=AXIS2_PLACEMENT_3D('',#2066,#1588,#1589);
#1316=AXIS2_PLACEMENT_3D('',#2070,#1592,#1593);
#1317=AXIS2_PLACEMENT_3D('',#2071,#1594,#1595);
#1318=AXIS2_PLACEMENT_3D('',#2072,#1596,#1597);
#1319=AXIS2_PLACEMENT_3D('',#2073,#1598,#1599);
#1320=AXIS2_PLACEMENT_3D('',#2074,#1600,#1601);
#1321=AXIS2_PLACEMENT_3D('',#2076,#1603,#1604);
#1322=AXIS2_PLACEMENT_3D('',#2077,#1605,#1606);
#1323=AXIS2_PLACEMENT_3D('',#2078,#1607,#1608);
#1324=AXIS2_PLACEMENT_3D('',#2079,#1609,#1610);
#1325=AXIS2_PLACEMENT_3D('',#2080,#1611,#1612);
#1326=AXIS2_PLACEMENT_3D('',#2081,#1613,#1614);
#1327=AXIS2_PLACEMENT_3D('',#2082,#1615,#1616);
#1328=AXIS2_PLACEMENT_3D('',#2083,#1617,#1618);
#1329=AXIS2_PLACEMENT_3D('',#2084,#1619,#1620);
#1330=AXIS2_PLACEMENT_3D('',#2086,#1622,#1623);
#1331=AXIS2_PLACEMENT_3D('',#2087,#1624,#1625);
#1332=AXIS2_PLACEMENT_3D('',#2089,#1626,#1627);
#1333=AXIS2_PLACEMENT_3D('',#2090,#1628,#1629);
#1334=AXIS2_PLACEMENT_3D('',#2092,#1630,#1631);
#1335=AXIS2_PLACEMENT_3D('',#2093,#1632,#1633);
#1336=AXIS2_PLACEMENT_3D('',#2095,#1634,#1635);
#1337=AXIS2_PLACEMENT_3D('',#2096,#1636,#1637);
#1338=AXIS2_PLACEMENT_3D('',#2097,#1638,#1639);
#1339=AXIS2_PLACEMENT_3D('',#2099,#1640,#1641);
#1340=AXIS2_PLACEMENT_3D('',#2100,#1642,#1643);
#1341=AXIS2_PLACEMENT_3D('',#2102,#1644,#1645);
#1342=AXIS2_PLACEMENT_3D('',#2103,#1646,#1647);
#1343=AXIS2_PLACEMENT_3D('',#2105,#1648,#1649);
#1344=AXIS2_PLACEMENT_3D('',#2106,#1650,#1651);
#1345=AXIS2_PLACEMENT_3D('',#2107,#1652,#1653);
#1346=AXIS2_PLACEMENT_3D('',#2109,#1654,#1655);
#1347=AXIS2_PLACEMENT_3D('',#2110,#1656,#1657);
#1348=AXIS2_PLACEMENT_3D('',#2112,#1658,#1659);
#1349=AXIS2_PLACEMENT_3D('',#2113,#1660,#1661);
#1350=AXIS2_PLACEMENT_3D('',#2115,#1662,#1663);
#1351=AXIS2_PLACEMENT_3D('',#2116,#1664,#1665);
#1352=AXIS2_PLACEMENT_3D('',#2117,#1666,#1667);
#1353=AXIS2_PLACEMENT_3D('',#2119,#1668,#1669);
#1354=AXIS2_PLACEMENT_3D('',#2120,#1670,#1671);
#1355=AXIS2_PLACEMENT_3D('',#2122,#1672,#1673);
#1356=AXIS2_PLACEMENT_3D('',#2123,#1674,#1675);
#1357=AXIS2_PLACEMENT_3D('',#2125,#1676,#1677);
#1358=AXIS2_PLACEMENT_3D('',#2126,#1678,#1679);
#1359=AXIS2_PLACEMENT_3D('',#2127,#1680,#1681);
#1360=AXIS2_PLACEMENT_3D('',#2129,#1682,#1683);
#1361=AXIS2_PLACEMENT_3D('',#2130,#1684,#1685);
#1362=AXIS2_PLACEMENT_3D('',#2132,#1686,#1687);
#1363=AXIS2_PLACEMENT_3D('',#2133,#1688,#1689);
#1364=AXIS2_PLACEMENT_3D('',#2135,#1690,#1691);
#1365=AXIS2_PLACEMENT_3D('',#2136,#1692,#1693);
#1366=AXIS2_PLACEMENT_3D('',#2137,#1694,#1695);
#1367=AXIS2_PLACEMENT_3D('',#2139,#1696,#1697);
#1368=AXIS2_PLACEMENT_3D('',#2140,#1698,#1699);
#1369=AXIS2_PLACEMENT_3D('',#2142,#1700,#1701);
#1370=AXIS2_PLACEMENT_3D('',#2143,#1702,#1703);
#1371=AXIS2_PLACEMENT_3D('',#2145,#1704,#1705);
#1372=AXIS2_PLACEMENT_3D('',#2146,#1706,#1707);
#1373=AXIS2_PLACEMENT_3D('',#2147,#1708,#1709);
#1374=AXIS2_PLACEMENT_3D('',#2149,#1710,#1711);
#1375=AXIS2_PLACEMENT_3D('',#2150,#1712,#1713);
#1376=AXIS2_PLACEMENT_3D('',#2152,#1714,#1715);
#1377=AXIS2_PLACEMENT_3D('',#2153,#1716,#1717);
#1378=AXIS2_PLACEMENT_3D('',#2155,#1718,#1719);
#1379=AXIS2_PLACEMENT_3D('',#2156,#1720,#1721);
#1380=AXIS2_PLACEMENT_3D('',#2157,#1722,#1723);
#1381=AXIS2_PLACEMENT_3D('',#2159,#1724,#1725);
#1382=AXIS2_PLACEMENT_3D('',#2160,#1726,#1727);
#1383=AXIS2_PLACEMENT_3D('',#2162,#1728,#1729);
#1384=AXIS2_PLACEMENT_3D('',#2163,#1730,#1731);
#1385=AXIS2_PLACEMENT_3D('',#2165,#1732,#1733);
#1386=AXIS2_PLACEMENT_3D('',#2166,#1734,#1735);
#1387=AXIS2_PLACEMENT_3D('',#2167,#1736,#1737);
#1388=AXIS2_PLACEMENT_3D('',#2169,#1738,#1739);
#1389=AXIS2_PLACEMENT_3D('',#2170,#1740,#1741);
#1390=AXIS2_PLACEMENT_3D('',#2172,#1742,#1743);
#1391=AXIS2_PLACEMENT_3D('',#2173,#1744,#1745);
#1392=AXIS2_PLACEMENT_3D('',#2175,#1746,#1747);
#1393=AXIS2_PLACEMENT_3D('',#2176,#1748,#1749);
#1394=AXIS2_PLACEMENT_3D('',#2177,#1750,#1751);
#1395=AXIS2_PLACEMENT_3D('',#2179,#1752,#1753);
#1396=AXIS2_PLACEMENT_3D('',#2180,#1754,#1755);
#1397=AXIS2_PLACEMENT_3D('',#2181,#1756,#1757);
#1398=AXIS2_PLACEMENT_3D('',#2183,#1758,#1759);
#1399=AXIS2_PLACEMENT_3D('',#2184,#1760,#1761);
#1400=AXIS2_PLACEMENT_3D('',#2185,#1762,#1763);
#1401=DIRECTION('',(0.,0.,1.));
#1402=DIRECTION('',(1.,0.,0.));
#1403=DIRECTION('',(1.,0.,0.));
#1404=DIRECTION('',(0.,1.,0.));
#1405=DIRECTION('',(0.,-0.99678327516184,0.0801442596674017));
#1406=DIRECTION('',(0.,0.0801442596674017,0.99678327516184));
#1407=DIRECTION('',(0.,-0.517458237468419,-0.855708462314168));
#1408=DIRECTION('',(0.,-0.99678327516184,0.0801442596674017));
#1409=DIRECTION('',(0.,-0.374091827370248,0.92739166736325));
#1410=DIRECTION('',(0.,-0.0801442596674017,-0.99678327516184));
#1411=DIRECTION('',(0.,0.99678327516184,-0.0801442596674017));
#1412=DIRECTION('',(0.,0.0801442596674017,0.99678327516184));
#1413=DIRECTION('',(0.,-0.0801442596674017,-0.99678327516184));
#1414=DIRECTION('',(1.,0.,0.));
#1415=DIRECTION('',(0.,0.0801442596674016,0.99678327516184));
#1416=DIRECTION('',(1.,0.,0.));
#1417=DIRECTION('',(0.,0.99678327516184,-0.0801442596674017));
#1418=DIRECTION('',(0.,0.0801442596674017,0.99678327516184));
#1419=DIRECTION('',(1.,0.,0.));
#1420=DIRECTION('',(0.,0.0801442596674016,0.99678327516184));
#1421=DIRECTION('',(1.,0.,0.));
#1422=DIRECTION('',(0.,0.0801442596674016,0.99678327516184));
#1423=DIRECTION('',(0.,0.99678327516184,-0.0801442596674017));
#1424=DIRECTION('',(0.,0.0801442596674017,0.99678327516184));
#1425=DIRECTION('',(0.,0.0801442596674016,0.99678327516184));
#1426=DIRECTION('',(1.,0.,0.));
#1427=DIRECTION('',(0.,0.0801442596674016,0.99678327516184));
#1428=DIRECTION('',(1.,0.,0.));
#1429=DIRECTION('',(0.,0.99678327516184,-0.0801442596674017));
#1430=DIRECTION('',(0.,0.0801442596674017,0.99678327516184));
#1431=DIRECTION('',(0.,0.0801442596674016,0.99678327516184));
#1432=DIRECTION('',(1.,0.,0.));
#1433=DIRECTION('',(0.,0.0801442596674016,0.99678327516184));
#1434=DIRECTION('',(1.,0.,0.));
#1435=DIRECTION('',(0.,0.99678327516184,-0.0801442596674017));
#1436=DIRECTION('',(0.,0.0801442596674017,0.99678327516184));
#1437=DIRECTION('',(1.,0.,0.));
#1438=DIRECTION('',(0.,-0.0801442596674017,-0.99678327516184));
#1439=DIRECTION('',(1.,0.,0.));
#1440=DIRECTION('',(0.,0.0801442596674016,0.99678327516184));
#1441=DIRECTION('',(0.,0.99678327516184,-0.0801442596674017));
#1442=DIRECTION('',(0.,0.0801442596674017,0.99678327516184));
#1443=DIRECTION('',(1.,0.,0.));
#1444=DIRECTION('',(0.,0.0801442596674016,0.99678327516184));
#1445=DIRECTION('',(1.,0.,0.));
#1446=DIRECTION('',(0.,0.0801442596674016,0.99678327516184));
#1447=DIRECTION('',(0.,0.99678327516184,-0.0801442596674017));
#1448=DIRECTION('',(0.,0.0801442596674017,0.99678327516184));
#1449=DIRECTION('',(1.,0.,0.));
#1450=DIRECTION('',(0.,0.0801442596674016,0.99678327516184));
#1451=DIRECTION('',(1.,0.,0.));
#1452=DIRECTION('',(0.,-0.0801442596674017,-0.99678327516184));
#1453=DIRECTION('',(-0.99996429232695,-0.00842350112327606,0.000677273864996256));
#1454=DIRECTION('',(0.00842350305520623,-0.999964521668783,0.));
#1455=DIRECTION('',(-0.00845068465049075,0.996747682350549,-0.0801413979023806));
#1456=DIRECTION('',(0.,0.0801442596674017,0.99678327516184));
#1457=DIRECTION('',(-0.00845068465049075,0.996747682350549,-0.0801413979023806));
#1458=DIRECTION('',(0.,-0.0801442596674017,-0.99678327516184));
#1459=DIRECTION('',(-0.99996429232695,-0.00842350112327606,0.000677273864996256));
#1460=DIRECTION('',(0.00842350305520623,-0.999964521668783,0.));
#1461=DIRECTION('',(-0.00845068465049075,0.996747682350549,-0.0801413979023806));
#1462=DIRECTION('',(0.,0.0801442596674017,0.99678327516184));
#1463=DIRECTION('',(-0.00845068465049075,0.996747682350549,-0.0801413979023806));
#1464=DIRECTION('',(0.,0.0801442596674017,0.99678327516184));
#1465=DIRECTION('',(-0.99996429232695,-0.00842350112327606,0.000677273864996256));
#1466=DIRECTION('',(0.00842350305520623,-0.999964521668783,0.));
#1467=DIRECTION('',(-0.00845068465049075,0.996747682350549,-0.0801413979023806));
#1468=DIRECTION('',(0.,0.0801442596674017,0.99678327516184));
#1469=DIRECTION('',(-0.00845068465049075,0.996747682350549,-0.0801413979023806));
#1470=DIRECTION('',(0.,0.0801442596674017,0.99678327516184));
#1471=DIRECTION('',(-0.99996429232695,-0.00842350112327606,0.000677273864996256));
#1472=DIRECTION('',(0.00842350305520623,-0.999964521668783,0.));
#1473=DIRECTION('',(-0.00845068465049075,0.996747682350549,-0.0801413979023806));
#1474=DIRECTION('',(0.,0.0801442596674017,0.99678327516184));
#1475=DIRECTION('',(-0.00845068465049075,0.996747682350549,-0.0801413979023806));
#1476=DIRECTION('',(0.,-0.0801442596674017,-0.99678327516184));
#1477=DIRECTION('',(0.,0.99678327516184,-0.0801442596674017));
#1478=DIRECTION('',(0.,0.0801442596674017,0.99678327516184));
#1479=DIRECTION('',(0.,0.0801442596674016,0.99678327516184));
#1480=DIRECTION('',(1.,0.,0.));
#1481=DIRECTION('',(0.,-0.0801442596674017,-0.99678327516184));
#1482=DIRECTION('',(1.,0.,0.));
#1483=DIRECTION('',(0.,0.99678327516184,-0.0801442596674017));
#1484=DIRECTION('',(0.,0.0801442596674017,0.99678327516184));
#1485=DIRECTION('',(-1.,0.,0.));
#1486=DIRECTION('',(1.,0.,0.));
#1487=DIRECTION('',(0.,0.0801442596674017,0.99678327516184));
#1488=DIRECTION('',(0.,-0.99678327516184,0.0801442596674017));
#1489=DIRECTION('',(0.,-0.0801442596674017,-0.99678327516184));
#1490=DIRECTION('',(-1.,0.,0.));
#1491=DIRECTION('',(1.,0.,0.));
#1492=DIRECTION('',(0.,0.0801442596674017,0.99678327516184));
#1493=DIRECTION('',(0.,0.0801442596674017,0.99678327516184));
#1494=DIRECTION('',(3.55843853149614E-15,-0.0801442596674027,-0.99678327516184));
#1495=DIRECTION('',(0.704112673990617,0.707804105201934,-0.0569094981973337));
#1496=DIRECTION('',(-0.99996429232695,-0.00842350112327605,0.000677273864996256));
#1497=DIRECTION('',(0.00842350305520623,-0.999964521668783,0.));
#1498=DIRECTION('',(0.,0.0801442596674017,0.99678327516184));
#1499=DIRECTION('',(-0.00845068465049075,0.996747682350549,-0.0801413979023806));
#1500=DIRECTION('',(0.00845068465049074,-0.996747682350549,0.0801413979023806));
#1501=DIRECTION('',(-2.88009290287746E-15,-0.0801442596673988,-0.99678327516184));
#1502=DIRECTION('',(0.710088263783365,-0.701847737237075,0.0564305889772977));
#1503=DIRECTION('',(0.,-0.0801442596674017,-0.99678327516184));
#1504=DIRECTION('',(1.,0.,0.));
#1505=DIRECTION('',(1.,0.,0.));
#1506=DIRECTION('',(0.00845068465049075,-0.996747682350549,0.0801413979023806));
#1507=DIRECTION('',(-1.,0.,0.));
#1508=DIRECTION('',(0.,-0.0801442596674017,-0.99678327516184));
#1509=DIRECTION('',(0.,0.99678327516184,-0.0801442596674017));
#1510=DIRECTION('',(0.,-0.0801442596674017,-0.99678327516184));
#1511=DIRECTION('',(0.,0.99678327516184,-0.0801442596674017));
#1512=DIRECTION('',(0.,-0.0801442596674017,-0.99678327516184));
#1513=DIRECTION('',(0.,0.99678327516184,-0.0801442596674017));
#1514=DIRECTION('',(0.,-0.0801442596674017,-0.99678327516184));
#1515=DIRECTION('',(0.,0.99678327516184,-0.0801442596674017));
#1516=DIRECTION('',(0.,-0.0801442596674017,-0.99678327516184));
#1517=DIRECTION('',(0.,0.99678327516184,-0.0801442596674017));
#1518=DIRECTION('',(0.,-0.0801442596674017,-0.99678327516184));
#1519=DIRECTION('',(0.,0.99678327516184,-0.0801442596674017));
#1520=DIRECTION('',(0.,-0.0801442596674017,-0.99678327516184));
#1521=DIRECTION('',(0.,0.99678327516184,-0.0801442596674017));
#1522=DIRECTION('',(0.,-0.0801442596674017,-0.99678327516184));
#1523=DIRECTION('',(0.,0.99678327516184,-0.0801442596674017));
#1524=DIRECTION('',(0.,-0.0801442596674017,-0.99678327516184));
#1525=DIRECTION('',(0.,0.99678327516184,-0.0801442596674017));
#1526=DIRECTION('',(0.,-0.0801442596674017,-0.99678327516184));
#1527=DIRECTION('',(0.,0.99678327516184,-0.0801442596674017));
#1528=DIRECTION('',(0.,-0.0801442596674017,-0.99678327516184));
#1529=DIRECTION('',(0.,0.99678327516184,-0.0801442596674017));
#1530=DIRECTION('',(0.,-0.0801442596674017,-0.99678327516184));
#1531=DIRECTION('',(1.,0.,0.));
#1532=DIRECTION('',(0.,-0.99678327516184,0.0801442596674017));
#1533=DIRECTION('',(1.,0.,0.));
#1534=DIRECTION('',(0.,-0.0801442596674017,-0.99678327516184));
#1535=DIRECTION('',(0.,0.99678327516184,-0.0801442596674017));
#1536=DIRECTION('',(-0.00845068465049075,0.996747682350549,-0.0801413979023806));
#1537=DIRECTION('',(0.,-0.0801442596674017,-0.99678327516184));
#1538=DIRECTION('',(0.,0.99678327516184,-0.0801442596674017));
#1539=DIRECTION('',(1.,0.,0.));
#1540=DIRECTION('',(0.,-0.99678327516184,0.0801442596674017));
#1541=DIRECTION('',(0.,-0.0801442596674017,-0.99678327516184));
#1542=DIRECTION('',(0.,0.99678327516184,-0.0801442596674017));
#1543=DIRECTION('',(0.,-0.0801442596674017,-0.99678327516184));
#1544=DIRECTION('',(0.,0.99678327516184,-0.0801442596674017));
#1545=DIRECTION('',(0.,-0.0801442596674017,-0.99678327516184));
#1546=DIRECTION('',(0.,0.99678327516184,-0.0801442596674017));
#1547=DIRECTION('',(0.,-0.0801442596674017,-0.99678327516184));
#1548=DIRECTION('',(0.,0.99678327516184,-0.0801442596674017));
#1549=DIRECTION('',(0.,-0.0801442596674017,-0.99678327516184));
#1550=DIRECTION('',(0.,0.99678327516184,-0.0801442596674017));
#1551=DIRECTION('',(0.,-0.0801442596674017,-0.99678327516184));
#1552=DIRECTION('',(0.,0.99678327516184,-0.0801442596674017));
#1553=DIRECTION('',(0.,-0.0801442596674017,-0.99678327516184));
#1554=DIRECTION('',(0.,0.99678327516184,-0.0801442596674017));
#1555=DIRECTION('',(0.,-0.0801442596674017,-0.99678327516184));
#1556=DIRECTION('',(0.,0.99678327516184,-0.0801442596674017));
#1557=DIRECTION('',(0.,-0.0801442596674017,-0.99678327516184));
#1558=DIRECTION('',(0.,0.99678327516184,-0.0801442596674017));
#1559=DIRECTION('',(0.,-0.0801442596674017,-0.99678327516184));
#1560=DIRECTION('',(0.,0.99678327516184,-0.0801442596674017));
#1561=DIRECTION('',(0.,-0.0801442596674017,-0.99678327516184));
#1562=DIRECTION('',(0.,0.99678327516184,-0.0801442596674017));
#1563=DIRECTION('',(0.,0.855708462314168,-0.517458237468419));
#1564=DIRECTION('',(-1.,0.,0.));
#1565=DIRECTION('',(0.894395253086219,-0.0283073940764634,-0.446380804579944));
#1566=DIRECTION('',(-0.00845068465049075,0.996747682350549,-0.0801413979023806));
#1567=DIRECTION('',(0.,-0.92739166736325,-0.374091827370248));
#1568=DIRECTION('',(1.,0.,0.));
#1569=DIRECTION('',(0.,0.99678327516184,-0.0801442596674017));
#1570=DIRECTION('',(0.,0.0801442596674017,0.99678327516184));
#1571=DIRECTION('',(0.,-0.0801442596674017,-0.99678327516184));
#1572=DIRECTION('',(1.,0.,0.));
#1573=DIRECTION('',(0.,-0.0801442596674017,-0.99678327516184));
#1574=DIRECTION('',(0.,-0.0801442596674017,-0.99678327516184));
#1575=DIRECTION('',(0.704112673990383,0.707804105202166,-0.0569094981973541));
#1576=DIRECTION('',(0.,-0.0801442596674017,-0.99678327516184));
#1577=DIRECTION('',(0.,0.99678327516184,-0.0801442596674017));
#1578=DIRECTION('',(0.,-0.0801442596674017,-0.99678327516184));
#1579=DIRECTION('',(-0.99996429232695,-0.00842350112327605,0.000677273864996256));
#1580=DIRECTION('',(0.00842350305520623,-0.999964521668783,0.));
#1581=DIRECTION('',(-0.00845068465049075,0.996747682350549,-0.0801413979023806));
#1582=DIRECTION('',(0.,-0.0801442596674017,-0.99678327516184));
#1583=DIRECTION('',(0.,-0.0801442596674017,-0.99678327516184));
#1584=DIRECTION('',(0.710088263767579,-0.701847737252943,0.0564305889785775));
#1585=DIRECTION('',(0.,-0.0801442596674017,-0.99678327516184));
#1586=DIRECTION('',(0.,0.99678327516184,-0.0801442596674017));
#1587=DIRECTION('',(0.,-0.0801442596674017,-0.99678327516184));
#1588=DIRECTION('',(0.,0.99678327516184,-0.0801442596674017));
#1589=DIRECTION('',(0.,0.0801442596674017,0.99678327516184));
#1590=DIRECTION('',(1.,0.,0.));
#1591=DIRECTION('',(0.,-0.0801442596674017,-0.99678327516184));
#1592=DIRECTION('',(0.,-0.0801442596674017,-0.99678327516184));
#1593=DIRECTION('',(0.710088263808286,-0.701847737212023,0.0564305889752878));
#1594=DIRECTION('',(0.,-0.0801442596674017,-0.99678327516184));
#1595=DIRECTION('',(0.,0.99678327516184,-0.0801442596674017));
#1596=DIRECTION('',(0.,-0.0801442596674017,-0.99678327516184));
#1597=DIRECTION('',(0.704112673990159,0.707804105202387,-0.056909498197372));
#1598=DIRECTION('',(0.,-0.0801442596674017,-0.99678327516184));
#1599=DIRECTION('',(0.,0.99678327516184,-0.0801442596674017));
#1600=DIRECTION('',(0.,-0.0801442596674017,-0.99678327516184));
#1601=DIRECTION('',(1.,0.,0.));
#1602=DIRECTION('',(0.,-0.99678327516184,0.0801442596674017));
#1603=DIRECTION('',(0.,-0.0801442596674017,-0.99678327516184));
#1604=DIRECTION('',(0.,0.99678327516184,-0.0801442596674017));
#1605=DIRECTION('',(0.,-0.0801442596674017,-0.99678327516184));
#1606=DIRECTION('',(0.,0.99678327516184,-0.0801442596674017));
#1607=DIRECTION('',(0.,-0.0801442596674017,-0.99678327516184));
#1608=DIRECTION('',(0.,0.99678327516184,-0.0801442596674017));
#1609=DIRECTION('',(0.,-0.0801442596674017,-0.99678327516184));
#1610=DIRECTION('',(0.,0.99678327516184,-0.0801442596674017));
#1611=DIRECTION('',(0.,-0.0801442596674017,-0.99678327516184));
#1612=DIRECTION('',(0.,0.99678327516184,-0.0801442596674017));
#1613=DIRECTION('',(0.,-0.0801442596674017,-0.99678327516184));
#1614=DIRECTION('',(0.,0.99678327516184,-0.0801442596674017));
#1615=DIRECTION('',(0.,-0.0801442596674017,-0.99678327516184));
#1616=DIRECTION('',(0.,0.99678327516184,-0.0801442596674017));
#1617=DIRECTION('',(0.,-0.0801442596674017,-0.99678327516184));
#1618=DIRECTION('',(0.,0.99678327516184,-0.0801442596674017));
#1619=DIRECTION('',(0.,-0.0801442596674017,-0.99678327516184));
#1620=DIRECTION('',(0.,0.99678327516184,-0.0801442596674017));
#1621=DIRECTION('',(0.,-0.99678327516184,0.0801442596674017));
#1622=DIRECTION('',(0.,0.0801442596674016,0.99678327516184));
#1623=DIRECTION('',(0.,-0.99678327516184,0.0801442596674017));
#1624=DIRECTION('',(0.,-0.0801442596674017,-0.99678327516184));
#1625=DIRECTION('',(0.,0.99678327516184,-0.0801442596674017));
#1626=DIRECTION('',(0.,-0.0801442596674017,-0.99678327516184));
#1627=DIRECTION('',(1.,0.,0.));
#1628=DIRECTION('',(0.,-0.0801442596674017,-0.99678327516184));
#1629=DIRECTION('',(0.,0.99678327516184,-0.0801442596674017));
#1630=DIRECTION('',(0.,0.0801442596674017,0.99678327516184));
#1631=DIRECTION('',(0.,-0.99678327516184,0.0801442596674017));
#1632=DIRECTION('',(0.,-0.0801442596674005,-0.99678327516184));
#1633=DIRECTION('',(0.,0.99678327516184,-0.0801442596674005));
#1634=DIRECTION('',(0.,-0.0801442596674005,-0.99678327516184));
#1635=DIRECTION('',(0.,0.99678327516184,-0.0801442596674005));
#1636=DIRECTION('',(0.,0.0801442596674017,0.99678327516184));
#1637=DIRECTION('',(0.,-0.99678327516184,0.0801442596674017));
#1638=DIRECTION('',(0.,-0.0801442596674017,-0.99678327516184));
#1639=DIRECTION('',(0.,0.99678327516184,-0.0801442596674017));
#1640=DIRECTION('',(0.,-0.0801442596674017,-0.99678327516184));
#1641=DIRECTION('',(1.,0.,0.));
#1642=DIRECTION('',(0.,-0.0801442596674017,-0.99678327516184));
#1643=DIRECTION('',(0.,0.99678327516184,-0.0801442596674017));
#1644=DIRECTION('',(0.,0.0801442596674017,0.99678327516184));
#1645=DIRECTION('',(0.,-0.99678327516184,0.0801442596674017));
#1646=DIRECTION('',(0.,-0.0801442596674025,-0.99678327516184));
#1647=DIRECTION('',(0.,0.99678327516184,-0.0801442596674025));
#1648=DIRECTION('',(0.,-0.0801442596674025,-0.99678327516184));
#1649=DIRECTION('',(0.,0.99678327516184,-0.0801442596674025));
#1650=DIRECTION('',(0.,0.0801442596674017,0.99678327516184));
#1651=DIRECTION('',(0.,-0.99678327516184,0.0801442596674017));
#1652=DIRECTION('',(0.,-0.0801442596674017,-0.99678327516184));
#1653=DIRECTION('',(0.,0.99678327516184,-0.0801442596674017));
#1654=DIRECTION('',(0.,-0.0801442596674017,-0.99678327516184));
#1655=DIRECTION('',(1.,0.,0.));
#1656=DIRECTION('',(0.,-0.0801442596674017,-0.99678327516184));
#1657=DIRECTION('',(0.,0.99678327516184,-0.0801442596674017));
#1658=DIRECTION('',(0.,0.0801442596674017,0.99678327516184));
#1659=DIRECTION('',(0.,-0.99678327516184,0.0801442596674017));
#1660=DIRECTION('',(0.,-0.080144259667408,-0.99678327516184));
#1661=DIRECTION('',(0.,0.996783275161839,-0.080144259667408));
#1662=DIRECTION('',(0.,-0.080144259667408,-0.99678327516184));
#1663=DIRECTION('',(0.,0.996783275161839,-0.080144259667408));
#1664=DIRECTION('',(0.,0.0801442596674017,0.99678327516184));
#1665=DIRECTION('',(0.,-0.99678327516184,0.0801442596674017));
#1666=DIRECTION('',(0.,-0.0801442596674017,-0.99678327516184));
#1667=DIRECTION('',(0.,0.99678327516184,-0.0801442596674017));
#1668=DIRECTION('',(0.,-0.0801442596674017,-0.99678327516184));
#1669=DIRECTION('',(1.,0.,0.));
#1670=DIRECTION('',(0.,-0.0801442596674017,-0.99678327516184));
#1671=DIRECTION('',(0.,0.99678327516184,-0.0801442596674017));
#1672=DIRECTION('',(0.,0.0801442596674017,0.99678327516184));
#1673=DIRECTION('',(0.,-0.99678327516184,0.0801442596674017));
#1674=DIRECTION('',(0.,-0.0801442596674075,-0.99678327516184));
#1675=DIRECTION('',(0.,0.99678327516184,-0.0801442596674075));
#1676=DIRECTION('',(0.,-0.0801442596674075,-0.99678327516184));
#1677=DIRECTION('',(0.,0.99678327516184,-0.0801442596674075));
#1678=DIRECTION('',(0.,0.0801442596674016,0.99678327516184));
#1679=DIRECTION('',(0.,-0.99678327516184,0.0801442596674017));
#1680=DIRECTION('',(0.,-0.0801442596674017,-0.99678327516184));
#1681=DIRECTION('',(0.,0.99678327516184,-0.0801442596674017));
#1682=DIRECTION('',(0.,-0.0801442596674017,-0.99678327516184));
#1683=DIRECTION('',(1.,0.,0.));
#1684=DIRECTION('',(0.,-0.0801442596674017,-0.99678327516184));
#1685=DIRECTION('',(0.,0.99678327516184,-0.0801442596674017));
#1686=DIRECTION('',(0.,0.0801442596674017,0.99678327516184));
#1687=DIRECTION('',(0.,-0.99678327516184,0.0801442596674017));
#1688=DIRECTION('',(0.,-0.0801442596674077,-0.996783275161839));
#1689=DIRECTION('',(0.,0.996783275161839,-0.0801442596674077));
#1690=DIRECTION('',(0.,-0.0801442596674077,-0.996783275161839));
#1691=DIRECTION('',(0.,0.996783275161839,-0.0801442596674077));
#1692=DIRECTION('',(0.,0.0801442596674016,0.99678327516184));
#1693=DIRECTION('',(0.,-0.99678327516184,0.0801442596674017));
#1694=DIRECTION('',(0.,-0.0801442596674017,-0.99678327516184));
#1695=DIRECTION('',(0.,0.99678327516184,-0.0801442596674017));
#1696=DIRECTION('',(0.,-0.0801442596674017,-0.99678327516184));
#1697=DIRECTION('',(1.,0.,0.));
#1698=DIRECTION('',(0.,-0.0801442596674017,-0.99678327516184));
#1699=DIRECTION('',(0.,0.99678327516184,-0.0801442596674017));
#1700=DIRECTION('',(0.,0.0801442596674017,0.99678327516184));
#1701=DIRECTION('',(0.,-0.99678327516184,0.0801442596674017));
#1702=DIRECTION('',(0.,-0.0801442596674077,-0.996783275161839));
#1703=DIRECTION('',(0.,0.996783275161839,-0.0801442596674077));
#1704=DIRECTION('',(0.,-0.0801442596674077,-0.996783275161839));
#1705=DIRECTION('',(0.,0.996783275161839,-0.0801442596674077));
#1706=DIRECTION('',(0.,0.0801442596674016,0.99678327516184));
#1707=DIRECTION('',(0.,-0.99678327516184,0.0801442596674017));
#1708=DIRECTION('',(0.,-0.0801442596674017,-0.99678327516184));
#1709=DIRECTION('',(0.,0.99678327516184,-0.0801442596674017));
#1710=DIRECTION('',(0.,-0.0801442596674017,-0.99678327516184));
#1711=DIRECTION('',(1.,0.,0.));
#1712=DIRECTION('',(0.,-0.0801442596674017,-0.99678327516184));
#1713=DIRECTION('',(0.,0.99678327516184,-0.0801442596674017));
#1714=DIRECTION('',(0.,0.0801442596674017,0.99678327516184));
#1715=DIRECTION('',(0.,-0.99678327516184,0.0801442596674017));
#1716=DIRECTION('',(0.,-0.0801442596674005,-0.99678327516184));
#1717=DIRECTION('',(0.,0.99678327516184,-0.0801442596674005));
#1718=DIRECTION('',(0.,-0.0801442596674005,-0.99678327516184));
#1719=DIRECTION('',(0.,0.99678327516184,-0.0801442596674005));
#1720=DIRECTION('',(0.,0.0801442596674016,0.99678327516184));
#1721=DIRECTION('',(0.,-0.99678327516184,0.0801442596674017));
#1722=DIRECTION('',(0.,-0.0801442596674017,-0.99678327516184));
#1723=DIRECTION('',(0.,0.99678327516184,-0.0801442596674017));
#1724=DIRECTION('',(0.,-0.0801442596674017,-0.99678327516184));
#1725=DIRECTION('',(1.,0.,0.));
#1726=DIRECTION('',(0.,-0.0801442596674017,-0.99678327516184));
#1727=DIRECTION('',(0.,0.99678327516184,-0.0801442596674017));
#1728=DIRECTION('',(0.,0.0801442596674017,0.99678327516184));
#1729=DIRECTION('',(0.,-0.99678327516184,0.0801442596674017));
#1730=DIRECTION('',(0.,-0.0801442596674005,-0.99678327516184));
#1731=DIRECTION('',(0.,0.99678327516184,-0.0801442596674005));
#1732=DIRECTION('',(0.,-0.0801442596674005,-0.99678327516184));
#1733=DIRECTION('',(0.,0.99678327516184,-0.0801442596674005));
#1734=DIRECTION('',(0.,0.0801442596674016,0.99678327516184));
#1735=DIRECTION('',(0.,-0.99678327516184,0.0801442596674017));
#1736=DIRECTION('',(0.,-0.0801442596674017,-0.99678327516184));
#1737=DIRECTION('',(0.,0.99678327516184,-0.0801442596674017));
#1738=DIRECTION('',(0.,-0.0801442596674017,-0.99678327516184));
#1739=DIRECTION('',(1.,0.,0.));
#1740=DIRECTION('',(0.,-0.0801442596674017,-0.99678327516184));
#1741=DIRECTION('',(0.,0.99678327516184,-0.0801442596674017));
#1742=DIRECTION('',(0.,0.0801442596674017,0.99678327516184));
#1743=DIRECTION('',(0.,-0.99678327516184,0.0801442596674017));
#1744=DIRECTION('',(0.,-0.0801442596674077,-0.996783275161839));
#1745=DIRECTION('',(0.,0.996783275161839,-0.0801442596674077));
#1746=DIRECTION('',(0.,-0.0801442596674077,-0.996783275161839));
#1747=DIRECTION('',(0.,0.996783275161839,-0.0801442596674077));
#1748=DIRECTION('',(0.,-0.0801442596674017,-0.99678327516184));
#1749=DIRECTION('',(0.,0.99678327516184,-0.0801442596674017));
#1750=DIRECTION('',(0.,-0.0801442596674017,-0.99678327516184));
#1751=DIRECTION('',(0.,0.99678327516184,-0.0801442596674017));
#1752=DIRECTION('',(0.,-0.0801442596674017,-0.99678327516184));
#1753=DIRECTION('',(1.,0.,0.));
#1754=DIRECTION('',(0.,-0.0801442596674017,-0.99678327516184));
#1755=DIRECTION('',(0.,0.99678327516184,-0.0801442596674017));
#1756=DIRECTION('',(0.,-0.0801442596674017,-0.99678327516184));
#1757=DIRECTION('',(0.,0.99678327516184,-0.0801442596674017));
#1758=DIRECTION('',(0.,-0.0801442596674017,-0.99678327516184));
#1759=DIRECTION('',(1.,0.,0.));
#1760=DIRECTION('',(1.,0.,0.));
#1761=DIRECTION('',(0.,0.,-1.));
#1762=DIRECTION('',(1.,0.,0.));
#1763=DIRECTION('',(0.,0.,-1.));
#1764=CARTESIAN_POINT('',(0.,0.,0.));
#1765=CARTESIAN_POINT('',(-0.254,0.,0.));
#1766=CARTESIAN_POINT('',(-0.254,-0.128627710526974,-0.0348031796194316));
#1767=CARTESIAN_POINT('',(-0.254,-0.00931775143396252,-0.044396045572068));
#1768=CARTESIAN_POINT('',(-0.254,-0.247937669619985,-0.0252103136667953));
#1769=CARTESIAN_POINT('',(-0.254,-0.00955818421296472,-0.0473863953975535));
#1770=CARTESIAN_POINT('',(-0.254,-0.00939789569362992,-0.0453928288472298));
#1771=CARTESIAN_POINT('',(-0.254,-0.0105549674881265,-0.0473062511378861));
#1772=CARTESIAN_POINT('',(-0.254,-0.0105549674881265,-0.0473062511378861));
#1773=CARTESIAN_POINT('',(-0.254,-0.128868143305976,-0.0377935294449172));
#1774=CARTESIAN_POINT('',(-0.254,-0.247181319123825,-0.0282808077519482));
#1775=CARTESIAN_POINT('',(-0.254,-0.247181319123825,-0.0282808077519482));
#1776=CARTESIAN_POINT('',(-0.254,-0.248017813879652,-0.0262070969419572));
#1777=CARTESIAN_POINT('',(-0.254,-0.248178102398987,-0.0282006634922808));
#1778=CARTESIAN_POINT('',(-0.204975,-0.243235312549756,-0.023080329018357));
#1779=CARTESIAN_POINT('',(-0.252,-0.243235312549756,-0.023080329018357));
#1780=CARTESIAN_POINT('',(-0.252,-0.243235312549756,-0.023080329018357));
#1781=CARTESIAN_POINT('',(-0.252,-0.243435673198925,-0.0255722872062616));
#1782=CARTESIAN_POINT('',(-0.204975,-0.243235312549756,-0.023080329018357));
#1783=CARTESIAN_POINT('',(-0.244883140648668,-0.243235312549756,-0.023080329018357));
#1784=CARTESIAN_POINT('',(-0.244883140648668,-0.243435833487444,-0.0255742807728119));
#1785=CARTESIAN_POINT('',(-0.244883140648668,-0.243435673198925,-0.0255722872062616));
#1786=CARTESIAN_POINT('',(-0.204975,-0.243435673198925,-0.0255722872062616));
#1787=CARTESIAN_POINT('',(-0.204975,-0.243235312549756,-0.023080329018357));
#1788=CARTESIAN_POINT('',(-0.204975,-0.243435673198925,-0.0255722872062616));
#1789=CARTESIAN_POINT('',(-0.239116859351332,-0.243435673198925,-0.0255722872062616));
#1790=CARTESIAN_POINT('',(-0.141250273893549,-0.243435673198925,-0.0255722872062616));
#1791=CARTESIAN_POINT('',(-0.239116859351332,-0.243435833487444,-0.0255742807728119));
#1792=CARTESIAN_POINT('',(-0.239116859351332,-0.243235312549756,-0.023080329018357));
#1793=CARTESIAN_POINT('',(-0.204975,-0.243235312549756,-0.023080329018357));
#1794=CARTESIAN_POINT('',(-0.141250273893549,-0.243235312549756,-0.023080329018357));
#1795=CARTESIAN_POINT('',(-0.141250273893549,-0.243435833487444,-0.0255742807728119));
#1796=CARTESIAN_POINT('',(-0.204975,-0.0136193872058538,-0.0415421138446971));
#1797=CARTESIAN_POINT('',(-0.141250273893549,-0.0138199081435416,-0.044036065599152));
#1798=CARTESIAN_POINT('',(-0.141250273893549,-0.0136193872058538,-0.0415421138446971));
#1799=CARTESIAN_POINT('',(-0.141250273893549,-0.0138197478550223,-0.0440340720326017));
#1800=CARTESIAN_POINT('',(-0.204975,-0.0136193872058538,-0.0415421138446971));
#1801=CARTESIAN_POINT('',(-0.239116859351332,-0.0136193872058538,-0.0415421138446971));
#1802=CARTESIAN_POINT('',(-0.239116859351332,-0.0138199081435416,-0.044036065599152));
#1803=CARTESIAN_POINT('',(-0.239116859351332,-0.0138197478550223,-0.0440340720326017));
#1804=CARTESIAN_POINT('',(-0.204975,-0.0138197478550223,-0.0440340720326017));
#1805=CARTESIAN_POINT('',(-0.204975,-0.0136193872058538,-0.0415421138446971));
#1806=CARTESIAN_POINT('',(-0.135483992596214,-0.0138199081435416,-0.044036065599152));
#1807=CARTESIAN_POINT('',(-0.135483992596214,-0.0138197478550223,-0.0440340720326017));
#1808=CARTESIAN_POINT('',(-0.135483992596214,-0.0136193872058538,-0.0415421138446971));
#1809=CARTESIAN_POINT('',(-0.204975,-0.0138197478550223,-0.0440340720326017));
#1810=CARTESIAN_POINT('',(-0.0376174071384301,-0.0138197478550223,-0.0440340720326017));
#1811=CARTESIAN_POINT('',(-0.0376174071384301,-0.0138199081435416,-0.044036065599152));
#1812=CARTESIAN_POINT('',(-0.0376174071384301,-0.0136193872058538,-0.0415421138446971));
#1813=CARTESIAN_POINT('',(-0.204975,-0.0136193872058538,-0.0415421138446971));
#1814=CARTESIAN_POINT('',(-0.204975,-0.0136193872058538,-0.0415421138446971));
#1815=CARTESIAN_POINT('',(-0.204975,-0.0136193872058538,-0.0415421138446971));
#1816=CARTESIAN_POINT('',(-0.252,-0.0136193872058538,-0.0415421138446971));
#1817=CARTESIAN_POINT('',(-0.244883140648668,-0.0136193872058538,-0.0415421138446971));
#1818=CARTESIAN_POINT('',(-0.252,-0.0136193872058538,-0.0415421138446971));
#1819=CARTESIAN_POINT('',(-0.252,-0.0138197478550223,-0.0440340720326017));
#1820=CARTESIAN_POINT('',(-0.204975,-0.0138197478550223,-0.0440340720326017));
#1821=CARTESIAN_POINT('',(-0.244883140648668,-0.0138197478550223,-0.0440340720326017));
#1822=CARTESIAN_POINT('',(-0.244883140648668,-0.0138199081435416,-0.044036065599152));
#1823=CARTESIAN_POINT('',(-0.204975,-0.243235312549756,-0.023080329018357));
#1824=CARTESIAN_POINT('',(-0.204975,-0.243435673198925,-0.0255722872062616));
#1825=CARTESIAN_POINT('',(-0.135483992596214,-0.243435673198925,-0.0255722872062616));
#1826=CARTESIAN_POINT('',(-0.0376174071384301,-0.243435673198925,-0.0255722872062616));
#1827=CARTESIAN_POINT('',(-0.135483992596214,-0.243435833487444,-0.0255742807728119));
#1828=CARTESIAN_POINT('',(-0.135483992596214,-0.243235312549756,-0.023080329018357));
#1829=CARTESIAN_POINT('',(-0.204975,-0.243235312549756,-0.023080329018357));
#1830=CARTESIAN_POINT('',(-0.0376174071384301,-0.243235312549756,-0.023080329018357));
#1831=CARTESIAN_POINT('',(-0.0376174071384301,-0.243435833487444,-0.0255742807728119));
#1832=CARTESIAN_POINT('',(-0.204975,-0.243235312549756,-0.023080329018357));
#1833=CARTESIAN_POINT('',(-0.204975,-0.243435673198925,-0.0255722872062616));
#1834=CARTESIAN_POINT('',(-0.0318511258410948,-0.243435673198925,-0.0255722872062616));
#1835=CARTESIAN_POINT('',(-0.0107068393189807,-0.243435283017278,-0.0255723185779951));
#1836=CARTESIAN_POINT('',(-0.0318511258410948,-0.243435833487444,-0.0255742807728119));
#1837=CARTESIAN_POINT('',(-0.0318511258410948,-0.243235312549756,-0.023080329018357));
#1838=CARTESIAN_POINT('',(-0.204975,-0.243235312549756,-0.023080329018357));
#1839=CARTESIAN_POINT('',(-0.0107068393189807,-0.243234922388145,-0.0230803606392863));
#1840=CARTESIAN_POINT('',(-0.0107068412369826,-0.243235312549756,-0.023080329018357));
#1841=CARTESIAN_POINT('',(-0.00918679566371744,-0.128406521849099,-0.032312896065304));
#1842=CARTESIAN_POINT('',(-0.00918679566371744,-0.128406521849099,-0.032312896065304));
#1843=CARTESIAN_POINT('',(-0.00823471146206559,-0.240749833944708,-0.0232801686903142));
#1844=CARTESIAN_POINT('',(-0.00845519616135466,-0.214697767889924,-0.0253748301867442));
#1845=CARTESIAN_POINT('',(-0.00845519616135466,-0.214898288827611,-0.0278687819411992));
#1846=CARTESIAN_POINT('',(-0.00845519616135466,-0.214898128539092,-0.0278667883746489));
#1847=CARTESIAN_POINT('',(-0.00918679566371744,-0.128606882498268,-0.0348048542532087));
#1848=CARTESIAN_POINT('',(-0.00823471146206559,-0.240950194593876,-0.0257721268782188));
#1849=CARTESIAN_POINT('',(-0.00823432533326464,-0.24074982879303,-0.023280169104524));
#1850=CARTESIAN_POINT('',(-0.00918679566371744,-0.128406521849099,-0.032312896065304));
#1851=CARTESIAN_POINT('',(-0.00918679566371744,-0.128606882498268,-0.0348048542532087));
#1852=CARTESIAN_POINT('',(-0.00850392518620446,-0.209150601020192,-0.0283289062185157));
#1853=CARTESIAN_POINT('',(-0.00916243115129254,-0.131480646257718,-0.0345737953312753));
#1854=CARTESIAN_POINT('',(-0.00850392518620446,-0.209150761308711,-0.0283308997850659));
#1855=CARTESIAN_POINT('',(-0.00850392518620446,-0.208950240371023,-0.025836948030611));
#1856=CARTESIAN_POINT('',(-0.00918679566371744,-0.128406521849099,-0.032312896065304));
#1857=CARTESIAN_POINT('',(-0.00916243115129254,-0.13128028560855,-0.0320818371433707));
#1858=CARTESIAN_POINT('',(-0.00916243115129254,-0.131480806546237,-0.0345757888978256));
#1859=CARTESIAN_POINT('',(-0.00918679566371744,-0.128406521849099,-0.032312896065304));
#1860=CARTESIAN_POINT('',(-0.00918679566371744,-0.128606882498268,-0.0348048542532087));
#1861=CARTESIAN_POINT('',(-0.00921116017614234,-0.125733118738818,-0.0350359131751421));
#1862=CARTESIAN_POINT('',(-0.00986966614123041,-0.048063163976344,-0.0412808022879017));
#1863=CARTESIAN_POINT('',(-0.00921116017614234,-0.125733279027337,-0.0350379067416924));
#1864=CARTESIAN_POINT('',(-0.00921116017614234,-0.125532758089649,-0.0325439549872375));
#1865=CARTESIAN_POINT('',(-0.00918679566371744,-0.128406521849099,-0.032312896065304));
#1866=CARTESIAN_POINT('',(-0.00986966614123041,-0.0478628033271755,-0.0387888440999971));
#1867=CARTESIAN_POINT('',(-0.00986966614123041,-0.0480633242648633,-0.041282795854452));
#1868=CARTESIAN_POINT('',(-0.00918679566371744,-0.128406521849099,-0.032312896065304));
#1869=CARTESIAN_POINT('',(-0.00918679566371744,-0.128606882498268,-0.0348048542532087));
#1870=CARTESIAN_POINT('',(-0.00991839516608022,-0.0423156364574437,-0.0417429201317685));
#1871=CARTESIAN_POINT('',(-0.0101396408425604,-0.0162635769992456,-0.0438375810978139));
#1872=CARTESIAN_POINT('',(-0.00991839516608022,-0.042315796745963,-0.0417449136983188));
#1873=CARTESIAN_POINT('',(-0.00991839516608022,-0.0421152758082752,-0.0392509619438639));
#1874=CARTESIAN_POINT('',(-0.00918679566371744,-0.128406521849099,-0.032312896065304));
#1875=CARTESIAN_POINT('',(-0.0101396408425604,-0.0160632163701131,-0.0413456231591051));
#1876=CARTESIAN_POINT('',(-0.0101392764614739,-0.0160632149932427,-0.0413456230190027));
#1877=CARTESIAN_POINT('',(-0.204975,-0.0136193872058538,-0.0415421138446971));
#1878=CARTESIAN_POINT('',(-0.0318511258410948,-0.0138199081435416,-0.044036065599152));
#1879=CARTESIAN_POINT('',(-0.0318511258410948,-0.0138197478550223,-0.0440340720326017));
#1880=CARTESIAN_POINT('',(-0.0318511258410948,-0.0136193872058538,-0.0415421138446971));
#1881=CARTESIAN_POINT('',(-0.204975,-0.0138197478550223,-0.0440340720326017));
#1882=CARTESIAN_POINT('',(-0.0126117907437142,-0.0138201162313091,-0.0440340424140823));
#1883=CARTESIAN_POINT('',(-0.0126117924618195,-0.0136193923746687,-0.0415421134291094));
#1884=CARTESIAN_POINT('',(-0.0126117907437142,-0.0136197555821406,-0.0415420842261777));
#1885=CARTESIAN_POINT('',(-0.204975,-0.0136193872058538,-0.0415421138446971));
#1886=CARTESIAN_POINT('',(-0.204975,-0.248178102398987,-0.0282006634922808));
#1887=CARTESIAN_POINT('',(-0.204975,-0.247937669619985,-0.0252103136667953));
#1888=CARTESIAN_POINT('',(-0.0106736023701094,-0.247937669619985,-0.0252103136667953));
#1889=CARTESIAN_POINT('',(-0.0106736023701094,-0.248017813879652,-0.0262070969419572));
#1890=CARTESIAN_POINT('',(-0.0106736023701094,-0.248017813879652,-0.0262070969419572));
#1891=CARTESIAN_POINT('',(-0.0106736023701094,-0.248178102398987,-0.0282006634922808));
#1892=CARTESIAN_POINT('',(-0.204975,-0.00955818421296472,-0.0473863953975535));
#1893=CARTESIAN_POINT('',(-0.397370889330295,-0.00939789569362992,-0.0453928288472298));
#1894=CARTESIAN_POINT('',(-0.0125791106696856,-0.00939790407439221,-0.0453928281733923));
#1895=CARTESIAN_POINT('',(-0.204975,-0.00931775143396252,-0.044396045572068));
#1896=CARTESIAN_POINT('',(-0.0125791106696856,-0.00931775811630185,-0.0443960450347886));
#1897=CARTESIAN_POINT('',(-0.0125791106696856,-0.00955819259372701,-0.047386394723716));
#1898=CARTESIAN_POINT('',(-0.0125791106696856,-0.00939790407439221,-0.0453928281733923));
#1899=CARTESIAN_POINT('',(-0.0125791106696856,-0.0093177598147248,-0.0443960448982305));
#1900=CARTESIAN_POINT('',(-0.0107630715564108,-0.00939790155175881,-0.0453928283762192));
#1901=CARTESIAN_POINT('',(-0.0107630715564108,-0.0093177572920914,-0.0443960451010573));
#1902=CARTESIAN_POINT('',(-0.00715140206560645,-0.0108755304596641,-0.0452740227362793));
#1903=CARTESIAN_POINT('',(-0.00715140206560645,-0.0107953861999967,-0.0442772394611174));
#1904=CARTESIAN_POINT('',(-0.00563853654625948,-0.0144629666781554,-0.0449855824835187));
#1905=CARTESIAN_POINT('',(-0.00563853654625948,-0.014382822418488,-0.0439887992083568));
#1906=CARTESIAN_POINT('',(-0.00562319230309155,-0.0162730994766881,-0.0448400425686215));
#1907=CARTESIAN_POINT('',(-0.00562319230309155,-0.0161929552170207,-0.0438432592934596));
#1908=CARTESIAN_POINT('',(-0.00562318389558401,-0.016433387925187,-0.0468336091246406));
#1909=CARTESIAN_POINT('',(-0.00562318389558401,-0.0162730994058521,-0.044840042574317));
#1910=CARTESIAN_POINT('',(-0.00562318389558401,-0.0161929551461848,-0.0438432592991551));
#1911=CARTESIAN_POINT('',(-0.00562319230309155,-0.0162730994766881,-0.0448400425686215));
#1912=CARTESIAN_POINT('',(-0.00563853654625948,-0.0144629666781553,-0.0449855824835187));
#1913=CARTESIAN_POINT('',(-0.00715140206560645,-0.0108755304596641,-0.0452740227362793));
#1914=CARTESIAN_POINT('',(-0.0107630715564108,-0.00939790155175881,-0.0453928283762192));
#1915=CARTESIAN_POINT('',(-0.0125791106696856,-0.00939790407439221,-0.0453928281733923));
#1916=CARTESIAN_POINT('',(-0.0126662405387187,-0.0163391371577521,-0.0438315058424251));
#1917=CARTESIAN_POINT('',(-0.00467042974578784,-0.128809547956677,-0.0377982406805553));
#1918=CARTESIAN_POINT('',(-0.00371768405053239,-0.241185708059469,-0.0287628722307373));
#1919=CARTESIAN_POINT('',(-0.00371768405053239,-0.241025419540134,-0.0267693056804136));
#1920=CARTESIAN_POINT('',(-0.00371768232317241,-0.240945275265916,-0.0257725224064217));
#1921=CARTESIAN_POINT('',(-0.00562318389558401,-0.0162730994058521,-0.044840042574317));
#1922=CARTESIAN_POINT('',(-0.00467042974578784,-0.128569115177675,-0.0348078908550698));
#1923=CARTESIAN_POINT('',(-0.00371768405053239,-0.241025419540134,-0.0267693056804136));
#1924=CARTESIAN_POINT('',(-0.00371768405053239,-0.240945275280467,-0.0257725224052517));
#1925=CARTESIAN_POINT('',(-0.00370216762876303,-0.242855521607983,-0.0266221601784789));
#1926=CARTESIAN_POINT('',(-0.00370216762876303,-0.242775377348316,-0.0256253769033171));
#1927=CARTESIAN_POINT('',(-0.00518751408680181,-0.246506437416203,-0.0263286159830167));
#1928=CARTESIAN_POINT('',(-0.00518751408680181,-0.246426293156536,-0.0253318327078549));
#1929=CARTESIAN_POINT('',(-0.00883752880474336,-0.248017805793968,-0.0262070975920695));
#1930=CARTESIAN_POINT('',(-0.00883752880474336,-0.247937661534301,-0.0252103143169076));
#1931=CARTESIAN_POINT('',(-0.010673602369943,-0.248017805452006,-0.0262070976195643));
#1932=CARTESIAN_POINT('',(-0.010673602369943,-0.247937661192338,-0.0252103143444024));
#1933=CARTESIAN_POINT('',(-0.010673602369943,-0.248017805452006,-0.0262070976195643));
#1934=CARTESIAN_POINT('',(-0.00883752880474336,-0.248017805793968,-0.0262070975920695));
#1935=CARTESIAN_POINT('',(-0.00518751408680181,-0.246506437416203,-0.0263286159830168));
#1936=CARTESIAN_POINT('',(-0.00370216762876303,-0.242855521607983,-0.0266221601784789));
#1937=CARTESIAN_POINT('',(-0.00371768405053239,-0.241025419540134,-0.0267693056804136));
#1938=CARTESIAN_POINT('',(-0.0107622766720334,-0.24091622531585,-0.0257748581064674));
#1939=CARTESIAN_POINT('',(-0.204975,-0.128868143305976,-0.0377935294449172));
#1940=CARTESIAN_POINT('',(-0.0125791106696856,-0.0105549674881265,-0.0473062511378861));
#1941=CARTESIAN_POINT('',(-0.0125791092761175,-0.0105549674881265,-0.0473062511378861));
#1942=CARTESIAN_POINT('',(-0.0125791092761195,-0.0105549758688879,-0.0473062504640486));
#1943=CARTESIAN_POINT('',(-0.0110190723643328,-0.0105487367305634,-0.0473067521088238));
#1944=CARTESIAN_POINT('',(-0.00793232342222688,-0.0118244298380097,-0.0472041826915726));
#1945=CARTESIAN_POINT('',(-0.0066305392641373,-0.0148932336263403,-0.0469574419869392));
#1946=CARTESIAN_POINT('',(-0.00662315660719601,-0.0164418101081062,-0.046832931956763));
#1947=CARTESIAN_POINT('',(-0.00662315660719412,-0.0164418101081063,-0.046832931956763));
#1948=CARTESIAN_POINT('',(-0.00471763988831787,-0.241194131489373,-0.0287621949625985));
#1949=CARTESIAN_POINT('',(-0.00471763988673878,-0.241194131675624,-0.0287621949476233));
#1950=CARTESIAN_POINT('',(-0.00471764834128199,-0.241194131746843,-0.0287621949418971));
#1951=CARTESIAN_POINT('',(-0.00469770793160865,-0.242765193497392,-0.0286358770310463));
#1952=CARTESIAN_POINT('',(-0.00565771799777384,-0.245104135442504,-0.0284478193305742));
#1953=CARTESIAN_POINT('',(-0.0083258105053247,-0.246866309259513,-0.028306135456568));
#1954=CARTESIAN_POINT('',(-0.00988848497050332,-0.247184387553366,-0.0282805610413342));
#1955=CARTESIAN_POINT('',(-0.010673602183098,-0.247181310696179,-0.0282808084295554));
#1956=CARTESIAN_POINT('',(-0.0106736021830961,-0.247181310696178,-0.0282808084295554));
#1957=CARTESIAN_POINT('',(-0.399276397629887,-0.247181319123825,-0.0282808077519482));
#1958=CARTESIAN_POINT('',(-0.0314626764367108,-0.0354745493671726,-0.0453026446462011));
#1959=CARTESIAN_POINT('',(-0.0314626764367108,-0.0284970664410397,-0.0458636544638729));
#1960=CARTESIAN_POINT('',(-0.0298790463471146,-0.222261737244779,-0.0302844142436332));
#1961=CARTESIAN_POINT('',(-0.0298790463471146,-0.215284254318646,-0.0308454240613051));
#1962=CARTESIAN_POINT('',(-0.242,-0.242180931065184,-0.0286828534212482));
#1963=CARTESIAN_POINT('',(-0.242,-0.239788651204796,-0.02887519964445));
#1964=CARTESIAN_POINT('',(-0.138367133244881,-0.0155553555467672,-0.0469042054685861));
#1965=CARTESIAN_POINT('',(-0.138367133244881,-0.0131630756863788,-0.0470965516917879));
#1966=CARTESIAN_POINT('',(-0.242,-0.0155553555467672,-0.0469042054685861));
#1967=CARTESIAN_POINT('',(-0.242,-0.0131630756863788,-0.0470965516917879));
#1968=CARTESIAN_POINT('',(-0.138367133244881,-0.242180931065184,-0.0286828534212482));
#1969=CARTESIAN_POINT('',(-0.138367133244881,-0.239788651204796,-0.02887519964445));
#1970=CARTESIAN_POINT('',(-0.0347342664897624,-0.242180931065184,-0.0286828534212482));
#1971=CARTESIAN_POINT('',(-0.0347342664897624,-0.239788651204796,-0.02887519964445));
#1972=CARTESIAN_POINT('',(-0.00997950711226997,-0.212277432810329,-0.0310871812112702));
#1973=CARTESIAN_POINT('',(-0.00997950711226997,-0.209885152949941,-0.031279527434472));
#1974=CARTESIAN_POINT('',(-0.0106867421022079,-0.128859950528955,-0.0377941881678967));
#1975=CARTESIAN_POINT('',(-0.0106867421022079,-0.126467670668567,-0.0379865343910985));
#1976=CARTESIAN_POINT('',(-0.0113939770921457,-0.045442468247581,-0.0445011951245231));
#1977=CARTESIAN_POINT('',(-0.0113939770921457,-0.0430501883871926,-0.0446935413477249));
#1978=CARTESIAN_POINT('',(-0.0347342664897624,-0.0155553555467672,-0.0469042054685861));
#1979=CARTESIAN_POINT('',(-0.0347342664897624,-0.0131630756863788,-0.0470965516917879));
#1980=CARTESIAN_POINT('',(-0.204975,-0.128627710526974,-0.0348031796194316));
#1981=CARTESIAN_POINT('',(-0.252,-0.0129314278048868,-0.0441054955351221));
#1982=CARTESIAN_POINT('',(-0.252,-0.0118261813046986,-0.0441943605519365));
#1983=CARTESIAN_POINT('',(-0.204975,-0.0118261813046986,-0.0441943605519365));
#1984=CARTESIAN_POINT('',(-0.0126117915156464,-0.0118265482126874,-0.0441943310514725));
#1985=CARTESIAN_POINT('',(-0.0126002426909906,-0.0162727933050163,-0.0438368400801611));
#1986=CARTESIAN_POINT('',(-0.00813971077843816,-0.0162467307472972,-0.0438389355852177));
#1987=CARTESIAN_POINT('',(-0.00718686707906354,-0.128590035496022,-0.0348062088009387));
#1988=CARTESIAN_POINT('',(-0.00623478128477739,-0.240933346725109,-0.0257734814956196));
#1989=CARTESIAN_POINT('',(-0.0106947542241892,-0.240982964170263,-0.0257694921094536));
#1990=CARTESIAN_POINT('',(-0.0107068401806255,-0.245428851162351,-0.0254120299304378));
#1991=CARTESIAN_POINT('',(-0.204975,-0.245429239749248,-0.0254119986869268));
#1992=CARTESIAN_POINT('',(-0.252,-0.245429239749248,-0.0254119986869268));
#1993=CARTESIAN_POINT('',(-0.252,-0.24432399324906,-0.0255008637037412));
#1994=CARTESIAN_POINT('',(-0.242,-0.241940498286182,-0.0256925035957627));
#1995=CARTESIAN_POINT('',(-0.138367133244881,-0.241940498286182,-0.0256925035957627));
#1996=CARTESIAN_POINT('',(-0.0347342664897624,-0.241940498286182,-0.0256925035957627));
#1997=CARTESIAN_POINT('',(-0.0106947843969017,-0.240982934347671,-0.0257694945072762));
#1998=CARTESIAN_POINT('',(-0.00997950711226997,-0.212037000031327,-0.0280968313857848));
#1999=CARTESIAN_POINT('',(-0.0106867421022079,-0.128619517749953,-0.0348038383424112));
#2000=CARTESIAN_POINT('',(-0.0113939770921457,-0.0452020354685788,-0.0415108452990376));
#2001=CARTESIAN_POINT('',(-0.01260027052908,-0.0162728212890503,-0.0438368378301638));
#2002=CARTESIAN_POINT('',(-0.0347342664897624,-0.0153149227677651,-0.0439138556431006));
#2003=CARTESIAN_POINT('',(-0.138367133244881,-0.0153149227677651,-0.0439138556431006));
#2004=CARTESIAN_POINT('',(-0.242,-0.0153149227677651,-0.0439138556431006));
#2005=CARTESIAN_POINT('',(-0.204975,-0.0105549674881265,-0.0473062511378861));
#2006=CARTESIAN_POINT('',(-0.0125791106696875,-0.0093978976393174,-0.0453928320647672));
#2007=CARTESIAN_POINT('',(-0.0125791102051648,-0.00978358823748286,-0.0460306394949859));
#2008=CARTESIAN_POINT('',(-0.0125791097406422,-0.0101692788356483,-0.0466684469252045));
#2009=CARTESIAN_POINT('',(-0.0125791092761195,-0.0105549694338138,-0.0473062543554232));
#2010=CARTESIAN_POINT('',(-0.0125791092761175,-0.0105549758688878,-0.0473062504640487));
#2011=CARTESIAN_POINT('',(-0.0110149870007954,-0.0105487203917525,-0.0473067534225115));
#2012=CARTESIAN_POINT('',(-0.00948170050364804,-0.0111818428077786,-0.0472558485482268));
#2013=CARTESIAN_POINT('',(-0.00727542873281074,-0.0133635722086832,-0.0470804311912273));
#2014=CARTESIAN_POINT('',(-0.00663053929999966,-0.0148932261036188,-0.0469574425917878));
#2015=CARTESIAN_POINT('',(-0.00662315660719412,-0.0164418101081063,-0.046832931956763));
#2016=CARTESIAN_POINT('',(-0.0125791106696856,-0.00939790407439221,-0.0453928281733923));
#2017=CARTESIAN_POINT('',(-0.0107563037302127,-0.0093903734118555,-0.0453934336604513));
#2018=CARTESIAN_POINT('',(-0.00896401716285366,-0.0101293901308728,-0.0453340145777848));
#2019=CARTESIAN_POINT('',(-0.00638432722133158,-0.0126803928657601,-0.0451289065761845));
#2020=CARTESIAN_POINT('',(-0.00563156244509396,-0.0144684056911436,-0.0449851451711359));
#2021=CARTESIAN_POINT('',(-0.00562319230309155,-0.0162730994766881,-0.0448400425686215));
#2022=CARTESIAN_POINT('',(-0.00662314818791092,-0.0164418114263103,-0.0468329318507756));
#2023=CARTESIAN_POINT('',(-0.00628982675713528,-0.0163855740861576,-0.0461686354252894));
#2024=CARTESIAN_POINT('',(-0.00595650532635964,-0.016329336746005,-0.0455043389998032));
#2025=CARTESIAN_POINT('',(-0.00562318389558401,-0.0162730994058523,-0.0448400425743169));
#2026=CARTESIAN_POINT('',(-0.00568420185187998,-0.127189357098368,-0.0379285087138327));
#2027=CARTESIAN_POINT('',(-0.00371767728689924,-0.241025419754202,-0.0267693090560532));
#2028=CARTESIAN_POINT('',(-0.00405099871714851,-0.241081657156438,-0.0274336054765477));
#2029=CARTESIAN_POINT('',(-0.00438432014739779,-0.241137894558674,-0.0280979018970422));
#2030=CARTESIAN_POINT('',(-0.00471764157764706,-0.241194131960911,-0.0287621983175367));
#2031=CARTESIAN_POINT('',(-0.00471764834128019,-0.241194131746844,-0.0287621949418971));
#2032=CARTESIAN_POINT('',(-0.00469765894389545,-0.242769053133253,-0.0286355667051546));
#2033=CARTESIAN_POINT('',(-0.0053341277678848,-0.244320252968953,-0.0285108457497311));
#2034=CARTESIAN_POINT('',(-0.00754670099576763,-0.246543035584035,-0.028332127595518));
#2035=CARTESIAN_POINT('',(-0.00910320697105499,-0.247187465040673,-0.0282803136024495));
#2036=CARTESIAN_POINT('',(-0.0106736021830961,-0.247181310696178,-0.0282808084295554));
#2037=CARTESIAN_POINT('',(-0.00371768405053239,-0.241025419540134,-0.0267693056804136));
#2038=CARTESIAN_POINT('',(-0.00369413480359351,-0.242860666776722,-0.0266217464920241));
#2039=CARTESIAN_POINT('',(-0.00443701643462645,-0.244673930422388,-0.0264759548479578));
#2040=CARTESIAN_POINT('',(-0.00702419335861589,-0.247273036824821,-0.0262669791722916));
#2041=CARTESIAN_POINT('',(-0.00884363365259263,-0.248025224326984,-0.0262065011205484));
#2042=CARTESIAN_POINT('',(-0.010673602369943,-0.248017805452005,-0.0262070976195643));
#2043=CARTESIAN_POINT('',(-0.010673602370111,-0.247181319123825,-0.0282808077519482));
#2044=CARTESIAN_POINT('',(-0.010673602370111,-0.247460150709101,-0.0275895708152845));
#2045=CARTESIAN_POINT('',(-0.010673602370111,-0.247738982294376,-0.0268983338786208));
#2046=CARTESIAN_POINT('',(-0.010673602370111,-0.248017813879652,-0.0262070969419571));
#2047=CARTESIAN_POINT('',(-0.204975,-0.247181319123825,-0.0282808077519482));
#2048=CARTESIAN_POINT('',(-0.204975,-0.0116258206555301,-0.0417024023640319));
#2049=CARTESIAN_POINT('',(-0.252,-0.0116258206555301,-0.0417024023640319));
#2050=CARTESIAN_POINT('',(-0.252,-0.0116258206555301,-0.0417024023640319));
#2051=CARTESIAN_POINT('',(-0.204975,-0.0116258206555301,-0.0417024023640319));
#2052=CARTESIAN_POINT('',(-0.0126117915156463,-0.011626187583555,-0.0417023731127637));
#2053=CARTESIAN_POINT('',(-0.0126117924618638,-0.0116258258930916,-0.0417024019429168));
#2054=CARTESIAN_POINT('',(-0.0126002426909906,-0.0160724326558478,-0.0413448818922565));
#2055=CARTESIAN_POINT('',(-0.0126002426909906,-0.0160724326558478,-0.0413448818922565));
#2056=CARTESIAN_POINT('',(-0.00813971077843816,-0.0160463700981287,-0.0413469773973132));
#2057=CARTESIAN_POINT('',(-0.00813934269150894,-0.016046367947424,-0.0413469775702361));
#2058=CARTESIAN_POINT('',(-0.00718686707906354,-0.128389674846853,-0.032314250613034));
#2059=CARTESIAN_POINT('',(-0.00718686707906354,-0.128389674846853,-0.032314250613034));
#2060=CARTESIAN_POINT('',(-0.00623478128477739,-0.240732986095977,-0.0232815235569108));
#2061=CARTESIAN_POINT('',(-0.00623439675071701,-0.240732981790841,-0.0232815236522494));
#2062=CARTESIAN_POINT('',(-0.0106947542241892,-0.240782603521094,-0.023277533921549));
#2063=CARTESIAN_POINT('',(-0.0106947542241892,-0.240782603521094,-0.0232775339215489));
#2064=CARTESIAN_POINT('',(-0.0107068401806255,-0.245228490513182,-0.0229200717425332));
#2065=CARTESIAN_POINT('',(-0.0107068412369826,-0.24522887910008,-0.0229200404990222));
#2066=CARTESIAN_POINT('',(-0.204975,-0.24522887910008,-0.0229200404990222));
#2067=CARTESIAN_POINT('',(-0.204975,-0.24522887910008,-0.0229200404990222));
#2068=CARTESIAN_POINT('',(-0.252,-0.24522887910008,-0.0229200404990222));
#2069=CARTESIAN_POINT('',(-0.252,-0.24522887910008,-0.0229200404990222));
#2070=CARTESIAN_POINT('',(-0.0106947843969017,-0.240782573698503,-0.0232775363193716));
#2071=CARTESIAN_POINT('',(-0.0106947843969017,-0.240782573698503,-0.0232775363193717));
#2072=CARTESIAN_POINT('',(-0.01260027052908,-0.0160724606398818,-0.0413448796422592));
#2073=CARTESIAN_POINT('',(-0.01260027052908,-0.0160724606398818,-0.0413448796422592));
#2074=CARTESIAN_POINT('',(-0.204975,-0.128427349877805,-0.0323112214315271));
#2075=CARTESIAN_POINT('',(-0.252,-0.128427349877805,-0.0323112214315271));
#2076=CARTESIAN_POINT('',(-0.242,-0.0151145621185966,-0.041421897455196));
#2077=CARTESIAN_POINT('',(-0.138367133244881,-0.0151145621185966,-0.041421897455196));
#2078=CARTESIAN_POINT('',(-0.0347342664897624,-0.0151145621185966,-0.041421897455196));
#2079=CARTESIAN_POINT('',(-0.0113939770921457,-0.0450016748194103,-0.039018887111133));
#2080=CARTESIAN_POINT('',(-0.0106867421022079,-0.128419157100784,-0.0323118801545066));
#2081=CARTESIAN_POINT('',(-0.00997950711226997,-0.211836639382158,-0.0256048731978801));
#2082=CARTESIAN_POINT('',(-0.0347342664897624,-0.241740137637013,-0.0232005454078581));
#2083=CARTESIAN_POINT('',(-0.138367133244881,-0.241740137637013,-0.0232005454078581));
#2084=CARTESIAN_POINT('',(-0.242,-0.241740137637013,-0.0232005454078581));
#2085=CARTESIAN_POINT('',(-0.252,-0.128427349877805,-0.0323112214315271));
#2086=CARTESIAN_POINT('',(-0.0347342664897624,-0.0153150830562844,-0.0439158492096509));
#2087=CARTESIAN_POINT('',(-0.0347342664897624,-0.0150183890069957,-0.0402257575250018));
#2088=CARTESIAN_POINT('',(-0.0347342664897624,-0.0117788433627197,-0.0404862263689209));
#2089=CARTESIAN_POINT('',(0.0262907335102411,-0.1258392185783,-0.0313154421505014));
#2090=CARTESIAN_POINT('',(-0.0347342664897624,-0.0150183890069957,-0.0402257575250018));
#2091=CARTESIAN_POINT('',(-0.0347342664897624,-0.0137724099130434,-0.040325937849586));
#2092=CARTESIAN_POINT('',(-0.0347342664897624,-0.0169979522207805,-0.0648463044214992));
#2093=CARTESIAN_POINT('',(-0.0347342664897624,-0.0154631896481497,-0.04575790470215));
#2094=CARTESIAN_POINT('',(-0.0347342664897624,-0.0142172105541975,-0.0458580850267342));
#2095=CARTESIAN_POINT('',(-0.0347342664897624,-0.0155553555467672,-0.0469042054685861));
#2096=CARTESIAN_POINT('',(-0.0113939770921457,-0.0452021957570981,-0.0415128388655879));
#2097=CARTESIAN_POINT('',(-0.0113939770921457,-0.0449055017078094,-0.0378227471809387));
#2098=CARTESIAN_POINT('',(-0.0113939770921457,-0.0416659560635334,-0.0380832160248578));
#2099=CARTESIAN_POINT('',(0.0496310229078578,-0.155726331279114,-0.0289124318064383));
#2100=CARTESIAN_POINT('',(-0.0113939770921457,-0.0449055017078094,-0.0378227471809387));
#2101=CARTESIAN_POINT('',(-0.0113939770921457,-0.0436595226138571,-0.037922927505523));
#2102=CARTESIAN_POINT('',(-0.0113939770921457,-0.0468850649215942,-0.0624432940774362));
#2103=CARTESIAN_POINT('',(-0.0113939770921457,-0.0453503023489635,-0.043354894358087));
#2104=CARTESIAN_POINT('',(-0.0113939770921457,-0.0441043232550112,-0.0434550746826713));
#2105=CARTESIAN_POINT('',(-0.0113939770921457,-0.045442468247581,-0.0445011951245231));
#2106=CARTESIAN_POINT('',(-0.0106867421022079,-0.128619678038472,-0.0348058319089615));
#2107=CARTESIAN_POINT('',(-0.0106867421022079,-0.128322983989183,-0.0311157402243123));
#2108=CARTESIAN_POINT('',(-0.0106867421022079,-0.125083438344907,-0.0313762090682314));
#2109=CARTESIAN_POINT('',(0.0503382578977957,-0.239143813560488,-0.0222054248498119));
#2110=CARTESIAN_POINT('',(-0.0106867421022079,-0.128322983989183,-0.0311157402243123));
#2111=CARTESIAN_POINT('',(-0.0106867421022079,-0.127077004895231,-0.0312159205488966));
#2112=CARTESIAN_POINT('',(-0.0106867421022079,-0.130302547202968,-0.0557362871208098));
#2113=CARTESIAN_POINT('',(-0.0106867421022079,-0.128767784630338,-0.0366478874014605));
#2114=CARTESIAN_POINT('',(-0.0106867421022079,-0.127521805536385,-0.0367480677260448));
#2115=CARTESIAN_POINT('',(-0.0106867421022079,-0.128859950528955,-0.0377941881678967));
#2116=CARTESIAN_POINT('',(-0.00997950711226997,-0.212037160319847,-0.028098824952335));
#2117=CARTESIAN_POINT('',(-0.00997950711226997,-0.211740466270558,-0.024408733267686));
#2118=CARTESIAN_POINT('',(-0.00997950711226997,-0.208500920626282,-0.024669202111605));
#2119=CARTESIAN_POINT('',(0.0510454928877336,-0.322561295841862,-0.0154984178931855));
#2120=CARTESIAN_POINT('',(-0.00997950711226997,-0.211740466270558,-0.024408733267686));
#2121=CARTESIAN_POINT('',(-0.00997950711226997,-0.210494487176605,-0.0245089135922702));
#2122=CARTESIAN_POINT('',(-0.00997950711226997,-0.213720029484343,-0.0490292801641834));
#2123=CARTESIAN_POINT('',(-0.00997950711226997,-0.212185266911711,-0.0299408804448342));
#2124=CARTESIAN_POINT('',(-0.00997950711226997,-0.210939287817759,-0.0300410607694184));
#2125=CARTESIAN_POINT('',(-0.00997950711226997,-0.212277432810329,-0.0310871812112702));
#2126=CARTESIAN_POINT('',(-0.0347342664897624,-0.241940658574702,-0.025694497162313));
#2127=CARTESIAN_POINT('',(-0.0347342664897624,-0.241643964525413,-0.0220044054776639));
#2128=CARTESIAN_POINT('',(-0.0347342664897624,-0.238404418881137,-0.022264874321583));
#2129=CARTESIAN_POINT('',(0.0262907335102411,-0.352464794096717,-0.0130940901031634));
#2130=CARTESIAN_POINT('',(-0.0347342664897624,-0.241643964525413,-0.0220044054776639));
#2131=CARTESIAN_POINT('',(-0.0347342664897624,-0.240397985431461,-0.0221045858022481));
#2132=CARTESIAN_POINT('',(-0.0347342664897624,-0.243623527739198,-0.0466249523741613));
#2133=CARTESIAN_POINT('',(-0.0347342664897624,-0.242088765166567,-0.0275365526548121));
#2134=CARTESIAN_POINT('',(-0.0347342664897624,-0.240842786072615,-0.0276367329793964));
#2135=CARTESIAN_POINT('',(-0.0347342664897624,-0.242180931065184,-0.0286828534212482));
#2136=CARTESIAN_POINT('',(-0.138367133244881,-0.241940658574702,-0.025694497162313));
#2137=CARTESIAN_POINT('',(-0.138367133244881,-0.241643964525413,-0.0220044054776639));
#2138=CARTESIAN_POINT('',(-0.138367133244881,-0.238404418881137,-0.022264874321583));
#2139=CARTESIAN_POINT('',(-0.0773421332448777,-0.352464794096717,-0.0130940901031634));
#2140=CARTESIAN_POINT('',(-0.138367133244881,-0.241643964525413,-0.0220044054776639));
#2141=CARTESIAN_POINT('',(-0.138367133244881,-0.240397985431461,-0.0221045858022481));
#2142=CARTESIAN_POINT('',(-0.138367133244881,-0.243623527739198,-0.0466249523741613));
#2143=CARTESIAN_POINT('',(-0.138367133244881,-0.242088765166567,-0.0275365526548121));
#2144=CARTESIAN_POINT('',(-0.138367133244881,-0.240842786072615,-0.0276367329793964));
#2145=CARTESIAN_POINT('',(-0.138367133244881,-0.242180931065184,-0.0286828534212482));
#2146=CARTESIAN_POINT('',(-0.242,-0.0153150830562844,-0.0439158492096509));
#2147=CARTESIAN_POINT('',(-0.242,-0.0150183890069957,-0.0402257575250018));
#2148=CARTESIAN_POINT('',(-0.242,-0.0117788433627197,-0.0404862263689209));
#2149=CARTESIAN_POINT('',(-0.180974999999996,-0.1258392185783,-0.0313154421505014));
#2150=CARTESIAN_POINT('',(-0.242,-0.0150183890069957,-0.0402257575250018));
#2151=CARTESIAN_POINT('',(-0.242,-0.0137724099130434,-0.040325937849586));
#2152=CARTESIAN_POINT('',(-0.242,-0.0169979522207805,-0.0648463044214992));
#2153=CARTESIAN_POINT('',(-0.242,-0.0154631896481497,-0.04575790470215));
#2154=CARTESIAN_POINT('',(-0.242,-0.0142172105541975,-0.0458580850267342));
#2155=CARTESIAN_POINT('',(-0.242,-0.0155553555467672,-0.0469042054685861));
#2156=CARTESIAN_POINT('',(-0.138367133244881,-0.0153150830562844,-0.0439158492096509));
#2157=CARTESIAN_POINT('',(-0.138367133244881,-0.0150183890069957,-0.0402257575250018));
#2158=CARTESIAN_POINT('',(-0.138367133244881,-0.0117788433627197,-0.0404862263689209));
#2159=CARTESIAN_POINT('',(-0.0773421332448776,-0.1258392185783,-0.0313154421505014));
#2160=CARTESIAN_POINT('',(-0.138367133244881,-0.0150183890069957,-0.0402257575250018));
#2161=CARTESIAN_POINT('',(-0.138367133244881,-0.0137724099130434,-0.040325937849586));
#2162=CARTESIAN_POINT('',(-0.138367133244881,-0.0169979522207805,-0.0648463044214992));
#2163=CARTESIAN_POINT('',(-0.138367133244881,-0.0154631896481497,-0.04575790470215));
#2164=CARTESIAN_POINT('',(-0.138367133244881,-0.0142172105541975,-0.0458580850267342));
#2165=CARTESIAN_POINT('',(-0.138367133244881,-0.0155553555467672,-0.0469042054685861));
#2166=CARTESIAN_POINT('',(-0.242,-0.241940658574702,-0.025694497162313));
#2167=CARTESIAN_POINT('',(-0.242,-0.241643964525413,-0.0220044054776639));
#2168=CARTESIAN_POINT('',(-0.242,-0.238404418881137,-0.022264874321583));
#2169=CARTESIAN_POINT('',(-0.180974999999996,-0.352464794096717,-0.0130940901031634));
#2170=CARTESIAN_POINT('',(-0.242,-0.241643964525413,-0.0220044054776639));
#2171=CARTESIAN_POINT('',(-0.242,-0.240397985431461,-0.0221045858022481));
#2172=CARTESIAN_POINT('',(-0.242,-0.243623527739198,-0.0466249523741613));
#2173=CARTESIAN_POINT('',(-0.242,-0.242088765166567,-0.0275365526548121));
#2174=CARTESIAN_POINT('',(-0.242,-0.240842786072615,-0.0276367329793964));
#2175=CARTESIAN_POINT('',(-0.242,-0.242180931065184,-0.0286828534212482));
#2176=CARTESIAN_POINT('',(-0.0298790463471146,-0.222181592985112,-0.0292876309684715));
#2177=CARTESIAN_POINT('',(-0.0298790463471146,-0.222181592985112,-0.0292876309684715));
#2178=CARTESIAN_POINT('',(-0.0298790463471146,-0.215204110058979,-0.0298486407861433));
#2179=CARTESIAN_POINT('',(-0.204974906718541,-0.128788066498768,-0.0367967407463823));
#2180=CARTESIAN_POINT('',(-0.0314626764367108,-0.0353944051075051,-0.0443058613710392));
#2181=CARTESIAN_POINT('',(-0.0314626764367108,-0.0353944051075051,-0.0443058613710392));
#2182=CARTESIAN_POINT('',(-0.0314626764367108,-0.0284169221813722,-0.044866871188711));
#2183=CARTESIAN_POINT('',(-0.204974906718541,-0.128788066498768,-0.0367967407463823));
#2184=CARTESIAN_POINT('',(-0.252,-0.242320386757375,-0.000581281824695183));
#2185=CARTESIAN_POINT('',(-0.252,-0.0109278213132017,-0.0191859136560761));
#2186=MECHANICAL_DESIGN_GEOMETRIC_PRESENTATION_REPRESENTATION('',(#1250),
#2187);
#2187=(
GEOMETRIC_REPRESENTATION_CONTEXT(3)
GLOBAL_UNCERTAINTY_ASSIGNED_CONTEXT((#2188))
GLOBAL_UNIT_ASSIGNED_CONTEXT((#2191,#2190,#2189))
REPRESENTATION_CONTEXT('Bottom-Right','TOP_LEVEL_ASSEMBLY_PART')
);
#2188=UNCERTAINTY_MEASURE_WITH_UNIT(LENGTH_MEASURE(2.E-5),#2191,
'DISTANCE_ACCURACY_VALUE','Maximum Tolerance applied to model');
#2189=(
NAMED_UNIT(*)
SI_UNIT($,.STERADIAN.)
SOLID_ANGLE_UNIT()
);
#2190=(
NAMED_UNIT(*)
PLANE_ANGLE_UNIT()
SI_UNIT($,.RADIAN.)
);
#2191=(
LENGTH_UNIT()
NAMED_UNIT(*)
SI_UNIT($,.METRE.)
);
#2192=PRODUCT_DEFINITION_SHAPE('','',#2193);
#2193=PRODUCT_DEFINITION('','',#2195,#2194);
#2194=PRODUCT_DEFINITION_CONTEXT('',#2201,'design');
#2195=PRODUCT_DEFINITION_FORMATION_WITH_SPECIFIED_SOURCE('','',#2197,
 .NOT_KNOWN.);
#2196=PRODUCT_RELATED_PRODUCT_CATEGORY('','',(#2197));
#2197=PRODUCT('Bottom-Right','Bottom-Right','Bottom-Right',(#2199));
#2198=PRODUCT_CATEGORY('','');
#2199=PRODUCT_CONTEXT('',#2201,'mechanical');
#2200=APPLICATION_PROTOCOL_DEFINITION('international standard',
'ap242_managed_model_based_3d_engineering',2020,#2201);
#2201=APPLICATION_CONTEXT('managed model based 3d engineering');
ENDSEC;
END-ISO-10303-21;
