ISO-10303-21;
HEADER;
/* Generated by software containing ST-Developer
 * from STEP Tools, Inc. (www.steptools.com) 
 */
/* OPTION: using custom renumber hook */

FILE_DESCRIPTION(
/* description */ ('STEP AP242 Edition 2',
'CAx-IF Rec.Pracs.---Representation and Presentation of Product Manufa
cturing Information (PMI)---4.0---2014-10-13',
'CAx-IF Rec.Pracs.---3D Tessellated Geometry---0.4---2014-09-14','2;1',
'CAx-IF Rec.Pracs.---User Defined Attributes---1.5---2016-08-15'),
/* implementation_level */ '2;1');

FILE_NAME(
/* name */ 'Casing - Bottom-Left',
/* time_stamp */ '2026-09-30T14:45:13Z',
/* author */ (''),
/* organization */ (''),
/* preprocessor_version */ 'ST-DEVELOPER v20',
/* originating_system */ 'ONSHAPE BY PTC INC, 1.221',
/* authorisation */ '  ');

FILE_SCHEMA (('AP242_MANAGED_MODEL_BASED_3D_ENGINEERING_MIM_LF { 1 0 10303 442 3 1 4 }'));
ENDSEC;

DATA;
#10=SHAPE_REPRESENTATION_RELATIONSHIP('','',#1210,#11);
#11=ADVANCED_BREP_SHAPE_REPRESENTATION('',(#1208),#2083);
#12=ELLIPSE('',#1271,0.00708868967155536,0.00699997031569861);
#13=ELLIPSE('',#1273,0.00708712888061721,0.00699993661972775);
#14=B_SPLINE_SURFACE_WITH_KNOTS('',3,1,((#1796,#1797),(#1798,#1799),(#1800,
#1801),(#1802,#1803),(#1804,#1805)),.SURF_OF_LINEAR_EXTRUSION.,.F.,.F.,
 .F.,(4,1,4),(2,2),(0.375204913976077,0.499999999994054,0.62479508601203),
(0.,1.),.UNSPECIFIED.);
#15=B_SPLINE_SURFACE_WITH_KNOTS('',3,1,((#1821,#1822),(#1823,#1824),(#1825,
#1826),(#1827,#1828),(#1829,#1830)),.SURF_OF_LINEAR_EXTRUSION.,.F.,.F.,
 .F.,(4,1,4),(2,2),(0.876538978991285,1.00000000000034,1.1234610210094),
(0.,1.),.UNSPECIFIED.);
#16=B_SPLINE_SURFACE_WITH_KNOTS('',1,3,((#1840,#1841,#1842,#1843,#1844,
#1845),(#1846,#1847,#1848,#1849,#1850,#1851)),.RULED_SURF.,.F.,.F.,.F.,
(2,2),(4,2,4),(0.,1.),(0.,0.00463019740890978,0.00926039481781957),
 .UNSPECIFIED.);
#17=B_SPLINE_SURFACE_WITH_KNOTS('',1,3,((#1862,#1863,#1864,#1865,#1866,
#1867),(#1868,#1869,#1870,#1871,#1872,#1873)),.RULED_SURF.,.F.,.F.,.F.,
(2,2),(4,2,4),(0.,1.),(0.,0.00468065800339663,0.00936131600679325),
 .UNSPECIFIED.);
#18=CONICAL_SURFACE('',#1257,0.0024,0.785398163397453);
#19=CONICAL_SURFACE('',#1259,0.0024,0.785398163397453);
#20=CONICAL_SURFACE('',#1261,0.0024,0.785398163397452);
#21=CONICAL_SURFACE('',#1263,0.0024,0.785398163397455);
#22=CONICAL_SURFACE('',#1265,0.0024,0.785398163397452);
#23=CONICAL_SURFACE('',#1267,0.00239999999999997,0.785398163397448);
#24=CONICAL_SURFACE('',#1269,0.00239999999999997,0.785398163397448);
#25=B_SPLINE_CURVE_WITH_KNOTS('',3,(#1755,#1756,#1757,#1758),
 .UNSPECIFIED.,.F.,.F.,(4,4),(0.,1.),.UNSPECIFIED.);
#26=B_SPLINE_CURVE_WITH_KNOTS('',3,(#1763,#1764,#1765,#1766),
 .UNSPECIFIED.,.F.,.F.,(4,4),(0.,1.),.UNSPECIFIED.);
#27=B_SPLINE_CURVE_WITH_KNOTS('',3,(#1808,#1809,#1810,#1811,#1812),
 .UNSPECIFIED.,.F.,.F.,(4,1,4),(0.,0.5,1.),.UNSPECIFIED.);
#28=B_SPLINE_CURVE_WITH_KNOTS('',3,(#1834,#1835,#1836,#1837,#1838),
 .UNSPECIFIED.,.F.,.F.,(4,1,4),(0.,0.5,1.),.UNSPECIFIED.);
#29=B_SPLINE_CURVE_WITH_KNOTS('',3,(#1852,#1853,#1854,#1855),
 .UNSPECIFIED.,.F.,.F.,(4,4),(0.,1.),.UNSPECIFIED.);
#30=B_SPLINE_CURVE_WITH_KNOTS('',3,(#1857,#1858,#1859,#1860,#1861),
 .UNSPECIFIED.,.F.,.F.,(4,1,4),(0.,0.5,1.),.UNSPECIFIED.);
#31=B_SPLINE_CURVE_WITH_KNOTS('',3,(#1874,#1875,#1876,#1877,#1878,#1879),
 .UNSPECIFIED.,.F.,.F.,(4,1,1,4),(0.,0.5,0.75,1.),.UNSPECIFIED.);
#32=B_SPLINE_CURVE_WITH_KNOTS('',3,(#1881,#1882,#1883,#1884),
 .UNSPECIFIED.,.F.,.F.,(4,4),(0.,1.),.UNSPECIFIED.);
#33=CYLINDRICAL_SURFACE('',#1217,0.00124999999999997);
#34=CYLINDRICAL_SURFACE('',#1220,0.00124999999999997);
#35=CYLINDRICAL_SURFACE('',#1223,0.00124999999999997);
#36=CYLINDRICAL_SURFACE('',#1226,0.00124999999999997);
#37=CYLINDRICAL_SURFACE('',#1229,0.00124999999999997);
#38=CYLINDRICAL_SURFACE('',#1232,0.00124999999999997);
#39=CYLINDRICAL_SURFACE('',#1235,0.00124999999999997);
#40=CYLINDRICAL_SURFACE('',#1253,0.007);
#41=CYLINDRICAL_SURFACE('',#1255,0.007);
#42=CYLINDRICAL_SURFACE('',#1274,0.00325);
#43=CYLINDRICAL_SURFACE('',#1278,0.00325);
#44=CYLINDRICAL_SURFACE('',#1282,0.00246027759452337);
#45=CYLINDRICAL_SURFACE('',#1286,0.00325);
#46=CYLINDRICAL_SURFACE('',#1290,0.00325);
#47=CYLINDRICAL_SURFACE('',#1294,0.00325);
#48=CYLINDRICAL_SURFACE('',#1298,0.00245990074562048);
#49=CYLINDRICAL_SURFACE('',#1302,0.00325);
#50=CYLINDRICAL_SURFACE('',#1306,0.00325);
#51=CYLINDRICAL_SURFACE('',#1309,0.00445986087103793);
#52=CYLINDRICAL_SURFACE('',#1313,0.00446024045165143);
#53=CIRCLE('',#1214,0.007);
#54=CIRCLE('',#1216,0.007);
#55=CIRCLE('',#1218,0.00124999999999997);
#56=CIRCLE('',#1219,0.00124999999999997);
#57=CIRCLE('',#1221,0.00124999999999997);
#58=CIRCLE('',#1222,0.00124999999999997);
#59=CIRCLE('',#1224,0.00124999999999997);
#60=CIRCLE('',#1225,0.00124999999999997);
#61=CIRCLE('',#1227,0.00124999999999997);
#62=CIRCLE('',#1228,0.00124999999999997);
#63=CIRCLE('',#1230,0.00124999999999997);
#64=CIRCLE('',#1231,0.00124999999999997);
#65=CIRCLE('',#1233,0.00124999999999997);
#66=CIRCLE('',#1234,0.00124999999999997);
#67=CIRCLE('',#1236,0.00124999999999997);
#68=CIRCLE('',#1237,0.00124999999999997);
#69=CIRCLE('',#1239,0.00325);
#70=CIRCLE('',#1241,0.00325);
#71=CIRCLE('',#1243,0.00325);
#72=CIRCLE('',#1245,0.00325);
#73=CIRCLE('',#1247,0.00325);
#74=CIRCLE('',#1249,0.00325);
#75=CIRCLE('',#1251,0.00325);
#76=CIRCLE('',#1254,0.007);
#77=CIRCLE('',#1256,0.007);
#78=CIRCLE('',#1258,0.00239999999999995);
#79=CIRCLE('',#1260,0.00239999999999995);
#80=CIRCLE('',#1262,0.0024);
#81=CIRCLE('',#1264,0.0024);
#82=CIRCLE('',#1266,0.0024);
#83=CIRCLE('',#1268,0.00239999999999997);
#84=CIRCLE('',#1270,0.00239999999999997);
#85=CIRCLE('',#1275,0.00325);
#86=CIRCLE('',#1276,0.00325);
#87=CIRCLE('',#1279,0.00325);
#88=CIRCLE('',#1280,0.00325);
#89=CIRCLE('',#1283,0.00246027759452337);
#90=CIRCLE('',#1284,0.00246027759452337);
#91=CIRCLE('',#1287,0.00325);
#92=CIRCLE('',#1288,0.00325);
#93=CIRCLE('',#1291,0.00325);
#94=CIRCLE('',#1292,0.00325);
#95=CIRCLE('',#1295,0.00325);
#96=CIRCLE('',#1296,0.00325);
#97=CIRCLE('',#1299,0.00245990074562048);
#98=CIRCLE('',#1300,0.00245990074562048);
#99=CIRCLE('',#1303,0.00325);
#100=CIRCLE('',#1304,0.00325);
#101=CIRCLE('',#1307,0.00325);
#102=CIRCLE('',#1308,0.00325);
#103=CIRCLE('',#1310,0.00445986087103793);
#104=CIRCLE('',#1311,0.00445986087103793);
#105=CIRCLE('',#1314,0.00446024045165143);
#106=CIRCLE('',#1315,0.00446024045165143);
#107=ORIENTED_EDGE('',*,*,#417,.T.);
#108=ORIENTED_EDGE('',*,*,#418,.T.);
#109=ORIENTED_EDGE('',*,*,#419,.T.);
#110=ORIENTED_EDGE('',*,*,#420,.T.);
#111=ORIENTED_EDGE('',*,*,#421,.F.);
#112=ORIENTED_EDGE('',*,*,#422,.F.);
#113=ORIENTED_EDGE('',*,*,#423,.F.);
#114=ORIENTED_EDGE('',*,*,#424,.T.);
#115=ORIENTED_EDGE('',*,*,#425,.T.);
#116=ORIENTED_EDGE('',*,*,#426,.T.);
#117=ORIENTED_EDGE('',*,*,#427,.T.);
#118=ORIENTED_EDGE('',*,*,#428,.T.);
#119=ORIENTED_EDGE('',*,*,#429,.T.);
#120=ORIENTED_EDGE('',*,*,#430,.T.);
#121=ORIENTED_EDGE('',*,*,#431,.T.);
#122=ORIENTED_EDGE('',*,*,#432,.T.);
#123=ORIENTED_EDGE('',*,*,#433,.T.);
#124=ORIENTED_EDGE('',*,*,#434,.T.);
#125=ORIENTED_EDGE('',*,*,#435,.T.);
#126=ORIENTED_EDGE('',*,*,#436,.T.);
#127=ORIENTED_EDGE('',*,*,#437,.T.);
#128=ORIENTED_EDGE('',*,*,#438,.T.);
#129=ORIENTED_EDGE('',*,*,#439,.T.);
#130=ORIENTED_EDGE('',*,*,#440,.T.);
#131=ORIENTED_EDGE('',*,*,#440,.F.);
#132=ORIENTED_EDGE('',*,*,#441,.F.);
#133=ORIENTED_EDGE('',*,*,#438,.F.);
#134=ORIENTED_EDGE('',*,*,#442,.F.);
#135=ORIENTED_EDGE('',*,*,#436,.F.);
#136=ORIENTED_EDGE('',*,*,#443,.F.);
#137=ORIENTED_EDGE('',*,*,#434,.F.);
#138=ORIENTED_EDGE('',*,*,#444,.F.);
#139=ORIENTED_EDGE('',*,*,#432,.F.);
#140=ORIENTED_EDGE('',*,*,#445,.F.);
#141=ORIENTED_EDGE('',*,*,#430,.F.);
#142=ORIENTED_EDGE('',*,*,#446,.F.);
#143=ORIENTED_EDGE('',*,*,#428,.F.);
#144=ORIENTED_EDGE('',*,*,#447,.F.);
#145=ORIENTED_EDGE('',*,*,#448,.T.);
#146=ORIENTED_EDGE('',*,*,#449,.F.);
#147=ORIENTED_EDGE('',*,*,#450,.F.);
#148=ORIENTED_EDGE('',*,*,#451,.F.);
#149=ORIENTED_EDGE('',*,*,#425,.F.);
#150=ORIENTED_EDGE('',*,*,#452,.T.);
#151=ORIENTED_EDGE('',*,*,#426,.F.);
#152=ORIENTED_EDGE('',*,*,#453,.T.);
#153=ORIENTED_EDGE('',*,*,#427,.F.);
#154=ORIENTED_EDGE('',*,*,#454,.F.);
#155=ORIENTED_EDGE('',*,*,#429,.F.);
#156=ORIENTED_EDGE('',*,*,#455,.F.);
#157=ORIENTED_EDGE('',*,*,#431,.F.);
#158=ORIENTED_EDGE('',*,*,#456,.F.);
#159=ORIENTED_EDGE('',*,*,#433,.F.);
#160=ORIENTED_EDGE('',*,*,#457,.F.);
#161=ORIENTED_EDGE('',*,*,#435,.F.);
#162=ORIENTED_EDGE('',*,*,#458,.F.);
#163=ORIENTED_EDGE('',*,*,#437,.F.);
#164=ORIENTED_EDGE('',*,*,#459,.F.);
#165=ORIENTED_EDGE('',*,*,#439,.F.);
#166=ORIENTED_EDGE('',*,*,#460,.F.);
#167=ORIENTED_EDGE('',*,*,#461,.F.);
#168=ORIENTED_EDGE('',*,*,#462,.T.);
#169=ORIENTED_EDGE('',*,*,#463,.T.);
#170=ORIENTED_EDGE('',*,*,#464,.T.);
#171=ORIENTED_EDGE('',*,*,#465,.F.);
#172=ORIENTED_EDGE('',*,*,#451,.T.);
#173=ORIENTED_EDGE('',*,*,#461,.T.);
#174=ORIENTED_EDGE('',*,*,#466,.T.);
#175=ORIENTED_EDGE('',*,*,#467,.F.);
#176=ORIENTED_EDGE('',*,*,#468,.T.);
#177=ORIENTED_EDGE('',*,*,#465,.T.);
#178=ORIENTED_EDGE('',*,*,#469,.T.);
#179=ORIENTED_EDGE('',*,*,#470,.T.);
#180=ORIENTED_EDGE('',*,*,#471,.F.);
#181=ORIENTED_EDGE('',*,*,#448,.F.);
#182=ORIENTED_EDGE('',*,*,#468,.F.);
#183=ORIENTED_EDGE('',*,*,#450,.T.);
#184=ORIENTED_EDGE('',*,*,#472,.F.);
#185=ORIENTED_EDGE('',*,*,#473,.F.);
#186=ORIENTED_EDGE('',*,*,#462,.F.);
#187=ORIENTED_EDGE('',*,*,#441,.T.);
#188=ORIENTED_EDGE('',*,*,#474,.T.);
#189=ORIENTED_EDGE('',*,*,#475,.T.);
#190=ORIENTED_EDGE('',*,*,#476,.F.);
#191=ORIENTED_EDGE('',*,*,#477,.T.);
#192=ORIENTED_EDGE('',*,*,#478,.F.);
#193=ORIENTED_EDGE('',*,*,#479,.T.);
#194=ORIENTED_EDGE('',*,*,#475,.F.);
#195=ORIENTED_EDGE('',*,*,#480,.F.);
#196=ORIENTED_EDGE('',*,*,#442,.T.);
#197=ORIENTED_EDGE('',*,*,#481,.T.);
#198=ORIENTED_EDGE('',*,*,#482,.T.);
#199=ORIENTED_EDGE('',*,*,#483,.F.);
#200=ORIENTED_EDGE('',*,*,#478,.T.);
#201=ORIENTED_EDGE('',*,*,#482,.F.);
#202=ORIENTED_EDGE('',*,*,#484,.F.);
#203=ORIENTED_EDGE('',*,*,#485,.T.);
#204=ORIENTED_EDGE('',*,*,#486,.T.);
#205=ORIENTED_EDGE('',*,*,#487,.T.);
#206=ORIENTED_EDGE('',*,*,#485,.F.);
#207=ORIENTED_EDGE('',*,*,#488,.F.);
#208=ORIENTED_EDGE('',*,*,#489,.T.);
#209=ORIENTED_EDGE('',*,*,#490,.F.);
#210=ORIENTED_EDGE('',*,*,#491,.T.);
#211=ORIENTED_EDGE('',*,*,#489,.F.);
#212=ORIENTED_EDGE('',*,*,#492,.F.);
#213=ORIENTED_EDGE('',*,*,#443,.T.);
#214=ORIENTED_EDGE('',*,*,#493,.T.);
#215=ORIENTED_EDGE('',*,*,#494,.T.);
#216=ORIENTED_EDGE('',*,*,#495,.F.);
#217=ORIENTED_EDGE('',*,*,#490,.T.);
#218=ORIENTED_EDGE('',*,*,#496,.F.);
#219=ORIENTED_EDGE('',*,*,#497,.T.);
#220=ORIENTED_EDGE('',*,*,#494,.F.);
#221=ORIENTED_EDGE('',*,*,#498,.F.);
#222=ORIENTED_EDGE('',*,*,#444,.T.);
#223=ORIENTED_EDGE('',*,*,#499,.T.);
#224=ORIENTED_EDGE('',*,*,#500,.T.);
#225=ORIENTED_EDGE('',*,*,#501,.F.);
#226=ORIENTED_EDGE('',*,*,#496,.T.);
#227=ORIENTED_EDGE('',*,*,#502,.F.);
#228=ORIENTED_EDGE('',*,*,#503,.T.);
#229=ORIENTED_EDGE('',*,*,#500,.F.);
#230=ORIENTED_EDGE('',*,*,#504,.F.);
#231=ORIENTED_EDGE('',*,*,#445,.T.);
#232=ORIENTED_EDGE('',*,*,#505,.T.);
#233=ORIENTED_EDGE('',*,*,#506,.T.);
#234=ORIENTED_EDGE('',*,*,#507,.F.);
#235=ORIENTED_EDGE('',*,*,#502,.T.);
#236=ORIENTED_EDGE('',*,*,#506,.F.);
#237=ORIENTED_EDGE('',*,*,#508,.F.);
#238=ORIENTED_EDGE('',*,*,#509,.T.);
#239=ORIENTED_EDGE('',*,*,#510,.T.);
#240=ORIENTED_EDGE('',*,*,#511,.T.);
#241=ORIENTED_EDGE('',*,*,#509,.F.);
#242=ORIENTED_EDGE('',*,*,#512,.F.);
#243=ORIENTED_EDGE('',*,*,#513,.T.);
#244=ORIENTED_EDGE('',*,*,#514,.T.);
#245=ORIENTED_EDGE('',*,*,#515,.T.);
#246=ORIENTED_EDGE('',*,*,#516,.F.);
#247=ORIENTED_EDGE('',*,*,#513,.F.);
#248=ORIENTED_EDGE('',*,*,#515,.F.);
#249=ORIENTED_EDGE('',*,*,#517,.T.);
#250=ORIENTED_EDGE('',*,*,#518,.F.);
#251=ORIENTED_EDGE('',*,*,#519,.F.);
#252=ORIENTED_EDGE('',*,*,#446,.T.);
#253=ORIENTED_EDGE('',*,*,#520,.T.);
#254=ORIENTED_EDGE('',*,*,#521,.T.);
#255=ORIENTED_EDGE('',*,*,#522,.F.);
#256=ORIENTED_EDGE('',*,*,#518,.T.);
#257=ORIENTED_EDGE('',*,*,#521,.F.);
#258=ORIENTED_EDGE('',*,*,#523,.T.);
#259=ORIENTED_EDGE('',*,*,#524,.F.);
#260=ORIENTED_EDGE('',*,*,#525,.F.);
#261=ORIENTED_EDGE('',*,*,#447,.T.);
#262=ORIENTED_EDGE('',*,*,#526,.F.);
#263=ORIENTED_EDGE('',*,*,#527,.F.);
#264=ORIENTED_EDGE('',*,*,#528,.T.);
#265=ORIENTED_EDGE('',*,*,#529,.T.);
#266=ORIENTED_EDGE('',*,*,#530,.F.);
#267=ORIENTED_EDGE('',*,*,#529,.F.);
#268=ORIENTED_EDGE('',*,*,#531,.T.);
#269=ORIENTED_EDGE('',*,*,#532,.T.);
#270=ORIENTED_EDGE('',*,*,#533,.F.);
#271=ORIENTED_EDGE('',*,*,#532,.F.);
#272=ORIENTED_EDGE('',*,*,#534,.T.);
#273=ORIENTED_EDGE('',*,*,#535,.T.);
#274=ORIENTED_EDGE('',*,*,#536,.T.);
#275=ORIENTED_EDGE('',*,*,#537,.T.);
#276=ORIENTED_EDGE('',*,*,#538,.F.);
#277=ORIENTED_EDGE('',*,*,#534,.F.);
#278=ORIENTED_EDGE('',*,*,#531,.F.);
#279=ORIENTED_EDGE('',*,*,#528,.F.);
#280=ORIENTED_EDGE('',*,*,#539,.T.);
#281=ORIENTED_EDGE('',*,*,#540,.T.);
#282=ORIENTED_EDGE('',*,*,#541,.F.);
#283=ORIENTED_EDGE('',*,*,#523,.F.);
#284=ORIENTED_EDGE('',*,*,#520,.F.);
#285=ORIENTED_EDGE('',*,*,#517,.F.);
#286=ORIENTED_EDGE('',*,*,#514,.F.);
#287=ORIENTED_EDGE('',*,*,#512,.T.);
#288=ORIENTED_EDGE('',*,*,#508,.T.);
#289=ORIENTED_EDGE('',*,*,#505,.F.);
#290=ORIENTED_EDGE('',*,*,#504,.T.);
#291=ORIENTED_EDGE('',*,*,#499,.F.);
#292=ORIENTED_EDGE('',*,*,#498,.T.);
#293=ORIENTED_EDGE('',*,*,#493,.F.);
#294=ORIENTED_EDGE('',*,*,#492,.T.);
#295=ORIENTED_EDGE('',*,*,#488,.T.);
#296=ORIENTED_EDGE('',*,*,#484,.T.);
#297=ORIENTED_EDGE('',*,*,#481,.F.);
#298=ORIENTED_EDGE('',*,*,#480,.T.);
#299=ORIENTED_EDGE('',*,*,#474,.F.);
#300=ORIENTED_EDGE('',*,*,#542,.T.);
#301=ORIENTED_EDGE('',*,*,#543,.T.);
#302=ORIENTED_EDGE('',*,*,#539,.F.);
#303=ORIENTED_EDGE('',*,*,#527,.T.);
#304=ORIENTED_EDGE('',*,*,#544,.F.);
#305=ORIENTED_EDGE('',*,*,#545,.F.);
#306=ORIENTED_EDGE('',*,*,#535,.F.);
#307=ORIENTED_EDGE('',*,*,#538,.T.);
#308=ORIENTED_EDGE('',*,*,#419,.F.);
#309=ORIENTED_EDGE('',*,*,#546,.T.);
#310=ORIENTED_EDGE('',*,*,#547,.T.);
#311=ORIENTED_EDGE('',*,*,#548,.F.);
#312=ORIENTED_EDGE('',*,*,#417,.F.);
#313=ORIENTED_EDGE('',*,*,#549,.F.);
#314=ORIENTED_EDGE('',*,*,#469,.F.);
#315=ORIENTED_EDGE('',*,*,#466,.F.);
#316=ORIENTED_EDGE('',*,*,#464,.F.);
#317=ORIENTED_EDGE('',*,*,#550,.F.);
#318=ORIENTED_EDGE('',*,*,#551,.F.);
#319=ORIENTED_EDGE('',*,*,#542,.F.);
#320=ORIENTED_EDGE('',*,*,#526,.T.);
#321=ORIENTED_EDGE('',*,*,#530,.T.);
#322=ORIENTED_EDGE('',*,*,#533,.T.);
#323=ORIENTED_EDGE('',*,*,#545,.T.);
#324=ORIENTED_EDGE('',*,*,#552,.F.);
#325=ORIENTED_EDGE('',*,*,#553,.F.);
#326=ORIENTED_EDGE('',*,*,#476,.T.);
#327=ORIENTED_EDGE('',*,*,#479,.F.);
#328=ORIENTED_EDGE('',*,*,#483,.T.);
#329=ORIENTED_EDGE('',*,*,#486,.F.);
#330=ORIENTED_EDGE('',*,*,#487,.F.);
#331=ORIENTED_EDGE('',*,*,#491,.F.);
#332=ORIENTED_EDGE('',*,*,#495,.T.);
#333=ORIENTED_EDGE('',*,*,#497,.F.);
#334=ORIENTED_EDGE('',*,*,#501,.T.);
#335=ORIENTED_EDGE('',*,*,#503,.F.);
#336=ORIENTED_EDGE('',*,*,#507,.T.);
#337=ORIENTED_EDGE('',*,*,#510,.F.);
#338=ORIENTED_EDGE('',*,*,#511,.F.);
#339=ORIENTED_EDGE('',*,*,#516,.T.);
#340=ORIENTED_EDGE('',*,*,#519,.T.);
#341=ORIENTED_EDGE('',*,*,#522,.T.);
#342=ORIENTED_EDGE('',*,*,#525,.T.);
#343=ORIENTED_EDGE('',*,*,#554,.T.);
#344=ORIENTED_EDGE('',*,*,#555,.F.);
#345=ORIENTED_EDGE('',*,*,#421,.T.);
#346=ORIENTED_EDGE('',*,*,#556,.F.);
#347=ORIENTED_EDGE('',*,*,#473,.T.);
#348=ORIENTED_EDGE('',*,*,#557,.F.);
#349=ORIENTED_EDGE('',*,*,#423,.T.);
#350=ORIENTED_EDGE('',*,*,#558,.F.);
#351=ORIENTED_EDGE('',*,*,#470,.F.);
#352=ORIENTED_EDGE('',*,*,#460,.T.);
#353=ORIENTED_EDGE('',*,*,#459,.T.);
#354=ORIENTED_EDGE('',*,*,#458,.T.);
#355=ORIENTED_EDGE('',*,*,#457,.T.);
#356=ORIENTED_EDGE('',*,*,#456,.T.);
#357=ORIENTED_EDGE('',*,*,#455,.T.);
#358=ORIENTED_EDGE('',*,*,#454,.T.);
#359=ORIENTED_EDGE('',*,*,#453,.F.);
#360=ORIENTED_EDGE('',*,*,#452,.F.);
#361=ORIENTED_EDGE('',*,*,#558,.T.);
#362=ORIENTED_EDGE('',*,*,#422,.T.);
#363=ORIENTED_EDGE('',*,*,#555,.T.);
#364=ORIENTED_EDGE('',*,*,#472,.T.);
#365=ORIENTED_EDGE('',*,*,#449,.T.);
#366=ORIENTED_EDGE('',*,*,#471,.T.);
#367=ORIENTED_EDGE('',*,*,#424,.F.);
#368=ORIENTED_EDGE('',*,*,#557,.T.);
#369=ORIENTED_EDGE('',*,*,#467,.T.);
#370=ORIENTED_EDGE('',*,*,#549,.T.);
#371=ORIENTED_EDGE('',*,*,#420,.F.);
#372=ORIENTED_EDGE('',*,*,#550,.T.);
#373=ORIENTED_EDGE('',*,*,#463,.F.);
#374=ORIENTED_EDGE('',*,*,#556,.T.);
#375=ORIENTED_EDGE('',*,*,#553,.T.);
#376=ORIENTED_EDGE('',*,*,#559,.T.);
#377=ORIENTED_EDGE('',*,*,#536,.F.);
#378=ORIENTED_EDGE('',*,*,#477,.F.);
#379=ORIENTED_EDGE('',*,*,#560,.F.);
#380=ORIENTED_EDGE('',*,*,#554,.F.);
#381=ORIENTED_EDGE('',*,*,#524,.T.);
#382=ORIENTED_EDGE('',*,*,#541,.T.);
#383=ORIENTED_EDGE('',*,*,#551,.T.);
#384=ORIENTED_EDGE('',*,*,#560,.T.);
#385=ORIENTED_EDGE('',*,*,#540,.F.);
#386=ORIENTED_EDGE('',*,*,#543,.F.);
#387=ORIENTED_EDGE('',*,*,#544,.T.);
#388=ORIENTED_EDGE('',*,*,#537,.F.);
#389=ORIENTED_EDGE('',*,*,#559,.F.);
#390=ORIENTED_EDGE('',*,*,#552,.T.);
#391=ORIENTED_EDGE('',*,*,#561,.T.);
#392=ORIENTED_EDGE('',*,*,#562,.T.);
#393=ORIENTED_EDGE('',*,*,#563,.T.);
#394=ORIENTED_EDGE('',*,*,#564,.T.);
#395=ORIENTED_EDGE('',*,*,#418,.F.);
#396=ORIENTED_EDGE('',*,*,#565,.F.);
#397=ORIENTED_EDGE('',*,*,#566,.F.);
#398=ORIENTED_EDGE('',*,*,#567,.T.);
#399=ORIENTED_EDGE('',*,*,#568,.F.);
#400=ORIENTED_EDGE('',*,*,#564,.F.);
#401=ORIENTED_EDGE('',*,*,#569,.F.);
#402=ORIENTED_EDGE('',*,*,#566,.T.);
#403=ORIENTED_EDGE('',*,*,#569,.T.);
#404=ORIENTED_EDGE('',*,*,#563,.F.);
#405=ORIENTED_EDGE('',*,*,#570,.F.);
#406=ORIENTED_EDGE('',*,*,#546,.F.);
#407=ORIENTED_EDGE('',*,*,#567,.F.);
#408=ORIENTED_EDGE('',*,*,#565,.T.);
#409=ORIENTED_EDGE('',*,*,#548,.T.);
#410=ORIENTED_EDGE('',*,*,#571,.F.);
#411=ORIENTED_EDGE('',*,*,#561,.F.);
#412=ORIENTED_EDGE('',*,*,#568,.T.);
#413=ORIENTED_EDGE('',*,*,#570,.T.);
#414=ORIENTED_EDGE('',*,*,#562,.F.);
#415=ORIENTED_EDGE('',*,*,#571,.T.);
#416=ORIENTED_EDGE('',*,*,#547,.F.);
#417=EDGE_CURVE('',#572,#573,#684,.T.);
#418=EDGE_CURVE('',#573,#574,#685,.T.);
#419=EDGE_CURVE('',#574,#575,#686,.T.);
#420=EDGE_CURVE('',#575,#576,#687,.T.);
#421=EDGE_CURVE('',#577,#576,#688,.T.);
#422=EDGE_CURVE('',#578,#577,#689,.T.);
#423=EDGE_CURVE('',#579,#578,#690,.T.);
#424=EDGE_CURVE('',#579,#572,#691,.T.);
#425=EDGE_CURVE('',#580,#580,#53,.T.);
#426=EDGE_CURVE('',#581,#581,#54,.T.);
#427=EDGE_CURVE('',#582,#582,#55,.T.);
#428=EDGE_CURVE('',#583,#583,#56,.F.);
#429=EDGE_CURVE('',#584,#584,#57,.T.);
#430=EDGE_CURVE('',#585,#585,#58,.F.);
#431=EDGE_CURVE('',#586,#586,#59,.T.);
#432=EDGE_CURVE('',#587,#587,#60,.F.);
#433=EDGE_CURVE('',#588,#588,#61,.T.);
#434=EDGE_CURVE('',#589,#589,#62,.F.);
#435=EDGE_CURVE('',#590,#590,#63,.T.);
#436=EDGE_CURVE('',#591,#591,#64,.F.);
#437=EDGE_CURVE('',#592,#592,#65,.T.);
#438=EDGE_CURVE('',#593,#593,#66,.F.);
#439=EDGE_CURVE('',#594,#594,#67,.T.);
#440=EDGE_CURVE('',#595,#595,#68,.F.);
#441=EDGE_CURVE('',#596,#596,#69,.T.);
#442=EDGE_CURVE('',#597,#597,#70,.T.);
#443=EDGE_CURVE('',#598,#598,#71,.T.);
#444=EDGE_CURVE('',#599,#599,#72,.T.);
#445=EDGE_CURVE('',#600,#600,#73,.T.);
#446=EDGE_CURVE('',#601,#601,#74,.T.);
#447=EDGE_CURVE('',#602,#602,#75,.T.);
#448=EDGE_CURVE('',#603,#604,#25,.T.);
#449=EDGE_CURVE('',#605,#604,#692,.T.);
#450=EDGE_CURVE('',#606,#605,#26,.F.);
#451=EDGE_CURVE('',#603,#606,#693,.T.);
#452=EDGE_CURVE('',#607,#607,#76,.T.);
#453=EDGE_CURVE('',#608,#608,#77,.T.);
#454=EDGE_CURVE('',#609,#609,#78,.F.);
#455=EDGE_CURVE('',#610,#610,#79,.F.);
#456=EDGE_CURVE('',#611,#611,#80,.F.);
#457=EDGE_CURVE('',#612,#612,#81,.F.);
#458=EDGE_CURVE('',#613,#613,#82,.F.);
#459=EDGE_CURVE('',#614,#614,#83,.F.);
#460=EDGE_CURVE('',#615,#615,#84,.F.);
#461=EDGE_CURVE('',#606,#616,#694,.T.);
#462=EDGE_CURVE('',#606,#617,#27,.T.);
#463=EDGE_CURVE('',#617,#618,#695,.T.);
#464=EDGE_CURVE('',#618,#616,#12,.T.);
#465=EDGE_CURVE('',#603,#619,#696,.T.);
#466=EDGE_CURVE('',#616,#619,#697,.T.);
#467=EDGE_CURVE('',#620,#621,#698,.T.);
#468=EDGE_CURVE('',#620,#603,#28,.T.);
#469=EDGE_CURVE('',#619,#621,#13,.T.);
#470=EDGE_CURVE('',#620,#622,#29,.F.);
#471=EDGE_CURVE('',#604,#622,#30,.T.);
#472=EDGE_CURVE('',#623,#605,#31,.T.);
#473=EDGE_CURVE('',#617,#623,#32,.T.);
#474=EDGE_CURVE('',#624,#625,#85,.F.);
#475=EDGE_CURVE('',#625,#626,#699,.F.);
#476=EDGE_CURVE('',#627,#626,#86,.T.);
#477=EDGE_CURVE('',#627,#624,#700,.T.);
#478=EDGE_CURVE('',#628,#629,#701,.T.);
#479=EDGE_CURVE('',#628,#626,#702,.T.);
#480=EDGE_CURVE('',#629,#625,#703,.T.);
#481=EDGE_CURVE('',#629,#630,#87,.F.);
#482=EDGE_CURVE('',#630,#631,#704,.F.);
#483=EDGE_CURVE('',#628,#631,#88,.T.);
#484=EDGE_CURVE('',#632,#630,#705,.T.);
#485=EDGE_CURVE('',#632,#633,#706,.T.);
#486=EDGE_CURVE('',#633,#631,#707,.T.);
#487=EDGE_CURVE('',#634,#633,#89,.T.);
#488=EDGE_CURVE('',#635,#632,#90,.T.);
#489=EDGE_CURVE('',#635,#634,#708,.T.);
#490=EDGE_CURVE('',#636,#637,#709,.T.);
#491=EDGE_CURVE('',#636,#634,#710,.T.);
#492=EDGE_CURVE('',#637,#635,#711,.T.);
#493=EDGE_CURVE('',#637,#638,#91,.F.);
#494=EDGE_CURVE('',#638,#639,#712,.F.);
#495=EDGE_CURVE('',#636,#639,#92,.T.);
#496=EDGE_CURVE('',#640,#641,#713,.T.);
#497=EDGE_CURVE('',#640,#639,#714,.T.);
#498=EDGE_CURVE('',#641,#638,#715,.T.);
#499=EDGE_CURVE('',#641,#642,#93,.F.);
#500=EDGE_CURVE('',#642,#643,#716,.F.);
#501=EDGE_CURVE('',#640,#643,#94,.T.);
#502=EDGE_CURVE('',#644,#645,#717,.T.);
#503=EDGE_CURVE('',#644,#643,#718,.T.);
#504=EDGE_CURVE('',#645,#642,#719,.T.);
#505=EDGE_CURVE('',#645,#646,#95,.F.);
#506=EDGE_CURVE('',#646,#647,#720,.F.);
#507=EDGE_CURVE('',#644,#647,#96,.T.);
#508=EDGE_CURVE('',#648,#646,#721,.T.);
#509=EDGE_CURVE('',#648,#649,#722,.T.);
#510=EDGE_CURVE('',#649,#647,#723,.T.);
#511=EDGE_CURVE('',#650,#649,#97,.T.);
#512=EDGE_CURVE('',#651,#648,#98,.T.);
#513=EDGE_CURVE('',#651,#650,#724,.T.);
#514=EDGE_CURVE('',#651,#652,#725,.T.);
#515=EDGE_CURVE('',#652,#653,#726,.F.);
#516=EDGE_CURVE('',#650,#653,#727,.T.);
#517=EDGE_CURVE('',#652,#654,#99,.F.);
#518=EDGE_CURVE('',#655,#654,#728,.T.);
#519=EDGE_CURVE('',#653,#655,#100,.T.);
#520=EDGE_CURVE('',#654,#656,#729,.T.);
#521=EDGE_CURVE('',#656,#657,#730,.F.);
#522=EDGE_CURVE('',#655,#657,#731,.T.);
#523=EDGE_CURVE('',#656,#658,#101,.F.);
#524=EDGE_CURVE('',#659,#658,#732,.T.);
#525=EDGE_CURVE('',#657,#659,#102,.T.);
#526=EDGE_CURVE('',#660,#661,#103,.T.);
#527=EDGE_CURVE('',#662,#660,#733,.T.);
#528=EDGE_CURVE('',#662,#663,#104,.T.);
#529=EDGE_CURVE('',#663,#661,#734,.T.);
#530=EDGE_CURVE('',#661,#664,#735,.T.);
#531=EDGE_CURVE('',#663,#665,#736,.T.);
#532=EDGE_CURVE('',#665,#664,#737,.T.);
#533=EDGE_CURVE('',#664,#666,#105,.T.);
#534=EDGE_CURVE('',#665,#667,#106,.T.);
#535=EDGE_CURVE('',#667,#666,#738,.T.);
#536=EDGE_CURVE('',#624,#668,#739,.T.);
#537=EDGE_CURVE('',#668,#669,#740,.T.);
#538=EDGE_CURVE('',#667,#669,#741,.T.);
#539=EDGE_CURVE('',#662,#670,#742,.T.);
#540=EDGE_CURVE('',#670,#671,#743,.T.);
#541=EDGE_CURVE('',#658,#671,#744,.T.);
#542=EDGE_CURVE('',#660,#672,#745,.T.);
#543=EDGE_CURVE('',#672,#670,#746,.T.);
#544=EDGE_CURVE('',#673,#669,#747,.T.);
#545=EDGE_CURVE('',#666,#673,#748,.T.);
#546=EDGE_CURVE('',#574,#674,#749,.T.);
#547=EDGE_CURVE('',#674,#675,#750,.T.);
#548=EDGE_CURVE('',#573,#675,#751,.T.);
#549=EDGE_CURVE('',#621,#572,#752,.T.);
#550=EDGE_CURVE('',#575,#618,#753,.T.);
#551=EDGE_CURVE('',#672,#676,#754,.T.);
#552=EDGE_CURVE('',#677,#673,#755,.T.);
#553=EDGE_CURVE('',#627,#677,#756,.T.);
#554=EDGE_CURVE('',#659,#676,#757,.T.);
#555=EDGE_CURVE('',#577,#623,#758,.T.);
#556=EDGE_CURVE('',#617,#576,#759,.T.);
#557=EDGE_CURVE('',#579,#620,#760,.T.);
#558=EDGE_CURVE('',#622,#578,#761,.T.);
#559=EDGE_CURVE('',#677,#668,#762,.T.);
#560=EDGE_CURVE('',#676,#671,#763,.T.);
#561=EDGE_CURVE('',#678,#679,#764,.T.);
#562=EDGE_CURVE('',#679,#680,#765,.T.);
#563=EDGE_CURVE('',#680,#681,#766,.T.);
#564=EDGE_CURVE('',#681,#678,#767,.T.);
#565=EDGE_CURVE('',#682,#573,#768,.T.);
#566=EDGE_CURVE('',#683,#682,#769,.T.);
#567=EDGE_CURVE('',#683,#574,#770,.T.);
#568=EDGE_CURVE('',#678,#682,#771,.T.);
#569=EDGE_CURVE('',#683,#681,#772,.T.);
#570=EDGE_CURVE('',#674,#680,#773,.F.);
#571=EDGE_CURVE('',#679,#675,#774,.T.);
#572=VERTEX_POINT('',#1677);
#573=VERTEX_POINT('',#1678);
#574=VERTEX_POINT('',#1680);
#575=VERTEX_POINT('',#1682);
#576=VERTEX_POINT('',#1684);
#577=VERTEX_POINT('',#1686);
#578=VERTEX_POINT('',#1688);
#579=VERTEX_POINT('',#1690);
#580=VERTEX_POINT('',#1694);
#581=VERTEX_POINT('',#1697);
#582=VERTEX_POINT('',#1700);
#583=VERTEX_POINT('',#1702);
#584=VERTEX_POINT('',#1705);
#585=VERTEX_POINT('',#1707);
#586=VERTEX_POINT('',#1710);
#587=VERTEX_POINT('',#1712);
#588=VERTEX_POINT('',#1715);
#589=VERTEX_POINT('',#1717);
#590=VERTEX_POINT('',#1720);
#591=VERTEX_POINT('',#1722);
#592=VERTEX_POINT('',#1725);
#593=VERTEX_POINT('',#1727);
#594=VERTEX_POINT('',#1730);
#595=VERTEX_POINT('',#1732);
#596=VERTEX_POINT('',#1735);
#597=VERTEX_POINT('',#1738);
#598=VERTEX_POINT('',#1741);
#599=VERTEX_POINT('',#1744);
#600=VERTEX_POINT('',#1747);
#601=VERTEX_POINT('',#1750);
#602=VERTEX_POINT('',#1753);
#603=VERTEX_POINT('',#1759);
#604=VERTEX_POINT('',#1760);
#605=VERTEX_POINT('',#1762);
#606=VERTEX_POINT('',#1767);
#607=VERTEX_POINT('',#1771);
#608=VERTEX_POINT('',#1774);
#609=VERTEX_POINT('',#1777);
#610=VERTEX_POINT('',#1780);
#611=VERTEX_POINT('',#1783);
#612=VERTEX_POINT('',#1786);
#613=VERTEX_POINT('',#1789);
#614=VERTEX_POINT('',#1792);
#615=VERTEX_POINT('',#1795);
#616=VERTEX_POINT('',#1807);
#617=VERTEX_POINT('',#1813);
#618=VERTEX_POINT('',#1815);
#619=VERTEX_POINT('',#1819);
#620=VERTEX_POINT('',#1832);
#621=VERTEX_POINT('',#1833);
#622=VERTEX_POINT('',#1856);
#623=VERTEX_POINT('',#1880);
#624=VERTEX_POINT('',#1887);
#625=VERTEX_POINT('',#1888);
#626=VERTEX_POINT('',#1890);
#627=VERTEX_POINT('',#1892);
#628=VERTEX_POINT('',#1896);
#629=VERTEX_POINT('',#1897);
#630=VERTEX_POINT('',#1902);
#631=VERTEX_POINT('',#1904);
#632=VERTEX_POINT('',#1908);
#633=VERTEX_POINT('',#1910);
#634=VERTEX_POINT('',#1914);
#635=VERTEX_POINT('',#1916);
#636=VERTEX_POINT('',#1920);
#637=VERTEX_POINT('',#1921);
#638=VERTEX_POINT('',#1926);
#639=VERTEX_POINT('',#1928);
#640=VERTEX_POINT('',#1932);
#641=VERTEX_POINT('',#1933);
#642=VERTEX_POINT('',#1938);
#643=VERTEX_POINT('',#1940);
#644=VERTEX_POINT('',#1944);
#645=VERTEX_POINT('',#1945);
#646=VERTEX_POINT('',#1950);
#647=VERTEX_POINT('',#1952);
#648=VERTEX_POINT('',#1956);
#649=VERTEX_POINT('',#1958);
#650=VERTEX_POINT('',#1962);
#651=VERTEX_POINT('',#1964);
#652=VERTEX_POINT('',#1968);
#653=VERTEX_POINT('',#1970);
#654=VERTEX_POINT('',#1974);
#655=VERTEX_POINT('',#1976);
#656=VERTEX_POINT('',#1980);
#657=VERTEX_POINT('',#1982);
#658=VERTEX_POINT('',#1986);
#659=VERTEX_POINT('',#1988);
#660=VERTEX_POINT('',#1992);
#661=VERTEX_POINT('',#1993);
#662=VERTEX_POINT('',#1995);
#663=VERTEX_POINT('',#1997);
#664=VERTEX_POINT('',#2001);
#665=VERTEX_POINT('',#2003);
#666=VERTEX_POINT('',#2007);
#667=VERTEX_POINT('',#2009);
#668=VERTEX_POINT('',#2013);
#669=VERTEX_POINT('',#2015);
#670=VERTEX_POINT('',#2018);
#671=VERTEX_POINT('',#2020);
#672=VERTEX_POINT('',#2024);
#673=VERTEX_POINT('',#2028);
#674=VERTEX_POINT('',#2032);
#675=VERTEX_POINT('',#2034);
#676=VERTEX_POINT('',#2039);
#677=VERTEX_POINT('',#2041);
#678=VERTEX_POINT('',#2061);
#679=VERTEX_POINT('',#2062);
#680=VERTEX_POINT('',#2064);
#681=VERTEX_POINT('',#2066);
#682=VERTEX_POINT('',#2070);
#683=VERTEX_POINT('',#2072);
#684=LINE('',#1676,#775);
#685=LINE('',#1679,#776);
#686=LINE('',#1681,#777);
#687=LINE('',#1683,#778);
#688=LINE('',#1685,#779);
#689=LINE('',#1687,#780);
#690=LINE('',#1689,#781);
#691=LINE('',#1691,#782);
#692=LINE('',#1761,#783);
#693=LINE('',#1768,#784);
#694=LINE('',#1806,#785);
#695=LINE('',#1814,#786);
#696=LINE('',#1818,#787);
#697=LINE('',#1820,#788);
#698=LINE('',#1831,#789);
#699=LINE('',#1889,#790);
#700=LINE('',#1893,#791);
#701=LINE('',#1895,#792);
#702=LINE('',#1898,#793);
#703=LINE('',#1899,#794);
#704=LINE('',#1903,#795);
#705=LINE('',#1907,#796);
#706=LINE('',#1909,#797);
#707=LINE('',#1911,#798);
#708=LINE('',#1917,#799);
#709=LINE('',#1919,#800);
#710=LINE('',#1922,#801);
#711=LINE('',#1923,#802);
#712=LINE('',#1927,#803);
#713=LINE('',#1931,#804);
#714=LINE('',#1934,#805);
#715=LINE('',#1935,#806);
#716=LINE('',#1939,#807);
#717=LINE('',#1943,#808);
#718=LINE('',#1946,#809);
#719=LINE('',#1947,#810);
#720=LINE('',#1951,#811);
#721=LINE('',#1955,#812);
#722=LINE('',#1957,#813);
#723=LINE('',#1959,#814);
#724=LINE('',#1965,#815);
#725=LINE('',#1967,#816);
#726=LINE('',#1969,#817);
#727=LINE('',#1971,#818);
#728=LINE('',#1975,#819);
#729=LINE('',#1979,#820);
#730=LINE('',#1981,#821);
#731=LINE('',#1983,#822);
#732=LINE('',#1987,#823);
#733=LINE('',#1994,#824);
#734=LINE('',#1998,#825);
#735=LINE('',#2000,#826);
#736=LINE('',#2002,#827);
#737=LINE('',#2004,#828);
#738=LINE('',#2010,#829);
#739=LINE('',#2012,#830);
#740=LINE('',#2014,#831);
#741=LINE('',#2016,#832);
#742=LINE('',#2017,#833);
#743=LINE('',#2019,#834);
#744=LINE('',#2021,#835);
#745=LINE('',#2023,#836);
#746=LINE('',#2025,#837);
#747=LINE('',#2027,#838);
#748=LINE('',#2029,#839);
#749=LINE('',#2031,#840);
#750=LINE('',#2033,#841);
#751=LINE('',#2035,#842);
#752=LINE('',#2036,#843);
#753=LINE('',#2037,#844);
#754=LINE('',#2038,#845);
#755=LINE('',#2040,#846);
#756=LINE('',#2042,#847);
#757=LINE('',#2043,#848);
#758=LINE('',#2045,#849);
#759=LINE('',#2046,#850);
#760=LINE('',#2048,#851);
#761=LINE('',#2049,#852);
#762=LINE('',#2054,#853);
#763=LINE('',#2056,#854);
#764=LINE('',#2060,#855);
#765=LINE('',#2063,#856);
#766=LINE('',#2065,#857);
#767=LINE('',#2067,#858);
#768=LINE('',#2069,#859);
#769=LINE('',#2071,#860);
#770=LINE('',#2073,#861);
#771=LINE('',#2075,#862);
#772=LINE('',#2076,#863);
#773=LINE('',#2078,#864);
#774=LINE('',#2080,#865);
#775=VECTOR('',#1339,1.);
#776=VECTOR('',#1340,1.);
#777=VECTOR('',#1341,1.);
#778=VECTOR('',#1342,1.);
#779=VECTOR('',#1343,1.);
#780=VECTOR('',#1344,1.);
#781=VECTOR('',#1345,1.);
#782=VECTOR('',#1346,1.);
#783=VECTOR('',#1427,1.);
#784=VECTOR('',#1428,1.);
#785=VECTOR('',#1465,1.);
#786=VECTOR('',#1466,1.);
#787=VECTOR('',#1471,1.);
#788=VECTOR('',#1472,1.);
#789=VECTOR('',#1473,1.);
#790=VECTOR('',#1480,1.);
#791=VECTOR('',#1483,1.);
#792=VECTOR('',#1486,1.);
#793=VECTOR('',#1487,1.);
#794=VECTOR('',#1488,1.);
#795=VECTOR('',#1493,1.);
#796=VECTOR('',#1498,1.);
#797=VECTOR('',#1499,1.);
#798=VECTOR('',#1500,1.);
#799=VECTOR('',#1507,1.);
#800=VECTOR('',#1510,1.);
#801=VECTOR('',#1511,1.);
#802=VECTOR('',#1512,1.);
#803=VECTOR('',#1517,1.);
#804=VECTOR('',#1522,1.);
#805=VECTOR('',#1523,1.);
#806=VECTOR('',#1524,1.);
#807=VECTOR('',#1529,1.);
#808=VECTOR('',#1534,1.);
#809=VECTOR('',#1535,1.);
#810=VECTOR('',#1536,1.);
#811=VECTOR('',#1541,1.);
#812=VECTOR('',#1546,1.);
#813=VECTOR('',#1547,1.);
#814=VECTOR('',#1548,1.);
#815=VECTOR('',#1555,1.);
#816=VECTOR('',#1558,1.);
#817=VECTOR('',#1559,1.);
#818=VECTOR('',#1560,1.);
#819=VECTOR('',#1565,1.);
#820=VECTOR('',#1570,1.);
#821=VECTOR('',#1571,1.);
#822=VECTOR('',#1572,1.);
#823=VECTOR('',#1577,1.);
#824=VECTOR('',#1584,1.);
#825=VECTOR('',#1587,1.);
#826=VECTOR('',#1590,1.);
#827=VECTOR('',#1591,1.);
#828=VECTOR('',#1592,1.);
#829=VECTOR('',#1599,1.);
#830=VECTOR('',#1602,1.);
#831=VECTOR('',#1603,1.);
#832=VECTOR('',#1604,1.);
#833=VECTOR('',#1605,1.);
#834=VECTOR('',#1606,1.);
#835=VECTOR('',#1607,1.);
#836=VECTOR('',#1610,1.);
#837=VECTOR('',#1611,1.);
#838=VECTOR('',#1614,1.);
#839=VECTOR('',#1615,1.);
#840=VECTOR('',#1618,1.);
#841=VECTOR('',#1619,1.);
#842=VECTOR('',#1620,1.);
#843=VECTOR('',#1621,1.);
#844=VECTOR('',#1622,1.);
#845=VECTOR('',#1623,1.);
#846=VECTOR('',#1624,1.);
#847=VECTOR('',#1625,1.);
#848=VECTOR('',#1626,1.);
#849=VECTOR('',#1629,1.);
#850=VECTOR('',#1630,1.);
#851=VECTOR('',#1633,1.);
#852=VECTOR('',#1634,1.);
#853=VECTOR('',#1643,1.);
#854=VECTOR('',#1646,1.);
#855=VECTOR('',#1653,1.);
#856=VECTOR('',#1654,1.);
#857=VECTOR('',#1655,1.);
#858=VECTOR('',#1656,1.);
#859=VECTOR('',#1659,1.);
#860=VECTOR('',#1660,1.);
#861=VECTOR('',#1661,1.);
#862=VECTOR('',#1664,1.);
#863=VECTOR('',#1665,1.);
#864=VECTOR('',#1668,1.);
#865=VECTOR('',#1671,1.);
#866=EDGE_LOOP('',(#107,#108,#109,#110,#111,#112,#113,#114));
#867=EDGE_LOOP('',(#115));
#868=EDGE_LOOP('',(#116));
#869=EDGE_LOOP('',(#117));
#870=EDGE_LOOP('',(#118));
#871=EDGE_LOOP('',(#119));
#872=EDGE_LOOP('',(#120));
#873=EDGE_LOOP('',(#121));
#874=EDGE_LOOP('',(#122));
#875=EDGE_LOOP('',(#123));
#876=EDGE_LOOP('',(#124));
#877=EDGE_LOOP('',(#125));
#878=EDGE_LOOP('',(#126));
#879=EDGE_LOOP('',(#127));
#880=EDGE_LOOP('',(#128));
#881=EDGE_LOOP('',(#129));
#882=EDGE_LOOP('',(#130));
#883=EDGE_LOOP('',(#131));
#884=EDGE_LOOP('',(#132));
#885=EDGE_LOOP('',(#133));
#886=EDGE_LOOP('',(#134));
#887=EDGE_LOOP('',(#135));
#888=EDGE_LOOP('',(#136));
#889=EDGE_LOOP('',(#137));
#890=EDGE_LOOP('',(#138));
#891=EDGE_LOOP('',(#139));
#892=EDGE_LOOP('',(#140));
#893=EDGE_LOOP('',(#141));
#894=EDGE_LOOP('',(#142));
#895=EDGE_LOOP('',(#143));
#896=EDGE_LOOP('',(#144));
#897=EDGE_LOOP('',(#145,#146,#147,#148));
#898=EDGE_LOOP('',(#149));
#899=EDGE_LOOP('',(#150));
#900=EDGE_LOOP('',(#151));
#901=EDGE_LOOP('',(#152));
#902=EDGE_LOOP('',(#153));
#903=EDGE_LOOP('',(#154));
#904=EDGE_LOOP('',(#155));
#905=EDGE_LOOP('',(#156));
#906=EDGE_LOOP('',(#157));
#907=EDGE_LOOP('',(#158));
#908=EDGE_LOOP('',(#159));
#909=EDGE_LOOP('',(#160));
#910=EDGE_LOOP('',(#161));
#911=EDGE_LOOP('',(#162));
#912=EDGE_LOOP('',(#163));
#913=EDGE_LOOP('',(#164));
#914=EDGE_LOOP('',(#165));
#915=EDGE_LOOP('',(#166));
#916=EDGE_LOOP('',(#167,#168,#169,#170));
#917=EDGE_LOOP('',(#171,#172,#173,#174));
#918=EDGE_LOOP('',(#175,#176,#177,#178));
#919=EDGE_LOOP('',(#179,#180,#181,#182));
#920=EDGE_LOOP('',(#183,#184,#185,#186));
#921=EDGE_LOOP('',(#187));
#922=EDGE_LOOP('',(#188,#189,#190,#191));
#923=EDGE_LOOP('',(#192,#193,#194,#195));
#924=EDGE_LOOP('',(#196));
#925=EDGE_LOOP('',(#197,#198,#199,#200));
#926=EDGE_LOOP('',(#201,#202,#203,#204));
#927=EDGE_LOOP('',(#205,#206,#207,#208));
#928=EDGE_LOOP('',(#209,#210,#211,#212));
#929=EDGE_LOOP('',(#213));
#930=EDGE_LOOP('',(#214,#215,#216,#217));
#931=EDGE_LOOP('',(#218,#219,#220,#221));
#932=EDGE_LOOP('',(#222));
#933=EDGE_LOOP('',(#223,#224,#225,#226));
#934=EDGE_LOOP('',(#227,#228,#229,#230));
#935=EDGE_LOOP('',(#231));
#936=EDGE_LOOP('',(#232,#233,#234,#235));
#937=EDGE_LOOP('',(#236,#237,#238,#239));
#938=EDGE_LOOP('',(#240,#241,#242,#243));
#939=EDGE_LOOP('',(#244,#245,#246,#247));
#940=EDGE_LOOP('',(#248,#249,#250,#251));
#941=EDGE_LOOP('',(#252));
#942=EDGE_LOOP('',(#253,#254,#255,#256));
#943=EDGE_LOOP('',(#257,#258,#259,#260));
#944=EDGE_LOOP('',(#261));
#945=EDGE_LOOP('',(#262,#263,#264,#265));
#946=EDGE_LOOP('',(#266,#267,#268,#269));
#947=EDGE_LOOP('',(#270,#271,#272,#273));
#948=EDGE_LOOP('',(#274,#275,#276,#277,#278,#279,#280,#281,#282,#283,#284,
#285,#286,#287,#288,#289,#290,#291,#292,#293,#294,#295,#296,#297,#298,#299));
#949=EDGE_LOOP('',(#300,#301,#302,#303));
#950=EDGE_LOOP('',(#304,#305,#306,#307));
#951=EDGE_LOOP('',(#308,#309,#310,#311,#312,#313,#314,#315,#316,#317));
#952=EDGE_LOOP('',(#318,#319,#320,#321,#322,#323,#324,#325,#326,#327,#328,
#329,#330,#331,#332,#333,#334,#335,#336,#337,#338,#339,#340,#341,#342,#343));
#953=EDGE_LOOP('',(#344,#345,#346,#347));
#954=EDGE_LOOP('',(#348,#349,#350,#351));
#955=EDGE_LOOP('',(#352));
#956=EDGE_LOOP('',(#353));
#957=EDGE_LOOP('',(#354));
#958=EDGE_LOOP('',(#355));
#959=EDGE_LOOP('',(#356));
#960=EDGE_LOOP('',(#357));
#961=EDGE_LOOP('',(#358));
#962=EDGE_LOOP('',(#359));
#963=EDGE_LOOP('',(#360));
#964=EDGE_LOOP('',(#361,#362,#363,#364,#365,#366));
#965=EDGE_LOOP('',(#367,#368,#369,#370));
#966=EDGE_LOOP('',(#371,#372,#373,#374));
#967=EDGE_LOOP('',(#375,#376,#377,#378));
#968=EDGE_LOOP('',(#379,#380,#381,#382));
#969=EDGE_LOOP('',(#383,#384,#385,#386));
#970=EDGE_LOOP('',(#387,#388,#389,#390));
#971=EDGE_LOOP('',(#391,#392,#393,#394));
#972=EDGE_LOOP('',(#395,#396,#397,#398));
#973=EDGE_LOOP('',(#399,#400,#401,#402));
#974=EDGE_LOOP('',(#403,#404,#405,#406,#407));
#975=EDGE_LOOP('',(#408,#409,#410,#411,#412));
#976=EDGE_LOOP('',(#413,#414,#415,#416));
#977=FACE_BOUND('',#866,.T.);
#978=FACE_BOUND('',#867,.T.);
#979=FACE_BOUND('',#868,.T.);
#980=FACE_BOUND('',#869,.T.);
#981=FACE_BOUND('',#870,.T.);
#982=FACE_BOUND('',#871,.T.);
#983=FACE_BOUND('',#872,.T.);
#984=FACE_BOUND('',#873,.T.);
#985=FACE_BOUND('',#874,.T.);
#986=FACE_BOUND('',#875,.T.);
#987=FACE_BOUND('',#876,.T.);
#988=FACE_BOUND('',#877,.T.);
#989=FACE_BOUND('',#878,.T.);
#990=FACE_BOUND('',#879,.T.);
#991=FACE_BOUND('',#880,.T.);
#992=FACE_BOUND('',#881,.T.);
#993=FACE_BOUND('',#882,.T.);
#994=FACE_BOUND('',#883,.T.);
#995=FACE_BOUND('',#884,.T.);
#996=FACE_BOUND('',#885,.T.);
#997=FACE_BOUND('',#886,.T.);
#998=FACE_BOUND('',#887,.T.);
#999=FACE_BOUND('',#888,.T.);
#1000=FACE_BOUND('',#889,.T.);
#1001=FACE_BOUND('',#890,.T.);
#1002=FACE_BOUND('',#891,.T.);
#1003=FACE_BOUND('',#892,.T.);
#1004=FACE_BOUND('',#893,.T.);
#1005=FACE_BOUND('',#894,.T.);
#1006=FACE_BOUND('',#895,.T.);
#1007=FACE_BOUND('',#896,.T.);
#1008=FACE_BOUND('',#897,.T.);
#1009=FACE_BOUND('',#898,.T.);
#1010=FACE_BOUND('',#899,.T.);
#1011=FACE_BOUND('',#900,.T.);
#1012=FACE_BOUND('',#901,.T.);
#1013=FACE_BOUND('',#902,.T.);
#1014=FACE_BOUND('',#903,.T.);
#1015=FACE_BOUND('',#904,.T.);
#1016=FACE_BOUND('',#905,.T.);
#1017=FACE_BOUND('',#906,.T.);
#1018=FACE_BOUND('',#907,.T.);
#1019=FACE_BOUND('',#908,.T.);
#1020=FACE_BOUND('',#909,.T.);
#1021=FACE_BOUND('',#910,.T.);
#1022=FACE_BOUND('',#911,.T.);
#1023=FACE_BOUND('',#912,.T.);
#1024=FACE_BOUND('',#913,.T.);
#1025=FACE_BOUND('',#914,.T.);
#1026=FACE_BOUND('',#915,.T.);
#1027=FACE_BOUND('',#916,.T.);
#1028=FACE_BOUND('',#917,.T.);
#1029=FACE_BOUND('',#918,.T.);
#1030=FACE_BOUND('',#919,.T.);
#1031=FACE_BOUND('',#920,.T.);
#1032=FACE_BOUND('',#921,.T.);
#1033=FACE_BOUND('',#922,.T.);
#1034=FACE_BOUND('',#923,.T.);
#1035=FACE_BOUND('',#924,.T.);
#1036=FACE_BOUND('',#925,.T.);
#1037=FACE_BOUND('',#926,.T.);
#1038=FACE_BOUND('',#927,.T.);
#1039=FACE_BOUND('',#928,.T.);
#1040=FACE_BOUND('',#929,.T.);
#1041=FACE_BOUND('',#930,.T.);
#1042=FACE_BOUND('',#931,.T.);
#1043=FACE_BOUND('',#932,.T.);
#1044=FACE_BOUND('',#933,.T.);
#1045=FACE_BOUND('',#934,.T.);
#1046=FACE_BOUND('',#935,.T.);
#1047=FACE_BOUND('',#936,.T.);
#1048=FACE_BOUND('',#937,.T.);
#1049=FACE_BOUND('',#938,.T.);
#1050=FACE_BOUND('',#939,.T.);
#1051=FACE_BOUND('',#940,.T.);
#1052=FACE_BOUND('',#941,.T.);
#1053=FACE_BOUND('',#942,.T.);
#1054=FACE_BOUND('',#943,.T.);
#1055=FACE_BOUND('',#944,.T.);
#1056=FACE_BOUND('',#945,.T.);
#1057=FACE_BOUND('',#946,.T.);
#1058=FACE_BOUND('',#947,.T.);
#1059=FACE_BOUND('',#948,.T.);
#1060=FACE_BOUND('',#949,.T.);
#1061=FACE_BOUND('',#950,.T.);
#1062=FACE_BOUND('',#951,.T.);
#1063=FACE_BOUND('',#952,.T.);
#1064=FACE_BOUND('',#953,.T.);
#1065=FACE_BOUND('',#954,.T.);
#1066=FACE_BOUND('',#955,.T.);
#1067=FACE_BOUND('',#956,.T.);
#1068=FACE_BOUND('',#957,.T.);
#1069=FACE_BOUND('',#958,.T.);
#1070=FACE_BOUND('',#959,.T.);
#1071=FACE_BOUND('',#960,.T.);
#1072=FACE_BOUND('',#961,.T.);
#1073=FACE_BOUND('',#962,.T.);
#1074=FACE_BOUND('',#963,.T.);
#1075=FACE_BOUND('',#964,.T.);
#1076=FACE_BOUND('',#965,.T.);
#1077=FACE_BOUND('',#966,.T.);
#1078=FACE_BOUND('',#967,.T.);
#1079=FACE_BOUND('',#968,.T.);
#1080=FACE_BOUND('',#969,.T.);
#1081=FACE_BOUND('',#970,.T.);
#1082=FACE_BOUND('',#971,.T.);
#1083=FACE_BOUND('',#972,.T.);
#1084=FACE_BOUND('',#973,.T.);
#1085=FACE_BOUND('',#974,.T.);
#1086=FACE_BOUND('',#975,.T.);
#1087=FACE_BOUND('',#976,.T.);
#1088=PLANE('',#1212);
#1089=PLANE('',#1213);
#1090=PLANE('',#1215);
#1091=PLANE('',#1238);
#1092=PLANE('',#1240);
#1093=PLANE('',#1242);
#1094=PLANE('',#1244);
#1095=PLANE('',#1246);
#1096=PLANE('',#1248);
#1097=PLANE('',#1250);
#1098=PLANE('',#1252);
#1099=PLANE('',#1272);
#1100=PLANE('',#1277);
#1101=PLANE('',#1281);
#1102=PLANE('',#1285);
#1103=PLANE('',#1289);
#1104=PLANE('',#1293);
#1105=PLANE('',#1297);
#1106=PLANE('',#1301);
#1107=PLANE('',#1305);
#1108=PLANE('',#1312);
#1109=PLANE('',#1316);
#1110=PLANE('',#1317);
#1111=PLANE('',#1318);
#1112=PLANE('',#1319);
#1113=PLANE('',#1320);
#1114=PLANE('',#1321);
#1115=PLANE('',#1322);
#1116=PLANE('',#1323);
#1117=PLANE('',#1324);
#1118=PLANE('',#1325);
#1119=PLANE('',#1326);
#1120=PLANE('',#1327);
#1121=PLANE('',#1328);
#1122=PLANE('',#1329);
#1123=PLANE('',#1330);
#1124=PLANE('',#1331);
#1125=PLANE('',#1332);
#1126=PLANE('',#1333);
#1127=PLANE('',#1334);
#1128=ADVANCED_FACE('',(#977),#1088,.T.);
#1129=ADVANCED_FACE('',(#978),#1089,.T.);
#1130=ADVANCED_FACE('',(#979),#1090,.T.);
#1131=ADVANCED_FACE('',(#980,#981),#33,.F.);
#1132=ADVANCED_FACE('',(#982,#983),#34,.F.);
#1133=ADVANCED_FACE('',(#984,#985),#35,.F.);
#1134=ADVANCED_FACE('',(#986,#987),#36,.F.);
#1135=ADVANCED_FACE('',(#988,#989),#37,.F.);
#1136=ADVANCED_FACE('',(#990,#991),#38,.F.);
#1137=ADVANCED_FACE('',(#992,#993),#39,.F.);
#1138=ADVANCED_FACE('',(#994,#995),#1091,.F.);
#1139=ADVANCED_FACE('',(#996,#997),#1092,.F.);
#1140=ADVANCED_FACE('',(#998,#999),#1093,.F.);
#1141=ADVANCED_FACE('',(#1000,#1001),#1094,.F.);
#1142=ADVANCED_FACE('',(#1002,#1003),#1095,.F.);
#1143=ADVANCED_FACE('',(#1004,#1005),#1096,.F.);
#1144=ADVANCED_FACE('',(#1006,#1007),#1097,.F.);
#1145=ADVANCED_FACE('',(#1008),#1098,.T.);
#1146=ADVANCED_FACE('',(#1009,#1010),#40,.F.);
#1147=ADVANCED_FACE('',(#1011,#1012),#41,.F.);
#1148=ADVANCED_FACE('',(#1013,#1014),#18,.F.);
#1149=ADVANCED_FACE('',(#1015,#1016),#19,.F.);
#1150=ADVANCED_FACE('',(#1017,#1018),#20,.F.);
#1151=ADVANCED_FACE('',(#1019,#1020),#21,.F.);
#1152=ADVANCED_FACE('',(#1021,#1022),#22,.F.);
#1153=ADVANCED_FACE('',(#1023,#1024),#23,.F.);
#1154=ADVANCED_FACE('',(#1025,#1026),#24,.F.);
#1155=ADVANCED_FACE('',(#1027),#14,.F.);
#1156=ADVANCED_FACE('',(#1028),#1099,.F.);
#1157=ADVANCED_FACE('',(#1029),#15,.F.);
#1158=ADVANCED_FACE('',(#1030),#16,.T.);
#1159=ADVANCED_FACE('',(#1031),#17,.T.);
#1160=ADVANCED_FACE('',(#1032,#1033),#42,.T.);
#1161=ADVANCED_FACE('',(#1034),#1100,.F.);
#1162=ADVANCED_FACE('',(#1035,#1036),#43,.T.);
#1163=ADVANCED_FACE('',(#1037),#1101,.F.);
#1164=ADVANCED_FACE('',(#1038),#44,.F.);
#1165=ADVANCED_FACE('',(#1039),#1102,.F.);
#1166=ADVANCED_FACE('',(#1040,#1041),#45,.T.);
#1167=ADVANCED_FACE('',(#1042),#1103,.F.);
#1168=ADVANCED_FACE('',(#1043,#1044),#46,.T.);
#1169=ADVANCED_FACE('',(#1045),#1104,.F.);
#1170=ADVANCED_FACE('',(#1046,#1047),#47,.T.);
#1171=ADVANCED_FACE('',(#1048),#1105,.F.);
#1172=ADVANCED_FACE('',(#1049),#48,.F.);
#1173=ADVANCED_FACE('',(#1050),#1106,.T.);
#1174=ADVANCED_FACE('',(#1051,#1052),#49,.T.);
#1175=ADVANCED_FACE('',(#1053),#1107,.T.);
#1176=ADVANCED_FACE('',(#1054,#1055),#50,.T.);
#1177=ADVANCED_FACE('',(#1056),#51,.T.);
#1178=ADVANCED_FACE('',(#1057),#1108,.T.);
#1179=ADVANCED_FACE('',(#1058),#52,.T.);
#1180=ADVANCED_FACE('',(#1059),#1109,.F.);
#1181=ADVANCED_FACE('',(#1060),#1110,.F.);
#1182=ADVANCED_FACE('',(#1061),#1111,.T.);
#1183=ADVANCED_FACE('',(#1062,#1063),#1112,.F.);
#1184=ADVANCED_FACE('',(#1064),#1113,.T.);
#1185=ADVANCED_FACE('',(#1065),#1114,.T.);
#1186=ADVANCED_FACE('',(#1066,#1067,#1068,#1069,#1070,#1071,#1072,#1073,
#1074,#1075),#1115,.T.);
#1187=ADVANCED_FACE('',(#1076),#1116,.F.);
#1188=ADVANCED_FACE('',(#1077),#1117,.F.);
#1189=ADVANCED_FACE('',(#1078),#1118,.F.);
#1190=ADVANCED_FACE('',(#1079),#1119,.T.);
#1191=ADVANCED_FACE('',(#1080),#1120,.F.);
#1192=ADVANCED_FACE('',(#1081),#1121,.F.);
#1193=ADVANCED_FACE('',(#1082),#1122,.T.);
#1194=ADVANCED_FACE('',(#1083),#1123,.F.);
#1195=ADVANCED_FACE('',(#1084),#1124,.T.);
#1196=ADVANCED_FACE('',(#1085),#1125,.F.);
#1197=ADVANCED_FACE('',(#1086),#1126,.T.);
#1198=ADVANCED_FACE('',(#1087),#1127,.F.);
#1199=CLOSED_SHELL('',(#1128,#1129,#1130,#1131,#1132,#1133,#1134,#1135,
#1136,#1137,#1138,#1139,#1140,#1141,#1142,#1143,#1144,#1145,#1146,#1147,
#1148,#1149,#1150,#1151,#1152,#1153,#1154,#1155,#1156,#1157,#1158,#1159,
#1160,#1161,#1162,#1163,#1164,#1165,#1166,#1167,#1168,#1169,#1170,#1171,
#1172,#1173,#1174,#1175,#1176,#1177,#1178,#1179,#1180,#1181,#1182,#1183,
#1184,#1185,#1186,#1187,#1188,#1189,#1190,#1191,#1192,#1193,#1194,#1195,
#1196,#1197,#1198));
#1200=STYLED_ITEM('',(#1201),#1208);
#1201=PRESENTATION_STYLE_ASSIGNMENT((#1202));
#1202=SURFACE_STYLE_USAGE(.BOTH.,#1203);
#1203=SURFACE_SIDE_STYLE('',(#1204));
#1204=SURFACE_STYLE_FILL_AREA(#1205);
#1205=FILL_AREA_STYLE('',(#1206));
#1206=FILL_AREA_STYLE_COLOUR('',#1207);
#1207=COLOUR_RGB('',0.647058823529412,0.647058823529412,0.647058823529412);
#1208=MANIFOLD_SOLID_BREP('Bottom-Left',#1199);
#1209=SHAPE_DEFINITION_REPRESENTATION(#2088,#1210);
#1210=SHAPE_REPRESENTATION('Bottom-Left',(#1211),#2083);
#1211=AXIS2_PLACEMENT_3D('',#1674,#1335,#1336);
#1212=AXIS2_PLACEMENT_3D('',#1675,#1337,#1338);
#1213=AXIS2_PLACEMENT_3D('',#1692,#1347,#1348);
#1214=AXIS2_PLACEMENT_3D('',#1693,#1349,#1350);
#1215=AXIS2_PLACEMENT_3D('',#1695,#1351,#1352);
#1216=AXIS2_PLACEMENT_3D('',#1696,#1353,#1354);
#1217=AXIS2_PLACEMENT_3D('',#1698,#1355,#1356);
#1218=AXIS2_PLACEMENT_3D('',#1699,#1357,#1358);
#1219=AXIS2_PLACEMENT_3D('',#1701,#1359,#1360);
#1220=AXIS2_PLACEMENT_3D('',#1703,#1361,#1362);
#1221=AXIS2_PLACEMENT_3D('',#1704,#1363,#1364);
#1222=AXIS2_PLACEMENT_3D('',#1706,#1365,#1366);
#1223=AXIS2_PLACEMENT_3D('',#1708,#1367,#1368);
#1224=AXIS2_PLACEMENT_3D('',#1709,#1369,#1370);
#1225=AXIS2_PLACEMENT_3D('',#1711,#1371,#1372);
#1226=AXIS2_PLACEMENT_3D('',#1713,#1373,#1374);
#1227=AXIS2_PLACEMENT_3D('',#1714,#1375,#1376);
#1228=AXIS2_PLACEMENT_3D('',#1716,#1377,#1378);
#1229=AXIS2_PLACEMENT_3D('',#1718,#1379,#1380);
#1230=AXIS2_PLACEMENT_3D('',#1719,#1381,#1382);
#1231=AXIS2_PLACEMENT_3D('',#1721,#1383,#1384);
#1232=AXIS2_PLACEMENT_3D('',#1723,#1385,#1386);
#1233=AXIS2_PLACEMENT_3D('',#1724,#1387,#1388);
#1234=AXIS2_PLACEMENT_3D('',#1726,#1389,#1390);
#1235=AXIS2_PLACEMENT_3D('',#1728,#1391,#1392);
#1236=AXIS2_PLACEMENT_3D('',#1729,#1393,#1394);
#1237=AXIS2_PLACEMENT_3D('',#1731,#1395,#1396);
#1238=AXIS2_PLACEMENT_3D('',#1733,#1397,#1398);
#1239=AXIS2_PLACEMENT_3D('',#1734,#1399,#1400);
#1240=AXIS2_PLACEMENT_3D('',#1736,#1401,#1402);
#1241=AXIS2_PLACEMENT_3D('',#1737,#1403,#1404);
#1242=AXIS2_PLACEMENT_3D('',#1739,#1405,#1406);
#1243=AXIS2_PLACEMENT_3D('',#1740,#1407,#1408);
#1244=AXIS2_PLACEMENT_3D('',#1742,#1409,#1410);
#1245=AXIS2_PLACEMENT_3D('',#1743,#1411,#1412);
#1246=AXIS2_PLACEMENT_3D('',#1745,#1413,#1414);
#1247=AXIS2_PLACEMENT_3D('',#1746,#1415,#1416);
#1248=AXIS2_PLACEMENT_3D('',#1748,#1417,#1418);
#1249=AXIS2_PLACEMENT_3D('',#1749,#1419,#1420);
#1250=AXIS2_PLACEMENT_3D('',#1751,#1421,#1422);
#1251=AXIS2_PLACEMENT_3D('',#1752,#1423,#1424);
#1252=AXIS2_PLACEMENT_3D('',#1754,#1425,#1426);
#1253=AXIS2_PLACEMENT_3D('',#1769,#1429,#1430);
#1254=AXIS2_PLACEMENT_3D('',#1770,#1431,#1432);
#1255=AXIS2_PLACEMENT_3D('',#1772,#1433,#1434);
#1256=AXIS2_PLACEMENT_3D('',#1773,#1435,#1436);
#1257=AXIS2_PLACEMENT_3D('',#1775,#1437,#1438);
#1258=AXIS2_PLACEMENT_3D('',#1776,#1439,#1440);
#1259=AXIS2_PLACEMENT_3D('',#1778,#1441,#1442);
#1260=AXIS2_PLACEMENT_3D('',#1779,#1443,#1444);
#1261=AXIS2_PLACEMENT_3D('',#1781,#1445,#1446);
#1262=AXIS2_PLACEMENT_3D('',#1782,#1447,#1448);
#1263=AXIS2_PLACEMENT_3D('',#1784,#1449,#1450);
#1264=AXIS2_PLACEMENT_3D('',#1785,#1451,#1452);
#1265=AXIS2_PLACEMENT_3D('',#1787,#1453,#1454);
#1266=AXIS2_PLACEMENT_3D('',#1788,#1455,#1456);
#1267=AXIS2_PLACEMENT_3D('',#1790,#1457,#1458);
#1268=AXIS2_PLACEMENT_3D('',#1791,#1459,#1460);
#1269=AXIS2_PLACEMENT_3D('',#1793,#1461,#1462);
#1270=AXIS2_PLACEMENT_3D('',#1794,#1463,#1464);
#1271=AXIS2_PLACEMENT_3D('',#1816,#1467,#1468);
#1272=AXIS2_PLACEMENT_3D('',#1817,#1469,#1470);
#1273=AXIS2_PLACEMENT_3D('',#1839,#1474,#1475);
#1274=AXIS2_PLACEMENT_3D('',#1885,#1476,#1477);
#1275=AXIS2_PLACEMENT_3D('',#1886,#1478,#1479);
#1276=AXIS2_PLACEMENT_3D('',#1891,#1481,#1482);
#1277=AXIS2_PLACEMENT_3D('',#1894,#1484,#1485);
#1278=AXIS2_PLACEMENT_3D('',#1900,#1489,#1490);
#1279=AXIS2_PLACEMENT_3D('',#1901,#1491,#1492);
#1280=AXIS2_PLACEMENT_3D('',#1905,#1494,#1495);
#1281=AXIS2_PLACEMENT_3D('',#1906,#1496,#1497);
#1282=AXIS2_PLACEMENT_3D('',#1912,#1501,#1502);
#1283=AXIS2_PLACEMENT_3D('',#1913,#1503,#1504);
#1284=AXIS2_PLACEMENT_3D('',#1915,#1505,#1506);
#1285=AXIS2_PLACEMENT_3D('',#1918,#1508,#1509);
#1286=AXIS2_PLACEMENT_3D('',#1924,#1513,#1514);
#1287=AXIS2_PLACEMENT_3D('',#1925,#1515,#1516);
#1288=AXIS2_PLACEMENT_3D('',#1929,#1518,#1519);
#1289=AXIS2_PLACEMENT_3D('',#1930,#1520,#1521);
#1290=AXIS2_PLACEMENT_3D('',#1936,#1525,#1526);
#1291=AXIS2_PLACEMENT_3D('',#1937,#1527,#1528);
#1292=AXIS2_PLACEMENT_3D('',#1941,#1530,#1531);
#1293=AXIS2_PLACEMENT_3D('',#1942,#1532,#1533);
#1294=AXIS2_PLACEMENT_3D('',#1948,#1537,#1538);
#1295=AXIS2_PLACEMENT_3D('',#1949,#1539,#1540);
#1296=AXIS2_PLACEMENT_3D('',#1953,#1542,#1543);
#1297=AXIS2_PLACEMENT_3D('',#1954,#1544,#1545);
#1298=AXIS2_PLACEMENT_3D('',#1960,#1549,#1550);
#1299=AXIS2_PLACEMENT_3D('',#1961,#1551,#1552);
#1300=AXIS2_PLACEMENT_3D('',#1963,#1553,#1554);
#1301=AXIS2_PLACEMENT_3D('',#1966,#1556,#1557);
#1302=AXIS2_PLACEMENT_3D('',#1972,#1561,#1562);
#1303=AXIS2_PLACEMENT_3D('',#1973,#1563,#1564);
#1304=AXIS2_PLACEMENT_3D('',#1977,#1566,#1567);
#1305=AXIS2_PLACEMENT_3D('',#1978,#1568,#1569);
#1306=AXIS2_PLACEMENT_3D('',#1984,#1573,#1574);
#1307=AXIS2_PLACEMENT_3D('',#1985,#1575,#1576);
#1308=AXIS2_PLACEMENT_3D('',#1989,#1578,#1579);
#1309=AXIS2_PLACEMENT_3D('',#1990,#1580,#1581);
#1310=AXIS2_PLACEMENT_3D('',#1991,#1582,#1583);
#1311=AXIS2_PLACEMENT_3D('',#1996,#1585,#1586);
#1312=AXIS2_PLACEMENT_3D('',#1999,#1588,#1589);
#1313=AXIS2_PLACEMENT_3D('',#2005,#1593,#1594);
#1314=AXIS2_PLACEMENT_3D('',#2006,#1595,#1596);
#1315=AXIS2_PLACEMENT_3D('',#2008,#1597,#1598);
#1316=AXIS2_PLACEMENT_3D('',#2011,#1600,#1601);
#1317=AXIS2_PLACEMENT_3D('',#2022,#1608,#1609);
#1318=AXIS2_PLACEMENT_3D('',#2026,#1612,#1613);
#1319=AXIS2_PLACEMENT_3D('',#2030,#1616,#1617);
#1320=AXIS2_PLACEMENT_3D('',#2044,#1627,#1628);
#1321=AXIS2_PLACEMENT_3D('',#2047,#1631,#1632);
#1322=AXIS2_PLACEMENT_3D('',#2050,#1635,#1636);
#1323=AXIS2_PLACEMENT_3D('',#2051,#1637,#1638);
#1324=AXIS2_PLACEMENT_3D('',#2052,#1639,#1640);
#1325=AXIS2_PLACEMENT_3D('',#2053,#1641,#1642);
#1326=AXIS2_PLACEMENT_3D('',#2055,#1644,#1645);
#1327=AXIS2_PLACEMENT_3D('',#2057,#1647,#1648);
#1328=AXIS2_PLACEMENT_3D('',#2058,#1649,#1650);
#1329=AXIS2_PLACEMENT_3D('',#2059,#1651,#1652);
#1330=AXIS2_PLACEMENT_3D('',#2068,#1657,#1658);
#1331=AXIS2_PLACEMENT_3D('',#2074,#1662,#1663);
#1332=AXIS2_PLACEMENT_3D('',#2077,#1666,#1667);
#1333=AXIS2_PLACEMENT_3D('',#2079,#1669,#1670);
#1334=AXIS2_PLACEMENT_3D('',#2081,#1672,#1673);
#1335=DIRECTION('',(0.,0.,1.));
#1336=DIRECTION('',(1.,0.,0.));
#1337=DIRECTION('',(1.,0.,0.));
#1338=DIRECTION('',(0.,1.,0.));
#1339=DIRECTION('',(0.,-0.99678327516184,0.0801442596674017));
#1340=DIRECTION('',(0.,-0.99678327516184,0.0801442596674017));
#1341=DIRECTION('',(0.,-0.99678327516184,0.0801442596674017));
#1342=DIRECTION('',(0.,-0.0801442596674017,-0.99678327516184));
#1343=DIRECTION('',(0.,-0.374091827370248,0.92739166736325));
#1344=DIRECTION('',(0.,-0.99678327516184,0.0801442596674017));
#1345=DIRECTION('',(0.,-0.517458237468419,-0.855708462314168));
#1346=DIRECTION('',(0.,0.0801442596674017,0.99678327516184));
#1347=DIRECTION('',(0.,-0.0801442596674017,-0.99678327516184));
#1348=DIRECTION('',(1.,0.,0.));
#1349=DIRECTION('',(0.,-0.0801442596674017,-0.99678327516184));
#1350=DIRECTION('',(0.,0.99678327516184,-0.0801442596674017));
#1351=DIRECTION('',(0.,-0.0801442596674017,-0.99678327516184));
#1352=DIRECTION('',(1.,0.,0.));
#1353=DIRECTION('',(0.,-0.0801442596674017,-0.99678327516184));
#1354=DIRECTION('',(0.,0.99678327516184,-0.0801442596674017));
#1355=DIRECTION('',(0.,0.0801442596674017,0.99678327516184));
#1356=DIRECTION('',(0.,-0.99678327516184,0.0801442596674017));
#1357=DIRECTION('',(0.,-0.0801442596674077,-0.996783275161839));
#1358=DIRECTION('',(0.,0.996783275161839,-0.0801442596674077));
#1359=DIRECTION('',(0.,-0.0801442596674017,-0.99678327516184));
#1360=DIRECTION('',(0.,0.99678327516184,-0.0801442596674017));
#1361=DIRECTION('',(0.,0.0801442596674017,0.99678327516184));
#1362=DIRECTION('',(0.,-0.99678327516184,0.0801442596674017));
#1363=DIRECTION('',(0.,-0.0801442596674077,-0.996783275161839));
#1364=DIRECTION('',(0.,0.996783275161839,-0.0801442596674077));
#1365=DIRECTION('',(0.,-0.0801442596674017,-0.99678327516184));
#1366=DIRECTION('',(0.,0.99678327516184,-0.0801442596674017));
#1367=DIRECTION('',(0.,0.0801442596674017,0.99678327516184));
#1368=DIRECTION('',(0.,-0.99678327516184,0.0801442596674017));
#1369=DIRECTION('',(0.,-0.0801442596674075,-0.99678327516184));
#1370=DIRECTION('',(0.,0.99678327516184,-0.0801442596674075));
#1371=DIRECTION('',(0.,-0.0801442596674017,-0.99678327516184));
#1372=DIRECTION('',(0.,0.99678327516184,-0.0801442596674017));
#1373=DIRECTION('',(0.,0.0801442596674017,0.99678327516184));
#1374=DIRECTION('',(0.,-0.99678327516184,0.0801442596674017));
#1375=DIRECTION('',(0.,-0.080144259667408,-0.99678327516184));
#1376=DIRECTION('',(0.,0.996783275161839,-0.080144259667408));
#1377=DIRECTION('',(0.,-0.0801442596674017,-0.99678327516184));
#1378=DIRECTION('',(0.,0.99678327516184,-0.0801442596674017));
#1379=DIRECTION('',(0.,0.0801442596674017,0.99678327516184));
#1380=DIRECTION('',(0.,-0.99678327516184,0.0801442596674017));
#1381=DIRECTION('',(0.,-0.080144259667402,-0.99678327516184));
#1382=DIRECTION('',(0.,0.99678327516184,-0.080144259667402));
#1383=DIRECTION('',(0.,-0.0801442596674017,-0.99678327516184));
#1384=DIRECTION('',(0.,0.99678327516184,-0.0801442596674017));
#1385=DIRECTION('',(0.,0.0801442596674017,0.99678327516184));
#1386=DIRECTION('',(0.,-0.99678327516184,0.0801442596674017));
#1387=DIRECTION('',(0.,-0.0801442596674015,-0.99678327516184));
#1388=DIRECTION('',(0.,0.99678327516184,-0.0801442596674015));
#1389=DIRECTION('',(0.,-0.0801442596674017,-0.99678327516184));
#1390=DIRECTION('',(0.,0.99678327516184,-0.0801442596674017));
#1391=DIRECTION('',(0.,0.0801442596674017,0.99678327516184));
#1392=DIRECTION('',(0.,-0.99678327516184,0.0801442596674017));
#1393=DIRECTION('',(0.,-0.0801442596674015,-0.99678327516184));
#1394=DIRECTION('',(0.,0.99678327516184,-0.0801442596674015));
#1395=DIRECTION('',(0.,-0.0801442596674017,-0.99678327516184));
#1396=DIRECTION('',(0.,0.99678327516184,-0.0801442596674017));
#1397=DIRECTION('',(0.,-0.0801442596674017,-0.99678327516184));
#1398=DIRECTION('',(1.,0.,0.));
#1399=DIRECTION('',(0.,-0.0801442596674017,-0.99678327516184));
#1400=DIRECTION('',(0.,0.99678327516184,-0.0801442596674017));
#1401=DIRECTION('',(0.,-0.0801442596674017,-0.99678327516184));
#1402=DIRECTION('',(1.,0.,0.));
#1403=DIRECTION('',(0.,-0.0801442596674017,-0.99678327516184));
#1404=DIRECTION('',(0.,0.99678327516184,-0.0801442596674017));
#1405=DIRECTION('',(0.,-0.0801442596674017,-0.99678327516184));
#1406=DIRECTION('',(1.,0.,0.));
#1407=DIRECTION('',(0.,-0.0801442596674017,-0.99678327516184));
#1408=DIRECTION('',(0.,0.99678327516184,-0.0801442596674017));
#1409=DIRECTION('',(0.,-0.0801442596674017,-0.99678327516184));
#1410=DIRECTION('',(1.,0.,0.));
#1411=DIRECTION('',(0.,-0.0801442596674017,-0.99678327516184));
#1412=DIRECTION('',(0.,0.99678327516184,-0.0801442596674017));
#1413=DIRECTION('',(0.,-0.0801442596674017,-0.99678327516184));
#1414=DIRECTION('',(1.,0.,0.));
#1415=DIRECTION('',(0.,-0.0801442596674017,-0.99678327516184));
#1416=DIRECTION('',(0.,0.99678327516184,-0.0801442596674017));
#1417=DIRECTION('',(0.,-0.0801442596674017,-0.99678327516184));
#1418=DIRECTION('',(1.,0.,0.));
#1419=DIRECTION('',(0.,-0.0801442596674017,-0.99678327516184));
#1420=DIRECTION('',(0.,0.99678327516184,-0.0801442596674017));
#1421=DIRECTION('',(0.,-0.0801442596674017,-0.99678327516184));
#1422=DIRECTION('',(1.,0.,0.));
#1423=DIRECTION('',(0.,-0.0801442596674017,-0.99678327516184));
#1424=DIRECTION('',(0.,0.99678327516184,-0.0801442596674017));
#1425=DIRECTION('',(-0.894395253086218,-0.0283073940764637,-0.446380804579947));
#1426=DIRECTION('',(-0.00845068465049076,-0.996747682350549,0.0801413979023806));
#1427=DIRECTION('',(0.00845068465049076,0.996747682350549,-0.0801413979023806));
#1428=DIRECTION('',(-0.00845068465049076,-0.996747682350549,0.0801413979023806));
#1429=DIRECTION('',(0.,-0.0801442596674017,-0.99678327516184));
#1430=DIRECTION('',(0.,0.99678327516184,-0.0801442596674017));
#1431=DIRECTION('',(0.,-0.0801442596674017,-0.99678327516184));
#1432=DIRECTION('',(0.,0.99678327516184,-0.0801442596674017));
#1433=DIRECTION('',(0.,-0.0801442596674017,-0.99678327516184));
#1434=DIRECTION('',(0.,0.99678327516184,-0.0801442596674017));
#1435=DIRECTION('',(0.,-0.0801442596674017,-0.99678327516184));
#1436=DIRECTION('',(0.,0.99678327516184,-0.0801442596674017));
#1437=DIRECTION('',(0.,-0.0801442596674077,-0.996783275161839));
#1438=DIRECTION('',(0.,0.996783275161839,-0.0801442596674077));
#1439=DIRECTION('',(0.,-0.0801442596674017,-0.99678327516184));
#1440=DIRECTION('',(0.,0.99678327516184,-0.0801442596674017));
#1441=DIRECTION('',(0.,-0.0801442596674077,-0.996783275161839));
#1442=DIRECTION('',(0.,0.996783275161839,-0.0801442596674077));
#1443=DIRECTION('',(0.,-0.0801442596674017,-0.99678327516184));
#1444=DIRECTION('',(0.,0.99678327516184,-0.0801442596674017));
#1445=DIRECTION('',(0.,-0.0801442596674075,-0.99678327516184));
#1446=DIRECTION('',(0.,0.99678327516184,-0.0801442596674075));
#1447=DIRECTION('',(0.,-0.0801442596674017,-0.99678327516184));
#1448=DIRECTION('',(0.,0.99678327516184,-0.0801442596674017));
#1449=DIRECTION('',(0.,-0.080144259667408,-0.99678327516184));
#1450=DIRECTION('',(0.,0.996783275161839,-0.080144259667408));
#1451=DIRECTION('',(0.,-0.0801442596674017,-0.99678327516184));
#1452=DIRECTION('',(0.,0.99678327516184,-0.0801442596674017));
#1453=DIRECTION('',(0.,-0.080144259667402,-0.99678327516184));
#1454=DIRECTION('',(0.,0.99678327516184,-0.080144259667402));
#1455=DIRECTION('',(0.,-0.0801442596674017,-0.99678327516184));
#1456=DIRECTION('',(0.,0.99678327516184,-0.0801442596674017));
#1457=DIRECTION('',(0.,-0.0801442596674015,-0.99678327516184));
#1458=DIRECTION('',(0.,0.99678327516184,-0.0801442596674015));
#1459=DIRECTION('',(0.,-0.0801442596674017,-0.99678327516184));
#1460=DIRECTION('',(0.,0.99678327516184,-0.0801442596674017));
#1461=DIRECTION('',(0.,-0.0801442596674015,-0.99678327516184));
#1462=DIRECTION('',(0.,0.99678327516184,-0.0801442596674015));
#1463=DIRECTION('',(0.,-0.0801442596674017,-0.99678327516184));
#1464=DIRECTION('',(0.,0.99678327516184,-0.0801442596674017));
#1465=DIRECTION('',(0.,0.0801442596674017,0.99678327516184));
#1466=DIRECTION('',(0.,0.0801442596674017,0.99678327516184));
#1467=DIRECTION('',(8.94729368784808E-15,-0.0801442596673873,-0.996783275161841));
#1468=DIRECTION('',(0.710088263766679,0.701847737253849,-0.0564305889786333));
#1469=DIRECTION('',(0.99996429232695,-0.00842350112327606,0.000677273864996257));
#1470=DIRECTION('',(0.00842350305520624,0.999964521668783,0.));
#1471=DIRECTION('',(0.,0.0801442596674017,0.99678327516184));
#1472=DIRECTION('',(0.00845068465049076,0.996747682350549,-0.0801413979023806));
#1473=DIRECTION('',(0.,0.0801442596674017,0.99678327516184));
#1474=DIRECTION('',(-3.53386367975938E-15,-0.0801442596674016,-0.99678327516184));
#1475=DIRECTION('',(-0.704112673966523,0.707804105225749,-0.0569094981992475));
#1476=DIRECTION('',(0.,0.0801442596674017,0.99678327516184));
#1477=DIRECTION('',(0.,-0.99678327516184,0.0801442596674017));
#1478=DIRECTION('',(0.,-0.0801442596674017,-0.99678327516184));
#1479=DIRECTION('',(0.,0.99678327516184,-0.0801442596674017));
#1480=DIRECTION('',(0.,0.0801442596674017,0.99678327516184));
#1481=DIRECTION('',(0.,-0.0801442596674017,-0.99678327516184));
#1482=DIRECTION('',(0.,0.99678327516184,-0.0801442596674017));
#1483=DIRECTION('',(0.,0.0801442596674017,0.99678327516184));
#1484=DIRECTION('',(0.,0.99678327516184,-0.0801442596674017));
#1485=DIRECTION('',(0.,0.0801442596674017,0.99678327516184));
#1486=DIRECTION('',(0.,0.0801442596674017,0.99678327516184));
#1487=DIRECTION('',(1.,0.,0.));
#1488=DIRECTION('',(1.,0.,0.));
#1489=DIRECTION('',(0.,0.0801442596674017,0.99678327516184));
#1490=DIRECTION('',(0.,-0.99678327516184,0.0801442596674017));
#1491=DIRECTION('',(0.,-0.0801442596674017,-0.99678327516184));
#1492=DIRECTION('',(0.,0.99678327516184,-0.0801442596674017));
#1493=DIRECTION('',(0.,0.0801442596674017,0.99678327516184));
#1494=DIRECTION('',(0.,-0.0801442596674017,-0.99678327516184));
#1495=DIRECTION('',(0.,0.99678327516184,-0.0801442596674017));
#1496=DIRECTION('',(0.,0.99678327516184,-0.0801442596674017));
#1497=DIRECTION('',(0.,0.0801442596674017,0.99678327516184));
#1498=DIRECTION('',(1.,0.,0.));
#1499=DIRECTION('',(0.,-0.0801442596674017,-0.99678327516184));
#1500=DIRECTION('',(1.,0.,0.));
#1501=DIRECTION('',(0.,-0.0801442596674017,-0.99678327516184));
#1502=DIRECTION('',(-0.704112673986996,0.707804105205513,-0.0569094981976236));
#1503=DIRECTION('',(0.,-0.0801442596674017,-0.99678327516184));
#1504=DIRECTION('',(0.,0.99678327516184,-0.0801442596674017));
#1505=DIRECTION('',(0.,-0.0801442596674017,-0.99678327516184));
#1506=DIRECTION('',(0.,0.99678327516184,-0.0801442596674017));
#1507=DIRECTION('',(0.,-0.0801442596674017,-0.99678327516184));
#1508=DIRECTION('',(-0.99996429232695,0.0084235011232761,-0.000677273864996259));
#1509=DIRECTION('',(-0.00842350305520627,-0.999964521668783,0.));
#1510=DIRECTION('',(0.,0.0801442596674016,0.99678327516184));
#1511=DIRECTION('',(0.00845068465049079,0.996747682350549,-0.0801413979023806));
#1512=DIRECTION('',(0.00845068465049079,0.996747682350549,-0.0801413979023806));
#1513=DIRECTION('',(0.,0.0801442596674016,0.99678327516184));
#1514=DIRECTION('',(0.,-0.99678327516184,0.0801442596674017));
#1515=DIRECTION('',(0.,-0.0801442596674017,-0.99678327516184));
#1516=DIRECTION('',(0.,0.99678327516184,-0.0801442596674017));
#1517=DIRECTION('',(0.,0.0801442596674016,0.99678327516184));
#1518=DIRECTION('',(0.,-0.0801442596674017,-0.99678327516184));
#1519=DIRECTION('',(0.,0.99678327516184,-0.0801442596674017));
#1520=DIRECTION('',(-0.99996429232695,0.0084235011232761,-0.000677273864996259));
#1521=DIRECTION('',(-0.00842350305520627,-0.999964521668783,0.));
#1522=DIRECTION('',(0.,0.0801442596674017,0.99678327516184));
#1523=DIRECTION('',(0.00845068465049079,0.996747682350549,-0.0801413979023806));
#1524=DIRECTION('',(0.00845068465049079,0.996747682350549,-0.0801413979023806));
#1525=DIRECTION('',(0.,0.0801442596674017,0.99678327516184));
#1526=DIRECTION('',(0.,-0.99678327516184,0.0801442596674017));
#1527=DIRECTION('',(0.,-0.0801442596674017,-0.99678327516184));
#1528=DIRECTION('',(0.,0.99678327516184,-0.0801442596674017));
#1529=DIRECTION('',(0.,0.0801442596674017,0.99678327516184));
#1530=DIRECTION('',(0.,-0.0801442596674017,-0.99678327516184));
#1531=DIRECTION('',(0.,0.99678327516184,-0.0801442596674017));
#1532=DIRECTION('',(-0.99996429232695,0.0084235011232761,-0.000677273864996259));
#1533=DIRECTION('',(-0.00842350305520627,-0.999964521668783,0.));
#1534=DIRECTION('',(0.,0.0801442596674016,0.99678327516184));
#1535=DIRECTION('',(0.00845068465049079,0.996747682350549,-0.0801413979023806));
#1536=DIRECTION('',(0.00845068465049079,0.996747682350549,-0.0801413979023806));
#1537=DIRECTION('',(0.,0.0801442596674016,0.99678327516184));
#1538=DIRECTION('',(0.,-0.99678327516184,0.0801442596674017));
#1539=DIRECTION('',(0.,-0.0801442596674017,-0.99678327516184));
#1540=DIRECTION('',(0.,0.99678327516184,-0.0801442596674017));
#1541=DIRECTION('',(0.,0.0801442596674016,0.99678327516184));
#1542=DIRECTION('',(0.,-0.0801442596674017,-0.99678327516184));
#1543=DIRECTION('',(0.,0.99678327516184,-0.0801442596674017));
#1544=DIRECTION('',(-0.99996429232695,0.0084235011232761,-0.000677273864996259));
#1545=DIRECTION('',(-0.00842350305520627,-0.999964521668783,0.));
#1546=DIRECTION('',(0.00845068465049079,0.996747682350549,-0.0801413979023806));
#1547=DIRECTION('',(0.,-0.0801442596674017,-0.99678327516184));
#1548=DIRECTION('',(0.00845068465049079,0.996747682350549,-0.0801413979023806));
#1549=DIRECTION('',(0.,-0.0801442596674017,-0.99678327516184));
#1550=DIRECTION('',(-0.710088263809027,-0.701847737211278,0.0564305889752277));
#1551=DIRECTION('',(0.,-0.0801442596674017,-0.99678327516184));
#1552=DIRECTION('',(0.,0.99678327516184,-0.0801442596674017));
#1553=DIRECTION('',(0.,-0.0801442596674017,-0.99678327516184));
#1554=DIRECTION('',(0.,0.99678327516184,-0.0801442596674017));
#1555=DIRECTION('',(0.,-0.0801442596674017,-0.99678327516184));
#1556=DIRECTION('',(0.,0.99678327516184,-0.0801442596674017));
#1557=DIRECTION('',(0.,0.0801442596674017,0.99678327516184));
#1558=DIRECTION('',(1.,0.,0.));
#1559=DIRECTION('',(0.,0.0801442596674016,0.99678327516184));
#1560=DIRECTION('',(1.,0.,0.));
#1561=DIRECTION('',(0.,0.0801442596674016,0.99678327516184));
#1562=DIRECTION('',(0.,-0.99678327516184,0.0801442596674017));
#1563=DIRECTION('',(0.,-0.0801442596674017,-0.99678327516184));
#1564=DIRECTION('',(0.,0.99678327516184,-0.0801442596674017));
#1565=DIRECTION('',(0.,0.0801442596674016,0.99678327516184));
#1566=DIRECTION('',(0.,-0.0801442596674017,-0.99678327516184));
#1567=DIRECTION('',(0.,0.99678327516184,-0.0801442596674017));
#1568=DIRECTION('',(0.,0.99678327516184,-0.0801442596674017));
#1569=DIRECTION('',(0.,0.0801442596674017,0.99678327516184));
#1570=DIRECTION('',(1.,0.,0.));
#1571=DIRECTION('',(0.,0.0801442596674016,0.99678327516184));
#1572=DIRECTION('',(1.,0.,0.));
#1573=DIRECTION('',(0.,0.0801442596674016,0.99678327516184));
#1574=DIRECTION('',(0.,-0.99678327516184,0.0801442596674017));
#1575=DIRECTION('',(0.,-0.0801442596674017,-0.99678327516184));
#1576=DIRECTION('',(0.,0.99678327516184,-0.0801442596674017));
#1577=DIRECTION('',(0.,0.0801442596674016,0.99678327516184));
#1578=DIRECTION('',(0.,-0.0801442596674017,-0.99678327516184));
#1579=DIRECTION('',(0.,0.99678327516184,-0.0801442596674017));
#1580=DIRECTION('',(0.,-0.0801442596674017,-0.99678327516184));
#1581=DIRECTION('',(-0.710088263749356,-0.701847737271261,0.0564305889800503));
#1582=DIRECTION('',(0.,-0.0801442596674017,-0.99678327516184));
#1583=DIRECTION('',(0.,0.99678327516184,-0.0801442596674017));
#1584=DIRECTION('',(0.,-0.0801442596674017,-0.99678327516184));
#1585=DIRECTION('',(0.,-0.0801442596674017,-0.99678327516184));
#1586=DIRECTION('',(0.,0.99678327516184,-0.0801442596674017));
#1587=DIRECTION('',(0.,-0.0801442596674017,-0.99678327516184));
#1588=DIRECTION('',(-0.99996429232695,0.0084235011232761,-0.00067727386499626));
#1589=DIRECTION('',(-0.00842350305520628,-0.999964521668783,0.));
#1590=DIRECTION('',(0.00845068465049079,0.996747682350549,-0.0801413979023806));
#1591=DIRECTION('',(0.00845068465049079,0.996747682350549,-0.0801413979023806));
#1592=DIRECTION('',(0.,-0.0801442596674017,-0.99678327516184));
#1593=DIRECTION('',(0.,-0.0801442596674017,-0.99678327516184));
#1594=DIRECTION('',(-0.704112673991471,0.70780410520109,-0.056909498197268));
#1595=DIRECTION('',(0.,-0.0801442596674017,-0.99678327516184));
#1596=DIRECTION('',(0.,0.99678327516184,-0.0801442596674017));
#1597=DIRECTION('',(0.,-0.0801442596674017,-0.99678327516184));
#1598=DIRECTION('',(0.,0.99678327516184,-0.0801442596674017));
#1599=DIRECTION('',(0.,-0.0801442596674017,-0.99678327516184));
#1600=DIRECTION('',(0.,-0.0801442596674017,-0.99678327516184));
#1601=DIRECTION('',(1.,0.,0.));
#1602=DIRECTION('',(1.,0.,0.));
#1603=DIRECTION('',(0.,0.99678327516184,-0.0801442596674017));
#1604=DIRECTION('',(1.,0.,0.));
#1605=DIRECTION('',(1.,0.,0.));
#1606=DIRECTION('',(0.,0.99678327516184,-0.0801442596674017));
#1607=DIRECTION('',(1.,0.,0.));
#1608=DIRECTION('',(0.,0.99678327516184,-0.0801442596674017));
#1609=DIRECTION('',(0.,0.0801442596674017,0.99678327516184));
#1610=DIRECTION('',(1.,0.,0.));
#1611=DIRECTION('',(0.,0.0801442596674017,0.99678327516184));
#1612=DIRECTION('',(0.,0.99678327516184,-0.0801442596674017));
#1613=DIRECTION('',(0.,0.0801442596674017,0.99678327516184));
#1614=DIRECTION('',(0.,0.0801442596674017,0.99678327516184));
#1615=DIRECTION('',(1.,0.,0.));
#1616=DIRECTION('',(0.,-0.0801442596674017,-0.99678327516184));
#1617=DIRECTION('',(1.,0.,0.));
#1618=DIRECTION('',(-1.,0.,0.));
#1619=DIRECTION('',(0.,0.99678327516184,-0.0801442596674017));
#1620=DIRECTION('',(-1.,0.,0.));
#1621=DIRECTION('',(1.,0.,0.));
#1622=DIRECTION('',(-1.,0.,0.));
#1623=DIRECTION('',(0.,0.99678327516184,-0.0801442596674017));
#1624=DIRECTION('',(0.,0.99678327516184,-0.0801442596674017));
#1625=DIRECTION('',(1.,0.,0.));
#1626=DIRECTION('',(1.,0.,0.));
#1627=DIRECTION('',(0.,-0.92739166736325,-0.374091827370248));
#1628=DIRECTION('',(1.,0.,0.));
#1629=DIRECTION('',(-1.,0.,0.));
#1630=DIRECTION('',(1.,0.,0.));
#1631=DIRECTION('',(0.,0.855708462314168,-0.517458237468419));
#1632=DIRECTION('',(-1.,0.,0.));
#1633=DIRECTION('',(-1.,0.,0.));
#1634=DIRECTION('',(1.,0.,0.));
#1635=DIRECTION('',(0.,-0.0801442596674017,-0.99678327516184));
#1636=DIRECTION('',(1.,0.,0.));
#1637=DIRECTION('',(0.,-0.99678327516184,0.0801442596674017));
#1638=DIRECTION('',(0.,-0.0801442596674017,-0.99678327516184));
#1639=DIRECTION('',(0.,0.99678327516184,-0.0801442596674017));
#1640=DIRECTION('',(0.,0.0801442596674017,0.99678327516184));
#1641=DIRECTION('',(0.,0.99678327516184,-0.0801442596674017));
#1642=DIRECTION('',(0.,0.0801442596674017,0.99678327516184));
#1643=DIRECTION('',(0.,0.0801442596674017,0.99678327516184));
#1644=DIRECTION('',(0.,0.99678327516184,-0.0801442596674017));
#1645=DIRECTION('',(0.,0.0801442596674017,0.99678327516184));
#1646=DIRECTION('',(0.,0.0801442596674017,0.99678327516184));
#1647=DIRECTION('',(-1.,0.,0.));
#1648=DIRECTION('',(0.,0.,1.));
#1649=DIRECTION('',(-1.,0.,0.));
#1650=DIRECTION('',(0.,0.,1.));
#1651=DIRECTION('',(0.,0.0801442596674017,0.99678327516184));
#1652=DIRECTION('',(1.,0.,0.));
#1653=DIRECTION('',(-1.,0.,0.));
#1654=DIRECTION('',(0.,-0.99678327516184,0.0801442596674017));
#1655=DIRECTION('',(1.,0.,0.));
#1656=DIRECTION('',(-2.63890302188409E-16,0.99678327516184,-0.0801442596674017));
#1657=DIRECTION('',(0.,0.0801442596674017,0.99678327516184));
#1658=DIRECTION('',(1.,0.,0.));
#1659=DIRECTION('',(-1.,0.,0.));
#1660=DIRECTION('',(-2.63890302188409E-16,0.99678327516184,-0.0801442596674017));
#1661=DIRECTION('',(-1.,0.,0.));
#1662=DIRECTION('',(0.707106781186552,0.056670549483995,0.704832213240269));
#1663=DIRECTION('',(2.63890302188409E-16,-0.99678327516184,0.0801442596674017));
#1664=DIRECTION('',(0.577350269189618,0.529221782345435,-0.621764402131384));
#1665=DIRECTION('',(-0.577350269189621,0.621764402131385,0.52922178234543));
#1666=DIRECTION('',(0.,0.648161663756278,-0.761502762724268));
#1667=DIRECTION('',(-1.,0.,0.));
#1668=DIRECTION('',(-0.577350269189627,-0.621764402131382,-0.529221782345427));
#1669=DIRECTION('',(0.,0.761502762724265,0.648161663756283));
#1670=DIRECTION('',(1.,0.,0.));
#1671=DIRECTION('',(-0.577350269189624,0.529221782345432,-0.62176440213138));
#1672=DIRECTION('',(0.707106781186547,-0.0566705494839953,-0.704832213240274));
#1673=DIRECTION('',(0.,0.99678327516184,-0.0801442596674017));
#1674=CARTESIAN_POINT('',(0.,0.,0.));
#1675=CARTESIAN_POINT('',(-0.254,0.,0.));
#1676=CARTESIAN_POINT('',(-0.254,-0.128627710526974,-0.0348031796194316));
#1677=CARTESIAN_POINT('',(-0.254,-0.00931775143396252,-0.044396045572068));
#1678=CARTESIAN_POINT('',(-0.254,-0.0237875806066407,-0.0432326294359277));
#1679=CARTESIAN_POINT('',(-0.254,-0.128627710526974,-0.0348031796194316));
#1680=CARTESIAN_POINT('',(-0.254,-0.233467840447307,-0.0263737298029356));
#1681=CARTESIAN_POINT('',(-0.254,-0.128627710526974,-0.0348031796194316));
#1682=CARTESIAN_POINT('',(-0.254,-0.247937669619985,-0.0252103136667953));
#1683=CARTESIAN_POINT('',(-0.254,-0.248178102398987,-0.0282006634922808));
#1684=CARTESIAN_POINT('',(-0.254,-0.248017813879652,-0.0262070969419572));
#1685=CARTESIAN_POINT('',(-0.254,-0.247181319123825,-0.0282808077519482));
#1686=CARTESIAN_POINT('',(-0.254,-0.247181319123825,-0.0282808077519482));
#1687=CARTESIAN_POINT('',(-0.254,-0.128868143305976,-0.0377935294449172));
#1688=CARTESIAN_POINT('',(-0.254,-0.0105549674881265,-0.0473062511378861));
#1689=CARTESIAN_POINT('',(-0.254,-0.0105549674881265,-0.0473062511378861));
#1690=CARTESIAN_POINT('',(-0.254,-0.00939789569362992,-0.0453928288472298));
#1691=CARTESIAN_POINT('',(-0.254,-0.00955818421296472,-0.0473863953975535));
#1692=CARTESIAN_POINT('',(-0.204974906718541,-0.128788066498768,-0.0367967407463823));
#1693=CARTESIAN_POINT('',(-0.380070953652882,-0.222181592985112,-0.0292876309684715));
#1694=CARTESIAN_POINT('',(-0.380070953652882,-0.215204110058979,-0.0298486407861433));
#1695=CARTESIAN_POINT('',(-0.204974906718541,-0.128788066498768,-0.0367967407463823));
#1696=CARTESIAN_POINT('',(-0.378487323563285,-0.0353944051075051,-0.0443058613710392));
#1697=CARTESIAN_POINT('',(-0.378487323563285,-0.0284169221813722,-0.044866871188711));
#1698=CARTESIAN_POINT('',(-0.266,-0.243623527739198,-0.0466249523741613));
#1699=CARTESIAN_POINT('',(-0.266,-0.242088765166567,-0.0275365526548121));
#1700=CARTESIAN_POINT('',(-0.266,-0.240842786072615,-0.0276367329793964));
#1701=CARTESIAN_POINT('',(-0.266,-0.241643964525413,-0.0220044054776639));
#1702=CARTESIAN_POINT('',(-0.266,-0.240397985431461,-0.0221045858022481));
#1703=CARTESIAN_POINT('',(-0.37522312975649,-0.243623527739198,-0.0466249523741613));
#1704=CARTESIAN_POINT('',(-0.37522312975649,-0.242088765166567,-0.0275365526548121));
#1705=CARTESIAN_POINT('',(-0.37522312975649,-0.240842786072615,-0.0276367329793964));
#1706=CARTESIAN_POINT('',(-0.37522312975649,-0.241643964525413,-0.0220044054776639));
#1707=CARTESIAN_POINT('',(-0.37522312975649,-0.240397985431461,-0.0221045858022481));
#1708=CARTESIAN_POINT('',(-0.399970492887727,-0.213720029484343,-0.0490292801641834));
#1709=CARTESIAN_POINT('',(-0.399970492887727,-0.212185266911711,-0.0299408804448342));
#1710=CARTESIAN_POINT('',(-0.399970492887727,-0.210939287817759,-0.0300410607694184));
#1711=CARTESIAN_POINT('',(-0.399970492887727,-0.211740466270558,-0.024408733267686));
#1712=CARTESIAN_POINT('',(-0.399970492887727,-0.210494487176605,-0.0245089135922702));
#1713=CARTESIAN_POINT('',(-0.399263257897788,-0.130302547202968,-0.0557362871208098));
#1714=CARTESIAN_POINT('',(-0.399263257897788,-0.128767784630338,-0.0366478874014605));
#1715=CARTESIAN_POINT('',(-0.399263257897788,-0.127521805536385,-0.0367480677260448));
#1716=CARTESIAN_POINT('',(-0.399263257897788,-0.128322983989183,-0.0311157402243123));
#1717=CARTESIAN_POINT('',(-0.399263257897788,-0.127077004895231,-0.0312159205488966));
#1718=CARTESIAN_POINT('',(-0.398556161828816,-0.0469014504756357,-0.0624419766314772));
#1719=CARTESIAN_POINT('',(-0.398556161828816,-0.0453666879030049,-0.043353576912128));
#1720=CARTESIAN_POINT('',(-0.398556161828816,-0.0441207088090526,-0.0434537572367122));
#1721=CARTESIAN_POINT('',(-0.398556161828816,-0.0449218872618509,-0.0378214297349797));
#1722=CARTESIAN_POINT('',(-0.398556161828816,-0.0436759081678986,-0.037921610059564));
#1723=CARTESIAN_POINT('',(-0.373301739512646,-0.0169979522207804,-0.0648463044214992));
#1724=CARTESIAN_POINT('',(-0.373301739512646,-0.0154631896481497,-0.04575790470215));
#1725=CARTESIAN_POINT('',(-0.373301739512646,-0.0142172105541974,-0.0458580850267342));
#1726=CARTESIAN_POINT('',(-0.373301739512646,-0.0150183890069957,-0.0402257575250018));
#1727=CARTESIAN_POINT('',(-0.373301739512646,-0.0137724099130434,-0.040325937849586));
#1728=CARTESIAN_POINT('',(-0.266,-0.0169979522207804,-0.0648463044214992));
#1729=CARTESIAN_POINT('',(-0.266,-0.0154631896481497,-0.04575790470215));
#1730=CARTESIAN_POINT('',(-0.266,-0.0142172105541975,-0.0458580850267342));
#1731=CARTESIAN_POINT('',(-0.266,-0.0150183890069957,-0.0402257575250018));
#1732=CARTESIAN_POINT('',(-0.266,-0.0137724099130434,-0.040325937849586));
#1733=CARTESIAN_POINT('',(-0.204974999999997,-0.1258392185783,-0.0313154421505014));
#1734=CARTESIAN_POINT('',(-0.266,-0.0150183890069957,-0.0402257575250018));
#1735=CARTESIAN_POINT('',(-0.266,-0.0117788433627197,-0.0404862263689209));
#1736=CARTESIAN_POINT('',(-0.312276739512643,-0.1258392185783,-0.0313154421505014));
#1737=CARTESIAN_POINT('',(-0.373301739512646,-0.0150183890069957,-0.0402257575250018));
#1738=CARTESIAN_POINT('',(-0.373301739512646,-0.0117788433627197,-0.0404862263689209));
#1739=CARTESIAN_POINT('',(-0.337531161828813,-0.155742716833155,-0.0289111143604793));
#1740=CARTESIAN_POINT('',(-0.398556161828816,-0.0449218872618509,-0.0378214297349797));
#1741=CARTESIAN_POINT('',(-0.398556161828816,-0.0416823416175749,-0.0380818985788988));
#1742=CARTESIAN_POINT('',(-0.338238257897785,-0.239143813560488,-0.0222054248498119));
#1743=CARTESIAN_POINT('',(-0.399263257897788,-0.128322983989183,-0.0311157402243123));
#1744=CARTESIAN_POINT('',(-0.399263257897788,-0.125083438344907,-0.0313762090682314));
#1745=CARTESIAN_POINT('',(-0.338945492887723,-0.322561295841862,-0.0154984178931855));
#1746=CARTESIAN_POINT('',(-0.399970492887727,-0.211740466270558,-0.024408733267686));
#1747=CARTESIAN_POINT('',(-0.399970492887727,-0.208500920626282,-0.024669202111605));
#1748=CARTESIAN_POINT('',(-0.314198129756486,-0.352464794096717,-0.0130940901031634));
#1749=CARTESIAN_POINT('',(-0.37522312975649,-0.241643964525413,-0.0220044054776639));
#1750=CARTESIAN_POINT('',(-0.37522312975649,-0.238404418881137,-0.022264874321583));
#1751=CARTESIAN_POINT('',(-0.204974999999997,-0.352464794096717,-0.0130940901031634));
#1752=CARTESIAN_POINT('',(-0.266,-0.241643964525413,-0.0220044054776639));
#1753=CARTESIAN_POINT('',(-0.266,-0.238404418881137,-0.022264874321583));
#1754=CARTESIAN_POINT('',(-0.404265798148117,-0.127189357098368,-0.0379285087138327));
#1755=CARTESIAN_POINT('',(-0.404326816104412,-0.0162730994058351,-0.0448400425743183));
#1756=CARTESIAN_POINT('',(-0.403993494669711,-0.0163293362829761,-0.045504339037032));
#1757=CARTESIAN_POINT('',(-0.40366017323501,-0.0163855731601171,-0.0461686354997457));
#1758=CARTESIAN_POINT('',(-0.403326851800309,-0.0164418100372581,-0.0468329319624594));
#1759=CARTESIAN_POINT('',(-0.404326807696905,-0.0162730994766583,-0.0448400425686239));
#1760=CARTESIAN_POINT('',(-0.403326851800309,-0.016441810037258,-0.0468329319624594));
#1761=CARTESIAN_POINT('',(-0.403326851812085,-0.0164418114262932,-0.046832931850777));
#1762=CARTESIAN_POINT('',(-0.405232351658717,-0.241194131746915,-0.0287621949418914));
#1763=CARTESIAN_POINT('',(-0.40523235842235,-0.241194131960982,-0.0287621983175308));
#1764=CARTESIAN_POINT('',(-0.405565679852599,-0.24113789455875,-0.028097901897036));
#1765=CARTESIAN_POINT('',(-0.405899001282849,-0.241081657156518,-0.0274336054765412));
#1766=CARTESIAN_POINT('',(-0.406232322713098,-0.241025419754285,-0.0267693090560464));
#1767=CARTESIAN_POINT('',(-0.406232324404005,-0.241025419468832,-0.0267693056861465));
#1768=CARTESIAN_POINT('',(-0.406232324404005,-0.241025419468832,-0.0267693056861465));
#1769=CARTESIAN_POINT('',(-0.380070953652882,-0.222181592985112,-0.0292876309684715));
#1770=CARTESIAN_POINT('',(-0.380070953652882,-0.222261737244779,-0.0302844142436332));
#1771=CARTESIAN_POINT('',(-0.380070953652882,-0.215284254318646,-0.0308454240613051));
#1772=CARTESIAN_POINT('',(-0.378487323563285,-0.0353944051075051,-0.0443058613710392));
#1773=CARTESIAN_POINT('',(-0.378487323563285,-0.0354745493671726,-0.0453026446462011));
#1774=CARTESIAN_POINT('',(-0.378487323563285,-0.0284970664410397,-0.0458636544638729));
#1775=CARTESIAN_POINT('',(-0.266,-0.242180931065184,-0.0286828534212482));
#1776=CARTESIAN_POINT('',(-0.266,-0.242180931065184,-0.0286828534212482));
#1777=CARTESIAN_POINT('',(-0.266,-0.239788651204796,-0.02887519964445));
#1778=CARTESIAN_POINT('',(-0.37522312975649,-0.242180931065184,-0.0286828534212482));
#1779=CARTESIAN_POINT('',(-0.37522312975649,-0.242180931065184,-0.0286828534212482));
#1780=CARTESIAN_POINT('',(-0.37522312975649,-0.239788651204796,-0.02887519964445));
#1781=CARTESIAN_POINT('',(-0.399970492887727,-0.212277432810329,-0.0310871812112702));
#1782=CARTESIAN_POINT('',(-0.399970492887727,-0.212277432810329,-0.0310871812112702));
#1783=CARTESIAN_POINT('',(-0.399970492887727,-0.209885152949941,-0.031279527434472));
#1784=CARTESIAN_POINT('',(-0.399263257897788,-0.128859950528955,-0.0377941881678967));
#1785=CARTESIAN_POINT('',(-0.399263257897788,-0.128859950528955,-0.0377941881678967));
#1786=CARTESIAN_POINT('',(-0.399263257897788,-0.126467670668567,-0.0379865343910985));
#1787=CARTESIAN_POINT('',(-0.398556161828816,-0.0454588538016224,-0.0444998776785641));
#1788=CARTESIAN_POINT('',(-0.398556161828816,-0.0454588538016224,-0.0444998776785641));
#1789=CARTESIAN_POINT('',(-0.398556161828816,-0.043066573941234,-0.0446922239017658));
#1790=CARTESIAN_POINT('',(-0.373301739512646,-0.0155553555467672,-0.0469042054685861));
#1791=CARTESIAN_POINT('',(-0.373301739512646,-0.0155553555467672,-0.0469042054685861));
#1792=CARTESIAN_POINT('',(-0.373301739512646,-0.0131630756863789,-0.0470965516917879));
#1793=CARTESIAN_POINT('',(-0.266,-0.0155553555467672,-0.0469042054685861));
#1794=CARTESIAN_POINT('',(-0.266,-0.0155553555467672,-0.0469042054685861));
#1795=CARTESIAN_POINT('',(-0.266,-0.0131630756863789,-0.0470965516917879));
#1796=CARTESIAN_POINT('',(-0.399276397629528,-0.248017805452006,-0.0262070976195643));
#1797=CARTESIAN_POINT('',(-0.399276397629528,-0.247937661192338,-0.0252103143444024));
#1798=CARTESIAN_POINT('',(-0.401112471194802,-0.248017805794102,-0.0262070975920585));
#1799=CARTESIAN_POINT('',(-0.401112471194802,-0.247937661534434,-0.0252103143168966));
#1800=CARTESIAN_POINT('',(-0.404762485913002,-0.24650643741649,-0.0263286159829938));
#1801=CARTESIAN_POINT('',(-0.404762485913002,-0.246426293156822,-0.0253318327078319));
#1802=CARTESIAN_POINT('',(-0.406247832371215,-0.242855521608139,-0.0266221601784665));
#1803=CARTESIAN_POINT('',(-0.406247832371215,-0.242775377348471,-0.0256253769033046));
#1804=CARTESIAN_POINT('',(-0.406232315949465,-0.241025419540218,-0.0267693056804069));
#1805=CARTESIAN_POINT('',(-0.406232315949465,-0.24094527528055,-0.025772522405245));
#1806=CARTESIAN_POINT('',(-0.406232324404005,-0.241185707988167,-0.0287628722364701));
#1807=CARTESIAN_POINT('',(-0.406232324404005,-0.240945275209165,-0.0257725224109846));
#1808=CARTESIAN_POINT('',(-0.406232315949465,-0.241025419540218,-0.0267693056804069));
#1809=CARTESIAN_POINT('',(-0.406247832371215,-0.242855521608139,-0.0266221601784665));
#1810=CARTESIAN_POINT('',(-0.404762485913002,-0.24650643741649,-0.0263286159829938));
#1811=CARTESIAN_POINT('',(-0.401112471194802,-0.248017805794102,-0.0262070975920586));
#1812=CARTESIAN_POINT('',(-0.399276397629528,-0.248017805452006,-0.0262070976195643));
#1813=CARTESIAN_POINT('',(-0.399276397629887,-0.248017813879652,-0.0262070969419571));
#1814=CARTESIAN_POINT('',(-0.399276397629887,-0.248178102398987,-0.0282006634922808));
#1815=CARTESIAN_POINT('',(-0.399276397629887,-0.247937669619985,-0.0252103136667953));
#1816=CARTESIAN_POINT('',(-0.399187723327964,-0.240916225315846,-0.0257748581064676));
#1817=CARTESIAN_POINT('',(-0.405279570254208,-0.128809547956677,-0.0377982406805553));
#1818=CARTESIAN_POINT('',(-0.404326807696905,-0.0164333879959931,-0.0468336091189476));
#1819=CARTESIAN_POINT('',(-0.404326809400748,-0.0161929552026381,-0.0438432592946161));
#1820=CARTESIAN_POINT('',(-0.405279570254208,-0.128569115177675,-0.0348078908550698));
#1821=CARTESIAN_POINT('',(-0.404326807696905,-0.0162730994766583,-0.0448400425686239));
#1822=CARTESIAN_POINT('',(-0.404326807696905,-0.0161929552169909,-0.043843259293462));
#1823=CARTESIAN_POINT('',(-0.404311463453728,-0.0144629666781256,-0.0449855824835211));
#1824=CARTESIAN_POINT('',(-0.404311463453728,-0.0143828224184582,-0.0439887992083592));
#1825=CARTESIAN_POINT('',(-0.402798597934408,-0.0108755304596827,-0.0452740227362781));
#1826=CARTESIAN_POINT('',(-0.402798597934408,-0.0107953862000153,-0.0442772394611162));
#1827=CARTESIAN_POINT('',(-0.399186928443558,-0.00939790155175126,-0.0453928283762192));
#1828=CARTESIAN_POINT('',(-0.399186928443558,-0.00931775729208385,-0.0443960451010573));
#1829=CARTESIAN_POINT('',(-0.397370889330282,-0.00939790407439219,-0.0453928281733923));
#1830=CARTESIAN_POINT('',(-0.397370889330282,-0.00931775981472478,-0.0443960448982305));
#1831=CARTESIAN_POINT('',(-0.397370889330295,-0.00955818421296472,-0.0473863953975535));
#1832=CARTESIAN_POINT('',(-0.397370889330295,-0.00939789569362992,-0.0453928288472298));
#1833=CARTESIAN_POINT('',(-0.397370889330295,-0.00931775143396252,-0.044396045572068));
#1834=CARTESIAN_POINT('',(-0.397370889330282,-0.00939790407439219,-0.0453928281733923));
#1835=CARTESIAN_POINT('',(-0.399186928443558,-0.00939790155175126,-0.0453928283762192));
#1836=CARTESIAN_POINT('',(-0.402798597934408,-0.0108755304596827,-0.0452740227362781));
#1837=CARTESIAN_POINT('',(-0.404311463453728,-0.0144629666781256,-0.0449855824835211));
#1838=CARTESIAN_POINT('',(-0.404326807696905,-0.0162730994766583,-0.0448400425686239));
#1839=CARTESIAN_POINT('',(-0.397283759461265,-0.0163391371577717,-0.0438315058424236));
#1840=CARTESIAN_POINT('',(-0.403326843392803,-0.0164418101080811,-0.046832931956765));
#1841=CARTESIAN_POINT('',(-0.40331990092883,-0.0148827219921782,-0.0469582871527428));
#1842=CARTESIAN_POINT('',(-0.40267180071956,-0.0133597725476486,-0.0470807366949694));
#1843=CARTESIAN_POINT('',(-0.400464464296499,-0.0111791133805919,-0.0472560680020706));
#1844=CARTESIAN_POINT('',(-0.398924479086405,-0.0105492479557545,-0.0473067110048391));
#1845=CARTESIAN_POINT('',(-0.397370890723854,-0.0105549758688878,-0.0473062504640486));
#1846=CARTESIAN_POINT('',(-0.404326807696905,-0.0162730994766583,-0.0448400425686239));
#1847=CARTESIAN_POINT('',(-0.40431895842529,-0.0144561572451145,-0.0449861299816394));
#1848=CARTESIAN_POINT('',(-0.40356243724646,-0.0126759449602333,-0.0451292642006595));
#1849=CARTESIAN_POINT('',(-0.400981493394631,-0.0101262027094943,-0.0453342708556869));
#1850=CARTESIAN_POINT('',(-0.399181413137211,-0.00939099609596182,-0.0453933835948473));
#1851=CARTESIAN_POINT('',(-0.397370889330282,-0.00939790407439218,-0.0453928281733923));
#1852=CARTESIAN_POINT('',(-0.397370890723855,-0.0105549694338138,-0.0473062543554231));
#1853=CARTESIAN_POINT('',(-0.397370890259331,-0.0101692788356483,-0.0466684469252045));
#1854=CARTESIAN_POINT('',(-0.397370889794807,-0.00978358823748285,-0.0460306394949859));
#1855=CARTESIAN_POINT('',(-0.397370889330284,-0.00939789763931739,-0.0453928320647672));
#1856=CARTESIAN_POINT('',(-0.397370890723854,-0.0105549758688878,-0.0473062504640486));
#1857=CARTESIAN_POINT('',(-0.403326843392804,-0.0164418101080811,-0.046832931956765));
#1858=CARTESIAN_POINT('',(-0.403319919061999,-0.0148867942071612,-0.0469579597348746));
#1859=CARTESIAN_POINT('',(-0.402014069715385,-0.0118208648328698,-0.0472044693283017));
#1860=CARTESIAN_POINT('',(-0.398924471539355,-0.0105492479835798,-0.0473067110026019));
#1861=CARTESIAN_POINT('',(-0.397370890723855,-0.0105549758688877,-0.0473062504640486));
#1862=CARTESIAN_POINT('',(-0.39927639781645,-0.247181310696178,-0.0282808084295554));
#1863=CARTESIAN_POINT('',(-0.400856514146297,-0.247187925917807,-0.0282802765465943));
#1864=CARTESIAN_POINT('',(-0.402407285701893,-0.246540418392011,-0.0283323380253301));
#1865=CARTESIAN_POINT('',(-0.404618464086101,-0.244316257120142,-0.0285111670275381));
#1866=CARTESIAN_POINT('',(-0.40525179655818,-0.242759367526529,-0.028636345455962));
#1867=CARTESIAN_POINT('',(-0.405232351658717,-0.241194131746915,-0.0287621949418914));
#1868=CARTESIAN_POINT('',(-0.399276397629528,-0.248017805452005,-0.0262070976195643));
#1869=CARTESIAN_POINT('',(-0.401117700666096,-0.248025769013778,-0.0262064573261541));
#1870=CARTESIAN_POINT('',(-0.402930473090288,-0.24726998015058,-0.0262672249377455));
#1871=CARTESIAN_POINT('',(-0.405516010559739,-0.244669253319159,-0.0264763309005913));
#1872=CARTESIAN_POINT('',(-0.406255222988724,-0.242849373923512,-0.0266226544700999));
#1873=CARTESIAN_POINT('',(-0.406232315949465,-0.241025419540218,-0.0267693056804069));
#1874=CARTESIAN_POINT('',(-0.399276397816452,-0.247181310696179,-0.0282808084295554));
#1875=CARTESIAN_POINT('',(-0.400852641779191,-0.247187909705984,-0.0282802778500718));
#1876=CARTESIAN_POINT('',(-0.403190935207058,-0.246211256236723,-0.0283588036150961));
#1877=CARTESIAN_POINT('',(-0.404936185410501,-0.243536949638362,-0.0285738256041182));
#1878=CARTESIAN_POINT('',(-0.405242073113003,-0.241976669507236,-0.0286992766415692));
#1879=CARTESIAN_POINT('',(-0.405232351658719,-0.241194131746915,-0.0287621949418913));
#1880=CARTESIAN_POINT('',(-0.39927639781645,-0.247181310696178,-0.0282808084295554));
#1881=CARTESIAN_POINT('',(-0.399276397629889,-0.248017813879652,-0.0262070969419571));
#1882=CARTESIAN_POINT('',(-0.399276397629889,-0.247738982294376,-0.0268983338786208));
#1883=CARTESIAN_POINT('',(-0.399276397629889,-0.247460150709101,-0.0275895708152845));
#1884=CARTESIAN_POINT('',(-0.399276397629889,-0.247181319123825,-0.0282808077519482));
#1885=CARTESIAN_POINT('',(-0.266,-0.0153150830562844,-0.0439158492096509));
#1886=CARTESIAN_POINT('',(-0.266,-0.0151145621185966,-0.041421897455196));
#1887=CARTESIAN_POINT('',(-0.263116859351332,-0.0136193872058538,-0.0415421138446971));
#1888=CARTESIAN_POINT('',(-0.268883140648668,-0.0136193872058538,-0.0415421138446971));
#1889=CARTESIAN_POINT('',(-0.268883140648668,-0.0138199081435416,-0.044036065599152));
#1890=CARTESIAN_POINT('',(-0.268883140648668,-0.0138197478550223,-0.0440340720326017));
#1891=CARTESIAN_POINT('',(-0.266,-0.0153149227677651,-0.0439138556431006));
#1892=CARTESIAN_POINT('',(-0.263116859351332,-0.0138197478550223,-0.0440340720326017));
#1893=CARTESIAN_POINT('',(-0.263116859351332,-0.0138199081435416,-0.044036065599152));
#1894=CARTESIAN_POINT('',(-0.204975,-0.0136193872058538,-0.0415421138446971));
#1895=CARTESIAN_POINT('',(-0.370418598863978,-0.0138199081435416,-0.044036065599152));
#1896=CARTESIAN_POINT('',(-0.370418598863978,-0.0138197478550223,-0.0440340720326017));
#1897=CARTESIAN_POINT('',(-0.370418598863978,-0.0136193872058538,-0.0415421138446971));
#1898=CARTESIAN_POINT('',(-0.204975,-0.0138197478550223,-0.0440340720326017));
#1899=CARTESIAN_POINT('',(-0.204975,-0.0136193872058538,-0.0415421138446971));
#1900=CARTESIAN_POINT('',(-0.373301739512646,-0.0153150830562844,-0.0439158492096509));
#1901=CARTESIAN_POINT('',(-0.373301739512646,-0.0151145621185965,-0.041421897455196));
#1902=CARTESIAN_POINT('',(-0.376184880161314,-0.0136193872058538,-0.0415421138446971));
#1903=CARTESIAN_POINT('',(-0.376184880161314,-0.0138199081435416,-0.044036065599152));
#1904=CARTESIAN_POINT('',(-0.376184880161314,-0.0138197478550223,-0.0440340720326017));
#1905=CARTESIAN_POINT('',(-0.373301739512646,-0.0153149227677651,-0.0439138556431006));
#1906=CARTESIAN_POINT('',(-0.204975,-0.0136193872058538,-0.0415421138446971));
#1907=CARTESIAN_POINT('',(-0.204975,-0.0136193872058538,-0.0415421138446971));
#1908=CARTESIAN_POINT('',(-0.397338209268363,-0.0136197556021269,-0.0415420844753775));
#1909=CARTESIAN_POINT('',(-0.397338207538123,-0.0136193872058538,-0.0415421138446971));
#1910=CARTESIAN_POINT('',(-0.397338209268363,-0.0138201162312594,-0.0440340424140863));
#1911=CARTESIAN_POINT('',(-0.204975,-0.0138197478550223,-0.0440340720326017));
#1912=CARTESIAN_POINT('',(-0.397349729470884,-0.0160724606399289,-0.0413448796422554));
#1913=CARTESIAN_POINT('',(-0.397349729470884,-0.0162728212890974,-0.0438368378301601));
#1914=CARTESIAN_POINT('',(-0.399810359157438,-0.016263576999456,-0.043837581097797));
#1915=CARTESIAN_POINT('',(-0.397349729470884,-0.0160724606399289,-0.0413448796422554));
#1916=CARTESIAN_POINT('',(-0.399810359157438,-0.0160632163502875,-0.0413456229098924));
#1917=CARTESIAN_POINT('',(-0.399810723538524,-0.0160632149934532,-0.0413456230189858));
#1918=CARTESIAN_POINT('',(-0.400763204336279,-0.1284065218491,-0.032312896065304));
#1919=CARTESIAN_POINT('',(-0.400031743754881,-0.0423321823000044,-0.0417435962523598));
#1920=CARTESIAN_POINT('',(-0.400031743754881,-0.0423320220114851,-0.0417416026858094));
#1921=CARTESIAN_POINT('',(-0.400031743754881,-0.0421316613623166,-0.0392496444979048));
#1922=CARTESIAN_POINT('',(-0.400763204336279,-0.128606882498268,-0.0348048542532087));
#1923=CARTESIAN_POINT('',(-0.400763204336279,-0.1284065218491,-0.032312896065304));
#1924=CARTESIAN_POINT('',(-0.398556161828816,-0.0452185813111396,-0.0415115214196288));
#1925=CARTESIAN_POINT('',(-0.398556161828816,-0.0450180603734517,-0.039017569665174));
#1926=CARTESIAN_POINT('',(-0.400080472779731,-0.047879188881217,-0.038787526654038));
#1927=CARTESIAN_POINT('',(-0.400080472779731,-0.0480797098189049,-0.041281478408493));
#1928=CARTESIAN_POINT('',(-0.400080472779731,-0.0480795495303855,-0.0412794848419427));
#1929=CARTESIAN_POINT('',(-0.398556161828816,-0.0452184210226202,-0.0415095278530785));
#1930=CARTESIAN_POINT('',(-0.400763204336279,-0.1284065218491,-0.032312896065304));
#1931=CARTESIAN_POINT('',(-0.400738839823854,-0.125733279027337,-0.0350379067416924));
#1932=CARTESIAN_POINT('',(-0.400738839823854,-0.125733118738818,-0.0350359131751421));
#1933=CARTESIAN_POINT('',(-0.400738839823854,-0.125532758089649,-0.0325439549872375));
#1934=CARTESIAN_POINT('',(-0.400763204336279,-0.128606882498268,-0.0348048542532087));
#1935=CARTESIAN_POINT('',(-0.400763204336279,-0.1284065218491,-0.032312896065304));
#1936=CARTESIAN_POINT('',(-0.399263257897788,-0.128619678038472,-0.0348058319089615));
#1937=CARTESIAN_POINT('',(-0.399263257897788,-0.128419157100784,-0.0323118801545066));
#1938=CARTESIAN_POINT('',(-0.400787568848704,-0.13128028560855,-0.0320818371433707));
#1939=CARTESIAN_POINT('',(-0.400787568848704,-0.131480806546237,-0.0345757888978256));
#1940=CARTESIAN_POINT('',(-0.400787568848704,-0.131480646257718,-0.0345737953312753));
#1941=CARTESIAN_POINT('',(-0.399263257897788,-0.128619517749953,-0.0348038383424112));
#1942=CARTESIAN_POINT('',(-0.400763204336279,-0.1284065218491,-0.032312896065304));
#1943=CARTESIAN_POINT('',(-0.401446074813792,-0.209150761308711,-0.0283308997850659));
#1944=CARTESIAN_POINT('',(-0.401446074813792,-0.209150601020192,-0.0283289062185157));
#1945=CARTESIAN_POINT('',(-0.401446074813792,-0.208950240371023,-0.025836948030611));
#1946=CARTESIAN_POINT('',(-0.400763204336279,-0.128606882498268,-0.0348048542532087));
#1947=CARTESIAN_POINT('',(-0.400763204336279,-0.1284065218491,-0.032312896065304));
#1948=CARTESIAN_POINT('',(-0.399970492887727,-0.212037160319847,-0.028098824952335));
#1949=CARTESIAN_POINT('',(-0.399970492887727,-0.211836639382158,-0.0256048731978801));
#1950=CARTESIAN_POINT('',(-0.401494803838642,-0.214697767889924,-0.0253748301867442));
#1951=CARTESIAN_POINT('',(-0.401494803838642,-0.214898288827611,-0.0278687819411992));
#1952=CARTESIAN_POINT('',(-0.401494803838642,-0.214898128539092,-0.0278667883746489));
#1953=CARTESIAN_POINT('',(-0.399970492887727,-0.212037000031327,-0.0280968313857848));
#1954=CARTESIAN_POINT('',(-0.400763204336279,-0.1284065218491,-0.032312896065304));
#1955=CARTESIAN_POINT('',(-0.400763204336279,-0.1284065218491,-0.032312896065304));
#1956=CARTESIAN_POINT('',(-0.401715288538103,-0.240749833977454,-0.0232801689384881));
#1957=CARTESIAN_POINT('',(-0.401715679948724,-0.240749828748528,-0.0232801691081021));
#1958=CARTESIAN_POINT('',(-0.401715288538105,-0.240950194606763,-0.0257721268771827));
#1959=CARTESIAN_POINT('',(-0.400763204336279,-0.128606882498268,-0.0348048542532087));
#1960=CARTESIAN_POINT('',(-0.399255215603067,-0.240782573698477,-0.0232775363193737));
#1961=CARTESIAN_POINT('',(-0.399255215603067,-0.240982934347646,-0.0257694945072783));
#1962=CARTESIAN_POINT('',(-0.399243160668086,-0.243435283017217,-0.025572318578));
#1963=CARTESIAN_POINT('',(-0.399255215603067,-0.240782573698477,-0.0232775363193737));
#1964=CARTESIAN_POINT('',(-0.399243160668086,-0.243234922368049,-0.0230803603900953));
#1965=CARTESIAN_POINT('',(-0.39924315876302,-0.243235307284567,-0.0230803294416935));
#1966=CARTESIAN_POINT('',(-0.204975,-0.243235312549756,-0.023080329018357));
#1967=CARTESIAN_POINT('',(-0.204975,-0.243235312549756,-0.023080329018357));
#1968=CARTESIAN_POINT('',(-0.378106270405158,-0.243235312549756,-0.023080329018357));
#1969=CARTESIAN_POINT('',(-0.378106270405158,-0.243435833487444,-0.0255742807728119));
#1970=CARTESIAN_POINT('',(-0.378106270405158,-0.243435673198925,-0.0255722872062616));
#1971=CARTESIAN_POINT('',(-0.204975,-0.243435673198925,-0.0255722872062616));
#1972=CARTESIAN_POINT('',(-0.37522312975649,-0.241940658574702,-0.025694497162313));
#1973=CARTESIAN_POINT('',(-0.37522312975649,-0.241740137637013,-0.0232005454078581));
#1974=CARTESIAN_POINT('',(-0.372339989107822,-0.243235312549756,-0.023080329018357));
#1975=CARTESIAN_POINT('',(-0.372339989107822,-0.243435833487444,-0.0255742807728119));
#1976=CARTESIAN_POINT('',(-0.372339989107822,-0.243435673198925,-0.0255722872062616));
#1977=CARTESIAN_POINT('',(-0.37522312975649,-0.241940498286182,-0.0256925035957627));
#1978=CARTESIAN_POINT('',(-0.204975,-0.243235312549756,-0.023080329018357));
#1979=CARTESIAN_POINT('',(-0.204975,-0.243235312549756,-0.023080329018357));
#1980=CARTESIAN_POINT('',(-0.268883140648668,-0.243235312549756,-0.023080329018357));
#1981=CARTESIAN_POINT('',(-0.268883140648668,-0.243435833487444,-0.0255742807728119));
#1982=CARTESIAN_POINT('',(-0.268883140648668,-0.243435673198925,-0.0255722872062616));
#1983=CARTESIAN_POINT('',(-0.204975,-0.243435673198925,-0.0255722872062616));
#1984=CARTESIAN_POINT('',(-0.266,-0.241940658574702,-0.025694497162313));
#1985=CARTESIAN_POINT('',(-0.266,-0.241740137637013,-0.0232005454078581));
#1986=CARTESIAN_POINT('',(-0.263116859351332,-0.243235312549756,-0.023080329018357));
#1987=CARTESIAN_POINT('',(-0.263116859351332,-0.243435833487444,-0.0255742807728119));
#1988=CARTESIAN_POINT('',(-0.263116859351332,-0.243435673198925,-0.0255722872062616));
#1989=CARTESIAN_POINT('',(-0.266,-0.241940498286182,-0.0256925035957627));
#1990=CARTESIAN_POINT('',(-0.399255245775808,-0.24078260352105,-0.0232775339215525));
#1991=CARTESIAN_POINT('',(-0.399255245775808,-0.240982964170219,-0.0257694921094571));
#1992=CARTESIAN_POINT('',(-0.399243159812259,-0.24542885116231,-0.0254120299304412));
#1993=CARTESIAN_POINT('',(-0.40371521871526,-0.240933346728695,-0.0257734814953313));
#1994=CARTESIAN_POINT('',(-0.39924315876306,-0.245228873832791,-0.0229200409225276));
#1995=CARTESIAN_POINT('',(-0.399243159812259,-0.245228490533177,-0.0229200719917324));
#1996=CARTESIAN_POINT('',(-0.399255245775808,-0.24078260352105,-0.0232775339215525));
#1997=CARTESIAN_POINT('',(-0.403715218715299,-0.240732986083029,-0.023281523307145));
#1998=CARTESIAN_POINT('',(-0.403715608533379,-0.240732981746282,-0.0232815236558321));
#1999=CARTESIAN_POINT('',(-0.402763132920933,-0.128389674846853,-0.032314250613034));
#2000=CARTESIAN_POINT('',(-0.402763132920933,-0.128590035496021,-0.0348062088009387));
#2001=CARTESIAN_POINT('',(-0.401810289221558,-0.0162467307472973,-0.0438389355852177));
#2002=CARTESIAN_POINT('',(-0.402763132920933,-0.128389674846853,-0.032314250613034));
#2003=CARTESIAN_POINT('',(-0.401810289221559,-0.0160463701183012,-0.041346977646498));
#2004=CARTESIAN_POINT('',(-0.401810657308488,-0.0160463679474242,-0.041346977570236));
#2005=CARTESIAN_POINT('',(-0.397349757309014,-0.0160724326558301,-0.041344881892258));
#2006=CARTESIAN_POINT('',(-0.397349757309014,-0.0162727933049986,-0.0438368400801626));
#2007=CARTESIAN_POINT('',(-0.397338208491141,-0.0118265482126655,-0.0441943310514743));
#2008=CARTESIAN_POINT('',(-0.397349757309014,-0.0160724326558301,-0.041344881892258));
#2009=CARTESIAN_POINT('',(-0.397338208491141,-0.011626187563497,-0.0417023728635696));
#2010=CARTESIAN_POINT('',(-0.397338207538123,-0.0116258206555301,-0.0417024023640319));
#2011=CARTESIAN_POINT('',(-0.204975,-0.128427349877805,-0.0323112214315271));
#2012=CARTESIAN_POINT('',(-0.204975,-0.0136193872058538,-0.0415421138446971));
#2013=CARTESIAN_POINT('',(-0.256124999999996,-0.0136193872058538,-0.0415421138446971));
#2014=CARTESIAN_POINT('',(-0.256124999999996,-0.128427349877805,-0.0323112214315271));
#2015=CARTESIAN_POINT('',(-0.256124999999996,-0.0116258206555301,-0.0417024023640319));
#2016=CARTESIAN_POINT('',(-0.204975,-0.0116258206555301,-0.0417024023640319));
#2017=CARTESIAN_POINT('',(-0.204975,-0.24522887910008,-0.0229200404990222));
#2018=CARTESIAN_POINT('',(-0.256124999999996,-0.24522887910008,-0.0229200404990222));
#2019=CARTESIAN_POINT('',(-0.256124999999996,-0.128427349877805,-0.0323112214315271));
#2020=CARTESIAN_POINT('',(-0.256124999999996,-0.243235312549756,-0.023080329018357));
#2021=CARTESIAN_POINT('',(-0.204975,-0.243235312549756,-0.023080329018357));
#2022=CARTESIAN_POINT('',(-0.204975,-0.24522887910008,-0.0229200404990222));
#2023=CARTESIAN_POINT('',(-0.204975,-0.245429239749248,-0.0254119986869268));
#2024=CARTESIAN_POINT('',(-0.256124999999996,-0.245429237115603,-0.0254119988986794));
#2025=CARTESIAN_POINT('',(-0.256124999999996,-0.24522887910008,-0.0229200404990222));
#2026=CARTESIAN_POINT('',(-0.204975,-0.0116258206555301,-0.0417024023640319));
#2027=CARTESIAN_POINT('',(-0.256124999999996,-0.0116258206555301,-0.0417024023640319));
#2028=CARTESIAN_POINT('',(-0.256124999999996,-0.0118261813046986,-0.0441943605519365));
#2029=CARTESIAN_POINT('',(-0.204975,-0.0118261813046986,-0.0441943605519365));
#2030=CARTESIAN_POINT('',(-0.204975,-0.128627710526974,-0.0348031796194316));
#2031=CARTESIAN_POINT('',(-0.254,-0.233467840447307,-0.0263737298029356));
#2032=CARTESIAN_POINT('',(-0.26,-0.233467840447307,-0.0263737298029356));
#2033=CARTESIAN_POINT('',(-0.26,-0.128627710526974,-0.0348031796194316));
#2034=CARTESIAN_POINT('',(-0.26,-0.0237875806066407,-0.0432326294359277));
#2035=CARTESIAN_POINT('',(-0.254,-0.0237875806066407,-0.0432326294359277));
#2036=CARTESIAN_POINT('',(-0.204975,-0.00931775143396252,-0.044396045572068));
#2037=CARTESIAN_POINT('',(-0.204975,-0.247937669619985,-0.0252103136667953));
#2038=CARTESIAN_POINT('',(-0.256124999999996,-0.244424220632671,-0.0254928051320757));
#2039=CARTESIAN_POINT('',(-0.256124999999996,-0.243435673198925,-0.0255722872062616));
#2040=CARTESIAN_POINT('',(-0.256124999999996,-0.0128312004212762,-0.0441135541067876));
#2041=CARTESIAN_POINT('',(-0.256124999999996,-0.0138197478550223,-0.0440340720326017));
#2042=CARTESIAN_POINT('',(-0.204975,-0.0138197478550223,-0.0440340720326017));
#2043=CARTESIAN_POINT('',(-0.204975,-0.243435673198925,-0.0255722872062616));
#2044=CARTESIAN_POINT('',(-0.204975,-0.247181319123825,-0.0282808077519482));
#2045=CARTESIAN_POINT('',(-0.399276397629887,-0.247181319123825,-0.0282808077519482));
#2046=CARTESIAN_POINT('',(-0.0106736023701094,-0.248017813879652,-0.0262070969419572));
#2047=CARTESIAN_POINT('',(-0.204975,-0.0105549674881265,-0.0473062511378861));
#2048=CARTESIAN_POINT('',(-0.397370889330295,-0.00939789569362992,-0.0453928288472298));
#2049=CARTESIAN_POINT('',(-0.0125791106696856,-0.0105549674881265,-0.0473062511378861));
#2050=CARTESIAN_POINT('',(-0.204975,-0.128868143305976,-0.0377935294449172));
#2051=CARTESIAN_POINT('',(-0.204975,-0.00955818421296472,-0.0473863953975535));
#2052=CARTESIAN_POINT('',(-0.204975,-0.248178102398987,-0.0282006634922808));
#2053=CARTESIAN_POINT('',(-0.204975,-0.0136193872058538,-0.0415421138446971));
#2054=CARTESIAN_POINT('',(-0.256124999999996,-0.0136193872058538,-0.0415421138446971));
#2055=CARTESIAN_POINT('',(-0.204975,-0.243235312549756,-0.023080329018357));
#2056=CARTESIAN_POINT('',(-0.256124999999996,-0.243235312549756,-0.023080329018357));
#2057=CARTESIAN_POINT('',(-0.256124999999996,-0.242420614140986,-0.000573223253029678));
#2058=CARTESIAN_POINT('',(-0.256124999999996,-0.0108275939295911,-0.0191939722277416));
#2059=CARTESIAN_POINT('',(-0.327616287961547,-0.128467422007639,-0.0328096130691079));
#2060=CARTESIAN_POINT('',(-0.26,-0.0256208586376295,-0.0410787743662692));
#2061=CARTESIAN_POINT('',(-0.25,-0.0256208586376295,-0.0410787743662692));
#2062=CARTESIAN_POINT('',(-0.258,-0.0256208586376295,-0.0410787743662692));
#2063=CARTESIAN_POINT('',(-0.258,-0.128467422007639,-0.0328096130691079));
#2064=CARTESIAN_POINT('',(-0.258,-0.231313985377648,-0.0245404517719468));
#2065=CARTESIAN_POINT('',(-0.327616287961547,-0.231313985377648,-0.0245404517719468));
#2066=CARTESIAN_POINT('',(-0.25,-0.231313985377648,-0.0245404517719468));
#2067=CARTESIAN_POINT('',(-0.25,-0.0236272920873059,-0.041239062885604));
#2068=CARTESIAN_POINT('',(-0.327616287961547,-0.128627710526974,-0.0348031796194316));
#2069=CARTESIAN_POINT('',(-0.254,-0.0237875806066407,-0.0432326294359277));
#2070=CARTESIAN_POINT('',(-0.248,-0.0237875806066407,-0.0432326294359277));
#2071=CARTESIAN_POINT('',(-0.248,-0.128627710526974,-0.0348031796194316));
#2072=CARTESIAN_POINT('',(-0.248,-0.233467840447307,-0.0263737298029356));
#2073=CARTESIAN_POINT('',(-0.254,-0.233467840447307,-0.0263737298029356));
#2074=CARTESIAN_POINT('',(-0.25,-0.128467422007639,-0.0328096130691079));
#2075=CARTESIAN_POINT('',(-0.275872095987181,-0.0493362312320978,-0.013216401813928));
#2076=CARTESIAN_POINT('',(-0.284392820028443,-0.194275410488591,0.00698534891900289));
#2077=CARTESIAN_POINT('',(-0.254,-0.233467840447307,-0.0263737298029356));
#2078=CARTESIAN_POINT('',(-0.258,-0.231313985377648,-0.0245404517719468));
#2079=CARTESIAN_POINT('',(-0.327616287961547,-0.0256208586376295,-0.0410787743662692));
#2080=CARTESIAN_POINT('',(-0.281205429320516,-0.0043498567511464,-0.0660693401590659));
#2081=CARTESIAN_POINT('',(-0.26,-0.128627710526974,-0.0348031796194316));
#2082=MECHANICAL_DESIGN_GEOMETRIC_PRESENTATION_REPRESENTATION('',(#1200),
#2083);
#2083=(
GEOMETRIC_REPRESENTATION_CONTEXT(3)
GLOBAL_UNCERTAINTY_ASSIGNED_CONTEXT((#2084))
GLOBAL_UNIT_ASSIGNED_CONTEXT((#2087,#2086,#2085))
REPRESENTATION_CONTEXT('Bottom-Left','TOP_LEVEL_ASSEMBLY_PART')
);
#2084=UNCERTAINTY_MEASURE_WITH_UNIT(LENGTH_MEASURE(2.E-5),#2087,
'DISTANCE_ACCURACY_VALUE','Maximum Tolerance applied to model');
#2085=(
NAMED_UNIT(*)
SI_UNIT($,.STERADIAN.)
SOLID_ANGLE_UNIT()
);
#2086=(
NAMED_UNIT(*)
PLANE_ANGLE_UNIT()
SI_UNIT($,.RADIAN.)
);
#2087=(
LENGTH_UNIT()
NAMED_UNIT(*)
SI_UNIT($,.METRE.)
);
#2088=PRODUCT_DEFINITION_SHAPE('','',#2089);
#2089=PRODUCT_DEFINITION('','',#2091,#2090);
#2090=PRODUCT_DEFINITION_CONTEXT('',#2097,'design');
#2091=PRODUCT_DEFINITION_FORMATION_WITH_SPECIFIED_SOURCE('','',#2093,
 .NOT_KNOWN.);
#2092=PRODUCT_RELATED_PRODUCT_CATEGORY('','',(#2093));
#2093=PRODUCT('Bottom-Left','Bottom-Left','Bottom-Left',(#2095));
#2094=PRODUCT_CATEGORY('','');
#2095=PRODUCT_CONTEXT('',#2097,'mechanical');
#2096=APPLICATION_PROTOCOL_DEFINITION('international standard',
'ap242_managed_model_based_3d_engineering',2020,#2097);
#2097=APPLICATION_CONTEXT('managed model based 3d engineering');
ENDSEC;
END-ISO-10303-21;
