ISO-10303-21;
HEADER;
/* Generated by software containing ST-Developer
 * from STEP Tools, Inc. (www.steptools.com) 
 */
/* OPTION: using custom renumber hook */

FILE_DESCRIPTION(
/* description */ ('STEP AP242 Edition 2',
'CAx-IF Rec.Pracs.---Representation and Presentation of Product Manufa
cturing Information (PMI)---4.0---2014-10-13',
'CAx-IF Rec.Pracs.---3D Tessellated Geometry---0.4---2014-09-14','2;1',
'CAx-IF Rec.Pracs.---User Defined Attributes---1.5---2016-08-15'),
/* implementation_level */ '2;1');

FILE_NAME(
/* name */ 'Casing - Top-Left',
/* time_stamp */ '2026-09-30T14:44:37Z',
/* author */ (''),
/* organization */ (''),
/* preprocessor_version */ 'ST-DEVELOPER v20',
/* originating_system */ 'ONSHAPE BY PTC INC, 1.221',
/* authorisation */ '  ');

FILE_SCHEMA (('AP242_MANAGED_MODEL_BASED_3D_ENGINEERING_MIM_LF { 1 0 10303 442 3 1 4 }'));
ENDSEC;

DATA;
#10=SHAPE_REPRESENTATION_RELATIONSHIP('','',#12213,#11);
#11=ADVANCED_BREP_SHAPE_REPRESENTATION('',(#12211),#20575);
#12=B_SPLINE_CURVE_WITH_KNOTS('',3,(#18935,#18936,#18937,#18938),
 .UNSPECIFIED.,.F.,.F.,(4,4),(0.,0.00103916470564676),.UNSPECIFIED.);
#13=B_SPLINE_CURVE_WITH_KNOTS('',3,(#18944,#18945,#18946,#18947,#18948),
 .UNSPECIFIED.,.F.,.F.,(4,1,4),(0.,0.00200271224968237,0.00400542449936473),
 .UNSPECIFIED.);
#14=B_SPLINE_CURVE_WITH_KNOTS('',3,(#18949,#18950,#18951,#18952,#18953),
 .UNSPECIFIED.,.F.,.F.,(4,1,4),(0.,0.0032776496712625,0.006555299342525),
 .UNSPECIFIED.);
#15=B_SPLINE_CURVE_WITH_KNOTS('',3,(#18962,#18963,#18964,#18965),
 .UNSPECIFIED.,.F.,.F.,(4,4),(0.,0.000131685929325334),.UNSPECIFIED.);
#16=B_SPLINE_CURVE_WITH_KNOTS('',3,(#18967,#18968,#18969,#18970),
 .UNSPECIFIED.,.F.,.F.,(4,4),(0.,0.000149852013083824),.UNSPECIFIED.);
#17=B_SPLINE_CURVE_WITH_KNOTS('',3,(#18979,#18980,#18981,#18982),
 .UNSPECIFIED.,.F.,.F.,(4,4),(0.,0.000287790306801504),.UNSPECIFIED.);
#18=B_SPLINE_CURVE_WITH_KNOTS('',3,(#18984,#18985,#18986,#18987),
 .UNSPECIFIED.,.F.,.F.,(4,4),(0.,0.000261842903210833),.UNSPECIFIED.);
#19=B_SPLINE_CURVE_WITH_KNOTS('',3,(#18994,#18995,#18996,#18997,#18998),
 .UNSPECIFIED.,.F.,.F.,(4,1,4),(0.,0.00164084583551576,0.00328169167103152),
 .UNSPECIFIED.);
#20=B_SPLINE_CURVE_WITH_KNOTS('',3,(#19001,#19002,#19003,#19004),
 .UNSPECIFIED.,.F.,.F.,(4,4),(0.,0.00171926440721327),.UNSPECIFIED.);
#21=B_SPLINE_CURVE_WITH_KNOTS('',3,(#19007,#19008,#19009,#19010),
 .UNSPECIFIED.,.F.,.F.,(4,4),(0.,0.00312010379802431),.UNSPECIFIED.);
#22=B_SPLINE_CURVE_WITH_KNOTS('',3,(#19015,#19016,#19017,#19018,#19019),
 .UNSPECIFIED.,.F.,.F.,(4,1,4),(0.,0.00327764967126252,0.00655529934252504),
 .UNSPECIFIED.);
#23=B_SPLINE_CURVE_WITH_KNOTS('',3,(#19024,#19025,#19026,#19027,#19028,
#19029,#19030,#19031,#19032,#19033,#19034,#19035,#19036),.UNSPECIFIED.,
 .F.,.F.,(4,1,1,1,1,1,1,1,1,1,4),(4.58682668989223E-16,0.000828024208024225,
0.00124203631203611,0.00165604841604799,0.00207006052005987,0.00248407262407176,
0.00289808472808364,0.00331209683209552,0.00414012104011929,0.00496814524814305,
0.00662419366419059),.UNSPECIFIED.);
#24=B_SPLINE_CURVE_WITH_KNOTS('',3,(#19038,#19039,#19040,#19041),
 .UNSPECIFIED.,.F.,.F.,(4,4),(0.,0.00153329358383415),.UNSPECIFIED.);
#25=B_SPLINE_CURVE_WITH_KNOTS('',3,(#19042,#19043,#19044,#19045),
 .UNSPECIFIED.,.F.,.F.,(4,4),(0.,0.00175906330819361),.UNSPECIFIED.);
#26=B_SPLINE_CURVE_WITH_KNOTS('',3,(#19054,#19055,#19056,#19057),
 .UNSPECIFIED.,.F.,.F.,(4,4),(0.,0.000723499790321236),.UNSPECIFIED.);
#27=B_SPLINE_CURVE_WITH_KNOTS('',3,(#19059,#19060,#19061,#19062,#19063,
#19064),.UNSPECIFIED.,.F.,.F.,(4,1,1,4),(0.,0.00259815565755387,0.00389723348633081,
0.00519631131510775),.UNSPECIFIED.);
#28=B_SPLINE_CURVE_WITH_KNOTS('',3,(#19066,#19067,#19068,#19069,#19070,
#19071,#19072),.UNSPECIFIED.,.F.,.F.,(4,1,1,1,4),(0.,0.00185858341550026,
0.00371716683100051,0.00557575024650077,0.00743433366200103),
 .UNSPECIFIED.);
#29=B_SPLINE_CURVE_WITH_KNOTS('',3,(#19076,#19077,#19078,#19079,#19080,
#19081,#19082),.UNSPECIFIED.,.F.,.F.,(4,1,1,1,4),(0.,0.00185858341550026,
0.00371716683100053,0.00557575024650079,0.00743433366200105),
 .UNSPECIFIED.);
#30=B_SPLINE_CURVE_WITH_KNOTS('',3,(#19087,#19088,#19089,#19090,#19091,
#19092,#19093,#19094,#19095,#19096,#19097,#19098,#19099),.UNSPECIFIED.,
 .F.,.F.,(4,1,1,1,1,1,1,1,1,1,4),(0.,0.00111067990504813,0.00222135981009626,
0.00333203971514439,0.00388737966766845,0.00444271962019252,0.00499805957271658,
0.00555339952524065,0.00666407943028878,0.00777475933533691,0.00888543924038503),
 .UNSPECIFIED.);
#31=B_SPLINE_CURVE_WITH_KNOTS('',3,(#19107,#19108,#19109,#19110),
 .UNSPECIFIED.,.F.,.F.,(4,4),(0.,0.00132423587029217),.UNSPECIFIED.);
#32=B_SPLINE_CURVE_WITH_KNOTS('',3,(#19147,#19148,#19149,#19150,#19151,
#19152,#19153,#19154,#19155),.UNSPECIFIED.,.F.,.F.,(4,1,1,1,1,1,4),(0.,
0.00195919770769476,0.00293879656154214,0.00391839541538952,0.0048979942692369,
0.00587759312308428,0.00783679083077905),.UNSPECIFIED.);
#33=B_SPLINE_CURVE_WITH_KNOTS('',3,(#19177,#19178,#19179,#19180,#19181,
#19182,#19183,#19184,#19185),.UNSPECIFIED.,.F.,.F.,(4,1,1,1,1,1,4),(0.,
0.00195919770769474,0.00293879656154211,0.00391839541538948,0.00489799426923685,
0.00587759312308422,0.00783679083077896),.UNSPECIFIED.);
#34=B_SPLINE_CURVE_WITH_KNOTS('',3,(#19192,#19193,#19194,#19195,#19196,
#19197),.UNSPECIFIED.,.F.,.F.,(4,1,1,4),(0.,0.00111938572110875,0.0022387714422175,
0.00447754288443501),.UNSPECIFIED.);
#35=B_SPLINE_CURVE_WITH_KNOTS('',3,(#19198,#19199,#19200,#19201,#19202,
#19203,#19204),.UNSPECIFIED.,.F.,.F.,(4,1,1,1,4),(0.,0.00185858341550027,
0.00371716683100053,0.0055757502465008,0.00743433366200106),
 .UNSPECIFIED.);
#36=B_SPLINE_CURVE_WITH_KNOTS('',3,(#19208,#19209,#19210,#19211),
 .UNSPECIFIED.,.F.,.F.,(4,4),(0.,0.00240648946842125),.UNSPECIFIED.);
#37=B_SPLINE_CURVE_WITH_KNOTS('',3,(#19212,#19213,#19214,#19215),
 .UNSPECIFIED.,.F.,.F.,(4,4),(0.,0.00150824258295631),.UNSPECIFIED.);
#38=B_SPLINE_CURVE_WITH_KNOTS('',3,(#19217,#19218,#19219,#19220,#19221,
#19222,#19223,#19224,#19225,#19226,#19227,#19228,#19229),.UNSPECIFIED.,
 .F.,.F.,(4,1,1,1,1,1,1,1,1,1,4),(0.,0.00111067990504811,0.00222135981009621,
0.00333203971514432,0.00388737966766837,0.00444271962019243,0.00499805957271648,
0.00555339952524054,0.00666407943028864,0.00777475933533675,0.00888543924038486),
 .UNSPECIFIED.);
#39=B_SPLINE_CURVE_WITH_KNOTS('',3,(#19230,#19231,#19232,#19233,#19234,
#19235,#19236,#19237,#19238,#19239),.UNSPECIFIED.,.F.,.F.,(4,1,1,1,1,1,
1,4),(0.,0.00132546219009591,0.00198819328514386,0.00265092438019181,0.00331365547523977,
0.00397638657028772,0.00463911766533568,0.00530184876038363),
 .UNSPECIFIED.);
#40=TOROIDAL_SURFACE('',#12572,0.002,0.001);
#41=TOROIDAL_SURFACE('',#12579,0.002,0.001);
#42=TOROIDAL_SURFACE('',#12581,0.002,0.001);
#43=TOROIDAL_SURFACE('',#12587,0.002,0.001);
#44=TOROIDAL_SURFACE('',#12618,0.002,0.001);
#45=TOROIDAL_SURFACE('',#12625,0.002,0.001);
#46=TOROIDAL_SURFACE('',#12627,0.002,0.001);
#47=TOROIDAL_SURFACE('',#12633,0.002,0.001);
#48=TOROIDAL_SURFACE('',#12664,0.002,0.001);
#49=TOROIDAL_SURFACE('',#12671,0.002,0.001);
#50=TOROIDAL_SURFACE('',#12673,0.002,0.001);
#51=TOROIDAL_SURFACE('',#12679,0.002,0.001);
#52=TOROIDAL_SURFACE('',#12710,0.002,0.001);
#53=TOROIDAL_SURFACE('',#12717,0.002,0.001);
#54=TOROIDAL_SURFACE('',#12719,0.002,0.001);
#55=TOROIDAL_SURFACE('',#12725,0.002,0.001);
#56=TOROIDAL_SURFACE('',#12827,0.0055,0.002);
#57=TOROIDAL_SURFACE('',#12838,0.0055,0.002);
#58=TOROIDAL_SURFACE('',#12849,0.0055,0.002);
#59=TOROIDAL_SURFACE('',#12860,0.0055,0.002);
#60=TOROIDAL_SURFACE('',#12871,0.0055,0.002);
#61=TOROIDAL_SURFACE('',#12882,0.0055,0.002);
#62=TOROIDAL_SURFACE('',#12893,0.0055,0.002);
#63=TOROIDAL_SURFACE('',#12904,0.0055,0.002);
#64=TOROIDAL_SURFACE('',#12915,0.0055,0.002);
#65=TOROIDAL_SURFACE('',#12926,0.0055,0.002);
#66=TOROIDAL_SURFACE('',#12937,0.0055,0.002);
#67=TOROIDAL_SURFACE('',#12948,0.0055,0.002);
#68=TOROIDAL_SURFACE('',#12959,0.0055,0.002);
#69=TOROIDAL_SURFACE('',#12970,0.0055,0.002);
#70=TOROIDAL_SURFACE('',#12981,0.0055,0.002);
#71=TOROIDAL_SURFACE('',#12992,0.0055,0.002);
#72=TOROIDAL_SURFACE('',#13003,0.0055,0.002);
#73=TOROIDAL_SURFACE('',#13014,0.0055,0.002);
#74=TOROIDAL_SURFACE('',#13025,0.0055,0.002);
#75=TOROIDAL_SURFACE('',#13032,0.0055,0.002);
#76=TOROIDAL_SURFACE('',#13047,0.0055,0.002);
#77=TOROIDAL_SURFACE('',#13069,0.001,0.001);
#78=TOROIDAL_SURFACE('',#13076,0.001,0.001);
#79=TOROIDAL_SURFACE('',#13078,0.001,0.001);
#80=TOROIDAL_SURFACE('',#13084,0.001,0.001);
#81=CONICAL_SURFACE('',#12388,0.0015,0.785398163397442);
#82=CONICAL_SURFACE('',#12391,0.00265,0.785398163397442);
#83=CONICAL_SURFACE('',#12406,0.0015,0.785398163397442);
#84=CONICAL_SURFACE('',#12409,0.00265,0.785398163397442);
#85=CONICAL_SURFACE('',#12424,0.0015,0.785398163397442);
#86=CONICAL_SURFACE('',#12427,0.00265,0.785398163397442);
#87=CONICAL_SURFACE('',#12442,0.0015,0.785398163397442);
#88=CONICAL_SURFACE('',#12445,0.00265,0.785398163397442);
#89=CONICAL_SURFACE('',#12526,0.00265,0.785398163397442);
#90=CONICAL_SURFACE('',#12527,0.0015,0.785398163397442);
#91=CONICAL_SURFACE('',#12828,0.000749999999999973,1.1263771168938);
#92=CONICAL_SURFACE('',#12839,0.000749999999999973,1.1263771168938);
#93=CONICAL_SURFACE('',#12850,0.000749999999999973,1.1263771168938);
#94=CONICAL_SURFACE('',#12861,0.000749999999999973,1.1263771168938);
#95=CONICAL_SURFACE('',#12872,0.000749999999999973,1.1263771168938);
#96=CONICAL_SURFACE('',#12883,0.000749999999999973,1.1263771168938);
#97=CONICAL_SURFACE('',#12894,0.000749999999999973,1.1263771168938);
#98=CONICAL_SURFACE('',#12905,0.000749999999999973,1.1263771168938);
#99=CONICAL_SURFACE('',#12916,0.000749999999999973,1.1263771168938);
#100=CONICAL_SURFACE('',#12927,0.000749999999999973,1.1263771168938);
#101=CONICAL_SURFACE('',#12938,0.000749999999999973,1.1263771168938);
#102=CONICAL_SURFACE('',#12949,0.000749999999999973,1.1263771168938);
#103=CONICAL_SURFACE('',#12960,0.000749999999999973,1.1263771168938);
#104=CONICAL_SURFACE('',#12971,0.000749999999999973,1.1263771168938);
#105=CONICAL_SURFACE('',#12982,0.000749999999999973,1.1263771168938);
#106=CONICAL_SURFACE('',#12993,0.000749999999999973,1.1263771168938);
#107=CONICAL_SURFACE('',#13004,0.000749999999999973,1.1263771168938);
#108=CONICAL_SURFACE('',#13015,0.000749999999999973,1.1263771168938);
#109=CONICAL_SURFACE('',#13026,0.000749999999999973,1.1263771168938);
#110=CONICAL_SURFACE('',#13037,0.000749999999999973,1.1263771168938);
#111=CONICAL_SURFACE('',#13048,0.000749999999999973,1.1263771168938);
#112=CYLINDRICAL_SURFACE('',#12354,0.00375);
#113=CYLINDRICAL_SURFACE('',#12369,0.00375);
#114=CYLINDRICAL_SURFACE('',#12384,0.00375);
#115=CYLINDRICAL_SURFACE('',#12394,0.002675);
#116=CYLINDRICAL_SURFACE('',#12397,0.002675);
#117=CYLINDRICAL_SURFACE('',#12400,0.0015);
#118=CYLINDRICAL_SURFACE('',#12405,0.0015);
#119=CYLINDRICAL_SURFACE('',#12412,0.002675);
#120=CYLINDRICAL_SURFACE('',#12415,0.002675);
#121=CYLINDRICAL_SURFACE('',#12418,0.0015);
#122=CYLINDRICAL_SURFACE('',#12423,0.0015);
#123=CYLINDRICAL_SURFACE('',#12430,0.002675);
#124=CYLINDRICAL_SURFACE('',#12433,0.002675);
#125=CYLINDRICAL_SURFACE('',#12436,0.0015);
#126=CYLINDRICAL_SURFACE('',#12441,0.0015);
#127=CYLINDRICAL_SURFACE('',#12448,0.002675);
#128=CYLINDRICAL_SURFACE('',#12451,0.002675);
#129=CYLINDRICAL_SURFACE('',#12454,0.0015);
#130=CYLINDRICAL_SURFACE('',#12459,0.0015);
#131=CYLINDRICAL_SURFACE('',#12460,0.0015);
#132=CYLINDRICAL_SURFACE('',#12462,0.0015);
#133=CYLINDRICAL_SURFACE('',#12481,0.008);
#134=CYLINDRICAL_SURFACE('',#12482,0.008);
#135=CYLINDRICAL_SURFACE('',#12483,0.008);
#136=CYLINDRICAL_SURFACE('',#12484,0.008);
#137=CYLINDRICAL_SURFACE('',#12485,0.0125);
#138=CYLINDRICAL_SURFACE('',#12489,0.0125);
#139=CYLINDRICAL_SURFACE('',#12492,0.0125);
#140=CYLINDRICAL_SURFACE('',#12495,0.0125);
#141=CYLINDRICAL_SURFACE('',#12498,0.005);
#142=CYLINDRICAL_SURFACE('',#12499,0.005);
#143=CYLINDRICAL_SURFACE('',#12500,0.005);
#144=CYLINDRICAL_SURFACE('',#12501,0.005);
#145=CYLINDRICAL_SURFACE('',#12502,0.0155);
#146=CYLINDRICAL_SURFACE('',#12505,0.0155);
#147=CYLINDRICAL_SURFACE('',#12508,0.0155);
#148=CYLINDRICAL_SURFACE('',#12511,0.0155);
#149=CYLINDRICAL_SURFACE('',#12518,0.002675);
#150=CYLINDRICAL_SURFACE('',#12522,0.002675);
#151=CYLINDRICAL_SURFACE('',#12528,0.00375);
#152=CYLINDRICAL_SURFACE('',#12560,0.0016);
#153=CYLINDRICAL_SURFACE('',#12563,0.0016);
#154=CYLINDRICAL_SURFACE('',#12566,0.0016);
#155=CYLINDRICAL_SURFACE('',#12569,0.0016);
#156=CYLINDRICAL_SURFACE('',#12575,0.001);
#157=CYLINDRICAL_SURFACE('',#12577,0.001);
#158=CYLINDRICAL_SURFACE('',#12583,0.001);
#159=CYLINDRICAL_SURFACE('',#12585,0.001);
#160=CYLINDRICAL_SURFACE('',#12606,0.0016);
#161=CYLINDRICAL_SURFACE('',#12609,0.0016);
#162=CYLINDRICAL_SURFACE('',#12612,0.0016);
#163=CYLINDRICAL_SURFACE('',#12615,0.0016);
#164=CYLINDRICAL_SURFACE('',#12621,0.001);
#165=CYLINDRICAL_SURFACE('',#12623,0.001);
#166=CYLINDRICAL_SURFACE('',#12629,0.001);
#167=CYLINDRICAL_SURFACE('',#12631,0.001);
#168=CYLINDRICAL_SURFACE('',#12652,0.0016);
#169=CYLINDRICAL_SURFACE('',#12655,0.0016);
#170=CYLINDRICAL_SURFACE('',#12658,0.0016);
#171=CYLINDRICAL_SURFACE('',#12661,0.0016);
#172=CYLINDRICAL_SURFACE('',#12667,0.001);
#173=CYLINDRICAL_SURFACE('',#12669,0.001);
#174=CYLINDRICAL_SURFACE('',#12675,0.001);
#175=CYLINDRICAL_SURFACE('',#12677,0.001);
#176=CYLINDRICAL_SURFACE('',#12698,0.0016);
#177=CYLINDRICAL_SURFACE('',#12701,0.0016);
#178=CYLINDRICAL_SURFACE('',#12704,0.0016);
#179=CYLINDRICAL_SURFACE('',#12707,0.0016);
#180=CYLINDRICAL_SURFACE('',#12713,0.001);
#181=CYLINDRICAL_SURFACE('',#12715,0.001);
#182=CYLINDRICAL_SURFACE('',#12721,0.001);
#183=CYLINDRICAL_SURFACE('',#12723,0.001);
#184=CYLINDRICAL_SURFACE('',#12818,0.000749999999999973);
#185=CYLINDRICAL_SURFACE('',#12821,0.0035);
#186=CYLINDRICAL_SURFACE('',#12829,0.000749999999999973);
#187=CYLINDRICAL_SURFACE('',#12832,0.0035);
#188=CYLINDRICAL_SURFACE('',#12840,0.000749999999999973);
#189=CYLINDRICAL_SURFACE('',#12843,0.0035);
#190=CYLINDRICAL_SURFACE('',#12851,0.000749999999999973);
#191=CYLINDRICAL_SURFACE('',#12854,0.0035);
#192=CYLINDRICAL_SURFACE('',#12862,0.000749999999999973);
#193=CYLINDRICAL_SURFACE('',#12865,0.0035);
#194=CYLINDRICAL_SURFACE('',#12873,0.000749999999999973);
#195=CYLINDRICAL_SURFACE('',#12876,0.0035);
#196=CYLINDRICAL_SURFACE('',#12884,0.000749999999999973);
#197=CYLINDRICAL_SURFACE('',#12887,0.0035);
#198=CYLINDRICAL_SURFACE('',#12895,0.000749999999999973);
#199=CYLINDRICAL_SURFACE('',#12898,0.0035);
#200=CYLINDRICAL_SURFACE('',#12906,0.000749999999999973);
#201=CYLINDRICAL_SURFACE('',#12909,0.0035);
#202=CYLINDRICAL_SURFACE('',#12917,0.000749999999999973);
#203=CYLINDRICAL_SURFACE('',#12920,0.0035);
#204=CYLINDRICAL_SURFACE('',#12928,0.000749999999999973);
#205=CYLINDRICAL_SURFACE('',#12931,0.0035);
#206=CYLINDRICAL_SURFACE('',#12939,0.000749999999999973);
#207=CYLINDRICAL_SURFACE('',#12942,0.0035);
#208=CYLINDRICAL_SURFACE('',#12950,0.000749999999999973);
#209=CYLINDRICAL_SURFACE('',#12953,0.0035);
#210=CYLINDRICAL_SURFACE('',#12961,0.000749999999999973);
#211=CYLINDRICAL_SURFACE('',#12964,0.0035);
#212=CYLINDRICAL_SURFACE('',#12972,0.000749999999999973);
#213=CYLINDRICAL_SURFACE('',#12975,0.0035);
#214=CYLINDRICAL_SURFACE('',#12983,0.000749999999999973);
#215=CYLINDRICAL_SURFACE('',#12986,0.0035);
#216=CYLINDRICAL_SURFACE('',#12994,0.000749999999999973);
#217=CYLINDRICAL_SURFACE('',#12997,0.0035);
#218=CYLINDRICAL_SURFACE('',#13005,0.000749999999999973);
#219=CYLINDRICAL_SURFACE('',#13008,0.0035);
#220=CYLINDRICAL_SURFACE('',#13016,0.000749999999999973);
#221=CYLINDRICAL_SURFACE('',#13019,0.0035);
#222=CYLINDRICAL_SURFACE('',#13027,0.0035);
#223=CYLINDRICAL_SURFACE('',#13035,0.000749999999999973);
#224=CYLINDRICAL_SURFACE('',#13038,0.000749999999999973);
#225=CYLINDRICAL_SURFACE('',#13041,0.0035);
#226=CYLINDRICAL_SURFACE('',#13053,0.002);
#227=CYLINDRICAL_SURFACE('',#13055,0.002);
#228=CYLINDRICAL_SURFACE('',#13057,0.002);
#229=CYLINDRICAL_SURFACE('',#13059,0.002);
#230=CYLINDRICAL_SURFACE('',#13065,0.001);
#231=CYLINDRICAL_SURFACE('',#13066,0.001);
#232=CYLINDRICAL_SURFACE('',#13067,0.001);
#233=CYLINDRICAL_SURFACE('',#13068,0.001);
#234=CYLINDRICAL_SURFACE('',#13072,0.001);
#235=CYLINDRICAL_SURFACE('',#13074,0.001);
#236=CYLINDRICAL_SURFACE('',#13080,0.001);
#237=CYLINDRICAL_SURFACE('',#13082,0.001);
#238=CYLINDRICAL_SURFACE('',#13103,0.002);
#239=CYLINDRICAL_SURFACE('',#13118,0.002);
#240=CYLINDRICAL_SURFACE('',#13133,0.002);
#241=CYLINDRICAL_SURFACE('',#13148,0.002);
#242=CYLINDRICAL_SURFACE('',#13163,0.002);
#243=CYLINDRICAL_SURFACE('',#13178,0.002);
#244=CYLINDRICAL_SURFACE('',#13193,0.002);
#245=CYLINDRICAL_SURFACE('',#13208,0.002);
#246=CYLINDRICAL_SURFACE('',#13223,0.002);
#247=CYLINDRICAL_SURFACE('',#13238,0.002);
#248=CYLINDRICAL_SURFACE('',#13253,0.002);
#249=CYLINDRICAL_SURFACE('',#13268,0.002);
#250=CYLINDRICAL_SURFACE('',#13283,0.002);
#251=CYLINDRICAL_SURFACE('',#13298,0.002);
#252=CYLINDRICAL_SURFACE('',#13313,0.002);
#253=CYLINDRICAL_SURFACE('',#13328,0.002);
#254=CYLINDRICAL_SURFACE('',#13331,0.004);
#255=CYLINDRICAL_SURFACE('',#13333,0.004);
#256=CYLINDRICAL_SURFACE('',#13334,0.004);
#257=CYLINDRICAL_SURFACE('',#13335,0.004);
#258=CYLINDRICAL_SURFACE('',#13337,0.004);
#259=CYLINDRICAL_SURFACE('',#13339,0.004);
#260=CYLINDRICAL_SURFACE('',#13340,0.004);
#261=CYLINDRICAL_SURFACE('',#13341,0.004);
#262=CYLINDRICAL_SURFACE('',#13343,0.004);
#263=CYLINDRICAL_SURFACE('',#13345,0.004);
#264=CYLINDRICAL_SURFACE('',#13346,0.004);
#265=CYLINDRICAL_SURFACE('',#13348,0.004);
#266=CYLINDRICAL_SURFACE('',#13349,0.004);
#267=CYLINDRICAL_SURFACE('',#13350,0.004);
#268=CYLINDRICAL_SURFACE('',#13352,0.004);
#269=CYLINDRICAL_SURFACE('',#13354,0.004);
#270=CYLINDRICAL_SURFACE('',#13355,0.004);
#271=CYLINDRICAL_SURFACE('',#13357,0.004);
#272=CYLINDRICAL_SURFACE('',#13358,0.004);
#273=CYLINDRICAL_SURFACE('',#13360,0.004);
#274=CYLINDRICAL_SURFACE('',#13361,0.004);
#275=CYLINDRICAL_SURFACE('',#13362,0.004);
#276=CYLINDRICAL_SURFACE('',#13364,0.004);
#277=CYLINDRICAL_SURFACE('',#13366,0.004);
#278=CYLINDRICAL_SURFACE('',#13367,0.004);
#279=CYLINDRICAL_SURFACE('',#13369,0.004);
#280=CYLINDRICAL_SURFACE('',#13371,0.004);
#281=CYLINDRICAL_SURFACE('',#13372,0.004);
#282=CYLINDRICAL_SURFACE('',#13373,0.004);
#283=CYLINDRICAL_SURFACE('',#13375,0.004);
#284=CYLINDRICAL_SURFACE('',#13376,0.004);
#285=CYLINDRICAL_SURFACE('',#13378,0.004);
#286=CYLINDRICAL_SURFACE('',#13379,0.004);
#287=CYLINDRICAL_SURFACE('',#13380,0.004);
#288=CYLINDRICAL_SURFACE('',#13382,0.004);
#289=CYLINDRICAL_SURFACE('',#13383,0.004);
#290=CYLINDRICAL_SURFACE('',#13385,0.004);
#291=CYLINDRICAL_SURFACE('',#13387,0.004);
#292=CYLINDRICAL_SURFACE('',#13389,0.004);
#293=CYLINDRICAL_SURFACE('',#13390,0.004);
#294=CYLINDRICAL_SURFACE('',#13391,0.004);
#295=CYLINDRICAL_SURFACE('',#13393,0.004);
#296=CYLINDRICAL_SURFACE('',#13395,0.004);
#297=CYLINDRICAL_SURFACE('',#13397,0.004);
#298=CYLINDRICAL_SURFACE('',#13398,0.004);
#299=CYLINDRICAL_SURFACE('',#13399,0.004);
#300=CYLINDRICAL_SURFACE('',#13401,0.004);
#301=CYLINDRICAL_SURFACE('',#13402,0.004);
#302=CYLINDRICAL_SURFACE('',#13403,0.004);
#303=CYLINDRICAL_SURFACE('',#13405,0.004);
#304=CYLINDRICAL_SURFACE('',#13406,0.004);
#305=CYLINDRICAL_SURFACE('',#13407,0.004);
#306=CYLINDRICAL_SURFACE('',#13409,0.004);
#307=CYLINDRICAL_SURFACE('',#13411,0.004);
#308=CYLINDRICAL_SURFACE('',#13413,0.004);
#309=CYLINDRICAL_SURFACE('',#13414,0.004);
#310=CYLINDRICAL_SURFACE('',#13415,0.004);
#311=CYLINDRICAL_SURFACE('',#13416,0.004);
#312=CYLINDRICAL_SURFACE('',#13417,0.004);
#313=CYLINDRICAL_SURFACE('',#13419,0.004);
#314=CYLINDRICAL_SURFACE('',#13421,0.004);
#315=CYLINDRICAL_SURFACE('',#13422,0.004);
#316=CYLINDRICAL_SURFACE('',#13423,0.004);
#317=CYLINDRICAL_SURFACE('',#13425,0.004);
#318=ELLIPSE('',#12257,0.00502921236742713,0.005);
#319=ELLIPSE('',#12258,0.00502921236742713,0.005);
#320=ELLIPSE('',#12259,0.00511400304306926,0.005);
#321=ELLIPSE('',#12260,0.00511400304306926,0.005);
#322=ELLIPSE('',#12325,0.00818240486891082,0.008);
#323=ELLIPSE('',#12326,0.00818240486891082,0.008);
#324=ELLIPSE('',#12327,0.00804673978788341,0.008);
#325=ELLIPSE('',#12328,0.00804673978788341,0.008);
#326=ELLIPSE('',#12472,0.00505447489208047,0.005);
#327=ELLIPSE('',#12473,0.00505539835111466,0.005);
#328=ELLIPSE('',#12474,0.00505539835111466,0.005);
#329=ELLIPSE('',#12475,0.00505447489208047,0.005);
#330=ELLIPSE('',#12476,0.00808715982732874,0.008);
#331=ELLIPSE('',#12477,0.00808863736178346,0.008);
#332=ELLIPSE('',#12478,0.00808863736178346,0.008);
#333=ELLIPSE('',#12479,0.00808715982732874,0.008);
#334=ELLIPSE('',#13099,0.00402203311825406,0.004);
#335=ELLIPSE('',#13100,0.00402203311825406,0.004);
#336=ELLIPSE('',#13115,0.00402203311825406,0.004);
#337=ELLIPSE('',#13116,0.00402203311825406,0.004);
#338=ELLIPSE('',#13130,0.00402203468753067,0.004);
#339=ELLIPSE('',#13131,0.00402203468753067,0.004);
#340=ELLIPSE('',#13145,0.00402203311825406,0.004);
#341=ELLIPSE('',#13146,0.00402203311825406,0.004);
#342=ELLIPSE('',#13160,0.00402203311825406,0.004);
#343=ELLIPSE('',#13161,0.00402203311825406,0.004);
#344=ELLIPSE('',#13175,0.00402203468753067,0.004);
#345=ELLIPSE('',#13176,0.00402203468753067,0.004);
#346=ELLIPSE('',#13190,0.00402203468753067,0.004);
#347=ELLIPSE('',#13191,0.00402203468753067,0.004);
#348=ELLIPSE('',#13204,0.00402203311825406,0.004);
#349=ELLIPSE('',#13205,0.00402203311825406,0.004);
#350=ELLIPSE('',#13220,0.00402203311825406,0.004);
#351=ELLIPSE('',#13221,0.00402203311825406,0.004);
#352=ELLIPSE('',#13234,0.00402203311825406,0.004);
#353=ELLIPSE('',#13235,0.00402203311825406,0.004);
#354=ELLIPSE('',#13249,0.00402203311825406,0.004);
#355=ELLIPSE('',#13250,0.00402203311825406,0.004);
#356=ELLIPSE('',#13265,0.00402203468753067,0.004);
#357=ELLIPSE('',#13266,0.00402203468753067,0.004);
#358=ELLIPSE('',#13279,0.00402203468753067,0.004);
#359=ELLIPSE('',#13280,0.00402203468753067,0.004);
#360=ELLIPSE('',#13295,0.00402203311825406,0.004);
#361=ELLIPSE('',#13296,0.00402203311825406,0.004);
#362=ELLIPSE('',#13310,0.00402203468753067,0.004);
#363=ELLIPSE('',#13311,0.00402203468753067,0.004);
#364=ELLIPSE('',#13325,0.00402203311825406,0.004);
#365=ELLIPSE('',#13326,0.00402203311825406,0.004);
#366=ELLIPSE('',#13332,0.00597790619945842,0.004);
#367=ELLIPSE('',#13336,0.00597790619945842,0.004);
#368=ELLIPSE('',#13338,0.00597790619945842,0.004);
#369=ELLIPSE('',#13342,0.00597790619945842,0.004);
#370=ELLIPSE('',#13344,0.00597790619945842,0.004);
#371=ELLIPSE('',#13347,0.00597790619945842,0.004);
#372=ELLIPSE('',#13351,0.00597790853185801,0.004);
#373=ELLIPSE('',#13353,0.00597790853185801,0.004);
#374=ELLIPSE('',#13356,0.00597790853185801,0.004);
#375=ELLIPSE('',#13359,0.00597790853185801,0.004);
#376=ELLIPSE('',#13363,0.00597790853185801,0.004);
#377=ELLIPSE('',#13365,0.00597790853185801,0.004);
#378=ELLIPSE('',#13368,0.00597790619945845,0.004);
#379=ELLIPSE('',#13370,0.00597790619945845,0.004);
#380=ELLIPSE('',#13374,0.00597790619945845,0.004);
#381=ELLIPSE('',#13377,0.00597790619945845,0.004);
#382=ELLIPSE('',#13381,0.00597790619945845,0.004);
#383=ELLIPSE('',#13384,0.00597790619945845,0.004);
#384=ELLIPSE('',#13386,0.00597790619945842,0.004);
#385=ELLIPSE('',#13388,0.00597790619945842,0.004);
#386=ELLIPSE('',#13392,0.00597790853185802,0.004);
#387=ELLIPSE('',#13394,0.00597790853185802,0.004);
#388=ELLIPSE('',#13396,0.00597790619945842,0.004);
#389=ELLIPSE('',#13400,0.00597790619945842,0.004);
#390=ELLIPSE('',#13404,0.00597790853185799,0.004);
#391=ELLIPSE('',#13408,0.00597790853185799,0.004);
#392=ELLIPSE('',#13410,0.00597790619945845,0.004);
#393=ELLIPSE('',#13412,0.00597790619945845,0.004);
#394=ELLIPSE('',#13418,0.00597790619945845,0.004);
#395=ELLIPSE('',#13420,0.00597790619945845,0.004);
#396=ELLIPSE('',#13424,0.00597790853185804,0.004);
#397=ELLIPSE('',#13426,0.00597790853185804,0.004);
#398=CIRCLE('',#12216,0.001);
#399=CIRCLE('',#12217,0.001);
#400=CIRCLE('',#12222,0.001);
#401=CIRCLE('',#12224,0.001);
#402=CIRCLE('',#12226,0.001);
#403=CIRCLE('',#12227,0.001);
#404=CIRCLE('',#12228,0.001);
#405=CIRCLE('',#12229,0.001);
#406=CIRCLE('',#12230,0.001);
#407=CIRCLE('',#12231,0.001);
#408=CIRCLE('',#12232,0.001);
#409=CIRCLE('',#12233,0.001);
#410=CIRCLE('',#12235,0.0055);
#411=CIRCLE('',#12236,0.0055);
#412=CIRCLE('',#12238,0.0055);
#413=CIRCLE('',#12239,0.0055);
#414=CIRCLE('',#12240,0.0055);
#415=CIRCLE('',#12241,0.0055);
#416=CIRCLE('',#12242,0.0055);
#417=CIRCLE('',#12243,0.0055);
#418=CIRCLE('',#12244,0.0055);
#419=CIRCLE('',#12245,0.0055);
#420=CIRCLE('',#12246,0.0055);
#421=CIRCLE('',#12247,0.0055);
#422=CIRCLE('',#12248,0.0055);
#423=CIRCLE('',#12249,0.0055);
#424=CIRCLE('',#12250,0.0055);
#425=CIRCLE('',#12251,0.0015);
#426=CIRCLE('',#12252,0.0015);
#427=CIRCLE('',#12253,0.0155);
#428=CIRCLE('',#12254,0.0155);
#429=CIRCLE('',#12255,0.0155);
#430=CIRCLE('',#12256,0.0155);
#431=CIRCLE('',#12261,0.0015);
#432=CIRCLE('',#12262,0.0015);
#433=CIRCLE('',#12263,0.0015);
#434=CIRCLE('',#12264,0.0015);
#435=CIRCLE('',#12265,0.0015);
#436=CIRCLE('',#12266,0.0015);
#437=CIRCLE('',#12267,0.0015);
#438=CIRCLE('',#12268,0.0015);
#439=CIRCLE('',#12269,0.0016);
#440=CIRCLE('',#12270,0.0016);
#441=CIRCLE('',#12271,0.0016);
#442=CIRCLE('',#12272,0.0016);
#443=CIRCLE('',#12273,0.0016);
#444=CIRCLE('',#12274,0.0016);
#445=CIRCLE('',#12275,0.0016);
#446=CIRCLE('',#12276,0.0016);
#447=CIRCLE('',#12277,0.0016);
#448=CIRCLE('',#12278,0.0016);
#449=CIRCLE('',#12279,0.0016);
#450=CIRCLE('',#12280,0.0016);
#451=CIRCLE('',#12281,0.0016);
#452=CIRCLE('',#12282,0.0016);
#453=CIRCLE('',#12283,0.0016);
#454=CIRCLE('',#12284,0.0016);
#455=CIRCLE('',#12285,0.0055);
#456=CIRCLE('',#12286,0.0055);
#457=CIRCLE('',#12287,0.0055);
#458=CIRCLE('',#12288,0.0055);
#459=CIRCLE('',#12289,0.0055);
#460=CIRCLE('',#12290,0.0055);
#461=CIRCLE('',#12291,0.0055);
#462=CIRCLE('',#12292,0.0055);
#463=CIRCLE('',#12293,0.0055);
#464=CIRCLE('',#12294,0.0055);
#465=CIRCLE('',#12295,0.0055);
#466=CIRCLE('',#12296,0.0055);
#467=CIRCLE('',#12297,0.0055);
#468=CIRCLE('',#12298,0.0055);
#469=CIRCLE('',#12299,0.0055);
#470=CIRCLE('',#12301,0.002);
#471=CIRCLE('',#12302,0.002);
#472=CIRCLE('',#12303,0.002);
#473=CIRCLE('',#12304,0.002);
#474=CIRCLE('',#12305,0.002);
#475=CIRCLE('',#12306,0.002);
#476=CIRCLE('',#12307,0.002);
#477=CIRCLE('',#12308,0.002);
#478=CIRCLE('',#12309,0.002);
#479=CIRCLE('',#12310,0.002);
#480=CIRCLE('',#12311,0.002);
#481=CIRCLE('',#12312,0.002);
#482=CIRCLE('',#12313,0.002);
#483=CIRCLE('',#12314,0.002);
#484=CIRCLE('',#12315,0.002);
#485=CIRCLE('',#12316,0.002);
#486=CIRCLE('',#12317,0.002675);
#487=CIRCLE('',#12318,0.002675);
#488=CIRCLE('',#12319,0.002675);
#489=CIRCLE('',#12320,0.002675);
#490=CIRCLE('',#12321,0.002675);
#491=CIRCLE('',#12322,0.002675);
#492=CIRCLE('',#12323,0.002675);
#493=CIRCLE('',#12324,0.002675);
#494=CIRCLE('',#12329,0.0125);
#495=CIRCLE('',#12330,0.0125);
#496=CIRCLE('',#12331,0.0125);
#497=CIRCLE('',#12332,0.0125);
#498=CIRCLE('',#12333,0.002675);
#499=CIRCLE('',#12334,0.002675);
#500=CIRCLE('',#12336,0.00375);
#501=CIRCLE('',#12338,0.00375);
#502=CIRCLE('',#12340,0.00375);
#503=CIRCLE('',#12355,0.00375);
#504=CIRCLE('',#12370,0.00375);
#505=CIRCLE('',#12385,0.00375);
#506=CIRCLE('',#12387,0.0155);
#507=CIRCLE('',#12389,0.00265);
#508=CIRCLE('',#12390,0.0015);
#509=CIRCLE('',#12392,0.0015);
#510=CIRCLE('',#12393,0.00265);
#511=CIRCLE('',#12395,0.002675);
#512=CIRCLE('',#12398,0.002675);
#513=CIRCLE('',#12407,0.00265);
#514=CIRCLE('',#12408,0.0015);
#515=CIRCLE('',#12410,0.0015);
#516=CIRCLE('',#12411,0.00265);
#517=CIRCLE('',#12413,0.002675);
#518=CIRCLE('',#12416,0.002675);
#519=CIRCLE('',#12425,0.00265);
#520=CIRCLE('',#12426,0.0015);
#521=CIRCLE('',#12428,0.0015);
#522=CIRCLE('',#12429,0.00265);
#523=CIRCLE('',#12431,0.002675);
#524=CIRCLE('',#12434,0.002675);
#525=CIRCLE('',#12443,0.00265);
#526=CIRCLE('',#12444,0.0015);
#527=CIRCLE('',#12446,0.0015);
#528=CIRCLE('',#12447,0.00265);
#529=CIRCLE('',#12449,0.002675);
#530=CIRCLE('',#12452,0.002675);
#531=CIRCLE('',#12461,0.0015);
#532=CIRCLE('',#12463,0.0015);
#533=CIRCLE('',#12466,0.002);
#534=CIRCLE('',#12467,0.002);
#535=CIRCLE('',#12468,0.002);
#536=CIRCLE('',#12469,0.002);
#537=CIRCLE('',#12486,0.0125);
#538=CIRCLE('',#12488,0.00375);
#539=CIRCLE('',#12490,0.0125);
#540=CIRCLE('',#12493,0.0125);
#541=CIRCLE('',#12496,0.0125);
#542=CIRCLE('',#12504,0.00375);
#543=CIRCLE('',#12506,0.0155);
#544=CIRCLE('',#12509,0.0155);
#545=CIRCLE('',#12512,0.0155);
#546=CIRCLE('',#12519,0.002675);
#547=CIRCLE('',#12521,0.00265);
#548=CIRCLE('',#12523,0.002675);
#549=CIRCLE('',#12525,0.00265);
#550=CIRCLE('',#12556,0.001);
#551=CIRCLE('',#12557,0.001);
#552=CIRCLE('',#12558,0.001);
#553=CIRCLE('',#12559,0.001);
#554=CIRCLE('',#12561,0.0016);
#555=CIRCLE('',#12564,0.0016);
#556=CIRCLE('',#12567,0.0016);
#557=CIRCLE('',#12570,0.0016);
#558=CIRCLE('',#12573,0.001);
#559=CIRCLE('',#12574,0.001);
#560=CIRCLE('',#12576,0.001);
#561=CIRCLE('',#12578,0.001);
#562=CIRCLE('',#12580,0.001);
#563=CIRCLE('',#12582,0.001);
#564=CIRCLE('',#12584,0.001);
#565=CIRCLE('',#12586,0.001);
#566=CIRCLE('',#12602,0.001);
#567=CIRCLE('',#12603,0.001);
#568=CIRCLE('',#12604,0.001);
#569=CIRCLE('',#12605,0.001);
#570=CIRCLE('',#12607,0.0016);
#571=CIRCLE('',#12610,0.0016);
#572=CIRCLE('',#12613,0.0016);
#573=CIRCLE('',#12616,0.0016);
#574=CIRCLE('',#12619,0.001);
#575=CIRCLE('',#12620,0.001);
#576=CIRCLE('',#12622,0.001);
#577=CIRCLE('',#12624,0.001);
#578=CIRCLE('',#12626,0.001);
#579=CIRCLE('',#12628,0.001);
#580=CIRCLE('',#12630,0.001);
#581=CIRCLE('',#12632,0.001);
#582=CIRCLE('',#12648,0.001);
#583=CIRCLE('',#12649,0.001);
#584=CIRCLE('',#12650,0.001);
#585=CIRCLE('',#12651,0.001);
#586=CIRCLE('',#12653,0.0016);
#587=CIRCLE('',#12656,0.0016);
#588=CIRCLE('',#12659,0.0016);
#589=CIRCLE('',#12662,0.0016);
#590=CIRCLE('',#12665,0.001);
#591=CIRCLE('',#12666,0.001);
#592=CIRCLE('',#12668,0.001);
#593=CIRCLE('',#12670,0.001);
#594=CIRCLE('',#12672,0.001);
#595=CIRCLE('',#12674,0.001);
#596=CIRCLE('',#12676,0.001);
#597=CIRCLE('',#12678,0.001);
#598=CIRCLE('',#12694,0.001);
#599=CIRCLE('',#12695,0.001);
#600=CIRCLE('',#12696,0.001);
#601=CIRCLE('',#12697,0.001);
#602=CIRCLE('',#12699,0.0016);
#603=CIRCLE('',#12702,0.0016);
#604=CIRCLE('',#12705,0.0016);
#605=CIRCLE('',#12708,0.0016);
#606=CIRCLE('',#12711,0.001);
#607=CIRCLE('',#12712,0.001);
#608=CIRCLE('',#12714,0.001);
#609=CIRCLE('',#12716,0.001);
#610=CIRCLE('',#12718,0.001);
#611=CIRCLE('',#12720,0.001);
#612=CIRCLE('',#12722,0.001);
#613=CIRCLE('',#12724,0.001);
#614=CIRCLE('',#12819,0.000749999999999973);
#615=CIRCLE('',#12820,0.000749999999999973);
#616=CIRCLE('',#12822,0.0035);
#617=CIRCLE('',#12823,0.0035);
#618=CIRCLE('',#12825,0.00284999999999996);
#619=CIRCLE('',#12830,0.000749999999999973);
#620=CIRCLE('',#12831,0.000749999999999973);
#621=CIRCLE('',#12833,0.0035);
#622=CIRCLE('',#12834,0.0035);
#623=CIRCLE('',#12836,0.00284999999999996);
#624=CIRCLE('',#12841,0.000749999999999973);
#625=CIRCLE('',#12842,0.000749999999999973);
#626=CIRCLE('',#12844,0.0035);
#627=CIRCLE('',#12845,0.0035);
#628=CIRCLE('',#12847,0.00284999999999996);
#629=CIRCLE('',#12852,0.000749999999999973);
#630=CIRCLE('',#12853,0.000749999999999973);
#631=CIRCLE('',#12855,0.0035);
#632=CIRCLE('',#12856,0.0035);
#633=CIRCLE('',#12858,0.00285);
#634=CIRCLE('',#12863,0.000749999999999973);
#635=CIRCLE('',#12864,0.000749999999999973);
#636=CIRCLE('',#12866,0.0035);
#637=CIRCLE('',#12867,0.0035);
#638=CIRCLE('',#12869,0.00285);
#639=CIRCLE('',#12874,0.000749999999999973);
#640=CIRCLE('',#12875,0.000749999999999973);
#641=CIRCLE('',#12877,0.0035);
#642=CIRCLE('',#12878,0.0035);
#643=CIRCLE('',#12880,0.00284999999999996);
#644=CIRCLE('',#12885,0.000749999999999973);
#645=CIRCLE('',#12886,0.000749999999999973);
#646=CIRCLE('',#12888,0.0035);
#647=CIRCLE('',#12889,0.0035);
#648=CIRCLE('',#12891,0.00285);
#649=CIRCLE('',#12896,0.000749999999999973);
#650=CIRCLE('',#12897,0.000749999999999973);
#651=CIRCLE('',#12899,0.0035);
#652=CIRCLE('',#12900,0.0035);
#653=CIRCLE('',#12902,0.00285);
#654=CIRCLE('',#12907,0.000749999999999973);
#655=CIRCLE('',#12908,0.000749999999999973);
#656=CIRCLE('',#12910,0.0035);
#657=CIRCLE('',#12911,0.0035);
#658=CIRCLE('',#12913,0.00284999999999996);
#659=CIRCLE('',#12918,0.000749999999999973);
#660=CIRCLE('',#12919,0.000749999999999973);
#661=CIRCLE('',#12921,0.0035);
#662=CIRCLE('',#12922,0.0035);
#663=CIRCLE('',#12924,0.00284999999999996);
#664=CIRCLE('',#12929,0.000749999999999973);
#665=CIRCLE('',#12930,0.000749999999999973);
#666=CIRCLE('',#12932,0.0035);
#667=CIRCLE('',#12933,0.0035);
#668=CIRCLE('',#12935,0.00284999999999996);
#669=CIRCLE('',#12940,0.000749999999999973);
#670=CIRCLE('',#12941,0.000749999999999973);
#671=CIRCLE('',#12943,0.0035);
#672=CIRCLE('',#12944,0.0035);
#673=CIRCLE('',#12946,0.00284999999999996);
#674=CIRCLE('',#12951,0.000749999999999973);
#675=CIRCLE('',#12952,0.000749999999999973);
#676=CIRCLE('',#12954,0.0035);
#677=CIRCLE('',#12955,0.0035);
#678=CIRCLE('',#12957,0.00285);
#679=CIRCLE('',#12962,0.000749999999999973);
#680=CIRCLE('',#12963,0.000749999999999973);
#681=CIRCLE('',#12965,0.0035);
#682=CIRCLE('',#12966,0.0035);
#683=CIRCLE('',#12968,0.00285);
#684=CIRCLE('',#12973,0.000749999999999973);
#685=CIRCLE('',#12974,0.000749999999999973);
#686=CIRCLE('',#12976,0.0035);
#687=CIRCLE('',#12977,0.0035);
#688=CIRCLE('',#12979,0.00284999999999996);
#689=CIRCLE('',#12984,0.000749999999999973);
#690=CIRCLE('',#12985,0.000749999999999973);
#691=CIRCLE('',#12987,0.0035);
#692=CIRCLE('',#12988,0.0035);
#693=CIRCLE('',#12990,0.00285);
#694=CIRCLE('',#12995,0.000749999999999973);
#695=CIRCLE('',#12996,0.000749999999999973);
#696=CIRCLE('',#12998,0.0035);
#697=CIRCLE('',#12999,0.0035);
#698=CIRCLE('',#13001,0.00285);
#699=CIRCLE('',#13006,0.000749999999999973);
#700=CIRCLE('',#13007,0.000749999999999973);
#701=CIRCLE('',#13009,0.0035);
#702=CIRCLE('',#13010,0.0035);
#703=CIRCLE('',#13012,0.00285);
#704=CIRCLE('',#13017,0.000749999999999973);
#705=CIRCLE('',#13018,0.000749999999999973);
#706=CIRCLE('',#13020,0.0035);
#707=CIRCLE('',#13021,0.0035);
#708=CIRCLE('',#13023,0.00284999999999996);
#709=CIRCLE('',#13028,0.0035);
#710=CIRCLE('',#13029,0.0035);
#711=CIRCLE('',#13031,0.00284999999999996);
#712=CIRCLE('',#13034,0.000749999999999973);
#713=CIRCLE('',#13036,0.000749999999999973);
#714=CIRCLE('',#13039,0.000749999999999973);
#715=CIRCLE('',#13040,0.000749999999999973);
#716=CIRCLE('',#13042,0.0035);
#717=CIRCLE('',#13043,0.0035);
#718=CIRCLE('',#13045,0.00284999999999996);
#719=CIRCLE('',#13054,0.002);
#720=CIRCLE('',#13056,0.002);
#721=CIRCLE('',#13058,0.002);
#722=CIRCLE('',#13060,0.002);
#723=CIRCLE('',#13070,0.001);
#724=CIRCLE('',#13071,0.001);
#725=CIRCLE('',#13073,0.001);
#726=CIRCLE('',#13075,0.001);
#727=CIRCLE('',#13077,0.001);
#728=CIRCLE('',#13079,0.001);
#729=CIRCLE('',#13081,0.001);
#730=CIRCLE('',#13083,0.001);
#731=CIRCLE('',#13094,0.004);
#732=CIRCLE('',#13095,0.004);
#733=CIRCLE('',#13097,0.002);
#734=CIRCLE('',#13098,0.004);
#735=CIRCLE('',#13101,0.004);
#736=CIRCLE('',#13104,0.002);
#737=CIRCLE('',#13109,0.004);
#738=CIRCLE('',#13110,0.004);
#739=CIRCLE('',#13112,0.002);
#740=CIRCLE('',#13113,0.004);
#741=CIRCLE('',#13114,0.004);
#742=CIRCLE('',#13119,0.002);
#743=CIRCLE('',#13124,0.004);
#744=CIRCLE('',#13125,0.004);
#745=CIRCLE('',#13127,0.002);
#746=CIRCLE('',#13128,0.004);
#747=CIRCLE('',#13129,0.004);
#748=CIRCLE('',#13134,0.002);
#749=CIRCLE('',#13139,0.004);
#750=CIRCLE('',#13140,0.004);
#751=CIRCLE('',#13142,0.002);
#752=CIRCLE('',#13143,0.004);
#753=CIRCLE('',#13144,0.004);
#754=CIRCLE('',#13149,0.002);
#755=CIRCLE('',#13154,0.004);
#756=CIRCLE('',#13155,0.004);
#757=CIRCLE('',#13157,0.002);
#758=CIRCLE('',#13158,0.004);
#759=CIRCLE('',#13159,0.004);
#760=CIRCLE('',#13164,0.002);
#761=CIRCLE('',#13169,0.004);
#762=CIRCLE('',#13170,0.004);
#763=CIRCLE('',#13172,0.002);
#764=CIRCLE('',#13173,0.004);
#765=CIRCLE('',#13174,0.004);
#766=CIRCLE('',#13179,0.002);
#767=CIRCLE('',#13184,0.004);
#768=CIRCLE('',#13185,0.004);
#769=CIRCLE('',#13187,0.002);
#770=CIRCLE('',#13188,0.004);
#771=CIRCLE('',#13189,0.004);
#772=CIRCLE('',#13194,0.002);
#773=CIRCLE('',#13199,0.004);
#774=CIRCLE('',#13200,0.004);
#775=CIRCLE('',#13202,0.002);
#776=CIRCLE('',#13203,0.004);
#777=CIRCLE('',#13206,0.004);
#778=CIRCLE('',#13209,0.002);
#779=CIRCLE('',#13214,0.004);
#780=CIRCLE('',#13215,0.004);
#781=CIRCLE('',#13217,0.002);
#782=CIRCLE('',#13218,0.004);
#783=CIRCLE('',#13219,0.004);
#784=CIRCLE('',#13224,0.002);
#785=CIRCLE('',#13229,0.004);
#786=CIRCLE('',#13230,0.004);
#787=CIRCLE('',#13232,0.002);
#788=CIRCLE('',#13233,0.004);
#789=CIRCLE('',#13236,0.004);
#790=CIRCLE('',#13239,0.002);
#791=CIRCLE('',#13244,0.004);
#792=CIRCLE('',#13245,0.004);
#793=CIRCLE('',#13247,0.002);
#794=CIRCLE('',#13248,0.004);
#795=CIRCLE('',#13251,0.004);
#796=CIRCLE('',#13254,0.002);
#797=CIRCLE('',#13259,0.004);
#798=CIRCLE('',#13260,0.004);
#799=CIRCLE('',#13262,0.002);
#800=CIRCLE('',#13263,0.004);
#801=CIRCLE('',#13264,0.004);
#802=CIRCLE('',#13269,0.002);
#803=CIRCLE('',#13274,0.004);
#804=CIRCLE('',#13275,0.004);
#805=CIRCLE('',#13277,0.002);
#806=CIRCLE('',#13278,0.004);
#807=CIRCLE('',#13281,0.004);
#808=CIRCLE('',#13284,0.002);
#809=CIRCLE('',#13289,0.004);
#810=CIRCLE('',#13290,0.004);
#811=CIRCLE('',#13292,0.002);
#812=CIRCLE('',#13293,0.004);
#813=CIRCLE('',#13294,0.004);
#814=CIRCLE('',#13299,0.002);
#815=CIRCLE('',#13304,0.004);
#816=CIRCLE('',#13305,0.004);
#817=CIRCLE('',#13307,0.002);
#818=CIRCLE('',#13308,0.004);
#819=CIRCLE('',#13309,0.004);
#820=CIRCLE('',#13314,0.002);
#821=CIRCLE('',#13319,0.004);
#822=CIRCLE('',#13320,0.004);
#823=CIRCLE('',#13322,0.002);
#824=CIRCLE('',#13323,0.004);
#825=CIRCLE('',#13324,0.004);
#826=CIRCLE('',#13329,0.002);
#827=ORIENTED_EDGE('',*,*,#4025,.T.);
#828=ORIENTED_EDGE('',*,*,#4026,.T.);
#829=ORIENTED_EDGE('',*,*,#4027,.T.);
#830=ORIENTED_EDGE('',*,*,#4028,.T.);
#831=ORIENTED_EDGE('',*,*,#4029,.T.);
#832=ORIENTED_EDGE('',*,*,#4030,.T.);
#833=ORIENTED_EDGE('',*,*,#4031,.T.);
#834=ORIENTED_EDGE('',*,*,#4032,.T.);
#835=ORIENTED_EDGE('',*,*,#4033,.T.);
#836=ORIENTED_EDGE('',*,*,#4034,.F.);
#837=ORIENTED_EDGE('',*,*,#4035,.F.);
#838=ORIENTED_EDGE('',*,*,#4036,.T.);
#839=ORIENTED_EDGE('',*,*,#4037,.T.);
#840=ORIENTED_EDGE('',*,*,#4038,.F.);
#841=ORIENTED_EDGE('',*,*,#4039,.T.);
#842=ORIENTED_EDGE('',*,*,#4040,.F.);
#843=ORIENTED_EDGE('',*,*,#4041,.F.);
#844=ORIENTED_EDGE('',*,*,#4042,.T.);
#845=ORIENTED_EDGE('',*,*,#4043,.F.);
#846=ORIENTED_EDGE('',*,*,#4044,.F.);
#847=ORIENTED_EDGE('',*,*,#4045,.T.);
#848=ORIENTED_EDGE('',*,*,#4046,.F.);
#849=ORIENTED_EDGE('',*,*,#4047,.T.);
#850=ORIENTED_EDGE('',*,*,#4048,.T.);
#851=ORIENTED_EDGE('',*,*,#4049,.T.);
#852=ORIENTED_EDGE('',*,*,#4050,.T.);
#853=ORIENTED_EDGE('',*,*,#4051,.T.);
#854=ORIENTED_EDGE('',*,*,#4052,.T.);
#855=ORIENTED_EDGE('',*,*,#4053,.T.);
#856=ORIENTED_EDGE('',*,*,#4054,.T.);
#857=ORIENTED_EDGE('',*,*,#4055,.T.);
#858=ORIENTED_EDGE('',*,*,#4056,.T.);
#859=ORIENTED_EDGE('',*,*,#4057,.T.);
#860=ORIENTED_EDGE('',*,*,#4058,.T.);
#861=ORIENTED_EDGE('',*,*,#4059,.T.);
#862=ORIENTED_EDGE('',*,*,#4060,.T.);
#863=ORIENTED_EDGE('',*,*,#4061,.T.);
#864=ORIENTED_EDGE('',*,*,#4062,.T.);
#865=ORIENTED_EDGE('',*,*,#4063,.F.);
#866=ORIENTED_EDGE('',*,*,#4064,.F.);
#867=ORIENTED_EDGE('',*,*,#4065,.F.);
#868=ORIENTED_EDGE('',*,*,#4066,.F.);
#869=ORIENTED_EDGE('',*,*,#4067,.T.);
#870=ORIENTED_EDGE('',*,*,#4068,.T.);
#871=ORIENTED_EDGE('',*,*,#4069,.T.);
#872=ORIENTED_EDGE('',*,*,#4070,.T.);
#873=ORIENTED_EDGE('',*,*,#4071,.T.);
#874=ORIENTED_EDGE('',*,*,#4072,.T.);
#875=ORIENTED_EDGE('',*,*,#4073,.T.);
#876=ORIENTED_EDGE('',*,*,#4074,.T.);
#877=ORIENTED_EDGE('',*,*,#4075,.T.);
#878=ORIENTED_EDGE('',*,*,#4076,.T.);
#879=ORIENTED_EDGE('',*,*,#4077,.T.);
#880=ORIENTED_EDGE('',*,*,#4078,.T.);
#881=ORIENTED_EDGE('',*,*,#4079,.T.);
#882=ORIENTED_EDGE('',*,*,#4080,.T.);
#883=ORIENTED_EDGE('',*,*,#4081,.T.);
#884=ORIENTED_EDGE('',*,*,#4082,.T.);
#885=ORIENTED_EDGE('',*,*,#4083,.F.);
#886=ORIENTED_EDGE('',*,*,#4084,.F.);
#887=ORIENTED_EDGE('',*,*,#4085,.T.);
#888=ORIENTED_EDGE('',*,*,#4086,.F.);
#889=ORIENTED_EDGE('',*,*,#4087,.T.);
#890=ORIENTED_EDGE('',*,*,#4088,.T.);
#891=ORIENTED_EDGE('',*,*,#4089,.T.);
#892=ORIENTED_EDGE('',*,*,#4090,.T.);
#893=ORIENTED_EDGE('',*,*,#4091,.T.);
#894=ORIENTED_EDGE('',*,*,#4092,.T.);
#895=ORIENTED_EDGE('',*,*,#4093,.T.);
#896=ORIENTED_EDGE('',*,*,#4094,.T.);
#897=ORIENTED_EDGE('',*,*,#4095,.T.);
#898=ORIENTED_EDGE('',*,*,#4096,.T.);
#899=ORIENTED_EDGE('',*,*,#4097,.T.);
#900=ORIENTED_EDGE('',*,*,#4098,.T.);
#901=ORIENTED_EDGE('',*,*,#4099,.T.);
#902=ORIENTED_EDGE('',*,*,#4100,.T.);
#903=ORIENTED_EDGE('',*,*,#4101,.T.);
#904=ORIENTED_EDGE('',*,*,#4102,.T.);
#905=ORIENTED_EDGE('',*,*,#4103,.T.);
#906=ORIENTED_EDGE('',*,*,#4104,.F.);
#907=ORIENTED_EDGE('',*,*,#4105,.T.);
#908=ORIENTED_EDGE('',*,*,#4106,.F.);
#909=ORIENTED_EDGE('',*,*,#4107,.T.);
#910=ORIENTED_EDGE('',*,*,#4108,.T.);
#911=ORIENTED_EDGE('',*,*,#4109,.T.);
#912=ORIENTED_EDGE('',*,*,#4110,.T.);
#913=ORIENTED_EDGE('',*,*,#4111,.T.);
#914=ORIENTED_EDGE('',*,*,#4112,.T.);
#915=ORIENTED_EDGE('',*,*,#4113,.T.);
#916=ORIENTED_EDGE('',*,*,#4114,.T.);
#917=ORIENTED_EDGE('',*,*,#4115,.F.);
#918=ORIENTED_EDGE('',*,*,#4116,.F.);
#919=ORIENTED_EDGE('',*,*,#4117,.T.);
#920=ORIENTED_EDGE('',*,*,#4118,.T.);
#921=ORIENTED_EDGE('',*,*,#4119,.T.);
#922=ORIENTED_EDGE('',*,*,#4120,.F.);
#923=ORIENTED_EDGE('',*,*,#4121,.T.);
#924=ORIENTED_EDGE('',*,*,#4122,.T.);
#925=ORIENTED_EDGE('',*,*,#4123,.T.);
#926=ORIENTED_EDGE('',*,*,#4124,.T.);
#927=ORIENTED_EDGE('',*,*,#4125,.T.);
#928=ORIENTED_EDGE('',*,*,#4126,.T.);
#929=ORIENTED_EDGE('',*,*,#4127,.T.);
#930=ORIENTED_EDGE('',*,*,#4128,.T.);
#931=ORIENTED_EDGE('',*,*,#4129,.F.);
#932=ORIENTED_EDGE('',*,*,#4130,.T.);
#933=ORIENTED_EDGE('',*,*,#4131,.T.);
#934=ORIENTED_EDGE('',*,*,#4132,.T.);
#935=ORIENTED_EDGE('',*,*,#4133,.T.);
#936=ORIENTED_EDGE('',*,*,#4134,.T.);
#937=ORIENTED_EDGE('',*,*,#4135,.F.);
#938=ORIENTED_EDGE('',*,*,#4136,.T.);
#939=ORIENTED_EDGE('',*,*,#4137,.T.);
#940=ORIENTED_EDGE('',*,*,#4138,.T.);
#941=ORIENTED_EDGE('',*,*,#4139,.F.);
#942=ORIENTED_EDGE('',*,*,#4140,.T.);
#943=ORIENTED_EDGE('',*,*,#4141,.T.);
#944=ORIENTED_EDGE('',*,*,#4142,.T.);
#945=ORIENTED_EDGE('',*,*,#4143,.T.);
#946=ORIENTED_EDGE('',*,*,#4144,.T.);
#947=ORIENTED_EDGE('',*,*,#4145,.T.);
#948=ORIENTED_EDGE('',*,*,#4146,.T.);
#949=ORIENTED_EDGE('',*,*,#4147,.T.);
#950=ORIENTED_EDGE('',*,*,#4148,.T.);
#951=ORIENTED_EDGE('',*,*,#4149,.T.);
#952=ORIENTED_EDGE('',*,*,#4150,.T.);
#953=ORIENTED_EDGE('',*,*,#4151,.T.);
#954=ORIENTED_EDGE('',*,*,#4152,.F.);
#955=ORIENTED_EDGE('',*,*,#4153,.T.);
#956=ORIENTED_EDGE('',*,*,#4154,.T.);
#957=ORIENTED_EDGE('',*,*,#4155,.F.);
#958=ORIENTED_EDGE('',*,*,#4156,.F.);
#959=ORIENTED_EDGE('',*,*,#4157,.T.);
#960=ORIENTED_EDGE('',*,*,#4158,.T.);
#961=ORIENTED_EDGE('',*,*,#4159,.F.);
#962=ORIENTED_EDGE('',*,*,#4160,.F.);
#963=ORIENTED_EDGE('',*,*,#4161,.F.);
#964=ORIENTED_EDGE('',*,*,#4162,.T.);
#965=ORIENTED_EDGE('',*,*,#4163,.T.);
#966=ORIENTED_EDGE('',*,*,#4164,.F.);
#967=ORIENTED_EDGE('',*,*,#4165,.T.);
#968=ORIENTED_EDGE('',*,*,#4166,.T.);
#969=ORIENTED_EDGE('',*,*,#4167,.F.);
#970=ORIENTED_EDGE('',*,*,#4168,.T.);
#971=ORIENTED_EDGE('',*,*,#4169,.T.);
#972=ORIENTED_EDGE('',*,*,#4170,.T.);
#973=ORIENTED_EDGE('',*,*,#4171,.F.);
#974=ORIENTED_EDGE('',*,*,#4172,.F.);
#975=ORIENTED_EDGE('',*,*,#4173,.T.);
#976=ORIENTED_EDGE('',*,*,#4174,.T.);
#977=ORIENTED_EDGE('',*,*,#4175,.F.);
#978=ORIENTED_EDGE('',*,*,#4176,.F.);
#979=ORIENTED_EDGE('',*,*,#4177,.T.);
#980=ORIENTED_EDGE('',*,*,#4178,.T.);
#981=ORIENTED_EDGE('',*,*,#4179,.F.);
#982=ORIENTED_EDGE('',*,*,#4180,.F.);
#983=ORIENTED_EDGE('',*,*,#4181,.T.);
#984=ORIENTED_EDGE('',*,*,#4182,.T.);
#985=ORIENTED_EDGE('',*,*,#4183,.F.);
#986=ORIENTED_EDGE('',*,*,#4184,.F.);
#987=ORIENTED_EDGE('',*,*,#4185,.T.);
#988=ORIENTED_EDGE('',*,*,#4186,.T.);
#989=ORIENTED_EDGE('',*,*,#4187,.F.);
#990=ORIENTED_EDGE('',*,*,#4188,.F.);
#991=ORIENTED_EDGE('',*,*,#4189,.T.);
#992=ORIENTED_EDGE('',*,*,#4190,.T.);
#993=ORIENTED_EDGE('',*,*,#4191,.F.);
#994=ORIENTED_EDGE('',*,*,#4192,.F.);
#995=ORIENTED_EDGE('',*,*,#4193,.T.);
#996=ORIENTED_EDGE('',*,*,#4194,.T.);
#997=ORIENTED_EDGE('',*,*,#4195,.F.);
#998=ORIENTED_EDGE('',*,*,#4196,.F.);
#999=ORIENTED_EDGE('',*,*,#4197,.T.);
#1000=ORIENTED_EDGE('',*,*,#4198,.T.);
#1001=ORIENTED_EDGE('',*,*,#4199,.F.);
#1002=ORIENTED_EDGE('',*,*,#4200,.F.);
#1003=ORIENTED_EDGE('',*,*,#4201,.T.);
#1004=ORIENTED_EDGE('',*,*,#4202,.T.);
#1005=ORIENTED_EDGE('',*,*,#4203,.F.);
#1006=ORIENTED_EDGE('',*,*,#4204,.F.);
#1007=ORIENTED_EDGE('',*,*,#4205,.T.);
#1008=ORIENTED_EDGE('',*,*,#4206,.T.);
#1009=ORIENTED_EDGE('',*,*,#4207,.F.);
#1010=ORIENTED_EDGE('',*,*,#4208,.F.);
#1011=ORIENTED_EDGE('',*,*,#4209,.T.);
#1012=ORIENTED_EDGE('',*,*,#4210,.T.);
#1013=ORIENTED_EDGE('',*,*,#4211,.F.);
#1014=ORIENTED_EDGE('',*,*,#4212,.T.);
#1015=ORIENTED_EDGE('',*,*,#4213,.T.);
#1016=ORIENTED_EDGE('',*,*,#4214,.F.);
#1017=ORIENTED_EDGE('',*,*,#4215,.F.);
#1018=ORIENTED_EDGE('',*,*,#4216,.T.);
#1019=ORIENTED_EDGE('',*,*,#4217,.T.);
#1020=ORIENTED_EDGE('',*,*,#4218,.T.);
#1021=ORIENTED_EDGE('',*,*,#4219,.T.);
#1022=ORIENTED_EDGE('',*,*,#4065,.T.);
#1023=ORIENTED_EDGE('',*,*,#4220,.F.);
#1024=ORIENTED_EDGE('',*,*,#4085,.F.);
#1025=ORIENTED_EDGE('',*,*,#4221,.F.);
#1026=ORIENTED_EDGE('',*,*,#4103,.F.);
#1027=ORIENTED_EDGE('',*,*,#4222,.F.);
#1028=ORIENTED_EDGE('',*,*,#4043,.T.);
#1029=ORIENTED_EDGE('',*,*,#4223,.F.);
#1030=ORIENTED_EDGE('',*,*,#4224,.F.);
#1031=ORIENTED_EDGE('',*,*,#4225,.F.);
#1032=ORIENTED_EDGE('',*,*,#4226,.T.);
#1033=ORIENTED_EDGE('',*,*,#4227,.T.);
#1034=ORIENTED_EDGE('',*,*,#4228,.F.);
#1035=ORIENTED_EDGE('',*,*,#4229,.T.);
#1036=ORIENTED_EDGE('',*,*,#4230,.F.);
#1037=ORIENTED_EDGE('',*,*,#4231,.F.);
#1038=ORIENTED_EDGE('',*,*,#4232,.T.);
#1039=ORIENTED_EDGE('',*,*,#4233,.T.);
#1040=ORIENTED_EDGE('',*,*,#4234,.F.);
#1041=ORIENTED_EDGE('',*,*,#4235,.T.);
#1042=ORIENTED_EDGE('',*,*,#4236,.F.);
#1043=ORIENTED_EDGE('',*,*,#4237,.F.);
#1044=ORIENTED_EDGE('',*,*,#4238,.T.);
#1045=ORIENTED_EDGE('',*,*,#4239,.T.);
#1046=ORIENTED_EDGE('',*,*,#4240,.F.);
#1047=ORIENTED_EDGE('',*,*,#4241,.T.);
#1048=ORIENTED_EDGE('',*,*,#4242,.F.);
#1049=ORIENTED_EDGE('',*,*,#4243,.F.);
#1050=ORIENTED_EDGE('',*,*,#4244,.T.);
#1051=ORIENTED_EDGE('',*,*,#4245,.T.);
#1052=ORIENTED_EDGE('',*,*,#4246,.F.);
#1053=ORIENTED_EDGE('',*,*,#4247,.T.);
#1054=ORIENTED_EDGE('',*,*,#4248,.T.);
#1055=ORIENTED_EDGE('',*,*,#4249,.T.);
#1056=ORIENTED_EDGE('',*,*,#4250,.F.);
#1057=ORIENTED_EDGE('',*,*,#4251,.F.);
#1058=ORIENTED_EDGE('',*,*,#4252,.F.);
#1059=ORIENTED_EDGE('',*,*,#4253,.F.);
#1060=ORIENTED_EDGE('',*,*,#4254,.F.);
#1061=ORIENTED_EDGE('',*,*,#4255,.F.);
#1062=ORIENTED_EDGE('',*,*,#4256,.T.);
#1063=ORIENTED_EDGE('',*,*,#4257,.T.);
#1064=ORIENTED_EDGE('',*,*,#4258,.F.);
#1065=ORIENTED_EDGE('',*,*,#4259,.F.);
#1066=ORIENTED_EDGE('',*,*,#4260,.F.);
#1067=ORIENTED_EDGE('',*,*,#4261,.F.);
#1068=ORIENTED_EDGE('',*,*,#4262,.F.);
#1069=ORIENTED_EDGE('',*,*,#4263,.F.);
#1070=ORIENTED_EDGE('',*,*,#4264,.T.);
#1071=ORIENTED_EDGE('',*,*,#4265,.T.);
#1072=ORIENTED_EDGE('',*,*,#4266,.F.);
#1073=ORIENTED_EDGE('',*,*,#4267,.F.);
#1074=ORIENTED_EDGE('',*,*,#4268,.F.);
#1075=ORIENTED_EDGE('',*,*,#4269,.F.);
#1076=ORIENTED_EDGE('',*,*,#4270,.F.);
#1077=ORIENTED_EDGE('',*,*,#4271,.F.);
#1078=ORIENTED_EDGE('',*,*,#4272,.T.);
#1079=ORIENTED_EDGE('',*,*,#4273,.T.);
#1080=ORIENTED_EDGE('',*,*,#4274,.F.);
#1081=ORIENTED_EDGE('',*,*,#4275,.F.);
#1082=ORIENTED_EDGE('',*,*,#4276,.F.);
#1083=ORIENTED_EDGE('',*,*,#4277,.F.);
#1084=ORIENTED_EDGE('',*,*,#4278,.F.);
#1085=ORIENTED_EDGE('',*,*,#4279,.F.);
#1086=ORIENTED_EDGE('',*,*,#4280,.T.);
#1087=ORIENTED_EDGE('',*,*,#4281,.T.);
#1088=ORIENTED_EDGE('',*,*,#4282,.T.);
#1089=ORIENTED_EDGE('',*,*,#4283,.T.);
#1090=ORIENTED_EDGE('',*,*,#4284,.T.);
#1091=ORIENTED_EDGE('',*,*,#4285,.T.);
#1092=ORIENTED_EDGE('',*,*,#4286,.F.);
#1093=ORIENTED_EDGE('',*,*,#4287,.F.);
#1094=ORIENTED_EDGE('',*,*,#4288,.T.);
#1095=ORIENTED_EDGE('',*,*,#4289,.T.);
#1096=ORIENTED_EDGE('',*,*,#4290,.F.);
#1097=ORIENTED_EDGE('',*,*,#4291,.F.);
#1098=ORIENTED_EDGE('',*,*,#4292,.T.);
#1099=ORIENTED_EDGE('',*,*,#4293,.T.);
#1100=ORIENTED_EDGE('',*,*,#4294,.F.);
#1101=ORIENTED_EDGE('',*,*,#4295,.F.);
#1102=ORIENTED_EDGE('',*,*,#4296,.T.);
#1103=ORIENTED_EDGE('',*,*,#4297,.T.);
#1104=ORIENTED_EDGE('',*,*,#4298,.T.);
#1105=ORIENTED_EDGE('',*,*,#4299,.F.);
#1106=ORIENTED_EDGE('',*,*,#4300,.T.);
#1107=ORIENTED_EDGE('',*,*,#4301,.T.);
#1108=ORIENTED_EDGE('',*,*,#4302,.F.);
#1109=ORIENTED_EDGE('',*,*,#4303,.F.);
#1110=ORIENTED_EDGE('',*,*,#4304,.T.);
#1111=ORIENTED_EDGE('',*,*,#4305,.F.);
#1112=ORIENTED_EDGE('',*,*,#4306,.F.);
#1113=ORIENTED_EDGE('',*,*,#4307,.F.);
#1114=ORIENTED_EDGE('',*,*,#4308,.T.);
#1115=ORIENTED_EDGE('',*,*,#4309,.T.);
#1116=ORIENTED_EDGE('',*,*,#4310,.T.);
#1117=ORIENTED_EDGE('',*,*,#4311,.F.);
#1118=ORIENTED_EDGE('',*,*,#4312,.F.);
#1119=ORIENTED_EDGE('',*,*,#4313,.T.);
#1120=ORIENTED_EDGE('',*,*,#4314,.F.);
#1121=ORIENTED_EDGE('',*,*,#4315,.T.);
#1122=ORIENTED_EDGE('',*,*,#4316,.T.);
#1123=ORIENTED_EDGE('',*,*,#4317,.T.);
#1124=ORIENTED_EDGE('',*,*,#4318,.F.);
#1125=ORIENTED_EDGE('',*,*,#4319,.T.);
#1126=ORIENTED_EDGE('',*,*,#4320,.T.);
#1127=ORIENTED_EDGE('',*,*,#4321,.F.);
#1128=ORIENTED_EDGE('',*,*,#4322,.F.);
#1129=ORIENTED_EDGE('',*,*,#4323,.T.);
#1130=ORIENTED_EDGE('',*,*,#4324,.T.);
#1131=ORIENTED_EDGE('',*,*,#4325,.T.);
#1132=ORIENTED_EDGE('',*,*,#4326,.T.);
#1133=ORIENTED_EDGE('',*,*,#4327,.T.);
#1134=ORIENTED_EDGE('',*,*,#4328,.T.);
#1135=ORIENTED_EDGE('',*,*,#4329,.F.);
#1136=ORIENTED_EDGE('',*,*,#4330,.F.);
#1137=ORIENTED_EDGE('',*,*,#4331,.T.);
#1138=ORIENTED_EDGE('',*,*,#4332,.T.);
#1139=ORIENTED_EDGE('',*,*,#4333,.F.);
#1140=ORIENTED_EDGE('',*,*,#4334,.F.);
#1141=ORIENTED_EDGE('',*,*,#4335,.T.);
#1142=ORIENTED_EDGE('',*,*,#4336,.T.);
#1143=ORIENTED_EDGE('',*,*,#4337,.F.);
#1144=ORIENTED_EDGE('',*,*,#4338,.T.);
#1145=ORIENTED_EDGE('',*,*,#4339,.T.);
#1146=ORIENTED_EDGE('',*,*,#4340,.T.);
#1147=ORIENTED_EDGE('',*,*,#4341,.F.);
#1148=ORIENTED_EDGE('',*,*,#4342,.F.);
#1149=ORIENTED_EDGE('',*,*,#4343,.F.);
#1150=ORIENTED_EDGE('',*,*,#4344,.T.);
#1151=ORIENTED_EDGE('',*,*,#4345,.F.);
#1152=ORIENTED_EDGE('',*,*,#4346,.T.);
#1153=ORIENTED_EDGE('',*,*,#4347,.T.);
#1154=ORIENTED_EDGE('',*,*,#4348,.T.);
#1155=ORIENTED_EDGE('',*,*,#4349,.T.);
#1156=ORIENTED_EDGE('',*,*,#4350,.F.);
#1157=ORIENTED_EDGE('',*,*,#4351,.T.);
#1158=ORIENTED_EDGE('',*,*,#4352,.F.);
#1159=ORIENTED_EDGE('',*,*,#4353,.F.);
#1160=ORIENTED_EDGE('',*,*,#4354,.F.);
#1161=ORIENTED_EDGE('',*,*,#4355,.T.);
#1162=ORIENTED_EDGE('',*,*,#4356,.T.);
#1163=ORIENTED_EDGE('',*,*,#4357,.F.);
#1164=ORIENTED_EDGE('',*,*,#4358,.F.);
#1165=ORIENTED_EDGE('',*,*,#4359,.F.);
#1166=ORIENTED_EDGE('',*,*,#4360,.T.);
#1167=ORIENTED_EDGE('',*,*,#4361,.T.);
#1168=ORIENTED_EDGE('',*,*,#4362,.F.);
#1169=ORIENTED_EDGE('',*,*,#4363,.F.);
#1170=ORIENTED_EDGE('',*,*,#4364,.T.);
#1171=ORIENTED_EDGE('',*,*,#4365,.T.);
#1172=ORIENTED_EDGE('',*,*,#4366,.F.);
#1173=ORIENTED_EDGE('',*,*,#4367,.F.);
#1174=ORIENTED_EDGE('',*,*,#4368,.T.);
#1175=ORIENTED_EDGE('',*,*,#4369,.T.);
#1176=ORIENTED_EDGE('',*,*,#4370,.F.);
#1177=ORIENTED_EDGE('',*,*,#4371,.F.);
#1178=ORIENTED_EDGE('',*,*,#4372,.F.);
#1179=ORIENTED_EDGE('',*,*,#4373,.T.);
#1180=ORIENTED_EDGE('',*,*,#4374,.T.);
#1181=ORIENTED_EDGE('',*,*,#4375,.F.);
#1182=ORIENTED_EDGE('',*,*,#4376,.F.);
#1183=ORIENTED_EDGE('',*,*,#4377,.T.);
#1184=ORIENTED_EDGE('',*,*,#4378,.T.);
#1185=ORIENTED_EDGE('',*,*,#4379,.T.);
#1186=ORIENTED_EDGE('',*,*,#4380,.F.);
#1187=ORIENTED_EDGE('',*,*,#4381,.T.);
#1188=ORIENTED_EDGE('',*,*,#4382,.T.);
#1189=ORIENTED_EDGE('',*,*,#4383,.F.);
#1190=ORIENTED_EDGE('',*,*,#4384,.T.);
#1191=ORIENTED_EDGE('',*,*,#4385,.T.);
#1192=ORIENTED_EDGE('',*,*,#4386,.F.);
#1193=ORIENTED_EDGE('',*,*,#4387,.F.);
#1194=ORIENTED_EDGE('',*,*,#4388,.T.);
#1195=ORIENTED_EDGE('',*,*,#4389,.F.);
#1196=ORIENTED_EDGE('',*,*,#4390,.T.);
#1197=ORIENTED_EDGE('',*,*,#4391,.F.);
#1198=ORIENTED_EDGE('',*,*,#4392,.T.);
#1199=ORIENTED_EDGE('',*,*,#4393,.F.);
#1200=ORIENTED_EDGE('',*,*,#4394,.T.);
#1201=ORIENTED_EDGE('',*,*,#4395,.F.);
#1202=ORIENTED_EDGE('',*,*,#4396,.T.);
#1203=ORIENTED_EDGE('',*,*,#4397,.F.);
#1204=ORIENTED_EDGE('',*,*,#4398,.T.);
#1205=ORIENTED_EDGE('',*,*,#4399,.F.);
#1206=ORIENTED_EDGE('',*,*,#4400,.T.);
#1207=ORIENTED_EDGE('',*,*,#4401,.F.);
#1208=ORIENTED_EDGE('',*,*,#4402,.T.);
#1209=ORIENTED_EDGE('',*,*,#4403,.F.);
#1210=ORIENTED_EDGE('',*,*,#4404,.T.);
#1211=ORIENTED_EDGE('',*,*,#4405,.F.);
#1212=ORIENTED_EDGE('',*,*,#4406,.T.);
#1213=ORIENTED_EDGE('',*,*,#4407,.F.);
#1214=ORIENTED_EDGE('',*,*,#4408,.T.);
#1215=ORIENTED_EDGE('',*,*,#4409,.F.);
#1216=ORIENTED_EDGE('',*,*,#4410,.T.);
#1217=ORIENTED_EDGE('',*,*,#4411,.F.);
#1218=ORIENTED_EDGE('',*,*,#4412,.T.);
#1219=ORIENTED_EDGE('',*,*,#4413,.F.);
#1220=ORIENTED_EDGE('',*,*,#4414,.T.);
#1221=ORIENTED_EDGE('',*,*,#4415,.F.);
#1222=ORIENTED_EDGE('',*,*,#4416,.T.);
#1223=ORIENTED_EDGE('',*,*,#4417,.F.);
#1224=ORIENTED_EDGE('',*,*,#4418,.T.);
#1225=ORIENTED_EDGE('',*,*,#4419,.F.);
#1226=ORIENTED_EDGE('',*,*,#4420,.T.);
#1227=ORIENTED_EDGE('',*,*,#4421,.F.);
#1228=ORIENTED_EDGE('',*,*,#4422,.T.);
#1229=ORIENTED_EDGE('',*,*,#4423,.T.);
#1230=ORIENTED_EDGE('',*,*,#4424,.F.);
#1231=ORIENTED_EDGE('',*,*,#4425,.F.);
#1232=ORIENTED_EDGE('',*,*,#4426,.T.);
#1233=ORIENTED_EDGE('',*,*,#4427,.F.);
#1234=ORIENTED_EDGE('',*,*,#4428,.T.);
#1235=ORIENTED_EDGE('',*,*,#4429,.T.);
#1236=ORIENTED_EDGE('',*,*,#4430,.F.);
#1237=ORIENTED_EDGE('',*,*,#4431,.F.);
#1238=ORIENTED_EDGE('',*,*,#4432,.T.);
#1239=ORIENTED_EDGE('',*,*,#4433,.F.);
#1240=ORIENTED_EDGE('',*,*,#4434,.T.);
#1241=ORIENTED_EDGE('',*,*,#4435,.T.);
#1242=ORIENTED_EDGE('',*,*,#4436,.F.);
#1243=ORIENTED_EDGE('',*,*,#4437,.F.);
#1244=ORIENTED_EDGE('',*,*,#4438,.T.);
#1245=ORIENTED_EDGE('',*,*,#4439,.F.);
#1246=ORIENTED_EDGE('',*,*,#4440,.T.);
#1247=ORIENTED_EDGE('',*,*,#4441,.T.);
#1248=ORIENTED_EDGE('',*,*,#4442,.F.);
#1249=ORIENTED_EDGE('',*,*,#4443,.F.);
#1250=ORIENTED_EDGE('',*,*,#4444,.T.);
#1251=ORIENTED_EDGE('',*,*,#4445,.F.);
#1252=ORIENTED_EDGE('',*,*,#4446,.T.);
#1253=ORIENTED_EDGE('',*,*,#4447,.T.);
#1254=ORIENTED_EDGE('',*,*,#4448,.T.);
#1255=ORIENTED_EDGE('',*,*,#4449,.T.);
#1256=ORIENTED_EDGE('',*,*,#4450,.T.);
#1257=ORIENTED_EDGE('',*,*,#4451,.F.);
#1258=ORIENTED_EDGE('',*,*,#4452,.F.);
#1259=ORIENTED_EDGE('',*,*,#4453,.F.);
#1260=ORIENTED_EDGE('',*,*,#4454,.F.);
#1261=ORIENTED_EDGE('',*,*,#4455,.F.);
#1262=ORIENTED_EDGE('',*,*,#4456,.T.);
#1263=ORIENTED_EDGE('',*,*,#4457,.T.);
#1264=ORIENTED_EDGE('',*,*,#4458,.F.);
#1265=ORIENTED_EDGE('',*,*,#4459,.T.);
#1266=ORIENTED_EDGE('',*,*,#4460,.F.);
#1267=ORIENTED_EDGE('',*,*,#4461,.F.);
#1268=ORIENTED_EDGE('',*,*,#4462,.T.);
#1269=ORIENTED_EDGE('',*,*,#4463,.T.);
#1270=ORIENTED_EDGE('',*,*,#4464,.F.);
#1271=ORIENTED_EDGE('',*,*,#4465,.T.);
#1272=ORIENTED_EDGE('',*,*,#4466,.T.);
#1273=ORIENTED_EDGE('',*,*,#4467,.F.);
#1274=ORIENTED_EDGE('',*,*,#4468,.F.);
#1275=ORIENTED_EDGE('',*,*,#4469,.F.);
#1276=ORIENTED_EDGE('',*,*,#4470,.T.);
#1277=ORIENTED_EDGE('',*,*,#4471,.T.);
#1278=ORIENTED_EDGE('',*,*,#4472,.F.);
#1279=ORIENTED_EDGE('',*,*,#4473,.T.);
#1280=ORIENTED_EDGE('',*,*,#4474,.T.);
#1281=ORIENTED_EDGE('',*,*,#4475,.F.);
#1282=ORIENTED_EDGE('',*,*,#4476,.F.);
#1283=ORIENTED_EDGE('',*,*,#4477,.F.);
#1284=ORIENTED_EDGE('',*,*,#4478,.T.);
#1285=ORIENTED_EDGE('',*,*,#4479,.T.);
#1286=ORIENTED_EDGE('',*,*,#4480,.F.);
#1287=ORIENTED_EDGE('',*,*,#4481,.T.);
#1288=ORIENTED_EDGE('',*,*,#4482,.T.);
#1289=ORIENTED_EDGE('',*,*,#4483,.F.);
#1290=ORIENTED_EDGE('',*,*,#4484,.F.);
#1291=ORIENTED_EDGE('',*,*,#4485,.T.);
#1292=ORIENTED_EDGE('',*,*,#4486,.T.);
#1293=ORIENTED_EDGE('',*,*,#4487,.F.);
#1294=ORIENTED_EDGE('',*,*,#4488,.F.);
#1295=ORIENTED_EDGE('',*,*,#4489,.F.);
#1296=ORIENTED_EDGE('',*,*,#4490,.T.);
#1297=ORIENTED_EDGE('',*,*,#4491,.T.);
#1298=ORIENTED_EDGE('',*,*,#4492,.F.);
#1299=ORIENTED_EDGE('',*,*,#4493,.F.);
#1300=ORIENTED_EDGE('',*,*,#4494,.T.);
#1301=ORIENTED_EDGE('',*,*,#4495,.T.);
#1302=ORIENTED_EDGE('',*,*,#4496,.T.);
#1303=ORIENTED_EDGE('',*,*,#4497,.T.);
#1304=ORIENTED_EDGE('',*,*,#4498,.F.);
#1305=ORIENTED_EDGE('',*,*,#4499,.T.);
#1306=ORIENTED_EDGE('',*,*,#4500,.F.);
#1307=ORIENTED_EDGE('',*,*,#4501,.F.);
#1308=ORIENTED_EDGE('',*,*,#4502,.F.);
#1309=ORIENTED_EDGE('',*,*,#4503,.F.);
#1310=ORIENTED_EDGE('',*,*,#4504,.T.);
#1311=ORIENTED_EDGE('',*,*,#4505,.T.);
#1312=ORIENTED_EDGE('',*,*,#4506,.T.);
#1313=ORIENTED_EDGE('',*,*,#4507,.F.);
#1314=ORIENTED_EDGE('',*,*,#4508,.F.);
#1315=ORIENTED_EDGE('',*,*,#4509,.T.);
#1316=ORIENTED_EDGE('',*,*,#4510,.T.);
#1317=ORIENTED_EDGE('',*,*,#4511,.F.);
#1318=ORIENTED_EDGE('',*,*,#4512,.F.);
#1319=ORIENTED_EDGE('',*,*,#4513,.T.);
#1320=ORIENTED_EDGE('',*,*,#4514,.T.);
#1321=ORIENTED_EDGE('',*,*,#4515,.F.);
#1322=ORIENTED_EDGE('',*,*,#4516,.F.);
#1323=ORIENTED_EDGE('',*,*,#4517,.F.);
#1324=ORIENTED_EDGE('',*,*,#4518,.T.);
#1325=ORIENTED_EDGE('',*,*,#4519,.T.);
#1326=ORIENTED_EDGE('',*,*,#4520,.F.);
#1327=ORIENTED_EDGE('',*,*,#4521,.F.);
#1328=ORIENTED_EDGE('',*,*,#4522,.T.);
#1329=ORIENTED_EDGE('',*,*,#4523,.T.);
#1330=ORIENTED_EDGE('',*,*,#4524,.F.);
#1331=ORIENTED_EDGE('',*,*,#4525,.F.);
#1332=ORIENTED_EDGE('',*,*,#4526,.T.);
#1333=ORIENTED_EDGE('',*,*,#4527,.T.);
#1334=ORIENTED_EDGE('',*,*,#4528,.F.);
#1335=ORIENTED_EDGE('',*,*,#4529,.F.);
#1336=ORIENTED_EDGE('',*,*,#4530,.T.);
#1337=ORIENTED_EDGE('',*,*,#4531,.T.);
#1338=ORIENTED_EDGE('',*,*,#4532,.F.);
#1339=ORIENTED_EDGE('',*,*,#4533,.F.);
#1340=ORIENTED_EDGE('',*,*,#4534,.T.);
#1341=ORIENTED_EDGE('',*,*,#4535,.T.);
#1342=ORIENTED_EDGE('',*,*,#4536,.F.);
#1343=ORIENTED_EDGE('',*,*,#4537,.F.);
#1344=ORIENTED_EDGE('',*,*,#4538,.T.);
#1345=ORIENTED_EDGE('',*,*,#4539,.T.);
#1346=ORIENTED_EDGE('',*,*,#4540,.T.);
#1347=ORIENTED_EDGE('',*,*,#4541,.F.);
#1348=ORIENTED_EDGE('',*,*,#4542,.T.);
#1349=ORIENTED_EDGE('',*,*,#4543,.F.);
#1350=ORIENTED_EDGE('',*,*,#4544,.F.);
#1351=ORIENTED_EDGE('',*,*,#4545,.T.);
#1352=ORIENTED_EDGE('',*,*,#4546,.F.);
#1353=ORIENTED_EDGE('',*,*,#4547,.T.);
#1354=ORIENTED_EDGE('',*,*,#4548,.T.);
#1355=ORIENTED_EDGE('',*,*,#4549,.T.);
#1356=ORIENTED_EDGE('',*,*,#4550,.F.);
#1357=ORIENTED_EDGE('',*,*,#4551,.T.);
#1358=ORIENTED_EDGE('',*,*,#4552,.F.);
#1359=ORIENTED_EDGE('',*,*,#4553,.F.);
#1360=ORIENTED_EDGE('',*,*,#4554,.T.);
#1361=ORIENTED_EDGE('',*,*,#4555,.F.);
#1362=ORIENTED_EDGE('',*,*,#4556,.T.);
#1363=ORIENTED_EDGE('',*,*,#4557,.T.);
#1364=ORIENTED_EDGE('',*,*,#4558,.T.);
#1365=ORIENTED_EDGE('',*,*,#4559,.F.);
#1366=ORIENTED_EDGE('',*,*,#4560,.T.);
#1367=ORIENTED_EDGE('',*,*,#4561,.F.);
#1368=ORIENTED_EDGE('',*,*,#4562,.F.);
#1369=ORIENTED_EDGE('',*,*,#4563,.T.);
#1370=ORIENTED_EDGE('',*,*,#4539,.F.);
#1371=ORIENTED_EDGE('',*,*,#4564,.F.);
#1372=ORIENTED_EDGE('',*,*,#4565,.T.);
#1373=ORIENTED_EDGE('',*,*,#4566,.T.);
#1374=ORIENTED_EDGE('',*,*,#4541,.T.);
#1375=ORIENTED_EDGE('',*,*,#4567,.F.);
#1376=ORIENTED_EDGE('',*,*,#4568,.F.);
#1377=ORIENTED_EDGE('',*,*,#4569,.T.);
#1378=ORIENTED_EDGE('',*,*,#4540,.F.);
#1379=ORIENTED_EDGE('',*,*,#4566,.F.);
#1380=ORIENTED_EDGE('',*,*,#4570,.T.);
#1381=ORIENTED_EDGE('',*,*,#4567,.T.);
#1382=ORIENTED_EDGE('',*,*,#4565,.F.);
#1383=ORIENTED_EDGE('',*,*,#4571,.T.);
#1384=ORIENTED_EDGE('',*,*,#4568,.T.);
#1385=ORIENTED_EDGE('',*,*,#4570,.F.);
#1386=ORIENTED_EDGE('',*,*,#4572,.F.);
#1387=ORIENTED_EDGE('',*,*,#4573,.F.);
#1388=ORIENTED_EDGE('',*,*,#4574,.T.);
#1389=ORIENTED_EDGE('',*,*,#4575,.T.);
#1390=ORIENTED_EDGE('',*,*,#4576,.F.);
#1391=ORIENTED_EDGE('',*,*,#4577,.F.);
#1392=ORIENTED_EDGE('',*,*,#4578,.T.);
#1393=ORIENTED_EDGE('',*,*,#4573,.T.);
#1394=ORIENTED_EDGE('',*,*,#4579,.T.);
#1395=ORIENTED_EDGE('',*,*,#4580,.F.);
#1396=ORIENTED_EDGE('',*,*,#4581,.F.);
#1397=ORIENTED_EDGE('',*,*,#4577,.T.);
#1398=ORIENTED_EDGE('',*,*,#4582,.T.);
#1399=ORIENTED_EDGE('',*,*,#4575,.F.);
#1400=ORIENTED_EDGE('',*,*,#4583,.F.);
#1401=ORIENTED_EDGE('',*,*,#4580,.T.);
#1402=ORIENTED_EDGE('',*,*,#4538,.F.);
#1403=ORIENTED_EDGE('',*,*,#4584,.F.);
#1404=ORIENTED_EDGE('',*,*,#4585,.T.);
#1405=ORIENTED_EDGE('',*,*,#4586,.T.);
#1406=ORIENTED_EDGE('',*,*,#4542,.F.);
#1407=ORIENTED_EDGE('',*,*,#4569,.F.);
#1408=ORIENTED_EDGE('',*,*,#4571,.F.);
#1409=ORIENTED_EDGE('',*,*,#4564,.T.);
#1410=ORIENTED_EDGE('',*,*,#4545,.F.);
#1411=ORIENTED_EDGE('',*,*,#4587,.F.);
#1412=ORIENTED_EDGE('',*,*,#4588,.T.);
#1413=ORIENTED_EDGE('',*,*,#4584,.T.);
#1414=ORIENTED_EDGE('',*,*,#4544,.T.);
#1415=ORIENTED_EDGE('',*,*,#4589,.F.);
#1416=ORIENTED_EDGE('',*,*,#4590,.F.);
#1417=ORIENTED_EDGE('',*,*,#4587,.T.);
#1418=ORIENTED_EDGE('',*,*,#4543,.T.);
#1419=ORIENTED_EDGE('',*,*,#4586,.F.);
#1420=ORIENTED_EDGE('',*,*,#4591,.F.);
#1421=ORIENTED_EDGE('',*,*,#4589,.T.);
#1422=ORIENTED_EDGE('',*,*,#4574,.F.);
#1423=ORIENTED_EDGE('',*,*,#4578,.F.);
#1424=ORIENTED_EDGE('',*,*,#4581,.T.);
#1425=ORIENTED_EDGE('',*,*,#4583,.T.);
#1426=ORIENTED_EDGE('',*,*,#4585,.F.);
#1427=ORIENTED_EDGE('',*,*,#4588,.F.);
#1428=ORIENTED_EDGE('',*,*,#4590,.T.);
#1429=ORIENTED_EDGE('',*,*,#4591,.T.);
#1430=ORIENTED_EDGE('',*,*,#4592,.T.);
#1431=ORIENTED_EDGE('',*,*,#4537,.T.);
#1432=ORIENTED_EDGE('',*,*,#4548,.F.);
#1433=ORIENTED_EDGE('',*,*,#4593,.F.);
#1434=ORIENTED_EDGE('',*,*,#4594,.T.);
#1435=ORIENTED_EDGE('',*,*,#4595,.T.);
#1436=ORIENTED_EDGE('',*,*,#4550,.T.);
#1437=ORIENTED_EDGE('',*,*,#4596,.F.);
#1438=ORIENTED_EDGE('',*,*,#4597,.F.);
#1439=ORIENTED_EDGE('',*,*,#4598,.T.);
#1440=ORIENTED_EDGE('',*,*,#4549,.F.);
#1441=ORIENTED_EDGE('',*,*,#4595,.F.);
#1442=ORIENTED_EDGE('',*,*,#4599,.T.);
#1443=ORIENTED_EDGE('',*,*,#4596,.T.);
#1444=ORIENTED_EDGE('',*,*,#4594,.F.);
#1445=ORIENTED_EDGE('',*,*,#4600,.T.);
#1446=ORIENTED_EDGE('',*,*,#4597,.T.);
#1447=ORIENTED_EDGE('',*,*,#4599,.F.);
#1448=ORIENTED_EDGE('',*,*,#4601,.F.);
#1449=ORIENTED_EDGE('',*,*,#4602,.F.);
#1450=ORIENTED_EDGE('',*,*,#4603,.T.);
#1451=ORIENTED_EDGE('',*,*,#4604,.T.);
#1452=ORIENTED_EDGE('',*,*,#4605,.F.);
#1453=ORIENTED_EDGE('',*,*,#4606,.F.);
#1454=ORIENTED_EDGE('',*,*,#4607,.T.);
#1455=ORIENTED_EDGE('',*,*,#4602,.T.);
#1456=ORIENTED_EDGE('',*,*,#4608,.T.);
#1457=ORIENTED_EDGE('',*,*,#4609,.F.);
#1458=ORIENTED_EDGE('',*,*,#4610,.F.);
#1459=ORIENTED_EDGE('',*,*,#4606,.T.);
#1460=ORIENTED_EDGE('',*,*,#4611,.T.);
#1461=ORIENTED_EDGE('',*,*,#4604,.F.);
#1462=ORIENTED_EDGE('',*,*,#4612,.F.);
#1463=ORIENTED_EDGE('',*,*,#4609,.T.);
#1464=ORIENTED_EDGE('',*,*,#4547,.F.);
#1465=ORIENTED_EDGE('',*,*,#4613,.F.);
#1466=ORIENTED_EDGE('',*,*,#4614,.T.);
#1467=ORIENTED_EDGE('',*,*,#4615,.T.);
#1468=ORIENTED_EDGE('',*,*,#4551,.F.);
#1469=ORIENTED_EDGE('',*,*,#4598,.F.);
#1470=ORIENTED_EDGE('',*,*,#4600,.F.);
#1471=ORIENTED_EDGE('',*,*,#4593,.T.);
#1472=ORIENTED_EDGE('',*,*,#4554,.F.);
#1473=ORIENTED_EDGE('',*,*,#4616,.F.);
#1474=ORIENTED_EDGE('',*,*,#4617,.T.);
#1475=ORIENTED_EDGE('',*,*,#4613,.T.);
#1476=ORIENTED_EDGE('',*,*,#4553,.T.);
#1477=ORIENTED_EDGE('',*,*,#4618,.F.);
#1478=ORIENTED_EDGE('',*,*,#4619,.F.);
#1479=ORIENTED_EDGE('',*,*,#4616,.T.);
#1480=ORIENTED_EDGE('',*,*,#4552,.T.);
#1481=ORIENTED_EDGE('',*,*,#4615,.F.);
#1482=ORIENTED_EDGE('',*,*,#4620,.F.);
#1483=ORIENTED_EDGE('',*,*,#4618,.T.);
#1484=ORIENTED_EDGE('',*,*,#4603,.F.);
#1485=ORIENTED_EDGE('',*,*,#4607,.F.);
#1486=ORIENTED_EDGE('',*,*,#4610,.T.);
#1487=ORIENTED_EDGE('',*,*,#4612,.T.);
#1488=ORIENTED_EDGE('',*,*,#4614,.F.);
#1489=ORIENTED_EDGE('',*,*,#4617,.F.);
#1490=ORIENTED_EDGE('',*,*,#4619,.T.);
#1491=ORIENTED_EDGE('',*,*,#4620,.T.);
#1492=ORIENTED_EDGE('',*,*,#4621,.T.);
#1493=ORIENTED_EDGE('',*,*,#4546,.T.);
#1494=ORIENTED_EDGE('',*,*,#4557,.F.);
#1495=ORIENTED_EDGE('',*,*,#4622,.F.);
#1496=ORIENTED_EDGE('',*,*,#4623,.T.);
#1497=ORIENTED_EDGE('',*,*,#4624,.T.);
#1498=ORIENTED_EDGE('',*,*,#4559,.T.);
#1499=ORIENTED_EDGE('',*,*,#4625,.F.);
#1500=ORIENTED_EDGE('',*,*,#4626,.F.);
#1501=ORIENTED_EDGE('',*,*,#4627,.T.);
#1502=ORIENTED_EDGE('',*,*,#4558,.F.);
#1503=ORIENTED_EDGE('',*,*,#4624,.F.);
#1504=ORIENTED_EDGE('',*,*,#4628,.T.);
#1505=ORIENTED_EDGE('',*,*,#4625,.T.);
#1506=ORIENTED_EDGE('',*,*,#4623,.F.);
#1507=ORIENTED_EDGE('',*,*,#4629,.T.);
#1508=ORIENTED_EDGE('',*,*,#4626,.T.);
#1509=ORIENTED_EDGE('',*,*,#4628,.F.);
#1510=ORIENTED_EDGE('',*,*,#4630,.F.);
#1511=ORIENTED_EDGE('',*,*,#4631,.F.);
#1512=ORIENTED_EDGE('',*,*,#4632,.T.);
#1513=ORIENTED_EDGE('',*,*,#4633,.T.);
#1514=ORIENTED_EDGE('',*,*,#4634,.F.);
#1515=ORIENTED_EDGE('',*,*,#4635,.F.);
#1516=ORIENTED_EDGE('',*,*,#4636,.T.);
#1517=ORIENTED_EDGE('',*,*,#4631,.T.);
#1518=ORIENTED_EDGE('',*,*,#4637,.T.);
#1519=ORIENTED_EDGE('',*,*,#4638,.F.);
#1520=ORIENTED_EDGE('',*,*,#4639,.F.);
#1521=ORIENTED_EDGE('',*,*,#4635,.T.);
#1522=ORIENTED_EDGE('',*,*,#4640,.T.);
#1523=ORIENTED_EDGE('',*,*,#4633,.F.);
#1524=ORIENTED_EDGE('',*,*,#4641,.F.);
#1525=ORIENTED_EDGE('',*,*,#4638,.T.);
#1526=ORIENTED_EDGE('',*,*,#4556,.F.);
#1527=ORIENTED_EDGE('',*,*,#4642,.F.);
#1528=ORIENTED_EDGE('',*,*,#4643,.T.);
#1529=ORIENTED_EDGE('',*,*,#4644,.T.);
#1530=ORIENTED_EDGE('',*,*,#4560,.F.);
#1531=ORIENTED_EDGE('',*,*,#4627,.F.);
#1532=ORIENTED_EDGE('',*,*,#4629,.F.);
#1533=ORIENTED_EDGE('',*,*,#4622,.T.);
#1534=ORIENTED_EDGE('',*,*,#4563,.F.);
#1535=ORIENTED_EDGE('',*,*,#4645,.F.);
#1536=ORIENTED_EDGE('',*,*,#4646,.T.);
#1537=ORIENTED_EDGE('',*,*,#4642,.T.);
#1538=ORIENTED_EDGE('',*,*,#4562,.T.);
#1539=ORIENTED_EDGE('',*,*,#4647,.F.);
#1540=ORIENTED_EDGE('',*,*,#4648,.F.);
#1541=ORIENTED_EDGE('',*,*,#4645,.T.);
#1542=ORIENTED_EDGE('',*,*,#4561,.T.);
#1543=ORIENTED_EDGE('',*,*,#4644,.F.);
#1544=ORIENTED_EDGE('',*,*,#4649,.F.);
#1545=ORIENTED_EDGE('',*,*,#4647,.T.);
#1546=ORIENTED_EDGE('',*,*,#4632,.F.);
#1547=ORIENTED_EDGE('',*,*,#4636,.F.);
#1548=ORIENTED_EDGE('',*,*,#4639,.T.);
#1549=ORIENTED_EDGE('',*,*,#4641,.T.);
#1550=ORIENTED_EDGE('',*,*,#4643,.F.);
#1551=ORIENTED_EDGE('',*,*,#4646,.F.);
#1552=ORIENTED_EDGE('',*,*,#4648,.T.);
#1553=ORIENTED_EDGE('',*,*,#4649,.T.);
#1554=ORIENTED_EDGE('',*,*,#4650,.T.);
#1555=ORIENTED_EDGE('',*,*,#4555,.T.);
#1556=ORIENTED_EDGE('',*,*,#4651,.T.);
#1557=ORIENTED_EDGE('',*,*,#4652,.T.);
#1558=ORIENTED_EDGE('',*,*,#4653,.F.);
#1559=ORIENTED_EDGE('',*,*,#4654,.F.);
#1560=ORIENTED_EDGE('',*,*,#4655,.F.);
#1561=ORIENTED_EDGE('',*,*,#4656,.F.);
#1562=ORIENTED_EDGE('',*,*,#4657,.F.);
#1563=ORIENTED_EDGE('',*,*,#4658,.F.);
#1564=ORIENTED_EDGE('',*,*,#4659,.F.);
#1565=ORIENTED_EDGE('',*,*,#4660,.T.);
#1566=ORIENTED_EDGE('',*,*,#4420,.F.);
#1567=ORIENTED_EDGE('',*,*,#4659,.T.);
#1568=ORIENTED_EDGE('',*,*,#4660,.F.);
#1569=ORIENTED_EDGE('',*,*,#4661,.F.);
#1570=ORIENTED_EDGE('',*,*,#4419,.T.);
#1571=ORIENTED_EDGE('',*,*,#4656,.T.);
#1572=ORIENTED_EDGE('',*,*,#4661,.T.);
#1573=ORIENTED_EDGE('',*,*,#4658,.T.);
#1574=ORIENTED_EDGE('',*,*,#4242,.T.);
#1575=ORIENTED_EDGE('',*,*,#4243,.T.);
#1576=ORIENTED_EDGE('',*,*,#4662,.T.);
#1577=ORIENTED_EDGE('',*,*,#4422,.F.);
#1578=ORIENTED_EDGE('',*,*,#4663,.F.);
#1579=ORIENTED_EDGE('',*,*,#4663,.T.);
#1580=ORIENTED_EDGE('',*,*,#4421,.T.);
#1581=ORIENTED_EDGE('',*,*,#4664,.F.);
#1582=ORIENTED_EDGE('',*,*,#4244,.F.);
#1583=ORIENTED_EDGE('',*,*,#4664,.T.);
#1584=ORIENTED_EDGE('',*,*,#4424,.T.);
#1585=ORIENTED_EDGE('',*,*,#4665,.F.);
#1586=ORIENTED_EDGE('',*,*,#4245,.F.);
#1587=ORIENTED_EDGE('',*,*,#4246,.T.);
#1588=ORIENTED_EDGE('',*,*,#4665,.T.);
#1589=ORIENTED_EDGE('',*,*,#4423,.F.);
#1590=ORIENTED_EDGE('',*,*,#4662,.F.);
#1591=ORIENTED_EDGE('',*,*,#4657,.T.);
#1592=ORIENTED_EDGE('',*,*,#4247,.F.);
#1593=ORIENTED_EDGE('',*,*,#4666,.F.);
#1594=ORIENTED_EDGE('',*,*,#4667,.F.);
#1595=ORIENTED_EDGE('',*,*,#4668,.F.);
#1596=ORIENTED_EDGE('',*,*,#4669,.F.);
#1597=ORIENTED_EDGE('',*,*,#4670,.T.);
#1598=ORIENTED_EDGE('',*,*,#4426,.F.);
#1599=ORIENTED_EDGE('',*,*,#4669,.T.);
#1600=ORIENTED_EDGE('',*,*,#4670,.F.);
#1601=ORIENTED_EDGE('',*,*,#4671,.F.);
#1602=ORIENTED_EDGE('',*,*,#4425,.T.);
#1603=ORIENTED_EDGE('',*,*,#4666,.T.);
#1604=ORIENTED_EDGE('',*,*,#4671,.T.);
#1605=ORIENTED_EDGE('',*,*,#4668,.T.);
#1606=ORIENTED_EDGE('',*,*,#4236,.T.);
#1607=ORIENTED_EDGE('',*,*,#4237,.T.);
#1608=ORIENTED_EDGE('',*,*,#4672,.T.);
#1609=ORIENTED_EDGE('',*,*,#4428,.F.);
#1610=ORIENTED_EDGE('',*,*,#4673,.F.);
#1611=ORIENTED_EDGE('',*,*,#4673,.T.);
#1612=ORIENTED_EDGE('',*,*,#4427,.T.);
#1613=ORIENTED_EDGE('',*,*,#4674,.F.);
#1614=ORIENTED_EDGE('',*,*,#4238,.F.);
#1615=ORIENTED_EDGE('',*,*,#4674,.T.);
#1616=ORIENTED_EDGE('',*,*,#4430,.T.);
#1617=ORIENTED_EDGE('',*,*,#4675,.F.);
#1618=ORIENTED_EDGE('',*,*,#4239,.F.);
#1619=ORIENTED_EDGE('',*,*,#4240,.T.);
#1620=ORIENTED_EDGE('',*,*,#4675,.T.);
#1621=ORIENTED_EDGE('',*,*,#4429,.F.);
#1622=ORIENTED_EDGE('',*,*,#4672,.F.);
#1623=ORIENTED_EDGE('',*,*,#4667,.T.);
#1624=ORIENTED_EDGE('',*,*,#4241,.F.);
#1625=ORIENTED_EDGE('',*,*,#4676,.F.);
#1626=ORIENTED_EDGE('',*,*,#4677,.F.);
#1627=ORIENTED_EDGE('',*,*,#4678,.F.);
#1628=ORIENTED_EDGE('',*,*,#4679,.F.);
#1629=ORIENTED_EDGE('',*,*,#4680,.T.);
#1630=ORIENTED_EDGE('',*,*,#4432,.F.);
#1631=ORIENTED_EDGE('',*,*,#4679,.T.);
#1632=ORIENTED_EDGE('',*,*,#4680,.F.);
#1633=ORIENTED_EDGE('',*,*,#4681,.F.);
#1634=ORIENTED_EDGE('',*,*,#4431,.T.);
#1635=ORIENTED_EDGE('',*,*,#4676,.T.);
#1636=ORIENTED_EDGE('',*,*,#4681,.T.);
#1637=ORIENTED_EDGE('',*,*,#4678,.T.);
#1638=ORIENTED_EDGE('',*,*,#4230,.T.);
#1639=ORIENTED_EDGE('',*,*,#4231,.T.);
#1640=ORIENTED_EDGE('',*,*,#4682,.T.);
#1641=ORIENTED_EDGE('',*,*,#4434,.F.);
#1642=ORIENTED_EDGE('',*,*,#4683,.F.);
#1643=ORIENTED_EDGE('',*,*,#4683,.T.);
#1644=ORIENTED_EDGE('',*,*,#4433,.T.);
#1645=ORIENTED_EDGE('',*,*,#4684,.F.);
#1646=ORIENTED_EDGE('',*,*,#4232,.F.);
#1647=ORIENTED_EDGE('',*,*,#4684,.T.);
#1648=ORIENTED_EDGE('',*,*,#4436,.T.);
#1649=ORIENTED_EDGE('',*,*,#4685,.F.);
#1650=ORIENTED_EDGE('',*,*,#4233,.F.);
#1651=ORIENTED_EDGE('',*,*,#4234,.T.);
#1652=ORIENTED_EDGE('',*,*,#4685,.T.);
#1653=ORIENTED_EDGE('',*,*,#4435,.F.);
#1654=ORIENTED_EDGE('',*,*,#4682,.F.);
#1655=ORIENTED_EDGE('',*,*,#4677,.T.);
#1656=ORIENTED_EDGE('',*,*,#4235,.F.);
#1657=ORIENTED_EDGE('',*,*,#4686,.F.);
#1658=ORIENTED_EDGE('',*,*,#4687,.F.);
#1659=ORIENTED_EDGE('',*,*,#4688,.F.);
#1660=ORIENTED_EDGE('',*,*,#4689,.F.);
#1661=ORIENTED_EDGE('',*,*,#4690,.T.);
#1662=ORIENTED_EDGE('',*,*,#4438,.F.);
#1663=ORIENTED_EDGE('',*,*,#4689,.T.);
#1664=ORIENTED_EDGE('',*,*,#4690,.F.);
#1665=ORIENTED_EDGE('',*,*,#4691,.F.);
#1666=ORIENTED_EDGE('',*,*,#4437,.T.);
#1667=ORIENTED_EDGE('',*,*,#4686,.T.);
#1668=ORIENTED_EDGE('',*,*,#4691,.T.);
#1669=ORIENTED_EDGE('',*,*,#4688,.T.);
#1670=ORIENTED_EDGE('',*,*,#4224,.T.);
#1671=ORIENTED_EDGE('',*,*,#4225,.T.);
#1672=ORIENTED_EDGE('',*,*,#4692,.T.);
#1673=ORIENTED_EDGE('',*,*,#4440,.F.);
#1674=ORIENTED_EDGE('',*,*,#4693,.F.);
#1675=ORIENTED_EDGE('',*,*,#4693,.T.);
#1676=ORIENTED_EDGE('',*,*,#4439,.T.);
#1677=ORIENTED_EDGE('',*,*,#4694,.F.);
#1678=ORIENTED_EDGE('',*,*,#4226,.F.);
#1679=ORIENTED_EDGE('',*,*,#4694,.T.);
#1680=ORIENTED_EDGE('',*,*,#4442,.T.);
#1681=ORIENTED_EDGE('',*,*,#4695,.F.);
#1682=ORIENTED_EDGE('',*,*,#4227,.F.);
#1683=ORIENTED_EDGE('',*,*,#4228,.T.);
#1684=ORIENTED_EDGE('',*,*,#4695,.T.);
#1685=ORIENTED_EDGE('',*,*,#4441,.F.);
#1686=ORIENTED_EDGE('',*,*,#4692,.F.);
#1687=ORIENTED_EDGE('',*,*,#4687,.T.);
#1688=ORIENTED_EDGE('',*,*,#4229,.F.);
#1689=ORIENTED_EDGE('',*,*,#4696,.T.);
#1690=ORIENTED_EDGE('',*,*,#4215,.T.);
#1691=ORIENTED_EDGE('',*,*,#4697,.T.);
#1692=ORIENTED_EDGE('',*,*,#4210,.F.);
#1693=ORIENTED_EDGE('',*,*,#4698,.T.);
#1694=ORIENTED_EDGE('',*,*,#4699,.T.);
#1695=ORIENTED_EDGE('',*,*,#4443,.T.);
#1696=ORIENTED_EDGE('',*,*,#4700,.T.);
#1697=ORIENTED_EDGE('',*,*,#4701,.F.);
#1698=ORIENTED_EDGE('',*,*,#4702,.T.);
#1699=ORIENTED_EDGE('',*,*,#4703,.F.);
#1700=ORIENTED_EDGE('',*,*,#4704,.T.);
#1701=ORIENTED_EDGE('',*,*,#4705,.T.);
#1702=ORIENTED_EDGE('',*,*,#4706,.T.);
#1703=ORIENTED_EDGE('',*,*,#4707,.T.);
#1704=ORIENTED_EDGE('',*,*,#4708,.T.);
#1705=ORIENTED_EDGE('',*,*,#4445,.T.);
#1706=ORIENTED_EDGE('',*,*,#4709,.T.);
#1707=ORIENTED_EDGE('',*,*,#4710,.F.);
#1708=ORIENTED_EDGE('',*,*,#4711,.T.);
#1709=ORIENTED_EDGE('',*,*,#4712,.T.);
#1710=ORIENTED_EDGE('',*,*,#4713,.T.);
#1711=ORIENTED_EDGE('',*,*,#4449,.F.);
#1712=ORIENTED_EDGE('',*,*,#4714,.T.);
#1713=ORIENTED_EDGE('',*,*,#4045,.F.);
#1714=ORIENTED_EDGE('',*,*,#4715,.F.);
#1715=ORIENTED_EDGE('',*,*,#4105,.F.);
#1716=ORIENTED_EDGE('',*,*,#4716,.F.);
#1717=ORIENTED_EDGE('',*,*,#4083,.T.);
#1718=ORIENTED_EDGE('',*,*,#4717,.F.);
#1719=ORIENTED_EDGE('',*,*,#4063,.T.);
#1720=ORIENTED_EDGE('',*,*,#4718,.F.);
#1721=ORIENTED_EDGE('',*,*,#4710,.T.);
#1722=ORIENTED_EDGE('',*,*,#4719,.T.);
#1723=ORIENTED_EDGE('',*,*,#4698,.F.);
#1724=ORIENTED_EDGE('',*,*,#4720,.T.);
#1725=ORIENTED_EDGE('',*,*,#4712,.F.);
#1726=ORIENTED_EDGE('',*,*,#4721,.T.);
#1727=ORIENTED_EDGE('',*,*,#4722,.T.);
#1728=ORIENTED_EDGE('',*,*,#4723,.T.);
#1729=ORIENTED_EDGE('',*,*,#4447,.F.);
#1730=ORIENTED_EDGE('',*,*,#4724,.T.);
#1731=ORIENTED_EDGE('',*,*,#4722,.F.);
#1732=ORIENTED_EDGE('',*,*,#4725,.T.);
#1733=ORIENTED_EDGE('',*,*,#4719,.F.);
#1734=ORIENTED_EDGE('',*,*,#4709,.F.);
#1735=ORIENTED_EDGE('',*,*,#4444,.F.);
#1736=ORIENTED_EDGE('',*,*,#4699,.F.);
#1737=ORIENTED_EDGE('',*,*,#4450,.F.);
#1738=ORIENTED_EDGE('',*,*,#4713,.F.);
#1739=ORIENTED_EDGE('',*,*,#4720,.F.);
#1740=ORIENTED_EDGE('',*,*,#4700,.F.);
#1741=ORIENTED_EDGE('',*,*,#4723,.F.);
#1742=ORIENTED_EDGE('',*,*,#4724,.F.);
#1743=ORIENTED_EDGE('',*,*,#4446,.F.);
#1744=ORIENTED_EDGE('',*,*,#4711,.F.);
#1745=ORIENTED_EDGE('',*,*,#4448,.F.);
#1746=ORIENTED_EDGE('',*,*,#4725,.F.);
#1747=ORIENTED_EDGE('',*,*,#4721,.F.);
#1748=ORIENTED_EDGE('',*,*,#4714,.F.);
#1749=ORIENTED_EDGE('',*,*,#4726,.F.);
#1750=ORIENTED_EDGE('',*,*,#4451,.T.);
#1751=ORIENTED_EDGE('',*,*,#4727,.F.);
#1752=ORIENTED_EDGE('',*,*,#4726,.T.);
#1753=ORIENTED_EDGE('',*,*,#4728,.F.);
#1754=ORIENTED_EDGE('',*,*,#4452,.T.);
#1755=ORIENTED_EDGE('',*,*,#4650,.F.);
#1756=ORIENTED_EDGE('',*,*,#4728,.T.);
#1757=ORIENTED_EDGE('',*,*,#4729,.F.);
#1758=ORIENTED_EDGE('',*,*,#4453,.T.);
#1759=ORIENTED_EDGE('',*,*,#4621,.F.);
#1760=ORIENTED_EDGE('',*,*,#4729,.T.);
#1761=ORIENTED_EDGE('',*,*,#4730,.F.);
#1762=ORIENTED_EDGE('',*,*,#4454,.T.);
#1763=ORIENTED_EDGE('',*,*,#4592,.F.);
#1764=ORIENTED_EDGE('',*,*,#4730,.T.);
#1765=ORIENTED_EDGE('',*,*,#4718,.T.);
#1766=ORIENTED_EDGE('',*,*,#4066,.T.);
#1767=ORIENTED_EDGE('',*,*,#4223,.T.);
#1768=ORIENTED_EDGE('',*,*,#4046,.T.);
#1769=ORIENTED_EDGE('',*,*,#4220,.T.);
#1770=ORIENTED_EDGE('',*,*,#4064,.T.);
#1771=ORIENTED_EDGE('',*,*,#4717,.T.);
#1772=ORIENTED_EDGE('',*,*,#4086,.T.);
#1773=ORIENTED_EDGE('',*,*,#4715,.T.);
#1774=ORIENTED_EDGE('',*,*,#4044,.T.);
#1775=ORIENTED_EDGE('',*,*,#4222,.T.);
#1776=ORIENTED_EDGE('',*,*,#4106,.T.);
#1777=ORIENTED_EDGE('',*,*,#4221,.T.);
#1778=ORIENTED_EDGE('',*,*,#4084,.T.);
#1779=ORIENTED_EDGE('',*,*,#4716,.T.);
#1780=ORIENTED_EDGE('',*,*,#4104,.T.);
#1781=ORIENTED_EDGE('',*,*,#4655,.T.);
#1782=ORIENTED_EDGE('',*,*,#4219,.F.);
#1783=ORIENTED_EDGE('',*,*,#4731,.T.);
#1784=ORIENTED_EDGE('',*,*,#4732,.T.);
#1785=ORIENTED_EDGE('',*,*,#4733,.T.);
#1786=ORIENTED_EDGE('',*,*,#4734,.F.);
#1787=ORIENTED_EDGE('',*,*,#4735,.T.);
#1788=ORIENTED_EDGE('',*,*,#4736,.F.);
#1789=ORIENTED_EDGE('',*,*,#4737,.F.);
#1790=ORIENTED_EDGE('',*,*,#4738,.T.);
#1791=ORIENTED_EDGE('',*,*,#4739,.F.);
#1792=ORIENTED_EDGE('',*,*,#4740,.T.);
#1793=ORIENTED_EDGE('',*,*,#4218,.F.);
#1794=ORIENTED_EDGE('',*,*,#4634,.T.);
#1795=ORIENTED_EDGE('',*,*,#4630,.T.);
#1796=ORIENTED_EDGE('',*,*,#4640,.F.);
#1797=ORIENTED_EDGE('',*,*,#4637,.F.);
#1798=ORIENTED_EDGE('',*,*,#4740,.F.);
#1799=ORIENTED_EDGE('',*,*,#4741,.T.);
#1800=ORIENTED_EDGE('',*,*,#4217,.F.);
#1801=ORIENTED_EDGE('',*,*,#4605,.T.);
#1802=ORIENTED_EDGE('',*,*,#4601,.T.);
#1803=ORIENTED_EDGE('',*,*,#4611,.F.);
#1804=ORIENTED_EDGE('',*,*,#4608,.F.);
#1805=ORIENTED_EDGE('',*,*,#4741,.F.);
#1806=ORIENTED_EDGE('',*,*,#4742,.T.);
#1807=ORIENTED_EDGE('',*,*,#4216,.F.);
#1808=ORIENTED_EDGE('',*,*,#4576,.T.);
#1809=ORIENTED_EDGE('',*,*,#4572,.T.);
#1810=ORIENTED_EDGE('',*,*,#4582,.F.);
#1811=ORIENTED_EDGE('',*,*,#4579,.F.);
#1812=ORIENTED_EDGE('',*,*,#4742,.F.);
#1813=ORIENTED_EDGE('',*,*,#4211,.T.);
#1814=ORIENTED_EDGE('',*,*,#4743,.T.);
#1815=ORIENTED_EDGE('',*,*,#4456,.F.);
#1816=ORIENTED_EDGE('',*,*,#4744,.F.);
#1817=ORIENTED_EDGE('',*,*,#4744,.T.);
#1818=ORIENTED_EDGE('',*,*,#4455,.T.);
#1819=ORIENTED_EDGE('',*,*,#4745,.F.);
#1820=ORIENTED_EDGE('',*,*,#4212,.F.);
#1821=ORIENTED_EDGE('',*,*,#4745,.T.);
#1822=ORIENTED_EDGE('',*,*,#4458,.T.);
#1823=ORIENTED_EDGE('',*,*,#4746,.F.);
#1824=ORIENTED_EDGE('',*,*,#4213,.F.);
#1825=ORIENTED_EDGE('',*,*,#4214,.T.);
#1826=ORIENTED_EDGE('',*,*,#4746,.T.);
#1827=ORIENTED_EDGE('',*,*,#4457,.F.);
#1828=ORIENTED_EDGE('',*,*,#4743,.F.);
#1829=ORIENTED_EDGE('',*,*,#4747,.F.);
#1830=ORIENTED_EDGE('',*,*,#4460,.T.);
#1831=ORIENTED_EDGE('',*,*,#4748,.T.);
#1832=ORIENTED_EDGE('',*,*,#4747,.T.);
#1833=ORIENTED_EDGE('',*,*,#4749,.T.);
#1834=ORIENTED_EDGE('',*,*,#4459,.F.);
#1835=ORIENTED_EDGE('',*,*,#4750,.T.);
#1836=ORIENTED_EDGE('',*,*,#4749,.F.);
#1837=ORIENTED_EDGE('',*,*,#4696,.F.);
#1838=ORIENTED_EDGE('',*,*,#4750,.F.);
#1839=ORIENTED_EDGE('',*,*,#4748,.F.);
#1840=ORIENTED_EDGE('',*,*,#4697,.F.);
#1841=ORIENTED_EDGE('',*,*,#4727,.T.);
#1842=ORIENTED_EDGE('',*,*,#4739,.T.);
#1843=ORIENTED_EDGE('',*,*,#4731,.F.);
#1844=ORIENTED_EDGE('',*,*,#4751,.F.);
#1845=ORIENTED_EDGE('',*,*,#4752,.T.);
#1846=ORIENTED_EDGE('',*,*,#4753,.T.);
#1847=ORIENTED_EDGE('',*,*,#4735,.F.);
#1848=ORIENTED_EDGE('',*,*,#4754,.F.);
#1849=ORIENTED_EDGE('',*,*,#4755,.F.);
#1850=ORIENTED_EDGE('',*,*,#4756,.T.);
#1851=ORIENTED_EDGE('',*,*,#4738,.F.);
#1852=ORIENTED_EDGE('',*,*,#4757,.F.);
#1853=ORIENTED_EDGE('',*,*,#4758,.T.);
#1854=ORIENTED_EDGE('',*,*,#4751,.T.);
#1855=ORIENTED_EDGE('',*,*,#4737,.T.);
#1856=ORIENTED_EDGE('',*,*,#4759,.F.);
#1857=ORIENTED_EDGE('',*,*,#4760,.F.);
#1858=ORIENTED_EDGE('',*,*,#4757,.T.);
#1859=ORIENTED_EDGE('',*,*,#4652,.F.);
#1860=ORIENTED_EDGE('',*,*,#4761,.F.);
#1861=ORIENTED_EDGE('',*,*,#4762,.T.);
#1862=ORIENTED_EDGE('',*,*,#4763,.T.);
#1863=ORIENTED_EDGE('',*,*,#4651,.F.);
#1864=ORIENTED_EDGE('',*,*,#4764,.F.);
#1865=ORIENTED_EDGE('',*,*,#4765,.T.);
#1866=ORIENTED_EDGE('',*,*,#4761,.T.);
#1867=ORIENTED_EDGE('',*,*,#4654,.T.);
#1868=ORIENTED_EDGE('',*,*,#4766,.F.);
#1869=ORIENTED_EDGE('',*,*,#4767,.F.);
#1870=ORIENTED_EDGE('',*,*,#4764,.T.);
#1871=ORIENTED_EDGE('',*,*,#4653,.T.);
#1872=ORIENTED_EDGE('',*,*,#4763,.F.);
#1873=ORIENTED_EDGE('',*,*,#4768,.F.);
#1874=ORIENTED_EDGE('',*,*,#4766,.T.);
#1875=ORIENTED_EDGE('',*,*,#4736,.T.);
#1876=ORIENTED_EDGE('',*,*,#4753,.F.);
#1877=ORIENTED_EDGE('',*,*,#4769,.F.);
#1878=ORIENTED_EDGE('',*,*,#4759,.T.);
#1879=ORIENTED_EDGE('',*,*,#4762,.F.);
#1880=ORIENTED_EDGE('',*,*,#4765,.F.);
#1881=ORIENTED_EDGE('',*,*,#4767,.T.);
#1882=ORIENTED_EDGE('',*,*,#4768,.T.);
#1883=ORIENTED_EDGE('',*,*,#4752,.F.);
#1884=ORIENTED_EDGE('',*,*,#4758,.F.);
#1885=ORIENTED_EDGE('',*,*,#4760,.T.);
#1886=ORIENTED_EDGE('',*,*,#4769,.T.);
#1887=ORIENTED_EDGE('',*,*,#4732,.F.);
#1888=ORIENTED_EDGE('',*,*,#4756,.F.);
#1889=ORIENTED_EDGE('',*,*,#4770,.T.);
#1890=ORIENTED_EDGE('',*,*,#4771,.T.);
#1891=ORIENTED_EDGE('',*,*,#4734,.T.);
#1892=ORIENTED_EDGE('',*,*,#4772,.F.);
#1893=ORIENTED_EDGE('',*,*,#4773,.F.);
#1894=ORIENTED_EDGE('',*,*,#4754,.T.);
#1895=ORIENTED_EDGE('',*,*,#4733,.F.);
#1896=ORIENTED_EDGE('',*,*,#4771,.F.);
#1897=ORIENTED_EDGE('',*,*,#4774,.T.);
#1898=ORIENTED_EDGE('',*,*,#4772,.T.);
#1899=ORIENTED_EDGE('',*,*,#4770,.F.);
#1900=ORIENTED_EDGE('',*,*,#4755,.T.);
#1901=ORIENTED_EDGE('',*,*,#4773,.T.);
#1902=ORIENTED_EDGE('',*,*,#4774,.F.);
#1903=ORIENTED_EDGE('',*,*,#4248,.F.);
#1904=ORIENTED_EDGE('',*,*,#4775,.F.);
#1905=ORIENTED_EDGE('',*,*,#4776,.T.);
#1906=ORIENTED_EDGE('',*,*,#4777,.T.);
#1907=ORIENTED_EDGE('',*,*,#4251,.T.);
#1908=ORIENTED_EDGE('',*,*,#4778,.F.);
#1909=ORIENTED_EDGE('',*,*,#4779,.F.);
#1910=ORIENTED_EDGE('',*,*,#4775,.T.);
#1911=ORIENTED_EDGE('',*,*,#4250,.T.);
#1912=ORIENTED_EDGE('',*,*,#4780,.F.);
#1913=ORIENTED_EDGE('',*,*,#4781,.F.);
#1914=ORIENTED_EDGE('',*,*,#4778,.T.);
#1915=ORIENTED_EDGE('',*,*,#4249,.F.);
#1916=ORIENTED_EDGE('',*,*,#4777,.F.);
#1917=ORIENTED_EDGE('',*,*,#4782,.T.);
#1918=ORIENTED_EDGE('',*,*,#4780,.T.);
#1919=ORIENTED_EDGE('',*,*,#4776,.F.);
#1920=ORIENTED_EDGE('',*,*,#4779,.T.);
#1921=ORIENTED_EDGE('',*,*,#4781,.T.);
#1922=ORIENTED_EDGE('',*,*,#4782,.F.);
#1923=ORIENTED_EDGE('',*,*,#4202,.F.);
#1924=ORIENTED_EDGE('',*,*,#4783,.F.);
#1925=ORIENTED_EDGE('',*,*,#4784,.T.);
#1926=ORIENTED_EDGE('',*,*,#4785,.T.);
#1927=ORIENTED_EDGE('',*,*,#4209,.F.);
#1928=ORIENTED_EDGE('',*,*,#4786,.F.);
#1929=ORIENTED_EDGE('',*,*,#4787,.T.);
#1930=ORIENTED_EDGE('',*,*,#4783,.T.);
#1931=ORIENTED_EDGE('',*,*,#4208,.T.);
#1932=ORIENTED_EDGE('',*,*,#4788,.F.);
#1933=ORIENTED_EDGE('',*,*,#4789,.F.);
#1934=ORIENTED_EDGE('',*,*,#4786,.T.);
#1935=ORIENTED_EDGE('',*,*,#4207,.T.);
#1936=ORIENTED_EDGE('',*,*,#4790,.F.);
#1937=ORIENTED_EDGE('',*,*,#4791,.F.);
#1938=ORIENTED_EDGE('',*,*,#4788,.T.);
#1939=ORIENTED_EDGE('',*,*,#4206,.F.);
#1940=ORIENTED_EDGE('',*,*,#4792,.F.);
#1941=ORIENTED_EDGE('',*,*,#4793,.T.);
#1942=ORIENTED_EDGE('',*,*,#4790,.T.);
#1943=ORIENTED_EDGE('',*,*,#4205,.F.);
#1944=ORIENTED_EDGE('',*,*,#4794,.F.);
#1945=ORIENTED_EDGE('',*,*,#4795,.T.);
#1946=ORIENTED_EDGE('',*,*,#4792,.T.);
#1947=ORIENTED_EDGE('',*,*,#4204,.T.);
#1948=ORIENTED_EDGE('',*,*,#4796,.F.);
#1949=ORIENTED_EDGE('',*,*,#4797,.F.);
#1950=ORIENTED_EDGE('',*,*,#4794,.T.);
#1951=ORIENTED_EDGE('',*,*,#4203,.T.);
#1952=ORIENTED_EDGE('',*,*,#4785,.F.);
#1953=ORIENTED_EDGE('',*,*,#4798,.F.);
#1954=ORIENTED_EDGE('',*,*,#4796,.T.);
#1955=ORIENTED_EDGE('',*,*,#4784,.F.);
#1956=ORIENTED_EDGE('',*,*,#4787,.F.);
#1957=ORIENTED_EDGE('',*,*,#4789,.T.);
#1958=ORIENTED_EDGE('',*,*,#4791,.T.);
#1959=ORIENTED_EDGE('',*,*,#4793,.F.);
#1960=ORIENTED_EDGE('',*,*,#4795,.F.);
#1961=ORIENTED_EDGE('',*,*,#4797,.T.);
#1962=ORIENTED_EDGE('',*,*,#4798,.T.);
#1963=ORIENTED_EDGE('',*,*,#4799,.F.);
#1964=ORIENTED_EDGE('',*,*,#4800,.T.);
#1965=ORIENTED_EDGE('',*,*,#4801,.T.);
#1966=ORIENTED_EDGE('',*,*,#4802,.T.);
#1967=ORIENTED_EDGE('',*,*,#4803,.T.);
#1968=ORIENTED_EDGE('',*,*,#4804,.T.);
#1969=ORIENTED_EDGE('',*,*,#4805,.F.);
#1970=ORIENTED_EDGE('',*,*,#4806,.T.);
#1971=ORIENTED_EDGE('',*,*,#4807,.F.);
#1972=ORIENTED_EDGE('',*,*,#4252,.T.);
#1973=ORIENTED_EDGE('',*,*,#4807,.T.);
#1974=ORIENTED_EDGE('',*,*,#4808,.F.);
#1975=ORIENTED_EDGE('',*,*,#4253,.T.);
#1976=ORIENTED_EDGE('',*,*,#4808,.T.);
#1977=ORIENTED_EDGE('',*,*,#4809,.F.);
#1978=ORIENTED_EDGE('',*,*,#4254,.T.);
#1979=ORIENTED_EDGE('',*,*,#4809,.T.);
#1980=ORIENTED_EDGE('',*,*,#4810,.F.);
#1981=ORIENTED_EDGE('',*,*,#4255,.T.);
#1982=ORIENTED_EDGE('',*,*,#4810,.T.);
#1983=ORIENTED_EDGE('',*,*,#4811,.F.);
#1984=ORIENTED_EDGE('',*,*,#4802,.F.);
#1985=ORIENTED_EDGE('',*,*,#4812,.F.);
#1986=ORIENTED_EDGE('',*,*,#4413,.T.);
#1987=ORIENTED_EDGE('',*,*,#4812,.T.);
#1988=ORIENTED_EDGE('',*,*,#4801,.F.);
#1989=ORIENTED_EDGE('',*,*,#4813,.F.);
#1990=ORIENTED_EDGE('',*,*,#4414,.F.);
#1991=ORIENTED_EDGE('',*,*,#4811,.T.);
#1992=ORIENTED_EDGE('',*,*,#4412,.F.);
#1993=ORIENTED_EDGE('',*,*,#4814,.F.);
#1994=ORIENTED_EDGE('',*,*,#4803,.F.);
#1995=ORIENTED_EDGE('',*,*,#4813,.T.);
#1996=ORIENTED_EDGE('',*,*,#4800,.F.);
#1997=ORIENTED_EDGE('',*,*,#4815,.F.);
#1998=ORIENTED_EDGE('',*,*,#4415,.T.);
#1999=ORIENTED_EDGE('',*,*,#4814,.T.);
#2000=ORIENTED_EDGE('',*,*,#4411,.T.);
#2001=ORIENTED_EDGE('',*,*,#4816,.F.);
#2002=ORIENTED_EDGE('',*,*,#4804,.F.);
#2003=ORIENTED_EDGE('',*,*,#4815,.T.);
#2004=ORIENTED_EDGE('',*,*,#4799,.T.);
#2005=ORIENTED_EDGE('',*,*,#4817,.F.);
#2006=ORIENTED_EDGE('',*,*,#4416,.F.);
#2007=ORIENTED_EDGE('',*,*,#4816,.T.);
#2008=ORIENTED_EDGE('',*,*,#4418,.F.);
#2009=ORIENTED_EDGE('',*,*,#4818,.F.);
#2010=ORIENTED_EDGE('',*,*,#4805,.T.);
#2011=ORIENTED_EDGE('',*,*,#4806,.F.);
#2012=ORIENTED_EDGE('',*,*,#4818,.T.);
#2013=ORIENTED_EDGE('',*,*,#4417,.T.);
#2014=ORIENTED_EDGE('',*,*,#4817,.T.);
#2015=ORIENTED_EDGE('',*,*,#4256,.F.);
#2016=ORIENTED_EDGE('',*,*,#4819,.F.);
#2017=ORIENTED_EDGE('',*,*,#4820,.T.);
#2018=ORIENTED_EDGE('',*,*,#4821,.T.);
#2019=ORIENTED_EDGE('',*,*,#4259,.T.);
#2020=ORIENTED_EDGE('',*,*,#4822,.F.);
#2021=ORIENTED_EDGE('',*,*,#4823,.F.);
#2022=ORIENTED_EDGE('',*,*,#4819,.T.);
#2023=ORIENTED_EDGE('',*,*,#4258,.T.);
#2024=ORIENTED_EDGE('',*,*,#4824,.F.);
#2025=ORIENTED_EDGE('',*,*,#4825,.F.);
#2026=ORIENTED_EDGE('',*,*,#4822,.T.);
#2027=ORIENTED_EDGE('',*,*,#4257,.F.);
#2028=ORIENTED_EDGE('',*,*,#4821,.F.);
#2029=ORIENTED_EDGE('',*,*,#4826,.T.);
#2030=ORIENTED_EDGE('',*,*,#4824,.T.);
#2031=ORIENTED_EDGE('',*,*,#4820,.F.);
#2032=ORIENTED_EDGE('',*,*,#4823,.T.);
#2033=ORIENTED_EDGE('',*,*,#4825,.T.);
#2034=ORIENTED_EDGE('',*,*,#4826,.F.);
#2035=ORIENTED_EDGE('',*,*,#4194,.F.);
#2036=ORIENTED_EDGE('',*,*,#4827,.F.);
#2037=ORIENTED_EDGE('',*,*,#4828,.T.);
#2038=ORIENTED_EDGE('',*,*,#4829,.T.);
#2039=ORIENTED_EDGE('',*,*,#4201,.F.);
#2040=ORIENTED_EDGE('',*,*,#4830,.F.);
#2041=ORIENTED_EDGE('',*,*,#4831,.T.);
#2042=ORIENTED_EDGE('',*,*,#4827,.T.);
#2043=ORIENTED_EDGE('',*,*,#4200,.T.);
#2044=ORIENTED_EDGE('',*,*,#4832,.F.);
#2045=ORIENTED_EDGE('',*,*,#4833,.F.);
#2046=ORIENTED_EDGE('',*,*,#4830,.T.);
#2047=ORIENTED_EDGE('',*,*,#4199,.T.);
#2048=ORIENTED_EDGE('',*,*,#4834,.F.);
#2049=ORIENTED_EDGE('',*,*,#4835,.F.);
#2050=ORIENTED_EDGE('',*,*,#4832,.T.);
#2051=ORIENTED_EDGE('',*,*,#4198,.F.);
#2052=ORIENTED_EDGE('',*,*,#4836,.F.);
#2053=ORIENTED_EDGE('',*,*,#4837,.T.);
#2054=ORIENTED_EDGE('',*,*,#4834,.T.);
#2055=ORIENTED_EDGE('',*,*,#4197,.F.);
#2056=ORIENTED_EDGE('',*,*,#4838,.F.);
#2057=ORIENTED_EDGE('',*,*,#4839,.T.);
#2058=ORIENTED_EDGE('',*,*,#4836,.T.);
#2059=ORIENTED_EDGE('',*,*,#4196,.T.);
#2060=ORIENTED_EDGE('',*,*,#4840,.F.);
#2061=ORIENTED_EDGE('',*,*,#4841,.F.);
#2062=ORIENTED_EDGE('',*,*,#4838,.T.);
#2063=ORIENTED_EDGE('',*,*,#4195,.T.);
#2064=ORIENTED_EDGE('',*,*,#4829,.F.);
#2065=ORIENTED_EDGE('',*,*,#4842,.F.);
#2066=ORIENTED_EDGE('',*,*,#4840,.T.);
#2067=ORIENTED_EDGE('',*,*,#4828,.F.);
#2068=ORIENTED_EDGE('',*,*,#4831,.F.);
#2069=ORIENTED_EDGE('',*,*,#4833,.T.);
#2070=ORIENTED_EDGE('',*,*,#4835,.T.);
#2071=ORIENTED_EDGE('',*,*,#4837,.F.);
#2072=ORIENTED_EDGE('',*,*,#4839,.F.);
#2073=ORIENTED_EDGE('',*,*,#4841,.T.);
#2074=ORIENTED_EDGE('',*,*,#4842,.T.);
#2075=ORIENTED_EDGE('',*,*,#4843,.F.);
#2076=ORIENTED_EDGE('',*,*,#4844,.T.);
#2077=ORIENTED_EDGE('',*,*,#4845,.T.);
#2078=ORIENTED_EDGE('',*,*,#4846,.T.);
#2079=ORIENTED_EDGE('',*,*,#4847,.T.);
#2080=ORIENTED_EDGE('',*,*,#4848,.T.);
#2081=ORIENTED_EDGE('',*,*,#4849,.F.);
#2082=ORIENTED_EDGE('',*,*,#4850,.T.);
#2083=ORIENTED_EDGE('',*,*,#4851,.F.);
#2084=ORIENTED_EDGE('',*,*,#4260,.T.);
#2085=ORIENTED_EDGE('',*,*,#4851,.T.);
#2086=ORIENTED_EDGE('',*,*,#4852,.F.);
#2087=ORIENTED_EDGE('',*,*,#4261,.T.);
#2088=ORIENTED_EDGE('',*,*,#4852,.T.);
#2089=ORIENTED_EDGE('',*,*,#4853,.F.);
#2090=ORIENTED_EDGE('',*,*,#4262,.T.);
#2091=ORIENTED_EDGE('',*,*,#4853,.T.);
#2092=ORIENTED_EDGE('',*,*,#4854,.F.);
#2093=ORIENTED_EDGE('',*,*,#4263,.T.);
#2094=ORIENTED_EDGE('',*,*,#4854,.T.);
#2095=ORIENTED_EDGE('',*,*,#4855,.F.);
#2096=ORIENTED_EDGE('',*,*,#4846,.F.);
#2097=ORIENTED_EDGE('',*,*,#4856,.F.);
#2098=ORIENTED_EDGE('',*,*,#4405,.T.);
#2099=ORIENTED_EDGE('',*,*,#4856,.T.);
#2100=ORIENTED_EDGE('',*,*,#4845,.F.);
#2101=ORIENTED_EDGE('',*,*,#4857,.F.);
#2102=ORIENTED_EDGE('',*,*,#4406,.F.);
#2103=ORIENTED_EDGE('',*,*,#4855,.T.);
#2104=ORIENTED_EDGE('',*,*,#4404,.F.);
#2105=ORIENTED_EDGE('',*,*,#4858,.F.);
#2106=ORIENTED_EDGE('',*,*,#4847,.F.);
#2107=ORIENTED_EDGE('',*,*,#4857,.T.);
#2108=ORIENTED_EDGE('',*,*,#4844,.F.);
#2109=ORIENTED_EDGE('',*,*,#4859,.F.);
#2110=ORIENTED_EDGE('',*,*,#4407,.T.);
#2111=ORIENTED_EDGE('',*,*,#4858,.T.);
#2112=ORIENTED_EDGE('',*,*,#4403,.T.);
#2113=ORIENTED_EDGE('',*,*,#4860,.F.);
#2114=ORIENTED_EDGE('',*,*,#4848,.F.);
#2115=ORIENTED_EDGE('',*,*,#4859,.T.);
#2116=ORIENTED_EDGE('',*,*,#4843,.T.);
#2117=ORIENTED_EDGE('',*,*,#4861,.F.);
#2118=ORIENTED_EDGE('',*,*,#4408,.F.);
#2119=ORIENTED_EDGE('',*,*,#4860,.T.);
#2120=ORIENTED_EDGE('',*,*,#4410,.F.);
#2121=ORIENTED_EDGE('',*,*,#4862,.F.);
#2122=ORIENTED_EDGE('',*,*,#4849,.T.);
#2123=ORIENTED_EDGE('',*,*,#4850,.F.);
#2124=ORIENTED_EDGE('',*,*,#4862,.T.);
#2125=ORIENTED_EDGE('',*,*,#4409,.T.);
#2126=ORIENTED_EDGE('',*,*,#4861,.T.);
#2127=ORIENTED_EDGE('',*,*,#4264,.F.);
#2128=ORIENTED_EDGE('',*,*,#4863,.F.);
#2129=ORIENTED_EDGE('',*,*,#4864,.T.);
#2130=ORIENTED_EDGE('',*,*,#4865,.T.);
#2131=ORIENTED_EDGE('',*,*,#4267,.T.);
#2132=ORIENTED_EDGE('',*,*,#4866,.F.);
#2133=ORIENTED_EDGE('',*,*,#4867,.F.);
#2134=ORIENTED_EDGE('',*,*,#4863,.T.);
#2135=ORIENTED_EDGE('',*,*,#4266,.T.);
#2136=ORIENTED_EDGE('',*,*,#4868,.F.);
#2137=ORIENTED_EDGE('',*,*,#4869,.F.);
#2138=ORIENTED_EDGE('',*,*,#4866,.T.);
#2139=ORIENTED_EDGE('',*,*,#4265,.F.);
#2140=ORIENTED_EDGE('',*,*,#4865,.F.);
#2141=ORIENTED_EDGE('',*,*,#4870,.T.);
#2142=ORIENTED_EDGE('',*,*,#4868,.T.);
#2143=ORIENTED_EDGE('',*,*,#4864,.F.);
#2144=ORIENTED_EDGE('',*,*,#4867,.T.);
#2145=ORIENTED_EDGE('',*,*,#4869,.T.);
#2146=ORIENTED_EDGE('',*,*,#4870,.F.);
#2147=ORIENTED_EDGE('',*,*,#4186,.F.);
#2148=ORIENTED_EDGE('',*,*,#4871,.F.);
#2149=ORIENTED_EDGE('',*,*,#4872,.T.);
#2150=ORIENTED_EDGE('',*,*,#4873,.T.);
#2151=ORIENTED_EDGE('',*,*,#4193,.F.);
#2152=ORIENTED_EDGE('',*,*,#4874,.F.);
#2153=ORIENTED_EDGE('',*,*,#4875,.T.);
#2154=ORIENTED_EDGE('',*,*,#4871,.T.);
#2155=ORIENTED_EDGE('',*,*,#4192,.T.);
#2156=ORIENTED_EDGE('',*,*,#4876,.F.);
#2157=ORIENTED_EDGE('',*,*,#4877,.F.);
#2158=ORIENTED_EDGE('',*,*,#4874,.T.);
#2159=ORIENTED_EDGE('',*,*,#4191,.T.);
#2160=ORIENTED_EDGE('',*,*,#4878,.F.);
#2161=ORIENTED_EDGE('',*,*,#4879,.F.);
#2162=ORIENTED_EDGE('',*,*,#4876,.T.);
#2163=ORIENTED_EDGE('',*,*,#4190,.F.);
#2164=ORIENTED_EDGE('',*,*,#4880,.F.);
#2165=ORIENTED_EDGE('',*,*,#4881,.T.);
#2166=ORIENTED_EDGE('',*,*,#4878,.T.);
#2167=ORIENTED_EDGE('',*,*,#4189,.F.);
#2168=ORIENTED_EDGE('',*,*,#4882,.F.);
#2169=ORIENTED_EDGE('',*,*,#4883,.T.);
#2170=ORIENTED_EDGE('',*,*,#4880,.T.);
#2171=ORIENTED_EDGE('',*,*,#4188,.T.);
#2172=ORIENTED_EDGE('',*,*,#4884,.F.);
#2173=ORIENTED_EDGE('',*,*,#4885,.F.);
#2174=ORIENTED_EDGE('',*,*,#4882,.T.);
#2175=ORIENTED_EDGE('',*,*,#4187,.T.);
#2176=ORIENTED_EDGE('',*,*,#4873,.F.);
#2177=ORIENTED_EDGE('',*,*,#4886,.F.);
#2178=ORIENTED_EDGE('',*,*,#4884,.T.);
#2179=ORIENTED_EDGE('',*,*,#4872,.F.);
#2180=ORIENTED_EDGE('',*,*,#4875,.F.);
#2181=ORIENTED_EDGE('',*,*,#4877,.T.);
#2182=ORIENTED_EDGE('',*,*,#4879,.T.);
#2183=ORIENTED_EDGE('',*,*,#4881,.F.);
#2184=ORIENTED_EDGE('',*,*,#4883,.F.);
#2185=ORIENTED_EDGE('',*,*,#4885,.T.);
#2186=ORIENTED_EDGE('',*,*,#4886,.T.);
#2187=ORIENTED_EDGE('',*,*,#4887,.F.);
#2188=ORIENTED_EDGE('',*,*,#4888,.T.);
#2189=ORIENTED_EDGE('',*,*,#4889,.T.);
#2190=ORIENTED_EDGE('',*,*,#4890,.T.);
#2191=ORIENTED_EDGE('',*,*,#4891,.T.);
#2192=ORIENTED_EDGE('',*,*,#4892,.T.);
#2193=ORIENTED_EDGE('',*,*,#4893,.F.);
#2194=ORIENTED_EDGE('',*,*,#4894,.T.);
#2195=ORIENTED_EDGE('',*,*,#4895,.F.);
#2196=ORIENTED_EDGE('',*,*,#4268,.T.);
#2197=ORIENTED_EDGE('',*,*,#4895,.T.);
#2198=ORIENTED_EDGE('',*,*,#4896,.F.);
#2199=ORIENTED_EDGE('',*,*,#4269,.T.);
#2200=ORIENTED_EDGE('',*,*,#4896,.T.);
#2201=ORIENTED_EDGE('',*,*,#4897,.F.);
#2202=ORIENTED_EDGE('',*,*,#4270,.T.);
#2203=ORIENTED_EDGE('',*,*,#4897,.T.);
#2204=ORIENTED_EDGE('',*,*,#4898,.F.);
#2205=ORIENTED_EDGE('',*,*,#4271,.T.);
#2206=ORIENTED_EDGE('',*,*,#4898,.T.);
#2207=ORIENTED_EDGE('',*,*,#4899,.F.);
#2208=ORIENTED_EDGE('',*,*,#4890,.F.);
#2209=ORIENTED_EDGE('',*,*,#4900,.F.);
#2210=ORIENTED_EDGE('',*,*,#4397,.T.);
#2211=ORIENTED_EDGE('',*,*,#4900,.T.);
#2212=ORIENTED_EDGE('',*,*,#4889,.F.);
#2213=ORIENTED_EDGE('',*,*,#4901,.F.);
#2214=ORIENTED_EDGE('',*,*,#4398,.F.);
#2215=ORIENTED_EDGE('',*,*,#4899,.T.);
#2216=ORIENTED_EDGE('',*,*,#4396,.F.);
#2217=ORIENTED_EDGE('',*,*,#4902,.F.);
#2218=ORIENTED_EDGE('',*,*,#4891,.F.);
#2219=ORIENTED_EDGE('',*,*,#4901,.T.);
#2220=ORIENTED_EDGE('',*,*,#4888,.F.);
#2221=ORIENTED_EDGE('',*,*,#4903,.F.);
#2222=ORIENTED_EDGE('',*,*,#4399,.T.);
#2223=ORIENTED_EDGE('',*,*,#4902,.T.);
#2224=ORIENTED_EDGE('',*,*,#4395,.T.);
#2225=ORIENTED_EDGE('',*,*,#4904,.F.);
#2226=ORIENTED_EDGE('',*,*,#4892,.F.);
#2227=ORIENTED_EDGE('',*,*,#4903,.T.);
#2228=ORIENTED_EDGE('',*,*,#4887,.T.);
#2229=ORIENTED_EDGE('',*,*,#4905,.F.);
#2230=ORIENTED_EDGE('',*,*,#4400,.F.);
#2231=ORIENTED_EDGE('',*,*,#4904,.T.);
#2232=ORIENTED_EDGE('',*,*,#4402,.F.);
#2233=ORIENTED_EDGE('',*,*,#4906,.F.);
#2234=ORIENTED_EDGE('',*,*,#4893,.T.);
#2235=ORIENTED_EDGE('',*,*,#4894,.F.);
#2236=ORIENTED_EDGE('',*,*,#4906,.T.);
#2237=ORIENTED_EDGE('',*,*,#4401,.T.);
#2238=ORIENTED_EDGE('',*,*,#4905,.T.);
#2239=ORIENTED_EDGE('',*,*,#4272,.F.);
#2240=ORIENTED_EDGE('',*,*,#4907,.F.);
#2241=ORIENTED_EDGE('',*,*,#4908,.T.);
#2242=ORIENTED_EDGE('',*,*,#4909,.T.);
#2243=ORIENTED_EDGE('',*,*,#4275,.T.);
#2244=ORIENTED_EDGE('',*,*,#4910,.F.);
#2245=ORIENTED_EDGE('',*,*,#4911,.F.);
#2246=ORIENTED_EDGE('',*,*,#4907,.T.);
#2247=ORIENTED_EDGE('',*,*,#4274,.T.);
#2248=ORIENTED_EDGE('',*,*,#4912,.F.);
#2249=ORIENTED_EDGE('',*,*,#4913,.F.);
#2250=ORIENTED_EDGE('',*,*,#4910,.T.);
#2251=ORIENTED_EDGE('',*,*,#4273,.F.);
#2252=ORIENTED_EDGE('',*,*,#4909,.F.);
#2253=ORIENTED_EDGE('',*,*,#4914,.T.);
#2254=ORIENTED_EDGE('',*,*,#4912,.T.);
#2255=ORIENTED_EDGE('',*,*,#4908,.F.);
#2256=ORIENTED_EDGE('',*,*,#4911,.T.);
#2257=ORIENTED_EDGE('',*,*,#4913,.T.);
#2258=ORIENTED_EDGE('',*,*,#4914,.F.);
#2259=ORIENTED_EDGE('',*,*,#4178,.F.);
#2260=ORIENTED_EDGE('',*,*,#4915,.F.);
#2261=ORIENTED_EDGE('',*,*,#4916,.T.);
#2262=ORIENTED_EDGE('',*,*,#4917,.T.);
#2263=ORIENTED_EDGE('',*,*,#4185,.F.);
#2264=ORIENTED_EDGE('',*,*,#4918,.F.);
#2265=ORIENTED_EDGE('',*,*,#4919,.T.);
#2266=ORIENTED_EDGE('',*,*,#4915,.T.);
#2267=ORIENTED_EDGE('',*,*,#4184,.T.);
#2268=ORIENTED_EDGE('',*,*,#4920,.F.);
#2269=ORIENTED_EDGE('',*,*,#4921,.F.);
#2270=ORIENTED_EDGE('',*,*,#4918,.T.);
#2271=ORIENTED_EDGE('',*,*,#4183,.T.);
#2272=ORIENTED_EDGE('',*,*,#4922,.F.);
#2273=ORIENTED_EDGE('',*,*,#4923,.F.);
#2274=ORIENTED_EDGE('',*,*,#4920,.T.);
#2275=ORIENTED_EDGE('',*,*,#4182,.F.);
#2276=ORIENTED_EDGE('',*,*,#4924,.F.);
#2277=ORIENTED_EDGE('',*,*,#4925,.T.);
#2278=ORIENTED_EDGE('',*,*,#4922,.T.);
#2279=ORIENTED_EDGE('',*,*,#4181,.F.);
#2280=ORIENTED_EDGE('',*,*,#4926,.F.);
#2281=ORIENTED_EDGE('',*,*,#4927,.T.);
#2282=ORIENTED_EDGE('',*,*,#4924,.T.);
#2283=ORIENTED_EDGE('',*,*,#4180,.T.);
#2284=ORIENTED_EDGE('',*,*,#4928,.F.);
#2285=ORIENTED_EDGE('',*,*,#4929,.F.);
#2286=ORIENTED_EDGE('',*,*,#4926,.T.);
#2287=ORIENTED_EDGE('',*,*,#4179,.T.);
#2288=ORIENTED_EDGE('',*,*,#4917,.F.);
#2289=ORIENTED_EDGE('',*,*,#4930,.F.);
#2290=ORIENTED_EDGE('',*,*,#4928,.T.);
#2291=ORIENTED_EDGE('',*,*,#4916,.F.);
#2292=ORIENTED_EDGE('',*,*,#4919,.F.);
#2293=ORIENTED_EDGE('',*,*,#4921,.T.);
#2294=ORIENTED_EDGE('',*,*,#4923,.T.);
#2295=ORIENTED_EDGE('',*,*,#4925,.F.);
#2296=ORIENTED_EDGE('',*,*,#4927,.F.);
#2297=ORIENTED_EDGE('',*,*,#4929,.T.);
#2298=ORIENTED_EDGE('',*,*,#4930,.T.);
#2299=ORIENTED_EDGE('',*,*,#4931,.F.);
#2300=ORIENTED_EDGE('',*,*,#4932,.T.);
#2301=ORIENTED_EDGE('',*,*,#4933,.T.);
#2302=ORIENTED_EDGE('',*,*,#4934,.T.);
#2303=ORIENTED_EDGE('',*,*,#4935,.T.);
#2304=ORIENTED_EDGE('',*,*,#4936,.T.);
#2305=ORIENTED_EDGE('',*,*,#4937,.F.);
#2306=ORIENTED_EDGE('',*,*,#4938,.T.);
#2307=ORIENTED_EDGE('',*,*,#4939,.F.);
#2308=ORIENTED_EDGE('',*,*,#4276,.T.);
#2309=ORIENTED_EDGE('',*,*,#4939,.T.);
#2310=ORIENTED_EDGE('',*,*,#4940,.F.);
#2311=ORIENTED_EDGE('',*,*,#4277,.T.);
#2312=ORIENTED_EDGE('',*,*,#4940,.T.);
#2313=ORIENTED_EDGE('',*,*,#4941,.F.);
#2314=ORIENTED_EDGE('',*,*,#4278,.T.);
#2315=ORIENTED_EDGE('',*,*,#4941,.T.);
#2316=ORIENTED_EDGE('',*,*,#4942,.F.);
#2317=ORIENTED_EDGE('',*,*,#4279,.T.);
#2318=ORIENTED_EDGE('',*,*,#4942,.T.);
#2319=ORIENTED_EDGE('',*,*,#4943,.F.);
#2320=ORIENTED_EDGE('',*,*,#4934,.F.);
#2321=ORIENTED_EDGE('',*,*,#4944,.F.);
#2322=ORIENTED_EDGE('',*,*,#4389,.T.);
#2323=ORIENTED_EDGE('',*,*,#4944,.T.);
#2324=ORIENTED_EDGE('',*,*,#4933,.F.);
#2325=ORIENTED_EDGE('',*,*,#4945,.F.);
#2326=ORIENTED_EDGE('',*,*,#4390,.F.);
#2327=ORIENTED_EDGE('',*,*,#4943,.T.);
#2328=ORIENTED_EDGE('',*,*,#4388,.F.);
#2329=ORIENTED_EDGE('',*,*,#4946,.F.);
#2330=ORIENTED_EDGE('',*,*,#4935,.F.);
#2331=ORIENTED_EDGE('',*,*,#4945,.T.);
#2332=ORIENTED_EDGE('',*,*,#4932,.F.);
#2333=ORIENTED_EDGE('',*,*,#4947,.F.);
#2334=ORIENTED_EDGE('',*,*,#4391,.T.);
#2335=ORIENTED_EDGE('',*,*,#4946,.T.);
#2336=ORIENTED_EDGE('',*,*,#4387,.T.);
#2337=ORIENTED_EDGE('',*,*,#4948,.F.);
#2338=ORIENTED_EDGE('',*,*,#4936,.F.);
#2339=ORIENTED_EDGE('',*,*,#4947,.T.);
#2340=ORIENTED_EDGE('',*,*,#4931,.T.);
#2341=ORIENTED_EDGE('',*,*,#4949,.F.);
#2342=ORIENTED_EDGE('',*,*,#4392,.F.);
#2343=ORIENTED_EDGE('',*,*,#4948,.T.);
#2344=ORIENTED_EDGE('',*,*,#4394,.F.);
#2345=ORIENTED_EDGE('',*,*,#4950,.F.);
#2346=ORIENTED_EDGE('',*,*,#4937,.T.);
#2347=ORIENTED_EDGE('',*,*,#4938,.F.);
#2348=ORIENTED_EDGE('',*,*,#4950,.T.);
#2349=ORIENTED_EDGE('',*,*,#4393,.T.);
#2350=ORIENTED_EDGE('',*,*,#4949,.T.);
#2351=ORIENTED_EDGE('',*,*,#4951,.T.);
#2352=ORIENTED_EDGE('',*,*,#4383,.T.);
#2353=ORIENTED_EDGE('',*,*,#4952,.F.);
#2354=ORIENTED_EDGE('',*,*,#4284,.F.);
#2355=ORIENTED_EDGE('',*,*,#4953,.T.);
#2356=ORIENTED_EDGE('',*,*,#4952,.T.);
#2357=ORIENTED_EDGE('',*,*,#4386,.T.);
#2358=ORIENTED_EDGE('',*,*,#4954,.F.);
#2359=ORIENTED_EDGE('',*,*,#4285,.F.);
#2360=ORIENTED_EDGE('',*,*,#4286,.T.);
#2361=ORIENTED_EDGE('',*,*,#4954,.T.);
#2362=ORIENTED_EDGE('',*,*,#4385,.F.);
#2363=ORIENTED_EDGE('',*,*,#4955,.F.);
#2364=ORIENTED_EDGE('',*,*,#4951,.F.);
#2365=ORIENTED_EDGE('',*,*,#4956,.T.);
#2366=ORIENTED_EDGE('',*,*,#4139,.T.);
#2367=ORIENTED_EDGE('',*,*,#4957,.T.);
#2368=ORIENTED_EDGE('',*,*,#4287,.T.);
#2369=ORIENTED_EDGE('',*,*,#4955,.T.);
#2370=ORIENTED_EDGE('',*,*,#4384,.F.);
#2371=ORIENTED_EDGE('',*,*,#4176,.T.);
#2372=ORIENTED_EDGE('',*,*,#4958,.T.);
#2373=ORIENTED_EDGE('',*,*,#4462,.F.);
#2374=ORIENTED_EDGE('',*,*,#4959,.F.);
#2375=ORIENTED_EDGE('',*,*,#4959,.T.);
#2376=ORIENTED_EDGE('',*,*,#4461,.T.);
#2377=ORIENTED_EDGE('',*,*,#4960,.F.);
#2378=ORIENTED_EDGE('',*,*,#4177,.F.);
#2379=ORIENTED_EDGE('',*,*,#4960,.T.);
#2380=ORIENTED_EDGE('',*,*,#4464,.T.);
#2381=ORIENTED_EDGE('',*,*,#4961,.F.);
#2382=ORIENTED_EDGE('',*,*,#4962,.T.);
#2383=ORIENTED_EDGE('',*,*,#4168,.F.);
#2384=ORIENTED_EDGE('',*,*,#4175,.T.);
#2385=ORIENTED_EDGE('',*,*,#4963,.T.);
#2386=ORIENTED_EDGE('',*,*,#4961,.T.);
#2387=ORIENTED_EDGE('',*,*,#4463,.F.);
#2388=ORIENTED_EDGE('',*,*,#4958,.F.);
#2389=ORIENTED_EDGE('',*,*,#4171,.T.);
#2390=ORIENTED_EDGE('',*,*,#4964,.T.);
#2391=ORIENTED_EDGE('',*,*,#4466,.F.);
#2392=ORIENTED_EDGE('',*,*,#4965,.F.);
#2393=ORIENTED_EDGE('',*,*,#4172,.T.);
#2394=ORIENTED_EDGE('',*,*,#4965,.T.);
#2395=ORIENTED_EDGE('',*,*,#4465,.F.);
#2396=ORIENTED_EDGE('',*,*,#4966,.F.);
#2397=ORIENTED_EDGE('',*,*,#4966,.T.);
#2398=ORIENTED_EDGE('',*,*,#4468,.T.);
#2399=ORIENTED_EDGE('',*,*,#4967,.F.);
#2400=ORIENTED_EDGE('',*,*,#4968,.T.);
#2401=ORIENTED_EDGE('',*,*,#4173,.F.);
#2402=ORIENTED_EDGE('',*,*,#4967,.T.);
#2403=ORIENTED_EDGE('',*,*,#4467,.T.);
#2404=ORIENTED_EDGE('',*,*,#4964,.F.);
#2405=ORIENTED_EDGE('',*,*,#4170,.F.);
#2406=ORIENTED_EDGE('',*,*,#4969,.T.);
#2407=ORIENTED_EDGE('',*,*,#4330,.T.);
#2408=ORIENTED_EDGE('',*,*,#4970,.T.);
#2409=ORIENTED_EDGE('',*,*,#4470,.F.);
#2410=ORIENTED_EDGE('',*,*,#4971,.F.);
#2411=ORIENTED_EDGE('',*,*,#4971,.T.);
#2412=ORIENTED_EDGE('',*,*,#4469,.T.);
#2413=ORIENTED_EDGE('',*,*,#4972,.F.);
#2414=ORIENTED_EDGE('',*,*,#4973,.T.);
#2415=ORIENTED_EDGE('',*,*,#4331,.F.);
#2416=ORIENTED_EDGE('',*,*,#4972,.T.);
#2417=ORIENTED_EDGE('',*,*,#4472,.T.);
#2418=ORIENTED_EDGE('',*,*,#4974,.F.);
#2419=ORIENTED_EDGE('',*,*,#4328,.F.);
#2420=ORIENTED_EDGE('',*,*,#4975,.T.);
#2421=ORIENTED_EDGE('',*,*,#4329,.T.);
#2422=ORIENTED_EDGE('',*,*,#4974,.T.);
#2423=ORIENTED_EDGE('',*,*,#4471,.F.);
#2424=ORIENTED_EDGE('',*,*,#4970,.F.);
#2425=ORIENTED_EDGE('',*,*,#4333,.T.);
#2426=ORIENTED_EDGE('',*,*,#4976,.T.);
#2427=ORIENTED_EDGE('',*,*,#4977,.T.);
#2428=ORIENTED_EDGE('',*,*,#4474,.F.);
#2429=ORIENTED_EDGE('',*,*,#4978,.F.);
#2430=ORIENTED_EDGE('',*,*,#4318,.T.);
#2431=ORIENTED_EDGE('',*,*,#4979,.T.);
#2432=ORIENTED_EDGE('',*,*,#4334,.T.);
#2433=ORIENTED_EDGE('',*,*,#4978,.T.);
#2434=ORIENTED_EDGE('',*,*,#4473,.F.);
#2435=ORIENTED_EDGE('',*,*,#4980,.F.);
#2436=ORIENTED_EDGE('',*,*,#4980,.T.);
#2437=ORIENTED_EDGE('',*,*,#4476,.T.);
#2438=ORIENTED_EDGE('',*,*,#4981,.F.);
#2439=ORIENTED_EDGE('',*,*,#4982,.T.);
#2440=ORIENTED_EDGE('',*,*,#4319,.F.);
#2441=ORIENTED_EDGE('',*,*,#4981,.T.);
#2442=ORIENTED_EDGE('',*,*,#4475,.T.);
#2443=ORIENTED_EDGE('',*,*,#4977,.F.);
#2444=ORIENTED_EDGE('',*,*,#4983,.T.);
#2445=ORIENTED_EDGE('',*,*,#4326,.F.);
#2446=ORIENTED_EDGE('',*,*,#4984,.T.);
#2447=ORIENTED_EDGE('',*,*,#4322,.T.);
#2448=ORIENTED_EDGE('',*,*,#4985,.T.);
#2449=ORIENTED_EDGE('',*,*,#4478,.F.);
#2450=ORIENTED_EDGE('',*,*,#4986,.F.);
#2451=ORIENTED_EDGE('',*,*,#4986,.T.);
#2452=ORIENTED_EDGE('',*,*,#4477,.T.);
#2453=ORIENTED_EDGE('',*,*,#4987,.F.);
#2454=ORIENTED_EDGE('',*,*,#4323,.F.);
#2455=ORIENTED_EDGE('',*,*,#4987,.T.);
#2456=ORIENTED_EDGE('',*,*,#4480,.T.);
#2457=ORIENTED_EDGE('',*,*,#4988,.F.);
#2458=ORIENTED_EDGE('',*,*,#4989,.T.);
#2459=ORIENTED_EDGE('',*,*,#4324,.F.);
#2460=ORIENTED_EDGE('',*,*,#4321,.T.);
#2461=ORIENTED_EDGE('',*,*,#4990,.T.);
#2462=ORIENTED_EDGE('',*,*,#4988,.T.);
#2463=ORIENTED_EDGE('',*,*,#4479,.F.);
#2464=ORIENTED_EDGE('',*,*,#4985,.F.);
#2465=ORIENTED_EDGE('',*,*,#4311,.T.);
#2466=ORIENTED_EDGE('',*,*,#4991,.T.);
#2467=ORIENTED_EDGE('',*,*,#4337,.T.);
#2468=ORIENTED_EDGE('',*,*,#4992,.T.);
#2469=ORIENTED_EDGE('',*,*,#4482,.F.);
#2470=ORIENTED_EDGE('',*,*,#4993,.F.);
#2471=ORIENTED_EDGE('',*,*,#4314,.T.);
#2472=ORIENTED_EDGE('',*,*,#4994,.T.);
#2473=ORIENTED_EDGE('',*,*,#4312,.T.);
#2474=ORIENTED_EDGE('',*,*,#4993,.T.);
#2475=ORIENTED_EDGE('',*,*,#4481,.F.);
#2476=ORIENTED_EDGE('',*,*,#4995,.F.);
#2477=ORIENTED_EDGE('',*,*,#4995,.T.);
#2478=ORIENTED_EDGE('',*,*,#4484,.T.);
#2479=ORIENTED_EDGE('',*,*,#4996,.F.);
#2480=ORIENTED_EDGE('',*,*,#4315,.F.);
#2481=ORIENTED_EDGE('',*,*,#4996,.T.);
#2482=ORIENTED_EDGE('',*,*,#4483,.T.);
#2483=ORIENTED_EDGE('',*,*,#4992,.F.);
#2484=ORIENTED_EDGE('',*,*,#4336,.F.);
#2485=ORIENTED_EDGE('',*,*,#4997,.T.);
#2486=ORIENTED_EDGE('',*,*,#4316,.F.);
#2487=ORIENTED_EDGE('',*,*,#4341,.T.);
#2488=ORIENTED_EDGE('',*,*,#4998,.T.);
#2489=ORIENTED_EDGE('',*,*,#4486,.F.);
#2490=ORIENTED_EDGE('',*,*,#4999,.F.);
#2491=ORIENTED_EDGE('',*,*,#4342,.T.);
#2492=ORIENTED_EDGE('',*,*,#4999,.T.);
#2493=ORIENTED_EDGE('',*,*,#4485,.F.);
#2494=ORIENTED_EDGE('',*,*,#5000,.F.);
#2495=ORIENTED_EDGE('',*,*,#5000,.T.);
#2496=ORIENTED_EDGE('',*,*,#4488,.T.);
#2497=ORIENTED_EDGE('',*,*,#5001,.F.);
#2498=ORIENTED_EDGE('',*,*,#4339,.F.);
#2499=ORIENTED_EDGE('',*,*,#5002,.T.);
#2500=ORIENTED_EDGE('',*,*,#4309,.F.);
#2501=ORIENTED_EDGE('',*,*,#5001,.T.);
#2502=ORIENTED_EDGE('',*,*,#4487,.T.);
#2503=ORIENTED_EDGE('',*,*,#4998,.F.);
#2504=ORIENTED_EDGE('',*,*,#4340,.F.);
#2505=ORIENTED_EDGE('',*,*,#4164,.T.);
#2506=ORIENTED_EDGE('',*,*,#5003,.T.);
#2507=ORIENTED_EDGE('',*,*,#4490,.F.);
#2508=ORIENTED_EDGE('',*,*,#5004,.F.);
#2509=ORIENTED_EDGE('',*,*,#5004,.T.);
#2510=ORIENTED_EDGE('',*,*,#4489,.T.);
#2511=ORIENTED_EDGE('',*,*,#5005,.F.);
#2512=ORIENTED_EDGE('',*,*,#4165,.F.);
#2513=ORIENTED_EDGE('',*,*,#5005,.T.);
#2514=ORIENTED_EDGE('',*,*,#4492,.T.);
#2515=ORIENTED_EDGE('',*,*,#5006,.F.);
#2516=ORIENTED_EDGE('',*,*,#4166,.F.);
#2517=ORIENTED_EDGE('',*,*,#4167,.T.);
#2518=ORIENTED_EDGE('',*,*,#5006,.T.);
#2519=ORIENTED_EDGE('',*,*,#4491,.F.);
#2520=ORIENTED_EDGE('',*,*,#5003,.F.);
#2521=ORIENTED_EDGE('',*,*,#4343,.T.);
#2522=ORIENTED_EDGE('',*,*,#5007,.T.);
#2523=ORIENTED_EDGE('',*,*,#4494,.F.);
#2524=ORIENTED_EDGE('',*,*,#5008,.F.);
#2525=ORIENTED_EDGE('',*,*,#5008,.T.);
#2526=ORIENTED_EDGE('',*,*,#4493,.T.);
#2527=ORIENTED_EDGE('',*,*,#5009,.F.);
#2528=ORIENTED_EDGE('',*,*,#4344,.F.);
#2529=ORIENTED_EDGE('',*,*,#4345,.T.);
#2530=ORIENTED_EDGE('',*,*,#5009,.T.);
#2531=ORIENTED_EDGE('',*,*,#4504,.F.);
#2532=ORIENTED_EDGE('',*,*,#5010,.F.);
#2533=ORIENTED_EDGE('',*,*,#5010,.T.);
#2534=ORIENTED_EDGE('',*,*,#4503,.T.);
#2535=ORIENTED_EDGE('',*,*,#5011,.F.);
#2536=ORIENTED_EDGE('',*,*,#4346,.F.);
#2537=ORIENTED_EDGE('',*,*,#5011,.T.);
#2538=ORIENTED_EDGE('',*,*,#4502,.T.);
#2539=ORIENTED_EDGE('',*,*,#5012,.F.);
#2540=ORIENTED_EDGE('',*,*,#4347,.F.);
#2541=ORIENTED_EDGE('',*,*,#5012,.T.);
#2542=ORIENTED_EDGE('',*,*,#4501,.T.);
#2543=ORIENTED_EDGE('',*,*,#5013,.F.);
#2544=ORIENTED_EDGE('',*,*,#4348,.F.);
#2545=ORIENTED_EDGE('',*,*,#5013,.T.);
#2546=ORIENTED_EDGE('',*,*,#4500,.T.);
#2547=ORIENTED_EDGE('',*,*,#5014,.F.);
#2548=ORIENTED_EDGE('',*,*,#4349,.F.);
#2549=ORIENTED_EDGE('',*,*,#4350,.T.);
#2550=ORIENTED_EDGE('',*,*,#5014,.T.);
#2551=ORIENTED_EDGE('',*,*,#4499,.F.);
#2552=ORIENTED_EDGE('',*,*,#5015,.F.);
#2553=ORIENTED_EDGE('',*,*,#5015,.T.);
#2554=ORIENTED_EDGE('',*,*,#4498,.T.);
#2555=ORIENTED_EDGE('',*,*,#5016,.F.);
#2556=ORIENTED_EDGE('',*,*,#4351,.F.);
#2557=ORIENTED_EDGE('',*,*,#4352,.T.);
#2558=ORIENTED_EDGE('',*,*,#5016,.T.);
#2559=ORIENTED_EDGE('',*,*,#4497,.F.);
#2560=ORIENTED_EDGE('',*,*,#5017,.F.);
#2561=ORIENTED_EDGE('',*,*,#4353,.T.);
#2562=ORIENTED_EDGE('',*,*,#5017,.T.);
#2563=ORIENTED_EDGE('',*,*,#4496,.F.);
#2564=ORIENTED_EDGE('',*,*,#5018,.F.);
#2565=ORIENTED_EDGE('',*,*,#4354,.T.);
#2566=ORIENTED_EDGE('',*,*,#5018,.T.);
#2567=ORIENTED_EDGE('',*,*,#4495,.F.);
#2568=ORIENTED_EDGE('',*,*,#5007,.F.);
#2569=ORIENTED_EDGE('',*,*,#5019,.T.);
#2570=ORIENTED_EDGE('',*,*,#4375,.T.);
#2571=ORIENTED_EDGE('',*,*,#5020,.F.);
#2572=ORIENTED_EDGE('',*,*,#4301,.F.);
#2573=ORIENTED_EDGE('',*,*,#5021,.T.);
#2574=ORIENTED_EDGE('',*,*,#4280,.F.);
#2575=ORIENTED_EDGE('',*,*,#4302,.T.);
#2576=ORIENTED_EDGE('',*,*,#5020,.T.);
#2577=ORIENTED_EDGE('',*,*,#4382,.F.);
#2578=ORIENTED_EDGE('',*,*,#5022,.F.);
#2579=ORIENTED_EDGE('',*,*,#4303,.T.);
#2580=ORIENTED_EDGE('',*,*,#5022,.T.);
#2581=ORIENTED_EDGE('',*,*,#4381,.F.);
#2582=ORIENTED_EDGE('',*,*,#5023,.F.);
#2583=ORIENTED_EDGE('',*,*,#5023,.T.);
#2584=ORIENTED_EDGE('',*,*,#4380,.T.);
#2585=ORIENTED_EDGE('',*,*,#5024,.F.);
#2586=ORIENTED_EDGE('',*,*,#4304,.F.);
#2587=ORIENTED_EDGE('',*,*,#4305,.T.);
#2588=ORIENTED_EDGE('',*,*,#5024,.T.);
#2589=ORIENTED_EDGE('',*,*,#4379,.F.);
#2590=ORIENTED_EDGE('',*,*,#5025,.F.);
#2591=ORIENTED_EDGE('',*,*,#4306,.T.);
#2592=ORIENTED_EDGE('',*,*,#5025,.T.);
#2593=ORIENTED_EDGE('',*,*,#4378,.F.);
#2594=ORIENTED_EDGE('',*,*,#5026,.F.);
#2595=ORIENTED_EDGE('',*,*,#4307,.T.);
#2596=ORIENTED_EDGE('',*,*,#5026,.T.);
#2597=ORIENTED_EDGE('',*,*,#4377,.F.);
#2598=ORIENTED_EDGE('',*,*,#5027,.F.);
#2599=ORIENTED_EDGE('',*,*,#5027,.T.);
#2600=ORIENTED_EDGE('',*,*,#4376,.T.);
#2601=ORIENTED_EDGE('',*,*,#5019,.F.);
#2602=ORIENTED_EDGE('',*,*,#4308,.F.);
#2603=ORIENTED_EDGE('',*,*,#4294,.T.);
#2604=ORIENTED_EDGE('',*,*,#5028,.T.);
#2605=ORIENTED_EDGE('',*,*,#4506,.F.);
#2606=ORIENTED_EDGE('',*,*,#5029,.F.);
#2607=ORIENTED_EDGE('',*,*,#4295,.T.);
#2608=ORIENTED_EDGE('',*,*,#5029,.T.);
#2609=ORIENTED_EDGE('',*,*,#4505,.F.);
#2610=ORIENTED_EDGE('',*,*,#5030,.F.);
#2611=ORIENTED_EDGE('',*,*,#5030,.T.);
#2612=ORIENTED_EDGE('',*,*,#4508,.T.);
#2613=ORIENTED_EDGE('',*,*,#5031,.F.);
#2614=ORIENTED_EDGE('',*,*,#4296,.F.);
#2615=ORIENTED_EDGE('',*,*,#5031,.T.);
#2616=ORIENTED_EDGE('',*,*,#4507,.T.);
#2617=ORIENTED_EDGE('',*,*,#5028,.F.);
#2618=ORIENTED_EDGE('',*,*,#4293,.F.);
#2619=ORIENTED_EDGE('',*,*,#5032,.T.);
#2620=ORIENTED_EDGE('',*,*,#4297,.F.);
#2621=ORIENTED_EDGE('',*,*,#4290,.T.);
#2622=ORIENTED_EDGE('',*,*,#5033,.T.);
#2623=ORIENTED_EDGE('',*,*,#4510,.F.);
#2624=ORIENTED_EDGE('',*,*,#5034,.F.);
#2625=ORIENTED_EDGE('',*,*,#5035,.F.);
#2626=ORIENTED_EDGE('',*,*,#5036,.T.);
#2627=ORIENTED_EDGE('',*,*,#4299,.T.);
#2628=ORIENTED_EDGE('',*,*,#5037,.T.);
#2629=ORIENTED_EDGE('',*,*,#4291,.T.);
#2630=ORIENTED_EDGE('',*,*,#5034,.T.);
#2631=ORIENTED_EDGE('',*,*,#4509,.F.);
#2632=ORIENTED_EDGE('',*,*,#5035,.T.);
#2633=ORIENTED_EDGE('',*,*,#4512,.T.);
#2634=ORIENTED_EDGE('',*,*,#5038,.F.);
#2635=ORIENTED_EDGE('',*,*,#5039,.T.);
#2636=ORIENTED_EDGE('',*,*,#4282,.F.);
#2637=ORIENTED_EDGE('',*,*,#5040,.T.);
#2638=ORIENTED_EDGE('',*,*,#5038,.T.);
#2639=ORIENTED_EDGE('',*,*,#4511,.T.);
#2640=ORIENTED_EDGE('',*,*,#5033,.F.);
#2641=ORIENTED_EDGE('',*,*,#4289,.F.);
#2642=ORIENTED_EDGE('',*,*,#5041,.T.);
#2643=ORIENTED_EDGE('',*,*,#4137,.F.);
#2644=ORIENTED_EDGE('',*,*,#5042,.T.);
#2645=ORIENTED_EDGE('',*,*,#4160,.T.);
#2646=ORIENTED_EDGE('',*,*,#5043,.T.);
#2647=ORIENTED_EDGE('',*,*,#4514,.F.);
#2648=ORIENTED_EDGE('',*,*,#5044,.F.);
#2649=ORIENTED_EDGE('',*,*,#4161,.T.);
#2650=ORIENTED_EDGE('',*,*,#5044,.T.);
#2651=ORIENTED_EDGE('',*,*,#4513,.F.);
#2652=ORIENTED_EDGE('',*,*,#5045,.F.);
#2653=ORIENTED_EDGE('',*,*,#5045,.T.);
#2654=ORIENTED_EDGE('',*,*,#4516,.T.);
#2655=ORIENTED_EDGE('',*,*,#5046,.F.);
#2656=ORIENTED_EDGE('',*,*,#4162,.F.);
#2657=ORIENTED_EDGE('',*,*,#5046,.T.);
#2658=ORIENTED_EDGE('',*,*,#4515,.T.);
#2659=ORIENTED_EDGE('',*,*,#5043,.F.);
#2660=ORIENTED_EDGE('',*,*,#4163,.F.);
#2661=ORIENTED_EDGE('',*,*,#5047,.T.);
#2662=ORIENTED_EDGE('',*,*,#4371,.T.);
#2663=ORIENTED_EDGE('',*,*,#5048,.F.);
#2664=ORIENTED_EDGE('',*,*,#4356,.F.);
#2665=ORIENTED_EDGE('',*,*,#4357,.T.);
#2666=ORIENTED_EDGE('',*,*,#5048,.T.);
#2667=ORIENTED_EDGE('',*,*,#4374,.F.);
#2668=ORIENTED_EDGE('',*,*,#5049,.F.);
#2669=ORIENTED_EDGE('',*,*,#4358,.T.);
#2670=ORIENTED_EDGE('',*,*,#5049,.T.);
#2671=ORIENTED_EDGE('',*,*,#4373,.F.);
#2672=ORIENTED_EDGE('',*,*,#5050,.F.);
#2673=ORIENTED_EDGE('',*,*,#5050,.T.);
#2674=ORIENTED_EDGE('',*,*,#4372,.T.);
#2675=ORIENTED_EDGE('',*,*,#5047,.F.);
#2676=ORIENTED_EDGE('',*,*,#4355,.F.);
#2677=ORIENTED_EDGE('',*,*,#4359,.T.);
#2678=ORIENTED_EDGE('',*,*,#5051,.T.);
#2679=ORIENTED_EDGE('',*,*,#4518,.F.);
#2680=ORIENTED_EDGE('',*,*,#5052,.F.);
#2681=ORIENTED_EDGE('',*,*,#5052,.T.);
#2682=ORIENTED_EDGE('',*,*,#4517,.T.);
#2683=ORIENTED_EDGE('',*,*,#5053,.F.);
#2684=ORIENTED_EDGE('',*,*,#4360,.F.);
#2685=ORIENTED_EDGE('',*,*,#5053,.T.);
#2686=ORIENTED_EDGE('',*,*,#4520,.T.);
#2687=ORIENTED_EDGE('',*,*,#5054,.F.);
#2688=ORIENTED_EDGE('',*,*,#4361,.F.);
#2689=ORIENTED_EDGE('',*,*,#4362,.T.);
#2690=ORIENTED_EDGE('',*,*,#5054,.T.);
#2691=ORIENTED_EDGE('',*,*,#4519,.F.);
#2692=ORIENTED_EDGE('',*,*,#5051,.F.);
#2693=ORIENTED_EDGE('',*,*,#4156,.T.);
#2694=ORIENTED_EDGE('',*,*,#5055,.T.);
#2695=ORIENTED_EDGE('',*,*,#4522,.F.);
#2696=ORIENTED_EDGE('',*,*,#5056,.F.);
#2697=ORIENTED_EDGE('',*,*,#5056,.T.);
#2698=ORIENTED_EDGE('',*,*,#4521,.T.);
#2699=ORIENTED_EDGE('',*,*,#5057,.F.);
#2700=ORIENTED_EDGE('',*,*,#4157,.F.);
#2701=ORIENTED_EDGE('',*,*,#5057,.T.);
#2702=ORIENTED_EDGE('',*,*,#4524,.T.);
#2703=ORIENTED_EDGE('',*,*,#5058,.F.);
#2704=ORIENTED_EDGE('',*,*,#4158,.F.);
#2705=ORIENTED_EDGE('',*,*,#4159,.T.);
#2706=ORIENTED_EDGE('',*,*,#5058,.T.);
#2707=ORIENTED_EDGE('',*,*,#4523,.F.);
#2708=ORIENTED_EDGE('',*,*,#5055,.F.);
#2709=ORIENTED_EDGE('',*,*,#4363,.T.);
#2710=ORIENTED_EDGE('',*,*,#5059,.T.);
#2711=ORIENTED_EDGE('',*,*,#4526,.F.);
#2712=ORIENTED_EDGE('',*,*,#5060,.F.);
#2713=ORIENTED_EDGE('',*,*,#5060,.T.);
#2714=ORIENTED_EDGE('',*,*,#4525,.T.);
#2715=ORIENTED_EDGE('',*,*,#5061,.F.);
#2716=ORIENTED_EDGE('',*,*,#4364,.F.);
#2717=ORIENTED_EDGE('',*,*,#5061,.T.);
#2718=ORIENTED_EDGE('',*,*,#4528,.T.);
#2719=ORIENTED_EDGE('',*,*,#5062,.F.);
#2720=ORIENTED_EDGE('',*,*,#4365,.F.);
#2721=ORIENTED_EDGE('',*,*,#4366,.T.);
#2722=ORIENTED_EDGE('',*,*,#5062,.T.);
#2723=ORIENTED_EDGE('',*,*,#4527,.F.);
#2724=ORIENTED_EDGE('',*,*,#5059,.F.);
#2725=ORIENTED_EDGE('',*,*,#4152,.T.);
#2726=ORIENTED_EDGE('',*,*,#5063,.T.);
#2727=ORIENTED_EDGE('',*,*,#4530,.F.);
#2728=ORIENTED_EDGE('',*,*,#5064,.F.);
#2729=ORIENTED_EDGE('',*,*,#5064,.T.);
#2730=ORIENTED_EDGE('',*,*,#4529,.T.);
#2731=ORIENTED_EDGE('',*,*,#5065,.F.);
#2732=ORIENTED_EDGE('',*,*,#4153,.F.);
#2733=ORIENTED_EDGE('',*,*,#5065,.T.);
#2734=ORIENTED_EDGE('',*,*,#4532,.T.);
#2735=ORIENTED_EDGE('',*,*,#5066,.F.);
#2736=ORIENTED_EDGE('',*,*,#4154,.F.);
#2737=ORIENTED_EDGE('',*,*,#4155,.T.);
#2738=ORIENTED_EDGE('',*,*,#5066,.T.);
#2739=ORIENTED_EDGE('',*,*,#4531,.F.);
#2740=ORIENTED_EDGE('',*,*,#5063,.F.);
#2741=ORIENTED_EDGE('',*,*,#4367,.T.);
#2742=ORIENTED_EDGE('',*,*,#5067,.T.);
#2743=ORIENTED_EDGE('',*,*,#4534,.F.);
#2744=ORIENTED_EDGE('',*,*,#5068,.F.);
#2745=ORIENTED_EDGE('',*,*,#5068,.T.);
#2746=ORIENTED_EDGE('',*,*,#4533,.T.);
#2747=ORIENTED_EDGE('',*,*,#5069,.F.);
#2748=ORIENTED_EDGE('',*,*,#4368,.F.);
#2749=ORIENTED_EDGE('',*,*,#5069,.T.);
#2750=ORIENTED_EDGE('',*,*,#4536,.T.);
#2751=ORIENTED_EDGE('',*,*,#5070,.F.);
#2752=ORIENTED_EDGE('',*,*,#4369,.F.);
#2753=ORIENTED_EDGE('',*,*,#4370,.T.);
#2754=ORIENTED_EDGE('',*,*,#5070,.T.);
#2755=ORIENTED_EDGE('',*,*,#4535,.F.);
#2756=ORIENTED_EDGE('',*,*,#5067,.F.);
#2757=ORIENTED_EDGE('',*,*,#5071,.T.);
#2758=ORIENTED_EDGE('',*,*,#5072,.F.);
#2759=ORIENTED_EDGE('',*,*,#5073,.T.);
#2760=ORIENTED_EDGE('',*,*,#5074,.F.);
#2761=ORIENTED_EDGE('',*,*,#5075,.T.);
#2762=ORIENTED_EDGE('',*,*,#5074,.T.);
#2763=ORIENTED_EDGE('',*,*,#5072,.T.);
#2764=ORIENTED_EDGE('',*,*,#4151,.F.);
#2765=ORIENTED_EDGE('',*,*,#5073,.F.);
#2766=ORIENTED_EDGE('',*,*,#5075,.F.);
#2767=ORIENTED_EDGE('',*,*,#5071,.F.);
#2768=ORIENTED_EDGE('',*,*,#5076,.T.);
#2769=ORIENTED_EDGE('',*,*,#5077,.F.);
#2770=ORIENTED_EDGE('',*,*,#5078,.T.);
#2771=ORIENTED_EDGE('',*,*,#5079,.F.);
#2772=ORIENTED_EDGE('',*,*,#5080,.T.);
#2773=ORIENTED_EDGE('',*,*,#5079,.T.);
#2774=ORIENTED_EDGE('',*,*,#5077,.T.);
#2775=ORIENTED_EDGE('',*,*,#4150,.F.);
#2776=ORIENTED_EDGE('',*,*,#5078,.F.);
#2777=ORIENTED_EDGE('',*,*,#5080,.F.);
#2778=ORIENTED_EDGE('',*,*,#5076,.F.);
#2779=ORIENTED_EDGE('',*,*,#5081,.T.);
#2780=ORIENTED_EDGE('',*,*,#5082,.F.);
#2781=ORIENTED_EDGE('',*,*,#5083,.T.);
#2782=ORIENTED_EDGE('',*,*,#5084,.F.);
#2783=ORIENTED_EDGE('',*,*,#5085,.T.);
#2784=ORIENTED_EDGE('',*,*,#5084,.T.);
#2785=ORIENTED_EDGE('',*,*,#5082,.T.);
#2786=ORIENTED_EDGE('',*,*,#4149,.F.);
#2787=ORIENTED_EDGE('',*,*,#5083,.F.);
#2788=ORIENTED_EDGE('',*,*,#5085,.F.);
#2789=ORIENTED_EDGE('',*,*,#5081,.F.);
#2790=ORIENTED_EDGE('',*,*,#5086,.T.);
#2791=ORIENTED_EDGE('',*,*,#5087,.F.);
#2792=ORIENTED_EDGE('',*,*,#5088,.T.);
#2793=ORIENTED_EDGE('',*,*,#5089,.F.);
#2794=ORIENTED_EDGE('',*,*,#5090,.T.);
#2795=ORIENTED_EDGE('',*,*,#5089,.T.);
#2796=ORIENTED_EDGE('',*,*,#5087,.T.);
#2797=ORIENTED_EDGE('',*,*,#4990,.F.);
#2798=ORIENTED_EDGE('',*,*,#4320,.F.);
#2799=ORIENTED_EDGE('',*,*,#4982,.F.);
#2800=ORIENTED_EDGE('',*,*,#4984,.F.);
#2801=ORIENTED_EDGE('',*,*,#4325,.F.);
#2802=ORIENTED_EDGE('',*,*,#4989,.F.);
#2803=ORIENTED_EDGE('',*,*,#5088,.F.);
#2804=ORIENTED_EDGE('',*,*,#5090,.F.);
#2805=ORIENTED_EDGE('',*,*,#5086,.F.);
#2806=ORIENTED_EDGE('',*,*,#5091,.T.);
#2807=ORIENTED_EDGE('',*,*,#5092,.F.);
#2808=ORIENTED_EDGE('',*,*,#5093,.T.);
#2809=ORIENTED_EDGE('',*,*,#5094,.F.);
#2810=ORIENTED_EDGE('',*,*,#5095,.T.);
#2811=ORIENTED_EDGE('',*,*,#5094,.T.);
#2812=ORIENTED_EDGE('',*,*,#5092,.T.);
#2813=ORIENTED_EDGE('',*,*,#4975,.F.);
#2814=ORIENTED_EDGE('',*,*,#4327,.F.);
#2815=ORIENTED_EDGE('',*,*,#4983,.F.);
#2816=ORIENTED_EDGE('',*,*,#4976,.F.);
#2817=ORIENTED_EDGE('',*,*,#4332,.F.);
#2818=ORIENTED_EDGE('',*,*,#4973,.F.);
#2819=ORIENTED_EDGE('',*,*,#5093,.F.);
#2820=ORIENTED_EDGE('',*,*,#5095,.F.);
#2821=ORIENTED_EDGE('',*,*,#5091,.F.);
#2822=ORIENTED_EDGE('',*,*,#5096,.T.);
#2823=ORIENTED_EDGE('',*,*,#5097,.F.);
#2824=ORIENTED_EDGE('',*,*,#5098,.T.);
#2825=ORIENTED_EDGE('',*,*,#5099,.F.);
#2826=ORIENTED_EDGE('',*,*,#5100,.T.);
#2827=ORIENTED_EDGE('',*,*,#5099,.T.);
#2828=ORIENTED_EDGE('',*,*,#5097,.T.);
#2829=ORIENTED_EDGE('',*,*,#4148,.F.);
#2830=ORIENTED_EDGE('',*,*,#5098,.F.);
#2831=ORIENTED_EDGE('',*,*,#5100,.F.);
#2832=ORIENTED_EDGE('',*,*,#5096,.F.);
#2833=ORIENTED_EDGE('',*,*,#5101,.T.);
#2834=ORIENTED_EDGE('',*,*,#5102,.F.);
#2835=ORIENTED_EDGE('',*,*,#5103,.T.);
#2836=ORIENTED_EDGE('',*,*,#5104,.F.);
#2837=ORIENTED_EDGE('',*,*,#5105,.T.);
#2838=ORIENTED_EDGE('',*,*,#5104,.T.);
#2839=ORIENTED_EDGE('',*,*,#5102,.T.);
#2840=ORIENTED_EDGE('',*,*,#4979,.F.);
#2841=ORIENTED_EDGE('',*,*,#4317,.F.);
#2842=ORIENTED_EDGE('',*,*,#4997,.F.);
#2843=ORIENTED_EDGE('',*,*,#4335,.F.);
#2844=ORIENTED_EDGE('',*,*,#5103,.F.);
#2845=ORIENTED_EDGE('',*,*,#5105,.F.);
#2846=ORIENTED_EDGE('',*,*,#5101,.F.);
#2847=ORIENTED_EDGE('',*,*,#5106,.T.);
#2848=ORIENTED_EDGE('',*,*,#5107,.F.);
#2849=ORIENTED_EDGE('',*,*,#5108,.T.);
#2850=ORIENTED_EDGE('',*,*,#5109,.F.);
#2851=ORIENTED_EDGE('',*,*,#5110,.T.);
#2852=ORIENTED_EDGE('',*,*,#5109,.T.);
#2853=ORIENTED_EDGE('',*,*,#5107,.T.);
#2854=ORIENTED_EDGE('',*,*,#4969,.F.);
#2855=ORIENTED_EDGE('',*,*,#4169,.F.);
#2856=ORIENTED_EDGE('',*,*,#4962,.F.);
#2857=ORIENTED_EDGE('',*,*,#4963,.F.);
#2858=ORIENTED_EDGE('',*,*,#4174,.F.);
#2859=ORIENTED_EDGE('',*,*,#4968,.F.);
#2860=ORIENTED_EDGE('',*,*,#5108,.F.);
#2861=ORIENTED_EDGE('',*,*,#5110,.F.);
#2862=ORIENTED_EDGE('',*,*,#5106,.F.);
#2863=ORIENTED_EDGE('',*,*,#5111,.T.);
#2864=ORIENTED_EDGE('',*,*,#5112,.F.);
#2865=ORIENTED_EDGE('',*,*,#5113,.T.);
#2866=ORIENTED_EDGE('',*,*,#5114,.F.);
#2867=ORIENTED_EDGE('',*,*,#5115,.T.);
#2868=ORIENTED_EDGE('',*,*,#5114,.T.);
#2869=ORIENTED_EDGE('',*,*,#5112,.T.);
#2870=ORIENTED_EDGE('',*,*,#4953,.F.);
#2871=ORIENTED_EDGE('',*,*,#4283,.F.);
#2872=ORIENTED_EDGE('',*,*,#5039,.F.);
#2873=ORIENTED_EDGE('',*,*,#5042,.F.);
#2874=ORIENTED_EDGE('',*,*,#4140,.F.);
#2875=ORIENTED_EDGE('',*,*,#4956,.F.);
#2876=ORIENTED_EDGE('',*,*,#5113,.F.);
#2877=ORIENTED_EDGE('',*,*,#5115,.F.);
#2878=ORIENTED_EDGE('',*,*,#5111,.F.);
#2879=ORIENTED_EDGE('',*,*,#5116,.T.);
#2880=ORIENTED_EDGE('',*,*,#5117,.F.);
#2881=ORIENTED_EDGE('',*,*,#5118,.T.);
#2882=ORIENTED_EDGE('',*,*,#5119,.F.);
#2883=ORIENTED_EDGE('',*,*,#5120,.T.);
#2884=ORIENTED_EDGE('',*,*,#5119,.T.);
#2885=ORIENTED_EDGE('',*,*,#5117,.T.);
#2886=ORIENTED_EDGE('',*,*,#4957,.F.);
#2887=ORIENTED_EDGE('',*,*,#4138,.F.);
#2888=ORIENTED_EDGE('',*,*,#5041,.F.);
#2889=ORIENTED_EDGE('',*,*,#4288,.F.);
#2890=ORIENTED_EDGE('',*,*,#5118,.F.);
#2891=ORIENTED_EDGE('',*,*,#5120,.F.);
#2892=ORIENTED_EDGE('',*,*,#5116,.F.);
#2893=ORIENTED_EDGE('',*,*,#5121,.T.);
#2894=ORIENTED_EDGE('',*,*,#5122,.F.);
#2895=ORIENTED_EDGE('',*,*,#5123,.T.);
#2896=ORIENTED_EDGE('',*,*,#5124,.F.);
#2897=ORIENTED_EDGE('',*,*,#5125,.T.);
#2898=ORIENTED_EDGE('',*,*,#5124,.T.);
#2899=ORIENTED_EDGE('',*,*,#5122,.T.);
#2900=ORIENTED_EDGE('',*,*,#5037,.F.);
#2901=ORIENTED_EDGE('',*,*,#4298,.F.);
#2902=ORIENTED_EDGE('',*,*,#5032,.F.);
#2903=ORIENTED_EDGE('',*,*,#4292,.F.);
#2904=ORIENTED_EDGE('',*,*,#5123,.F.);
#2905=ORIENTED_EDGE('',*,*,#5125,.F.);
#2906=ORIENTED_EDGE('',*,*,#5121,.F.);
#2907=ORIENTED_EDGE('',*,*,#5126,.T.);
#2908=ORIENTED_EDGE('',*,*,#5127,.F.);
#2909=ORIENTED_EDGE('',*,*,#5128,.T.);
#2910=ORIENTED_EDGE('',*,*,#5129,.F.);
#2911=ORIENTED_EDGE('',*,*,#5130,.T.);
#2912=ORIENTED_EDGE('',*,*,#5129,.T.);
#2913=ORIENTED_EDGE('',*,*,#5127,.T.);
#2914=ORIENTED_EDGE('',*,*,#5040,.F.);
#2915=ORIENTED_EDGE('',*,*,#4281,.F.);
#2916=ORIENTED_EDGE('',*,*,#5021,.F.);
#2917=ORIENTED_EDGE('',*,*,#4300,.F.);
#2918=ORIENTED_EDGE('',*,*,#5036,.F.);
#2919=ORIENTED_EDGE('',*,*,#5128,.F.);
#2920=ORIENTED_EDGE('',*,*,#5130,.F.);
#2921=ORIENTED_EDGE('',*,*,#5126,.F.);
#2922=ORIENTED_EDGE('',*,*,#5131,.T.);
#2923=ORIENTED_EDGE('',*,*,#5132,.F.);
#2924=ORIENTED_EDGE('',*,*,#5133,.T.);
#2925=ORIENTED_EDGE('',*,*,#5134,.F.);
#2926=ORIENTED_EDGE('',*,*,#5135,.T.);
#2927=ORIENTED_EDGE('',*,*,#5134,.T.);
#2928=ORIENTED_EDGE('',*,*,#5132,.T.);
#2929=ORIENTED_EDGE('',*,*,#4147,.F.);
#2930=ORIENTED_EDGE('',*,*,#5133,.F.);
#2931=ORIENTED_EDGE('',*,*,#5135,.F.);
#2932=ORIENTED_EDGE('',*,*,#5131,.F.);
#2933=ORIENTED_EDGE('',*,*,#5136,.T.);
#2934=ORIENTED_EDGE('',*,*,#5137,.F.);
#2935=ORIENTED_EDGE('',*,*,#5138,.T.);
#2936=ORIENTED_EDGE('',*,*,#5139,.F.);
#2937=ORIENTED_EDGE('',*,*,#5140,.T.);
#2938=ORIENTED_EDGE('',*,*,#5139,.T.);
#2939=ORIENTED_EDGE('',*,*,#5137,.T.);
#2940=ORIENTED_EDGE('',*,*,#4994,.F.);
#2941=ORIENTED_EDGE('',*,*,#4313,.F.);
#2942=ORIENTED_EDGE('',*,*,#5138,.F.);
#2943=ORIENTED_EDGE('',*,*,#5140,.F.);
#2944=ORIENTED_EDGE('',*,*,#5136,.F.);
#2945=ORIENTED_EDGE('',*,*,#5141,.T.);
#2946=ORIENTED_EDGE('',*,*,#5142,.F.);
#2947=ORIENTED_EDGE('',*,*,#5143,.T.);
#2948=ORIENTED_EDGE('',*,*,#5144,.F.);
#2949=ORIENTED_EDGE('',*,*,#5145,.T.);
#2950=ORIENTED_EDGE('',*,*,#5144,.T.);
#2951=ORIENTED_EDGE('',*,*,#5142,.T.);
#2952=ORIENTED_EDGE('',*,*,#4991,.F.);
#2953=ORIENTED_EDGE('',*,*,#4310,.F.);
#2954=ORIENTED_EDGE('',*,*,#5002,.F.);
#2955=ORIENTED_EDGE('',*,*,#4338,.F.);
#2956=ORIENTED_EDGE('',*,*,#5143,.F.);
#2957=ORIENTED_EDGE('',*,*,#5145,.F.);
#2958=ORIENTED_EDGE('',*,*,#5141,.F.);
#2959=ORIENTED_EDGE('',*,*,#5146,.T.);
#2960=ORIENTED_EDGE('',*,*,#5147,.F.);
#2961=ORIENTED_EDGE('',*,*,#5148,.T.);
#2962=ORIENTED_EDGE('',*,*,#5149,.F.);
#2963=ORIENTED_EDGE('',*,*,#5150,.T.);
#2964=ORIENTED_EDGE('',*,*,#5149,.T.);
#2965=ORIENTED_EDGE('',*,*,#5147,.T.);
#2966=ORIENTED_EDGE('',*,*,#4146,.F.);
#2967=ORIENTED_EDGE('',*,*,#5148,.F.);
#2968=ORIENTED_EDGE('',*,*,#5150,.F.);
#2969=ORIENTED_EDGE('',*,*,#5146,.F.);
#2970=ORIENTED_EDGE('',*,*,#5151,.T.);
#2971=ORIENTED_EDGE('',*,*,#5152,.F.);
#2972=ORIENTED_EDGE('',*,*,#5153,.T.);
#2973=ORIENTED_EDGE('',*,*,#5154,.F.);
#2974=ORIENTED_EDGE('',*,*,#5155,.T.);
#2975=ORIENTED_EDGE('',*,*,#5154,.T.);
#2976=ORIENTED_EDGE('',*,*,#5152,.T.);
#2977=ORIENTED_EDGE('',*,*,#4145,.F.);
#2978=ORIENTED_EDGE('',*,*,#5153,.F.);
#2979=ORIENTED_EDGE('',*,*,#5155,.F.);
#2980=ORIENTED_EDGE('',*,*,#5151,.F.);
#2981=ORIENTED_EDGE('',*,*,#5156,.T.);
#2982=ORIENTED_EDGE('',*,*,#5157,.F.);
#2983=ORIENTED_EDGE('',*,*,#5158,.T.);
#2984=ORIENTED_EDGE('',*,*,#5159,.F.);
#2985=ORIENTED_EDGE('',*,*,#5160,.T.);
#2986=ORIENTED_EDGE('',*,*,#5159,.T.);
#2987=ORIENTED_EDGE('',*,*,#5157,.T.);
#2988=ORIENTED_EDGE('',*,*,#4144,.F.);
#2989=ORIENTED_EDGE('',*,*,#5158,.F.);
#2990=ORIENTED_EDGE('',*,*,#5160,.F.);
#2991=ORIENTED_EDGE('',*,*,#5156,.F.);
#2992=ORIENTED_EDGE('',*,*,#5161,.T.);
#2993=ORIENTED_EDGE('',*,*,#5162,.F.);
#2994=ORIENTED_EDGE('',*,*,#5163,.T.);
#2995=ORIENTED_EDGE('',*,*,#5164,.F.);
#2996=ORIENTED_EDGE('',*,*,#5165,.T.);
#2997=ORIENTED_EDGE('',*,*,#5164,.T.);
#2998=ORIENTED_EDGE('',*,*,#5162,.T.);
#2999=ORIENTED_EDGE('',*,*,#4143,.F.);
#3000=ORIENTED_EDGE('',*,*,#5163,.F.);
#3001=ORIENTED_EDGE('',*,*,#5165,.F.);
#3002=ORIENTED_EDGE('',*,*,#5161,.F.);
#3003=ORIENTED_EDGE('',*,*,#5166,.T.);
#3004=ORIENTED_EDGE('',*,*,#5167,.F.);
#3005=ORIENTED_EDGE('',*,*,#5168,.T.);
#3006=ORIENTED_EDGE('',*,*,#5167,.T.);
#3007=ORIENTED_EDGE('',*,*,#4142,.F.);
#3008=ORIENTED_EDGE('',*,*,#5166,.F.);
#3009=ORIENTED_EDGE('',*,*,#5169,.T.);
#3010=ORIENTED_EDGE('',*,*,#5170,.T.);
#3011=ORIENTED_EDGE('',*,*,#5169,.F.);
#3012=ORIENTED_EDGE('',*,*,#5168,.F.);
#3013=ORIENTED_EDGE('',*,*,#5170,.F.);
#3014=ORIENTED_EDGE('',*,*,#5171,.T.);
#3015=ORIENTED_EDGE('',*,*,#5172,.F.);
#3016=ORIENTED_EDGE('',*,*,#5173,.T.);
#3017=ORIENTED_EDGE('',*,*,#5174,.F.);
#3018=ORIENTED_EDGE('',*,*,#5175,.T.);
#3019=ORIENTED_EDGE('',*,*,#5174,.T.);
#3020=ORIENTED_EDGE('',*,*,#5172,.T.);
#3021=ORIENTED_EDGE('',*,*,#4141,.F.);
#3022=ORIENTED_EDGE('',*,*,#5173,.F.);
#3023=ORIENTED_EDGE('',*,*,#5175,.F.);
#3024=ORIENTED_EDGE('',*,*,#5171,.F.);
#3025=ORIENTED_EDGE('',*,*,#5176,.T.);
#3026=ORIENTED_EDGE('',*,*,#5177,.T.);
#3027=ORIENTED_EDGE('',*,*,#5178,.T.);
#3028=ORIENTED_EDGE('',*,*,#4701,.T.);
#3029=ORIENTED_EDGE('',*,*,#5179,.T.);
#3030=ORIENTED_EDGE('',*,*,#5180,.T.);
#3031=ORIENTED_EDGE('',*,*,#5181,.T.);
#3032=ORIENTED_EDGE('',*,*,#4707,.F.);
#3033=ORIENTED_EDGE('',*,*,#5182,.T.);
#3034=ORIENTED_EDGE('',*,*,#5183,.T.);
#3035=ORIENTED_EDGE('',*,*,#5184,.T.);
#3036=ORIENTED_EDGE('',*,*,#4705,.F.);
#3037=ORIENTED_EDGE('',*,*,#5185,.T.);
#3038=ORIENTED_EDGE('',*,*,#5186,.T.);
#3039=ORIENTED_EDGE('',*,*,#5187,.T.);
#3040=ORIENTED_EDGE('',*,*,#4703,.T.);
#3041=ORIENTED_EDGE('',*,*,#5184,.F.);
#3042=ORIENTED_EDGE('',*,*,#5188,.T.);
#3043=ORIENTED_EDGE('',*,*,#5179,.F.);
#3044=ORIENTED_EDGE('',*,*,#4706,.F.);
#3045=ORIENTED_EDGE('',*,*,#5187,.F.);
#3046=ORIENTED_EDGE('',*,*,#5189,.T.);
#3047=ORIENTED_EDGE('',*,*,#5182,.F.);
#3048=ORIENTED_EDGE('',*,*,#4704,.F.);
#3049=ORIENTED_EDGE('',*,*,#5178,.F.);
#3050=ORIENTED_EDGE('',*,*,#5190,.T.);
#3051=ORIENTED_EDGE('',*,*,#5185,.F.);
#3052=ORIENTED_EDGE('',*,*,#4702,.F.);
#3053=ORIENTED_EDGE('',*,*,#5181,.F.);
#3054=ORIENTED_EDGE('',*,*,#5191,.T.);
#3055=ORIENTED_EDGE('',*,*,#5176,.F.);
#3056=ORIENTED_EDGE('',*,*,#4708,.F.);
#3057=ORIENTED_EDGE('',*,*,#4038,.T.);
#3058=ORIENTED_EDGE('',*,*,#5192,.T.);
#3059=ORIENTED_EDGE('',*,*,#4131,.F.);
#3060=ORIENTED_EDGE('',*,*,#5193,.T.);
#3061=ORIENTED_EDGE('',*,*,#5194,.T.);
#3062=ORIENTED_EDGE('',*,*,#4116,.T.);
#3063=ORIENTED_EDGE('',*,*,#5195,.F.);
#3064=ORIENTED_EDGE('',*,*,#5196,.F.);
#3065=ORIENTED_EDGE('',*,*,#5197,.T.);
#3066=ORIENTED_EDGE('',*,*,#4040,.T.);
#3067=ORIENTED_EDGE('',*,*,#5198,.T.);
#3068=ORIENTED_EDGE('',*,*,#4129,.T.);
#3069=ORIENTED_EDGE('',*,*,#5199,.T.);
#3070=ORIENTED_EDGE('',*,*,#4120,.T.);
#3071=ORIENTED_EDGE('',*,*,#5200,.F.);
#3072=ORIENTED_EDGE('',*,*,#5201,.F.);
#3073=ORIENTED_EDGE('',*,*,#5195,.T.);
#3074=ORIENTED_EDGE('',*,*,#4115,.T.);
#3075=ORIENTED_EDGE('',*,*,#5202,.T.);
#3076=ORIENTED_EDGE('',*,*,#4135,.T.);
#3077=ORIENTED_EDGE('',*,*,#4133,.F.);
#3078=ORIENTED_EDGE('',*,*,#5203,.T.);
#3079=ORIENTED_EDGE('',*,*,#4036,.F.);
#3080=ORIENTED_EDGE('',*,*,#5204,.F.);
#3081=ORIENTED_EDGE('',*,*,#5205,.T.);
#3082=ORIENTED_EDGE('',*,*,#5200,.T.);
#3083=ORIENTED_EDGE('',*,*,#4119,.F.);
#3084=ORIENTED_EDGE('',*,*,#5206,.T.);
#3085=ORIENTED_EDGE('',*,*,#4037,.F.);
#3086=ORIENTED_EDGE('',*,*,#5203,.F.);
#3087=ORIENTED_EDGE('',*,*,#4132,.F.);
#3088=ORIENTED_EDGE('',*,*,#5192,.F.);
#3089=ORIENTED_EDGE('',*,*,#4039,.F.);
#3090=ORIENTED_EDGE('',*,*,#5193,.F.);
#3091=ORIENTED_EDGE('',*,*,#4130,.F.);
#3092=ORIENTED_EDGE('',*,*,#5198,.F.);
#3093=ORIENTED_EDGE('',*,*,#4117,.F.);
#3094=ORIENTED_EDGE('',*,*,#5194,.F.);
#3095=ORIENTED_EDGE('',*,*,#4136,.F.);
#3096=ORIENTED_EDGE('',*,*,#5202,.F.);
#3097=ORIENTED_EDGE('',*,*,#4118,.F.);
#3098=ORIENTED_EDGE('',*,*,#5199,.F.);
#3099=ORIENTED_EDGE('',*,*,#4134,.F.);
#3100=ORIENTED_EDGE('',*,*,#5206,.F.);
#3101=ORIENTED_EDGE('',*,*,#5207,.F.);
#3102=ORIENTED_EDGE('',*,*,#5188,.F.);
#3103=ORIENTED_EDGE('',*,*,#5208,.F.);
#3104=ORIENTED_EDGE('',*,*,#4126,.F.);
#3105=ORIENTED_EDGE('',*,*,#5208,.T.);
#3106=ORIENTED_EDGE('',*,*,#5183,.F.);
#3107=ORIENTED_EDGE('',*,*,#5209,.F.);
#3108=ORIENTED_EDGE('',*,*,#4127,.F.);
#3109=ORIENTED_EDGE('',*,*,#5207,.T.);
#3110=ORIENTED_EDGE('',*,*,#4125,.F.);
#3111=ORIENTED_EDGE('',*,*,#5210,.F.);
#3112=ORIENTED_EDGE('',*,*,#5180,.F.);
#3113=ORIENTED_EDGE('',*,*,#5209,.T.);
#3114=ORIENTED_EDGE('',*,*,#5189,.F.);
#3115=ORIENTED_EDGE('',*,*,#5211,.F.);
#3116=ORIENTED_EDGE('',*,*,#4128,.F.);
#3117=ORIENTED_EDGE('',*,*,#5210,.T.);
#3118=ORIENTED_EDGE('',*,*,#4124,.F.);
#3119=ORIENTED_EDGE('',*,*,#5212,.F.);
#3120=ORIENTED_EDGE('',*,*,#5191,.F.);
#3121=ORIENTED_EDGE('',*,*,#5211,.T.);
#3122=ORIENTED_EDGE('',*,*,#5186,.F.);
#3123=ORIENTED_EDGE('',*,*,#5213,.F.);
#3124=ORIENTED_EDGE('',*,*,#4121,.F.);
#3125=ORIENTED_EDGE('',*,*,#5212,.T.);
#3126=ORIENTED_EDGE('',*,*,#4123,.F.);
#3127=ORIENTED_EDGE('',*,*,#5214,.F.);
#3128=ORIENTED_EDGE('',*,*,#5177,.F.);
#3129=ORIENTED_EDGE('',*,*,#5213,.T.);
#3130=ORIENTED_EDGE('',*,*,#5190,.F.);
#3131=ORIENTED_EDGE('',*,*,#5214,.T.);
#3132=ORIENTED_EDGE('',*,*,#4122,.F.);
#3133=ORIENTED_EDGE('',*,*,#4035,.T.);
#3134=ORIENTED_EDGE('',*,*,#5215,.F.);
#3135=ORIENTED_EDGE('',*,*,#5216,.F.);
#3136=ORIENTED_EDGE('',*,*,#5204,.T.);
#3137=ORIENTED_EDGE('',*,*,#4041,.T.);
#3138=ORIENTED_EDGE('',*,*,#5197,.F.);
#3139=ORIENTED_EDGE('',*,*,#5217,.F.);
#3140=ORIENTED_EDGE('',*,*,#5218,.T.);
#3141=ORIENTED_EDGE('',*,*,#4042,.F.);
#3142=ORIENTED_EDGE('',*,*,#5218,.F.);
#3143=ORIENTED_EDGE('',*,*,#5219,.T.);
#3144=ORIENTED_EDGE('',*,*,#5220,.T.);
#3145=ORIENTED_EDGE('',*,*,#4034,.T.);
#3146=ORIENTED_EDGE('',*,*,#5221,.T.);
#3147=ORIENTED_EDGE('',*,*,#5222,.F.);
#3148=ORIENTED_EDGE('',*,*,#5215,.T.);
#3149=ORIENTED_EDGE('',*,*,#5216,.T.);
#3150=ORIENTED_EDGE('',*,*,#5222,.T.);
#3151=ORIENTED_EDGE('',*,*,#5223,.F.);
#3152=ORIENTED_EDGE('',*,*,#5219,.F.);
#3153=ORIENTED_EDGE('',*,*,#5217,.T.);
#3154=ORIENTED_EDGE('',*,*,#5196,.T.);
#3155=ORIENTED_EDGE('',*,*,#5201,.T.);
#3156=ORIENTED_EDGE('',*,*,#5205,.F.);
#3157=ORIENTED_EDGE('',*,*,#5220,.F.);
#3158=ORIENTED_EDGE('',*,*,#5223,.T.);
#3159=ORIENTED_EDGE('',*,*,#5221,.F.);
#3160=ORIENTED_EDGE('',*,*,#4033,.F.);
#3161=ORIENTED_EDGE('',*,*,#5224,.F.);
#3162=ORIENTED_EDGE('',*,*,#5225,.T.);
#3163=ORIENTED_EDGE('',*,*,#5226,.T.);
#3164=ORIENTED_EDGE('',*,*,#5227,.T.);
#3165=ORIENTED_EDGE('',*,*,#5228,.T.);
#3166=ORIENTED_EDGE('',*,*,#5229,.F.);
#3167=ORIENTED_EDGE('',*,*,#5230,.T.);
#3168=ORIENTED_EDGE('',*,*,#5231,.T.);
#3169=ORIENTED_EDGE('',*,*,#5232,.T.);
#3170=ORIENTED_EDGE('',*,*,#5233,.T.);
#3171=ORIENTED_EDGE('',*,*,#5227,.F.);
#3172=ORIENTED_EDGE('',*,*,#5234,.T.);
#3173=ORIENTED_EDGE('',*,*,#5229,.T.);
#3174=ORIENTED_EDGE('',*,*,#5235,.T.);
#3175=ORIENTED_EDGE('',*,*,#5236,.F.);
#3176=ORIENTED_EDGE('',*,*,#5237,.T.);
#3177=ORIENTED_EDGE('',*,*,#5238,.F.);
#3178=ORIENTED_EDGE('',*,*,#5239,.T.);
#3179=ORIENTED_EDGE('',*,*,#5240,.T.);
#3180=ORIENTED_EDGE('',*,*,#5232,.F.);
#3181=ORIENTED_EDGE('',*,*,#5241,.T.);
#3182=ORIENTED_EDGE('',*,*,#4050,.F.);
#3183=ORIENTED_EDGE('',*,*,#5242,.T.);
#3184=ORIENTED_EDGE('',*,*,#5224,.T.);
#3185=ORIENTED_EDGE('',*,*,#5243,.T.);
#3186=ORIENTED_EDGE('',*,*,#5236,.T.);
#3187=ORIENTED_EDGE('',*,*,#5244,.T.);
#3188=ORIENTED_EDGE('',*,*,#5239,.F.);
#3189=ORIENTED_EDGE('',*,*,#5245,.T.);
#3190=ORIENTED_EDGE('',*,*,#5246,.F.);
#3191=ORIENTED_EDGE('',*,*,#5238,.T.);
#3192=ORIENTED_EDGE('',*,*,#5246,.T.);
#3193=ORIENTED_EDGE('',*,*,#5247,.F.);
#3194=ORIENTED_EDGE('',*,*,#5248,.T.);
#3195=ORIENTED_EDGE('',*,*,#5249,.T.);
#3196=ORIENTED_EDGE('',*,*,#5250,.T.);
#3197=ORIENTED_EDGE('',*,*,#5251,.T.);
#3198=ORIENTED_EDGE('',*,*,#5252,.T.);
#3199=ORIENTED_EDGE('',*,*,#5253,.T.);
#3200=ORIENTED_EDGE('',*,*,#5254,.F.);
#3201=ORIENTED_EDGE('',*,*,#5255,.T.);
#3202=ORIENTED_EDGE('',*,*,#5256,.T.);
#3203=ORIENTED_EDGE('',*,*,#5250,.F.);
#3204=ORIENTED_EDGE('',*,*,#5257,.T.);
#3205=ORIENTED_EDGE('',*,*,#5254,.T.);
#3206=ORIENTED_EDGE('',*,*,#5258,.T.);
#3207=ORIENTED_EDGE('',*,*,#5259,.F.);
#3208=ORIENTED_EDGE('',*,*,#5260,.T.);
#3209=ORIENTED_EDGE('',*,*,#5261,.F.);
#3210=ORIENTED_EDGE('',*,*,#5247,.T.);
#3211=ORIENTED_EDGE('',*,*,#5262,.T.);
#3212=ORIENTED_EDGE('',*,*,#5263,.T.);
#3213=ORIENTED_EDGE('',*,*,#5264,.T.);
#3214=ORIENTED_EDGE('',*,*,#5252,.F.);
#3215=ORIENTED_EDGE('',*,*,#5265,.T.);
#3216=ORIENTED_EDGE('',*,*,#4032,.F.);
#3217=ORIENTED_EDGE('',*,*,#5266,.T.);
#3218=ORIENTED_EDGE('',*,*,#5263,.F.);
#3219=ORIENTED_EDGE('',*,*,#5267,.T.);
#3220=ORIENTED_EDGE('',*,*,#5259,.T.);
#3221=ORIENTED_EDGE('',*,*,#5268,.T.);
#3222=ORIENTED_EDGE('',*,*,#5269,.F.);
#3223=ORIENTED_EDGE('',*,*,#5261,.T.);
#3224=ORIENTED_EDGE('',*,*,#5269,.T.);
#3225=ORIENTED_EDGE('',*,*,#5270,.T.);
#3226=ORIENTED_EDGE('',*,*,#5271,.T.);
#3227=ORIENTED_EDGE('',*,*,#5272,.T.);
#3228=ORIENTED_EDGE('',*,*,#5273,.F.);
#3229=ORIENTED_EDGE('',*,*,#5274,.T.);
#3230=ORIENTED_EDGE('',*,*,#5275,.F.);
#3231=ORIENTED_EDGE('',*,*,#5276,.T.);
#3232=ORIENTED_EDGE('',*,*,#5277,.T.);
#3233=ORIENTED_EDGE('',*,*,#5278,.T.);
#3234=ORIENTED_EDGE('',*,*,#5279,.T.);
#3235=ORIENTED_EDGE('',*,*,#5273,.T.);
#3236=ORIENTED_EDGE('',*,*,#5280,.T.);
#3237=ORIENTED_EDGE('',*,*,#5277,.F.);
#3238=ORIENTED_EDGE('',*,*,#5281,.T.);
#3239=ORIENTED_EDGE('',*,*,#5282,.F.);
#3240=ORIENTED_EDGE('',*,*,#5283,.T.);
#3241=ORIENTED_EDGE('',*,*,#5284,.F.);
#3242=ORIENTED_EDGE('',*,*,#5270,.F.);
#3243=ORIENTED_EDGE('',*,*,#5285,.T.);
#3244=ORIENTED_EDGE('',*,*,#5286,.T.);
#3245=ORIENTED_EDGE('',*,*,#5287,.T.);
#3246=ORIENTED_EDGE('',*,*,#5275,.T.);
#3247=ORIENTED_EDGE('',*,*,#5288,.T.);
#3248=ORIENTED_EDGE('',*,*,#4110,.F.);
#3249=ORIENTED_EDGE('',*,*,#5289,.T.);
#3250=ORIENTED_EDGE('',*,*,#5286,.F.);
#3251=ORIENTED_EDGE('',*,*,#5290,.T.);
#3252=ORIENTED_EDGE('',*,*,#5282,.T.);
#3253=ORIENTED_EDGE('',*,*,#5291,.T.);
#3254=ORIENTED_EDGE('',*,*,#5292,.F.);
#3255=ORIENTED_EDGE('',*,*,#5284,.T.);
#3256=ORIENTED_EDGE('',*,*,#5292,.T.);
#3257=ORIENTED_EDGE('',*,*,#5293,.F.);
#3258=ORIENTED_EDGE('',*,*,#5294,.T.);
#3259=ORIENTED_EDGE('',*,*,#5295,.T.);
#3260=ORIENTED_EDGE('',*,*,#5296,.T.);
#3261=ORIENTED_EDGE('',*,*,#5297,.T.);
#3262=ORIENTED_EDGE('',*,*,#5298,.F.);
#3263=ORIENTED_EDGE('',*,*,#5299,.T.);
#3264=ORIENTED_EDGE('',*,*,#5300,.T.);
#3265=ORIENTED_EDGE('',*,*,#5301,.T.);
#3266=ORIENTED_EDGE('',*,*,#5302,.T.);
#3267=ORIENTED_EDGE('',*,*,#5298,.T.);
#3268=ORIENTED_EDGE('',*,*,#5303,.T.);
#3269=ORIENTED_EDGE('',*,*,#5295,.F.);
#3270=ORIENTED_EDGE('',*,*,#5304,.T.);
#3271=ORIENTED_EDGE('',*,*,#5305,.T.);
#3272=ORIENTED_EDGE('',*,*,#5306,.T.);
#3273=ORIENTED_EDGE('',*,*,#5307,.F.);
#3274=ORIENTED_EDGE('',*,*,#5300,.F.);
#3275=ORIENTED_EDGE('',*,*,#5308,.T.);
#3276=ORIENTED_EDGE('',*,*,#5309,.F.);
#3277=ORIENTED_EDGE('',*,*,#5310,.T.);
#3278=ORIENTED_EDGE('',*,*,#5293,.T.);
#3279=ORIENTED_EDGE('',*,*,#5311,.T.);
#3280=ORIENTED_EDGE('',*,*,#4090,.F.);
#3281=ORIENTED_EDGE('',*,*,#5312,.T.);
#3282=ORIENTED_EDGE('',*,*,#5309,.T.);
#3283=ORIENTED_EDGE('',*,*,#5313,.T.);
#3284=ORIENTED_EDGE('',*,*,#5305,.F.);
#3285=ORIENTED_EDGE('',*,*,#5314,.T.);
#3286=ORIENTED_EDGE('',*,*,#5315,.F.);
#3287=ORIENTED_EDGE('',*,*,#5307,.T.);
#3288=ORIENTED_EDGE('',*,*,#5315,.T.);
#3289=ORIENTED_EDGE('',*,*,#5316,.T.);
#3290=ORIENTED_EDGE('',*,*,#5317,.T.);
#3291=ORIENTED_EDGE('',*,*,#5318,.T.);
#3292=ORIENTED_EDGE('',*,*,#5319,.F.);
#3293=ORIENTED_EDGE('',*,*,#5320,.T.);
#3294=ORIENTED_EDGE('',*,*,#5321,.T.);
#3295=ORIENTED_EDGE('',*,*,#5322,.T.);
#3296=ORIENTED_EDGE('',*,*,#5323,.T.);
#3297=ORIENTED_EDGE('',*,*,#5324,.F.);
#3298=ORIENTED_EDGE('',*,*,#5325,.T.);
#3299=ORIENTED_EDGE('',*,*,#5324,.T.);
#3300=ORIENTED_EDGE('',*,*,#5326,.T.);
#3301=ORIENTED_EDGE('',*,*,#5316,.F.);
#3302=ORIENTED_EDGE('',*,*,#5327,.T.);
#3303=ORIENTED_EDGE('',*,*,#5328,.T.);
#3304=ORIENTED_EDGE('',*,*,#5329,.T.);
#3305=ORIENTED_EDGE('',*,*,#5330,.F.);
#3306=ORIENTED_EDGE('',*,*,#5321,.F.);
#3307=ORIENTED_EDGE('',*,*,#5331,.T.);
#3308=ORIENTED_EDGE('',*,*,#5332,.F.);
#3309=ORIENTED_EDGE('',*,*,#5333,.T.);
#3310=ORIENTED_EDGE('',*,*,#5319,.T.);
#3311=ORIENTED_EDGE('',*,*,#5334,.T.);
#3312=ORIENTED_EDGE('',*,*,#4082,.F.);
#3313=ORIENTED_EDGE('',*,*,#5335,.T.);
#3314=ORIENTED_EDGE('',*,*,#5332,.T.);
#3315=ORIENTED_EDGE('',*,*,#5336,.T.);
#3316=ORIENTED_EDGE('',*,*,#5328,.F.);
#3317=ORIENTED_EDGE('',*,*,#5337,.T.);
#3318=ORIENTED_EDGE('',*,*,#5338,.F.);
#3319=ORIENTED_EDGE('',*,*,#5330,.T.);
#3320=ORIENTED_EDGE('',*,*,#5338,.T.);
#3321=ORIENTED_EDGE('',*,*,#5339,.F.);
#3322=ORIENTED_EDGE('',*,*,#5340,.T.);
#3323=ORIENTED_EDGE('',*,*,#5341,.T.);
#3324=ORIENTED_EDGE('',*,*,#5342,.T.);
#3325=ORIENTED_EDGE('',*,*,#5343,.T.);
#3326=ORIENTED_EDGE('',*,*,#5344,.F.);
#3327=ORIENTED_EDGE('',*,*,#5345,.T.);
#3328=ORIENTED_EDGE('',*,*,#5346,.T.);
#3329=ORIENTED_EDGE('',*,*,#5347,.T.);
#3330=ORIENTED_EDGE('',*,*,#5348,.T.);
#3331=ORIENTED_EDGE('',*,*,#5339,.T.);
#3332=ORIENTED_EDGE('',*,*,#5349,.T.);
#3333=ORIENTED_EDGE('',*,*,#5346,.F.);
#3334=ORIENTED_EDGE('',*,*,#5350,.T.);
#3335=ORIENTED_EDGE('',*,*,#5351,.F.);
#3336=ORIENTED_EDGE('',*,*,#5352,.T.);
#3337=ORIENTED_EDGE('',*,*,#5353,.F.);
#3338=ORIENTED_EDGE('',*,*,#5341,.F.);
#3339=ORIENTED_EDGE('',*,*,#5354,.T.);
#3340=ORIENTED_EDGE('',*,*,#5355,.T.);
#3341=ORIENTED_EDGE('',*,*,#5356,.T.);
#3342=ORIENTED_EDGE('',*,*,#5344,.T.);
#3343=ORIENTED_EDGE('',*,*,#5357,.T.);
#3344=ORIENTED_EDGE('',*,*,#4102,.F.);
#3345=ORIENTED_EDGE('',*,*,#5358,.T.);
#3346=ORIENTED_EDGE('',*,*,#5355,.F.);
#3347=ORIENTED_EDGE('',*,*,#5359,.T.);
#3348=ORIENTED_EDGE('',*,*,#5351,.T.);
#3349=ORIENTED_EDGE('',*,*,#5360,.T.);
#3350=ORIENTED_EDGE('',*,*,#5361,.F.);
#3351=ORIENTED_EDGE('',*,*,#5353,.T.);
#3352=ORIENTED_EDGE('',*,*,#5361,.T.);
#3353=ORIENTED_EDGE('',*,*,#5362,.F.);
#3354=ORIENTED_EDGE('',*,*,#5363,.T.);
#3355=ORIENTED_EDGE('',*,*,#5364,.T.);
#3356=ORIENTED_EDGE('',*,*,#5365,.T.);
#3357=ORIENTED_EDGE('',*,*,#5366,.T.);
#3358=ORIENTED_EDGE('',*,*,#5367,.F.);
#3359=ORIENTED_EDGE('',*,*,#5368,.T.);
#3360=ORIENTED_EDGE('',*,*,#5369,.T.);
#3361=ORIENTED_EDGE('',*,*,#5370,.T.);
#3362=ORIENTED_EDGE('',*,*,#5371,.T.);
#3363=ORIENTED_EDGE('',*,*,#5362,.T.);
#3364=ORIENTED_EDGE('',*,*,#5372,.T.);
#3365=ORIENTED_EDGE('',*,*,#5369,.F.);
#3366=ORIENTED_EDGE('',*,*,#5373,.T.);
#3367=ORIENTED_EDGE('',*,*,#5374,.F.);
#3368=ORIENTED_EDGE('',*,*,#5375,.T.);
#3369=ORIENTED_EDGE('',*,*,#5376,.F.);
#3370=ORIENTED_EDGE('',*,*,#5364,.F.);
#3371=ORIENTED_EDGE('',*,*,#5377,.T.);
#3372=ORIENTED_EDGE('',*,*,#5378,.T.);
#3373=ORIENTED_EDGE('',*,*,#5379,.T.);
#3374=ORIENTED_EDGE('',*,*,#5367,.T.);
#3375=ORIENTED_EDGE('',*,*,#5380,.T.);
#3376=ORIENTED_EDGE('',*,*,#4114,.F.);
#3377=ORIENTED_EDGE('',*,*,#5381,.T.);
#3378=ORIENTED_EDGE('',*,*,#5378,.F.);
#3379=ORIENTED_EDGE('',*,*,#5382,.T.);
#3380=ORIENTED_EDGE('',*,*,#5374,.T.);
#3381=ORIENTED_EDGE('',*,*,#5383,.T.);
#3382=ORIENTED_EDGE('',*,*,#5384,.F.);
#3383=ORIENTED_EDGE('',*,*,#5376,.T.);
#3384=ORIENTED_EDGE('',*,*,#5384,.T.);
#3385=ORIENTED_EDGE('',*,*,#5385,.T.);
#3386=ORIENTED_EDGE('',*,*,#5386,.T.);
#3387=ORIENTED_EDGE('',*,*,#5387,.T.);
#3388=ORIENTED_EDGE('',*,*,#5388,.T.);
#3389=ORIENTED_EDGE('',*,*,#5389,.F.);
#3390=ORIENTED_EDGE('',*,*,#5390,.F.);
#3391=ORIENTED_EDGE('',*,*,#5391,.T.);
#3392=ORIENTED_EDGE('',*,*,#5392,.T.);
#3393=ORIENTED_EDGE('',*,*,#5393,.T.);
#3394=ORIENTED_EDGE('',*,*,#5394,.T.);
#3395=ORIENTED_EDGE('',*,*,#5387,.F.);
#3396=ORIENTED_EDGE('',*,*,#5395,.T.);
#3397=ORIENTED_EDGE('',*,*,#5390,.T.);
#3398=ORIENTED_EDGE('',*,*,#5396,.T.);
#3399=ORIENTED_EDGE('',*,*,#5397,.F.);
#3400=ORIENTED_EDGE('',*,*,#5398,.T.);
#3401=ORIENTED_EDGE('',*,*,#5399,.F.);
#3402=ORIENTED_EDGE('',*,*,#5400,.T.);
#3403=ORIENTED_EDGE('',*,*,#5401,.T.);
#3404=ORIENTED_EDGE('',*,*,#5393,.F.);
#3405=ORIENTED_EDGE('',*,*,#5402,.T.);
#3406=ORIENTED_EDGE('',*,*,#4054,.F.);
#3407=ORIENTED_EDGE('',*,*,#5403,.T.);
#3408=ORIENTED_EDGE('',*,*,#5389,.T.);
#3409=ORIENTED_EDGE('',*,*,#5404,.T.);
#3410=ORIENTED_EDGE('',*,*,#5397,.T.);
#3411=ORIENTED_EDGE('',*,*,#5405,.T.);
#3412=ORIENTED_EDGE('',*,*,#5400,.F.);
#3413=ORIENTED_EDGE('',*,*,#5406,.T.);
#3414=ORIENTED_EDGE('',*,*,#5407,.F.);
#3415=ORIENTED_EDGE('',*,*,#5399,.T.);
#3416=ORIENTED_EDGE('',*,*,#5407,.T.);
#3417=ORIENTED_EDGE('',*,*,#5408,.F.);
#3418=ORIENTED_EDGE('',*,*,#5409,.T.);
#3419=ORIENTED_EDGE('',*,*,#5410,.T.);
#3420=ORIENTED_EDGE('',*,*,#5411,.T.);
#3421=ORIENTED_EDGE('',*,*,#5412,.T.);
#3422=ORIENTED_EDGE('',*,*,#5413,.F.);
#3423=ORIENTED_EDGE('',*,*,#5414,.T.);
#3424=ORIENTED_EDGE('',*,*,#5415,.T.);
#3425=ORIENTED_EDGE('',*,*,#5416,.T.);
#3426=ORIENTED_EDGE('',*,*,#5417,.T.);
#3427=ORIENTED_EDGE('',*,*,#5413,.T.);
#3428=ORIENTED_EDGE('',*,*,#5418,.T.);
#3429=ORIENTED_EDGE('',*,*,#5410,.F.);
#3430=ORIENTED_EDGE('',*,*,#5419,.T.);
#3431=ORIENTED_EDGE('',*,*,#5420,.T.);
#3432=ORIENTED_EDGE('',*,*,#5421,.T.);
#3433=ORIENTED_EDGE('',*,*,#5422,.F.);
#3434=ORIENTED_EDGE('',*,*,#5415,.F.);
#3435=ORIENTED_EDGE('',*,*,#5423,.T.);
#3436=ORIENTED_EDGE('',*,*,#5424,.F.);
#3437=ORIENTED_EDGE('',*,*,#5425,.T.);
#3438=ORIENTED_EDGE('',*,*,#5408,.T.);
#3439=ORIENTED_EDGE('',*,*,#5426,.T.);
#3440=ORIENTED_EDGE('',*,*,#4094,.F.);
#3441=ORIENTED_EDGE('',*,*,#5427,.T.);
#3442=ORIENTED_EDGE('',*,*,#5424,.T.);
#3443=ORIENTED_EDGE('',*,*,#5428,.T.);
#3444=ORIENTED_EDGE('',*,*,#5420,.F.);
#3445=ORIENTED_EDGE('',*,*,#5429,.T.);
#3446=ORIENTED_EDGE('',*,*,#5430,.F.);
#3447=ORIENTED_EDGE('',*,*,#5422,.T.);
#3448=ORIENTED_EDGE('',*,*,#5430,.T.);
#3449=ORIENTED_EDGE('',*,*,#5431,.T.);
#3450=ORIENTED_EDGE('',*,*,#5432,.T.);
#3451=ORIENTED_EDGE('',*,*,#5433,.T.);
#3452=ORIENTED_EDGE('',*,*,#5434,.F.);
#3453=ORIENTED_EDGE('',*,*,#5435,.T.);
#3454=ORIENTED_EDGE('',*,*,#5436,.T.);
#3455=ORIENTED_EDGE('',*,*,#5437,.T.);
#3456=ORIENTED_EDGE('',*,*,#5438,.T.);
#3457=ORIENTED_EDGE('',*,*,#5439,.F.);
#3458=ORIENTED_EDGE('',*,*,#5440,.T.);
#3459=ORIENTED_EDGE('',*,*,#5439,.T.);
#3460=ORIENTED_EDGE('',*,*,#5441,.T.);
#3461=ORIENTED_EDGE('',*,*,#5431,.F.);
#3462=ORIENTED_EDGE('',*,*,#5442,.T.);
#3463=ORIENTED_EDGE('',*,*,#5443,.T.);
#3464=ORIENTED_EDGE('',*,*,#5444,.T.);
#3465=ORIENTED_EDGE('',*,*,#5445,.F.);
#3466=ORIENTED_EDGE('',*,*,#5446,.F.);
#3467=ORIENTED_EDGE('',*,*,#5447,.T.);
#3468=ORIENTED_EDGE('',*,*,#5434,.T.);
#3469=ORIENTED_EDGE('',*,*,#5448,.T.);
#3470=ORIENTED_EDGE('',*,*,#4078,.F.);
#3471=ORIENTED_EDGE('',*,*,#5449,.T.);
#3472=ORIENTED_EDGE('',*,*,#5436,.F.);
#3473=ORIENTED_EDGE('',*,*,#5450,.T.);
#3474=ORIENTED_EDGE('',*,*,#5443,.F.);
#3475=ORIENTED_EDGE('',*,*,#5451,.T.);
#3476=ORIENTED_EDGE('',*,*,#5446,.T.);
#3477=ORIENTED_EDGE('',*,*,#5452,.T.);
#3478=ORIENTED_EDGE('',*,*,#5453,.F.);
#3479=ORIENTED_EDGE('',*,*,#5445,.T.);
#3480=ORIENTED_EDGE('',*,*,#5453,.T.);
#3481=ORIENTED_EDGE('',*,*,#5454,.T.);
#3482=ORIENTED_EDGE('',*,*,#5455,.T.);
#3483=ORIENTED_EDGE('',*,*,#5456,.T.);
#3484=ORIENTED_EDGE('',*,*,#5457,.F.);
#3485=ORIENTED_EDGE('',*,*,#5458,.T.);
#3486=ORIENTED_EDGE('',*,*,#5459,.T.);
#3487=ORIENTED_EDGE('',*,*,#5460,.T.);
#3488=ORIENTED_EDGE('',*,*,#5461,.T.);
#3489=ORIENTED_EDGE('',*,*,#5462,.F.);
#3490=ORIENTED_EDGE('',*,*,#5463,.T.);
#3491=ORIENTED_EDGE('',*,*,#5462,.T.);
#3492=ORIENTED_EDGE('',*,*,#5464,.T.);
#3493=ORIENTED_EDGE('',*,*,#5454,.F.);
#3494=ORIENTED_EDGE('',*,*,#5465,.T.);
#3495=ORIENTED_EDGE('',*,*,#5466,.T.);
#3496=ORIENTED_EDGE('',*,*,#5467,.T.);
#3497=ORIENTED_EDGE('',*,*,#5468,.F.);
#3498=ORIENTED_EDGE('',*,*,#5469,.F.);
#3499=ORIENTED_EDGE('',*,*,#5470,.T.);
#3500=ORIENTED_EDGE('',*,*,#5457,.T.);
#3501=ORIENTED_EDGE('',*,*,#5471,.T.);
#3502=ORIENTED_EDGE('',*,*,#4098,.F.);
#3503=ORIENTED_EDGE('',*,*,#5472,.T.);
#3504=ORIENTED_EDGE('',*,*,#5459,.F.);
#3505=ORIENTED_EDGE('',*,*,#5473,.T.);
#3506=ORIENTED_EDGE('',*,*,#5466,.F.);
#3507=ORIENTED_EDGE('',*,*,#5474,.T.);
#3508=ORIENTED_EDGE('',*,*,#5469,.T.);
#3509=ORIENTED_EDGE('',*,*,#5475,.T.);
#3510=ORIENTED_EDGE('',*,*,#5476,.F.);
#3511=ORIENTED_EDGE('',*,*,#5468,.T.);
#3512=ORIENTED_EDGE('',*,*,#5476,.T.);
#3513=ORIENTED_EDGE('',*,*,#5477,.F.);
#3514=ORIENTED_EDGE('',*,*,#5478,.T.);
#3515=ORIENTED_EDGE('',*,*,#5479,.T.);
#3516=ORIENTED_EDGE('',*,*,#5480,.T.);
#3517=ORIENTED_EDGE('',*,*,#5481,.T.);
#3518=ORIENTED_EDGE('',*,*,#5482,.T.);
#3519=ORIENTED_EDGE('',*,*,#5483,.T.);
#3520=ORIENTED_EDGE('',*,*,#5484,.T.);
#3521=ORIENTED_EDGE('',*,*,#5485,.T.);
#3522=ORIENTED_EDGE('',*,*,#5486,.F.);
#3523=ORIENTED_EDGE('',*,*,#5484,.F.);
#3524=ORIENTED_EDGE('',*,*,#5487,.T.);
#3525=ORIENTED_EDGE('',*,*,#5477,.T.);
#3526=ORIENTED_EDGE('',*,*,#5488,.T.);
#3527=ORIENTED_EDGE('',*,*,#5489,.T.);
#3528=ORIENTED_EDGE('',*,*,#5490,.T.);
#3529=ORIENTED_EDGE('',*,*,#5491,.F.);
#3530=ORIENTED_EDGE('',*,*,#5486,.T.);
#3531=ORIENTED_EDGE('',*,*,#5492,.T.);
#3532=ORIENTED_EDGE('',*,*,#5493,.F.);
#3533=ORIENTED_EDGE('',*,*,#5494,.T.);
#3534=ORIENTED_EDGE('',*,*,#5480,.F.);
#3535=ORIENTED_EDGE('',*,*,#5495,.T.);
#3536=ORIENTED_EDGE('',*,*,#4070,.F.);
#3537=ORIENTED_EDGE('',*,*,#5496,.T.);
#3538=ORIENTED_EDGE('',*,*,#5493,.T.);
#3539=ORIENTED_EDGE('',*,*,#5497,.T.);
#3540=ORIENTED_EDGE('',*,*,#5489,.F.);
#3541=ORIENTED_EDGE('',*,*,#5498,.T.);
#3542=ORIENTED_EDGE('',*,*,#5499,.F.);
#3543=ORIENTED_EDGE('',*,*,#5491,.T.);
#3544=ORIENTED_EDGE('',*,*,#5499,.T.);
#3545=ORIENTED_EDGE('',*,*,#5500,.F.);
#3546=ORIENTED_EDGE('',*,*,#5501,.T.);
#3547=ORIENTED_EDGE('',*,*,#5502,.T.);
#3548=ORIENTED_EDGE('',*,*,#5503,.T.);
#3549=ORIENTED_EDGE('',*,*,#5504,.T.);
#3550=ORIENTED_EDGE('',*,*,#5505,.F.);
#3551=ORIENTED_EDGE('',*,*,#5506,.T.);
#3552=ORIENTED_EDGE('',*,*,#5507,.T.);
#3553=ORIENTED_EDGE('',*,*,#5508,.T.);
#3554=ORIENTED_EDGE('',*,*,#5509,.T.);
#3555=ORIENTED_EDGE('',*,*,#5508,.F.);
#3556=ORIENTED_EDGE('',*,*,#5510,.T.);
#3557=ORIENTED_EDGE('',*,*,#5500,.T.);
#3558=ORIENTED_EDGE('',*,*,#5511,.T.);
#3559=ORIENTED_EDGE('',*,*,#5512,.T.);
#3560=ORIENTED_EDGE('',*,*,#5513,.T.);
#3561=ORIENTED_EDGE('',*,*,#5514,.F.);
#3562=ORIENTED_EDGE('',*,*,#5515,.F.);
#3563=ORIENTED_EDGE('',*,*,#5516,.T.);
#3564=ORIENTED_EDGE('',*,*,#5503,.F.);
#3565=ORIENTED_EDGE('',*,*,#5517,.T.);
#3566=ORIENTED_EDGE('',*,*,#4062,.F.);
#3567=ORIENTED_EDGE('',*,*,#5518,.T.);
#3568=ORIENTED_EDGE('',*,*,#5505,.T.);
#3569=ORIENTED_EDGE('',*,*,#5519,.T.);
#3570=ORIENTED_EDGE('',*,*,#5512,.F.);
#3571=ORIENTED_EDGE('',*,*,#5520,.T.);
#3572=ORIENTED_EDGE('',*,*,#5515,.T.);
#3573=ORIENTED_EDGE('',*,*,#5521,.T.);
#3574=ORIENTED_EDGE('',*,*,#5522,.F.);
#3575=ORIENTED_EDGE('',*,*,#5514,.T.);
#3576=ORIENTED_EDGE('',*,*,#5522,.T.);
#3577=ORIENTED_EDGE('',*,*,#5523,.F.);
#3578=ORIENTED_EDGE('',*,*,#5524,.T.);
#3579=ORIENTED_EDGE('',*,*,#5525,.T.);
#3580=ORIENTED_EDGE('',*,*,#5526,.T.);
#3581=ORIENTED_EDGE('',*,*,#5527,.T.);
#3582=ORIENTED_EDGE('',*,*,#5528,.F.);
#3583=ORIENTED_EDGE('',*,*,#5529,.T.);
#3584=ORIENTED_EDGE('',*,*,#5530,.T.);
#3585=ORIENTED_EDGE('',*,*,#5531,.T.);
#3586=ORIENTED_EDGE('',*,*,#5532,.T.);
#3587=ORIENTED_EDGE('',*,*,#5526,.F.);
#3588=ORIENTED_EDGE('',*,*,#5533,.T.);
#3589=ORIENTED_EDGE('',*,*,#5528,.T.);
#3590=ORIENTED_EDGE('',*,*,#5534,.T.);
#3591=ORIENTED_EDGE('',*,*,#5535,.F.);
#3592=ORIENTED_EDGE('',*,*,#5536,.T.);
#3593=ORIENTED_EDGE('',*,*,#5537,.F.);
#3594=ORIENTED_EDGE('',*,*,#5523,.T.);
#3595=ORIENTED_EDGE('',*,*,#5538,.T.);
#3596=ORIENTED_EDGE('',*,*,#5539,.T.);
#3597=ORIENTED_EDGE('',*,*,#5540,.T.);
#3598=ORIENTED_EDGE('',*,*,#5531,.F.);
#3599=ORIENTED_EDGE('',*,*,#5541,.T.);
#3600=ORIENTED_EDGE('',*,*,#4028,.F.);
#3601=ORIENTED_EDGE('',*,*,#5542,.T.);
#3602=ORIENTED_EDGE('',*,*,#5539,.F.);
#3603=ORIENTED_EDGE('',*,*,#5543,.T.);
#3604=ORIENTED_EDGE('',*,*,#5535,.T.);
#3605=ORIENTED_EDGE('',*,*,#5544,.T.);
#3606=ORIENTED_EDGE('',*,*,#5545,.F.);
#3607=ORIENTED_EDGE('',*,*,#5537,.T.);
#3608=ORIENTED_EDGE('',*,*,#5545,.T.);
#3609=ORIENTED_EDGE('',*,*,#5546,.F.);
#3610=ORIENTED_EDGE('',*,*,#5547,.T.);
#3611=ORIENTED_EDGE('',*,*,#5548,.T.);
#3612=ORIENTED_EDGE('',*,*,#5549,.T.);
#3613=ORIENTED_EDGE('',*,*,#5550,.T.);
#3614=ORIENTED_EDGE('',*,*,#5551,.T.);
#3615=ORIENTED_EDGE('',*,*,#5552,.T.);
#3616=ORIENTED_EDGE('',*,*,#5553,.T.);
#3617=ORIENTED_EDGE('',*,*,#5554,.T.);
#3618=ORIENTED_EDGE('',*,*,#5555,.F.);
#3619=ORIENTED_EDGE('',*,*,#5553,.F.);
#3620=ORIENTED_EDGE('',*,*,#5556,.T.);
#3621=ORIENTED_EDGE('',*,*,#5546,.T.);
#3622=ORIENTED_EDGE('',*,*,#5557,.T.);
#3623=ORIENTED_EDGE('',*,*,#5558,.T.);
#3624=ORIENTED_EDGE('',*,*,#5559,.T.);
#3625=ORIENTED_EDGE('',*,*,#5560,.F.);
#3626=ORIENTED_EDGE('',*,*,#5555,.T.);
#3627=ORIENTED_EDGE('',*,*,#5561,.T.);
#3628=ORIENTED_EDGE('',*,*,#5562,.F.);
#3629=ORIENTED_EDGE('',*,*,#5563,.T.);
#3630=ORIENTED_EDGE('',*,*,#5549,.F.);
#3631=ORIENTED_EDGE('',*,*,#5564,.T.);
#3632=ORIENTED_EDGE('',*,*,#4074,.F.);
#3633=ORIENTED_EDGE('',*,*,#5565,.T.);
#3634=ORIENTED_EDGE('',*,*,#5562,.T.);
#3635=ORIENTED_EDGE('',*,*,#5566,.T.);
#3636=ORIENTED_EDGE('',*,*,#5558,.F.);
#3637=ORIENTED_EDGE('',*,*,#5567,.T.);
#3638=ORIENTED_EDGE('',*,*,#5568,.F.);
#3639=ORIENTED_EDGE('',*,*,#5560,.T.);
#3640=ORIENTED_EDGE('',*,*,#5568,.T.);
#3641=ORIENTED_EDGE('',*,*,#5569,.F.);
#3642=ORIENTED_EDGE('',*,*,#5570,.T.);
#3643=ORIENTED_EDGE('',*,*,#5571,.T.);
#3644=ORIENTED_EDGE('',*,*,#5572,.T.);
#3645=ORIENTED_EDGE('',*,*,#5573,.T.);
#3646=ORIENTED_EDGE('',*,*,#5574,.T.);
#3647=ORIENTED_EDGE('',*,*,#5575,.T.);
#3648=ORIENTED_EDGE('',*,*,#5576,.F.);
#3649=ORIENTED_EDGE('',*,*,#5577,.T.);
#3650=ORIENTED_EDGE('',*,*,#5578,.T.);
#3651=ORIENTED_EDGE('',*,*,#5572,.F.);
#3652=ORIENTED_EDGE('',*,*,#5579,.T.);
#3653=ORIENTED_EDGE('',*,*,#5576,.T.);
#3654=ORIENTED_EDGE('',*,*,#5580,.T.);
#3655=ORIENTED_EDGE('',*,*,#5581,.F.);
#3656=ORIENTED_EDGE('',*,*,#5582,.T.);
#3657=ORIENTED_EDGE('',*,*,#5583,.F.);
#3658=ORIENTED_EDGE('',*,*,#5569,.T.);
#3659=ORIENTED_EDGE('',*,*,#5584,.T.);
#3660=ORIENTED_EDGE('',*,*,#5585,.T.);
#3661=ORIENTED_EDGE('',*,*,#5586,.T.);
#3662=ORIENTED_EDGE('',*,*,#5574,.F.);
#3663=ORIENTED_EDGE('',*,*,#5587,.T.);
#3664=ORIENTED_EDGE('',*,*,#4058,.F.);
#3665=ORIENTED_EDGE('',*,*,#5588,.T.);
#3666=ORIENTED_EDGE('',*,*,#5585,.F.);
#3667=ORIENTED_EDGE('',*,*,#5589,.T.);
#3668=ORIENTED_EDGE('',*,*,#5581,.T.);
#3669=ORIENTED_EDGE('',*,*,#5590,.T.);
#3670=ORIENTED_EDGE('',*,*,#5591,.F.);
#3671=ORIENTED_EDGE('',*,*,#5583,.T.);
#3672=ORIENTED_EDGE('',*,*,#5591,.T.);
#3673=ORIENTED_EDGE('',*,*,#5392,.F.);
#3674=ORIENTED_EDGE('',*,*,#5592,.T.);
#3675=ORIENTED_EDGE('',*,*,#4051,.F.);
#3676=ORIENTED_EDGE('',*,*,#5402,.F.);
#3677=ORIENTED_EDGE('',*,*,#5396,.F.);
#3678=ORIENTED_EDGE('',*,*,#5394,.F.);
#3679=ORIENTED_EDGE('',*,*,#5401,.F.);
#3680=ORIENTED_EDGE('',*,*,#5405,.F.);
#3681=ORIENTED_EDGE('',*,*,#5398,.F.);
#3682=ORIENTED_EDGE('',*,*,#5406,.F.);
#3683=ORIENTED_EDGE('',*,*,#5404,.F.);
#3684=ORIENTED_EDGE('',*,*,#5388,.F.);
#3685=ORIENTED_EDGE('',*,*,#4053,.F.);
#3686=ORIENTED_EDGE('',*,*,#5593,.T.);
#3687=ORIENTED_EDGE('',*,*,#5385,.F.);
#3688=ORIENTED_EDGE('',*,*,#5403,.F.);
#3689=ORIENTED_EDGE('',*,*,#4057,.F.);
#3690=ORIENTED_EDGE('',*,*,#5594,.T.);
#3691=ORIENTED_EDGE('',*,*,#5570,.F.);
#3692=ORIENTED_EDGE('',*,*,#5588,.F.);
#3693=ORIENTED_EDGE('',*,*,#5582,.F.);
#3694=ORIENTED_EDGE('',*,*,#5589,.F.);
#3695=ORIENTED_EDGE('',*,*,#5584,.F.);
#3696=ORIENTED_EDGE('',*,*,#5573,.F.);
#3697=ORIENTED_EDGE('',*,*,#5580,.F.);
#3698=ORIENTED_EDGE('',*,*,#5575,.F.);
#3699=ORIENTED_EDGE('',*,*,#5586,.F.);
#3700=ORIENTED_EDGE('',*,*,#5590,.F.);
#3701=ORIENTED_EDGE('',*,*,#5578,.F.);
#3702=ORIENTED_EDGE('',*,*,#5595,.T.);
#3703=ORIENTED_EDGE('',*,*,#4055,.F.);
#3704=ORIENTED_EDGE('',*,*,#5587,.F.);
#3705=ORIENTED_EDGE('',*,*,#4027,.F.);
#3706=ORIENTED_EDGE('',*,*,#5596,.T.);
#3707=ORIENTED_EDGE('',*,*,#5524,.F.);
#3708=ORIENTED_EDGE('',*,*,#5542,.F.);
#3709=ORIENTED_EDGE('',*,*,#5536,.F.);
#3710=ORIENTED_EDGE('',*,*,#5543,.F.);
#3711=ORIENTED_EDGE('',*,*,#5538,.F.);
#3712=ORIENTED_EDGE('',*,*,#5527,.F.);
#3713=ORIENTED_EDGE('',*,*,#5530,.F.);
#3714=ORIENTED_EDGE('',*,*,#5597,.T.);
#3715=ORIENTED_EDGE('',*,*,#4025,.F.);
#3716=ORIENTED_EDGE('',*,*,#5541,.F.);
#3717=ORIENTED_EDGE('',*,*,#5534,.F.);
#3718=ORIENTED_EDGE('',*,*,#5532,.F.);
#3719=ORIENTED_EDGE('',*,*,#5540,.F.);
#3720=ORIENTED_EDGE('',*,*,#5544,.F.);
#3721=ORIENTED_EDGE('',*,*,#5559,.F.);
#3722=ORIENTED_EDGE('',*,*,#5566,.F.);
#3723=ORIENTED_EDGE('',*,*,#5561,.F.);
#3724=ORIENTED_EDGE('',*,*,#5554,.F.);
#3725=ORIENTED_EDGE('',*,*,#4073,.F.);
#3726=ORIENTED_EDGE('',*,*,#5598,.T.);
#3727=ORIENTED_EDGE('',*,*,#5551,.F.);
#3728=ORIENTED_EDGE('',*,*,#5565,.F.);
#3729=ORIENTED_EDGE('',*,*,#5548,.F.);
#3730=ORIENTED_EDGE('',*,*,#5599,.T.);
#3731=ORIENTED_EDGE('',*,*,#4071,.F.);
#3732=ORIENTED_EDGE('',*,*,#5564,.F.);
#3733=ORIENTED_EDGE('',*,*,#5557,.F.);
#3734=ORIENTED_EDGE('',*,*,#5550,.F.);
#3735=ORIENTED_EDGE('',*,*,#5563,.F.);
#3736=ORIENTED_EDGE('',*,*,#5567,.F.);
#3737=ORIENTED_EDGE('',*,*,#5502,.F.);
#3738=ORIENTED_EDGE('',*,*,#5600,.T.);
#3739=ORIENTED_EDGE('',*,*,#4059,.F.);
#3740=ORIENTED_EDGE('',*,*,#5517,.F.);
#3741=ORIENTED_EDGE('',*,*,#5511,.F.);
#3742=ORIENTED_EDGE('',*,*,#5504,.F.);
#3743=ORIENTED_EDGE('',*,*,#5516,.F.);
#3744=ORIENTED_EDGE('',*,*,#5520,.F.);
#3745=ORIENTED_EDGE('',*,*,#4061,.F.);
#3746=ORIENTED_EDGE('',*,*,#5601,.T.);
#3747=ORIENTED_EDGE('',*,*,#5506,.F.);
#3748=ORIENTED_EDGE('',*,*,#5518,.F.);
#3749=ORIENTED_EDGE('',*,*,#5513,.F.);
#3750=ORIENTED_EDGE('',*,*,#5521,.F.);
#3751=ORIENTED_EDGE('',*,*,#5519,.F.);
#3752=ORIENTED_EDGE('',*,*,#5509,.F.);
#3753=ORIENTED_EDGE('',*,*,#5490,.F.);
#3754=ORIENTED_EDGE('',*,*,#5497,.F.);
#3755=ORIENTED_EDGE('',*,*,#5492,.F.);
#3756=ORIENTED_EDGE('',*,*,#5485,.F.);
#3757=ORIENTED_EDGE('',*,*,#4069,.F.);
#3758=ORIENTED_EDGE('',*,*,#5602,.T.);
#3759=ORIENTED_EDGE('',*,*,#5482,.F.);
#3760=ORIENTED_EDGE('',*,*,#5496,.F.);
#3761=ORIENTED_EDGE('',*,*,#5479,.F.);
#3762=ORIENTED_EDGE('',*,*,#5603,.T.);
#3763=ORIENTED_EDGE('',*,*,#4067,.F.);
#3764=ORIENTED_EDGE('',*,*,#5495,.F.);
#3765=ORIENTED_EDGE('',*,*,#5488,.F.);
#3766=ORIENTED_EDGE('',*,*,#5481,.F.);
#3767=ORIENTED_EDGE('',*,*,#5494,.F.);
#3768=ORIENTED_EDGE('',*,*,#5498,.F.);
#3769=ORIENTED_EDGE('',*,*,#5472,.F.);
#3770=ORIENTED_EDGE('',*,*,#4097,.F.);
#3771=ORIENTED_EDGE('',*,*,#5604,.T.);
#3772=ORIENTED_EDGE('',*,*,#5460,.F.);
#3773=ORIENTED_EDGE('',*,*,#5471,.F.);
#3774=ORIENTED_EDGE('',*,*,#5456,.F.);
#3775=ORIENTED_EDGE('',*,*,#5605,.T.);
#3776=ORIENTED_EDGE('',*,*,#4095,.F.);
#3777=ORIENTED_EDGE('',*,*,#5465,.F.);
#3778=ORIENTED_EDGE('',*,*,#5458,.F.);
#3779=ORIENTED_EDGE('',*,*,#5470,.F.);
#3780=ORIENTED_EDGE('',*,*,#5474,.F.);
#3781=ORIENTED_EDGE('',*,*,#5467,.F.);
#3782=ORIENTED_EDGE('',*,*,#5475,.F.);
#3783=ORIENTED_EDGE('',*,*,#5473,.F.);
#3784=ORIENTED_EDGE('',*,*,#5463,.F.);
#3785=ORIENTED_EDGE('',*,*,#5448,.F.);
#3786=ORIENTED_EDGE('',*,*,#5433,.F.);
#3787=ORIENTED_EDGE('',*,*,#5606,.T.);
#3788=ORIENTED_EDGE('',*,*,#4075,.F.);
#3789=ORIENTED_EDGE('',*,*,#5442,.F.);
#3790=ORIENTED_EDGE('',*,*,#5435,.F.);
#3791=ORIENTED_EDGE('',*,*,#5447,.F.);
#3792=ORIENTED_EDGE('',*,*,#5451,.F.);
#3793=ORIENTED_EDGE('',*,*,#5449,.F.);
#3794=ORIENTED_EDGE('',*,*,#4077,.F.);
#3795=ORIENTED_EDGE('',*,*,#5607,.T.);
#3796=ORIENTED_EDGE('',*,*,#5437,.F.);
#3797=ORIENTED_EDGE('',*,*,#5444,.F.);
#3798=ORIENTED_EDGE('',*,*,#5452,.F.);
#3799=ORIENTED_EDGE('',*,*,#5450,.F.);
#3800=ORIENTED_EDGE('',*,*,#5440,.F.);
#3801=ORIENTED_EDGE('',*,*,#5421,.F.);
#3802=ORIENTED_EDGE('',*,*,#5428,.F.);
#3803=ORIENTED_EDGE('',*,*,#5423,.F.);
#3804=ORIENTED_EDGE('',*,*,#5414,.F.);
#3805=ORIENTED_EDGE('',*,*,#5427,.F.);
#3806=ORIENTED_EDGE('',*,*,#4093,.F.);
#3807=ORIENTED_EDGE('',*,*,#5608,.T.);
#3808=ORIENTED_EDGE('',*,*,#5416,.F.);
#3809=ORIENTED_EDGE('',*,*,#5419,.F.);
#3810=ORIENTED_EDGE('',*,*,#5409,.F.);
#3811=ORIENTED_EDGE('',*,*,#5425,.F.);
#3812=ORIENTED_EDGE('',*,*,#5429,.F.);
#3813=ORIENTED_EDGE('',*,*,#5426,.F.);
#3814=ORIENTED_EDGE('',*,*,#5412,.F.);
#3815=ORIENTED_EDGE('',*,*,#5609,.T.);
#3816=ORIENTED_EDGE('',*,*,#4091,.F.);
#3817=ORIENTED_EDGE('',*,*,#4049,.F.);
#3818=ORIENTED_EDGE('',*,*,#5610,.T.);
#3819=ORIENTED_EDGE('',*,*,#5225,.F.);
#3820=ORIENTED_EDGE('',*,*,#5242,.F.);
#3821=ORIENTED_EDGE('',*,*,#5231,.F.);
#3822=ORIENTED_EDGE('',*,*,#5611,.T.);
#3823=ORIENTED_EDGE('',*,*,#4047,.F.);
#3824=ORIENTED_EDGE('',*,*,#5241,.F.);
#3825=ORIENTED_EDGE('',*,*,#5375,.F.);
#3826=ORIENTED_EDGE('',*,*,#5382,.F.);
#3827=ORIENTED_EDGE('',*,*,#5377,.F.);
#3828=ORIENTED_EDGE('',*,*,#5363,.F.);
#3829=ORIENTED_EDGE('',*,*,#5373,.F.);
#3830=ORIENTED_EDGE('',*,*,#5368,.F.);
#3831=ORIENTED_EDGE('',*,*,#5379,.F.);
#3832=ORIENTED_EDGE('',*,*,#5383,.F.);
#3833=ORIENTED_EDGE('',*,*,#5380,.F.);
#3834=ORIENTED_EDGE('',*,*,#5371,.F.);
#3835=ORIENTED_EDGE('',*,*,#5612,.T.);
#3836=ORIENTED_EDGE('',*,*,#4111,.F.);
#3837=ORIENTED_EDGE('',*,*,#5381,.F.);
#3838=ORIENTED_EDGE('',*,*,#4113,.F.);
#3839=ORIENTED_EDGE('',*,*,#5613,.T.);
#3840=ORIENTED_EDGE('',*,*,#5365,.F.);
#3841=ORIENTED_EDGE('',*,*,#4031,.F.);
#3842=ORIENTED_EDGE('',*,*,#5614,.T.);
#3843=ORIENTED_EDGE('',*,*,#5248,.F.);
#3844=ORIENTED_EDGE('',*,*,#5266,.F.);
#3845=ORIENTED_EDGE('',*,*,#5260,.F.);
#3846=ORIENTED_EDGE('',*,*,#5267,.F.);
#3847=ORIENTED_EDGE('',*,*,#5262,.F.);
#3848=ORIENTED_EDGE('',*,*,#5251,.F.);
#3849=ORIENTED_EDGE('',*,*,#5258,.F.);
#3850=ORIENTED_EDGE('',*,*,#5253,.F.);
#3851=ORIENTED_EDGE('',*,*,#5264,.F.);
#3852=ORIENTED_EDGE('',*,*,#5268,.F.);
#3853=ORIENTED_EDGE('',*,*,#5256,.F.);
#3854=ORIENTED_EDGE('',*,*,#5615,.T.);
#3855=ORIENTED_EDGE('',*,*,#4029,.F.);
#3856=ORIENTED_EDGE('',*,*,#5265,.F.);
#3857=ORIENTED_EDGE('',*,*,#5235,.F.);
#3858=ORIENTED_EDGE('',*,*,#5233,.F.);
#3859=ORIENTED_EDGE('',*,*,#5240,.F.);
#3860=ORIENTED_EDGE('',*,*,#5244,.F.);
#3861=ORIENTED_EDGE('',*,*,#5237,.F.);
#3862=ORIENTED_EDGE('',*,*,#5245,.F.);
#3863=ORIENTED_EDGE('',*,*,#5243,.F.);
#3864=ORIENTED_EDGE('',*,*,#5228,.F.);
#3865=ORIENTED_EDGE('',*,*,#5289,.F.);
#3866=ORIENTED_EDGE('',*,*,#4109,.F.);
#3867=ORIENTED_EDGE('',*,*,#5616,.T.);
#3868=ORIENTED_EDGE('',*,*,#5271,.F.);
#3869=ORIENTED_EDGE('',*,*,#5283,.F.);
#3870=ORIENTED_EDGE('',*,*,#5290,.F.);
#3871=ORIENTED_EDGE('',*,*,#5285,.F.);
#3872=ORIENTED_EDGE('',*,*,#5274,.F.);
#3873=ORIENTED_EDGE('',*,*,#5281,.F.);
#3874=ORIENTED_EDGE('',*,*,#5276,.F.);
#3875=ORIENTED_EDGE('',*,*,#5287,.F.);
#3876=ORIENTED_EDGE('',*,*,#5291,.F.);
#3877=ORIENTED_EDGE('',*,*,#5288,.F.);
#3878=ORIENTED_EDGE('',*,*,#5279,.F.);
#3879=ORIENTED_EDGE('',*,*,#5617,.T.);
#3880=ORIENTED_EDGE('',*,*,#4107,.F.);
#3881=ORIENTED_EDGE('',*,*,#5334,.F.);
#3882=ORIENTED_EDGE('',*,*,#5318,.F.);
#3883=ORIENTED_EDGE('',*,*,#5618,.T.);
#3884=ORIENTED_EDGE('',*,*,#4079,.F.);
#3885=ORIENTED_EDGE('',*,*,#5335,.F.);
#3886=ORIENTED_EDGE('',*,*,#4081,.F.);
#3887=ORIENTED_EDGE('',*,*,#5619,.T.);
#3888=ORIENTED_EDGE('',*,*,#5322,.F.);
#3889=ORIENTED_EDGE('',*,*,#5329,.F.);
#3890=ORIENTED_EDGE('',*,*,#5336,.F.);
#3891=ORIENTED_EDGE('',*,*,#5331,.F.);
#3892=ORIENTED_EDGE('',*,*,#5325,.F.);
#3893=ORIENTED_EDGE('',*,*,#5327,.F.);
#3894=ORIENTED_EDGE('',*,*,#5320,.F.);
#3895=ORIENTED_EDGE('',*,*,#5333,.F.);
#3896=ORIENTED_EDGE('',*,*,#5337,.F.);
#3897=ORIENTED_EDGE('',*,*,#5306,.F.);
#3898=ORIENTED_EDGE('',*,*,#5313,.F.);
#3899=ORIENTED_EDGE('',*,*,#5308,.F.);
#3900=ORIENTED_EDGE('',*,*,#5299,.F.);
#3901=ORIENTED_EDGE('',*,*,#5304,.F.);
#3902=ORIENTED_EDGE('',*,*,#5294,.F.);
#3903=ORIENTED_EDGE('',*,*,#5310,.F.);
#3904=ORIENTED_EDGE('',*,*,#5314,.F.);
#3905=ORIENTED_EDGE('',*,*,#5311,.F.);
#3906=ORIENTED_EDGE('',*,*,#5297,.F.);
#3907=ORIENTED_EDGE('',*,*,#5620,.T.);
#3908=ORIENTED_EDGE('',*,*,#4087,.F.);
#3909=ORIENTED_EDGE('',*,*,#5312,.F.);
#3910=ORIENTED_EDGE('',*,*,#4089,.F.);
#3911=ORIENTED_EDGE('',*,*,#5621,.T.);
#3912=ORIENTED_EDGE('',*,*,#5301,.F.);
#3913=ORIENTED_EDGE('',*,*,#5352,.F.);
#3914=ORIENTED_EDGE('',*,*,#5359,.F.);
#3915=ORIENTED_EDGE('',*,*,#5354,.F.);
#3916=ORIENTED_EDGE('',*,*,#5340,.F.);
#3917=ORIENTED_EDGE('',*,*,#5350,.F.);
#3918=ORIENTED_EDGE('',*,*,#5345,.F.);
#3919=ORIENTED_EDGE('',*,*,#5356,.F.);
#3920=ORIENTED_EDGE('',*,*,#5360,.F.);
#3921=ORIENTED_EDGE('',*,*,#5357,.F.);
#3922=ORIENTED_EDGE('',*,*,#5348,.F.);
#3923=ORIENTED_EDGE('',*,*,#5622,.T.);
#3924=ORIENTED_EDGE('',*,*,#4099,.F.);
#3925=ORIENTED_EDGE('',*,*,#5358,.F.);
#3926=ORIENTED_EDGE('',*,*,#4101,.F.);
#3927=ORIENTED_EDGE('',*,*,#5623,.T.);
#3928=ORIENTED_EDGE('',*,*,#5342,.F.);
#3929=ORIENTED_EDGE('',*,*,#5594,.F.);
#3930=ORIENTED_EDGE('',*,*,#4056,.F.);
#3931=ORIENTED_EDGE('',*,*,#5595,.F.);
#3932=ORIENTED_EDGE('',*,*,#5577,.F.);
#3933=ORIENTED_EDGE('',*,*,#5579,.F.);
#3934=ORIENTED_EDGE('',*,*,#5571,.F.);
#3935=ORIENTED_EDGE('',*,*,#5598,.F.);
#3936=ORIENTED_EDGE('',*,*,#4072,.F.);
#3937=ORIENTED_EDGE('',*,*,#5599,.F.);
#3938=ORIENTED_EDGE('',*,*,#5547,.F.);
#3939=ORIENTED_EDGE('',*,*,#5556,.F.);
#3940=ORIENTED_EDGE('',*,*,#5552,.F.);
#3941=ORIENTED_EDGE('',*,*,#5596,.F.);
#3942=ORIENTED_EDGE('',*,*,#4026,.F.);
#3943=ORIENTED_EDGE('',*,*,#5597,.F.);
#3944=ORIENTED_EDGE('',*,*,#5529,.F.);
#3945=ORIENTED_EDGE('',*,*,#5533,.F.);
#3946=ORIENTED_EDGE('',*,*,#5525,.F.);
#3947=ORIENTED_EDGE('',*,*,#5601,.F.);
#3948=ORIENTED_EDGE('',*,*,#4060,.F.);
#3949=ORIENTED_EDGE('',*,*,#5600,.F.);
#3950=ORIENTED_EDGE('',*,*,#5501,.F.);
#3951=ORIENTED_EDGE('',*,*,#5510,.F.);
#3952=ORIENTED_EDGE('',*,*,#5507,.F.);
#3953=ORIENTED_EDGE('',*,*,#5602,.F.);
#3954=ORIENTED_EDGE('',*,*,#4068,.F.);
#3955=ORIENTED_EDGE('',*,*,#5603,.F.);
#3956=ORIENTED_EDGE('',*,*,#5478,.F.);
#3957=ORIENTED_EDGE('',*,*,#5487,.F.);
#3958=ORIENTED_EDGE('',*,*,#5483,.F.);
#3959=ORIENTED_EDGE('',*,*,#5604,.F.);
#3960=ORIENTED_EDGE('',*,*,#4096,.F.);
#3961=ORIENTED_EDGE('',*,*,#5605,.F.);
#3962=ORIENTED_EDGE('',*,*,#5455,.F.);
#3963=ORIENTED_EDGE('',*,*,#5464,.F.);
#3964=ORIENTED_EDGE('',*,*,#5461,.F.);
#3965=ORIENTED_EDGE('',*,*,#5607,.F.);
#3966=ORIENTED_EDGE('',*,*,#4076,.F.);
#3967=ORIENTED_EDGE('',*,*,#5606,.F.);
#3968=ORIENTED_EDGE('',*,*,#5432,.F.);
#3969=ORIENTED_EDGE('',*,*,#5441,.F.);
#3970=ORIENTED_EDGE('',*,*,#5438,.F.);
#3971=ORIENTED_EDGE('',*,*,#5608,.F.);
#3972=ORIENTED_EDGE('',*,*,#4092,.F.);
#3973=ORIENTED_EDGE('',*,*,#5609,.F.);
#3974=ORIENTED_EDGE('',*,*,#5411,.F.);
#3975=ORIENTED_EDGE('',*,*,#5418,.F.);
#3976=ORIENTED_EDGE('',*,*,#5417,.F.);
#3977=ORIENTED_EDGE('',*,*,#5593,.F.);
#3978=ORIENTED_EDGE('',*,*,#4052,.F.);
#3979=ORIENTED_EDGE('',*,*,#5592,.F.);
#3980=ORIENTED_EDGE('',*,*,#5391,.F.);
#3981=ORIENTED_EDGE('',*,*,#5395,.F.);
#3982=ORIENTED_EDGE('',*,*,#5386,.F.);
#3983=ORIENTED_EDGE('',*,*,#5613,.F.);
#3984=ORIENTED_EDGE('',*,*,#4112,.F.);
#3985=ORIENTED_EDGE('',*,*,#5612,.F.);
#3986=ORIENTED_EDGE('',*,*,#5370,.F.);
#3987=ORIENTED_EDGE('',*,*,#5372,.F.);
#3988=ORIENTED_EDGE('',*,*,#5366,.F.);
#3989=ORIENTED_EDGE('',*,*,#5623,.F.);
#3990=ORIENTED_EDGE('',*,*,#4100,.F.);
#3991=ORIENTED_EDGE('',*,*,#5622,.F.);
#3992=ORIENTED_EDGE('',*,*,#5347,.F.);
#3993=ORIENTED_EDGE('',*,*,#5349,.F.);
#3994=ORIENTED_EDGE('',*,*,#5343,.F.);
#3995=ORIENTED_EDGE('',*,*,#5619,.F.);
#3996=ORIENTED_EDGE('',*,*,#4080,.F.);
#3997=ORIENTED_EDGE('',*,*,#5618,.F.);
#3998=ORIENTED_EDGE('',*,*,#5317,.F.);
#3999=ORIENTED_EDGE('',*,*,#5326,.F.);
#4000=ORIENTED_EDGE('',*,*,#5323,.F.);
#4001=ORIENTED_EDGE('',*,*,#5621,.F.);
#4002=ORIENTED_EDGE('',*,*,#4088,.F.);
#4003=ORIENTED_EDGE('',*,*,#5620,.F.);
#4004=ORIENTED_EDGE('',*,*,#5296,.F.);
#4005=ORIENTED_EDGE('',*,*,#5303,.F.);
#4006=ORIENTED_EDGE('',*,*,#5302,.F.);
#4007=ORIENTED_EDGE('',*,*,#5616,.F.);
#4008=ORIENTED_EDGE('',*,*,#4108,.F.);
#4009=ORIENTED_EDGE('',*,*,#5617,.F.);
#4010=ORIENTED_EDGE('',*,*,#5278,.F.);
#4011=ORIENTED_EDGE('',*,*,#5280,.F.);
#4012=ORIENTED_EDGE('',*,*,#5272,.F.);
#4013=ORIENTED_EDGE('',*,*,#5614,.F.);
#4014=ORIENTED_EDGE('',*,*,#4030,.F.);
#4015=ORIENTED_EDGE('',*,*,#5615,.F.);
#4016=ORIENTED_EDGE('',*,*,#5255,.F.);
#4017=ORIENTED_EDGE('',*,*,#5257,.F.);
#4018=ORIENTED_EDGE('',*,*,#5249,.F.);
#4019=ORIENTED_EDGE('',*,*,#5610,.F.);
#4020=ORIENTED_EDGE('',*,*,#4048,.F.);
#4021=ORIENTED_EDGE('',*,*,#5611,.F.);
#4022=ORIENTED_EDGE('',*,*,#5230,.F.);
#4023=ORIENTED_EDGE('',*,*,#5234,.F.);
#4024=ORIENTED_EDGE('',*,*,#5226,.F.);
#4025=EDGE_CURVE('',#5624,#5625,#6772,.F.);
#4026=EDGE_CURVE('',#5625,#5626,#6773,.T.);
#4027=EDGE_CURVE('',#5626,#5627,#6774,.T.);
#4028=EDGE_CURVE('',#5627,#5624,#6775,.T.);
#4029=EDGE_CURVE('',#5628,#5629,#6776,.F.);
#4030=EDGE_CURVE('',#5629,#5630,#6777,.T.);
#4031=EDGE_CURVE('',#5630,#5631,#6778,.T.);
#4032=EDGE_CURVE('',#5631,#5628,#6779,.T.);
#4033=EDGE_CURVE('',#5632,#5633,#6780,.T.);
#4034=EDGE_CURVE('',#5634,#5633,#6781,.T.);
#4035=EDGE_CURVE('',#5635,#5634,#6782,.T.);
#4036=EDGE_CURVE('',#5635,#5636,#6783,.T.);
#4037=EDGE_CURVE('',#5636,#5637,#398,.T.);
#4038=EDGE_CURVE('',#5638,#5637,#6784,.T.);
#4039=EDGE_CURVE('',#5638,#5639,#399,.T.);
#4040=EDGE_CURVE('',#5640,#5639,#6785,.T.);
#4041=EDGE_CURVE('',#5641,#5640,#6786,.T.);
#4042=EDGE_CURVE('',#5641,#5632,#6787,.T.);
#4043=EDGE_CURVE('',#5642,#5643,#6788,.T.);
#4044=EDGE_CURVE('',#5644,#5642,#6789,.T.);
#4045=EDGE_CURVE('',#5644,#5645,#6790,.T.);
#4046=EDGE_CURVE('',#5643,#5645,#6791,.F.);
#4047=EDGE_CURVE('',#5646,#5647,#6792,.F.);
#4048=EDGE_CURVE('',#5647,#5648,#6793,.T.);
#4049=EDGE_CURVE('',#5648,#5649,#6794,.T.);
#4050=EDGE_CURVE('',#5649,#5646,#6795,.T.);
#4051=EDGE_CURVE('',#5650,#5651,#6796,.F.);
#4052=EDGE_CURVE('',#5651,#5652,#6797,.T.);
#4053=EDGE_CURVE('',#5652,#5653,#6798,.T.);
#4054=EDGE_CURVE('',#5653,#5650,#6799,.T.);
#4055=EDGE_CURVE('',#5654,#5655,#6800,.F.);
#4056=EDGE_CURVE('',#5655,#5656,#6801,.T.);
#4057=EDGE_CURVE('',#5656,#5657,#6802,.T.);
#4058=EDGE_CURVE('',#5657,#5654,#6803,.T.);
#4059=EDGE_CURVE('',#5658,#5659,#6804,.F.);
#4060=EDGE_CURVE('',#5659,#5660,#6805,.T.);
#4061=EDGE_CURVE('',#5660,#5661,#6806,.T.);
#4062=EDGE_CURVE('',#5661,#5658,#6807,.T.);
#4063=EDGE_CURVE('',#5662,#5663,#6808,.T.);
#4064=EDGE_CURVE('',#5664,#5662,#6809,.T.);
#4065=EDGE_CURVE('',#5665,#5664,#6810,.T.);
#4066=EDGE_CURVE('',#5663,#5665,#6811,.T.);
#4067=EDGE_CURVE('',#5666,#5667,#6812,.F.);
#4068=EDGE_CURVE('',#5667,#5668,#6813,.T.);
#4069=EDGE_CURVE('',#5668,#5669,#6814,.T.);
#4070=EDGE_CURVE('',#5669,#5666,#6815,.T.);
#4071=EDGE_CURVE('',#5670,#5671,#6816,.F.);
#4072=EDGE_CURVE('',#5671,#5672,#6817,.T.);
#4073=EDGE_CURVE('',#5672,#5673,#6818,.T.);
#4074=EDGE_CURVE('',#5673,#5670,#6819,.T.);
#4075=EDGE_CURVE('',#5674,#5675,#6820,.T.);
#4076=EDGE_CURVE('',#5675,#5676,#6821,.T.);
#4077=EDGE_CURVE('',#5676,#5677,#6822,.F.);
#4078=EDGE_CURVE('',#5677,#5674,#6823,.T.);
#4079=EDGE_CURVE('',#5678,#5679,#6824,.T.);
#4080=EDGE_CURVE('',#5679,#5680,#6825,.T.);
#4081=EDGE_CURVE('',#5680,#5681,#6826,.F.);
#4082=EDGE_CURVE('',#5681,#5678,#6827,.T.);
#4083=EDGE_CURVE('',#5682,#5683,#6828,.T.);
#4084=EDGE_CURVE('',#5684,#5682,#6829,.T.);
#4085=EDGE_CURVE('',#5684,#5685,#6830,.T.);
#4086=EDGE_CURVE('',#5683,#5685,#6831,.F.);
#4087=EDGE_CURVE('',#5686,#5687,#6832,.T.);
#4088=EDGE_CURVE('',#5687,#5688,#6833,.T.);
#4089=EDGE_CURVE('',#5688,#5689,#6834,.F.);
#4090=EDGE_CURVE('',#5689,#5686,#6835,.T.);
#4091=EDGE_CURVE('',#5690,#5691,#6836,.T.);
#4092=EDGE_CURVE('',#5691,#5692,#6837,.T.);
#4093=EDGE_CURVE('',#5692,#5693,#6838,.F.);
#4094=EDGE_CURVE('',#5693,#5690,#6839,.T.);
#4095=EDGE_CURVE('',#5694,#5695,#6840,.T.);
#4096=EDGE_CURVE('',#5695,#5696,#6841,.T.);
#4097=EDGE_CURVE('',#5696,#5697,#6842,.F.);
#4098=EDGE_CURVE('',#5697,#5694,#6843,.T.);
#4099=EDGE_CURVE('',#5698,#5699,#6844,.T.);
#4100=EDGE_CURVE('',#5699,#5700,#6845,.T.);
#4101=EDGE_CURVE('',#5700,#5701,#6846,.F.);
#4102=EDGE_CURVE('',#5701,#5698,#6847,.T.);
#4103=EDGE_CURVE('',#5702,#5703,#6848,.T.);
#4104=EDGE_CURVE('',#5704,#5703,#6849,.F.);
#4105=EDGE_CURVE('',#5704,#5705,#6850,.T.);
#4106=EDGE_CURVE('',#5702,#5705,#6851,.F.);
#4107=EDGE_CURVE('',#5706,#5707,#6852,.T.);
#4108=EDGE_CURVE('',#5707,#5708,#6853,.T.);
#4109=EDGE_CURVE('',#5708,#5709,#6854,.F.);
#4110=EDGE_CURVE('',#5709,#5706,#6855,.T.);
#4111=EDGE_CURVE('',#5710,#5711,#6856,.T.);
#4112=EDGE_CURVE('',#5711,#5712,#6857,.T.);
#4113=EDGE_CURVE('',#5712,#5713,#6858,.F.);
#4114=EDGE_CURVE('',#5713,#5710,#6859,.T.);
#4115=EDGE_CURVE('',#5714,#5715,#6860,.T.);
#4116=EDGE_CURVE('',#5716,#5714,#6861,.T.);
#4117=EDGE_CURVE('',#5716,#5715,#400,.T.);
#4118=EDGE_CURVE('',#5717,#5718,#401,.T.);
#4119=EDGE_CURVE('',#5718,#5719,#6862,.T.);
#4120=EDGE_CURVE('',#5717,#5719,#6863,.T.);
#4121=EDGE_CURVE('',#5720,#5721,#6864,.T.);
#4122=EDGE_CURVE('',#5721,#5722,#402,.T.);
#4123=EDGE_CURVE('',#5722,#5723,#6865,.T.);
#4124=EDGE_CURVE('',#5723,#5724,#403,.T.);
#4125=EDGE_CURVE('',#5724,#5725,#6866,.F.);
#4126=EDGE_CURVE('',#5725,#5726,#404,.T.);
#4127=EDGE_CURVE('',#5726,#5727,#6867,.F.);
#4128=EDGE_CURVE('',#5727,#5720,#405,.T.);
#4129=EDGE_CURVE('',#5728,#5729,#6868,.T.);
#4130=EDGE_CURVE('',#5728,#5730,#406,.F.);
#4131=EDGE_CURVE('',#5730,#5731,#6869,.T.);
#4132=EDGE_CURVE('',#5731,#5732,#407,.F.);
#4133=EDGE_CURVE('',#5732,#5733,#6870,.T.);
#4134=EDGE_CURVE('',#5733,#5734,#408,.F.);
#4135=EDGE_CURVE('',#5735,#5734,#6871,.T.);
#4136=EDGE_CURVE('',#5735,#5729,#409,.F.);
#4137=EDGE_CURVE('',#5736,#5737,#6872,.T.);
#4138=EDGE_CURVE('',#5737,#5738,#410,.T.);
#4139=EDGE_CURVE('',#5739,#5738,#6873,.T.);
#4140=EDGE_CURVE('',#5739,#5736,#411,.T.);
#4141=EDGE_CURVE('',#5740,#5740,#412,.T.);
#4142=EDGE_CURVE('',#5741,#5741,#413,.T.);
#4143=EDGE_CURVE('',#5742,#5742,#414,.T.);
#4144=EDGE_CURVE('',#5743,#5743,#415,.T.);
#4145=EDGE_CURVE('',#5744,#5744,#416,.T.);
#4146=EDGE_CURVE('',#5745,#5745,#417,.T.);
#4147=EDGE_CURVE('',#5746,#5746,#418,.T.);
#4148=EDGE_CURVE('',#5747,#5747,#419,.T.);
#4149=EDGE_CURVE('',#5748,#5748,#420,.T.);
#4150=EDGE_CURVE('',#5749,#5749,#421,.T.);
#4151=EDGE_CURVE('',#5750,#5750,#422,.T.);
#4152=EDGE_CURVE('',#5751,#5752,#6874,.T.);
#4153=EDGE_CURVE('',#5751,#5753,#6875,.T.);
#4154=EDGE_CURVE('',#5753,#5754,#6876,.T.);
#4155=EDGE_CURVE('',#5752,#5754,#6877,.T.);
#4156=EDGE_CURVE('',#5755,#5756,#6878,.T.);
#4157=EDGE_CURVE('',#5755,#5757,#6879,.T.);
#4158=EDGE_CURVE('',#5757,#5758,#6880,.T.);
#4159=EDGE_CURVE('',#5756,#5758,#6881,.T.);
#4160=EDGE_CURVE('',#5759,#5760,#6882,.T.);
#4161=EDGE_CURVE('',#5761,#5759,#6883,.T.);
#4162=EDGE_CURVE('',#5761,#5762,#6884,.T.);
#4163=EDGE_CURVE('',#5762,#5760,#6885,.T.);
#4164=EDGE_CURVE('',#5763,#5764,#6886,.T.);
#4165=EDGE_CURVE('',#5763,#5765,#6887,.T.);
#4166=EDGE_CURVE('',#5765,#5766,#6888,.T.);
#4167=EDGE_CURVE('',#5764,#5766,#6889,.T.);
#4168=EDGE_CURVE('',#5767,#5768,#6890,.T.);
#4169=EDGE_CURVE('',#5768,#5769,#423,.T.);
#4170=EDGE_CURVE('',#5769,#5770,#6891,.T.);
#4171=EDGE_CURVE('',#5771,#5770,#6892,.T.);
#4172=EDGE_CURVE('',#5772,#5771,#6893,.T.);
#4173=EDGE_CURVE('',#5772,#5773,#6894,.T.);
#4174=EDGE_CURVE('',#5773,#5774,#424,.T.);
#4175=EDGE_CURVE('',#5775,#5774,#6895,.T.);
#4176=EDGE_CURVE('',#5776,#5775,#6896,.T.);
#4177=EDGE_CURVE('',#5776,#5767,#6897,.T.);
#4178=EDGE_CURVE('',#5777,#5778,#6898,.T.);
#4179=EDGE_CURVE('',#5779,#5778,#6899,.T.);
#4180=EDGE_CURVE('',#5780,#5779,#6900,.T.);
#4181=EDGE_CURVE('',#5780,#5781,#6901,.T.);
#4182=EDGE_CURVE('',#5781,#5782,#6902,.T.);
#4183=EDGE_CURVE('',#5783,#5782,#6903,.T.);
#4184=EDGE_CURVE('',#5784,#5783,#6904,.T.);
#4185=EDGE_CURVE('',#5784,#5777,#6905,.T.);
#4186=EDGE_CURVE('',#5785,#5786,#6906,.T.);
#4187=EDGE_CURVE('',#5787,#5786,#6907,.T.);
#4188=EDGE_CURVE('',#5788,#5787,#6908,.T.);
#4189=EDGE_CURVE('',#5788,#5789,#6909,.T.);
#4190=EDGE_CURVE('',#5789,#5790,#6910,.T.);
#4191=EDGE_CURVE('',#5791,#5790,#6911,.T.);
#4192=EDGE_CURVE('',#5792,#5791,#6912,.T.);
#4193=EDGE_CURVE('',#5792,#5785,#6913,.T.);
#4194=EDGE_CURVE('',#5793,#5794,#6914,.T.);
#4195=EDGE_CURVE('',#5795,#5794,#6915,.T.);
#4196=EDGE_CURVE('',#5796,#5795,#6916,.T.);
#4197=EDGE_CURVE('',#5796,#5797,#6917,.T.);
#4198=EDGE_CURVE('',#5797,#5798,#6918,.T.);
#4199=EDGE_CURVE('',#5799,#5798,#6919,.T.);
#4200=EDGE_CURVE('',#5800,#5799,#6920,.T.);
#4201=EDGE_CURVE('',#5800,#5793,#6921,.T.);
#4202=EDGE_CURVE('',#5801,#5802,#6922,.T.);
#4203=EDGE_CURVE('',#5803,#5802,#6923,.T.);
#4204=EDGE_CURVE('',#5804,#5803,#6924,.T.);
#4205=EDGE_CURVE('',#5804,#5805,#6925,.T.);
#4206=EDGE_CURVE('',#5805,#5806,#6926,.T.);
#4207=EDGE_CURVE('',#5807,#5806,#6927,.T.);
#4208=EDGE_CURVE('',#5808,#5807,#6928,.T.);
#4209=EDGE_CURVE('',#5808,#5801,#6929,.T.);
#4210=EDGE_CURVE('',#5809,#5809,#425,.T.);
#4211=EDGE_CURVE('',#5810,#5811,#6930,.T.);
#4212=EDGE_CURVE('',#5810,#5812,#6931,.T.);
#4213=EDGE_CURVE('',#5812,#5813,#6932,.T.);
#4214=EDGE_CURVE('',#5811,#5813,#6933,.T.);
#4215=EDGE_CURVE('',#5814,#5814,#426,.F.);
#4216=EDGE_CURVE('',#5815,#5815,#427,.T.);
#4217=EDGE_CURVE('',#5816,#5816,#428,.T.);
#4218=EDGE_CURVE('',#5817,#5817,#429,.T.);
#4219=EDGE_CURVE('',#5818,#5818,#430,.T.);
#4220=EDGE_CURVE('',#5685,#5664,#318,.T.);
#4221=EDGE_CURVE('',#5703,#5684,#319,.T.);
#4222=EDGE_CURVE('',#5642,#5702,#320,.T.);
#4223=EDGE_CURVE('',#5665,#5643,#321,.T.);
#4224=EDGE_CURVE('',#5819,#5819,#431,.F.);
#4225=EDGE_CURVE('',#5820,#5821,#6934,.T.);
#4226=EDGE_CURVE('',#5820,#5822,#6935,.T.);
#4227=EDGE_CURVE('',#5822,#5823,#6936,.T.);
#4228=EDGE_CURVE('',#5821,#5823,#6937,.T.);
#4229=EDGE_CURVE('',#5824,#5824,#432,.T.);
#4230=EDGE_CURVE('',#5825,#5825,#433,.F.);
#4231=EDGE_CURVE('',#5826,#5827,#6938,.T.);
#4232=EDGE_CURVE('',#5826,#5828,#6939,.T.);
#4233=EDGE_CURVE('',#5828,#5829,#6940,.T.);
#4234=EDGE_CURVE('',#5827,#5829,#6941,.T.);
#4235=EDGE_CURVE('',#5830,#5830,#434,.T.);
#4236=EDGE_CURVE('',#5831,#5831,#435,.F.);
#4237=EDGE_CURVE('',#5832,#5833,#6942,.T.);
#4238=EDGE_CURVE('',#5832,#5834,#6943,.T.);
#4239=EDGE_CURVE('',#5834,#5835,#6944,.T.);
#4240=EDGE_CURVE('',#5833,#5835,#6945,.T.);
#4241=EDGE_CURVE('',#5836,#5836,#436,.T.);
#4242=EDGE_CURVE('',#5837,#5837,#437,.F.);
#4243=EDGE_CURVE('',#5838,#5839,#6946,.T.);
#4244=EDGE_CURVE('',#5838,#5840,#6947,.T.);
#4245=EDGE_CURVE('',#5840,#5841,#6948,.T.);
#4246=EDGE_CURVE('',#5839,#5841,#6949,.T.);
#4247=EDGE_CURVE('',#5842,#5842,#438,.T.);
#4248=EDGE_CURVE('',#5843,#5844,#6950,.T.);
#4249=EDGE_CURVE('',#5844,#5845,#6951,.T.);
#4250=EDGE_CURVE('',#5846,#5845,#6952,.T.);
#4251=EDGE_CURVE('',#5843,#5846,#6953,.T.);
#4252=EDGE_CURVE('',#5847,#5847,#439,.F.);
#4253=EDGE_CURVE('',#5848,#5848,#440,.F.);
#4254=EDGE_CURVE('',#5849,#5849,#441,.F.);
#4255=EDGE_CURVE('',#5850,#5850,#442,.F.);
#4256=EDGE_CURVE('',#5851,#5852,#6954,.T.);
#4257=EDGE_CURVE('',#5852,#5853,#6955,.T.);
#4258=EDGE_CURVE('',#5854,#5853,#6956,.T.);
#4259=EDGE_CURVE('',#5851,#5854,#6957,.T.);
#4260=EDGE_CURVE('',#5855,#5855,#443,.F.);
#4261=EDGE_CURVE('',#5856,#5856,#444,.F.);
#4262=EDGE_CURVE('',#5857,#5857,#445,.F.);
#4263=EDGE_CURVE('',#5858,#5858,#446,.F.);
#4264=EDGE_CURVE('',#5859,#5860,#6958,.T.);
#4265=EDGE_CURVE('',#5860,#5861,#6959,.T.);
#4266=EDGE_CURVE('',#5862,#5861,#6960,.T.);
#4267=EDGE_CURVE('',#5859,#5862,#6961,.T.);
#4268=EDGE_CURVE('',#5863,#5863,#447,.F.);
#4269=EDGE_CURVE('',#5864,#5864,#448,.F.);
#4270=EDGE_CURVE('',#5865,#5865,#449,.F.);
#4271=EDGE_CURVE('',#5866,#5866,#450,.F.);
#4272=EDGE_CURVE('',#5867,#5868,#6962,.T.);
#4273=EDGE_CURVE('',#5868,#5869,#6963,.T.);
#4274=EDGE_CURVE('',#5870,#5869,#6964,.T.);
#4275=EDGE_CURVE('',#5867,#5870,#6965,.T.);
#4276=EDGE_CURVE('',#5871,#5871,#451,.F.);
#4277=EDGE_CURVE('',#5872,#5872,#452,.F.);
#4278=EDGE_CURVE('',#5873,#5873,#453,.F.);
#4279=EDGE_CURVE('',#5874,#5874,#454,.F.);
#4280=EDGE_CURVE('',#5875,#5876,#6966,.T.);
#4281=EDGE_CURVE('',#5876,#5877,#455,.T.);
#4282=EDGE_CURVE('',#5877,#5878,#6967,.T.);
#4283=EDGE_CURVE('',#5878,#5879,#456,.T.);
#4284=EDGE_CURVE('',#5879,#5880,#6968,.T.);
#4285=EDGE_CURVE('',#5880,#5881,#6969,.T.);
#4286=EDGE_CURVE('',#5882,#5881,#6970,.T.);
#4287=EDGE_CURVE('',#5883,#5882,#6971,.T.);
#4288=EDGE_CURVE('',#5883,#5884,#457,.T.);
#4289=EDGE_CURVE('',#5884,#5885,#6972,.T.);
#4290=EDGE_CURVE('',#5886,#5885,#6973,.T.);
#4291=EDGE_CURVE('',#5887,#5886,#6974,.T.);
#4292=EDGE_CURVE('',#5887,#5888,#458,.T.);
#4293=EDGE_CURVE('',#5888,#5889,#6975,.T.);
#4294=EDGE_CURVE('',#5890,#5889,#6976,.T.);
#4295=EDGE_CURVE('',#5891,#5890,#6977,.T.);
#4296=EDGE_CURVE('',#5891,#5892,#6978,.T.);
#4297=EDGE_CURVE('',#5892,#5893,#6979,.T.);
#4298=EDGE_CURVE('',#5893,#5894,#459,.T.);
#4299=EDGE_CURVE('',#5895,#5894,#6980,.T.);
#4300=EDGE_CURVE('',#5895,#5896,#460,.T.);
#4301=EDGE_CURVE('',#5896,#5897,#6981,.T.);
#4302=EDGE_CURVE('',#5898,#5897,#6982,.T.);
#4303=EDGE_CURVE('',#5899,#5898,#6983,.T.);
#4304=EDGE_CURVE('',#5899,#5900,#6984,.T.);
#4305=EDGE_CURVE('',#5901,#5900,#6985,.T.);
#4306=EDGE_CURVE('',#5902,#5901,#6986,.T.);
#4307=EDGE_CURVE('',#5903,#5902,#6987,.T.);
#4308=EDGE_CURVE('',#5903,#5875,#6988,.T.);
#4309=EDGE_CURVE('',#5904,#5905,#6989,.T.);
#4310=EDGE_CURVE('',#5905,#5906,#461,.T.);
#4311=EDGE_CURVE('',#5907,#5906,#6990,.T.);
#4312=EDGE_CURVE('',#5908,#5907,#6991,.T.);
#4313=EDGE_CURVE('',#5908,#5909,#462,.T.);
#4314=EDGE_CURVE('',#5910,#5909,#6992,.T.);
#4315=EDGE_CURVE('',#5910,#5911,#6993,.T.);
#4316=EDGE_CURVE('',#5911,#5912,#6994,.T.);
#4317=EDGE_CURVE('',#5912,#5913,#463,.T.);
#4318=EDGE_CURVE('',#5914,#5913,#6995,.T.);
#4319=EDGE_CURVE('',#5914,#5915,#6996,.T.);
#4320=EDGE_CURVE('',#5915,#5916,#464,.T.);
#4321=EDGE_CURVE('',#5917,#5916,#6997,.T.);
#4322=EDGE_CURVE('',#5918,#5917,#6998,.T.);
#4323=EDGE_CURVE('',#5918,#5919,#6999,.T.);
#4324=EDGE_CURVE('',#5919,#5920,#7000,.T.);
#4325=EDGE_CURVE('',#5920,#5921,#465,.T.);
#4326=EDGE_CURVE('',#5921,#5922,#7001,.T.);
#4327=EDGE_CURVE('',#5922,#5923,#466,.T.);
#4328=EDGE_CURVE('',#5923,#5924,#7002,.T.);
#4329=EDGE_CURVE('',#5925,#5924,#7003,.T.);
#4330=EDGE_CURVE('',#5926,#5925,#7004,.T.);
#4331=EDGE_CURVE('',#5926,#5927,#7005,.T.);
#4332=EDGE_CURVE('',#5927,#5928,#467,.T.);
#4333=EDGE_CURVE('',#5929,#5928,#7006,.T.);
#4334=EDGE_CURVE('',#5930,#5929,#7007,.T.);
#4335=EDGE_CURVE('',#5930,#5931,#468,.T.);
#4336=EDGE_CURVE('',#5931,#5932,#7008,.T.);
#4337=EDGE_CURVE('',#5933,#5932,#7009,.T.);
#4338=EDGE_CURVE('',#5933,#5934,#469,.T.);
#4339=EDGE_CURVE('',#5934,#5935,#7010,.T.);
#4340=EDGE_CURVE('',#5935,#5936,#7011,.T.);
#4341=EDGE_CURVE('',#5937,#5936,#7012,.T.);
#4342=EDGE_CURVE('',#5904,#5937,#7013,.T.);
#4343=EDGE_CURVE('',#5938,#5939,#7014,.T.);
#4344=EDGE_CURVE('',#5938,#5940,#7015,.T.);
#4345=EDGE_CURVE('',#5941,#5940,#7016,.T.);
#4346=EDGE_CURVE('',#5941,#5942,#7017,.T.);
#4347=EDGE_CURVE('',#5942,#5943,#7018,.T.);
#4348=EDGE_CURVE('',#5943,#5944,#7019,.T.);
#4349=EDGE_CURVE('',#5944,#5945,#7020,.T.);
#4350=EDGE_CURVE('',#5946,#5945,#7021,.T.);
#4351=EDGE_CURVE('',#5946,#5947,#7022,.T.);
#4352=EDGE_CURVE('',#5948,#5947,#7023,.T.);
#4353=EDGE_CURVE('',#5949,#5948,#7024,.T.);
#4354=EDGE_CURVE('',#5939,#5949,#7025,.T.);
#4355=EDGE_CURVE('',#5950,#5951,#7026,.T.);
#4356=EDGE_CURVE('',#5951,#5952,#7027,.T.);
#4357=EDGE_CURVE('',#5953,#5952,#7028,.T.);
#4358=EDGE_CURVE('',#5950,#5953,#7029,.T.);
#4359=EDGE_CURVE('',#5954,#5955,#7030,.T.);
#4360=EDGE_CURVE('',#5954,#5956,#7031,.T.);
#4361=EDGE_CURVE('',#5956,#5957,#7032,.T.);
#4362=EDGE_CURVE('',#5955,#5957,#7033,.T.);
#4363=EDGE_CURVE('',#5958,#5959,#7034,.T.);
#4364=EDGE_CURVE('',#5958,#5960,#7035,.T.);
#4365=EDGE_CURVE('',#5960,#5961,#7036,.T.);
#4366=EDGE_CURVE('',#5959,#5961,#7037,.T.);
#4367=EDGE_CURVE('',#5962,#5963,#7038,.T.);
#4368=EDGE_CURVE('',#5962,#5964,#7039,.T.);
#4369=EDGE_CURVE('',#5964,#5965,#7040,.T.);
#4370=EDGE_CURVE('',#5963,#5965,#7041,.T.);
#4371=EDGE_CURVE('',#5966,#5967,#7042,.T.);
#4372=EDGE_CURVE('',#5968,#5966,#7043,.T.);
#4373=EDGE_CURVE('',#5968,#5969,#7044,.T.);
#4374=EDGE_CURVE('',#5969,#5967,#7045,.T.);
#4375=EDGE_CURVE('',#5970,#5971,#7046,.T.);
#4376=EDGE_CURVE('',#5972,#5970,#7047,.T.);
#4377=EDGE_CURVE('',#5972,#5973,#7048,.T.);
#4378=EDGE_CURVE('',#5973,#5974,#7049,.T.);
#4379=EDGE_CURVE('',#5974,#5975,#7050,.T.);
#4380=EDGE_CURVE('',#5976,#5975,#7051,.T.);
#4381=EDGE_CURVE('',#5976,#5977,#7052,.T.);
#4382=EDGE_CURVE('',#5977,#5971,#7053,.T.);
#4383=EDGE_CURVE('',#5978,#5979,#7054,.T.);
#4384=EDGE_CURVE('',#5978,#5980,#7055,.T.);
#4385=EDGE_CURVE('',#5980,#5981,#7056,.T.);
#4386=EDGE_CURVE('',#5979,#5981,#7057,.T.);
#4387=EDGE_CURVE('',#5982,#5983,#470,.T.);
#4388=EDGE_CURVE('',#5982,#5984,#7058,.T.);
#4389=EDGE_CURVE('',#5985,#5984,#471,.T.);
#4390=EDGE_CURVE('',#5985,#5986,#7059,.T.);
#4391=EDGE_CURVE('',#5987,#5986,#472,.T.);
#4392=EDGE_CURVE('',#5987,#5988,#7060,.F.);
#4393=EDGE_CURVE('',#5989,#5988,#473,.T.);
#4394=EDGE_CURVE('',#5989,#5983,#7061,.F.);
#4395=EDGE_CURVE('',#5990,#5991,#474,.T.);
#4396=EDGE_CURVE('',#5990,#5992,#7062,.T.);
#4397=EDGE_CURVE('',#5993,#5992,#475,.T.);
#4398=EDGE_CURVE('',#5993,#5994,#7063,.T.);
#4399=EDGE_CURVE('',#5995,#5994,#476,.T.);
#4400=EDGE_CURVE('',#5995,#5996,#7064,.F.);
#4401=EDGE_CURVE('',#5997,#5996,#477,.T.);
#4402=EDGE_CURVE('',#5997,#5991,#7065,.F.);
#4403=EDGE_CURVE('',#5998,#5999,#478,.T.);
#4404=EDGE_CURVE('',#5998,#6000,#7066,.T.);
#4405=EDGE_CURVE('',#6001,#6000,#479,.T.);
#4406=EDGE_CURVE('',#6001,#6002,#7067,.T.);
#4407=EDGE_CURVE('',#6003,#6002,#480,.T.);
#4408=EDGE_CURVE('',#6003,#6004,#7068,.F.);
#4409=EDGE_CURVE('',#6005,#6004,#481,.T.);
#4410=EDGE_CURVE('',#6005,#5999,#7069,.F.);
#4411=EDGE_CURVE('',#6006,#6007,#482,.T.);
#4412=EDGE_CURVE('',#6006,#6008,#7070,.T.);
#4413=EDGE_CURVE('',#6009,#6008,#483,.T.);
#4414=EDGE_CURVE('',#6009,#6010,#7071,.T.);
#4415=EDGE_CURVE('',#6011,#6010,#484,.T.);
#4416=EDGE_CURVE('',#6011,#6012,#7072,.F.);
#4417=EDGE_CURVE('',#6013,#6012,#485,.T.);
#4418=EDGE_CURVE('',#6013,#6007,#7073,.F.);
#4419=EDGE_CURVE('',#6014,#6014,#486,.T.);
#4420=EDGE_CURVE('',#6015,#6015,#487,.T.);
#4421=EDGE_CURVE('',#6016,#6017,#7074,.T.);
#4422=EDGE_CURVE('',#6016,#6018,#7075,.T.);
#4423=EDGE_CURVE('',#6018,#6019,#7076,.T.);
#4424=EDGE_CURVE('',#6017,#6019,#7077,.T.);
#4425=EDGE_CURVE('',#6020,#6020,#488,.T.);
#4426=EDGE_CURVE('',#6021,#6021,#489,.T.);
#4427=EDGE_CURVE('',#6022,#6023,#7078,.T.);
#4428=EDGE_CURVE('',#6022,#6024,#7079,.T.);
#4429=EDGE_CURVE('',#6024,#6025,#7080,.T.);
#4430=EDGE_CURVE('',#6023,#6025,#7081,.T.);
#4431=EDGE_CURVE('',#6026,#6026,#490,.T.);
#4432=EDGE_CURVE('',#6027,#6027,#491,.T.);
#4433=EDGE_CURVE('',#6028,#6029,#7082,.T.);
#4434=EDGE_CURVE('',#6028,#6030,#7083,.T.);
#4435=EDGE_CURVE('',#6030,#6031,#7084,.T.);
#4436=EDGE_CURVE('',#6029,#6031,#7085,.T.);
#4437=EDGE_CURVE('',#6032,#6032,#492,.T.);
#4438=EDGE_CURVE('',#6033,#6033,#493,.T.);
#4439=EDGE_CURVE('',#6034,#6035,#7086,.T.);
#4440=EDGE_CURVE('',#6034,#6036,#7087,.T.);
#4441=EDGE_CURVE('',#6036,#6037,#7088,.T.);
#4442=EDGE_CURVE('',#6035,#6037,#7089,.T.);
#4443=EDGE_CURVE('',#6038,#6039,#7090,.T.);
#4444=EDGE_CURVE('',#6038,#6040,#322,.T.);
#4445=EDGE_CURVE('',#6041,#6040,#7091,.T.);
#4446=EDGE_CURVE('',#6041,#6042,#323,.T.);
#4447=EDGE_CURVE('',#6042,#6043,#7092,.T.);
#4448=EDGE_CURVE('',#6043,#6044,#324,.T.);
#4449=EDGE_CURVE('',#6044,#6045,#7093,.T.);
#4450=EDGE_CURVE('',#6045,#6039,#325,.T.);
#4451=EDGE_CURVE('',#6046,#6046,#494,.T.);
#4452=EDGE_CURVE('',#6047,#6047,#495,.T.);
#4453=EDGE_CURVE('',#6048,#6048,#496,.T.);
#4454=EDGE_CURVE('',#6049,#6049,#497,.T.);
#4455=EDGE_CURVE('',#6050,#6051,#7094,.T.);
#4456=EDGE_CURVE('',#6050,#6052,#7095,.T.);
#4457=EDGE_CURVE('',#6052,#6053,#7096,.T.);
#4458=EDGE_CURVE('',#6051,#6053,#7097,.T.);
#4459=EDGE_CURVE('',#6054,#6054,#498,.T.);
#4460=EDGE_CURVE('',#6055,#6055,#499,.T.);
#4461=EDGE_CURVE('',#6056,#6057,#7098,.T.);
#4462=EDGE_CURVE('',#6056,#6058,#7099,.T.);
#4463=EDGE_CURVE('',#6058,#6059,#7100,.T.);
#4464=EDGE_CURVE('',#6057,#6059,#7101,.T.);
#4465=EDGE_CURVE('',#6060,#6061,#7102,.T.);
#4466=EDGE_CURVE('',#6061,#6062,#7103,.T.);
#4467=EDGE_CURVE('',#6063,#6062,#7104,.T.);
#4468=EDGE_CURVE('',#6060,#6063,#7105,.T.);
#4469=EDGE_CURVE('',#6064,#6065,#7106,.T.);
#4470=EDGE_CURVE('',#6064,#6066,#7107,.T.);
#4471=EDGE_CURVE('',#6066,#6067,#7108,.T.);
#4472=EDGE_CURVE('',#6065,#6067,#7109,.T.);
#4473=EDGE_CURVE('',#6068,#6069,#7110,.T.);
#4474=EDGE_CURVE('',#6069,#6070,#7111,.T.);
#4475=EDGE_CURVE('',#6071,#6070,#7112,.T.);
#4476=EDGE_CURVE('',#6068,#6071,#7113,.T.);
#4477=EDGE_CURVE('',#6072,#6073,#7114,.T.);
#4478=EDGE_CURVE('',#6072,#6074,#7115,.T.);
#4479=EDGE_CURVE('',#6074,#6075,#7116,.T.);
#4480=EDGE_CURVE('',#6073,#6075,#7117,.T.);
#4481=EDGE_CURVE('',#6076,#6077,#7118,.T.);
#4482=EDGE_CURVE('',#6077,#6078,#7119,.T.);
#4483=EDGE_CURVE('',#6079,#6078,#7120,.T.);
#4484=EDGE_CURVE('',#6076,#6079,#7121,.T.);
#4485=EDGE_CURVE('',#6080,#6081,#7122,.T.);
#4486=EDGE_CURVE('',#6081,#6082,#7123,.T.);
#4487=EDGE_CURVE('',#6083,#6082,#7124,.T.);
#4488=EDGE_CURVE('',#6080,#6083,#7125,.T.);
#4489=EDGE_CURVE('',#6084,#6085,#7126,.T.);
#4490=EDGE_CURVE('',#6084,#6086,#7127,.T.);
#4491=EDGE_CURVE('',#6086,#6087,#7128,.T.);
#4492=EDGE_CURVE('',#6085,#6087,#7129,.T.);
#4493=EDGE_CURVE('',#6088,#6089,#7130,.T.);
#4494=EDGE_CURVE('',#6088,#6090,#7131,.T.);
#4495=EDGE_CURVE('',#6090,#6091,#7132,.T.);
#4496=EDGE_CURVE('',#6091,#6092,#7133,.T.);
#4497=EDGE_CURVE('',#6092,#6093,#7134,.T.);
#4498=EDGE_CURVE('',#6094,#6093,#7135,.T.);
#4499=EDGE_CURVE('',#6094,#6095,#7136,.T.);
#4500=EDGE_CURVE('',#6096,#6095,#7137,.T.);
#4501=EDGE_CURVE('',#6097,#6096,#7138,.T.);
#4502=EDGE_CURVE('',#6098,#6097,#7139,.T.);
#4503=EDGE_CURVE('',#6099,#6098,#7140,.T.);
#4504=EDGE_CURVE('',#6099,#6089,#7141,.T.);
#4505=EDGE_CURVE('',#6100,#6101,#7142,.T.);
#4506=EDGE_CURVE('',#6101,#6102,#7143,.T.);
#4507=EDGE_CURVE('',#6103,#6102,#7144,.T.);
#4508=EDGE_CURVE('',#6100,#6103,#7145,.T.);
#4509=EDGE_CURVE('',#6104,#6105,#7146,.T.);
#4510=EDGE_CURVE('',#6105,#6106,#7147,.T.);
#4511=EDGE_CURVE('',#6107,#6106,#7148,.T.);
#4512=EDGE_CURVE('',#6104,#6107,#7149,.T.);
#4513=EDGE_CURVE('',#6108,#6109,#7150,.T.);
#4514=EDGE_CURVE('',#6109,#6110,#7151,.T.);
#4515=EDGE_CURVE('',#6111,#6110,#7152,.T.);
#4516=EDGE_CURVE('',#6108,#6111,#7153,.T.);
#4517=EDGE_CURVE('',#6112,#6113,#7154,.T.);
#4518=EDGE_CURVE('',#6112,#6114,#7155,.T.);
#4519=EDGE_CURVE('',#6114,#6115,#7156,.T.);
#4520=EDGE_CURVE('',#6113,#6115,#7157,.T.);
#4521=EDGE_CURVE('',#6116,#6117,#7158,.T.);
#4522=EDGE_CURVE('',#6116,#6118,#7159,.T.);
#4523=EDGE_CURVE('',#6118,#6119,#7160,.T.);
#4524=EDGE_CURVE('',#6117,#6119,#7161,.T.);
#4525=EDGE_CURVE('',#6120,#6121,#7162,.T.);
#4526=EDGE_CURVE('',#6120,#6122,#7163,.T.);
#4527=EDGE_CURVE('',#6122,#6123,#7164,.T.);
#4528=EDGE_CURVE('',#6121,#6123,#7165,.T.);
#4529=EDGE_CURVE('',#6124,#6125,#7166,.T.);
#4530=EDGE_CURVE('',#6124,#6126,#7167,.T.);
#4531=EDGE_CURVE('',#6126,#6127,#7168,.T.);
#4532=EDGE_CURVE('',#6125,#6127,#7169,.T.);
#4533=EDGE_CURVE('',#6128,#6129,#7170,.T.);
#4534=EDGE_CURVE('',#6128,#6130,#7171,.T.);
#4535=EDGE_CURVE('',#6130,#6131,#7172,.T.);
#4536=EDGE_CURVE('',#6129,#6131,#7173,.T.);
#4537=EDGE_CURVE('',#6132,#6132,#500,.T.);
#4538=EDGE_CURVE('',#6133,#6134,#7174,.T.);
#4539=EDGE_CURVE('',#6134,#6135,#7175,.T.);
#4540=EDGE_CURVE('',#6135,#6136,#7176,.T.);
#4541=EDGE_CURVE('',#6137,#6136,#7177,.T.);
#4542=EDGE_CURVE('',#6137,#6138,#7178,.T.);
#4543=EDGE_CURVE('',#6139,#6138,#7179,.T.);
#4544=EDGE_CURVE('',#6140,#6139,#7180,.T.);
#4545=EDGE_CURVE('',#6140,#6133,#7181,.T.);
#4546=EDGE_CURVE('',#6141,#6141,#501,.T.);
#4547=EDGE_CURVE('',#6142,#6143,#7182,.T.);
#4548=EDGE_CURVE('',#6143,#6144,#7183,.T.);
#4549=EDGE_CURVE('',#6144,#6145,#7184,.T.);
#4550=EDGE_CURVE('',#6146,#6145,#7185,.T.);
#4551=EDGE_CURVE('',#6146,#6147,#7186,.T.);
#4552=EDGE_CURVE('',#6148,#6147,#7187,.T.);
#4553=EDGE_CURVE('',#6149,#6148,#7188,.T.);
#4554=EDGE_CURVE('',#6149,#6142,#7189,.T.);
#4555=EDGE_CURVE('',#6150,#6150,#502,.T.);
#4556=EDGE_CURVE('',#6151,#6152,#7190,.T.);
#4557=EDGE_CURVE('',#6152,#6153,#7191,.T.);
#4558=EDGE_CURVE('',#6153,#6154,#7192,.T.);
#4559=EDGE_CURVE('',#6155,#6154,#7193,.T.);
#4560=EDGE_CURVE('',#6155,#6156,#7194,.T.);
#4561=EDGE_CURVE('',#6157,#6156,#7195,.T.);
#4562=EDGE_CURVE('',#6158,#6157,#7196,.T.);
#4563=EDGE_CURVE('',#6158,#6151,#7197,.T.);
#4564=EDGE_CURVE('',#6159,#6134,#7198,.T.);
#4565=EDGE_CURVE('',#6159,#6160,#7199,.T.);
#4566=EDGE_CURVE('',#6160,#6135,#7200,.T.);
#4567=EDGE_CURVE('',#6161,#6136,#7201,.T.);
#4568=EDGE_CURVE('',#6162,#6161,#7202,.T.);
#4569=EDGE_CURVE('',#6162,#6137,#7203,.T.);
#4570=EDGE_CURVE('',#6160,#6161,#7204,.T.);
#4571=EDGE_CURVE('',#6159,#6162,#7205,.T.);
#4572=EDGE_CURVE('',#6163,#6164,#7206,.T.);
#4573=EDGE_CURVE('',#6165,#6163,#7207,.T.);
#4574=EDGE_CURVE('',#6165,#6166,#7208,.T.);
#4575=EDGE_CURVE('',#6166,#6164,#7209,.T.);
#4576=EDGE_CURVE('',#6167,#6163,#7210,.T.);
#4577=EDGE_CURVE('',#6168,#6167,#7211,.T.);
#4578=EDGE_CURVE('',#6168,#6165,#7212,.T.);
#4579=EDGE_CURVE('',#6167,#6169,#7213,.T.);
#4580=EDGE_CURVE('',#6170,#6169,#7214,.T.);
#4581=EDGE_CURVE('',#6168,#6170,#7215,.T.);
#4582=EDGE_CURVE('',#6169,#6164,#7216,.T.);
#4583=EDGE_CURVE('',#6170,#6166,#7217,.T.);
#4584=EDGE_CURVE('',#6171,#6133,#7218,.T.);
#4585=EDGE_CURVE('',#6171,#6172,#7219,.T.);
#4586=EDGE_CURVE('',#6172,#6138,#7220,.T.);
#4587=EDGE_CURVE('',#6173,#6140,#7221,.T.);
#4588=EDGE_CURVE('',#6173,#6171,#7222,.T.);
#4589=EDGE_CURVE('',#6174,#6139,#7223,.T.);
#4590=EDGE_CURVE('',#6173,#6174,#7224,.T.);
#4591=EDGE_CURVE('',#6174,#6172,#7225,.T.);
#4592=EDGE_CURVE('',#6175,#6175,#503,.T.);
#4593=EDGE_CURVE('',#6176,#6143,#7226,.T.);
#4594=EDGE_CURVE('',#6176,#6177,#7227,.T.);
#4595=EDGE_CURVE('',#6177,#6144,#7228,.T.);
#4596=EDGE_CURVE('',#6178,#6145,#7229,.T.);
#4597=EDGE_CURVE('',#6179,#6178,#7230,.T.);
#4598=EDGE_CURVE('',#6179,#6146,#7231,.T.);
#4599=EDGE_CURVE('',#6177,#6178,#7232,.T.);
#4600=EDGE_CURVE('',#6176,#6179,#7233,.T.);
#4601=EDGE_CURVE('',#6180,#6181,#7234,.T.);
#4602=EDGE_CURVE('',#6182,#6180,#7235,.T.);
#4603=EDGE_CURVE('',#6182,#6183,#7236,.T.);
#4604=EDGE_CURVE('',#6183,#6181,#7237,.T.);
#4605=EDGE_CURVE('',#6184,#6180,#7238,.T.);
#4606=EDGE_CURVE('',#6185,#6184,#7239,.T.);
#4607=EDGE_CURVE('',#6185,#6182,#7240,.T.);
#4608=EDGE_CURVE('',#6184,#6186,#7241,.T.);
#4609=EDGE_CURVE('',#6187,#6186,#7242,.T.);
#4610=EDGE_CURVE('',#6185,#6187,#7243,.T.);
#4611=EDGE_CURVE('',#6186,#6181,#7244,.T.);
#4612=EDGE_CURVE('',#6187,#6183,#7245,.T.);
#4613=EDGE_CURVE('',#6188,#6142,#7246,.T.);
#4614=EDGE_CURVE('',#6188,#6189,#7247,.T.);
#4615=EDGE_CURVE('',#6189,#6147,#7248,.T.);
#4616=EDGE_CURVE('',#6190,#6149,#7249,.T.);
#4617=EDGE_CURVE('',#6190,#6188,#7250,.T.);
#4618=EDGE_CURVE('',#6191,#6148,#7251,.T.);
#4619=EDGE_CURVE('',#6190,#6191,#7252,.T.);
#4620=EDGE_CURVE('',#6191,#6189,#7253,.T.);
#4621=EDGE_CURVE('',#6192,#6192,#504,.T.);
#4622=EDGE_CURVE('',#6193,#6152,#7254,.T.);
#4623=EDGE_CURVE('',#6193,#6194,#7255,.T.);
#4624=EDGE_CURVE('',#6194,#6153,#7256,.T.);
#4625=EDGE_CURVE('',#6195,#6154,#7257,.T.);
#4626=EDGE_CURVE('',#6196,#6195,#7258,.T.);
#4627=EDGE_CURVE('',#6196,#6155,#7259,.T.);
#4628=EDGE_CURVE('',#6194,#6195,#7260,.T.);
#4629=EDGE_CURVE('',#6193,#6196,#7261,.T.);
#4630=EDGE_CURVE('',#6197,#6198,#7262,.T.);
#4631=EDGE_CURVE('',#6199,#6197,#7263,.T.);
#4632=EDGE_CURVE('',#6199,#6200,#7264,.T.);
#4633=EDGE_CURVE('',#6200,#6198,#7265,.T.);
#4634=EDGE_CURVE('',#6201,#6197,#7266,.T.);
#4635=EDGE_CURVE('',#6202,#6201,#7267,.T.);
#4636=EDGE_CURVE('',#6202,#6199,#7268,.T.);
#4637=EDGE_CURVE('',#6201,#6203,#7269,.T.);
#4638=EDGE_CURVE('',#6204,#6203,#7270,.T.);
#4639=EDGE_CURVE('',#6202,#6204,#7271,.T.);
#4640=EDGE_CURVE('',#6203,#6198,#7272,.T.);
#4641=EDGE_CURVE('',#6204,#6200,#7273,.T.);
#4642=EDGE_CURVE('',#6205,#6151,#7274,.T.);
#4643=EDGE_CURVE('',#6205,#6206,#7275,.T.);
#4644=EDGE_CURVE('',#6206,#6156,#7276,.T.);
#4645=EDGE_CURVE('',#6207,#6158,#7277,.T.);
#4646=EDGE_CURVE('',#6207,#6205,#7278,.T.);
#4647=EDGE_CURVE('',#6208,#6157,#7279,.T.);
#4648=EDGE_CURVE('',#6207,#6208,#7280,.T.);
#4649=EDGE_CURVE('',#6208,#6206,#7281,.T.);
#4650=EDGE_CURVE('',#6209,#6209,#505,.T.);
#4651=EDGE_CURVE('',#6210,#6211,#7282,.T.);
#4652=EDGE_CURVE('',#6211,#6212,#7283,.T.);
#4653=EDGE_CURVE('',#6213,#6212,#7284,.T.);
#4654=EDGE_CURVE('',#6210,#6213,#7285,.T.);
#4655=EDGE_CURVE('',#6214,#6214,#506,.T.);
#4656=EDGE_CURVE('',#6215,#6215,#507,.F.);
#4657=EDGE_CURVE('',#6216,#6216,#508,.T.);
#4658=EDGE_CURVE('',#6217,#6217,#509,.T.);
#4659=EDGE_CURVE('',#6218,#6218,#510,.F.);
#4660=EDGE_CURVE('',#6219,#6219,#511,.T.);
#4661=EDGE_CURVE('',#6220,#6220,#512,.T.);
#4662=EDGE_CURVE('',#5839,#6018,#7286,.T.);
#4663=EDGE_CURVE('',#5838,#6016,#7287,.T.);
#4664=EDGE_CURVE('',#5840,#6017,#7288,.T.);
#4665=EDGE_CURVE('',#5841,#6019,#7289,.T.);
#4666=EDGE_CURVE('',#6221,#6221,#513,.F.);
#4667=EDGE_CURVE('',#6222,#6222,#514,.T.);
#4668=EDGE_CURVE('',#6223,#6223,#515,.T.);
#4669=EDGE_CURVE('',#6224,#6224,#516,.F.);
#4670=EDGE_CURVE('',#6225,#6225,#517,.T.);
#4671=EDGE_CURVE('',#6226,#6226,#518,.T.);
#4672=EDGE_CURVE('',#5833,#6024,#7290,.T.);
#4673=EDGE_CURVE('',#5832,#6022,#7291,.T.);
#4674=EDGE_CURVE('',#5834,#6023,#7292,.T.);
#4675=EDGE_CURVE('',#5835,#6025,#7293,.T.);
#4676=EDGE_CURVE('',#6227,#6227,#519,.F.);
#4677=EDGE_CURVE('',#6228,#6228,#520,.T.);
#4678=EDGE_CURVE('',#6229,#6229,#521,.T.);
#4679=EDGE_CURVE('',#6230,#6230,#522,.F.);
#4680=EDGE_CURVE('',#6231,#6231,#523,.T.);
#4681=EDGE_CURVE('',#6232,#6232,#524,.T.);
#4682=EDGE_CURVE('',#5827,#6030,#7294,.T.);
#4683=EDGE_CURVE('',#5826,#6028,#7295,.T.);
#4684=EDGE_CURVE('',#5828,#6029,#7296,.T.);
#4685=EDGE_CURVE('',#5829,#6031,#7297,.T.);
#4686=EDGE_CURVE('',#6233,#6233,#525,.F.);
#4687=EDGE_CURVE('',#6234,#6234,#526,.T.);
#4688=EDGE_CURVE('',#6235,#6235,#527,.T.);
#4689=EDGE_CURVE('',#6236,#6236,#528,.F.);
#4690=EDGE_CURVE('',#6237,#6237,#529,.T.);
#4691=EDGE_CURVE('',#6238,#6238,#530,.T.);
#4692=EDGE_CURVE('',#5821,#6036,#7298,.T.);
#4693=EDGE_CURVE('',#5820,#6034,#7299,.T.);
#4694=EDGE_CURVE('',#5822,#6035,#7300,.T.);
#4695=EDGE_CURVE('',#5823,#6037,#7301,.T.);
#4696=EDGE_CURVE('',#6239,#6239,#531,.T.);
#4697=EDGE_CURVE('',#6240,#6240,#532,.T.);
#4698=EDGE_CURVE('',#6241,#6242,#7302,.T.);
#4699=EDGE_CURVE('',#6242,#6038,#7303,.T.);
#4700=EDGE_CURVE('',#6039,#6241,#7304,.T.);
#4701=EDGE_CURVE('',#6243,#6244,#7305,.T.);
#4702=EDGE_CURVE('',#6243,#6245,#533,.F.);
#4703=EDGE_CURVE('',#6246,#6245,#7306,.T.);
#4704=EDGE_CURVE('',#6246,#6247,#534,.F.);
#4705=EDGE_CURVE('',#6247,#6248,#7307,.T.);
#4706=EDGE_CURVE('',#6248,#6249,#535,.F.);
#4707=EDGE_CURVE('',#6249,#6250,#7308,.T.);
#4708=EDGE_CURVE('',#6250,#6244,#536,.F.);
#4709=EDGE_CURVE('',#6040,#6251,#7309,.F.);
#4710=EDGE_CURVE('',#6252,#6251,#7310,.T.);
#4711=EDGE_CURVE('',#6252,#6041,#7311,.T.);
#4712=EDGE_CURVE('',#6253,#6254,#7312,.T.);
#4713=EDGE_CURVE('',#6254,#6045,#7313,.F.);
#4714=EDGE_CURVE('',#6044,#6253,#7314,.T.);
#4715=EDGE_CURVE('',#5705,#5644,#326,.T.);
#4716=EDGE_CURVE('',#5682,#5704,#327,.T.);
#4717=EDGE_CURVE('',#5662,#5683,#328,.T.);
#4718=EDGE_CURVE('',#5645,#5663,#329,.T.);
#4719=EDGE_CURVE('',#6251,#6242,#330,.T.);
#4720=EDGE_CURVE('',#6241,#6254,#331,.T.);
#4721=EDGE_CURVE('',#6253,#6255,#332,.T.);
#4722=EDGE_CURVE('',#6255,#6256,#7315,.T.);
#4723=EDGE_CURVE('',#6256,#6252,#333,.T.);
#4724=EDGE_CURVE('',#6042,#6256,#7316,.F.);
#4725=EDGE_CURVE('',#6255,#6043,#7317,.F.);
#4726=EDGE_CURVE('',#6257,#6257,#537,.T.);
#4727=EDGE_CURVE('',#6258,#6258,#538,.T.);
#4728=EDGE_CURVE('',#6259,#6259,#539,.T.);
#4729=EDGE_CURVE('',#6260,#6260,#540,.T.);
#4730=EDGE_CURVE('',#6261,#6261,#541,.T.);
#4731=EDGE_CURVE('',#6262,#6263,#7318,.T.);
#4732=EDGE_CURVE('',#6263,#6264,#7319,.T.);
#4733=EDGE_CURVE('',#6264,#6265,#7320,.T.);
#4734=EDGE_CURVE('',#6266,#6265,#7321,.T.);
#4735=EDGE_CURVE('',#6266,#6267,#7322,.T.);
#4736=EDGE_CURVE('',#6268,#6267,#7323,.T.);
#4737=EDGE_CURVE('',#6269,#6268,#7324,.T.);
#4738=EDGE_CURVE('',#6269,#6262,#7325,.T.);
#4739=EDGE_CURVE('',#6270,#6270,#542,.T.);
#4740=EDGE_CURVE('',#6271,#6271,#543,.T.);
#4741=EDGE_CURVE('',#6272,#6272,#544,.T.);
#4742=EDGE_CURVE('',#6273,#6273,#545,.T.);
#4743=EDGE_CURVE('',#5811,#6052,#7326,.T.);
#4744=EDGE_CURVE('',#5810,#6050,#7327,.T.);
#4745=EDGE_CURVE('',#5812,#6051,#7328,.T.);
#4746=EDGE_CURVE('',#5813,#6053,#7329,.T.);
#4747=EDGE_CURVE('',#6274,#6274,#546,.T.);
#4748=EDGE_CURVE('',#6275,#6275,#547,.F.);
#4749=EDGE_CURVE('',#6276,#6276,#548,.T.);
#4750=EDGE_CURVE('',#6277,#6277,#549,.F.);
#4751=EDGE_CURVE('',#6278,#6262,#7330,.T.);
#4752=EDGE_CURVE('',#6278,#6279,#7331,.T.);
#4753=EDGE_CURVE('',#6279,#6267,#7332,.T.);
#4754=EDGE_CURVE('',#6280,#6266,#7333,.T.);
#4755=EDGE_CURVE('',#6281,#6280,#7334,.T.);
#4756=EDGE_CURVE('',#6281,#6263,#7335,.T.);
#4757=EDGE_CURVE('',#6282,#6269,#7336,.T.);
#4758=EDGE_CURVE('',#6282,#6278,#7337,.T.);
#4759=EDGE_CURVE('',#6283,#6268,#7338,.T.);
#4760=EDGE_CURVE('',#6282,#6283,#7339,.T.);
#4761=EDGE_CURVE('',#6284,#6211,#7340,.T.);
#4762=EDGE_CURVE('',#6284,#6285,#7341,.T.);
#4763=EDGE_CURVE('',#6285,#6212,#7342,.T.);
#4764=EDGE_CURVE('',#6286,#6210,#7343,.T.);
#4765=EDGE_CURVE('',#6286,#6284,#7344,.T.);
#4766=EDGE_CURVE('',#6287,#6213,#7345,.T.);
#4767=EDGE_CURVE('',#6286,#6287,#7346,.T.);
#4768=EDGE_CURVE('',#6287,#6285,#7347,.T.);
#4769=EDGE_CURVE('',#6283,#6279,#7348,.T.);
#4770=EDGE_CURVE('',#6281,#6288,#7349,.T.);
#4771=EDGE_CURVE('',#6288,#6264,#7350,.T.);
#4772=EDGE_CURVE('',#6289,#6265,#7351,.T.);
#4773=EDGE_CURVE('',#6280,#6289,#7352,.T.);
#4774=EDGE_CURVE('',#6288,#6289,#7353,.T.);
#4775=EDGE_CURVE('',#6290,#5843,#7354,.T.);
#4776=EDGE_CURVE('',#6290,#6291,#7355,.T.);
#4777=EDGE_CURVE('',#6291,#5844,#7356,.T.);
#4778=EDGE_CURVE('',#6292,#5846,#7357,.T.);
#4779=EDGE_CURVE('',#6290,#6292,#7358,.T.);
#4780=EDGE_CURVE('',#6293,#5845,#7359,.T.);
#4781=EDGE_CURVE('',#6292,#6293,#7360,.T.);
#4782=EDGE_CURVE('',#6291,#6293,#7361,.T.);
#4783=EDGE_CURVE('',#6294,#5801,#7362,.T.);
#4784=EDGE_CURVE('',#6294,#6295,#7363,.T.);
#4785=EDGE_CURVE('',#6295,#5802,#7364,.T.);
#4786=EDGE_CURVE('',#6296,#5808,#7365,.T.);
#4787=EDGE_CURVE('',#6296,#6294,#7366,.T.);
#4788=EDGE_CURVE('',#6297,#5807,#7367,.T.);
#4789=EDGE_CURVE('',#6296,#6297,#7368,.T.);
#4790=EDGE_CURVE('',#6298,#5806,#7369,.T.);
#4791=EDGE_CURVE('',#6297,#6298,#7370,.T.);
#4792=EDGE_CURVE('',#6299,#5805,#7371,.T.);
#4793=EDGE_CURVE('',#6299,#6298,#7372,.T.);
#4794=EDGE_CURVE('',#6300,#5804,#7373,.T.);
#4795=EDGE_CURVE('',#6300,#6299,#7374,.T.);
#4796=EDGE_CURVE('',#6301,#5803,#7375,.T.);
#4797=EDGE_CURVE('',#6300,#6301,#7376,.T.);
#4798=EDGE_CURVE('',#6301,#6295,#7377,.T.);
#4799=EDGE_CURVE('',#6302,#6303,#7378,.T.);
#4800=EDGE_CURVE('',#6302,#6304,#550,.F.);
#4801=EDGE_CURVE('',#6304,#6305,#7379,.T.);
#4802=EDGE_CURVE('',#6305,#6306,#551,.F.);
#4803=EDGE_CURVE('',#6306,#6307,#7380,.T.);
#4804=EDGE_CURVE('',#6307,#6308,#552,.F.);
#4805=EDGE_CURVE('',#6309,#6308,#7381,.T.);
#4806=EDGE_CURVE('',#6309,#6303,#553,.F.);
#4807=EDGE_CURVE('',#6310,#6310,#554,.T.);
#4808=EDGE_CURVE('',#6311,#6311,#555,.T.);
#4809=EDGE_CURVE('',#6312,#6312,#556,.T.);
#4810=EDGE_CURVE('',#6313,#6313,#557,.T.);
#4811=EDGE_CURVE('',#6306,#6008,#558,.F.);
#4812=EDGE_CURVE('',#6009,#6305,#559,.F.);
#4813=EDGE_CURVE('',#6010,#6304,#560,.T.);
#4814=EDGE_CURVE('',#6307,#6006,#561,.T.);
#4815=EDGE_CURVE('',#6011,#6302,#562,.F.);
#4816=EDGE_CURVE('',#6308,#6007,#563,.F.);
#4817=EDGE_CURVE('',#6012,#6303,#564,.T.);
#4818=EDGE_CURVE('',#6309,#6013,#565,.T.);
#4819=EDGE_CURVE('',#6314,#5851,#7382,.T.);
#4820=EDGE_CURVE('',#6314,#6315,#7383,.T.);
#4821=EDGE_CURVE('',#6315,#5852,#7384,.T.);
#4822=EDGE_CURVE('',#6316,#5854,#7385,.T.);
#4823=EDGE_CURVE('',#6314,#6316,#7386,.T.);
#4824=EDGE_CURVE('',#6317,#5853,#7387,.T.);
#4825=EDGE_CURVE('',#6316,#6317,#7388,.T.);
#4826=EDGE_CURVE('',#6315,#6317,#7389,.T.);
#4827=EDGE_CURVE('',#6318,#5793,#7390,.T.);
#4828=EDGE_CURVE('',#6318,#6319,#7391,.T.);
#4829=EDGE_CURVE('',#6319,#5794,#7392,.T.);
#4830=EDGE_CURVE('',#6320,#5800,#7393,.T.);
#4831=EDGE_CURVE('',#6320,#6318,#7394,.T.);
#4832=EDGE_CURVE('',#6321,#5799,#7395,.T.);
#4833=EDGE_CURVE('',#6320,#6321,#7396,.T.);
#4834=EDGE_CURVE('',#6322,#5798,#7397,.T.);
#4835=EDGE_CURVE('',#6321,#6322,#7398,.T.);
#4836=EDGE_CURVE('',#6323,#5797,#7399,.T.);
#4837=EDGE_CURVE('',#6323,#6322,#7400,.T.);
#4838=EDGE_CURVE('',#6324,#5796,#7401,.T.);
#4839=EDGE_CURVE('',#6324,#6323,#7402,.T.);
#4840=EDGE_CURVE('',#6325,#5795,#7403,.T.);
#4841=EDGE_CURVE('',#6324,#6325,#7404,.T.);
#4842=EDGE_CURVE('',#6325,#6319,#7405,.T.);
#4843=EDGE_CURVE('',#6326,#6327,#7406,.T.);
#4844=EDGE_CURVE('',#6326,#6328,#566,.F.);
#4845=EDGE_CURVE('',#6328,#6329,#7407,.T.);
#4846=EDGE_CURVE('',#6329,#6330,#567,.F.);
#4847=EDGE_CURVE('',#6330,#6331,#7408,.T.);
#4848=EDGE_CURVE('',#6331,#6332,#568,.F.);
#4849=EDGE_CURVE('',#6333,#6332,#7409,.T.);
#4850=EDGE_CURVE('',#6333,#6327,#569,.F.);
#4851=EDGE_CURVE('',#6334,#6334,#570,.T.);
#4852=EDGE_CURVE('',#6335,#6335,#571,.T.);
#4853=EDGE_CURVE('',#6336,#6336,#572,.T.);
#4854=EDGE_CURVE('',#6337,#6337,#573,.T.);
#4855=EDGE_CURVE('',#6330,#6000,#574,.F.);
#4856=EDGE_CURVE('',#6001,#6329,#575,.F.);
#4857=EDGE_CURVE('',#6002,#6328,#576,.T.);
#4858=EDGE_CURVE('',#6331,#5998,#577,.T.);
#4859=EDGE_CURVE('',#6003,#6326,#578,.F.);
#4860=EDGE_CURVE('',#6332,#5999,#579,.F.);
#4861=EDGE_CURVE('',#6004,#6327,#580,.T.);
#4862=EDGE_CURVE('',#6333,#6005,#581,.T.);
#4863=EDGE_CURVE('',#6338,#5859,#7410,.T.);
#4864=EDGE_CURVE('',#6338,#6339,#7411,.T.);
#4865=EDGE_CURVE('',#6339,#5860,#7412,.T.);
#4866=EDGE_CURVE('',#6340,#5862,#7413,.T.);
#4867=EDGE_CURVE('',#6338,#6340,#7414,.T.);
#4868=EDGE_CURVE('',#6341,#5861,#7415,.T.);
#4869=EDGE_CURVE('',#6340,#6341,#7416,.T.);
#4870=EDGE_CURVE('',#6339,#6341,#7417,.T.);
#4871=EDGE_CURVE('',#6342,#5785,#7418,.T.);
#4872=EDGE_CURVE('',#6342,#6343,#7419,.T.);
#4873=EDGE_CURVE('',#6343,#5786,#7420,.T.);
#4874=EDGE_CURVE('',#6344,#5792,#7421,.T.);
#4875=EDGE_CURVE('',#6344,#6342,#7422,.T.);
#4876=EDGE_CURVE('',#6345,#5791,#7423,.T.);
#4877=EDGE_CURVE('',#6344,#6345,#7424,.T.);
#4878=EDGE_CURVE('',#6346,#5790,#7425,.T.);
#4879=EDGE_CURVE('',#6345,#6346,#7426,.T.);
#4880=EDGE_CURVE('',#6347,#5789,#7427,.T.);
#4881=EDGE_CURVE('',#6347,#6346,#7428,.T.);
#4882=EDGE_CURVE('',#6348,#5788,#7429,.T.);
#4883=EDGE_CURVE('',#6348,#6347,#7430,.T.);
#4884=EDGE_CURVE('',#6349,#5787,#7431,.T.);
#4885=EDGE_CURVE('',#6348,#6349,#7432,.T.);
#4886=EDGE_CURVE('',#6349,#6343,#7433,.T.);
#4887=EDGE_CURVE('',#6350,#6351,#7434,.T.);
#4888=EDGE_CURVE('',#6350,#6352,#582,.F.);
#4889=EDGE_CURVE('',#6352,#6353,#7435,.T.);
#4890=EDGE_CURVE('',#6353,#6354,#583,.F.);
#4891=EDGE_CURVE('',#6354,#6355,#7436,.T.);
#4892=EDGE_CURVE('',#6355,#6356,#584,.F.);
#4893=EDGE_CURVE('',#6357,#6356,#7437,.T.);
#4894=EDGE_CURVE('',#6357,#6351,#585,.F.);
#4895=EDGE_CURVE('',#6358,#6358,#586,.T.);
#4896=EDGE_CURVE('',#6359,#6359,#587,.T.);
#4897=EDGE_CURVE('',#6360,#6360,#588,.T.);
#4898=EDGE_CURVE('',#6361,#6361,#589,.T.);
#4899=EDGE_CURVE('',#6354,#5992,#590,.F.);
#4900=EDGE_CURVE('',#5993,#6353,#591,.F.);
#4901=EDGE_CURVE('',#5994,#6352,#592,.T.);
#4902=EDGE_CURVE('',#6355,#5990,#593,.T.);
#4903=EDGE_CURVE('',#5995,#6350,#594,.F.);
#4904=EDGE_CURVE('',#6356,#5991,#595,.F.);
#4905=EDGE_CURVE('',#5996,#6351,#596,.T.);
#4906=EDGE_CURVE('',#6357,#5997,#597,.T.);
#4907=EDGE_CURVE('',#6362,#5867,#7438,.T.);
#4908=EDGE_CURVE('',#6362,#6363,#7439,.T.);
#4909=EDGE_CURVE('',#6363,#5868,#7440,.T.);
#4910=EDGE_CURVE('',#6364,#5870,#7441,.T.);
#4911=EDGE_CURVE('',#6362,#6364,#7442,.T.);
#4912=EDGE_CURVE('',#6365,#5869,#7443,.T.);
#4913=EDGE_CURVE('',#6364,#6365,#7444,.T.);
#4914=EDGE_CURVE('',#6363,#6365,#7445,.T.);
#4915=EDGE_CURVE('',#6366,#5777,#7446,.T.);
#4916=EDGE_CURVE('',#6366,#6367,#7447,.T.);
#4917=EDGE_CURVE('',#6367,#5778,#7448,.T.);
#4918=EDGE_CURVE('',#6368,#5784,#7449,.T.);
#4919=EDGE_CURVE('',#6368,#6366,#7450,.T.);
#4920=EDGE_CURVE('',#6369,#5783,#7451,.T.);
#4921=EDGE_CURVE('',#6368,#6369,#7452,.T.);
#4922=EDGE_CURVE('',#6370,#5782,#7453,.T.);
#4923=EDGE_CURVE('',#6369,#6370,#7454,.T.);
#4924=EDGE_CURVE('',#6371,#5781,#7455,.T.);
#4925=EDGE_CURVE('',#6371,#6370,#7456,.T.);
#4926=EDGE_CURVE('',#6372,#5780,#7457,.T.);
#4927=EDGE_CURVE('',#6372,#6371,#7458,.T.);
#4928=EDGE_CURVE('',#6373,#5779,#7459,.T.);
#4929=EDGE_CURVE('',#6372,#6373,#7460,.T.);
#4930=EDGE_CURVE('',#6373,#6367,#7461,.T.);
#4931=EDGE_CURVE('',#6374,#6375,#7462,.T.);
#4932=EDGE_CURVE('',#6374,#6376,#598,.F.);
#4933=EDGE_CURVE('',#6376,#6377,#7463,.T.);
#4934=EDGE_CURVE('',#6377,#6378,#599,.F.);
#4935=EDGE_CURVE('',#6378,#6379,#7464,.T.);
#4936=EDGE_CURVE('',#6379,#6380,#600,.F.);
#4937=EDGE_CURVE('',#6381,#6380,#7465,.T.);
#4938=EDGE_CURVE('',#6381,#6375,#601,.F.);
#4939=EDGE_CURVE('',#6382,#6382,#602,.T.);
#4940=EDGE_CURVE('',#6383,#6383,#603,.T.);
#4941=EDGE_CURVE('',#6384,#6384,#604,.T.);
#4942=EDGE_CURVE('',#6385,#6385,#605,.T.);
#4943=EDGE_CURVE('',#6378,#5984,#606,.F.);
#4944=EDGE_CURVE('',#5985,#6377,#607,.F.);
#4945=EDGE_CURVE('',#5986,#6376,#608,.T.);
#4946=EDGE_CURVE('',#6379,#5982,#609,.T.);
#4947=EDGE_CURVE('',#5987,#6374,#610,.F.);
#4948=EDGE_CURVE('',#6380,#5983,#611,.F.);
#4949=EDGE_CURVE('',#5988,#6375,#612,.T.);
#4950=EDGE_CURVE('',#6381,#5989,#613,.T.);
#4951=EDGE_CURVE('',#6386,#5978,#7466,.T.);
#4952=EDGE_CURVE('',#5880,#5979,#7467,.T.);
#4953=EDGE_CURVE('',#5879,#6386,#12,.T.);
#4954=EDGE_CURVE('',#5881,#5981,#7468,.T.);
#4955=EDGE_CURVE('',#5882,#5980,#7469,.T.);
#4956=EDGE_CURVE('',#6386,#5739,#13,.T.);
#4957=EDGE_CURVE('',#5738,#5883,#14,.T.);
#4958=EDGE_CURVE('',#5775,#6058,#7470,.T.);
#4959=EDGE_CURVE('',#5776,#6056,#7471,.T.);
#4960=EDGE_CURVE('',#5767,#6057,#7472,.T.);
#4961=EDGE_CURVE('',#6387,#6059,#7473,.T.);
#4962=EDGE_CURVE('',#6387,#5768,#15,.T.);
#4963=EDGE_CURVE('',#5774,#6387,#16,.T.);
#4964=EDGE_CURVE('',#5770,#6062,#7474,.T.);
#4965=EDGE_CURVE('',#5771,#6061,#7475,.T.);
#4966=EDGE_CURVE('',#5772,#6060,#7476,.T.);
#4967=EDGE_CURVE('',#6388,#6063,#7477,.T.);
#4968=EDGE_CURVE('',#6388,#5773,#17,.T.);
#4969=EDGE_CURVE('',#5769,#6388,#18,.T.);
#4970=EDGE_CURVE('',#5925,#6066,#7478,.T.);
#4971=EDGE_CURVE('',#5926,#6064,#7479,.T.);
#4972=EDGE_CURVE('',#6389,#6065,#7480,.T.);
#4973=EDGE_CURVE('',#6389,#5927,#19,.T.);
#4974=EDGE_CURVE('',#5924,#6067,#7481,.T.);
#4975=EDGE_CURVE('',#5923,#6389,#20,.T.);
#4976=EDGE_CURVE('',#5928,#6390,#21,.T.);
#4977=EDGE_CURVE('',#6390,#6070,#7482,.T.);
#4978=EDGE_CURVE('',#5929,#6069,#7483,.T.);
#4979=EDGE_CURVE('',#5913,#5930,#22,.T.);
#4980=EDGE_CURVE('',#5914,#6068,#7484,.T.);
#4981=EDGE_CURVE('',#6391,#6071,#7485,.T.);
#4982=EDGE_CURVE('',#6391,#5915,#23,.T.);
#4983=EDGE_CURVE('',#6390,#5922,#24,.T.);
#4984=EDGE_CURVE('',#5921,#6391,#25,.T.);
#4985=EDGE_CURVE('',#5917,#6074,#7486,.T.);
#4986=EDGE_CURVE('',#5918,#6072,#7487,.T.);
#4987=EDGE_CURVE('',#5919,#6073,#7488,.T.);
#4988=EDGE_CURVE('',#6392,#6075,#7489,.T.);
#4989=EDGE_CURVE('',#6392,#5920,#26,.T.);
#4990=EDGE_CURVE('',#5916,#6392,#27,.T.);
#4991=EDGE_CURVE('',#5906,#5933,#28,.T.);
#4992=EDGE_CURVE('',#5932,#6078,#7490,.T.);
#4993=EDGE_CURVE('',#5907,#6077,#7491,.T.);
#4994=EDGE_CURVE('',#5909,#5908,#29,.T.);
#4995=EDGE_CURVE('',#5910,#6076,#7492,.T.);
#4996=EDGE_CURVE('',#5911,#6079,#7493,.T.);
#4997=EDGE_CURVE('',#5931,#5912,#30,.T.);
#4998=EDGE_CURVE('',#5936,#6082,#7494,.T.);
#4999=EDGE_CURVE('',#5937,#6081,#7495,.T.);
#5000=EDGE_CURVE('',#5904,#6080,#7496,.T.);
#5001=EDGE_CURVE('',#5935,#6083,#7497,.T.);
#5002=EDGE_CURVE('',#5934,#5905,#31,.T.);
#5003=EDGE_CURVE('',#5764,#6086,#7498,.T.);
#5004=EDGE_CURVE('',#5763,#6084,#7499,.T.);
#5005=EDGE_CURVE('',#5765,#6085,#7500,.T.);
#5006=EDGE_CURVE('',#5766,#6087,#7501,.T.);
#5007=EDGE_CURVE('',#5939,#6090,#7502,.T.);
#5008=EDGE_CURVE('',#5938,#6088,#7503,.T.);
#5009=EDGE_CURVE('',#5940,#6089,#7504,.T.);
#5010=EDGE_CURVE('',#5941,#6099,#7505,.T.);
#5011=EDGE_CURVE('',#5942,#6098,#7506,.T.);
#5012=EDGE_CURVE('',#5943,#6097,#7507,.T.);
#5013=EDGE_CURVE('',#5944,#6096,#7508,.T.);
#5014=EDGE_CURVE('',#5945,#6095,#7509,.T.);
#5015=EDGE_CURVE('',#5946,#6094,#7510,.T.);
#5016=EDGE_CURVE('',#5947,#6093,#7511,.T.);
#5017=EDGE_CURVE('',#5948,#6092,#7512,.T.);
#5018=EDGE_CURVE('',#5949,#6091,#7513,.T.);
#5019=EDGE_CURVE('',#5875,#5970,#7514,.T.);
#5020=EDGE_CURVE('',#5897,#5971,#7515,.T.);
#5021=EDGE_CURVE('',#5896,#5876,#32,.T.);
#5022=EDGE_CURVE('',#5898,#5977,#7516,.T.);
#5023=EDGE_CURVE('',#5899,#5976,#7517,.T.);
#5024=EDGE_CURVE('',#5900,#5975,#7518,.T.);
#5025=EDGE_CURVE('',#5901,#5974,#7519,.T.);
#5026=EDGE_CURVE('',#5902,#5973,#7520,.T.);
#5027=EDGE_CURVE('',#5903,#5972,#7521,.T.);
#5028=EDGE_CURVE('',#5889,#6102,#7522,.T.);
#5029=EDGE_CURVE('',#5890,#6101,#7523,.T.);
#5030=EDGE_CURVE('',#5891,#6100,#7524,.T.);
#5031=EDGE_CURVE('',#5892,#6103,#7525,.T.);
#5032=EDGE_CURVE('',#5888,#5893,#33,.T.);
#5033=EDGE_CURVE('',#5885,#6106,#7526,.T.);
#5034=EDGE_CURVE('',#5886,#6105,#7527,.T.);
#5035=EDGE_CURVE('',#6393,#6104,#7528,.T.);
#5036=EDGE_CURVE('',#6393,#5895,#34,.T.);
#5037=EDGE_CURVE('',#5894,#5887,#35,.T.);
#5038=EDGE_CURVE('',#6394,#6107,#7529,.T.);
#5039=EDGE_CURVE('',#6394,#5878,#36,.T.);
#5040=EDGE_CURVE('',#5877,#6393,#37,.T.);
#5041=EDGE_CURVE('',#5884,#5737,#38,.T.);
#5042=EDGE_CURVE('',#5736,#6394,#39,.T.);
#5043=EDGE_CURVE('',#5760,#6110,#7530,.T.);
#5044=EDGE_CURVE('',#5759,#6109,#7531,.T.);
#5045=EDGE_CURVE('',#5761,#6108,#7532,.T.);
#5046=EDGE_CURVE('',#5762,#6111,#7533,.T.);
#5047=EDGE_CURVE('',#5951,#5966,#7534,.T.);
#5048=EDGE_CURVE('',#5952,#5967,#7535,.T.);
#5049=EDGE_CURVE('',#5953,#5969,#7536,.T.);
#5050=EDGE_CURVE('',#5950,#5968,#7537,.T.);
#5051=EDGE_CURVE('',#5955,#6114,#7538,.T.);
#5052=EDGE_CURVE('',#5954,#6112,#7539,.T.);
#5053=EDGE_CURVE('',#5956,#6113,#7540,.T.);
#5054=EDGE_CURVE('',#5957,#6115,#7541,.T.);
#5055=EDGE_CURVE('',#5756,#6118,#7542,.T.);
#5056=EDGE_CURVE('',#5755,#6116,#7543,.T.);
#5057=EDGE_CURVE('',#5757,#6117,#7544,.T.);
#5058=EDGE_CURVE('',#5758,#6119,#7545,.T.);
#5059=EDGE_CURVE('',#5959,#6122,#7546,.T.);
#5060=EDGE_CURVE('',#5958,#6120,#7547,.T.);
#5061=EDGE_CURVE('',#5960,#6121,#7548,.T.);
#5062=EDGE_CURVE('',#5961,#6123,#7549,.T.);
#5063=EDGE_CURVE('',#5752,#6126,#7550,.T.);
#5064=EDGE_CURVE('',#5751,#6124,#7551,.T.);
#5065=EDGE_CURVE('',#5753,#6125,#7552,.T.);
#5066=EDGE_CURVE('',#5754,#6127,#7553,.T.);
#5067=EDGE_CURVE('',#5963,#6130,#7554,.T.);
#5068=EDGE_CURVE('',#5962,#6128,#7555,.T.);
#5069=EDGE_CURVE('',#5964,#6129,#7556,.T.);
#5070=EDGE_CURVE('',#5965,#6131,#7557,.T.);
#5071=EDGE_CURVE('',#6395,#6395,#614,.T.);
#5072=EDGE_CURVE('',#6396,#6396,#615,.T.);
#5073=EDGE_CURVE('',#6397,#6397,#616,.F.);
#5074=EDGE_CURVE('',#6398,#6398,#617,.T.);
#5075=EDGE_CURVE('',#6399,#6399,#618,.F.);
#5076=EDGE_CURVE('',#6400,#6400,#619,.T.);
#5077=EDGE_CURVE('',#6401,#6401,#620,.T.);
#5078=EDGE_CURVE('',#6402,#6402,#621,.F.);
#5079=EDGE_CURVE('',#6403,#6403,#622,.T.);
#5080=EDGE_CURVE('',#6404,#6404,#623,.F.);
#5081=EDGE_CURVE('',#6405,#6405,#624,.T.);
#5082=EDGE_CURVE('',#6406,#6406,#625,.T.);
#5083=EDGE_CURVE('',#6407,#6407,#626,.F.);
#5084=EDGE_CURVE('',#6408,#6408,#627,.T.);
#5085=EDGE_CURVE('',#6409,#6409,#628,.F.);
#5086=EDGE_CURVE('',#6410,#6410,#629,.T.);
#5087=EDGE_CURVE('',#6411,#6411,#630,.T.);
#5088=EDGE_CURVE('',#6412,#6412,#631,.F.);
#5089=EDGE_CURVE('',#6413,#6413,#632,.T.);
#5090=EDGE_CURVE('',#6414,#6414,#633,.F.);
#5091=EDGE_CURVE('',#6415,#6415,#634,.T.);
#5092=EDGE_CURVE('',#6416,#6416,#635,.T.);
#5093=EDGE_CURVE('',#6417,#6417,#636,.F.);
#5094=EDGE_CURVE('',#6418,#6418,#637,.T.);
#5095=EDGE_CURVE('',#6419,#6419,#638,.F.);
#5096=EDGE_CURVE('',#6420,#6420,#639,.T.);
#5097=EDGE_CURVE('',#6421,#6421,#640,.T.);
#5098=EDGE_CURVE('',#6422,#6422,#641,.F.);
#5099=EDGE_CURVE('',#6423,#6423,#642,.T.);
#5100=EDGE_CURVE('',#6424,#6424,#643,.F.);
#5101=EDGE_CURVE('',#6425,#6425,#644,.T.);
#5102=EDGE_CURVE('',#6426,#6426,#645,.T.);
#5103=EDGE_CURVE('',#6427,#6427,#646,.F.);
#5104=EDGE_CURVE('',#6428,#6428,#647,.T.);
#5105=EDGE_CURVE('',#6429,#6429,#648,.F.);
#5106=EDGE_CURVE('',#6430,#6430,#649,.T.);
#5107=EDGE_CURVE('',#6431,#6431,#650,.T.);
#5108=EDGE_CURVE('',#6432,#6432,#651,.F.);
#5109=EDGE_CURVE('',#6433,#6433,#652,.T.);
#5110=EDGE_CURVE('',#6434,#6434,#653,.F.);
#5111=EDGE_CURVE('',#6435,#6435,#654,.T.);
#5112=EDGE_CURVE('',#6436,#6436,#655,.T.);
#5113=EDGE_CURVE('',#6437,#6437,#656,.F.);
#5114=EDGE_CURVE('',#6438,#6438,#657,.T.);
#5115=EDGE_CURVE('',#6439,#6439,#658,.F.);
#5116=EDGE_CURVE('',#6440,#6440,#659,.T.);
#5117=EDGE_CURVE('',#6441,#6441,#660,.T.);
#5118=EDGE_CURVE('',#6442,#6442,#661,.F.);
#5119=EDGE_CURVE('',#6443,#6443,#662,.T.);
#5120=EDGE_CURVE('',#6444,#6444,#663,.F.);
#5121=EDGE_CURVE('',#6445,#6445,#664,.T.);
#5122=EDGE_CURVE('',#6446,#6446,#665,.T.);
#5123=EDGE_CURVE('',#6447,#6447,#666,.F.);
#5124=EDGE_CURVE('',#6448,#6448,#667,.T.);
#5125=EDGE_CURVE('',#6449,#6449,#668,.F.);
#5126=EDGE_CURVE('',#6450,#6450,#669,.T.);
#5127=EDGE_CURVE('',#6451,#6451,#670,.T.);
#5128=EDGE_CURVE('',#6452,#6452,#671,.F.);
#5129=EDGE_CURVE('',#6453,#6453,#672,.T.);
#5130=EDGE_CURVE('',#6454,#6454,#673,.F.);
#5131=EDGE_CURVE('',#6455,#6455,#674,.T.);
#5132=EDGE_CURVE('',#6456,#6456,#675,.T.);
#5133=EDGE_CURVE('',#6457,#6457,#676,.F.);
#5134=EDGE_CURVE('',#6458,#6458,#677,.T.);
#5135=EDGE_CURVE('',#6459,#6459,#678,.F.);
#5136=EDGE_CURVE('',#6460,#6460,#679,.T.);
#5137=EDGE_CURVE('',#6461,#6461,#680,.T.);
#5138=EDGE_CURVE('',#6462,#6462,#681,.F.);
#5139=EDGE_CURVE('',#6463,#6463,#682,.T.);
#5140=EDGE_CURVE('',#6464,#6464,#683,.F.);
#5141=EDGE_CURVE('',#6465,#6465,#684,.T.);
#5142=EDGE_CURVE('',#6466,#6466,#685,.T.);
#5143=EDGE_CURVE('',#6467,#6467,#686,.F.);
#5144=EDGE_CURVE('',#6468,#6468,#687,.T.);
#5145=EDGE_CURVE('',#6469,#6469,#688,.F.);
#5146=EDGE_CURVE('',#6470,#6470,#689,.T.);
#5147=EDGE_CURVE('',#6471,#6471,#690,.T.);
#5148=EDGE_CURVE('',#6472,#6472,#691,.F.);
#5149=EDGE_CURVE('',#6473,#6473,#692,.T.);
#5150=EDGE_CURVE('',#6474,#6474,#693,.F.);
#5151=EDGE_CURVE('',#6475,#6475,#694,.T.);
#5152=EDGE_CURVE('',#6476,#6476,#695,.T.);
#5153=EDGE_CURVE('',#6477,#6477,#696,.F.);
#5154=EDGE_CURVE('',#6478,#6478,#697,.T.);
#5155=EDGE_CURVE('',#6479,#6479,#698,.F.);
#5156=EDGE_CURVE('',#6480,#6480,#699,.T.);
#5157=EDGE_CURVE('',#6481,#6481,#700,.T.);
#5158=EDGE_CURVE('',#6482,#6482,#701,.F.);
#5159=EDGE_CURVE('',#6483,#6483,#702,.T.);
#5160=EDGE_CURVE('',#6484,#6484,#703,.F.);
#5161=EDGE_CURVE('',#6485,#6485,#704,.T.);
#5162=EDGE_CURVE('',#6486,#6486,#705,.T.);
#5163=EDGE_CURVE('',#6487,#6487,#706,.F.);
#5164=EDGE_CURVE('',#6488,#6488,#707,.T.);
#5165=EDGE_CURVE('',#6489,#6489,#708,.F.);
#5166=EDGE_CURVE('',#6490,#6490,#709,.F.);
#5167=EDGE_CURVE('',#6491,#6491,#710,.T.);
#5168=EDGE_CURVE('',#6492,#6492,#711,.F.);
#5169=EDGE_CURVE('',#6493,#6493,#712,.T.);
#5170=EDGE_CURVE('',#6494,#6494,#713,.T.);
#5171=EDGE_CURVE('',#6495,#6495,#714,.T.);
#5172=EDGE_CURVE('',#6496,#6496,#715,.T.);
#5173=EDGE_CURVE('',#6497,#6497,#716,.F.);
#5174=EDGE_CURVE('',#6498,#6498,#717,.T.);
#5175=EDGE_CURVE('',#6499,#6499,#718,.F.);
#5176=EDGE_CURVE('',#6244,#6500,#7558,.F.);
#5177=EDGE_CURVE('',#6500,#6501,#7559,.F.);
#5178=EDGE_CURVE('',#6501,#6243,#7560,.T.);
#5179=EDGE_CURVE('',#6249,#6502,#7561,.F.);
#5180=EDGE_CURVE('',#6502,#6503,#7562,.T.);
#5181=EDGE_CURVE('',#6503,#6250,#7563,.T.);
#5182=EDGE_CURVE('',#6247,#6504,#7564,.F.);
#5183=EDGE_CURVE('',#6504,#6505,#7565,.T.);
#5184=EDGE_CURVE('',#6505,#6248,#7566,.T.);
#5185=EDGE_CURVE('',#6245,#6506,#7567,.F.);
#5186=EDGE_CURVE('',#6506,#6507,#7568,.F.);
#5187=EDGE_CURVE('',#6507,#6246,#7569,.T.);
#5188=EDGE_CURVE('',#6505,#6502,#719,.F.);
#5189=EDGE_CURVE('',#6507,#6504,#720,.F.);
#5190=EDGE_CURVE('',#6501,#6506,#721,.F.);
#5191=EDGE_CURVE('',#6503,#6500,#722,.F.);
#5192=EDGE_CURVE('',#5637,#5731,#7570,.T.);
#5193=EDGE_CURVE('',#5730,#5638,#7571,.F.);
#5194=EDGE_CURVE('',#5729,#5716,#7572,.F.);
#5195=EDGE_CURVE('',#6508,#5714,#7573,.T.);
#5196=EDGE_CURVE('',#6509,#6508,#7574,.T.);
#5197=EDGE_CURVE('',#6509,#5640,#7575,.T.);
#5198=EDGE_CURVE('',#5639,#5728,#7576,.T.);
#5199=EDGE_CURVE('',#5734,#5717,#7577,.F.);
#5200=EDGE_CURVE('',#6510,#5719,#7578,.T.);
#5201=EDGE_CURVE('',#6508,#6510,#7579,.T.);
#5202=EDGE_CURVE('',#5715,#5735,#7580,.T.);
#5203=EDGE_CURVE('',#5732,#5636,#7581,.F.);
#5204=EDGE_CURVE('',#6511,#5635,#7582,.T.);
#5205=EDGE_CURVE('',#6511,#6510,#7583,.T.);
#5206=EDGE_CURVE('',#5718,#5733,#7584,.T.);
#5207=EDGE_CURVE('',#6502,#5725,#723,.T.);
#5208=EDGE_CURVE('',#5726,#6505,#724,.T.);
#5209=EDGE_CURVE('',#5727,#6504,#725,.T.);
#5210=EDGE_CURVE('',#6503,#5724,#726,.T.);
#5211=EDGE_CURVE('',#5720,#6507,#727,.T.);
#5212=EDGE_CURVE('',#6500,#5723,#728,.T.);
#5213=EDGE_CURVE('',#5721,#6506,#729,.T.);
#5214=EDGE_CURVE('',#6501,#5722,#730,.T.);
#5215=EDGE_CURVE('',#6512,#5634,#7585,.T.);
#5216=EDGE_CURVE('',#6511,#6512,#7586,.T.);
#5217=EDGE_CURVE('',#6513,#6509,#7587,.T.);
#5218=EDGE_CURVE('',#6513,#5641,#7588,.T.);
#5219=EDGE_CURVE('',#6513,#6514,#7589,.T.);
#5220=EDGE_CURVE('',#6514,#5632,#7590,.T.);
#5221=EDGE_CURVE('',#5633,#6515,#7591,.T.);
#5222=EDGE_CURVE('',#6512,#6515,#7592,.T.);
#5223=EDGE_CURVE('',#6514,#6515,#7593,.T.);
#5224=EDGE_CURVE('',#6516,#6517,#7594,.T.);
#5225=EDGE_CURVE('',#6516,#6518,#7595,.F.);
#5226=EDGE_CURVE('',#6518,#6519,#7596,.F.);
#5227=EDGE_CURVE('',#6519,#6520,#7597,.T.);
#5228=EDGE_CURVE('',#6520,#6517,#7598,.T.);
#5229=EDGE_CURVE('',#6521,#6522,#7599,.T.);
#5230=EDGE_CURVE('',#6521,#6523,#7600,.F.);
#5231=EDGE_CURVE('',#6523,#6524,#7601,.T.);
#5232=EDGE_CURVE('',#6524,#6525,#7602,.T.);
#5233=EDGE_CURVE('',#6525,#6522,#7603,.F.);
#5234=EDGE_CURVE('',#6519,#6521,#7604,.T.);
#5235=EDGE_CURVE('',#6522,#6526,#731,.F.);
#5236=EDGE_CURVE('',#6527,#6526,#7605,.T.);
#5237=EDGE_CURVE('',#6527,#6520,#732,.F.);
#5238=EDGE_CURVE('',#6528,#6528,#733,.T.);
#5239=EDGE_CURVE('',#6529,#6530,#7606,.T.);
#5240=EDGE_CURVE('',#6530,#6525,#734,.T.);
#5241=EDGE_CURVE('',#6524,#5646,#334,.F.);
#5242=EDGE_CURVE('',#5649,#6516,#335,.F.);
#5243=EDGE_CURVE('',#6517,#6529,#735,.T.);
#5244=EDGE_CURVE('',#6526,#6530,#7607,.T.);
#5245=EDGE_CURVE('',#6529,#6527,#7608,.F.);
#5246=EDGE_CURVE('',#6531,#6531,#736,.T.);
#5247=EDGE_CURVE('',#6532,#6533,#7609,.T.);
#5248=EDGE_CURVE('',#6532,#6534,#7610,.F.);
#5249=EDGE_CURVE('',#6534,#6535,#7611,.F.);
#5250=EDGE_CURVE('',#6535,#6536,#7612,.T.);
#5251=EDGE_CURVE('',#6536,#6533,#7613,.T.);
#5252=EDGE_CURVE('',#6537,#6538,#7614,.T.);
#5253=EDGE_CURVE('',#6538,#6539,#7615,.F.);
#5254=EDGE_CURVE('',#6540,#6539,#7616,.T.);
#5255=EDGE_CURVE('',#6540,#6541,#7617,.F.);
#5256=EDGE_CURVE('',#6541,#6537,#7618,.T.);
#5257=EDGE_CURVE('',#6535,#6540,#7619,.T.);
#5258=EDGE_CURVE('',#6539,#6542,#737,.F.);
#5259=EDGE_CURVE('',#6543,#6542,#7620,.T.);
#5260=EDGE_CURVE('',#6543,#6536,#738,.F.);
#5261=EDGE_CURVE('',#6544,#6544,#739,.T.);
#5262=EDGE_CURVE('',#6533,#6545,#740,.T.);
#5263=EDGE_CURVE('',#6545,#6546,#7621,.T.);
#5264=EDGE_CURVE('',#6546,#6538,#741,.T.);
#5265=EDGE_CURVE('',#6537,#5628,#336,.F.);
#5266=EDGE_CURVE('',#5631,#6532,#337,.F.);
#5267=EDGE_CURVE('',#6545,#6543,#7622,.F.);
#5268=EDGE_CURVE('',#6542,#6546,#7623,.T.);
#5269=EDGE_CURVE('',#6547,#6547,#742,.T.);
#5270=EDGE_CURVE('',#6548,#6549,#7624,.T.);
#5271=EDGE_CURVE('',#6549,#6550,#7625,.T.);
#5272=EDGE_CURVE('',#6550,#6551,#7626,.F.);
#5273=EDGE_CURVE('',#6552,#6551,#7627,.T.);
#5274=EDGE_CURVE('',#6552,#6548,#7628,.T.);
#5275=EDGE_CURVE('',#6553,#6554,#7629,.T.);
#5276=EDGE_CURVE('',#6553,#6555,#7630,.F.);
#5277=EDGE_CURVE('',#6555,#6556,#7631,.T.);
#5278=EDGE_CURVE('',#6556,#6557,#7632,.F.);
#5279=EDGE_CURVE('',#6557,#6554,#7633,.F.);
#5280=EDGE_CURVE('',#6551,#6556,#7634,.T.);
#5281=EDGE_CURVE('',#6555,#6558,#743,.F.);
#5282=EDGE_CURVE('',#6559,#6558,#7635,.T.);
#5283=EDGE_CURVE('',#6559,#6552,#744,.F.);
#5284=EDGE_CURVE('',#6560,#6560,#745,.T.);
#5285=EDGE_CURVE('',#6548,#6561,#746,.T.);
#5286=EDGE_CURVE('',#6561,#6562,#7636,.T.);
#5287=EDGE_CURVE('',#6562,#6553,#747,.T.);
#5288=EDGE_CURVE('',#6554,#5706,#338,.F.);
#5289=EDGE_CURVE('',#5709,#6549,#339,.F.);
#5290=EDGE_CURVE('',#6561,#6559,#7637,.F.);
#5291=EDGE_CURVE('',#6558,#6562,#7638,.T.);
#5292=EDGE_CURVE('',#6563,#6563,#748,.T.);
#5293=EDGE_CURVE('',#6564,#6565,#7639,.T.);
#5294=EDGE_CURVE('',#6564,#6566,#7640,.F.);
#5295=EDGE_CURVE('',#6566,#6567,#7641,.T.);
#5296=EDGE_CURVE('',#6567,#6568,#7642,.F.);
#5297=EDGE_CURVE('',#6568,#6565,#7643,.F.);
#5298=EDGE_CURVE('',#6569,#6570,#7644,.T.);
#5299=EDGE_CURVE('',#6569,#6571,#7645,.T.);
#5300=EDGE_CURVE('',#6571,#6572,#7646,.T.);
#5301=EDGE_CURVE('',#6572,#6573,#7647,.T.);
#5302=EDGE_CURVE('',#6573,#6570,#7648,.F.);
#5303=EDGE_CURVE('',#6570,#6567,#7649,.T.);
#5304=EDGE_CURVE('',#6566,#6574,#749,.F.);
#5305=EDGE_CURVE('',#6574,#6575,#7650,.T.);
#5306=EDGE_CURVE('',#6575,#6569,#750,.F.);
#5307=EDGE_CURVE('',#6576,#6576,#751,.T.);
#5308=EDGE_CURVE('',#6571,#6577,#752,.T.);
#5309=EDGE_CURVE('',#6578,#6577,#7651,.T.);
#5310=EDGE_CURVE('',#6578,#6564,#753,.T.);
#5311=EDGE_CURVE('',#6565,#5686,#340,.F.);
#5312=EDGE_CURVE('',#5689,#6572,#341,.F.);
#5313=EDGE_CURVE('',#6577,#6575,#7652,.F.);
#5314=EDGE_CURVE('',#6574,#6578,#7653,.T.);
#5315=EDGE_CURVE('',#6579,#6579,#754,.T.);
#5316=EDGE_CURVE('',#6580,#6581,#7654,.T.);
#5317=EDGE_CURVE('',#6581,#6582,#7655,.F.);
#5318=EDGE_CURVE('',#6582,#6583,#7656,.F.);
#5319=EDGE_CURVE('',#6584,#6583,#7657,.T.);
#5320=EDGE_CURVE('',#6584,#6580,#7658,.F.);
#5321=EDGE_CURVE('',#6585,#6586,#7659,.T.);
#5322=EDGE_CURVE('',#6586,#6587,#7660,.T.);
#5323=EDGE_CURVE('',#6587,#6588,#7661,.F.);
#5324=EDGE_CURVE('',#6589,#6588,#7662,.T.);
#5325=EDGE_CURVE('',#6589,#6585,#7663,.T.);
#5326=EDGE_CURVE('',#6588,#6581,#7664,.T.);
#5327=EDGE_CURVE('',#6580,#6590,#755,.F.);
#5328=EDGE_CURVE('',#6590,#6591,#7665,.T.);
#5329=EDGE_CURVE('',#6591,#6589,#756,.F.);
#5330=EDGE_CURVE('',#6592,#6592,#757,.T.);
#5331=EDGE_CURVE('',#6585,#6593,#758,.T.);
#5332=EDGE_CURVE('',#6594,#6593,#7666,.T.);
#5333=EDGE_CURVE('',#6594,#6584,#759,.T.);
#5334=EDGE_CURVE('',#6583,#5678,#342,.F.);
#5335=EDGE_CURVE('',#5681,#6586,#343,.F.);
#5336=EDGE_CURVE('',#6593,#6591,#7667,.F.);
#5337=EDGE_CURVE('',#6590,#6594,#7668,.T.);
#5338=EDGE_CURVE('',#6595,#6595,#760,.T.);
#5339=EDGE_CURVE('',#6596,#6597,#7669,.T.);
#5340=EDGE_CURVE('',#6596,#6598,#7670,.T.);
#5341=EDGE_CURVE('',#6598,#6599,#7671,.T.);
#5342=EDGE_CURVE('',#6599,#6600,#7672,.T.);
#5343=EDGE_CURVE('',#6600,#6597,#7673,.F.);
#5344=EDGE_CURVE('',#6601,#6602,#7674,.T.);
#5345=EDGE_CURVE('',#6601,#6603,#7675,.F.);
#5346=EDGE_CURVE('',#6603,#6604,#7676,.T.);
#5347=EDGE_CURVE('',#6604,#6605,#7677,.F.);
#5348=EDGE_CURVE('',#6605,#6602,#7678,.F.);
#5349=EDGE_CURVE('',#6597,#6604,#7679,.T.);
#5350=EDGE_CURVE('',#6603,#6606,#761,.F.);
#5351=EDGE_CURVE('',#6607,#6606,#7680,.T.);
#5352=EDGE_CURVE('',#6607,#6596,#762,.F.);
#5353=EDGE_CURVE('',#6608,#6608,#763,.T.);
#5354=EDGE_CURVE('',#6598,#6609,#764,.T.);
#5355=EDGE_CURVE('',#6609,#6610,#7681,.T.);
#5356=EDGE_CURVE('',#6610,#6601,#765,.T.);
#5357=EDGE_CURVE('',#6602,#5698,#344,.F.);
#5358=EDGE_CURVE('',#5701,#6599,#345,.F.);
#5359=EDGE_CURVE('',#6609,#6607,#7682,.F.);
#5360=EDGE_CURVE('',#6606,#6610,#7683,.T.);
#5361=EDGE_CURVE('',#6611,#6611,#766,.T.);
#5362=EDGE_CURVE('',#6612,#6613,#7684,.T.);
#5363=EDGE_CURVE('',#6612,#6614,#7685,.T.);
#5364=EDGE_CURVE('',#6614,#6615,#7686,.T.);
#5365=EDGE_CURVE('',#6615,#6616,#7687,.T.);
#5366=EDGE_CURVE('',#6616,#6613,#7688,.F.);
#5367=EDGE_CURVE('',#6617,#6618,#7689,.T.);
#5368=EDGE_CURVE('',#6617,#6619,#7690,.F.);
#5369=EDGE_CURVE('',#6619,#6620,#7691,.T.);
#5370=EDGE_CURVE('',#6620,#6621,#7692,.F.);
#5371=EDGE_CURVE('',#6621,#6618,#7693,.F.);
#5372=EDGE_CURVE('',#6613,#6620,#7694,.T.);
#5373=EDGE_CURVE('',#6619,#6622,#767,.F.);
#5374=EDGE_CURVE('',#6623,#6622,#7695,.T.);
#5375=EDGE_CURVE('',#6623,#6612,#768,.F.);
#5376=EDGE_CURVE('',#6624,#6624,#769,.T.);
#5377=EDGE_CURVE('',#6614,#6625,#770,.T.);
#5378=EDGE_CURVE('',#6625,#6626,#7696,.T.);
#5379=EDGE_CURVE('',#6626,#6617,#771,.T.);
#5380=EDGE_CURVE('',#6618,#5710,#346,.F.);
#5381=EDGE_CURVE('',#5713,#6615,#347,.F.);
#5382=EDGE_CURVE('',#6625,#6623,#7697,.F.);
#5383=EDGE_CURVE('',#6622,#6626,#7698,.T.);
#5384=EDGE_CURVE('',#6627,#6627,#772,.T.);
#5385=EDGE_CURVE('',#6628,#6629,#7699,.F.);
#5386=EDGE_CURVE('',#6629,#6630,#7700,.F.);
#5387=EDGE_CURVE('',#6630,#6631,#7701,.T.);
#5388=EDGE_CURVE('',#6631,#6632,#7702,.T.);
#5389=EDGE_CURVE('',#6628,#6632,#7703,.T.);
#5390=EDGE_CURVE('',#6633,#6634,#7704,.T.);
#5391=EDGE_CURVE('',#6633,#6635,#7705,.F.);
#5392=EDGE_CURVE('',#6635,#6636,#7706,.T.);
#5393=EDGE_CURVE('',#6636,#6637,#7707,.T.);
#5394=EDGE_CURVE('',#6637,#6634,#7708,.F.);
#5395=EDGE_CURVE('',#6630,#6633,#7709,.T.);
#5396=EDGE_CURVE('',#6634,#6638,#773,.F.);
#5397=EDGE_CURVE('',#6639,#6638,#7710,.T.);
#5398=EDGE_CURVE('',#6639,#6631,#774,.F.);
#5399=EDGE_CURVE('',#6640,#6640,#775,.T.);
#5400=EDGE_CURVE('',#6641,#6642,#7711,.T.);
#5401=EDGE_CURVE('',#6642,#6637,#776,.T.);
#5402=EDGE_CURVE('',#6636,#5650,#348,.F.);
#5403=EDGE_CURVE('',#5653,#6628,#349,.F.);
#5404=EDGE_CURVE('',#6632,#6641,#777,.T.);
#5405=EDGE_CURVE('',#6638,#6642,#7712,.T.);
#5406=EDGE_CURVE('',#6641,#6639,#7713,.F.);
#5407=EDGE_CURVE('',#6643,#6643,#778,.T.);
#5408=EDGE_CURVE('',#6644,#6645,#7714,.T.);
#5409=EDGE_CURVE('',#6644,#6646,#7715,.F.);
#5410=EDGE_CURVE('',#6646,#6647,#7716,.T.);
#5411=EDGE_CURVE('',#6647,#6648,#7717,.F.);
#5412=EDGE_CURVE('',#6648,#6645,#7718,.F.);
#5413=EDGE_CURVE('',#6649,#6650,#7719,.T.);
#5414=EDGE_CURVE('',#6649,#6651,#7720,.T.);
#5415=EDGE_CURVE('',#6651,#6652,#7721,.T.);
#5416=EDGE_CURVE('',#6652,#6653,#7722,.T.);
#5417=EDGE_CURVE('',#6653,#6650,#7723,.F.);
#5418=EDGE_CURVE('',#6650,#6647,#7724,.T.);
#5419=EDGE_CURVE('',#6646,#6654,#779,.F.);
#5420=EDGE_CURVE('',#6654,#6655,#7725,.T.);
#5421=EDGE_CURVE('',#6655,#6649,#780,.F.);
#5422=EDGE_CURVE('',#6656,#6656,#781,.T.);
#5423=EDGE_CURVE('',#6651,#6657,#782,.T.);
#5424=EDGE_CURVE('',#6658,#6657,#7726,.T.);
#5425=EDGE_CURVE('',#6658,#6644,#783,.T.);
#5426=EDGE_CURVE('',#6645,#5690,#350,.F.);
#5427=EDGE_CURVE('',#5693,#6652,#351,.F.);
#5428=EDGE_CURVE('',#6657,#6655,#7727,.F.);
#5429=EDGE_CURVE('',#6654,#6658,#7728,.T.);
#5430=EDGE_CURVE('',#6659,#6659,#784,.T.);
#5431=EDGE_CURVE('',#6660,#6661,#7729,.T.);
#5432=EDGE_CURVE('',#6661,#6662,#7730,.F.);
#5433=EDGE_CURVE('',#6662,#6663,#7731,.F.);
#5434=EDGE_CURVE('',#6664,#6663,#7732,.T.);
#5435=EDGE_CURVE('',#6664,#6660,#7733,.F.);
#5436=EDGE_CURVE('',#6665,#6666,#7734,.T.);
#5437=EDGE_CURVE('',#6666,#6667,#7735,.T.);
#5438=EDGE_CURVE('',#6667,#6668,#7736,.F.);
#5439=EDGE_CURVE('',#6669,#6668,#7737,.T.);
#5440=EDGE_CURVE('',#6669,#6665,#7738,.T.);
#5441=EDGE_CURVE('',#6668,#6661,#7739,.T.);
#5442=EDGE_CURVE('',#6660,#6670,#785,.F.);
#5443=EDGE_CURVE('',#6670,#6671,#7740,.T.);
#5444=EDGE_CURVE('',#6671,#6669,#786,.F.);
#5445=EDGE_CURVE('',#6672,#6672,#787,.T.);
#5446=EDGE_CURVE('',#6673,#6674,#7741,.T.);
#5447=EDGE_CURVE('',#6673,#6664,#788,.T.);
#5448=EDGE_CURVE('',#6663,#5674,#352,.F.);
#5449=EDGE_CURVE('',#5677,#6666,#353,.F.);
#5450=EDGE_CURVE('',#6665,#6674,#789,.T.);
#5451=EDGE_CURVE('',#6670,#6673,#7742,.T.);
#5452=EDGE_CURVE('',#6674,#6671,#7743,.F.);
#5453=EDGE_CURVE('',#6675,#6675,#790,.T.);
#5454=EDGE_CURVE('',#6676,#6677,#7744,.T.);
#5455=EDGE_CURVE('',#6677,#6678,#7745,.F.);
#5456=EDGE_CURVE('',#6678,#6679,#7746,.F.);
#5457=EDGE_CURVE('',#6680,#6679,#7747,.T.);
#5458=EDGE_CURVE('',#6680,#6676,#7748,.F.);
#5459=EDGE_CURVE('',#6681,#6682,#7749,.T.);
#5460=EDGE_CURVE('',#6682,#6683,#7750,.T.);
#5461=EDGE_CURVE('',#6683,#6684,#7751,.F.);
#5462=EDGE_CURVE('',#6685,#6684,#7752,.T.);
#5463=EDGE_CURVE('',#6685,#6681,#7753,.T.);
#5464=EDGE_CURVE('',#6684,#6677,#7754,.T.);
#5465=EDGE_CURVE('',#6676,#6686,#791,.F.);
#5466=EDGE_CURVE('',#6686,#6687,#7755,.T.);
#5467=EDGE_CURVE('',#6687,#6685,#792,.F.);
#5468=EDGE_CURVE('',#6688,#6688,#793,.T.);
#5469=EDGE_CURVE('',#6689,#6690,#7756,.T.);
#5470=EDGE_CURVE('',#6689,#6680,#794,.T.);
#5471=EDGE_CURVE('',#6679,#5694,#354,.F.);
#5472=EDGE_CURVE('',#5697,#6682,#355,.F.);
#5473=EDGE_CURVE('',#6681,#6690,#795,.T.);
#5474=EDGE_CURVE('',#6686,#6689,#7757,.T.);
#5475=EDGE_CURVE('',#6690,#6687,#7758,.F.);
#5476=EDGE_CURVE('',#6691,#6691,#796,.T.);
#5477=EDGE_CURVE('',#6692,#6693,#7759,.T.);
#5478=EDGE_CURVE('',#6692,#6694,#7760,.F.);
#5479=EDGE_CURVE('',#6694,#6695,#7761,.T.);
#5480=EDGE_CURVE('',#6695,#6696,#7762,.T.);
#5481=EDGE_CURVE('',#6696,#6693,#7763,.F.);
#5482=EDGE_CURVE('',#6697,#6698,#7764,.F.);
#5483=EDGE_CURVE('',#6698,#6699,#7765,.F.);
#5484=EDGE_CURVE('',#6699,#6700,#7766,.T.);
#5485=EDGE_CURVE('',#6700,#6701,#7767,.T.);
#5486=EDGE_CURVE('',#6697,#6701,#7768,.T.);
#5487=EDGE_CURVE('',#6699,#6692,#7769,.T.);
#5488=EDGE_CURVE('',#6693,#6702,#797,.F.);
#5489=EDGE_CURVE('',#6702,#6703,#7770,.T.);
#5490=EDGE_CURVE('',#6703,#6700,#798,.F.);
#5491=EDGE_CURVE('',#6704,#6704,#799,.T.);
#5492=EDGE_CURVE('',#6701,#6705,#800,.T.);
#5493=EDGE_CURVE('',#6706,#6705,#7771,.T.);
#5494=EDGE_CURVE('',#6706,#6696,#801,.T.);
#5495=EDGE_CURVE('',#6695,#5666,#356,.F.);
#5496=EDGE_CURVE('',#5669,#6697,#357,.F.);
#5497=EDGE_CURVE('',#6705,#6703,#7772,.F.);
#5498=EDGE_CURVE('',#6702,#6706,#7773,.T.);
#5499=EDGE_CURVE('',#6707,#6707,#802,.T.);
#5500=EDGE_CURVE('',#6708,#6709,#7774,.T.);
#5501=EDGE_CURVE('',#6708,#6710,#7775,.F.);
#5502=EDGE_CURVE('',#6710,#6711,#7776,.T.);
#5503=EDGE_CURVE('',#6711,#6712,#7777,.T.);
#5504=EDGE_CURVE('',#6712,#6709,#7778,.F.);
#5505=EDGE_CURVE('',#6713,#6714,#7779,.T.);
#5506=EDGE_CURVE('',#6713,#6715,#7780,.F.);
#5507=EDGE_CURVE('',#6715,#6716,#7781,.F.);
#5508=EDGE_CURVE('',#6716,#6717,#7782,.T.);
#5509=EDGE_CURVE('',#6717,#6714,#7783,.T.);
#5510=EDGE_CURVE('',#6716,#6708,#7784,.T.);
#5511=EDGE_CURVE('',#6709,#6718,#803,.F.);
#5512=EDGE_CURVE('',#6718,#6719,#7785,.T.);
#5513=EDGE_CURVE('',#6719,#6717,#804,.F.);
#5514=EDGE_CURVE('',#6720,#6720,#805,.T.);
#5515=EDGE_CURVE('',#6721,#6722,#7786,.T.);
#5516=EDGE_CURVE('',#6721,#6712,#806,.T.);
#5517=EDGE_CURVE('',#6711,#5658,#358,.F.);
#5518=EDGE_CURVE('',#5661,#6713,#359,.F.);
#5519=EDGE_CURVE('',#6714,#6722,#807,.T.);
#5520=EDGE_CURVE('',#6718,#6721,#7787,.T.);
#5521=EDGE_CURVE('',#6722,#6719,#7788,.F.);
#5522=EDGE_CURVE('',#6723,#6723,#808,.T.);
#5523=EDGE_CURVE('',#6724,#6725,#7789,.T.);
#5524=EDGE_CURVE('',#6724,#6726,#7790,.F.);
#5525=EDGE_CURVE('',#6726,#6727,#7791,.F.);
#5526=EDGE_CURVE('',#6727,#6728,#7792,.T.);
#5527=EDGE_CURVE('',#6728,#6725,#7793,.T.);
#5528=EDGE_CURVE('',#6729,#6730,#7794,.T.);
#5529=EDGE_CURVE('',#6729,#6731,#7795,.F.);
#5530=EDGE_CURVE('',#6731,#6732,#7796,.T.);
#5531=EDGE_CURVE('',#6732,#6733,#7797,.T.);
#5532=EDGE_CURVE('',#6733,#6730,#7798,.F.);
#5533=EDGE_CURVE('',#6727,#6729,#7799,.T.);
#5534=EDGE_CURVE('',#6730,#6734,#809,.F.);
#5535=EDGE_CURVE('',#6735,#6734,#7800,.T.);
#5536=EDGE_CURVE('',#6735,#6728,#810,.F.);
#5537=EDGE_CURVE('',#6736,#6736,#811,.T.);
#5538=EDGE_CURVE('',#6725,#6737,#812,.T.);
#5539=EDGE_CURVE('',#6737,#6738,#7801,.T.);
#5540=EDGE_CURVE('',#6738,#6733,#813,.T.);
#5541=EDGE_CURVE('',#6732,#5624,#360,.F.);
#5542=EDGE_CURVE('',#5627,#6724,#361,.F.);
#5543=EDGE_CURVE('',#6737,#6735,#7802,.F.);
#5544=EDGE_CURVE('',#6734,#6738,#7803,.T.);
#5545=EDGE_CURVE('',#6739,#6739,#814,.T.);
#5546=EDGE_CURVE('',#6740,#6741,#7804,.T.);
#5547=EDGE_CURVE('',#6740,#6742,#7805,.F.);
#5548=EDGE_CURVE('',#6742,#6743,#7806,.T.);
#5549=EDGE_CURVE('',#6743,#6744,#7807,.T.);
#5550=EDGE_CURVE('',#6744,#6741,#7808,.F.);
#5551=EDGE_CURVE('',#6745,#6746,#7809,.F.);
#5552=EDGE_CURVE('',#6746,#6747,#7810,.F.);
#5553=EDGE_CURVE('',#6747,#6748,#7811,.T.);
#5554=EDGE_CURVE('',#6748,#6749,#7812,.T.);
#5555=EDGE_CURVE('',#6745,#6749,#7813,.T.);
#5556=EDGE_CURVE('',#6747,#6740,#7814,.T.);
#5557=EDGE_CURVE('',#6741,#6750,#815,.F.);
#5558=EDGE_CURVE('',#6750,#6751,#7815,.T.);
#5559=EDGE_CURVE('',#6751,#6748,#816,.F.);
#5560=EDGE_CURVE('',#6752,#6752,#817,.T.);
#5561=EDGE_CURVE('',#6749,#6753,#818,.T.);
#5562=EDGE_CURVE('',#6754,#6753,#7816,.T.);
#5563=EDGE_CURVE('',#6754,#6744,#819,.T.);
#5564=EDGE_CURVE('',#6743,#5670,#362,.F.);
#5565=EDGE_CURVE('',#5673,#6745,#363,.F.);
#5566=EDGE_CURVE('',#6753,#6751,#7817,.F.);
#5567=EDGE_CURVE('',#6750,#6754,#7818,.T.);
#5568=EDGE_CURVE('',#6755,#6755,#820,.T.);
#5569=EDGE_CURVE('',#6756,#6757,#7819,.T.);
#5570=EDGE_CURVE('',#6756,#6758,#7820,.F.);
#5571=EDGE_CURVE('',#6758,#6759,#7821,.F.);
#5572=EDGE_CURVE('',#6759,#6760,#7822,.T.);
#5573=EDGE_CURVE('',#6760,#6757,#7823,.T.);
#5574=EDGE_CURVE('',#6761,#6762,#7824,.T.);
#5575=EDGE_CURVE('',#6762,#6763,#7825,.F.);
#5576=EDGE_CURVE('',#6764,#6763,#7826,.T.);
#5577=EDGE_CURVE('',#6764,#6765,#7827,.F.);
#5578=EDGE_CURVE('',#6765,#6761,#7828,.T.);
#5579=EDGE_CURVE('',#6759,#6764,#7829,.T.);
#5580=EDGE_CURVE('',#6763,#6766,#821,.F.);
#5581=EDGE_CURVE('',#6767,#6766,#7830,.T.);
#5582=EDGE_CURVE('',#6767,#6760,#822,.F.);
#5583=EDGE_CURVE('',#6768,#6768,#823,.T.);
#5584=EDGE_CURVE('',#6757,#6769,#824,.T.);
#5585=EDGE_CURVE('',#6769,#6770,#7831,.T.);
#5586=EDGE_CURVE('',#6770,#6762,#825,.T.);
#5587=EDGE_CURVE('',#6761,#5654,#364,.F.);
#5588=EDGE_CURVE('',#5657,#6756,#365,.F.);
#5589=EDGE_CURVE('',#6769,#6767,#7832,.F.);
#5590=EDGE_CURVE('',#6766,#6770,#7833,.T.);
#5591=EDGE_CURVE('',#6771,#6771,#826,.T.);
#5592=EDGE_CURVE('',#6635,#5651,#366,.T.);
#5593=EDGE_CURVE('',#5652,#6629,#367,.T.);
#5594=EDGE_CURVE('',#5656,#6758,#368,.T.);
#5595=EDGE_CURVE('',#6765,#5655,#369,.T.);
#5596=EDGE_CURVE('',#5626,#6726,#370,.T.);
#5597=EDGE_CURVE('',#6731,#5625,#371,.T.);
#5598=EDGE_CURVE('',#5672,#6746,#372,.T.);
#5599=EDGE_CURVE('',#6742,#5671,#373,.T.);
#5600=EDGE_CURVE('',#6710,#5659,#374,.T.);
#5601=EDGE_CURVE('',#5660,#6715,#375,.T.);
#5602=EDGE_CURVE('',#5668,#6698,#376,.T.);
#5603=EDGE_CURVE('',#6694,#5667,#377,.T.);
#5604=EDGE_CURVE('',#5696,#6683,#378,.T.);
#5605=EDGE_CURVE('',#6678,#5695,#379,.T.);
#5606=EDGE_CURVE('',#6662,#5675,#380,.T.);
#5607=EDGE_CURVE('',#5676,#6667,#381,.T.);
#5608=EDGE_CURVE('',#5692,#6653,#382,.T.);
#5609=EDGE_CURVE('',#6648,#5691,#383,.T.);
#5610=EDGE_CURVE('',#5648,#6518,#384,.T.);
#5611=EDGE_CURVE('',#6523,#5647,#385,.T.);
#5612=EDGE_CURVE('',#6621,#5711,#386,.T.);
#5613=EDGE_CURVE('',#5712,#6616,#387,.T.);
#5614=EDGE_CURVE('',#5630,#6534,#388,.T.);
#5615=EDGE_CURVE('',#6541,#5629,#389,.T.);
#5616=EDGE_CURVE('',#5708,#6550,#390,.T.);
#5617=EDGE_CURVE('',#6557,#5707,#391,.T.);
#5618=EDGE_CURVE('',#6582,#5679,#392,.T.);
#5619=EDGE_CURVE('',#5680,#6587,#393,.T.);
#5620=EDGE_CURVE('',#6568,#5687,#394,.T.);
#5621=EDGE_CURVE('',#5688,#6573,#395,.T.);
#5622=EDGE_CURVE('',#6605,#5699,#396,.T.);
#5623=EDGE_CURVE('',#5700,#6600,#397,.T.);
#5624=VERTEX_POINT('',#16966);
#5625=VERTEX_POINT('',#16967);
#5626=VERTEX_POINT('',#16969);
#5627=VERTEX_POINT('',#16971);
#5628=VERTEX_POINT('',#16974);
#5629=VERTEX_POINT('',#16975);
#5630=VERTEX_POINT('',#16977);
#5631=VERTEX_POINT('',#16979);
#5632=VERTEX_POINT('',#16982);
#5633=VERTEX_POINT('',#16983);
#5634=VERTEX_POINT('',#16985);
#5635=VERTEX_POINT('',#16987);
#5636=VERTEX_POINT('',#16989);
#5637=VERTEX_POINT('',#16991);
#5638=VERTEX_POINT('',#16993);
#5639=VERTEX_POINT('',#16995);
#5640=VERTEX_POINT('',#16997);
#5641=VERTEX_POINT('',#16999);
#5642=VERTEX_POINT('',#17002);
#5643=VERTEX_POINT('',#17003);
#5644=VERTEX_POINT('',#17005);
#5645=VERTEX_POINT('',#17007);
#5646=VERTEX_POINT('',#17010);
#5647=VERTEX_POINT('',#17011);
#5648=VERTEX_POINT('',#17013);
#5649=VERTEX_POINT('',#17015);
#5650=VERTEX_POINT('',#17018);
#5651=VERTEX_POINT('',#17019);
#5652=VERTEX_POINT('',#17021);
#5653=VERTEX_POINT('',#17023);
#5654=VERTEX_POINT('',#17026);
#5655=VERTEX_POINT('',#17027);
#5656=VERTEX_POINT('',#17029);
#5657=VERTEX_POINT('',#17031);
#5658=VERTEX_POINT('',#17035);
#5659=VERTEX_POINT('',#17036);
#5660=VERTEX_POINT('',#17038);
#5661=VERTEX_POINT('',#17040);
#5662=VERTEX_POINT('',#17043);
#5663=VERTEX_POINT('',#17044);
#5664=VERTEX_POINT('',#17046);
#5665=VERTEX_POINT('',#17048);
#5666=VERTEX_POINT('',#17051);
#5667=VERTEX_POINT('',#17052);
#5668=VERTEX_POINT('',#17054);
#5669=VERTEX_POINT('',#17056);
#5670=VERTEX_POINT('',#17059);
#5671=VERTEX_POINT('',#17060);
#5672=VERTEX_POINT('',#17062);
#5673=VERTEX_POINT('',#17064);
#5674=VERTEX_POINT('',#17068);
#5675=VERTEX_POINT('',#17069);
#5676=VERTEX_POINT('',#17071);
#5677=VERTEX_POINT('',#17073);
#5678=VERTEX_POINT('',#17076);
#5679=VERTEX_POINT('',#17077);
#5680=VERTEX_POINT('',#17079);
#5681=VERTEX_POINT('',#17081);
#5682=VERTEX_POINT('',#17084);
#5683=VERTEX_POINT('',#17085);
#5684=VERTEX_POINT('',#17087);
#5685=VERTEX_POINT('',#17089);
#5686=VERTEX_POINT('',#17092);
#5687=VERTEX_POINT('',#17093);
#5688=VERTEX_POINT('',#17095);
#5689=VERTEX_POINT('',#17097);
#5690=VERTEX_POINT('',#17100);
#5691=VERTEX_POINT('',#17101);
#5692=VERTEX_POINT('',#17103);
#5693=VERTEX_POINT('',#17105);
#5694=VERTEX_POINT('',#17108);
#5695=VERTEX_POINT('',#17109);
#5696=VERTEX_POINT('',#17111);
#5697=VERTEX_POINT('',#17113);
#5698=VERTEX_POINT('',#17117);
#5699=VERTEX_POINT('',#17118);
#5700=VERTEX_POINT('',#17120);
#5701=VERTEX_POINT('',#17122);
#5702=VERTEX_POINT('',#17125);
#5703=VERTEX_POINT('',#17126);
#5704=VERTEX_POINT('',#17128);
#5705=VERTEX_POINT('',#17130);
#5706=VERTEX_POINT('',#17133);
#5707=VERTEX_POINT('',#17134);
#5708=VERTEX_POINT('',#17136);
#5709=VERTEX_POINT('',#17138);
#5710=VERTEX_POINT('',#17141);
#5711=VERTEX_POINT('',#17142);
#5712=VERTEX_POINT('',#17144);
#5713=VERTEX_POINT('',#17146);
#5714=VERTEX_POINT('',#17150);
#5715=VERTEX_POINT('',#17151);
#5716=VERTEX_POINT('',#17153);
#5717=VERTEX_POINT('',#17157);
#5718=VERTEX_POINT('',#17158);
#5719=VERTEX_POINT('',#17160);
#5720=VERTEX_POINT('',#17164);
#5721=VERTEX_POINT('',#17165);
#5722=VERTEX_POINT('',#17167);
#5723=VERTEX_POINT('',#17169);
#5724=VERTEX_POINT('',#17171);
#5725=VERTEX_POINT('',#17173);
#5726=VERTEX_POINT('',#17175);
#5727=VERTEX_POINT('',#17177);
#5728=VERTEX_POINT('',#17180);
#5729=VERTEX_POINT('',#17181);
#5730=VERTEX_POINT('',#17183);
#5731=VERTEX_POINT('',#17185);
#5732=VERTEX_POINT('',#17187);
#5733=VERTEX_POINT('',#17189);
#5734=VERTEX_POINT('',#17191);
#5735=VERTEX_POINT('',#17193);
#5736=VERTEX_POINT('',#17197);
#5737=VERTEX_POINT('',#17198);
#5738=VERTEX_POINT('',#17200);
#5739=VERTEX_POINT('',#17202);
#5740=VERTEX_POINT('',#17206);
#5741=VERTEX_POINT('',#17208);
#5742=VERTEX_POINT('',#17210);
#5743=VERTEX_POINT('',#17212);
#5744=VERTEX_POINT('',#17214);
#5745=VERTEX_POINT('',#17216);
#5746=VERTEX_POINT('',#17218);
#5747=VERTEX_POINT('',#17220);
#5748=VERTEX_POINT('',#17222);
#5749=VERTEX_POINT('',#17224);
#5750=VERTEX_POINT('',#17226);
#5751=VERTEX_POINT('',#17228);
#5752=VERTEX_POINT('',#17229);
#5753=VERTEX_POINT('',#17231);
#5754=VERTEX_POINT('',#17233);
#5755=VERTEX_POINT('',#17236);
#5756=VERTEX_POINT('',#17237);
#5757=VERTEX_POINT('',#17239);
#5758=VERTEX_POINT('',#17241);
#5759=VERTEX_POINT('',#17244);
#5760=VERTEX_POINT('',#17245);
#5761=VERTEX_POINT('',#17247);
#5762=VERTEX_POINT('',#17249);
#5763=VERTEX_POINT('',#17252);
#5764=VERTEX_POINT('',#17253);
#5765=VERTEX_POINT('',#17255);
#5766=VERTEX_POINT('',#17257);
#5767=VERTEX_POINT('',#17260);
#5768=VERTEX_POINT('',#17261);
#5769=VERTEX_POINT('',#17263);
#5770=VERTEX_POINT('',#17265);
#5771=VERTEX_POINT('',#17267);
#5772=VERTEX_POINT('',#17269);
#5773=VERTEX_POINT('',#17271);
#5774=VERTEX_POINT('',#17273);
#5775=VERTEX_POINT('',#17275);
#5776=VERTEX_POINT('',#17277);
#5777=VERTEX_POINT('',#17280);
#5778=VERTEX_POINT('',#17281);
#5779=VERTEX_POINT('',#17283);
#5780=VERTEX_POINT('',#17285);
#5781=VERTEX_POINT('',#17287);
#5782=VERTEX_POINT('',#17289);
#5783=VERTEX_POINT('',#17291);
#5784=VERTEX_POINT('',#17293);
#5785=VERTEX_POINT('',#17296);
#5786=VERTEX_POINT('',#17297);
#5787=VERTEX_POINT('',#17299);
#5788=VERTEX_POINT('',#17301);
#5789=VERTEX_POINT('',#17303);
#5790=VERTEX_POINT('',#17305);
#5791=VERTEX_POINT('',#17307);
#5792=VERTEX_POINT('',#17309);
#5793=VERTEX_POINT('',#17312);
#5794=VERTEX_POINT('',#17313);
#5795=VERTEX_POINT('',#17315);
#5796=VERTEX_POINT('',#17317);
#5797=VERTEX_POINT('',#17319);
#5798=VERTEX_POINT('',#17321);
#5799=VERTEX_POINT('',#17323);
#5800=VERTEX_POINT('',#17325);
#5801=VERTEX_POINT('',#17328);
#5802=VERTEX_POINT('',#17329);
#5803=VERTEX_POINT('',#17331);
#5804=VERTEX_POINT('',#17333);
#5805=VERTEX_POINT('',#17335);
#5806=VERTEX_POINT('',#17337);
#5807=VERTEX_POINT('',#17339);
#5808=VERTEX_POINT('',#17341);
#5809=VERTEX_POINT('',#17344);
#5810=VERTEX_POINT('',#17346);
#5811=VERTEX_POINT('',#17347);
#5812=VERTEX_POINT('',#17349);
#5813=VERTEX_POINT('',#17351);
#5814=VERTEX_POINT('',#17354);
#5815=VERTEX_POINT('',#17356);
#5816=VERTEX_POINT('',#17358);
#5817=VERTEX_POINT('',#17360);
#5818=VERTEX_POINT('',#17362);
#5819=VERTEX_POINT('',#17368);
#5820=VERTEX_POINT('',#17370);
#5821=VERTEX_POINT('',#17371);
#5822=VERTEX_POINT('',#17373);
#5823=VERTEX_POINT('',#17375);
#5824=VERTEX_POINT('',#17378);
#5825=VERTEX_POINT('',#17380);
#5826=VERTEX_POINT('',#17382);
#5827=VERTEX_POINT('',#17383);
#5828=VERTEX_POINT('',#17385);
#5829=VERTEX_POINT('',#17387);
#5830=VERTEX_POINT('',#17390);
#5831=VERTEX_POINT('',#17392);
#5832=VERTEX_POINT('',#17394);
#5833=VERTEX_POINT('',#17395);
#5834=VERTEX_POINT('',#17397);
#5835=VERTEX_POINT('',#17399);
#5836=VERTEX_POINT('',#17402);
#5837=VERTEX_POINT('',#17404);
#5838=VERTEX_POINT('',#17406);
#5839=VERTEX_POINT('',#17407);
#5840=VERTEX_POINT('',#17409);
#5841=VERTEX_POINT('',#17411);
#5842=VERTEX_POINT('',#17414);
#5843=VERTEX_POINT('',#17416);
#5844=VERTEX_POINT('',#17417);
#5845=VERTEX_POINT('',#17419);
#5846=VERTEX_POINT('',#17421);
#5847=VERTEX_POINT('',#17424);
#5848=VERTEX_POINT('',#17426);
#5849=VERTEX_POINT('',#17428);
#5850=VERTEX_POINT('',#17430);
#5851=VERTEX_POINT('',#17432);
#5852=VERTEX_POINT('',#17433);
#5853=VERTEX_POINT('',#17435);
#5854=VERTEX_POINT('',#17437);
#5855=VERTEX_POINT('',#17440);
#5856=VERTEX_POINT('',#17442);
#5857=VERTEX_POINT('',#17444);
#5858=VERTEX_POINT('',#17446);
#5859=VERTEX_POINT('',#17448);
#5860=VERTEX_POINT('',#17449);
#5861=VERTEX_POINT('',#17451);
#5862=VERTEX_POINT('',#17453);
#5863=VERTEX_POINT('',#17456);
#5864=VERTEX_POINT('',#17458);
#5865=VERTEX_POINT('',#17460);
#5866=VERTEX_POINT('',#17462);
#5867=VERTEX_POINT('',#17464);
#5868=VERTEX_POINT('',#17465);
#5869=VERTEX_POINT('',#17467);
#5870=VERTEX_POINT('',#17469);
#5871=VERTEX_POINT('',#17472);
#5872=VERTEX_POINT('',#17474);
#5873=VERTEX_POINT('',#17476);
#5874=VERTEX_POINT('',#17478);
#5875=VERTEX_POINT('',#17480);
#5876=VERTEX_POINT('',#17481);
#5877=VERTEX_POINT('',#17483);
#5878=VERTEX_POINT('',#17485);
#5879=VERTEX_POINT('',#17487);
#5880=VERTEX_POINT('',#17489);
#5881=VERTEX_POINT('',#17491);
#5882=VERTEX_POINT('',#17493);
#5883=VERTEX_POINT('',#17495);
#5884=VERTEX_POINT('',#17497);
#5885=VERTEX_POINT('',#17499);
#5886=VERTEX_POINT('',#17501);
#5887=VERTEX_POINT('',#17503);
#5888=VERTEX_POINT('',#17505);
#5889=VERTEX_POINT('',#17507);
#5890=VERTEX_POINT('',#17509);
#5891=VERTEX_POINT('',#17511);
#5892=VERTEX_POINT('',#17513);
#5893=VERTEX_POINT('',#17515);
#5894=VERTEX_POINT('',#17517);
#5895=VERTEX_POINT('',#17519);
#5896=VERTEX_POINT('',#17521);
#5897=VERTEX_POINT('',#17523);
#5898=VERTEX_POINT('',#17525);
#5899=VERTEX_POINT('',#17527);
#5900=VERTEX_POINT('',#17529);
#5901=VERTEX_POINT('',#17531);
#5902=VERTEX_POINT('',#17533);
#5903=VERTEX_POINT('',#17535);
#5904=VERTEX_POINT('',#17538);
#5905=VERTEX_POINT('',#17539);
#5906=VERTEX_POINT('',#17541);
#5907=VERTEX_POINT('',#17543);
#5908=VERTEX_POINT('',#17545);
#5909=VERTEX_POINT('',#17547);
#5910=VERTEX_POINT('',#17549);
#5911=VERTEX_POINT('',#17551);
#5912=VERTEX_POINT('',#17553);
#5913=VERTEX_POINT('',#17555);
#5914=VERTEX_POINT('',#17557);
#5915=VERTEX_POINT('',#17559);
#5916=VERTEX_POINT('',#17561);
#5917=VERTEX_POINT('',#17563);
#5918=VERTEX_POINT('',#17565);
#5919=VERTEX_POINT('',#17567);
#5920=VERTEX_POINT('',#17569);
#5921=VERTEX_POINT('',#17571);
#5922=VERTEX_POINT('',#17573);
#5923=VERTEX_POINT('',#17575);
#5924=VERTEX_POINT('',#17577);
#5925=VERTEX_POINT('',#17579);
#5926=VERTEX_POINT('',#17581);
#5927=VERTEX_POINT('',#17583);
#5928=VERTEX_POINT('',#17585);
#5929=VERTEX_POINT('',#17587);
#5930=VERTEX_POINT('',#17589);
#5931=VERTEX_POINT('',#17591);
#5932=VERTEX_POINT('',#17593);
#5933=VERTEX_POINT('',#17595);
#5934=VERTEX_POINT('',#17597);
#5935=VERTEX_POINT('',#17599);
#5936=VERTEX_POINT('',#17601);
#5937=VERTEX_POINT('',#17603);
#5938=VERTEX_POINT('',#17606);
#5939=VERTEX_POINT('',#17607);
#5940=VERTEX_POINT('',#17609);
#5941=VERTEX_POINT('',#17611);
#5942=VERTEX_POINT('',#17613);
#5943=VERTEX_POINT('',#17615);
#5944=VERTEX_POINT('',#17617);
#5945=VERTEX_POINT('',#17619);
#5946=VERTEX_POINT('',#17621);
#5947=VERTEX_POINT('',#17623);
#5948=VERTEX_POINT('',#17625);
#5949=VERTEX_POINT('',#17627);
#5950=VERTEX_POINT('',#17630);
#5951=VERTEX_POINT('',#17631);
#5952=VERTEX_POINT('',#17633);
#5953=VERTEX_POINT('',#17635);
#5954=VERTEX_POINT('',#17638);
#5955=VERTEX_POINT('',#17639);
#5956=VERTEX_POINT('',#17641);
#5957=VERTEX_POINT('',#17643);
#5958=VERTEX_POINT('',#17646);
#5959=VERTEX_POINT('',#17647);
#5960=VERTEX_POINT('',#17649);
#5961=VERTEX_POINT('',#17651);
#5962=VERTEX_POINT('',#17654);
#5963=VERTEX_POINT('',#17655);
#5964=VERTEX_POINT('',#17657);
#5965=VERTEX_POINT('',#17659);
#5966=VERTEX_POINT('',#17663);
#5967=VERTEX_POINT('',#17664);
#5968=VERTEX_POINT('',#17666);
#5969=VERTEX_POINT('',#17668);
#5970=VERTEX_POINT('',#17671);
#5971=VERTEX_POINT('',#17672);
#5972=VERTEX_POINT('',#17674);
#5973=VERTEX_POINT('',#17676);
#5974=VERTEX_POINT('',#17678);
#5975=VERTEX_POINT('',#17680);
#5976=VERTEX_POINT('',#17682);
#5977=VERTEX_POINT('',#17684);
#5978=VERTEX_POINT('',#17687);
#5979=VERTEX_POINT('',#17688);
#5980=VERTEX_POINT('',#17690);
#5981=VERTEX_POINT('',#17692);
#5982=VERTEX_POINT('',#17695);
#5983=VERTEX_POINT('',#17696);
#5984=VERTEX_POINT('',#17698);
#5985=VERTEX_POINT('',#17700);
#5986=VERTEX_POINT('',#17702);
#5987=VERTEX_POINT('',#17704);
#5988=VERTEX_POINT('',#17706);
#5989=VERTEX_POINT('',#17708);
#5990=VERTEX_POINT('',#17711);
#5991=VERTEX_POINT('',#17712);
#5992=VERTEX_POINT('',#17714);
#5993=VERTEX_POINT('',#17716);
#5994=VERTEX_POINT('',#17718);
#5995=VERTEX_POINT('',#17720);
#5996=VERTEX_POINT('',#17722);
#5997=VERTEX_POINT('',#17724);
#5998=VERTEX_POINT('',#17727);
#5999=VERTEX_POINT('',#17728);
#6000=VERTEX_POINT('',#17730);
#6001=VERTEX_POINT('',#17732);
#6002=VERTEX_POINT('',#17734);
#6003=VERTEX_POINT('',#17736);
#6004=VERTEX_POINT('',#17738);
#6005=VERTEX_POINT('',#17740);
#6006=VERTEX_POINT('',#17743);
#6007=VERTEX_POINT('',#17744);
#6008=VERTEX_POINT('',#17746);
#6009=VERTEX_POINT('',#17748);
#6010=VERTEX_POINT('',#17750);
#6011=VERTEX_POINT('',#17752);
#6012=VERTEX_POINT('',#17754);
#6013=VERTEX_POINT('',#17756);
#6014=VERTEX_POINT('',#17759);
#6015=VERTEX_POINT('',#17761);
#6016=VERTEX_POINT('',#17763);
#6017=VERTEX_POINT('',#17764);
#6018=VERTEX_POINT('',#17766);
#6019=VERTEX_POINT('',#17768);
#6020=VERTEX_POINT('',#17771);
#6021=VERTEX_POINT('',#17773);
#6022=VERTEX_POINT('',#17775);
#6023=VERTEX_POINT('',#17776);
#6024=VERTEX_POINT('',#17778);
#6025=VERTEX_POINT('',#17780);
#6026=VERTEX_POINT('',#17783);
#6027=VERTEX_POINT('',#17785);
#6028=VERTEX_POINT('',#17787);
#6029=VERTEX_POINT('',#17788);
#6030=VERTEX_POINT('',#17790);
#6031=VERTEX_POINT('',#17792);
#6032=VERTEX_POINT('',#17795);
#6033=VERTEX_POINT('',#17797);
#6034=VERTEX_POINT('',#17799);
#6035=VERTEX_POINT('',#17800);
#6036=VERTEX_POINT('',#17802);
#6037=VERTEX_POINT('',#17804);
#6038=VERTEX_POINT('',#17807);
#6039=VERTEX_POINT('',#17808);
#6040=VERTEX_POINT('',#17810);
#6041=VERTEX_POINT('',#17812);
#6042=VERTEX_POINT('',#17814);
#6043=VERTEX_POINT('',#17816);
#6044=VERTEX_POINT('',#17818);
#6045=VERTEX_POINT('',#17820);
#6046=VERTEX_POINT('',#17823);
#6047=VERTEX_POINT('',#17825);
#6048=VERTEX_POINT('',#17827);
#6049=VERTEX_POINT('',#17829);
#6050=VERTEX_POINT('',#17831);
#6051=VERTEX_POINT('',#17832);
#6052=VERTEX_POINT('',#17834);
#6053=VERTEX_POINT('',#17836);
#6054=VERTEX_POINT('',#17839);
#6055=VERTEX_POINT('',#17841);
#6056=VERTEX_POINT('',#17843);
#6057=VERTEX_POINT('',#17844);
#6058=VERTEX_POINT('',#17846);
#6059=VERTEX_POINT('',#17848);
#6060=VERTEX_POINT('',#17851);
#6061=VERTEX_POINT('',#17852);
#6062=VERTEX_POINT('',#17854);
#6063=VERTEX_POINT('',#17856);
#6064=VERTEX_POINT('',#17859);
#6065=VERTEX_POINT('',#17860);
#6066=VERTEX_POINT('',#17862);
#6067=VERTEX_POINT('',#17864);
#6068=VERTEX_POINT('',#17867);
#6069=VERTEX_POINT('',#17868);
#6070=VERTEX_POINT('',#17870);
#6071=VERTEX_POINT('',#17872);
#6072=VERTEX_POINT('',#17875);
#6073=VERTEX_POINT('',#17876);
#6074=VERTEX_POINT('',#17878);
#6075=VERTEX_POINT('',#17880);
#6076=VERTEX_POINT('',#17883);
#6077=VERTEX_POINT('',#17884);
#6078=VERTEX_POINT('',#17886);
#6079=VERTEX_POINT('',#17888);
#6080=VERTEX_POINT('',#17891);
#6081=VERTEX_POINT('',#17892);
#6082=VERTEX_POINT('',#17894);
#6083=VERTEX_POINT('',#17896);
#6084=VERTEX_POINT('',#17899);
#6085=VERTEX_POINT('',#17900);
#6086=VERTEX_POINT('',#17902);
#6087=VERTEX_POINT('',#17904);
#6088=VERTEX_POINT('',#17907);
#6089=VERTEX_POINT('',#17908);
#6090=VERTEX_POINT('',#17910);
#6091=VERTEX_POINT('',#17912);
#6092=VERTEX_POINT('',#17914);
#6093=VERTEX_POINT('',#17916);
#6094=VERTEX_POINT('',#17918);
#6095=VERTEX_POINT('',#17920);
#6096=VERTEX_POINT('',#17922);
#6097=VERTEX_POINT('',#17924);
#6098=VERTEX_POINT('',#17926);
#6099=VERTEX_POINT('',#17928);
#6100=VERTEX_POINT('',#17931);
#6101=VERTEX_POINT('',#17932);
#6102=VERTEX_POINT('',#17934);
#6103=VERTEX_POINT('',#17936);
#6104=VERTEX_POINT('',#17939);
#6105=VERTEX_POINT('',#17940);
#6106=VERTEX_POINT('',#17942);
#6107=VERTEX_POINT('',#17944);
#6108=VERTEX_POINT('',#17947);
#6109=VERTEX_POINT('',#17948);
#6110=VERTEX_POINT('',#17950);
#6111=VERTEX_POINT('',#17952);
#6112=VERTEX_POINT('',#17955);
#6113=VERTEX_POINT('',#17956);
#6114=VERTEX_POINT('',#17958);
#6115=VERTEX_POINT('',#17960);
#6116=VERTEX_POINT('',#17963);
#6117=VERTEX_POINT('',#17964);
#6118=VERTEX_POINT('',#17966);
#6119=VERTEX_POINT('',#17968);
#6120=VERTEX_POINT('',#17971);
#6121=VERTEX_POINT('',#17972);
#6122=VERTEX_POINT('',#17974);
#6123=VERTEX_POINT('',#17976);
#6124=VERTEX_POINT('',#17979);
#6125=VERTEX_POINT('',#17980);
#6126=VERTEX_POINT('',#17982);
#6127=VERTEX_POINT('',#17984);
#6128=VERTEX_POINT('',#17987);
#6129=VERTEX_POINT('',#17988);
#6130=VERTEX_POINT('',#17990);
#6131=VERTEX_POINT('',#17992);
#6132=VERTEX_POINT('',#17996);
#6133=VERTEX_POINT('',#17998);
#6134=VERTEX_POINT('',#17999);
#6135=VERTEX_POINT('',#18001);
#6136=VERTEX_POINT('',#18003);
#6137=VERTEX_POINT('',#18005);
#6138=VERTEX_POINT('',#18007);
#6139=VERTEX_POINT('',#18009);
#6140=VERTEX_POINT('',#18011);
#6141=VERTEX_POINT('',#18015);
#6142=VERTEX_POINT('',#18017);
#6143=VERTEX_POINT('',#18018);
#6144=VERTEX_POINT('',#18020);
#6145=VERTEX_POINT('',#18022);
#6146=VERTEX_POINT('',#18024);
#6147=VERTEX_POINT('',#18026);
#6148=VERTEX_POINT('',#18028);
#6149=VERTEX_POINT('',#18030);
#6150=VERTEX_POINT('',#18034);
#6151=VERTEX_POINT('',#18036);
#6152=VERTEX_POINT('',#18037);
#6153=VERTEX_POINT('',#18039);
#6154=VERTEX_POINT('',#18041);
#6155=VERTEX_POINT('',#18043);
#6156=VERTEX_POINT('',#18045);
#6157=VERTEX_POINT('',#18047);
#6158=VERTEX_POINT('',#18049);
#6159=VERTEX_POINT('',#18053);
#6160=VERTEX_POINT('',#18055);
#6161=VERTEX_POINT('',#18059);
#6162=VERTEX_POINT('',#18061);
#6163=VERTEX_POINT('',#18069);
#6164=VERTEX_POINT('',#18070);
#6165=VERTEX_POINT('',#18072);
#6166=VERTEX_POINT('',#18074);
#6167=VERTEX_POINT('',#18078);
#6168=VERTEX_POINT('',#18080);
#6169=VERTEX_POINT('',#18084);
#6170=VERTEX_POINT('',#18086);
#6171=VERTEX_POINT('',#18093);
#6172=VERTEX_POINT('',#18095);
#6173=VERTEX_POINT('',#18099);
#6174=VERTEX_POINT('',#18103);
#6175=VERTEX_POINT('',#18110);
#6176=VERTEX_POINT('',#18113);
#6177=VERTEX_POINT('',#18115);
#6178=VERTEX_POINT('',#18119);
#6179=VERTEX_POINT('',#18121);
#6180=VERTEX_POINT('',#18129);
#6181=VERTEX_POINT('',#18130);
#6182=VERTEX_POINT('',#18132);
#6183=VERTEX_POINT('',#18134);
#6184=VERTEX_POINT('',#18138);
#6185=VERTEX_POINT('',#18140);
#6186=VERTEX_POINT('',#18144);
#6187=VERTEX_POINT('',#18146);
#6188=VERTEX_POINT('',#18153);
#6189=VERTEX_POINT('',#18155);
#6190=VERTEX_POINT('',#18159);
#6191=VERTEX_POINT('',#18163);
#6192=VERTEX_POINT('',#18170);
#6193=VERTEX_POINT('',#18173);
#6194=VERTEX_POINT('',#18175);
#6195=VERTEX_POINT('',#18179);
#6196=VERTEX_POINT('',#18181);
#6197=VERTEX_POINT('',#18189);
#6198=VERTEX_POINT('',#18190);
#6199=VERTEX_POINT('',#18192);
#6200=VERTEX_POINT('',#18194);
#6201=VERTEX_POINT('',#18198);
#6202=VERTEX_POINT('',#18200);
#6203=VERTEX_POINT('',#18204);
#6204=VERTEX_POINT('',#18206);
#6205=VERTEX_POINT('',#18213);
#6206=VERTEX_POINT('',#18215);
#6207=VERTEX_POINT('',#18219);
#6208=VERTEX_POINT('',#18223);
#6209=VERTEX_POINT('',#18230);
#6210=VERTEX_POINT('',#18233);
#6211=VERTEX_POINT('',#18234);
#6212=VERTEX_POINT('',#18236);
#6213=VERTEX_POINT('',#18238);
#6214=VERTEX_POINT('',#18241);
#6215=VERTEX_POINT('',#18244);
#6216=VERTEX_POINT('',#18246);
#6217=VERTEX_POINT('',#18249);
#6218=VERTEX_POINT('',#18251);
#6219=VERTEX_POINT('',#18254);
#6220=VERTEX_POINT('',#18258);
#6221=VERTEX_POINT('',#18272);
#6222=VERTEX_POINT('',#18274);
#6223=VERTEX_POINT('',#18277);
#6224=VERTEX_POINT('',#18279);
#6225=VERTEX_POINT('',#18282);
#6226=VERTEX_POINT('',#18286);
#6227=VERTEX_POINT('',#18300);
#6228=VERTEX_POINT('',#18302);
#6229=VERTEX_POINT('',#18305);
#6230=VERTEX_POINT('',#18307);
#6231=VERTEX_POINT('',#18310);
#6232=VERTEX_POINT('',#18314);
#6233=VERTEX_POINT('',#18328);
#6234=VERTEX_POINT('',#18330);
#6235=VERTEX_POINT('',#18333);
#6236=VERTEX_POINT('',#18335);
#6237=VERTEX_POINT('',#18338);
#6238=VERTEX_POINT('',#18342);
#6239=VERTEX_POINT('',#18356);
#6240=VERTEX_POINT('',#18359);
#6241=VERTEX_POINT('',#18362);
#6242=VERTEX_POINT('',#18363);
#6243=VERTEX_POINT('',#18368);
#6244=VERTEX_POINT('',#18369);
#6245=VERTEX_POINT('',#18371);
#6246=VERTEX_POINT('',#18373);
#6247=VERTEX_POINT('',#18375);
#6248=VERTEX_POINT('',#18377);
#6249=VERTEX_POINT('',#18379);
#6250=VERTEX_POINT('',#18381);
#6251=VERTEX_POINT('',#18384);
#6252=VERTEX_POINT('',#18386);
#6253=VERTEX_POINT('',#18390);
#6254=VERTEX_POINT('',#18391);
#6255=VERTEX_POINT('',#18402);
#6256=VERTEX_POINT('',#18404);
#6257=VERTEX_POINT('',#18415);
#6258=VERTEX_POINT('',#18418);
#6259=VERTEX_POINT('',#18421);
#6260=VERTEX_POINT('',#18425);
#6261=VERTEX_POINT('',#18429);
#6262=VERTEX_POINT('',#18438);
#6263=VERTEX_POINT('',#18439);
#6264=VERTEX_POINT('',#18441);
#6265=VERTEX_POINT('',#18443);
#6266=VERTEX_POINT('',#18445);
#6267=VERTEX_POINT('',#18447);
#6268=VERTEX_POINT('',#18449);
#6269=VERTEX_POINT('',#18451);
#6270=VERTEX_POINT('',#18454);
#6271=VERTEX_POINT('',#18457);
#6272=VERTEX_POINT('',#18461);
#6273=VERTEX_POINT('',#18465);
#6274=VERTEX_POINT('',#18477);
#6275=VERTEX_POINT('',#18480);
#6276=VERTEX_POINT('',#18483);
#6277=VERTEX_POINT('',#18486);
#6278=VERTEX_POINT('',#18492);
#6279=VERTEX_POINT('',#18494);
#6280=VERTEX_POINT('',#18497);
#6281=VERTEX_POINT('',#18499);
#6282=VERTEX_POINT('',#18503);
#6283=VERTEX_POINT('',#18507);
#6284=VERTEX_POINT('',#18511);
#6285=VERTEX_POINT('',#18513);
#6286=VERTEX_POINT('',#18517);
#6287=VERTEX_POINT('',#18521);
#6288=VERTEX_POINT('',#18530);
#6289=VERTEX_POINT('',#18534);
#6290=VERTEX_POINT('',#18541);
#6291=VERTEX_POINT('',#18543);
#6292=VERTEX_POINT('',#18547);
#6293=VERTEX_POINT('',#18551);
#6294=VERTEX_POINT('',#18558);
#6295=VERTEX_POINT('',#18560);
#6296=VERTEX_POINT('',#18564);
#6297=VERTEX_POINT('',#18568);
#6298=VERTEX_POINT('',#18572);
#6299=VERTEX_POINT('',#18576);
#6300=VERTEX_POINT('',#18580);
#6301=VERTEX_POINT('',#18584);
#6302=VERTEX_POINT('',#18590);
#6303=VERTEX_POINT('',#18591);
#6304=VERTEX_POINT('',#18593);
#6305=VERTEX_POINT('',#18595);
#6306=VERTEX_POINT('',#18597);
#6307=VERTEX_POINT('',#18599);
#6308=VERTEX_POINT('',#18601);
#6309=VERTEX_POINT('',#18603);
#6310=VERTEX_POINT('',#18607);
#6311=VERTEX_POINT('',#18611);
#6312=VERTEX_POINT('',#18615);
#6313=VERTEX_POINT('',#18619);
#6314=VERTEX_POINT('',#18639);
#6315=VERTEX_POINT('',#18641);
#6316=VERTEX_POINT('',#18645);
#6317=VERTEX_POINT('',#18649);
#6318=VERTEX_POINT('',#18656);
#6319=VERTEX_POINT('',#18658);
#6320=VERTEX_POINT('',#18662);
#6321=VERTEX_POINT('',#18666);
#6322=VERTEX_POINT('',#18670);
#6323=VERTEX_POINT('',#18674);
#6324=VERTEX_POINT('',#18678);
#6325=VERTEX_POINT('',#18682);
#6326=VERTEX_POINT('',#18688);
#6327=VERTEX_POINT('',#18689);
#6328=VERTEX_POINT('',#18691);
#6329=VERTEX_POINT('',#18693);
#6330=VERTEX_POINT('',#18695);
#6331=VERTEX_POINT('',#18697);
#6332=VERTEX_POINT('',#18699);
#6333=VERTEX_POINT('',#18701);
#6334=VERTEX_POINT('',#18705);
#6335=VERTEX_POINT('',#18709);
#6336=VERTEX_POINT('',#18713);
#6337=VERTEX_POINT('',#18717);
#6338=VERTEX_POINT('',#18737);
#6339=VERTEX_POINT('',#18739);
#6340=VERTEX_POINT('',#18743);
#6341=VERTEX_POINT('',#18747);
#6342=VERTEX_POINT('',#18754);
#6343=VERTEX_POINT('',#18756);
#6344=VERTEX_POINT('',#18760);
#6345=VERTEX_POINT('',#18764);
#6346=VERTEX_POINT('',#18768);
#6347=VERTEX_POINT('',#18772);
#6348=VERTEX_POINT('',#18776);
#6349=VERTEX_POINT('',#18780);
#6350=VERTEX_POINT('',#18786);
#6351=VERTEX_POINT('',#18787);
#6352=VERTEX_POINT('',#18789);
#6353=VERTEX_POINT('',#18791);
#6354=VERTEX_POINT('',#18793);
#6355=VERTEX_POINT('',#18795);
#6356=VERTEX_POINT('',#18797);
#6357=VERTEX_POINT('',#18799);
#6358=VERTEX_POINT('',#18803);
#6359=VERTEX_POINT('',#18807);
#6360=VERTEX_POINT('',#18811);
#6361=VERTEX_POINT('',#18815);
#6362=VERTEX_POINT('',#18835);
#6363=VERTEX_POINT('',#18837);
#6364=VERTEX_POINT('',#18841);
#6365=VERTEX_POINT('',#18845);
#6366=VERTEX_POINT('',#18852);
#6367=VERTEX_POINT('',#18854);
#6368=VERTEX_POINT('',#18858);
#6369=VERTEX_POINT('',#18862);
#6370=VERTEX_POINT('',#18866);
#6371=VERTEX_POINT('',#18870);
#6372=VERTEX_POINT('',#18874);
#6373=VERTEX_POINT('',#18878);
#6374=VERTEX_POINT('',#18884);
#6375=VERTEX_POINT('',#18885);
#6376=VERTEX_POINT('',#18887);
#6377=VERTEX_POINT('',#18889);
#6378=VERTEX_POINT('',#18891);
#6379=VERTEX_POINT('',#18893);
#6380=VERTEX_POINT('',#18895);
#6381=VERTEX_POINT('',#18897);
#6382=VERTEX_POINT('',#18901);
#6383=VERTEX_POINT('',#18905);
#6384=VERTEX_POINT('',#18909);
#6385=VERTEX_POINT('',#18913);
#6386=VERTEX_POINT('',#18933);
#6387=VERTEX_POINT('',#18961);
#6388=VERTEX_POINT('',#18978);
#6389=VERTEX_POINT('',#18993);
#6390=VERTEX_POINT('',#19011);
#6391=VERTEX_POINT('',#19023);
#6392=VERTEX_POINT('',#19053);
#6393=VERTEX_POINT('',#19191);
#6394=VERTEX_POINT('',#19207);
#6395=VERTEX_POINT('',#19298);
#6396=VERTEX_POINT('',#19300);
#6397=VERTEX_POINT('',#19303);
#6398=VERTEX_POINT('',#19305);
#6399=VERTEX_POINT('',#19308);
#6400=VERTEX_POINT('',#19314);
#6401=VERTEX_POINT('',#19316);
#6402=VERTEX_POINT('',#19319);
#6403=VERTEX_POINT('',#19321);
#6404=VERTEX_POINT('',#19324);
#6405=VERTEX_POINT('',#19330);
#6406=VERTEX_POINT('',#19332);
#6407=VERTEX_POINT('',#19335);
#6408=VERTEX_POINT('',#19337);
#6409=VERTEX_POINT('',#19340);
#6410=VERTEX_POINT('',#19346);
#6411=VERTEX_POINT('',#19348);
#6412=VERTEX_POINT('',#19351);
#6413=VERTEX_POINT('',#19353);
#6414=VERTEX_POINT('',#19356);
#6415=VERTEX_POINT('',#19362);
#6416=VERTEX_POINT('',#19364);
#6417=VERTEX_POINT('',#19367);
#6418=VERTEX_POINT('',#19369);
#6419=VERTEX_POINT('',#19372);
#6420=VERTEX_POINT('',#19378);
#6421=VERTEX_POINT('',#19380);
#6422=VERTEX_POINT('',#19383);
#6423=VERTEX_POINT('',#19385);
#6424=VERTEX_POINT('',#19388);
#6425=VERTEX_POINT('',#19394);
#6426=VERTEX_POINT('',#19396);
#6427=VERTEX_POINT('',#19399);
#6428=VERTEX_POINT('',#19401);
#6429=VERTEX_POINT('',#19404);
#6430=VERTEX_POINT('',#19410);
#6431=VERTEX_POINT('',#19412);
#6432=VERTEX_POINT('',#19415);
#6433=VERTEX_POINT('',#19417);
#6434=VERTEX_POINT('',#19420);
#6435=VERTEX_POINT('',#19426);
#6436=VERTEX_POINT('',#19428);
#6437=VERTEX_POINT('',#19431);
#6438=VERTEX_POINT('',#19433);
#6439=VERTEX_POINT('',#19436);
#6440=VERTEX_POINT('',#19442);
#6441=VERTEX_POINT('',#19444);
#6442=VERTEX_POINT('',#19447);
#6443=VERTEX_POINT('',#19449);
#6444=VERTEX_POINT('',#19452);
#6445=VERTEX_POINT('',#19458);
#6446=VERTEX_POINT('',#19460);
#6447=VERTEX_POINT('',#19463);
#6448=VERTEX_POINT('',#19465);
#6449=VERTEX_POINT('',#19468);
#6450=VERTEX_POINT('',#19474);
#6451=VERTEX_POINT('',#19476);
#6452=VERTEX_POINT('',#19479);
#6453=VERTEX_POINT('',#19481);
#6454=VERTEX_POINT('',#19484);
#6455=VERTEX_POINT('',#19490);
#6456=VERTEX_POINT('',#19492);
#6457=VERTEX_POINT('',#19495);
#6458=VERTEX_POINT('',#19497);
#6459=VERTEX_POINT('',#19500);
#6460=VERTEX_POINT('',#19506);
#6461=VERTEX_POINT('',#19508);
#6462=VERTEX_POINT('',#19511);
#6463=VERTEX_POINT('',#19513);
#6464=VERTEX_POINT('',#19516);
#6465=VERTEX_POINT('',#19522);
#6466=VERTEX_POINT('',#19524);
#6467=VERTEX_POINT('',#19527);
#6468=VERTEX_POINT('',#19529);
#6469=VERTEX_POINT('',#19532);
#6470=VERTEX_POINT('',#19538);
#6471=VERTEX_POINT('',#19540);
#6472=VERTEX_POINT('',#19543);
#6473=VERTEX_POINT('',#19545);
#6474=VERTEX_POINT('',#19548);
#6475=VERTEX_POINT('',#19554);
#6476=VERTEX_POINT('',#19556);
#6477=VERTEX_POINT('',#19559);
#6478=VERTEX_POINT('',#19561);
#6479=VERTEX_POINT('',#19564);
#6480=VERTEX_POINT('',#19570);
#6481=VERTEX_POINT('',#19572);
#6482=VERTEX_POINT('',#19575);
#6483=VERTEX_POINT('',#19577);
#6484=VERTEX_POINT('',#19580);
#6485=VERTEX_POINT('',#19586);
#6486=VERTEX_POINT('',#19588);
#6487=VERTEX_POINT('',#19591);
#6488=VERTEX_POINT('',#19593);
#6489=VERTEX_POINT('',#19596);
#6490=VERTEX_POINT('',#19602);
#6491=VERTEX_POINT('',#19604);
#6492=VERTEX_POINT('',#19607);
#6493=VERTEX_POINT('',#19611);
#6494=VERTEX_POINT('',#19614);
#6495=VERTEX_POINT('',#19618);
#6496=VERTEX_POINT('',#19620);
#6497=VERTEX_POINT('',#19623);
#6498=VERTEX_POINT('',#19625);
#6499=VERTEX_POINT('',#19628);
#6500=VERTEX_POINT('',#19634);
#6501=VERTEX_POINT('',#19636);
#6502=VERTEX_POINT('',#19640);
#6503=VERTEX_POINT('',#19642);
#6504=VERTEX_POINT('',#19646);
#6505=VERTEX_POINT('',#19648);
#6506=VERTEX_POINT('',#19652);
#6507=VERTEX_POINT('',#19654);
#6508=VERTEX_POINT('',#19670);
#6509=VERTEX_POINT('',#19672);
#6510=VERTEX_POINT('',#19678);
#6511=VERTEX_POINT('',#19684);
#6512=VERTEX_POINT('',#19709);
#6513=VERTEX_POINT('',#19713);
#6514=VERTEX_POINT('',#19717);
#6515=VERTEX_POINT('',#19721);
#6516=VERTEX_POINT('',#19728);
#6517=VERTEX_POINT('',#19729);
#6518=VERTEX_POINT('',#19731);
#6519=VERTEX_POINT('',#19733);
#6520=VERTEX_POINT('',#19735);
#6521=VERTEX_POINT('',#19739);
#6522=VERTEX_POINT('',#19740);
#6523=VERTEX_POINT('',#19742);
#6524=VERTEX_POINT('',#19744);
#6525=VERTEX_POINT('',#19746);
#6526=VERTEX_POINT('',#19751);
#6527=VERTEX_POINT('',#19753);
#6528=VERTEX_POINT('',#19757);
#6529=VERTEX_POINT('',#19759);
#6530=VERTEX_POINT('',#19760);
#6531=VERTEX_POINT('',#19770);
#6532=VERTEX_POINT('',#19774);
#6533=VERTEX_POINT('',#19775);
#6534=VERTEX_POINT('',#19777);
#6535=VERTEX_POINT('',#19779);
#6536=VERTEX_POINT('',#19781);
#6537=VERTEX_POINT('',#19785);
#6538=VERTEX_POINT('',#19786);
#6539=VERTEX_POINT('',#19788);
#6540=VERTEX_POINT('',#19790);
#6541=VERTEX_POINT('',#19792);
#6542=VERTEX_POINT('',#19797);
#6543=VERTEX_POINT('',#19799);
#6544=VERTEX_POINT('',#19803);
#6545=VERTEX_POINT('',#19805);
#6546=VERTEX_POINT('',#19807);
#6547=VERTEX_POINT('',#19816);
#6548=VERTEX_POINT('',#19820);
#6549=VERTEX_POINT('',#19821);
#6550=VERTEX_POINT('',#19823);
#6551=VERTEX_POINT('',#19825);
#6552=VERTEX_POINT('',#19827);
#6553=VERTEX_POINT('',#19831);
#6554=VERTEX_POINT('',#19832);
#6555=VERTEX_POINT('',#19834);
#6556=VERTEX_POINT('',#19836);
#6557=VERTEX_POINT('',#19838);
#6558=VERTEX_POINT('',#19843);
#6559=VERTEX_POINT('',#19845);
#6560=VERTEX_POINT('',#19849);
#6561=VERTEX_POINT('',#19851);
#6562=VERTEX_POINT('',#19853);
#6563=VERTEX_POINT('',#19862);
#6564=VERTEX_POINT('',#19866);
#6565=VERTEX_POINT('',#19867);
#6566=VERTEX_POINT('',#19869);
#6567=VERTEX_POINT('',#19871);
#6568=VERTEX_POINT('',#19873);
#6569=VERTEX_POINT('',#19877);
#6570=VERTEX_POINT('',#19878);
#6571=VERTEX_POINT('',#19880);
#6572=VERTEX_POINT('',#19882);
#6573=VERTEX_POINT('',#19884);
#6574=VERTEX_POINT('',#19889);
#6575=VERTEX_POINT('',#19891);
#6576=VERTEX_POINT('',#19895);
#6577=VERTEX_POINT('',#19897);
#6578=VERTEX_POINT('',#19899);
#6579=VERTEX_POINT('',#19908);
#6580=VERTEX_POINT('',#19912);
#6581=VERTEX_POINT('',#19913);
#6582=VERTEX_POINT('',#19915);
#6583=VERTEX_POINT('',#19917);
#6584=VERTEX_POINT('',#19919);
#6585=VERTEX_POINT('',#19923);
#6586=VERTEX_POINT('',#19924);
#6587=VERTEX_POINT('',#19926);
#6588=VERTEX_POINT('',#19928);
#6589=VERTEX_POINT('',#19930);
#6590=VERTEX_POINT('',#19935);
#6591=VERTEX_POINT('',#19937);
#6592=VERTEX_POINT('',#19941);
#6593=VERTEX_POINT('',#19943);
#6594=VERTEX_POINT('',#19945);
#6595=VERTEX_POINT('',#19954);
#6596=VERTEX_POINT('',#19958);
#6597=VERTEX_POINT('',#19959);
#6598=VERTEX_POINT('',#19961);
#6599=VERTEX_POINT('',#19963);
#6600=VERTEX_POINT('',#19965);
#6601=VERTEX_POINT('',#19969);
#6602=VERTEX_POINT('',#19970);
#6603=VERTEX_POINT('',#19972);
#6604=VERTEX_POINT('',#19974);
#6605=VERTEX_POINT('',#19976);
#6606=VERTEX_POINT('',#19981);
#6607=VERTEX_POINT('',#19983);
#6608=VERTEX_POINT('',#19987);
#6609=VERTEX_POINT('',#19989);
#6610=VERTEX_POINT('',#19991);
#6611=VERTEX_POINT('',#20000);
#6612=VERTEX_POINT('',#20004);
#6613=VERTEX_POINT('',#20005);
#6614=VERTEX_POINT('',#20007);
#6615=VERTEX_POINT('',#20009);
#6616=VERTEX_POINT('',#20011);
#6617=VERTEX_POINT('',#20015);
#6618=VERTEX_POINT('',#20016);
#6619=VERTEX_POINT('',#20018);
#6620=VERTEX_POINT('',#20020);
#6621=VERTEX_POINT('',#20022);
#6622=VERTEX_POINT('',#20027);
#6623=VERTEX_POINT('',#20029);
#6624=VERTEX_POINT('',#20033);
#6625=VERTEX_POINT('',#20035);
#6626=VERTEX_POINT('',#20037);
#6627=VERTEX_POINT('',#20046);
#6628=VERTEX_POINT('',#20050);
#6629=VERTEX_POINT('',#20051);
#6630=VERTEX_POINT('',#20053);
#6631=VERTEX_POINT('',#20055);
#6632=VERTEX_POINT('',#20057);
#6633=VERTEX_POINT('',#20061);
#6634=VERTEX_POINT('',#20062);
#6635=VERTEX_POINT('',#20064);
#6636=VERTEX_POINT('',#20066);
#6637=VERTEX_POINT('',#20068);
#6638=VERTEX_POINT('',#20073);
#6639=VERTEX_POINT('',#20075);
#6640=VERTEX_POINT('',#20079);
#6641=VERTEX_POINT('',#20081);
#6642=VERTEX_POINT('',#20082);
#6643=VERTEX_POINT('',#20092);
#6644=VERTEX_POINT('',#20096);
#6645=VERTEX_POINT('',#20097);
#6646=VERTEX_POINT('',#20099);
#6647=VERTEX_POINT('',#20101);
#6648=VERTEX_POINT('',#20103);
#6649=VERTEX_POINT('',#20107);
#6650=VERTEX_POINT('',#20108);
#6651=VERTEX_POINT('',#20110);
#6652=VERTEX_POINT('',#20112);
#6653=VERTEX_POINT('',#20114);
#6654=VERTEX_POINT('',#20119);
#6655=VERTEX_POINT('',#20121);
#6656=VERTEX_POINT('',#20125);
#6657=VERTEX_POINT('',#20127);
#6658=VERTEX_POINT('',#20129);
#6659=VERTEX_POINT('',#20138);
#6660=VERTEX_POINT('',#20142);
#6661=VERTEX_POINT('',#20143);
#6662=VERTEX_POINT('',#20145);
#6663=VERTEX_POINT('',#20147);
#6664=VERTEX_POINT('',#20149);
#6665=VERTEX_POINT('',#20153);
#6666=VERTEX_POINT('',#20154);
#6667=VERTEX_POINT('',#20156);
#6668=VERTEX_POINT('',#20158);
#6669=VERTEX_POINT('',#20160);
#6670=VERTEX_POINT('',#20165);
#6671=VERTEX_POINT('',#20167);
#6672=VERTEX_POINT('',#20171);
#6673=VERTEX_POINT('',#20173);
#6674=VERTEX_POINT('',#20174);
#6675=VERTEX_POINT('',#20184);
#6676=VERTEX_POINT('',#20188);
#6677=VERTEX_POINT('',#20189);
#6678=VERTEX_POINT('',#20191);
#6679=VERTEX_POINT('',#20193);
#6680=VERTEX_POINT('',#20195);
#6681=VERTEX_POINT('',#20199);
#6682=VERTEX_POINT('',#20200);
#6683=VERTEX_POINT('',#20202);
#6684=VERTEX_POINT('',#20204);
#6685=VERTEX_POINT('',#20206);
#6686=VERTEX_POINT('',#20211);
#6687=VERTEX_POINT('',#20213);
#6688=VERTEX_POINT('',#20217);
#6689=VERTEX_POINT('',#20219);
#6690=VERTEX_POINT('',#20220);
#6691=VERTEX_POINT('',#20230);
#6692=VERTEX_POINT('',#20234);
#6693=VERTEX_POINT('',#20235);
#6694=VERTEX_POINT('',#20237);
#6695=VERTEX_POINT('',#20239);
#6696=VERTEX_POINT('',#20241);
#6697=VERTEX_POINT('',#20245);
#6698=VERTEX_POINT('',#20246);
#6699=VERTEX_POINT('',#20248);
#6700=VERTEX_POINT('',#20250);
#6701=VERTEX_POINT('',#20252);
#6702=VERTEX_POINT('',#20257);
#6703=VERTEX_POINT('',#20259);
#6704=VERTEX_POINT('',#20263);
#6705=VERTEX_POINT('',#20265);
#6706=VERTEX_POINT('',#20267);
#6707=VERTEX_POINT('',#20276);
#6708=VERTEX_POINT('',#20280);
#6709=VERTEX_POINT('',#20281);
#6710=VERTEX_POINT('',#20283);
#6711=VERTEX_POINT('',#20285);
#6712=VERTEX_POINT('',#20287);
#6713=VERTEX_POINT('',#20291);
#6714=VERTEX_POINT('',#20292);
#6715=VERTEX_POINT('',#20294);
#6716=VERTEX_POINT('',#20296);
#6717=VERTEX_POINT('',#20298);
#6718=VERTEX_POINT('',#20303);
#6719=VERTEX_POINT('',#20305);
#6720=VERTEX_POINT('',#20309);
#6721=VERTEX_POINT('',#20311);
#6722=VERTEX_POINT('',#20312);
#6723=VERTEX_POINT('',#20322);
#6724=VERTEX_POINT('',#20326);
#6725=VERTEX_POINT('',#20327);
#6726=VERTEX_POINT('',#20329);
#6727=VERTEX_POINT('',#20331);
#6728=VERTEX_POINT('',#20333);
#6729=VERTEX_POINT('',#20337);
#6730=VERTEX_POINT('',#20338);
#6731=VERTEX_POINT('',#20340);
#6732=VERTEX_POINT('',#20342);
#6733=VERTEX_POINT('',#20344);
#6734=VERTEX_POINT('',#20349);
#6735=VERTEX_POINT('',#20351);
#6736=VERTEX_POINT('',#20355);
#6737=VERTEX_POINT('',#20357);
#6738=VERTEX_POINT('',#20359);
#6739=VERTEX_POINT('',#20368);
#6740=VERTEX_POINT('',#20372);
#6741=VERTEX_POINT('',#20373);
#6742=VERTEX_POINT('',#20375);
#6743=VERTEX_POINT('',#20377);
#6744=VERTEX_POINT('',#20379);
#6745=VERTEX_POINT('',#20383);
#6746=VERTEX_POINT('',#20384);
#6747=VERTEX_POINT('',#20386);
#6748=VERTEX_POINT('',#20388);
#6749=VERTEX_POINT('',#20390);
#6750=VERTEX_POINT('',#20395);
#6751=VERTEX_POINT('',#20397);
#6752=VERTEX_POINT('',#20401);
#6753=VERTEX_POINT('',#20403);
#6754=VERTEX_POINT('',#20405);
#6755=VERTEX_POINT('',#20414);
#6756=VERTEX_POINT('',#20418);
#6757=VERTEX_POINT('',#20419);
#6758=VERTEX_POINT('',#20421);
#6759=VERTEX_POINT('',#20423);
#6760=VERTEX_POINT('',#20425);
#6761=VERTEX_POINT('',#20429);
#6762=VERTEX_POINT('',#20430);
#6763=VERTEX_POINT('',#20432);
#6764=VERTEX_POINT('',#20434);
#6765=VERTEX_POINT('',#20436);
#6766=VERTEX_POINT('',#20441);
#6767=VERTEX_POINT('',#20443);
#6768=VERTEX_POINT('',#20447);
#6769=VERTEX_POINT('',#20449);
#6770=VERTEX_POINT('',#20451);
#6771=VERTEX_POINT('',#20460);
#6772=LINE('',#16965,#7834);
#6773=LINE('',#16968,#7835);
#6774=LINE('',#16970,#7836);
#6775=LINE('',#16972,#7837);
#6776=LINE('',#16973,#7838);
#6777=LINE('',#16976,#7839);
#6778=LINE('',#16978,#7840);
#6779=LINE('',#16980,#7841);
#6780=LINE('',#16981,#7842);
#6781=LINE('',#16984,#7843);
#6782=LINE('',#16986,#7844);
#6783=LINE('',#16988,#7845);
#6784=LINE('',#16992,#7846);
#6785=LINE('',#16996,#7847);
#6786=LINE('',#16998,#7848);
#6787=LINE('',#17000,#7849);
#6788=LINE('',#17001,#7850);
#6789=LINE('',#17004,#7851);
#6790=LINE('',#17006,#7852);
#6791=LINE('',#17008,#7853);
#6792=LINE('',#17009,#7854);
#6793=LINE('',#17012,#7855);
#6794=LINE('',#17014,#7856);
#6795=LINE('',#17016,#7857);
#6796=LINE('',#17017,#7858);
#6797=LINE('',#17020,#7859);
#6798=LINE('',#17022,#7860);
#6799=LINE('',#17024,#7861);
#6800=LINE('',#17025,#7862);
#6801=LINE('',#17028,#7863);
#6802=LINE('',#17030,#7864);
#6803=LINE('',#17032,#7865);
#6804=LINE('',#17034,#7866);
#6805=LINE('',#17037,#7867);
#6806=LINE('',#17039,#7868);
#6807=LINE('',#17041,#7869);
#6808=LINE('',#17042,#7870);
#6809=LINE('',#17045,#7871);
#6810=LINE('',#17047,#7872);
#6811=LINE('',#17049,#7873);
#6812=LINE('',#17050,#7874);
#6813=LINE('',#17053,#7875);
#6814=LINE('',#17055,#7876);
#6815=LINE('',#17057,#7877);
#6816=LINE('',#17058,#7878);
#6817=LINE('',#17061,#7879);
#6818=LINE('',#17063,#7880);
#6819=LINE('',#17065,#7881);
#6820=LINE('',#17067,#7882);
#6821=LINE('',#17070,#7883);
#6822=LINE('',#17072,#7884);
#6823=LINE('',#17074,#7885);
#6824=LINE('',#17075,#7886);
#6825=LINE('',#17078,#7887);
#6826=LINE('',#17080,#7888);
#6827=LINE('',#17082,#7889);
#6828=LINE('',#17083,#7890);
#6829=LINE('',#17086,#7891);
#6830=LINE('',#17088,#7892);
#6831=LINE('',#17090,#7893);
#6832=LINE('',#17091,#7894);
#6833=LINE('',#17094,#7895);
#6834=LINE('',#17096,#7896);
#6835=LINE('',#17098,#7897);
#6836=LINE('',#17099,#7898);
#6837=LINE('',#17102,#7899);
#6838=LINE('',#17104,#7900);
#6839=LINE('',#17106,#7901);
#6840=LINE('',#17107,#7902);
#6841=LINE('',#17110,#7903);
#6842=LINE('',#17112,#7904);
#6843=LINE('',#17114,#7905);
#6844=LINE('',#17116,#7906);
#6845=LINE('',#17119,#7907);
#6846=LINE('',#17121,#7908);
#6847=LINE('',#17123,#7909);
#6848=LINE('',#17124,#7910);
#6849=LINE('',#17127,#7911);
#6850=LINE('',#17129,#7912);
#6851=LINE('',#17131,#7913);
#6852=LINE('',#17132,#7914);
#6853=LINE('',#17135,#7915);
#6854=LINE('',#17137,#7916);
#6855=LINE('',#17139,#7917);
#6856=LINE('',#17140,#7918);
#6857=LINE('',#17143,#7919);
#6858=LINE('',#17145,#7920);
#6859=LINE('',#17147,#7921);
#6860=LINE('',#17149,#7922);
#6861=LINE('',#17152,#7923);
#6862=LINE('',#17159,#7924);
#6863=LINE('',#17161,#7925);
#6864=LINE('',#17163,#7926);
#6865=LINE('',#17168,#7927);
#6866=LINE('',#17172,#7928);
#6867=LINE('',#17176,#7929);
#6868=LINE('',#17179,#7930);
#6869=LINE('',#17184,#7931);
#6870=LINE('',#17188,#7932);
#6871=LINE('',#17192,#7933);
#6872=LINE('',#17196,#7934);
#6873=LINE('',#17201,#7935);
#6874=LINE('',#17227,#7936);
#6875=LINE('',#17230,#7937);
#6876=LINE('',#17232,#7938);
#6877=LINE('',#17234,#7939);
#6878=LINE('',#17235,#7940);
#6879=LINE('',#17238,#7941);
#6880=LINE('',#17240,#7942);
#6881=LINE('',#17242,#7943);
#6882=LINE('',#17243,#7944);
#6883=LINE('',#17246,#7945);
#6884=LINE('',#17248,#7946);
#6885=LINE('',#17250,#7947);
#6886=LINE('',#17251,#7948);
#6887=LINE('',#17254,#7949);
#6888=LINE('',#17256,#7950);
#6889=LINE('',#17258,#7951);
#6890=LINE('',#17259,#7952);
#6891=LINE('',#17264,#7953);
#6892=LINE('',#17266,#7954);
#6893=LINE('',#17268,#7955);
#6894=LINE('',#17270,#7956);
#6895=LINE('',#17274,#7957);
#6896=LINE('',#17276,#7958);
#6897=LINE('',#17278,#7959);
#6898=LINE('',#17279,#7960);
#6899=LINE('',#17282,#7961);
#6900=LINE('',#17284,#7962);
#6901=LINE('',#17286,#7963);
#6902=LINE('',#17288,#7964);
#6903=LINE('',#17290,#7965);
#6904=LINE('',#17292,#7966);
#6905=LINE('',#17294,#7967);
#6906=LINE('',#17295,#7968);
#6907=LINE('',#17298,#7969);
#6908=LINE('',#17300,#7970);
#6909=LINE('',#17302,#7971);
#6910=LINE('',#17304,#7972);
#6911=LINE('',#17306,#7973);
#6912=LINE('',#17308,#7974);
#6913=LINE('',#17310,#7975);
#6914=LINE('',#17311,#7976);
#6915=LINE('',#17314,#7977);
#6916=LINE('',#17316,#7978);
#6917=LINE('',#17318,#7979);
#6918=LINE('',#17320,#7980);
#6919=LINE('',#17322,#7981);
#6920=LINE('',#17324,#7982);
#6921=LINE('',#17326,#7983);
#6922=LINE('',#17327,#7984);
#6923=LINE('',#17330,#7985);
#6924=LINE('',#17332,#7986);
#6925=LINE('',#17334,#7987);
#6926=LINE('',#17336,#7988);
#6927=LINE('',#17338,#7989);
#6928=LINE('',#17340,#7990);
#6929=LINE('',#17342,#7991);
#6930=LINE('',#17345,#7992);
#6931=LINE('',#17348,#7993);
#6932=LINE('',#17350,#7994);
#6933=LINE('',#17352,#7995);
#6934=LINE('',#17369,#7996);
#6935=LINE('',#17372,#7997);
#6936=LINE('',#17374,#7998);
#6937=LINE('',#17376,#7999);
#6938=LINE('',#17381,#8000);
#6939=LINE('',#17384,#8001);
#6940=LINE('',#17386,#8002);
#6941=LINE('',#17388,#8003);
#6942=LINE('',#17393,#8004);
#6943=LINE('',#17396,#8005);
#6944=LINE('',#17398,#8006);
#6945=LINE('',#17400,#8007);
#6946=LINE('',#17405,#8008);
#6947=LINE('',#17408,#8009);
#6948=LINE('',#17410,#8010);
#6949=LINE('',#17412,#8011);
#6950=LINE('',#17415,#8012);
#6951=LINE('',#17418,#8013);
#6952=LINE('',#17420,#8014);
#6953=LINE('',#17422,#8015);
#6954=LINE('',#17431,#8016);
#6955=LINE('',#17434,#8017);
#6956=LINE('',#17436,#8018);
#6957=LINE('',#17438,#8019);
#6958=LINE('',#17447,#8020);
#6959=LINE('',#17450,#8021);
#6960=LINE('',#17452,#8022);
#6961=LINE('',#17454,#8023);
#6962=LINE('',#17463,#8024);
#6963=LINE('',#17466,#8025);
#6964=LINE('',#17468,#8026);
#6965=LINE('',#17470,#8027);
#6966=LINE('',#17479,#8028);
#6967=LINE('',#17484,#8029);
#6968=LINE('',#17488,#8030);
#6969=LINE('',#17490,#8031);
#6970=LINE('',#17492,#8032);
#6971=LINE('',#17494,#8033);
#6972=LINE('',#17498,#8034);
#6973=LINE('',#17500,#8035);
#6974=LINE('',#17502,#8036);
#6975=LINE('',#17506,#8037);
#6976=LINE('',#17508,#8038);
#6977=LINE('',#17510,#8039);
#6978=LINE('',#17512,#8040);
#6979=LINE('',#17514,#8041);
#6980=LINE('',#17518,#8042);
#6981=LINE('',#17522,#8043);
#6982=LINE('',#17524,#8044);
#6983=LINE('',#17526,#8045);
#6984=LINE('',#17528,#8046);
#6985=LINE('',#17530,#8047);
#6986=LINE('',#17532,#8048);
#6987=LINE('',#17534,#8049);
#6988=LINE('',#17536,#8050);
#6989=LINE('',#17537,#8051);
#6990=LINE('',#17542,#8052);
#6991=LINE('',#17544,#8053);
#6992=LINE('',#17548,#8054);
#6993=LINE('',#17550,#8055);
#6994=LINE('',#17552,#8056);
#6995=LINE('',#17556,#8057);
#6996=LINE('',#17558,#8058);
#6997=LINE('',#17562,#8059);
#6998=LINE('',#17564,#8060);
#6999=LINE('',#17566,#8061);
#7000=LINE('',#17568,#8062);
#7001=LINE('',#17572,#8063);
#7002=LINE('',#17576,#8064);
#7003=LINE('',#17578,#8065);
#7004=LINE('',#17580,#8066);
#7005=LINE('',#17582,#8067);
#7006=LINE('',#17586,#8068);
#7007=LINE('',#17588,#8069);
#7008=LINE('',#17592,#8070);
#7009=LINE('',#17594,#8071);
#7010=LINE('',#17598,#8072);
#7011=LINE('',#17600,#8073);
#7012=LINE('',#17602,#8074);
#7013=LINE('',#17604,#8075);
#7014=LINE('',#17605,#8076);
#7015=LINE('',#17608,#8077);
#7016=LINE('',#17610,#8078);
#7017=LINE('',#17612,#8079);
#7018=LINE('',#17614,#8080);
#7019=LINE('',#17616,#8081);
#7020=LINE('',#17618,#8082);
#7021=LINE('',#17620,#8083);
#7022=LINE('',#17622,#8084);
#7023=LINE('',#17624,#8085);
#7024=LINE('',#17626,#8086);
#7025=LINE('',#17628,#8087);
#7026=LINE('',#17629,#8088);
#7027=LINE('',#17632,#8089);
#7028=LINE('',#17634,#8090);
#7029=LINE('',#17636,#8091);
#7030=LINE('',#17637,#8092);
#7031=LINE('',#17640,#8093);
#7032=LINE('',#17642,#8094);
#7033=LINE('',#17644,#8095);
#7034=LINE('',#17645,#8096);
#7035=LINE('',#17648,#8097);
#7036=LINE('',#17650,#8098);
#7037=LINE('',#17652,#8099);
#7038=LINE('',#17653,#8100);
#7039=LINE('',#17656,#8101);
#7040=LINE('',#17658,#8102);
#7041=LINE('',#17660,#8103);
#7042=LINE('',#17662,#8104);
#7043=LINE('',#17665,#8105);
#7044=LINE('',#17667,#8106);
#7045=LINE('',#17669,#8107);
#7046=LINE('',#17670,#8108);
#7047=LINE('',#17673,#8109);
#7048=LINE('',#17675,#8110);
#7049=LINE('',#17677,#8111);
#7050=LINE('',#17679,#8112);
#7051=LINE('',#17681,#8113);
#7052=LINE('',#17683,#8114);
#7053=LINE('',#17685,#8115);
#7054=LINE('',#17686,#8116);
#7055=LINE('',#17689,#8117);
#7056=LINE('',#17691,#8118);
#7057=LINE('',#17693,#8119);
#7058=LINE('',#17697,#8120);
#7059=LINE('',#17701,#8121);
#7060=LINE('',#17705,#8122);
#7061=LINE('',#17709,#8123);
#7062=LINE('',#17713,#8124);
#7063=LINE('',#17717,#8125);
#7064=LINE('',#17721,#8126);
#7065=LINE('',#17725,#8127);
#7066=LINE('',#17729,#8128);
#7067=LINE('',#17733,#8129);
#7068=LINE('',#17737,#8130);
#7069=LINE('',#17741,#8131);
#7070=LINE('',#17745,#8132);
#7071=LINE('',#17749,#8133);
#7072=LINE('',#17753,#8134);
#7073=LINE('',#17757,#8135);
#7074=LINE('',#17762,#8136);
#7075=LINE('',#17765,#8137);
#7076=LINE('',#17767,#8138);
#7077=LINE('',#17769,#8139);
#7078=LINE('',#17774,#8140);
#7079=LINE('',#17777,#8141);
#7080=LINE('',#17779,#8142);
#7081=LINE('',#17781,#8143);
#7082=LINE('',#17786,#8144);
#7083=LINE('',#17789,#8145);
#7084=LINE('',#17791,#8146);
#7085=LINE('',#17793,#8147);
#7086=LINE('',#17798,#8148);
#7087=LINE('',#17801,#8149);
#7088=LINE('',#17803,#8150);
#7089=LINE('',#17805,#8151);
#7090=LINE('',#17806,#8152);
#7091=LINE('',#17811,#8153);
#7092=LINE('',#17815,#8154);
#7093=LINE('',#17819,#8155);
#7094=LINE('',#17830,#8156);
#7095=LINE('',#17833,#8157);
#7096=LINE('',#17835,#8158);
#7097=LINE('',#17837,#8159);
#7098=LINE('',#17842,#8160);
#7099=LINE('',#17845,#8161);
#7100=LINE('',#17847,#8162);
#7101=LINE('',#17849,#8163);
#7102=LINE('',#17850,#8164);
#7103=LINE('',#17853,#8165);
#7104=LINE('',#17855,#8166);
#7105=LINE('',#17857,#8167);
#7106=LINE('',#17858,#8168);
#7107=LINE('',#17861,#8169);
#7108=LINE('',#17863,#8170);
#7109=LINE('',#17865,#8171);
#7110=LINE('',#17866,#8172);
#7111=LINE('',#17869,#8173);
#7112=LINE('',#17871,#8174);
#7113=LINE('',#17873,#8175);
#7114=LINE('',#17874,#8176);
#7115=LINE('',#17877,#8177);
#7116=LINE('',#17879,#8178);
#7117=LINE('',#17881,#8179);
#7118=LINE('',#17882,#8180);
#7119=LINE('',#17885,#8181);
#7120=LINE('',#17887,#8182);
#7121=LINE('',#17889,#8183);
#7122=LINE('',#17890,#8184);
#7123=LINE('',#17893,#8185);
#7124=LINE('',#17895,#8186);
#7125=LINE('',#17897,#8187);
#7126=LINE('',#17898,#8188);
#7127=LINE('',#17901,#8189);
#7128=LINE('',#17903,#8190);
#7129=LINE('',#17905,#8191);
#7130=LINE('',#17906,#8192);
#7131=LINE('',#17909,#8193);
#7132=LINE('',#17911,#8194);
#7133=LINE('',#17913,#8195);
#7134=LINE('',#17915,#8196);
#7135=LINE('',#17917,#8197);
#7136=LINE('',#17919,#8198);
#7137=LINE('',#17921,#8199);
#7138=LINE('',#17923,#8200);
#7139=LINE('',#17925,#8201);
#7140=LINE('',#17927,#8202);
#7141=LINE('',#17929,#8203);
#7142=LINE('',#17930,#8204);
#7143=LINE('',#17933,#8205);
#7144=LINE('',#17935,#8206);
#7145=LINE('',#17937,#8207);
#7146=LINE('',#17938,#8208);
#7147=LINE('',#17941,#8209);
#7148=LINE('',#17943,#8210);
#7149=LINE('',#17945,#8211);
#7150=LINE('',#17946,#8212);
#7151=LINE('',#17949,#8213);
#7152=LINE('',#17951,#8214);
#7153=LINE('',#17953,#8215);
#7154=LINE('',#17954,#8216);
#7155=LINE('',#17957,#8217);
#7156=LINE('',#17959,#8218);
#7157=LINE('',#17961,#8219);
#7158=LINE('',#17962,#8220);
#7159=LINE('',#17965,#8221);
#7160=LINE('',#17967,#8222);
#7161=LINE('',#17969,#8223);
#7162=LINE('',#17970,#8224);
#7163=LINE('',#17973,#8225);
#7164=LINE('',#17975,#8226);
#7165=LINE('',#17977,#8227);
#7166=LINE('',#17978,#8228);
#7167=LINE('',#17981,#8229);
#7168=LINE('',#17983,#8230);
#7169=LINE('',#17985,#8231);
#7170=LINE('',#17986,#8232);
#7171=LINE('',#17989,#8233);
#7172=LINE('',#17991,#8234);
#7173=LINE('',#17993,#8235);
#7174=LINE('',#17997,#8236);
#7175=LINE('',#18000,#8237);
#7176=LINE('',#18002,#8238);
#7177=LINE('',#18004,#8239);
#7178=LINE('',#18006,#8240);
#7179=LINE('',#18008,#8241);
#7180=LINE('',#18010,#8242);
#7181=LINE('',#18012,#8243);
#7182=LINE('',#18016,#8244);
#7183=LINE('',#18019,#8245);
#7184=LINE('',#18021,#8246);
#7185=LINE('',#18023,#8247);
#7186=LINE('',#18025,#8248);
#7187=LINE('',#18027,#8249);
#7188=LINE('',#18029,#8250);
#7189=LINE('',#18031,#8251);
#7190=LINE('',#18035,#8252);
#7191=LINE('',#18038,#8253);
#7192=LINE('',#18040,#8254);
#7193=LINE('',#18042,#8255);
#7194=LINE('',#18044,#8256);
#7195=LINE('',#18046,#8257);
#7196=LINE('',#18048,#8258);
#7197=LINE('',#18050,#8259);
#7198=LINE('',#18052,#8260);
#7199=LINE('',#18054,#8261);
#7200=LINE('',#18056,#8262);
#7201=LINE('',#18058,#8263);
#7202=LINE('',#18060,#8264);
#7203=LINE('',#18062,#8265);
#7204=LINE('',#18064,#8266);
#7205=LINE('',#18066,#8267);
#7206=LINE('',#18068,#8268);
#7207=LINE('',#18071,#8269);
#7208=LINE('',#18073,#8270);
#7209=LINE('',#18075,#8271);
#7210=LINE('',#18077,#8272);
#7211=LINE('',#18079,#8273);
#7212=LINE('',#18081,#8274);
#7213=LINE('',#18083,#8275);
#7214=LINE('',#18085,#8276);
#7215=LINE('',#18087,#8277);
#7216=LINE('',#18089,#8278);
#7217=LINE('',#18090,#8279);
#7218=LINE('',#18092,#8280);
#7219=LINE('',#18094,#8281);
#7220=LINE('',#18096,#8282);
#7221=LINE('',#18098,#8283);
#7222=LINE('',#18100,#8284);
#7223=LINE('',#18102,#8285);
#7224=LINE('',#18104,#8286);
#7225=LINE('',#18106,#8287);
#7226=LINE('',#18112,#8288);
#7227=LINE('',#18114,#8289);
#7228=LINE('',#18116,#8290);
#7229=LINE('',#18118,#8291);
#7230=LINE('',#18120,#8292);
#7231=LINE('',#18122,#8293);
#7232=LINE('',#18124,#8294);
#7233=LINE('',#18126,#8295);
#7234=LINE('',#18128,#8296);
#7235=LINE('',#18131,#8297);
#7236=LINE('',#18133,#8298);
#7237=LINE('',#18135,#8299);
#7238=LINE('',#18137,#8300);
#7239=LINE('',#18139,#8301);
#7240=LINE('',#18141,#8302);
#7241=LINE('',#18143,#8303);
#7242=LINE('',#18145,#8304);
#7243=LINE('',#18147,#8305);
#7244=LINE('',#18149,#8306);
#7245=LINE('',#18150,#8307);
#7246=LINE('',#18152,#8308);
#7247=LINE('',#18154,#8309);
#7248=LINE('',#18156,#8310);
#7249=LINE('',#18158,#8311);
#7250=LINE('',#18160,#8312);
#7251=LINE('',#18162,#8313);
#7252=LINE('',#18164,#8314);
#7253=LINE('',#18166,#8315);
#7254=LINE('',#18172,#8316);
#7255=LINE('',#18174,#8317);
#7256=LINE('',#18176,#8318);
#7257=LINE('',#18178,#8319);
#7258=LINE('',#18180,#8320);
#7259=LINE('',#18182,#8321);
#7260=LINE('',#18184,#8322);
#7261=LINE('',#18186,#8323);
#7262=LINE('',#18188,#8324);
#7263=LINE('',#18191,#8325);
#7264=LINE('',#18193,#8326);
#7265=LINE('',#18195,#8327);
#7266=LINE('',#18197,#8328);
#7267=LINE('',#18199,#8329);
#7268=LINE('',#18201,#8330);
#7269=LINE('',#18203,#8331);
#7270=LINE('',#18205,#8332);
#7271=LINE('',#18207,#8333);
#7272=LINE('',#18209,#8334);
#7273=LINE('',#18210,#8335);
#7274=LINE('',#18212,#8336);
#7275=LINE('',#18214,#8337);
#7276=LINE('',#18216,#8338);
#7277=LINE('',#18218,#8339);
#7278=LINE('',#18220,#8340);
#7279=LINE('',#18222,#8341);
#7280=LINE('',#18224,#8342);
#7281=LINE('',#18226,#8343);
#7282=LINE('',#18232,#8344);
#7283=LINE('',#18235,#8345);
#7284=LINE('',#18237,#8346);
#7285=LINE('',#18239,#8347);
#7286=LINE('',#18262,#8348);
#7287=LINE('',#18263,#8349);
#7288=LINE('',#18265,#8350);
#7289=LINE('',#18267,#8351);
#7290=LINE('',#18290,#8352);
#7291=LINE('',#18291,#8353);
#7292=LINE('',#18293,#8354);
#7293=LINE('',#18295,#8355);
#7294=LINE('',#18318,#8356);
#7295=LINE('',#18319,#8357);
#7296=LINE('',#18321,#8358);
#7297=LINE('',#18323,#8359);
#7298=LINE('',#18346,#8360);
#7299=LINE('',#18347,#8361);
#7300=LINE('',#18349,#8362);
#7301=LINE('',#18351,#8363);
#7302=LINE('',#18361,#8364);
#7303=LINE('',#18364,#8365);
#7304=LINE('',#18365,#8366);
#7305=LINE('',#18367,#8367);
#7306=LINE('',#18372,#8368);
#7307=LINE('',#18376,#8369);
#7308=LINE('',#18380,#8370);
#7309=LINE('',#18383,#8371);
#7310=LINE('',#18385,#8372);
#7311=LINE('',#18387,#8373);
#7312=LINE('',#18389,#8374);
#7313=LINE('',#18392,#8375);
#7314=LINE('',#18393,#8376);
#7315=LINE('',#18403,#8377);
#7316=LINE('',#18407,#8378);
#7317=LINE('',#18408,#8379);
#7318=LINE('',#18437,#8380);
#7319=LINE('',#18440,#8381);
#7320=LINE('',#18442,#8382);
#7321=LINE('',#18444,#8383);
#7322=LINE('',#18446,#8384);
#7323=LINE('',#18448,#8385);
#7324=LINE('',#18450,#8386);
#7325=LINE('',#18452,#8387);
#7326=LINE('',#18468,#8388);
#7327=LINE('',#18469,#8389);
#7328=LINE('',#18471,#8390);
#7329=LINE('',#18473,#8391);
#7330=LINE('',#18491,#8392);
#7331=LINE('',#18493,#8393);
#7332=LINE('',#18495,#8394);
#7333=LINE('',#18496,#8395);
#7334=LINE('',#18498,#8396);
#7335=LINE('',#18500,#8397);
#7336=LINE('',#18502,#8398);
#7337=LINE('',#18504,#8399);
#7338=LINE('',#18506,#8400);
#7339=LINE('',#18508,#8401);
#7340=LINE('',#18510,#8402);
#7341=LINE('',#18512,#8403);
#7342=LINE('',#18514,#8404);
#7343=LINE('',#18516,#8405);
#7344=LINE('',#18518,#8406);
#7345=LINE('',#18520,#8407);
#7346=LINE('',#18522,#8408);
#7347=LINE('',#18524,#8409);
#7348=LINE('',#18526,#8410);
#7349=LINE('',#18529,#8411);
#7350=LINE('',#18531,#8412);
#7351=LINE('',#18533,#8413);
#7352=LINE('',#18535,#8414);
#7353=LINE('',#18537,#8415);
#7354=LINE('',#18540,#8416);
#7355=LINE('',#18542,#8417);
#7356=LINE('',#18544,#8418);
#7357=LINE('',#18546,#8419);
#7358=LINE('',#18548,#8420);
#7359=LINE('',#18550,#8421);
#7360=LINE('',#18552,#8422);
#7361=LINE('',#18554,#8423);
#7362=LINE('',#18557,#8424);
#7363=LINE('',#18559,#8425);
#7364=LINE('',#18561,#8426);
#7365=LINE('',#18563,#8427);
#7366=LINE('',#18565,#8428);
#7367=LINE('',#18567,#8429);
#7368=LINE('',#18569,#8430);
#7369=LINE('',#18571,#8431);
#7370=LINE('',#18573,#8432);
#7371=LINE('',#18575,#8433);
#7372=LINE('',#18577,#8434);
#7373=LINE('',#18579,#8435);
#7374=LINE('',#18581,#8436);
#7375=LINE('',#18583,#8437);
#7376=LINE('',#18585,#8438);
#7377=LINE('',#18587,#8439);
#7378=LINE('',#18589,#8440);
#7379=LINE('',#18594,#8441);
#7380=LINE('',#18598,#8442);
#7381=LINE('',#18602,#8443);
#7382=LINE('',#18638,#8444);
#7383=LINE('',#18640,#8445);
#7384=LINE('',#18642,#8446);
#7385=LINE('',#18644,#8447);
#7386=LINE('',#18646,#8448);
#7387=LINE('',#18648,#8449);
#7388=LINE('',#18650,#8450);
#7389=LINE('',#18652,#8451);
#7390=LINE('',#18655,#8452);
#7391=LINE('',#18657,#8453);
#7392=LINE('',#18659,#8454);
#7393=LINE('',#18661,#8455);
#7394=LINE('',#18663,#8456);
#7395=LINE('',#18665,#8457);
#7396=LINE('',#18667,#8458);
#7397=LINE('',#18669,#8459);
#7398=LINE('',#18671,#8460);
#7399=LINE('',#18673,#8461);
#7400=LINE('',#18675,#8462);
#7401=LINE('',#18677,#8463);
#7402=LINE('',#18679,#8464);
#7403=LINE('',#18681,#8465);
#7404=LINE('',#18683,#8466);
#7405=LINE('',#18685,#8467);
#7406=LINE('',#18687,#8468);
#7407=LINE('',#18692,#8469);
#7408=LINE('',#18696,#8470);
#7409=LINE('',#18700,#8471);
#7410=LINE('',#18736,#8472);
#7411=LINE('',#18738,#8473);
#7412=LINE('',#18740,#8474);
#7413=LINE('',#18742,#8475);
#7414=LINE('',#18744,#8476);
#7415=LINE('',#18746,#8477);
#7416=LINE('',#18748,#8478);
#7417=LINE('',#18750,#8479);
#7418=LINE('',#18753,#8480);
#7419=LINE('',#18755,#8481);
#7420=LINE('',#18757,#8482);
#7421=LINE('',#18759,#8483);
#7422=LINE('',#18761,#8484);
#7423=LINE('',#18763,#8485);
#7424=LINE('',#18765,#8486);
#7425=LINE('',#18767,#8487);
#7426=LINE('',#18769,#8488);
#7427=LINE('',#18771,#8489);
#7428=LINE('',#18773,#8490);
#7429=LINE('',#18775,#8491);
#7430=LINE('',#18777,#8492);
#7431=LINE('',#18779,#8493);
#7432=LINE('',#18781,#8494);
#7433=LINE('',#18783,#8495);
#7434=LINE('',#18785,#8496);
#7435=LINE('',#18790,#8497);
#7436=LINE('',#18794,#8498);
#7437=LINE('',#18798,#8499);
#7438=LINE('',#18834,#8500);
#7439=LINE('',#18836,#8501);
#7440=LINE('',#18838,#8502);
#7441=LINE('',#18840,#8503);
#7442=LINE('',#18842,#8504);
#7443=LINE('',#18844,#8505);
#7444=LINE('',#18846,#8506);
#7445=LINE('',#18848,#8507);
#7446=LINE('',#18851,#8508);
#7447=LINE('',#18853,#8509);
#7448=LINE('',#18855,#8510);
#7449=LINE('',#18857,#8511);
#7450=LINE('',#18859,#8512);
#7451=LINE('',#18861,#8513);
#7452=LINE('',#18863,#8514);
#7453=LINE('',#18865,#8515);
#7454=LINE('',#18867,#8516);
#7455=LINE('',#18869,#8517);
#7456=LINE('',#18871,#8518);
#7457=LINE('',#18873,#8519);
#7458=LINE('',#18875,#8520);
#7459=LINE('',#18877,#8521);
#7460=LINE('',#18879,#8522);
#7461=LINE('',#18881,#8523);
#7462=LINE('',#18883,#8524);
#7463=LINE('',#18888,#8525);
#7464=LINE('',#18892,#8526);
#7465=LINE('',#18896,#8527);
#7466=LINE('',#18932,#8528);
#7467=LINE('',#18934,#8529);
#7468=LINE('',#18940,#8530);
#7469=LINE('',#18942,#8531);
#7470=LINE('',#18955,#8532);
#7471=LINE('',#18956,#8533);
#7472=LINE('',#18958,#8534);
#7473=LINE('',#18960,#8535);
#7474=LINE('',#18972,#8536);
#7475=LINE('',#18973,#8537);
#7476=LINE('',#18975,#8538);
#7477=LINE('',#18977,#8539);
#7478=LINE('',#18989,#8540);
#7479=LINE('',#18990,#8541);
#7480=LINE('',#18992,#8542);
#7481=LINE('',#19000,#8543);
#7482=LINE('',#19012,#8544);
#7483=LINE('',#19013,#8545);
#7484=LINE('',#19020,#8546);
#7485=LINE('',#19022,#8547);
#7486=LINE('',#19047,#8548);
#7487=LINE('',#19048,#8549);
#7488=LINE('',#19050,#8550);
#7489=LINE('',#19052,#8551);
#7490=LINE('',#19073,#8552);
#7491=LINE('',#19074,#8553);
#7492=LINE('',#19083,#8554);
#7493=LINE('',#19085,#8555);
#7494=LINE('',#19101,#8556);
#7495=LINE('',#19102,#8557);
#7496=LINE('',#19104,#8558);
#7497=LINE('',#19106,#8559);
#7498=LINE('',#19113,#8560);
#7499=LINE('',#19114,#8561);
#7500=LINE('',#19116,#8562);
#7501=LINE('',#19118,#8563);
#7502=LINE('',#19121,#8564);
#7503=LINE('',#19122,#8565);
#7504=LINE('',#19124,#8566);
#7505=LINE('',#19126,#8567);
#7506=LINE('',#19128,#8568);
#7507=LINE('',#19130,#8569);
#7508=LINE('',#19132,#8570);
#7509=LINE('',#19134,#8571);
#7510=LINE('',#19136,#8572);
#7511=LINE('',#19138,#8573);
#7512=LINE('',#19140,#8574);
#7513=LINE('',#19142,#8575);
#7514=LINE('',#19145,#8576);
#7515=LINE('',#19146,#8577);
#7516=LINE('',#19157,#8578);
#7517=LINE('',#19159,#8579);
#7518=LINE('',#19161,#8580);
#7519=LINE('',#19163,#8581);
#7520=LINE('',#19165,#8582);
#7521=LINE('',#19167,#8583);
#7522=LINE('',#19170,#8584);
#7523=LINE('',#19171,#8585);
#7524=LINE('',#19173,#8586);
#7525=LINE('',#19175,#8587);
#7526=LINE('',#19187,#8588);
#7527=LINE('',#19188,#8589);
#7528=LINE('',#19190,#8590);
#7529=LINE('',#19206,#8591);
#7530=LINE('',#19241,#8592);
#7531=LINE('',#19242,#8593);
#7532=LINE('',#19244,#8594);
#7533=LINE('',#19246,#8595);
#7534=LINE('',#19249,#8596);
#7535=LINE('',#19250,#8597);
#7536=LINE('',#19252,#8598);
#7537=LINE('',#19254,#8599);
#7538=LINE('',#19257,#8600);
#7539=LINE('',#19258,#8601);
#7540=LINE('',#19260,#8602);
#7541=LINE('',#19262,#8603);
#7542=LINE('',#19265,#8604);
#7543=LINE('',#19266,#8605);
#7544=LINE('',#19268,#8606);
#7545=LINE('',#19270,#8607);
#7546=LINE('',#19273,#8608);
#7547=LINE('',#19274,#8609);
#7548=LINE('',#19276,#8610);
#7549=LINE('',#19278,#8611);
#7550=LINE('',#19281,#8612);
#7551=LINE('',#19282,#8613);
#7552=LINE('',#19284,#8614);
#7553=LINE('',#19286,#8615);
#7554=LINE('',#19289,#8616);
#7555=LINE('',#19290,#8617);
#7556=LINE('',#19292,#8618);
#7557=LINE('',#19294,#8619);
#7558=LINE('',#19633,#8620);
#7559=LINE('',#19635,#8621);
#7560=LINE('',#19637,#8622);
#7561=LINE('',#19639,#8623);
#7562=LINE('',#19641,#8624);
#7563=LINE('',#19643,#8625);
#7564=LINE('',#19645,#8626);
#7565=LINE('',#19647,#8627);
#7566=LINE('',#19649,#8628);
#7567=LINE('',#19651,#8629);
#7568=LINE('',#19653,#8630);
#7569=LINE('',#19655,#8631);
#7570=LINE('',#19665,#8632);
#7571=LINE('',#19666,#8633);
#7572=LINE('',#19668,#8634);
#7573=LINE('',#19669,#8635);
#7574=LINE('',#19671,#8636);
#7575=LINE('',#19673,#8637);
#7576=LINE('',#19674,#8638);
#7577=LINE('',#19676,#8639);
#7578=LINE('',#19677,#8640);
#7579=LINE('',#19679,#8641);
#7580=LINE('',#19680,#8642);
#7581=LINE('',#19682,#8643);
#7582=LINE('',#19683,#8644);
#7583=LINE('',#19685,#8645);
#7584=LINE('',#19686,#8646);
#7585=LINE('',#19708,#8647);
#7586=LINE('',#19710,#8648);
#7587=LINE('',#19712,#8649);
#7588=LINE('',#19714,#8650);
#7589=LINE('',#19716,#8651);
#7590=LINE('',#19718,#8652);
#7591=LINE('',#19720,#8653);
#7592=LINE('',#19722,#8654);
#7593=LINE('',#19724,#8655);
#7594=LINE('',#19727,#8656);
#7595=LINE('',#19730,#8657);
#7596=LINE('',#19732,#8658);
#7597=LINE('',#19734,#8659);
#7598=LINE('',#19736,#8660);
#7599=LINE('',#19738,#8661);
#7600=LINE('',#19741,#8662);
#7601=LINE('',#19743,#8663);
#7602=LINE('',#19745,#8664);
#7603=LINE('',#19747,#8665);
#7604=LINE('',#19749,#8666);
#7605=LINE('',#19752,#8667);
#7606=LINE('',#19758,#8668);
#7607=LINE('',#19766,#8669);
#7608=LINE('',#19767,#8670);
#7609=LINE('',#19773,#8671);
#7610=LINE('',#19776,#8672);
#7611=LINE('',#19778,#8673);
#7612=LINE('',#19780,#8674);
#7613=LINE('',#19782,#8675);
#7614=LINE('',#19784,#8676);
#7615=LINE('',#19787,#8677);
#7616=LINE('',#19789,#8678);
#7617=LINE('',#19791,#8679);
#7618=LINE('',#19793,#8680);
#7619=LINE('',#19795,#8681);
#7620=LINE('',#19798,#8682);
#7621=LINE('',#19806,#8683);
#7622=LINE('',#19812,#8684);
#7623=LINE('',#19813,#8685);
#7624=LINE('',#19819,#8686);
#7625=LINE('',#19822,#8687);
#7626=LINE('',#19824,#8688);
#7627=LINE('',#19826,#8689);
#7628=LINE('',#19828,#8690);
#7629=LINE('',#19830,#8691);
#7630=LINE('',#19833,#8692);
#7631=LINE('',#19835,#8693);
#7632=LINE('',#19837,#8694);
#7633=LINE('',#19839,#8695);
#7634=LINE('',#19841,#8696);
#7635=LINE('',#19844,#8697);
#7636=LINE('',#19852,#8698);
#7637=LINE('',#19858,#8699);
#7638=LINE('',#19859,#8700);
#7639=LINE('',#19865,#8701);
#7640=LINE('',#19868,#8702);
#7641=LINE('',#19870,#8703);
#7642=LINE('',#19872,#8704);
#7643=LINE('',#19874,#8705);
#7644=LINE('',#19876,#8706);
#7645=LINE('',#19879,#8707);
#7646=LINE('',#19881,#8708);
#7647=LINE('',#19883,#8709);
#7648=LINE('',#19885,#8710);
#7649=LINE('',#19887,#8711);
#7650=LINE('',#19890,#8712);
#7651=LINE('',#19898,#8713);
#7652=LINE('',#19904,#8714);
#7653=LINE('',#19905,#8715);
#7654=LINE('',#19911,#8716);
#7655=LINE('',#19914,#8717);
#7656=LINE('',#19916,#8718);
#7657=LINE('',#19918,#8719);
#7658=LINE('',#19920,#8720);
#7659=LINE('',#19922,#8721);
#7660=LINE('',#19925,#8722);
#7661=LINE('',#19927,#8723);
#7662=LINE('',#19929,#8724);
#7663=LINE('',#19931,#8725);
#7664=LINE('',#19933,#8726);
#7665=LINE('',#19936,#8727);
#7666=LINE('',#19944,#8728);
#7667=LINE('',#19950,#8729);
#7668=LINE('',#19951,#8730);
#7669=LINE('',#19957,#8731);
#7670=LINE('',#19960,#8732);
#7671=LINE('',#19962,#8733);
#7672=LINE('',#19964,#8734);
#7673=LINE('',#19966,#8735);
#7674=LINE('',#19968,#8736);
#7675=LINE('',#19971,#8737);
#7676=LINE('',#19973,#8738);
#7677=LINE('',#19975,#8739);
#7678=LINE('',#19977,#8740);
#7679=LINE('',#19979,#8741);
#7680=LINE('',#19982,#8742);
#7681=LINE('',#19990,#8743);
#7682=LINE('',#19996,#8744);
#7683=LINE('',#19997,#8745);
#7684=LINE('',#20003,#8746);
#7685=LINE('',#20006,#8747);
#7686=LINE('',#20008,#8748);
#7687=LINE('',#20010,#8749);
#7688=LINE('',#20012,#8750);
#7689=LINE('',#20014,#8751);
#7690=LINE('',#20017,#8752);
#7691=LINE('',#20019,#8753);
#7692=LINE('',#20021,#8754);
#7693=LINE('',#20023,#8755);
#7694=LINE('',#20025,#8756);
#7695=LINE('',#20028,#8757);
#7696=LINE('',#20036,#8758);
#7697=LINE('',#20042,#8759);
#7698=LINE('',#20043,#8760);
#7699=LINE('',#20049,#8761);
#7700=LINE('',#20052,#8762);
#7701=LINE('',#20054,#8763);
#7702=LINE('',#20056,#8764);
#7703=LINE('',#20058,#8765);
#7704=LINE('',#20060,#8766);
#7705=LINE('',#20063,#8767);
#7706=LINE('',#20065,#8768);
#7707=LINE('',#20067,#8769);
#7708=LINE('',#20069,#8770);
#7709=LINE('',#20071,#8771);
#7710=LINE('',#20074,#8772);
#7711=LINE('',#20080,#8773);
#7712=LINE('',#20088,#8774);
#7713=LINE('',#20089,#8775);
#7714=LINE('',#20095,#8776);
#7715=LINE('',#20098,#8777);
#7716=LINE('',#20100,#8778);
#7717=LINE('',#20102,#8779);
#7718=LINE('',#20104,#8780);
#7719=LINE('',#20106,#8781);
#7720=LINE('',#20109,#8782);
#7721=LINE('',#20111,#8783);
#7722=LINE('',#20113,#8784);
#7723=LINE('',#20115,#8785);
#7724=LINE('',#20117,#8786);
#7725=LINE('',#20120,#8787);
#7726=LINE('',#20128,#8788);
#7727=LINE('',#20134,#8789);
#7728=LINE('',#20135,#8790);
#7729=LINE('',#20141,#8791);
#7730=LINE('',#20144,#8792);
#7731=LINE('',#20146,#8793);
#7732=LINE('',#20148,#8794);
#7733=LINE('',#20150,#8795);
#7734=LINE('',#20152,#8796);
#7735=LINE('',#20155,#8797);
#7736=LINE('',#20157,#8798);
#7737=LINE('',#20159,#8799);
#7738=LINE('',#20161,#8800);
#7739=LINE('',#20163,#8801);
#7740=LINE('',#20166,#8802);
#7741=LINE('',#20172,#8803);
#7742=LINE('',#20180,#8804);
#7743=LINE('',#20181,#8805);
#7744=LINE('',#20187,#8806);
#7745=LINE('',#20190,#8807);
#7746=LINE('',#20192,#8808);
#7747=LINE('',#20194,#8809);
#7748=LINE('',#20196,#8810);
#7749=LINE('',#20198,#8811);
#7750=LINE('',#20201,#8812);
#7751=LINE('',#20203,#8813);
#7752=LINE('',#20205,#8814);
#7753=LINE('',#20207,#8815);
#7754=LINE('',#20209,#8816);
#7755=LINE('',#20212,#8817);
#7756=LINE('',#20218,#8818);
#7757=LINE('',#20226,#8819);
#7758=LINE('',#20227,#8820);
#7759=LINE('',#20233,#8821);
#7760=LINE('',#20236,#8822);
#7761=LINE('',#20238,#8823);
#7762=LINE('',#20240,#8824);
#7763=LINE('',#20242,#8825);
#7764=LINE('',#20244,#8826);
#7765=LINE('',#20247,#8827);
#7766=LINE('',#20249,#8828);
#7767=LINE('',#20251,#8829);
#7768=LINE('',#20253,#8830);
#7769=LINE('',#20255,#8831);
#7770=LINE('',#20258,#8832);
#7771=LINE('',#20266,#8833);
#7772=LINE('',#20272,#8834);
#7773=LINE('',#20273,#8835);
#7774=LINE('',#20279,#8836);
#7775=LINE('',#20282,#8837);
#7776=LINE('',#20284,#8838);
#7777=LINE('',#20286,#8839);
#7778=LINE('',#20288,#8840);
#7779=LINE('',#20290,#8841);
#7780=LINE('',#20293,#8842);
#7781=LINE('',#20295,#8843);
#7782=LINE('',#20297,#8844);
#7783=LINE('',#20299,#8845);
#7784=LINE('',#20301,#8846);
#7785=LINE('',#20304,#8847);
#7786=LINE('',#20310,#8848);
#7787=LINE('',#20318,#8849);
#7788=LINE('',#20319,#8850);
#7789=LINE('',#20325,#8851);
#7790=LINE('',#20328,#8852);
#7791=LINE('',#20330,#8853);
#7792=LINE('',#20332,#8854);
#7793=LINE('',#20334,#8855);
#7794=LINE('',#20336,#8856);
#7795=LINE('',#20339,#8857);
#7796=LINE('',#20341,#8858);
#7797=LINE('',#20343,#8859);
#7798=LINE('',#20345,#8860);
#7799=LINE('',#20347,#8861);
#7800=LINE('',#20350,#8862);
#7801=LINE('',#20358,#8863);
#7802=LINE('',#20364,#8864);
#7803=LINE('',#20365,#8865);
#7804=LINE('',#20371,#8866);
#7805=LINE('',#20374,#8867);
#7806=LINE('',#20376,#8868);
#7807=LINE('',#20378,#8869);
#7808=LINE('',#20380,#8870);
#7809=LINE('',#20382,#8871);
#7810=LINE('',#20385,#8872);
#7811=LINE('',#20387,#8873);
#7812=LINE('',#20389,#8874);
#7813=LINE('',#20391,#8875);
#7814=LINE('',#20393,#8876);
#7815=LINE('',#20396,#8877);
#7816=LINE('',#20404,#8878);
#7817=LINE('',#20410,#8879);
#7818=LINE('',#20411,#8880);
#7819=LINE('',#20417,#8881);
#7820=LINE('',#20420,#8882);
#7821=LINE('',#20422,#8883);
#7822=LINE('',#20424,#8884);
#7823=LINE('',#20426,#8885);
#7824=LINE('',#20428,#8886);
#7825=LINE('',#20431,#8887);
#7826=LINE('',#20433,#8888);
#7827=LINE('',#20435,#8889);
#7828=LINE('',#20437,#8890);
#7829=LINE('',#20439,#8891);
#7830=LINE('',#20442,#8892);
#7831=LINE('',#20450,#8893);
#7832=LINE('',#20456,#8894);
#7833=LINE('',#20457,#8895);
#7834=VECTOR('',#13447,1.);
#7835=VECTOR('',#13448,1.);
#7836=VECTOR('',#13449,1.);
#7837=VECTOR('',#13450,1.);
#7838=VECTOR('',#13451,1.);
#7839=VECTOR('',#13452,1.);
#7840=VECTOR('',#13453,1.);
#7841=VECTOR('',#13454,1.);
#7842=VECTOR('',#13455,1.);
#7843=VECTOR('',#13456,1.);
#7844=VECTOR('',#13457,1.);
#7845=VECTOR('',#13458,1.);
#7846=VECTOR('',#13461,1.);
#7847=VECTOR('',#13464,1.);
#7848=VECTOR('',#13465,1.);
#7849=VECTOR('',#13466,1.);
#7850=VECTOR('',#13467,1.);
#7851=VECTOR('',#13468,1.);
#7852=VECTOR('',#13469,1.);
#7853=VECTOR('',#13470,1.);
#7854=VECTOR('',#13471,1.);
#7855=VECTOR('',#13472,1.);
#7856=VECTOR('',#13473,1.);
#7857=VECTOR('',#13474,1.);
#7858=VECTOR('',#13475,1.);
#7859=VECTOR('',#13476,1.);
#7860=VECTOR('',#13477,1.);
#7861=VECTOR('',#13478,1.);
#7862=VECTOR('',#13479,1.);
#7863=VECTOR('',#13480,1.);
#7864=VECTOR('',#13481,1.);
#7865=VECTOR('',#13482,1.);
#7866=VECTOR('',#13485,1.);
#7867=VECTOR('',#13486,1.);
#7868=VECTOR('',#13487,1.);
#7869=VECTOR('',#13488,1.);
#7870=VECTOR('',#13489,1.);
#7871=VECTOR('',#13490,1.);
#7872=VECTOR('',#13491,1.);
#7873=VECTOR('',#13492,1.);
#7874=VECTOR('',#13493,1.);
#7875=VECTOR('',#13494,1.);
#7876=VECTOR('',#13495,1.);
#7877=VECTOR('',#13496,1.);
#7878=VECTOR('',#13497,1.);
#7879=VECTOR('',#13498,1.);
#7880=VECTOR('',#13499,1.);
#7881=VECTOR('',#13500,1.);
#7882=VECTOR('',#13503,1.);
#7883=VECTOR('',#13504,1.);
#7884=VECTOR('',#13505,1.);
#7885=VECTOR('',#13506,1.);
#7886=VECTOR('',#13507,1.);
#7887=VECTOR('',#13508,1.);
#7888=VECTOR('',#13509,1.);
#7889=VECTOR('',#13510,1.);
#7890=VECTOR('',#13511,1.);
#7891=VECTOR('',#13512,1.);
#7892=VECTOR('',#13513,1.);
#7893=VECTOR('',#13514,1.);
#7894=VECTOR('',#13515,1.);
#7895=VECTOR('',#13516,1.);
#7896=VECTOR('',#13517,1.);
#7897=VECTOR('',#13518,1.);
#7898=VECTOR('',#13519,1.);
#7899=VECTOR('',#13520,1.);
#7900=VECTOR('',#13521,1.);
#7901=VECTOR('',#13522,1.);
#7902=VECTOR('',#13523,1.);
#7903=VECTOR('',#13524,1.);
#7904=VECTOR('',#13525,1.);
#7905=VECTOR('',#13526,1.);
#7906=VECTOR('',#13529,1.);
#7907=VECTOR('',#13530,1.);
#7908=VECTOR('',#13531,1.);
#7909=VECTOR('',#13532,1.);
#7910=VECTOR('',#13533,1.);
#7911=VECTOR('',#13534,1.);
#7912=VECTOR('',#13535,1.);
#7913=VECTOR('',#13536,1.);
#7914=VECTOR('',#13537,1.);
#7915=VECTOR('',#13538,1.);
#7916=VECTOR('',#13539,1.);
#7917=VECTOR('',#13540,1.);
#7918=VECTOR('',#13541,1.);
#7919=VECTOR('',#13542,1.);
#7920=VECTOR('',#13543,1.);
#7921=VECTOR('',#13544,1.);
#7922=VECTOR('',#13547,1.);
#7923=VECTOR('',#13548,1.);
#7924=VECTOR('',#13555,1.);
#7925=VECTOR('',#13556,1.);
#7926=VECTOR('',#13559,1.);
#7927=VECTOR('',#13562,1.);
#7928=VECTOR('',#13565,1.);
#7929=VECTOR('',#13568,1.);
#7930=VECTOR('',#13571,1.);
#7931=VECTOR('',#13574,1.);
#7932=VECTOR('',#13577,1.);
#7933=VECTOR('',#13580,1.);
#7934=VECTOR('',#13585,1.);
#7935=VECTOR('',#13588,1.);
#7936=VECTOR('',#13615,1.);
#7937=VECTOR('',#13616,1.);
#7938=VECTOR('',#13617,1.);
#7939=VECTOR('',#13618,1.);
#7940=VECTOR('',#13619,1.);
#7941=VECTOR('',#13620,1.);
#7942=VECTOR('',#13621,1.);
#7943=VECTOR('',#13622,1.);
#7944=VECTOR('',#13623,1.);
#7945=VECTOR('',#13624,1.);
#7946=VECTOR('',#13625,1.);
#7947=VECTOR('',#13626,1.);
#7948=VECTOR('',#13627,1.);
#7949=VECTOR('',#13628,1.);
#7950=VECTOR('',#13629,1.);
#7951=VECTOR('',#13630,1.);
#7952=VECTOR('',#13631,1.);
#7953=VECTOR('',#13634,1.);
#7954=VECTOR('',#13635,1.);
#7955=VECTOR('',#13636,1.);
#7956=VECTOR('',#13637,1.);
#7957=VECTOR('',#13640,1.);
#7958=VECTOR('',#13641,1.);
#7959=VECTOR('',#13642,1.);
#7960=VECTOR('',#13643,1.);
#7961=VECTOR('',#13644,1.);
#7962=VECTOR('',#13645,1.);
#7963=VECTOR('',#13646,1.);
#7964=VECTOR('',#13647,1.);
#7965=VECTOR('',#13648,1.);
#7966=VECTOR('',#13649,1.);
#7967=VECTOR('',#13650,1.);
#7968=VECTOR('',#13651,1.);
#7969=VECTOR('',#13652,1.);
#7970=VECTOR('',#13653,1.);
#7971=VECTOR('',#13654,1.);
#7972=VECTOR('',#13655,1.);
#7973=VECTOR('',#13656,1.);
#7974=VECTOR('',#13657,1.);
#7975=VECTOR('',#13658,1.);
#7976=VECTOR('',#13659,1.);
#7977=VECTOR('',#13660,1.);
#7978=VECTOR('',#13661,1.);
#7979=VECTOR('',#13662,1.);
#7980=VECTOR('',#13663,1.);
#7981=VECTOR('',#13664,1.);
#7982=VECTOR('',#13665,1.);
#7983=VECTOR('',#13666,1.);
#7984=VECTOR('',#13667,1.);
#7985=VECTOR('',#13668,1.);
#7986=VECTOR('',#13669,1.);
#7987=VECTOR('',#13670,1.);
#7988=VECTOR('',#13671,1.);
#7989=VECTOR('',#13672,1.);
#7990=VECTOR('',#13673,1.);
#7991=VECTOR('',#13674,1.);
#7992=VECTOR('',#13677,1.);
#7993=VECTOR('',#13678,1.);
#7994=VECTOR('',#13679,1.);
#7995=VECTOR('',#13680,1.);
#7996=VECTOR('',#13701,1.);
#7997=VECTOR('',#13702,1.);
#7998=VECTOR('',#13703,1.);
#7999=VECTOR('',#13704,1.);
#8000=VECTOR('',#13709,1.);
#8001=VECTOR('',#13710,1.);
#8002=VECTOR('',#13711,1.);
#8003=VECTOR('',#13712,1.);
#8004=VECTOR('',#13717,1.);
#8005=VECTOR('',#13718,1.);
#8006=VECTOR('',#13719,1.);
#8007=VECTOR('',#13720,1.);
#8008=VECTOR('',#13725,1.);
#8009=VECTOR('',#13726,1.);
#8010=VECTOR('',#13727,1.);
#8011=VECTOR('',#13728,1.);
#8012=VECTOR('',#13731,1.);
#8013=VECTOR('',#13732,1.);
#8014=VECTOR('',#13733,1.);
#8015=VECTOR('',#13734,1.);
#8016=VECTOR('',#13743,1.);
#8017=VECTOR('',#13744,1.);
#8018=VECTOR('',#13745,1.);
#8019=VECTOR('',#13746,1.);
#8020=VECTOR('',#13755,1.);
#8021=VECTOR('',#13756,1.);
#8022=VECTOR('',#13757,1.);
#8023=VECTOR('',#13758,1.);
#8024=VECTOR('',#13767,1.);
#8025=VECTOR('',#13768,1.);
#8026=VECTOR('',#13769,1.);
#8027=VECTOR('',#13770,1.);
#8028=VECTOR('',#13779,1.);
#8029=VECTOR('',#13782,1.);
#8030=VECTOR('',#13785,1.);
#8031=VECTOR('',#13786,1.);
#8032=VECTOR('',#13787,1.);
#8033=VECTOR('',#13788,1.);
#8034=VECTOR('',#13791,1.);
#8035=VECTOR('',#13792,1.);
#8036=VECTOR('',#13793,1.);
#8037=VECTOR('',#13796,1.);
#8038=VECTOR('',#13797,1.);
#8039=VECTOR('',#13798,1.);
#8040=VECTOR('',#13799,1.);
#8041=VECTOR('',#13800,1.);
#8042=VECTOR('',#13803,1.);
#8043=VECTOR('',#13806,1.);
#8044=VECTOR('',#13807,1.);
#8045=VECTOR('',#13808,1.);
#8046=VECTOR('',#13809,1.);
#8047=VECTOR('',#13810,1.);
#8048=VECTOR('',#13811,1.);
#8049=VECTOR('',#13812,1.);
#8050=VECTOR('',#13813,1.);
#8051=VECTOR('',#13814,1.);
#8052=VECTOR('',#13817,1.);
#8053=VECTOR('',#13818,1.);
#8054=VECTOR('',#13821,1.);
#8055=VECTOR('',#13822,1.);
#8056=VECTOR('',#13823,1.);
#8057=VECTOR('',#13826,1.);
#8058=VECTOR('',#13827,1.);
#8059=VECTOR('',#13830,1.);
#8060=VECTOR('',#13831,1.);
#8061=VECTOR('',#13832,1.);
#8062=VECTOR('',#13833,1.);
#8063=VECTOR('',#13836,1.);
#8064=VECTOR('',#13839,1.);
#8065=VECTOR('',#13840,1.);
#8066=VECTOR('',#13841,1.);
#8067=VECTOR('',#13842,1.);
#8068=VECTOR('',#13845,1.);
#8069=VECTOR('',#13846,1.);
#8070=VECTOR('',#13849,1.);
#8071=VECTOR('',#13850,1.);
#8072=VECTOR('',#13853,1.);
#8073=VECTOR('',#13854,1.);
#8074=VECTOR('',#13855,1.);
#8075=VECTOR('',#13856,1.);
#8076=VECTOR('',#13857,1.);
#8077=VECTOR('',#13858,1.);
#8078=VECTOR('',#13859,1.);
#8079=VECTOR('',#13860,1.);
#8080=VECTOR('',#13861,1.);
#8081=VECTOR('',#13862,1.);
#8082=VECTOR('',#13863,1.);
#8083=VECTOR('',#13864,1.);
#8084=VECTOR('',#13865,1.);
#8085=VECTOR('',#13866,1.);
#8086=VECTOR('',#13867,1.);
#8087=VECTOR('',#13868,1.);
#8088=VECTOR('',#13869,1.);
#8089=VECTOR('',#13870,1.);
#8090=VECTOR('',#13871,1.);
#8091=VECTOR('',#13872,1.);
#8092=VECTOR('',#13873,1.);
#8093=VECTOR('',#13874,1.);
#8094=VECTOR('',#13875,1.);
#8095=VECTOR('',#13876,1.);
#8096=VECTOR('',#13877,1.);
#8097=VECTOR('',#13878,1.);
#8098=VECTOR('',#13879,1.);
#8099=VECTOR('',#13880,1.);
#8100=VECTOR('',#13881,1.);
#8101=VECTOR('',#13882,1.);
#8102=VECTOR('',#13883,1.);
#8103=VECTOR('',#13884,1.);
#8104=VECTOR('',#13887,1.);
#8105=VECTOR('',#13888,1.);
#8106=VECTOR('',#13889,1.);
#8107=VECTOR('',#13890,1.);
#8108=VECTOR('',#13891,1.);
#8109=VECTOR('',#13892,1.);
#8110=VECTOR('',#13893,1.);
#8111=VECTOR('',#13894,1.);
#8112=VECTOR('',#13895,1.);
#8113=VECTOR('',#13896,1.);
#8114=VECTOR('',#13897,1.);
#8115=VECTOR('',#13898,1.);
#8116=VECTOR('',#13899,1.);
#8117=VECTOR('',#13900,1.);
#8118=VECTOR('',#13901,1.);
#8119=VECTOR('',#13902,1.);
#8120=VECTOR('',#13905,1.);
#8121=VECTOR('',#13908,1.);
#8122=VECTOR('',#13911,1.);
#8123=VECTOR('',#13914,1.);
#8124=VECTOR('',#13917,1.);
#8125=VECTOR('',#13920,1.);
#8126=VECTOR('',#13923,1.);
#8127=VECTOR('',#13926,1.);
#8128=VECTOR('',#13929,1.);
#8129=VECTOR('',#13932,1.);
#8130=VECTOR('',#13935,1.);
#8131=VECTOR('',#13938,1.);
#8132=VECTOR('',#13941,1.);
#8133=VECTOR('',#13944,1.);
#8134=VECTOR('',#13947,1.);
#8135=VECTOR('',#13950,1.);
#8136=VECTOR('',#13955,1.);
#8137=VECTOR('',#13956,1.);
#8138=VECTOR('',#13957,1.);
#8139=VECTOR('',#13958,1.);
#8140=VECTOR('',#13963,1.);
#8141=VECTOR('',#13964,1.);
#8142=VECTOR('',#13965,1.);
#8143=VECTOR('',#13966,1.);
#8144=VECTOR('',#13971,1.);
#8145=VECTOR('',#13972,1.);
#8146=VECTOR('',#13973,1.);
#8147=VECTOR('',#13974,1.);
#8148=VECTOR('',#13979,1.);
#8149=VECTOR('',#13980,1.);
#8150=VECTOR('',#13981,1.);
#8151=VECTOR('',#13982,1.);
#8152=VECTOR('',#13983,1.);
#8153=VECTOR('',#13986,1.);
#8154=VECTOR('',#13989,1.);
#8155=VECTOR('',#13992,1.);
#8156=VECTOR('',#14003,1.);
#8157=VECTOR('',#14004,1.);
#8158=VECTOR('',#14005,1.);
#8159=VECTOR('',#14006,1.);
#8160=VECTOR('',#14011,1.);
#8161=VECTOR('',#14012,1.);
#8162=VECTOR('',#14013,1.);
#8163=VECTOR('',#14014,1.);
#8164=VECTOR('',#14015,1.);
#8165=VECTOR('',#14016,1.);
#8166=VECTOR('',#14017,1.);
#8167=VECTOR('',#14018,1.);
#8168=VECTOR('',#14019,1.);
#8169=VECTOR('',#14020,1.);
#8170=VECTOR('',#14021,1.);
#8171=VECTOR('',#14022,1.);
#8172=VECTOR('',#14023,1.);
#8173=VECTOR('',#14024,1.);
#8174=VECTOR('',#14025,1.);
#8175=VECTOR('',#14026,1.);
#8176=VECTOR('',#14027,1.);
#8177=VECTOR('',#14028,1.);
#8178=VECTOR('',#14029,1.);
#8179=VECTOR('',#14030,1.);
#8180=VECTOR('',#14031,1.);
#8181=VECTOR('',#14032,1.);
#8182=VECTOR('',#14033,1.);
#8183=VECTOR('',#14034,1.);
#8184=VECTOR('',#14035,1.);
#8185=VECTOR('',#14036,1.);
#8186=VECTOR('',#14037,1.);
#8187=VECTOR('',#14038,1.);
#8188=VECTOR('',#14039,1.);
#8189=VECTOR('',#14040,1.);
#8190=VECTOR('',#14041,1.);
#8191=VECTOR('',#14042,1.);
#8192=VECTOR('',#14043,1.);
#8193=VECTOR('',#14044,1.);
#8194=VECTOR('',#14045,1.);
#8195=VECTOR('',#14046,1.);
#8196=VECTOR('',#14047,1.);
#8197=VECTOR('',#14048,1.);
#8198=VECTOR('',#14049,1.);
#8199=VECTOR('',#14050,1.);
#8200=VECTOR('',#14051,1.);
#8201=VECTOR('',#14052,1.);
#8202=VECTOR('',#14053,1.);
#8203=VECTOR('',#14054,1.);
#8204=VECTOR('',#14055,1.);
#8205=VECTOR('',#14056,1.);
#8206=VECTOR('',#14057,1.);
#8207=VECTOR('',#14058,1.);
#8208=VECTOR('',#14059,1.);
#8209=VECTOR('',#14060,1.);
#8210=VECTOR('',#14061,1.);
#8211=VECTOR('',#14062,1.);
#8212=VECTOR('',#14063,1.);
#8213=VECTOR('',#14064,1.);
#8214=VECTOR('',#14065,1.);
#8215=VECTOR('',#14066,1.);
#8216=VECTOR('',#14067,1.);
#8217=VECTOR('',#14068,1.);
#8218=VECTOR('',#14069,1.);
#8219=VECTOR('',#14070,1.);
#8220=VECTOR('',#14071,1.);
#8221=VECTOR('',#14072,1.);
#8222=VECTOR('',#14073,1.);
#8223=VECTOR('',#14074,1.);
#8224=VECTOR('',#14075,1.);
#8225=VECTOR('',#14076,1.);
#8226=VECTOR('',#14077,1.);
#8227=VECTOR('',#14078,1.);
#8228=VECTOR('',#14079,1.);
#8229=VECTOR('',#14080,1.);
#8230=VECTOR('',#14081,1.);
#8231=VECTOR('',#14082,1.);
#8232=VECTOR('',#14083,1.);
#8233=VECTOR('',#14084,1.);
#8234=VECTOR('',#14085,1.);
#8235=VECTOR('',#14086,1.);
#8236=VECTOR('',#14091,1.);
#8237=VECTOR('',#14092,1.);
#8238=VECTOR('',#14093,1.);
#8239=VECTOR('',#14094,1.);
#8240=VECTOR('',#14095,1.);
#8241=VECTOR('',#14096,1.);
#8242=VECTOR('',#14097,1.);
#8243=VECTOR('',#14098,1.);
#8244=VECTOR('',#14103,1.);
#8245=VECTOR('',#14104,1.);
#8246=VECTOR('',#14105,1.);
#8247=VECTOR('',#14106,1.);
#8248=VECTOR('',#14107,1.);
#8249=VECTOR('',#14108,1.);
#8250=VECTOR('',#14109,1.);
#8251=VECTOR('',#14110,1.);
#8252=VECTOR('',#14115,1.);
#8253=VECTOR('',#14116,1.);
#8254=VECTOR('',#14117,1.);
#8255=VECTOR('',#14118,1.);
#8256=VECTOR('',#14119,1.);
#8257=VECTOR('',#14120,1.);
#8258=VECTOR('',#14121,1.);
#8259=VECTOR('',#14122,1.);
#8260=VECTOR('',#14125,1.);
#8261=VECTOR('',#14126,1.);
#8262=VECTOR('',#14127,1.);
#8263=VECTOR('',#14130,1.);
#8264=VECTOR('',#14131,1.);
#8265=VECTOR('',#14132,1.);
#8266=VECTOR('',#14135,1.);
#8267=VECTOR('',#14138,1.);
#8268=VECTOR('',#14141,1.);
#8269=VECTOR('',#14142,1.);
#8270=VECTOR('',#14143,1.);
#8271=VECTOR('',#14144,1.);
#8272=VECTOR('',#14147,1.);
#8273=VECTOR('',#14148,1.);
#8274=VECTOR('',#14149,1.);
#8275=VECTOR('',#14152,1.);
#8276=VECTOR('',#14153,1.);
#8277=VECTOR('',#14154,1.);
#8278=VECTOR('',#14157,1.);
#8279=VECTOR('',#14158,1.);
#8280=VECTOR('',#14161,1.);
#8281=VECTOR('',#14162,1.);
#8282=VECTOR('',#14163,1.);
#8283=VECTOR('',#14166,1.);
#8284=VECTOR('',#14167,1.);
#8285=VECTOR('',#14170,1.);
#8286=VECTOR('',#14171,1.);
#8287=VECTOR('',#14174,1.);
#8288=VECTOR('',#14183,1.);
#8289=VECTOR('',#14184,1.);
#8290=VECTOR('',#14185,1.);
#8291=VECTOR('',#14188,1.);
#8292=VECTOR('',#14189,1.);
#8293=VECTOR('',#14190,1.);
#8294=VECTOR('',#14193,1.);
#8295=VECTOR('',#14196,1.);
#8296=VECTOR('',#14199,1.);
#8297=VECTOR('',#14200,1.);
#8298=VECTOR('',#14201,1.);
#8299=VECTOR('',#14202,1.);
#8300=VECTOR('',#14205,1.);
#8301=VECTOR('',#14206,1.);
#8302=VECTOR('',#14207,1.);
#8303=VECTOR('',#14210,1.);
#8304=VECTOR('',#14211,1.);
#8305=VECTOR('',#14212,1.);
#8306=VECTOR('',#14215,1.);
#8307=VECTOR('',#14216,1.);
#8308=VECTOR('',#14219,1.);
#8309=VECTOR('',#14220,1.);
#8310=VECTOR('',#14221,1.);
#8311=VECTOR('',#14224,1.);
#8312=VECTOR('',#14225,1.);
#8313=VECTOR('',#14228,1.);
#8314=VECTOR('',#14229,1.);
#8315=VECTOR('',#14232,1.);
#8316=VECTOR('',#14241,1.);
#8317=VECTOR('',#14242,1.);
#8318=VECTOR('',#14243,1.);
#8319=VECTOR('',#14246,1.);
#8320=VECTOR('',#14247,1.);
#8321=VECTOR('',#14248,1.);
#8322=VECTOR('',#14251,1.);
#8323=VECTOR('',#14254,1.);
#8324=VECTOR('',#14257,1.);
#8325=VECTOR('',#14258,1.);
#8326=VECTOR('',#14259,1.);
#8327=VECTOR('',#14260,1.);
#8328=VECTOR('',#14263,1.);
#8329=VECTOR('',#14264,1.);
#8330=VECTOR('',#14265,1.);
#8331=VECTOR('',#14268,1.);
#8332=VECTOR('',#14269,1.);
#8333=VECTOR('',#14270,1.);
#8334=VECTOR('',#14273,1.);
#8335=VECTOR('',#14274,1.);
#8336=VECTOR('',#14277,1.);
#8337=VECTOR('',#14278,1.);
#8338=VECTOR('',#14279,1.);
#8339=VECTOR('',#14282,1.);
#8340=VECTOR('',#14283,1.);
#8341=VECTOR('',#14286,1.);
#8342=VECTOR('',#14287,1.);
#8343=VECTOR('',#14290,1.);
#8344=VECTOR('',#14299,1.);
#8345=VECTOR('',#14300,1.);
#8346=VECTOR('',#14301,1.);
#8347=VECTOR('',#14302,1.);
#8348=VECTOR('',#14333,1.);
#8349=VECTOR('',#14334,1.);
#8350=VECTOR('',#14337,1.);
#8351=VECTOR('',#14340,1.);
#8352=VECTOR('',#14373,1.);
#8353=VECTOR('',#14374,1.);
#8354=VECTOR('',#14377,1.);
#8355=VECTOR('',#14380,1.);
#8356=VECTOR('',#14413,1.);
#8357=VECTOR('',#14414,1.);
#8358=VECTOR('',#14417,1.);
#8359=VECTOR('',#14420,1.);
#8360=VECTOR('',#14453,1.);
#8361=VECTOR('',#14454,1.);
#8362=VECTOR('',#14457,1.);
#8363=VECTOR('',#14460,1.);
#8364=VECTOR('',#14475,1.);
#8365=VECTOR('',#14476,1.);
#8366=VECTOR('',#14477,1.);
#8367=VECTOR('',#14480,1.);
#8368=VECTOR('',#14483,1.);
#8369=VECTOR('',#14486,1.);
#8370=VECTOR('',#14489,1.);
#8371=VECTOR('',#14492,1.);
#8372=VECTOR('',#14493,1.);
#8373=VECTOR('',#14494,1.);
#8374=VECTOR('',#14497,1.);
#8375=VECTOR('',#14498,1.);
#8376=VECTOR('',#14499,1.);
#8377=VECTOR('',#14516,1.);
#8378=VECTOR('',#14521,1.);
#8379=VECTOR('',#14522,1.);
#8380=VECTOR('',#14569,1.);
#8381=VECTOR('',#14570,1.);
#8382=VECTOR('',#14571,1.);
#8383=VECTOR('',#14572,1.);
#8384=VECTOR('',#14573,1.);
#8385=VECTOR('',#14574,1.);
#8386=VECTOR('',#14575,1.);
#8387=VECTOR('',#14576,1.);
#8388=VECTOR('',#14599,1.);
#8389=VECTOR('',#14600,1.);
#8390=VECTOR('',#14603,1.);
#8391=VECTOR('',#14606,1.);
#8392=VECTOR('',#14633,1.);
#8393=VECTOR('',#14634,1.);
#8394=VECTOR('',#14635,1.);
#8395=VECTOR('',#14636,1.);
#8396=VECTOR('',#14637,1.);
#8397=VECTOR('',#14638,1.);
#8398=VECTOR('',#14641,1.);
#8399=VECTOR('',#14642,1.);
#8400=VECTOR('',#14645,1.);
#8401=VECTOR('',#14646,1.);
#8402=VECTOR('',#14649,1.);
#8403=VECTOR('',#14650,1.);
#8404=VECTOR('',#14651,1.);
#8405=VECTOR('',#14654,1.);
#8406=VECTOR('',#14655,1.);
#8407=VECTOR('',#14658,1.);
#8408=VECTOR('',#14659,1.);
#8409=VECTOR('',#14662,1.);
#8410=VECTOR('',#14665,1.);
#8411=VECTOR('',#14670,1.);
#8412=VECTOR('',#14671,1.);
#8413=VECTOR('',#14674,1.);
#8414=VECTOR('',#14675,1.);
#8415=VECTOR('',#14678,1.);
#8416=VECTOR('',#14683,1.);
#8417=VECTOR('',#14684,1.);
#8418=VECTOR('',#14685,1.);
#8419=VECTOR('',#14688,1.);
#8420=VECTOR('',#14689,1.);
#8421=VECTOR('',#14692,1.);
#8422=VECTOR('',#14693,1.);
#8423=VECTOR('',#14696,1.);
#8424=VECTOR('',#14701,1.);
#8425=VECTOR('',#14702,1.);
#8426=VECTOR('',#14703,1.);
#8427=VECTOR('',#14706,1.);
#8428=VECTOR('',#14707,1.);
#8429=VECTOR('',#14710,1.);
#8430=VECTOR('',#14711,1.);
#8431=VECTOR('',#14714,1.);
#8432=VECTOR('',#14715,1.);
#8433=VECTOR('',#14718,1.);
#8434=VECTOR('',#14719,1.);
#8435=VECTOR('',#14722,1.);
#8436=VECTOR('',#14723,1.);
#8437=VECTOR('',#14726,1.);
#8438=VECTOR('',#14727,1.);
#8439=VECTOR('',#14730,1.);
#8440=VECTOR('',#14733,1.);
#8441=VECTOR('',#14736,1.);
#8442=VECTOR('',#14739,1.);
#8443=VECTOR('',#14742,1.);
#8444=VECTOR('',#14803,1.);
#8445=VECTOR('',#14804,1.);
#8446=VECTOR('',#14805,1.);
#8447=VECTOR('',#14808,1.);
#8448=VECTOR('',#14809,1.);
#8449=VECTOR('',#14812,1.);
#8450=VECTOR('',#14813,1.);
#8451=VECTOR('',#14816,1.);
#8452=VECTOR('',#14821,1.);
#8453=VECTOR('',#14822,1.);
#8454=VECTOR('',#14823,1.);
#8455=VECTOR('',#14826,1.);
#8456=VECTOR('',#14827,1.);
#8457=VECTOR('',#14830,1.);
#8458=VECTOR('',#14831,1.);
#8459=VECTOR('',#14834,1.);
#8460=VECTOR('',#14835,1.);
#8461=VECTOR('',#14838,1.);
#8462=VECTOR('',#14839,1.);
#8463=VECTOR('',#14842,1.);
#8464=VECTOR('',#14843,1.);
#8465=VECTOR('',#14846,1.);
#8466=VECTOR('',#14847,1.);
#8467=VECTOR('',#14850,1.);
#8468=VECTOR('',#14853,1.);
#8469=VECTOR('',#14856,1.);
#8470=VECTOR('',#14859,1.);
#8471=VECTOR('',#14862,1.);
#8472=VECTOR('',#14923,1.);
#8473=VECTOR('',#14924,1.);
#8474=VECTOR('',#14925,1.);
#8475=VECTOR('',#14928,1.);
#8476=VECTOR('',#14929,1.);
#8477=VECTOR('',#14932,1.);
#8478=VECTOR('',#14933,1.);
#8479=VECTOR('',#14936,1.);
#8480=VECTOR('',#14941,1.);
#8481=VECTOR('',#14942,1.);
#8482=VECTOR('',#14943,1.);
#8483=VECTOR('',#14946,1.);
#8484=VECTOR('',#14947,1.);
#8485=VECTOR('',#14950,1.);
#8486=VECTOR('',#14951,1.);
#8487=VECTOR('',#14954,1.);
#8488=VECTOR('',#14955,1.);
#8489=VECTOR('',#14958,1.);
#8490=VECTOR('',#14959,1.);
#8491=VECTOR('',#14962,1.);
#8492=VECTOR('',#14963,1.);
#8493=VECTOR('',#14966,1.);
#8494=VECTOR('',#14967,1.);
#8495=VECTOR('',#14970,1.);
#8496=VECTOR('',#14973,1.);
#8497=VECTOR('',#14976,1.);
#8498=VECTOR('',#14979,1.);
#8499=VECTOR('',#14982,1.);
#8500=VECTOR('',#15043,1.);
#8501=VECTOR('',#15044,1.);
#8502=VECTOR('',#15045,1.);
#8503=VECTOR('',#15048,1.);
#8504=VECTOR('',#15049,1.);
#8505=VECTOR('',#15052,1.);
#8506=VECTOR('',#15053,1.);
#8507=VECTOR('',#15056,1.);
#8508=VECTOR('',#15061,1.);
#8509=VECTOR('',#15062,1.);
#8510=VECTOR('',#15063,1.);
#8511=VECTOR('',#15066,1.);
#8512=VECTOR('',#15067,1.);
#8513=VECTOR('',#15070,1.);
#8514=VECTOR('',#15071,1.);
#8515=VECTOR('',#15074,1.);
#8516=VECTOR('',#15075,1.);
#8517=VECTOR('',#15078,1.);
#8518=VECTOR('',#15079,1.);
#8519=VECTOR('',#15082,1.);
#8520=VECTOR('',#15083,1.);
#8521=VECTOR('',#15086,1.);
#8522=VECTOR('',#15087,1.);
#8523=VECTOR('',#15090,1.);
#8524=VECTOR('',#15093,1.);
#8525=VECTOR('',#15096,1.);
#8526=VECTOR('',#15099,1.);
#8527=VECTOR('',#15102,1.);
#8528=VECTOR('',#15163,1.);
#8529=VECTOR('',#15164,1.);
#8530=VECTOR('',#15167,1.);
#8531=VECTOR('',#15170,1.);
#8532=VECTOR('',#15175,1.);
#8533=VECTOR('',#15176,1.);
#8534=VECTOR('',#15179,1.);
#8535=VECTOR('',#15182,1.);
#8536=VECTOR('',#15187,1.);
#8537=VECTOR('',#15188,1.);
#8538=VECTOR('',#15191,1.);
#8539=VECTOR('',#15194,1.);
#8540=VECTOR('',#15199,1.);
#8541=VECTOR('',#15200,1.);
#8542=VECTOR('',#15203,1.);
#8543=VECTOR('',#15206,1.);
#8544=VECTOR('',#15211,1.);
#8545=VECTOR('',#15212,1.);
#8546=VECTOR('',#15215,1.);
#8547=VECTOR('',#15218,1.);
#8548=VECTOR('',#15223,1.);
#8549=VECTOR('',#15224,1.);
#8550=VECTOR('',#15227,1.);
#8551=VECTOR('',#15230,1.);
#8552=VECTOR('',#15235,1.);
#8553=VECTOR('',#15236,1.);
#8554=VECTOR('',#15239,1.);
#8555=VECTOR('',#15242,1.);
#8556=VECTOR('',#15247,1.);
#8557=VECTOR('',#15248,1.);
#8558=VECTOR('',#15251,1.);
#8559=VECTOR('',#15254,1.);
#8560=VECTOR('',#15259,1.);
#8561=VECTOR('',#15260,1.);
#8562=VECTOR('',#15263,1.);
#8563=VECTOR('',#15266,1.);
#8564=VECTOR('',#15271,1.);
#8565=VECTOR('',#15272,1.);
#8566=VECTOR('',#15275,1.);
#8567=VECTOR('',#15278,1.);
#8568=VECTOR('',#15281,1.);
#8569=VECTOR('',#15284,1.);
#8570=VECTOR('',#15287,1.);
#8571=VECTOR('',#15290,1.);
#8572=VECTOR('',#15293,1.);
#8573=VECTOR('',#15296,1.);
#8574=VECTOR('',#15299,1.);
#8575=VECTOR('',#15302,1.);
#8576=VECTOR('',#15307,1.);
#8577=VECTOR('',#15308,1.);
#8578=VECTOR('',#15311,1.);
#8579=VECTOR('',#15314,1.);
#8580=VECTOR('',#15317,1.);
#8581=VECTOR('',#15320,1.);
#8582=VECTOR('',#15323,1.);
#8583=VECTOR('',#15326,1.);
#8584=VECTOR('',#15331,1.);
#8585=VECTOR('',#15332,1.);
#8586=VECTOR('',#15335,1.);
#8587=VECTOR('',#15338,1.);
#8588=VECTOR('',#15343,1.);
#8589=VECTOR('',#15344,1.);
#8590=VECTOR('',#15347,1.);
#8591=VECTOR('',#15350,1.);
#8592=VECTOR('',#15355,1.);
#8593=VECTOR('',#15356,1.);
#8594=VECTOR('',#15359,1.);
#8595=VECTOR('',#15362,1.);
#8596=VECTOR('',#15367,1.);
#8597=VECTOR('',#15368,1.);
#8598=VECTOR('',#15371,1.);
#8599=VECTOR('',#15374,1.);
#8600=VECTOR('',#15379,1.);
#8601=VECTOR('',#15380,1.);
#8602=VECTOR('',#15383,1.);
#8603=VECTOR('',#15386,1.);
#8604=VECTOR('',#15391,1.);
#8605=VECTOR('',#15392,1.);
#8606=VECTOR('',#15395,1.);
#8607=VECTOR('',#15398,1.);
#8608=VECTOR('',#15403,1.);
#8609=VECTOR('',#15404,1.);
#8610=VECTOR('',#15407,1.);
#8611=VECTOR('',#15410,1.);
#8612=VECTOR('',#15415,1.);
#8613=VECTOR('',#15416,1.);
#8614=VECTOR('',#15419,1.);
#8615=VECTOR('',#15422,1.);
#8616=VECTOR('',#15427,1.);
#8617=VECTOR('',#15428,1.);
#8618=VECTOR('',#15431,1.);
#8619=VECTOR('',#15434,1.);
#8620=VECTOR('',#15901,1.);
#8621=VECTOR('',#15902,1.);
#8622=VECTOR('',#15903,1.);
#8623=VECTOR('',#15906,1.);
#8624=VECTOR('',#15907,1.);
#8625=VECTOR('',#15908,1.);
#8626=VECTOR('',#15911,1.);
#8627=VECTOR('',#15912,1.);
#8628=VECTOR('',#15913,1.);
#8629=VECTOR('',#15916,1.);
#8630=VECTOR('',#15917,1.);
#8631=VECTOR('',#15918,1.);
#8632=VECTOR('',#15937,1.);
#8633=VECTOR('',#15938,1.);
#8634=VECTOR('',#15941,1.);
#8635=VECTOR('',#15942,1.);
#8636=VECTOR('',#15943,1.);
#8637=VECTOR('',#15944,1.);
#8638=VECTOR('',#15945,1.);
#8639=VECTOR('',#15948,1.);
#8640=VECTOR('',#15949,1.);
#8641=VECTOR('',#15950,1.);
#8642=VECTOR('',#15951,1.);
#8643=VECTOR('',#15954,1.);
#8644=VECTOR('',#15955,1.);
#8645=VECTOR('',#15956,1.);
#8646=VECTOR('',#15957,1.);
#8647=VECTOR('',#16000,1.);
#8648=VECTOR('',#16001,1.);
#8649=VECTOR('',#16004,1.);
#8650=VECTOR('',#16005,1.);
#8651=VECTOR('',#16008,1.);
#8652=VECTOR('',#16009,1.);
#8653=VECTOR('',#16012,1.);
#8654=VECTOR('',#16013,1.);
#8655=VECTOR('',#16016,1.);
#8656=VECTOR('',#16021,1.);
#8657=VECTOR('',#16022,1.);
#8658=VECTOR('',#16023,1.);
#8659=VECTOR('',#16024,1.);
#8660=VECTOR('',#16025,1.);
#8661=VECTOR('',#16028,1.);
#8662=VECTOR('',#16029,1.);
#8663=VECTOR('',#16030,1.);
#8664=VECTOR('',#16031,1.);
#8665=VECTOR('',#16032,1.);
#8666=VECTOR('',#16035,1.);
#8667=VECTOR('',#16038,1.);
#8668=VECTOR('',#16045,1.);
#8669=VECTOR('',#16056,1.);
#8670=VECTOR('',#16057,1.);
#8671=VECTOR('',#16066,1.);
#8672=VECTOR('',#16067,1.);
#8673=VECTOR('',#16068,1.);
#8674=VECTOR('',#16069,1.);
#8675=VECTOR('',#16070,1.);
#8676=VECTOR('',#16073,1.);
#8677=VECTOR('',#16074,1.);
#8678=VECTOR('',#16075,1.);
#8679=VECTOR('',#16076,1.);
#8680=VECTOR('',#16077,1.);
#8681=VECTOR('',#16080,1.);
#8682=VECTOR('',#16083,1.);
#8683=VECTOR('',#16092,1.);
#8684=VECTOR('',#16101,1.);
#8685=VECTOR('',#16102,1.);
#8686=VECTOR('',#16111,1.);
#8687=VECTOR('',#16112,1.);
#8688=VECTOR('',#16113,1.);
#8689=VECTOR('',#16114,1.);
#8690=VECTOR('',#16115,1.);
#8691=VECTOR('',#16118,1.);
#8692=VECTOR('',#16119,1.);
#8693=VECTOR('',#16120,1.);
#8694=VECTOR('',#16121,1.);
#8695=VECTOR('',#16122,1.);
#8696=VECTOR('',#16125,1.);
#8697=VECTOR('',#16128,1.);
#8698=VECTOR('',#16137,1.);
#8699=VECTOR('',#16146,1.);
#8700=VECTOR('',#16147,1.);
#8701=VECTOR('',#16156,1.);
#8702=VECTOR('',#16157,1.);
#8703=VECTOR('',#16158,1.);
#8704=VECTOR('',#16159,1.);
#8705=VECTOR('',#16160,1.);
#8706=VECTOR('',#16163,1.);
#8707=VECTOR('',#16164,1.);
#8708=VECTOR('',#16165,1.);
#8709=VECTOR('',#16166,1.);
#8710=VECTOR('',#16167,1.);
#8711=VECTOR('',#16170,1.);
#8712=VECTOR('',#16173,1.);
#8713=VECTOR('',#16182,1.);
#8714=VECTOR('',#16191,1.);
#8715=VECTOR('',#16192,1.);
#8716=VECTOR('',#16201,1.);
#8717=VECTOR('',#16202,1.);
#8718=VECTOR('',#16203,1.);
#8719=VECTOR('',#16204,1.);
#8720=VECTOR('',#16205,1.);
#8721=VECTOR('',#16208,1.);
#8722=VECTOR('',#16209,1.);
#8723=VECTOR('',#16210,1.);
#8724=VECTOR('',#16211,1.);
#8725=VECTOR('',#16212,1.);
#8726=VECTOR('',#16215,1.);
#8727=VECTOR('',#16218,1.);
#8728=VECTOR('',#16227,1.);
#8729=VECTOR('',#16236,1.);
#8730=VECTOR('',#16237,1.);
#8731=VECTOR('',#16246,1.);
#8732=VECTOR('',#16247,1.);
#8733=VECTOR('',#16248,1.);
#8734=VECTOR('',#16249,1.);
#8735=VECTOR('',#16250,1.);
#8736=VECTOR('',#16253,1.);
#8737=VECTOR('',#16254,1.);
#8738=VECTOR('',#16255,1.);
#8739=VECTOR('',#16256,1.);
#8740=VECTOR('',#16257,1.);
#8741=VECTOR('',#16260,1.);
#8742=VECTOR('',#16263,1.);
#8743=VECTOR('',#16272,1.);
#8744=VECTOR('',#16281,1.);
#8745=VECTOR('',#16282,1.);
#8746=VECTOR('',#16291,1.);
#8747=VECTOR('',#16292,1.);
#8748=VECTOR('',#16293,1.);
#8749=VECTOR('',#16294,1.);
#8750=VECTOR('',#16295,1.);
#8751=VECTOR('',#16298,1.);
#8752=VECTOR('',#16299,1.);
#8753=VECTOR('',#16300,1.);
#8754=VECTOR('',#16301,1.);
#8755=VECTOR('',#16302,1.);
#8756=VECTOR('',#16305,1.);
#8757=VECTOR('',#16308,1.);
#8758=VECTOR('',#16317,1.);
#8759=VECTOR('',#16326,1.);
#8760=VECTOR('',#16327,1.);
#8761=VECTOR('',#16336,1.);
#8762=VECTOR('',#16337,1.);
#8763=VECTOR('',#16338,1.);
#8764=VECTOR('',#16339,1.);
#8765=VECTOR('',#16340,1.);
#8766=VECTOR('',#16343,1.);
#8767=VECTOR('',#16344,1.);
#8768=VECTOR('',#16345,1.);
#8769=VECTOR('',#16346,1.);
#8770=VECTOR('',#16347,1.);
#8771=VECTOR('',#16350,1.);
#8772=VECTOR('',#16353,1.);
#8773=VECTOR('',#16360,1.);
#8774=VECTOR('',#16371,1.);
#8775=VECTOR('',#16372,1.);
#8776=VECTOR('',#16381,1.);
#8777=VECTOR('',#16382,1.);
#8778=VECTOR('',#16383,1.);
#8779=VECTOR('',#16384,1.);
#8780=VECTOR('',#16385,1.);
#8781=VECTOR('',#16388,1.);
#8782=VECTOR('',#16389,1.);
#8783=VECTOR('',#16390,1.);
#8784=VECTOR('',#16391,1.);
#8785=VECTOR('',#16392,1.);
#8786=VECTOR('',#16395,1.);
#8787=VECTOR('',#16398,1.);
#8788=VECTOR('',#16407,1.);
#8789=VECTOR('',#16416,1.);
#8790=VECTOR('',#16417,1.);
#8791=VECTOR('',#16426,1.);
#8792=VECTOR('',#16427,1.);
#8793=VECTOR('',#16428,1.);
#8794=VECTOR('',#16429,1.);
#8795=VECTOR('',#16430,1.);
#8796=VECTOR('',#16433,1.);
#8797=VECTOR('',#16434,1.);
#8798=VECTOR('',#16435,1.);
#8799=VECTOR('',#16436,1.);
#8800=VECTOR('',#16437,1.);
#8801=VECTOR('',#16440,1.);
#8802=VECTOR('',#16443,1.);
#8803=VECTOR('',#16450,1.);
#8804=VECTOR('',#16461,1.);
#8805=VECTOR('',#16462,1.);
#8806=VECTOR('',#16471,1.);
#8807=VECTOR('',#16472,1.);
#8808=VECTOR('',#16473,1.);
#8809=VECTOR('',#16474,1.);
#8810=VECTOR('',#16475,1.);
#8811=VECTOR('',#16478,1.);
#8812=VECTOR('',#16479,1.);
#8813=VECTOR('',#16480,1.);
#8814=VECTOR('',#16481,1.);
#8815=VECTOR('',#16482,1.);
#8816=VECTOR('',#16485,1.);
#8817=VECTOR('',#16488,1.);
#8818=VECTOR('',#16495,1.);
#8819=VECTOR('',#16506,1.);
#8820=VECTOR('',#16507,1.);
#8821=VECTOR('',#16516,1.);
#8822=VECTOR('',#16517,1.);
#8823=VECTOR('',#16518,1.);
#8824=VECTOR('',#16519,1.);
#8825=VECTOR('',#16520,1.);
#8826=VECTOR('',#16523,1.);
#8827=VECTOR('',#16524,1.);
#8828=VECTOR('',#16525,1.);
#8829=VECTOR('',#16526,1.);
#8830=VECTOR('',#16527,1.);
#8831=VECTOR('',#16530,1.);
#8832=VECTOR('',#16533,1.);
#8833=VECTOR('',#16542,1.);
#8834=VECTOR('',#16551,1.);
#8835=VECTOR('',#16552,1.);
#8836=VECTOR('',#16561,1.);
#8837=VECTOR('',#16562,1.);
#8838=VECTOR('',#16563,1.);
#8839=VECTOR('',#16564,1.);
#8840=VECTOR('',#16565,1.);
#8841=VECTOR('',#16568,1.);
#8842=VECTOR('',#16569,1.);
#8843=VECTOR('',#16570,1.);
#8844=VECTOR('',#16571,1.);
#8845=VECTOR('',#16572,1.);
#8846=VECTOR('',#16575,1.);
#8847=VECTOR('',#16578,1.);
#8848=VECTOR('',#16585,1.);
#8849=VECTOR('',#16596,1.);
#8850=VECTOR('',#16597,1.);
#8851=VECTOR('',#16606,1.);
#8852=VECTOR('',#16607,1.);
#8853=VECTOR('',#16608,1.);
#8854=VECTOR('',#16609,1.);
#8855=VECTOR('',#16610,1.);
#8856=VECTOR('',#16613,1.);
#8857=VECTOR('',#16614,1.);
#8858=VECTOR('',#16615,1.);
#8859=VECTOR('',#16616,1.);
#8860=VECTOR('',#16617,1.);
#8861=VECTOR('',#16620,1.);
#8862=VECTOR('',#16623,1.);
#8863=VECTOR('',#16632,1.);
#8864=VECTOR('',#16641,1.);
#8865=VECTOR('',#16642,1.);
#8866=VECTOR('',#16651,1.);
#8867=VECTOR('',#16652,1.);
#8868=VECTOR('',#16653,1.);
#8869=VECTOR('',#16654,1.);
#8870=VECTOR('',#16655,1.);
#8871=VECTOR('',#16658,1.);
#8872=VECTOR('',#16659,1.);
#8873=VECTOR('',#16660,1.);
#8874=VECTOR('',#16661,1.);
#8875=VECTOR('',#16662,1.);
#8876=VECTOR('',#16665,1.);
#8877=VECTOR('',#16668,1.);
#8878=VECTOR('',#16677,1.);
#8879=VECTOR('',#16686,1.);
#8880=VECTOR('',#16687,1.);
#8881=VECTOR('',#16696,1.);
#8882=VECTOR('',#16697,1.);
#8883=VECTOR('',#16698,1.);
#8884=VECTOR('',#16699,1.);
#8885=VECTOR('',#16700,1.);
#8886=VECTOR('',#16703,1.);
#8887=VECTOR('',#16704,1.);
#8888=VECTOR('',#16705,1.);
#8889=VECTOR('',#16706,1.);
#8890=VECTOR('',#16707,1.);
#8891=VECTOR('',#16710,1.);
#8892=VECTOR('',#16713,1.);
#8893=VECTOR('',#16722,1.);
#8894=VECTOR('',#16731,1.);
#8895=VECTOR('',#16732,1.);
#8896=EDGE_LOOP('',(#827,#828,#829,#830));
#8897=EDGE_LOOP('',(#831,#832,#833,#834));
#8898=EDGE_LOOP('',(#835,#836,#837,#838,#839,#840,#841,#842,#843,#844));
#8899=EDGE_LOOP('',(#845,#846,#847,#848));
#8900=EDGE_LOOP('',(#849,#850,#851,#852));
#8901=EDGE_LOOP('',(#853,#854,#855,#856));
#8902=EDGE_LOOP('',(#857,#858,#859,#860));
#8903=EDGE_LOOP('',(#861,#862,#863,#864));
#8904=EDGE_LOOP('',(#865,#866,#867,#868));
#8905=EDGE_LOOP('',(#869,#870,#871,#872));
#8906=EDGE_LOOP('',(#873,#874,#875,#876));
#8907=EDGE_LOOP('',(#877,#878,#879,#880));
#8908=EDGE_LOOP('',(#881,#882,#883,#884));
#8909=EDGE_LOOP('',(#885,#886,#887,#888));
#8910=EDGE_LOOP('',(#889,#890,#891,#892));
#8911=EDGE_LOOP('',(#893,#894,#895,#896));
#8912=EDGE_LOOP('',(#897,#898,#899,#900));
#8913=EDGE_LOOP('',(#901,#902,#903,#904));
#8914=EDGE_LOOP('',(#905,#906,#907,#908));
#8915=EDGE_LOOP('',(#909,#910,#911,#912));
#8916=EDGE_LOOP('',(#913,#914,#915,#916));
#8917=EDGE_LOOP('',(#917,#918,#919));
#8918=EDGE_LOOP('',(#920,#921,#922));
#8919=EDGE_LOOP('',(#923,#924,#925,#926,#927,#928,#929,#930));
#8920=EDGE_LOOP('',(#931,#932,#933,#934,#935,#936,#937,#938));
#8921=EDGE_LOOP('',(#939,#940,#941,#942));
#8922=EDGE_LOOP('',(#943));
#8923=EDGE_LOOP('',(#944));
#8924=EDGE_LOOP('',(#945));
#8925=EDGE_LOOP('',(#946));
#8926=EDGE_LOOP('',(#947));
#8927=EDGE_LOOP('',(#948));
#8928=EDGE_LOOP('',(#949));
#8929=EDGE_LOOP('',(#950));
#8930=EDGE_LOOP('',(#951));
#8931=EDGE_LOOP('',(#952));
#8932=EDGE_LOOP('',(#953));
#8933=EDGE_LOOP('',(#954,#955,#956,#957));
#8934=EDGE_LOOP('',(#958,#959,#960,#961));
#8935=EDGE_LOOP('',(#962,#963,#964,#965));
#8936=EDGE_LOOP('',(#966,#967,#968,#969));
#8937=EDGE_LOOP('',(#970,#971,#972,#973,#974,#975,#976,#977,#978,#979));
#8938=EDGE_LOOP('',(#980,#981,#982,#983,#984,#985,#986,#987));
#8939=EDGE_LOOP('',(#988,#989,#990,#991,#992,#993,#994,#995));
#8940=EDGE_LOOP('',(#996,#997,#998,#999,#1000,#1001,#1002,#1003));
#8941=EDGE_LOOP('',(#1004,#1005,#1006,#1007,#1008,#1009,#1010,#1011));
#8942=EDGE_LOOP('',(#1012));
#8943=EDGE_LOOP('',(#1013,#1014,#1015,#1016));
#8944=EDGE_LOOP('',(#1017));
#8945=EDGE_LOOP('',(#1018));
#8946=EDGE_LOOP('',(#1019));
#8947=EDGE_LOOP('',(#1020));
#8948=EDGE_LOOP('',(#1021));
#8949=EDGE_LOOP('',(#1022,#1023,#1024,#1025,#1026,#1027,#1028,#1029));
#8950=EDGE_LOOP('',(#1030));
#8951=EDGE_LOOP('',(#1031,#1032,#1033,#1034));
#8952=EDGE_LOOP('',(#1035));
#8953=EDGE_LOOP('',(#1036));
#8954=EDGE_LOOP('',(#1037,#1038,#1039,#1040));
#8955=EDGE_LOOP('',(#1041));
#8956=EDGE_LOOP('',(#1042));
#8957=EDGE_LOOP('',(#1043,#1044,#1045,#1046));
#8958=EDGE_LOOP('',(#1047));
#8959=EDGE_LOOP('',(#1048));
#8960=EDGE_LOOP('',(#1049,#1050,#1051,#1052));
#8961=EDGE_LOOP('',(#1053));
#8962=EDGE_LOOP('',(#1054,#1055,#1056,#1057));
#8963=EDGE_LOOP('',(#1058));
#8964=EDGE_LOOP('',(#1059));
#8965=EDGE_LOOP('',(#1060));
#8966=EDGE_LOOP('',(#1061));
#8967=EDGE_LOOP('',(#1062,#1063,#1064,#1065));
#8968=EDGE_LOOP('',(#1066));
#8969=EDGE_LOOP('',(#1067));
#8970=EDGE_LOOP('',(#1068));
#8971=EDGE_LOOP('',(#1069));
#8972=EDGE_LOOP('',(#1070,#1071,#1072,#1073));
#8973=EDGE_LOOP('',(#1074));
#8974=EDGE_LOOP('',(#1075));
#8975=EDGE_LOOP('',(#1076));
#8976=EDGE_LOOP('',(#1077));
#8977=EDGE_LOOP('',(#1078,#1079,#1080,#1081));
#8978=EDGE_LOOP('',(#1082));
#8979=EDGE_LOOP('',(#1083));
#8980=EDGE_LOOP('',(#1084));
#8981=EDGE_LOOP('',(#1085));
#8982=EDGE_LOOP('',(#1086,#1087,#1088,#1089,#1090,#1091,#1092,#1093,#1094,
#1095,#1096,#1097,#1098,#1099,#1100,#1101,#1102,#1103,#1104,#1105,#1106,
#1107,#1108,#1109,#1110,#1111,#1112,#1113,#1114));
#8983=EDGE_LOOP('',(#1115,#1116,#1117,#1118,#1119,#1120,#1121,#1122,#1123,
#1124,#1125,#1126,#1127,#1128,#1129,#1130,#1131,#1132,#1133,#1134,#1135,
#1136,#1137,#1138,#1139,#1140,#1141,#1142,#1143,#1144,#1145,#1146,#1147,
#1148));
#8984=EDGE_LOOP('',(#1149,#1150,#1151,#1152,#1153,#1154,#1155,#1156,#1157,
#1158,#1159,#1160));
#8985=EDGE_LOOP('',(#1161,#1162,#1163,#1164));
#8986=EDGE_LOOP('',(#1165,#1166,#1167,#1168));
#8987=EDGE_LOOP('',(#1169,#1170,#1171,#1172));
#8988=EDGE_LOOP('',(#1173,#1174,#1175,#1176));
#8989=EDGE_LOOP('',(#1177,#1178,#1179,#1180));
#8990=EDGE_LOOP('',(#1181,#1182,#1183,#1184,#1185,#1186,#1187,#1188));
#8991=EDGE_LOOP('',(#1189,#1190,#1191,#1192));
#8992=EDGE_LOOP('',(#1193,#1194,#1195,#1196,#1197,#1198,#1199,#1200));
#8993=EDGE_LOOP('',(#1201,#1202,#1203,#1204,#1205,#1206,#1207,#1208));
#8994=EDGE_LOOP('',(#1209,#1210,#1211,#1212,#1213,#1214,#1215,#1216));
#8995=EDGE_LOOP('',(#1217,#1218,#1219,#1220,#1221,#1222,#1223,#1224));
#8996=EDGE_LOOP('',(#1225));
#8997=EDGE_LOOP('',(#1226));
#8998=EDGE_LOOP('',(#1227,#1228,#1229,#1230));
#8999=EDGE_LOOP('',(#1231));
#9000=EDGE_LOOP('',(#1232));
#9001=EDGE_LOOP('',(#1233,#1234,#1235,#1236));
#9002=EDGE_LOOP('',(#1237));
#9003=EDGE_LOOP('',(#1238));
#9004=EDGE_LOOP('',(#1239,#1240,#1241,#1242));
#9005=EDGE_LOOP('',(#1243));
#9006=EDGE_LOOP('',(#1244));
#9007=EDGE_LOOP('',(#1245,#1246,#1247,#1248));
#9008=EDGE_LOOP('',(#1249,#1250,#1251,#1252,#1253,#1254,#1255,#1256));
#9009=EDGE_LOOP('',(#1257));
#9010=EDGE_LOOP('',(#1258));
#9011=EDGE_LOOP('',(#1259));
#9012=EDGE_LOOP('',(#1260));
#9013=EDGE_LOOP('',(#1261,#1262,#1263,#1264));
#9014=EDGE_LOOP('',(#1265));
#9015=EDGE_LOOP('',(#1266));
#9016=EDGE_LOOP('',(#1267,#1268,#1269,#1270));
#9017=EDGE_LOOP('',(#1271,#1272,#1273,#1274));
#9018=EDGE_LOOP('',(#1275,#1276,#1277,#1278));
#9019=EDGE_LOOP('',(#1279,#1280,#1281,#1282));
#9020=EDGE_LOOP('',(#1283,#1284,#1285,#1286));
#9021=EDGE_LOOP('',(#1287,#1288,#1289,#1290));
#9022=EDGE_LOOP('',(#1291,#1292,#1293,#1294));
#9023=EDGE_LOOP('',(#1295,#1296,#1297,#1298));
#9024=EDGE_LOOP('',(#1299,#1300,#1301,#1302,#1303,#1304,#1305,#1306,#1307,
#1308,#1309,#1310));
#9025=EDGE_LOOP('',(#1311,#1312,#1313,#1314));
#9026=EDGE_LOOP('',(#1315,#1316,#1317,#1318));
#9027=EDGE_LOOP('',(#1319,#1320,#1321,#1322));
#9028=EDGE_LOOP('',(#1323,#1324,#1325,#1326));
#9029=EDGE_LOOP('',(#1327,#1328,#1329,#1330));
#9030=EDGE_LOOP('',(#1331,#1332,#1333,#1334));
#9031=EDGE_LOOP('',(#1335,#1336,#1337,#1338));
#9032=EDGE_LOOP('',(#1339,#1340,#1341,#1342));
#9033=EDGE_LOOP('',(#1343));
#9034=EDGE_LOOP('',(#1344,#1345,#1346,#1347,#1348,#1349,#1350,#1351));
#9035=EDGE_LOOP('',(#1352));
#9036=EDGE_LOOP('',(#1353,#1354,#1355,#1356,#1357,#1358,#1359,#1360));
#9037=EDGE_LOOP('',(#1361));
#9038=EDGE_LOOP('',(#1362,#1363,#1364,#1365,#1366,#1367,#1368,#1369));
#9039=EDGE_LOOP('',(#1370,#1371,#1372,#1373));
#9040=EDGE_LOOP('',(#1374,#1375,#1376,#1377));
#9041=EDGE_LOOP('',(#1378,#1379,#1380,#1381));
#9042=EDGE_LOOP('',(#1382,#1383,#1384,#1385));
#9043=EDGE_LOOP('',(#1386,#1387,#1388,#1389));
#9044=EDGE_LOOP('',(#1390,#1391,#1392,#1393));
#9045=EDGE_LOOP('',(#1394,#1395,#1396,#1397));
#9046=EDGE_LOOP('',(#1398,#1399,#1400,#1401));
#9047=EDGE_LOOP('',(#1402,#1403,#1404,#1405,#1406,#1407,#1408,#1409));
#9048=EDGE_LOOP('',(#1410,#1411,#1412,#1413));
#9049=EDGE_LOOP('',(#1414,#1415,#1416,#1417));
#9050=EDGE_LOOP('',(#1418,#1419,#1420,#1421));
#9051=EDGE_LOOP('',(#1422,#1423,#1424,#1425));
#9052=EDGE_LOOP('',(#1426,#1427,#1428,#1429));
#9053=EDGE_LOOP('',(#1430));
#9054=EDGE_LOOP('',(#1431));
#9055=EDGE_LOOP('',(#1432,#1433,#1434,#1435));
#9056=EDGE_LOOP('',(#1436,#1437,#1438,#1439));
#9057=EDGE_LOOP('',(#1440,#1441,#1442,#1443));
#9058=EDGE_LOOP('',(#1444,#1445,#1446,#1447));
#9059=EDGE_LOOP('',(#1448,#1449,#1450,#1451));
#9060=EDGE_LOOP('',(#1452,#1453,#1454,#1455));
#9061=EDGE_LOOP('',(#1456,#1457,#1458,#1459));
#9062=EDGE_LOOP('',(#1460,#1461,#1462,#1463));
#9063=EDGE_LOOP('',(#1464,#1465,#1466,#1467,#1468,#1469,#1470,#1471));
#9064=EDGE_LOOP('',(#1472,#1473,#1474,#1475));
#9065=EDGE_LOOP('',(#1476,#1477,#1478,#1479));
#9066=EDGE_LOOP('',(#1480,#1481,#1482,#1483));
#9067=EDGE_LOOP('',(#1484,#1485,#1486,#1487));
#9068=EDGE_LOOP('',(#1488,#1489,#1490,#1491));
#9069=EDGE_LOOP('',(#1492));
#9070=EDGE_LOOP('',(#1493));
#9071=EDGE_LOOP('',(#1494,#1495,#1496,#1497));
#9072=EDGE_LOOP('',(#1498,#1499,#1500,#1501));
#9073=EDGE_LOOP('',(#1502,#1503,#1504,#1505));
#9074=EDGE_LOOP('',(#1506,#1507,#1508,#1509));
#9075=EDGE_LOOP('',(#1510,#1511,#1512,#1513));
#9076=EDGE_LOOP('',(#1514,#1515,#1516,#1517));
#9077=EDGE_LOOP('',(#1518,#1519,#1520,#1521));
#9078=EDGE_LOOP('',(#1522,#1523,#1524,#1525));
#9079=EDGE_LOOP('',(#1526,#1527,#1528,#1529,#1530,#1531,#1532,#1533));
#9080=EDGE_LOOP('',(#1534,#1535,#1536,#1537));
#9081=EDGE_LOOP('',(#1538,#1539,#1540,#1541));
#9082=EDGE_LOOP('',(#1542,#1543,#1544,#1545));
#9083=EDGE_LOOP('',(#1546,#1547,#1548,#1549));
#9084=EDGE_LOOP('',(#1550,#1551,#1552,#1553));
#9085=EDGE_LOOP('',(#1554));
#9086=EDGE_LOOP('',(#1555));
#9087=EDGE_LOOP('',(#1556,#1557,#1558,#1559));
#9088=EDGE_LOOP('',(#1560));
#9089=EDGE_LOOP('',(#1561));
#9090=EDGE_LOOP('',(#1562));
#9091=EDGE_LOOP('',(#1563));
#9092=EDGE_LOOP('',(#1564));
#9093=EDGE_LOOP('',(#1565));
#9094=EDGE_LOOP('',(#1566));
#9095=EDGE_LOOP('',(#1567));
#9096=EDGE_LOOP('',(#1568));
#9097=EDGE_LOOP('',(#1569));
#9098=EDGE_LOOP('',(#1570));
#9099=EDGE_LOOP('',(#1571));
#9100=EDGE_LOOP('',(#1572));
#9101=EDGE_LOOP('',(#1573));
#9102=EDGE_LOOP('',(#1574));
#9103=EDGE_LOOP('',(#1575,#1576,#1577,#1578));
#9104=EDGE_LOOP('',(#1579,#1580,#1581,#1582));
#9105=EDGE_LOOP('',(#1583,#1584,#1585,#1586));
#9106=EDGE_LOOP('',(#1587,#1588,#1589,#1590));
#9107=EDGE_LOOP('',(#1591));
#9108=EDGE_LOOP('',(#1592));
#9109=EDGE_LOOP('',(#1593));
#9110=EDGE_LOOP('',(#1594));
#9111=EDGE_LOOP('',(#1595));
#9112=EDGE_LOOP('',(#1596));
#9113=EDGE_LOOP('',(#1597));
#9114=EDGE_LOOP('',(#1598));
#9115=EDGE_LOOP('',(#1599));
#9116=EDGE_LOOP('',(#1600));
#9117=EDGE_LOOP('',(#1601));
#9118=EDGE_LOOP('',(#1602));
#9119=EDGE_LOOP('',(#1603));
#9120=EDGE_LOOP('',(#1604));
#9121=EDGE_LOOP('',(#1605));
#9122=EDGE_LOOP('',(#1606));
#9123=EDGE_LOOP('',(#1607,#1608,#1609,#1610));
#9124=EDGE_LOOP('',(#1611,#1612,#1613,#1614));
#9125=EDGE_LOOP('',(#1615,#1616,#1617,#1618));
#9126=EDGE_LOOP('',(#1619,#1620,#1621,#1622));
#9127=EDGE_LOOP('',(#1623));
#9128=EDGE_LOOP('',(#1624));
#9129=EDGE_LOOP('',(#1625));
#9130=EDGE_LOOP('',(#1626));
#9131=EDGE_LOOP('',(#1627));
#9132=EDGE_LOOP('',(#1628));
#9133=EDGE_LOOP('',(#1629));
#9134=EDGE_LOOP('',(#1630));
#9135=EDGE_LOOP('',(#1631));
#9136=EDGE_LOOP('',(#1632));
#9137=EDGE_LOOP('',(#1633));
#9138=EDGE_LOOP('',(#1634));
#9139=EDGE_LOOP('',(#1635));
#9140=EDGE_LOOP('',(#1636));
#9141=EDGE_LOOP('',(#1637));
#9142=EDGE_LOOP('',(#1638));
#9143=EDGE_LOOP('',(#1639,#1640,#1641,#1642));
#9144=EDGE_LOOP('',(#1643,#1644,#1645,#1646));
#9145=EDGE_LOOP('',(#1647,#1648,#1649,#1650));
#9146=EDGE_LOOP('',(#1651,#1652,#1653,#1654));
#9147=EDGE_LOOP('',(#1655));
#9148=EDGE_LOOP('',(#1656));
#9149=EDGE_LOOP('',(#1657));
#9150=EDGE_LOOP('',(#1658));
#9151=EDGE_LOOP('',(#1659));
#9152=EDGE_LOOP('',(#1660));
#9153=EDGE_LOOP('',(#1661));
#9154=EDGE_LOOP('',(#1662));
#9155=EDGE_LOOP('',(#1663));
#9156=EDGE_LOOP('',(#1664));
#9157=EDGE_LOOP('',(#1665));
#9158=EDGE_LOOP('',(#1666));
#9159=EDGE_LOOP('',(#1667));
#9160=EDGE_LOOP('',(#1668));
#9161=EDGE_LOOP('',(#1669));
#9162=EDGE_LOOP('',(#1670));
#9163=EDGE_LOOP('',(#1671,#1672,#1673,#1674));
#9164=EDGE_LOOP('',(#1675,#1676,#1677,#1678));
#9165=EDGE_LOOP('',(#1679,#1680,#1681,#1682));
#9166=EDGE_LOOP('',(#1683,#1684,#1685,#1686));
#9167=EDGE_LOOP('',(#1687));
#9168=EDGE_LOOP('',(#1688));
#9169=EDGE_LOOP('',(#1689));
#9170=EDGE_LOOP('',(#1690));
#9171=EDGE_LOOP('',(#1691));
#9172=EDGE_LOOP('',(#1692));
#9173=EDGE_LOOP('',(#1693,#1694,#1695,#1696));
#9174=EDGE_LOOP('',(#1697,#1698,#1699,#1700,#1701,#1702,#1703,#1704));
#9175=EDGE_LOOP('',(#1705,#1706,#1707,#1708));
#9176=EDGE_LOOP('',(#1709,#1710,#1711,#1712));
#9177=EDGE_LOOP('',(#1713,#1714,#1715,#1716,#1717,#1718,#1719,#1720));
#9178=EDGE_LOOP('',(#1721,#1722,#1723,#1724,#1725,#1726,#1727,#1728));
#9179=EDGE_LOOP('',(#1729,#1730,#1731,#1732));
#9180=EDGE_LOOP('',(#1733,#1734,#1735,#1736));
#9181=EDGE_LOOP('',(#1737,#1738,#1739,#1740));
#9182=EDGE_LOOP('',(#1741,#1742,#1743,#1744));
#9183=EDGE_LOOP('',(#1745,#1746,#1747,#1748));
#9184=EDGE_LOOP('',(#1749));
#9185=EDGE_LOOP('',(#1750));
#9186=EDGE_LOOP('',(#1751));
#9187=EDGE_LOOP('',(#1752));
#9188=EDGE_LOOP('',(#1753));
#9189=EDGE_LOOP('',(#1754));
#9190=EDGE_LOOP('',(#1755));
#9191=EDGE_LOOP('',(#1756));
#9192=EDGE_LOOP('',(#1757));
#9193=EDGE_LOOP('',(#1758));
#9194=EDGE_LOOP('',(#1759));
#9195=EDGE_LOOP('',(#1760));
#9196=EDGE_LOOP('',(#1761));
#9197=EDGE_LOOP('',(#1762));
#9198=EDGE_LOOP('',(#1763));
#9199=EDGE_LOOP('',(#1764));
#9200=EDGE_LOOP('',(#1765,#1766,#1767,#1768));
#9201=EDGE_LOOP('',(#1769,#1770,#1771,#1772));
#9202=EDGE_LOOP('',(#1773,#1774,#1775,#1776));
#9203=EDGE_LOOP('',(#1777,#1778,#1779,#1780));
#9204=EDGE_LOOP('',(#1781));
#9205=EDGE_LOOP('',(#1782));
#9206=EDGE_LOOP('',(#1783,#1784,#1785,#1786,#1787,#1788,#1789,#1790));
#9207=EDGE_LOOP('',(#1791));
#9208=EDGE_LOOP('',(#1792));
#9209=EDGE_LOOP('',(#1793));
#9210=EDGE_LOOP('',(#1794,#1795,#1796,#1797));
#9211=EDGE_LOOP('',(#1798));
#9212=EDGE_LOOP('',(#1799));
#9213=EDGE_LOOP('',(#1800));
#9214=EDGE_LOOP('',(#1801,#1802,#1803,#1804));
#9215=EDGE_LOOP('',(#1805));
#9216=EDGE_LOOP('',(#1806));
#9217=EDGE_LOOP('',(#1807));
#9218=EDGE_LOOP('',(#1808,#1809,#1810,#1811));
#9219=EDGE_LOOP('',(#1812));
#9220=EDGE_LOOP('',(#1813,#1814,#1815,#1816));
#9221=EDGE_LOOP('',(#1817,#1818,#1819,#1820));
#9222=EDGE_LOOP('',(#1821,#1822,#1823,#1824));
#9223=EDGE_LOOP('',(#1825,#1826,#1827,#1828));
#9224=EDGE_LOOP('',(#1829));
#9225=EDGE_LOOP('',(#1830));
#9226=EDGE_LOOP('',(#1831));
#9227=EDGE_LOOP('',(#1832));
#9228=EDGE_LOOP('',(#1833));
#9229=EDGE_LOOP('',(#1834));
#9230=EDGE_LOOP('',(#1835));
#9231=EDGE_LOOP('',(#1836));
#9232=EDGE_LOOP('',(#1837));
#9233=EDGE_LOOP('',(#1838));
#9234=EDGE_LOOP('',(#1839));
#9235=EDGE_LOOP('',(#1840));
#9236=EDGE_LOOP('',(#1841));
#9237=EDGE_LOOP('',(#1842));
#9238=EDGE_LOOP('',(#1843,#1844,#1845,#1846,#1847,#1848,#1849,#1850));
#9239=EDGE_LOOP('',(#1851,#1852,#1853,#1854));
#9240=EDGE_LOOP('',(#1855,#1856,#1857,#1858));
#9241=EDGE_LOOP('',(#1859,#1860,#1861,#1862));
#9242=EDGE_LOOP('',(#1863,#1864,#1865,#1866));
#9243=EDGE_LOOP('',(#1867,#1868,#1869,#1870));
#9244=EDGE_LOOP('',(#1871,#1872,#1873,#1874));
#9245=EDGE_LOOP('',(#1875,#1876,#1877,#1878));
#9246=EDGE_LOOP('',(#1879,#1880,#1881,#1882));
#9247=EDGE_LOOP('',(#1883,#1884,#1885,#1886));
#9248=EDGE_LOOP('',(#1887,#1888,#1889,#1890));
#9249=EDGE_LOOP('',(#1891,#1892,#1893,#1894));
#9250=EDGE_LOOP('',(#1895,#1896,#1897,#1898));
#9251=EDGE_LOOP('',(#1899,#1900,#1901,#1902));
#9252=EDGE_LOOP('',(#1903,#1904,#1905,#1906));
#9253=EDGE_LOOP('',(#1907,#1908,#1909,#1910));
#9254=EDGE_LOOP('',(#1911,#1912,#1913,#1914));
#9255=EDGE_LOOP('',(#1915,#1916,#1917,#1918));
#9256=EDGE_LOOP('',(#1919,#1920,#1921,#1922));
#9257=EDGE_LOOP('',(#1923,#1924,#1925,#1926));
#9258=EDGE_LOOP('',(#1927,#1928,#1929,#1930));
#9259=EDGE_LOOP('',(#1931,#1932,#1933,#1934));
#9260=EDGE_LOOP('',(#1935,#1936,#1937,#1938));
#9261=EDGE_LOOP('',(#1939,#1940,#1941,#1942));
#9262=EDGE_LOOP('',(#1943,#1944,#1945,#1946));
#9263=EDGE_LOOP('',(#1947,#1948,#1949,#1950));
#9264=EDGE_LOOP('',(#1951,#1952,#1953,#1954));
#9265=EDGE_LOOP('',(#1955,#1956,#1957,#1958,#1959,#1960,#1961,#1962));
#9266=EDGE_LOOP('',(#1963,#1964,#1965,#1966,#1967,#1968,#1969,#1970));
#9267=EDGE_LOOP('',(#1971));
#9268=EDGE_LOOP('',(#1972));
#9269=EDGE_LOOP('',(#1973));
#9270=EDGE_LOOP('',(#1974));
#9271=EDGE_LOOP('',(#1975));
#9272=EDGE_LOOP('',(#1976));
#9273=EDGE_LOOP('',(#1977));
#9274=EDGE_LOOP('',(#1978));
#9275=EDGE_LOOP('',(#1979));
#9276=EDGE_LOOP('',(#1980));
#9277=EDGE_LOOP('',(#1981));
#9278=EDGE_LOOP('',(#1982));
#9279=EDGE_LOOP('',(#1983,#1984,#1985,#1986));
#9280=EDGE_LOOP('',(#1987,#1988,#1989,#1990));
#9281=EDGE_LOOP('',(#1991,#1992,#1993,#1994));
#9282=EDGE_LOOP('',(#1995,#1996,#1997,#1998));
#9283=EDGE_LOOP('',(#1999,#2000,#2001,#2002));
#9284=EDGE_LOOP('',(#2003,#2004,#2005,#2006));
#9285=EDGE_LOOP('',(#2007,#2008,#2009,#2010));
#9286=EDGE_LOOP('',(#2011,#2012,#2013,#2014));
#9287=EDGE_LOOP('',(#2015,#2016,#2017,#2018));
#9288=EDGE_LOOP('',(#2019,#2020,#2021,#2022));
#9289=EDGE_LOOP('',(#2023,#2024,#2025,#2026));
#9290=EDGE_LOOP('',(#2027,#2028,#2029,#2030));
#9291=EDGE_LOOP('',(#2031,#2032,#2033,#2034));
#9292=EDGE_LOOP('',(#2035,#2036,#2037,#2038));
#9293=EDGE_LOOP('',(#2039,#2040,#2041,#2042));
#9294=EDGE_LOOP('',(#2043,#2044,#2045,#2046));
#9295=EDGE_LOOP('',(#2047,#2048,#2049,#2050));
#9296=EDGE_LOOP('',(#2051,#2052,#2053,#2054));
#9297=EDGE_LOOP('',(#2055,#2056,#2057,#2058));
#9298=EDGE_LOOP('',(#2059,#2060,#2061,#2062));
#9299=EDGE_LOOP('',(#2063,#2064,#2065,#2066));
#9300=EDGE_LOOP('',(#2067,#2068,#2069,#2070,#2071,#2072,#2073,#2074));
#9301=EDGE_LOOP('',(#2075,#2076,#2077,#2078,#2079,#2080,#2081,#2082));
#9302=EDGE_LOOP('',(#2083));
#9303=EDGE_LOOP('',(#2084));
#9304=EDGE_LOOP('',(#2085));
#9305=EDGE_LOOP('',(#2086));
#9306=EDGE_LOOP('',(#2087));
#9307=EDGE_LOOP('',(#2088));
#9308=EDGE_LOOP('',(#2089));
#9309=EDGE_LOOP('',(#2090));
#9310=EDGE_LOOP('',(#2091));
#9311=EDGE_LOOP('',(#2092));
#9312=EDGE_LOOP('',(#2093));
#9313=EDGE_LOOP('',(#2094));
#9314=EDGE_LOOP('',(#2095,#2096,#2097,#2098));
#9315=EDGE_LOOP('',(#2099,#2100,#2101,#2102));
#9316=EDGE_LOOP('',(#2103,#2104,#2105,#2106));
#9317=EDGE_LOOP('',(#2107,#2108,#2109,#2110));
#9318=EDGE_LOOP('',(#2111,#2112,#2113,#2114));
#9319=EDGE_LOOP('',(#2115,#2116,#2117,#2118));
#9320=EDGE_LOOP('',(#2119,#2120,#2121,#2122));
#9321=EDGE_LOOP('',(#2123,#2124,#2125,#2126));
#9322=EDGE_LOOP('',(#2127,#2128,#2129,#2130));
#9323=EDGE_LOOP('',(#2131,#2132,#2133,#2134));
#9324=EDGE_LOOP('',(#2135,#2136,#2137,#2138));
#9325=EDGE_LOOP('',(#2139,#2140,#2141,#2142));
#9326=EDGE_LOOP('',(#2143,#2144,#2145,#2146));
#9327=EDGE_LOOP('',(#2147,#2148,#2149,#2150));
#9328=EDGE_LOOP('',(#2151,#2152,#2153,#2154));
#9329=EDGE_LOOP('',(#2155,#2156,#2157,#2158));
#9330=EDGE_LOOP('',(#2159,#2160,#2161,#2162));
#9331=EDGE_LOOP('',(#2163,#2164,#2165,#2166));
#9332=EDGE_LOOP('',(#2167,#2168,#2169,#2170));
#9333=EDGE_LOOP('',(#2171,#2172,#2173,#2174));
#9334=EDGE_LOOP('',(#2175,#2176,#2177,#2178));
#9335=EDGE_LOOP('',(#2179,#2180,#2181,#2182,#2183,#2184,#2185,#2186));
#9336=EDGE_LOOP('',(#2187,#2188,#2189,#2190,#2191,#2192,#2193,#2194));
#9337=EDGE_LOOP('',(#2195));
#9338=EDGE_LOOP('',(#2196));
#9339=EDGE_LOOP('',(#2197));
#9340=EDGE_LOOP('',(#2198));
#9341=EDGE_LOOP('',(#2199));
#9342=EDGE_LOOP('',(#2200));
#9343=EDGE_LOOP('',(#2201));
#9344=EDGE_LOOP('',(#2202));
#9345=EDGE_LOOP('',(#2203));
#9346=EDGE_LOOP('',(#2204));
#9347=EDGE_LOOP('',(#2205));
#9348=EDGE_LOOP('',(#2206));
#9349=EDGE_LOOP('',(#2207,#2208,#2209,#2210));
#9350=EDGE_LOOP('',(#2211,#2212,#2213,#2214));
#9351=EDGE_LOOP('',(#2215,#2216,#2217,#2218));
#9352=EDGE_LOOP('',(#2219,#2220,#2221,#2222));
#9353=EDGE_LOOP('',(#2223,#2224,#2225,#2226));
#9354=EDGE_LOOP('',(#2227,#2228,#2229,#2230));
#9355=EDGE_LOOP('',(#2231,#2232,#2233,#2234));
#9356=EDGE_LOOP('',(#2235,#2236,#2237,#2238));
#9357=EDGE_LOOP('',(#2239,#2240,#2241,#2242));
#9358=EDGE_LOOP('',(#2243,#2244,#2245,#2246));
#9359=EDGE_LOOP('',(#2247,#2248,#2249,#2250));
#9360=EDGE_LOOP('',(#2251,#2252,#2253,#2254));
#9361=EDGE_LOOP('',(#2255,#2256,#2257,#2258));
#9362=EDGE_LOOP('',(#2259,#2260,#2261,#2262));
#9363=EDGE_LOOP('',(#2263,#2264,#2265,#2266));
#9364=EDGE_LOOP('',(#2267,#2268,#2269,#2270));
#9365=EDGE_LOOP('',(#2271,#2272,#2273,#2274));
#9366=EDGE_LOOP('',(#2275,#2276,#2277,#2278));
#9367=EDGE_LOOP('',(#2279,#2280,#2281,#2282));
#9368=EDGE_LOOP('',(#2283,#2284,#2285,#2286));
#9369=EDGE_LOOP('',(#2287,#2288,#2289,#2290));
#9370=EDGE_LOOP('',(#2291,#2292,#2293,#2294,#2295,#2296,#2297,#2298));
#9371=EDGE_LOOP('',(#2299,#2300,#2301,#2302,#2303,#2304,#2305,#2306));
#9372=EDGE_LOOP('',(#2307));
#9373=EDGE_LOOP('',(#2308));
#9374=EDGE_LOOP('',(#2309));
#9375=EDGE_LOOP('',(#2310));
#9376=EDGE_LOOP('',(#2311));
#9377=EDGE_LOOP('',(#2312));
#9378=EDGE_LOOP('',(#2313));
#9379=EDGE_LOOP('',(#2314));
#9380=EDGE_LOOP('',(#2315));
#9381=EDGE_LOOP('',(#2316));
#9382=EDGE_LOOP('',(#2317));
#9383=EDGE_LOOP('',(#2318));
#9384=EDGE_LOOP('',(#2319,#2320,#2321,#2322));
#9385=EDGE_LOOP('',(#2323,#2324,#2325,#2326));
#9386=EDGE_LOOP('',(#2327,#2328,#2329,#2330));
#9387=EDGE_LOOP('',(#2331,#2332,#2333,#2334));
#9388=EDGE_LOOP('',(#2335,#2336,#2337,#2338));
#9389=EDGE_LOOP('',(#2339,#2340,#2341,#2342));
#9390=EDGE_LOOP('',(#2343,#2344,#2345,#2346));
#9391=EDGE_LOOP('',(#2347,#2348,#2349,#2350));
#9392=EDGE_LOOP('',(#2351,#2352,#2353,#2354,#2355));
#9393=EDGE_LOOP('',(#2356,#2357,#2358,#2359));
#9394=EDGE_LOOP('',(#2360,#2361,#2362,#2363));
#9395=EDGE_LOOP('',(#2364,#2365,#2366,#2367,#2368,#2369,#2370));
#9396=EDGE_LOOP('',(#2371,#2372,#2373,#2374));
#9397=EDGE_LOOP('',(#2375,#2376,#2377,#2378));
#9398=EDGE_LOOP('',(#2379,#2380,#2381,#2382,#2383));
#9399=EDGE_LOOP('',(#2384,#2385,#2386,#2387,#2388));
#9400=EDGE_LOOP('',(#2389,#2390,#2391,#2392));
#9401=EDGE_LOOP('',(#2393,#2394,#2395,#2396));
#9402=EDGE_LOOP('',(#2397,#2398,#2399,#2400,#2401));
#9403=EDGE_LOOP('',(#2402,#2403,#2404,#2405,#2406));
#9404=EDGE_LOOP('',(#2407,#2408,#2409,#2410));
#9405=EDGE_LOOP('',(#2411,#2412,#2413,#2414,#2415));
#9406=EDGE_LOOP('',(#2416,#2417,#2418,#2419,#2420));
#9407=EDGE_LOOP('',(#2421,#2422,#2423,#2424));
#9408=EDGE_LOOP('',(#2425,#2426,#2427,#2428,#2429));
#9409=EDGE_LOOP('',(#2430,#2431,#2432,#2433,#2434,#2435));
#9410=EDGE_LOOP('',(#2436,#2437,#2438,#2439,#2440));
#9411=EDGE_LOOP('',(#2441,#2442,#2443,#2444,#2445,#2446));
#9412=EDGE_LOOP('',(#2447,#2448,#2449,#2450));
#9413=EDGE_LOOP('',(#2451,#2452,#2453,#2454));
#9414=EDGE_LOOP('',(#2455,#2456,#2457,#2458,#2459));
#9415=EDGE_LOOP('',(#2460,#2461,#2462,#2463,#2464));
#9416=EDGE_LOOP('',(#2465,#2466,#2467,#2468,#2469,#2470));
#9417=EDGE_LOOP('',(#2471,#2472,#2473,#2474,#2475,#2476));
#9418=EDGE_LOOP('',(#2477,#2478,#2479,#2480));
#9419=EDGE_LOOP('',(#2481,#2482,#2483,#2484,#2485,#2486));
#9420=EDGE_LOOP('',(#2487,#2488,#2489,#2490));
#9421=EDGE_LOOP('',(#2491,#2492,#2493,#2494));
#9422=EDGE_LOOP('',(#2495,#2496,#2497,#2498,#2499,#2500));
#9423=EDGE_LOOP('',(#2501,#2502,#2503,#2504));
#9424=EDGE_LOOP('',(#2505,#2506,#2507,#2508));
#9425=EDGE_LOOP('',(#2509,#2510,#2511,#2512));
#9426=EDGE_LOOP('',(#2513,#2514,#2515,#2516));
#9427=EDGE_LOOP('',(#2517,#2518,#2519,#2520));
#9428=EDGE_LOOP('',(#2521,#2522,#2523,#2524));
#9429=EDGE_LOOP('',(#2525,#2526,#2527,#2528));
#9430=EDGE_LOOP('',(#2529,#2530,#2531,#2532));
#9431=EDGE_LOOP('',(#2533,#2534,#2535,#2536));
#9432=EDGE_LOOP('',(#2537,#2538,#2539,#2540));
#9433=EDGE_LOOP('',(#2541,#2542,#2543,#2544));
#9434=EDGE_LOOP('',(#2545,#2546,#2547,#2548));
#9435=EDGE_LOOP('',(#2549,#2550,#2551,#2552));
#9436=EDGE_LOOP('',(#2553,#2554,#2555,#2556));
#9437=EDGE_LOOP('',(#2557,#2558,#2559,#2560));
#9438=EDGE_LOOP('',(#2561,#2562,#2563,#2564));
#9439=EDGE_LOOP('',(#2565,#2566,#2567,#2568));
#9440=EDGE_LOOP('',(#2569,#2570,#2571,#2572,#2573,#2574));
#9441=EDGE_LOOP('',(#2575,#2576,#2577,#2578));
#9442=EDGE_LOOP('',(#2579,#2580,#2581,#2582));
#9443=EDGE_LOOP('',(#2583,#2584,#2585,#2586));
#9444=EDGE_LOOP('',(#2587,#2588,#2589,#2590));
#9445=EDGE_LOOP('',(#2591,#2592,#2593,#2594));
#9446=EDGE_LOOP('',(#2595,#2596,#2597,#2598));
#9447=EDGE_LOOP('',(#2599,#2600,#2601,#2602));
#9448=EDGE_LOOP('',(#2603,#2604,#2605,#2606));
#9449=EDGE_LOOP('',(#2607,#2608,#2609,#2610));
#9450=EDGE_LOOP('',(#2611,#2612,#2613,#2614));
#9451=EDGE_LOOP('',(#2615,#2616,#2617,#2618,#2619,#2620));
#9452=EDGE_LOOP('',(#2621,#2622,#2623,#2624));
#9453=EDGE_LOOP('',(#2625,#2626,#2627,#2628,#2629,#2630,#2631));
#9454=EDGE_LOOP('',(#2632,#2633,#2634,#2635,#2636,#2637));
#9455=EDGE_LOOP('',(#2638,#2639,#2640,#2641,#2642,#2643,#2644));
#9456=EDGE_LOOP('',(#2645,#2646,#2647,#2648));
#9457=EDGE_LOOP('',(#2649,#2650,#2651,#2652));
#9458=EDGE_LOOP('',(#2653,#2654,#2655,#2656));
#9459=EDGE_LOOP('',(#2657,#2658,#2659,#2660));
#9460=EDGE_LOOP('',(#2661,#2662,#2663,#2664));
#9461=EDGE_LOOP('',(#2665,#2666,#2667,#2668));
#9462=EDGE_LOOP('',(#2669,#2670,#2671,#2672));
#9463=EDGE_LOOP('',(#2673,#2674,#2675,#2676));
#9464=EDGE_LOOP('',(#2677,#2678,#2679,#2680));
#9465=EDGE_LOOP('',(#2681,#2682,#2683,#2684));
#9466=EDGE_LOOP('',(#2685,#2686,#2687,#2688));
#9467=EDGE_LOOP('',(#2689,#2690,#2691,#2692));
#9468=EDGE_LOOP('',(#2693,#2694,#2695,#2696));
#9469=EDGE_LOOP('',(#2697,#2698,#2699,#2700));
#9470=EDGE_LOOP('',(#2701,#2702,#2703,#2704));
#9471=EDGE_LOOP('',(#2705,#2706,#2707,#2708));
#9472=EDGE_LOOP('',(#2709,#2710,#2711,#2712));
#9473=EDGE_LOOP('',(#2713,#2714,#2715,#2716));
#9474=EDGE_LOOP('',(#2717,#2718,#2719,#2720));
#9475=EDGE_LOOP('',(#2721,#2722,#2723,#2724));
#9476=EDGE_LOOP('',(#2725,#2726,#2727,#2728));
#9477=EDGE_LOOP('',(#2729,#2730,#2731,#2732));
#9478=EDGE_LOOP('',(#2733,#2734,#2735,#2736));
#9479=EDGE_LOOP('',(#2737,#2738,#2739,#2740));
#9480=EDGE_LOOP('',(#2741,#2742,#2743,#2744));
#9481=EDGE_LOOP('',(#2745,#2746,#2747,#2748));
#9482=EDGE_LOOP('',(#2749,#2750,#2751,#2752));
#9483=EDGE_LOOP('',(#2753,#2754,#2755,#2756));
#9484=EDGE_LOOP('',(#2757));
#9485=EDGE_LOOP('',(#2758));
#9486=EDGE_LOOP('',(#2759));
#9487=EDGE_LOOP('',(#2760));
#9488=EDGE_LOOP('',(#2761));
#9489=EDGE_LOOP('',(#2762));
#9490=EDGE_LOOP('',(#2763));
#9491=EDGE_LOOP('',(#2764));
#9492=EDGE_LOOP('',(#2765));
#9493=EDGE_LOOP('',(#2766));
#9494=EDGE_LOOP('',(#2767));
#9495=EDGE_LOOP('',(#2768));
#9496=EDGE_LOOP('',(#2769));
#9497=EDGE_LOOP('',(#2770));
#9498=EDGE_LOOP('',(#2771));
#9499=EDGE_LOOP('',(#2772));
#9500=EDGE_LOOP('',(#2773));
#9501=EDGE_LOOP('',(#2774));
#9502=EDGE_LOOP('',(#2775));
#9503=EDGE_LOOP('',(#2776));
#9504=EDGE_LOOP('',(#2777));
#9505=EDGE_LOOP('',(#2778));
#9506=EDGE_LOOP('',(#2779));
#9507=EDGE_LOOP('',(#2780));
#9508=EDGE_LOOP('',(#2781));
#9509=EDGE_LOOP('',(#2782));
#9510=EDGE_LOOP('',(#2783));
#9511=EDGE_LOOP('',(#2784));
#9512=EDGE_LOOP('',(#2785));
#9513=EDGE_LOOP('',(#2786));
#9514=EDGE_LOOP('',(#2787));
#9515=EDGE_LOOP('',(#2788));
#9516=EDGE_LOOP('',(#2789));
#9517=EDGE_LOOP('',(#2790));
#9518=EDGE_LOOP('',(#2791));
#9519=EDGE_LOOP('',(#2792));
#9520=EDGE_LOOP('',(#2793));
#9521=EDGE_LOOP('',(#2794));
#9522=EDGE_LOOP('',(#2795));
#9523=EDGE_LOOP('',(#2796));
#9524=EDGE_LOOP('',(#2797,#2798,#2799,#2800,#2801,#2802));
#9525=EDGE_LOOP('',(#2803));
#9526=EDGE_LOOP('',(#2804));
#9527=EDGE_LOOP('',(#2805));
#9528=EDGE_LOOP('',(#2806));
#9529=EDGE_LOOP('',(#2807));
#9530=EDGE_LOOP('',(#2808));
#9531=EDGE_LOOP('',(#2809));
#9532=EDGE_LOOP('',(#2810));
#9533=EDGE_LOOP('',(#2811));
#9534=EDGE_LOOP('',(#2812));
#9535=EDGE_LOOP('',(#2813,#2814,#2815,#2816,#2817,#2818));
#9536=EDGE_LOOP('',(#2819));
#9537=EDGE_LOOP('',(#2820));
#9538=EDGE_LOOP('',(#2821));
#9539=EDGE_LOOP('',(#2822));
#9540=EDGE_LOOP('',(#2823));
#9541=EDGE_LOOP('',(#2824));
#9542=EDGE_LOOP('',(#2825));
#9543=EDGE_LOOP('',(#2826));
#9544=EDGE_LOOP('',(#2827));
#9545=EDGE_LOOP('',(#2828));
#9546=EDGE_LOOP('',(#2829));
#9547=EDGE_LOOP('',(#2830));
#9548=EDGE_LOOP('',(#2831));
#9549=EDGE_LOOP('',(#2832));
#9550=EDGE_LOOP('',(#2833));
#9551=EDGE_LOOP('',(#2834));
#9552=EDGE_LOOP('',(#2835));
#9553=EDGE_LOOP('',(#2836));
#9554=EDGE_LOOP('',(#2837));
#9555=EDGE_LOOP('',(#2838));
#9556=EDGE_LOOP('',(#2839));
#9557=EDGE_LOOP('',(#2840,#2841,#2842,#2843));
#9558=EDGE_LOOP('',(#2844));
#9559=EDGE_LOOP('',(#2845));
#9560=EDGE_LOOP('',(#2846));
#9561=EDGE_LOOP('',(#2847));
#9562=EDGE_LOOP('',(#2848));
#9563=EDGE_LOOP('',(#2849));
#9564=EDGE_LOOP('',(#2850));
#9565=EDGE_LOOP('',(#2851));
#9566=EDGE_LOOP('',(#2852));
#9567=EDGE_LOOP('',(#2853));
#9568=EDGE_LOOP('',(#2854,#2855,#2856,#2857,#2858,#2859));
#9569=EDGE_LOOP('',(#2860));
#9570=EDGE_LOOP('',(#2861));
#9571=EDGE_LOOP('',(#2862));
#9572=EDGE_LOOP('',(#2863));
#9573=EDGE_LOOP('',(#2864));
#9574=EDGE_LOOP('',(#2865));
#9575=EDGE_LOOP('',(#2866));
#9576=EDGE_LOOP('',(#2867));
#9577=EDGE_LOOP('',(#2868));
#9578=EDGE_LOOP('',(#2869));
#9579=EDGE_LOOP('',(#2870,#2871,#2872,#2873,#2874,#2875));
#9580=EDGE_LOOP('',(#2876));
#9581=EDGE_LOOP('',(#2877));
#9582=EDGE_LOOP('',(#2878));
#9583=EDGE_LOOP('',(#2879));
#9584=EDGE_LOOP('',(#2880));
#9585=EDGE_LOOP('',(#2881));
#9586=EDGE_LOOP('',(#2882));
#9587=EDGE_LOOP('',(#2883));
#9588=EDGE_LOOP('',(#2884));
#9589=EDGE_LOOP('',(#2885));
#9590=EDGE_LOOP('',(#2886,#2887,#2888,#2889));
#9591=EDGE_LOOP('',(#2890));
#9592=EDGE_LOOP('',(#2891));
#9593=EDGE_LOOP('',(#2892));
#9594=EDGE_LOOP('',(#2893));
#9595=EDGE_LOOP('',(#2894));
#9596=EDGE_LOOP('',(#2895));
#9597=EDGE_LOOP('',(#2896));
#9598=EDGE_LOOP('',(#2897));
#9599=EDGE_LOOP('',(#2898));
#9600=EDGE_LOOP('',(#2899));
#9601=EDGE_LOOP('',(#2900,#2901,#2902,#2903));
#9602=EDGE_LOOP('',(#2904));
#9603=EDGE_LOOP('',(#2905));
#9604=EDGE_LOOP('',(#2906));
#9605=EDGE_LOOP('',(#2907));
#9606=EDGE_LOOP('',(#2908));
#9607=EDGE_LOOP('',(#2909));
#9608=EDGE_LOOP('',(#2910));
#9609=EDGE_LOOP('',(#2911));
#9610=EDGE_LOOP('',(#2912));
#9611=EDGE_LOOP('',(#2913));
#9612=EDGE_LOOP('',(#2914,#2915,#2916,#2917,#2918));
#9613=EDGE_LOOP('',(#2919));
#9614=EDGE_LOOP('',(#2920));
#9615=EDGE_LOOP('',(#2921));
#9616=EDGE_LOOP('',(#2922));
#9617=EDGE_LOOP('',(#2923));
#9618=EDGE_LOOP('',(#2924));
#9619=EDGE_LOOP('',(#2925));
#9620=EDGE_LOOP('',(#2926));
#9621=EDGE_LOOP('',(#2927));
#9622=EDGE_LOOP('',(#2928));
#9623=EDGE_LOOP('',(#2929));
#9624=EDGE_LOOP('',(#2930));
#9625=EDGE_LOOP('',(#2931));
#9626=EDGE_LOOP('',(#2932));
#9627=EDGE_LOOP('',(#2933));
#9628=EDGE_LOOP('',(#2934));
#9629=EDGE_LOOP('',(#2935));
#9630=EDGE_LOOP('',(#2936));
#9631=EDGE_LOOP('',(#2937));
#9632=EDGE_LOOP('',(#2938));
#9633=EDGE_LOOP('',(#2939));
#9634=EDGE_LOOP('',(#2940,#2941));
#9635=EDGE_LOOP('',(#2942));
#9636=EDGE_LOOP('',(#2943));
#9637=EDGE_LOOP('',(#2944));
#9638=EDGE_LOOP('',(#2945));
#9639=EDGE_LOOP('',(#2946));
#9640=EDGE_LOOP('',(#2947));
#9641=EDGE_LOOP('',(#2948));
#9642=EDGE_LOOP('',(#2949));
#9643=EDGE_LOOP('',(#2950));
#9644=EDGE_LOOP('',(#2951));
#9645=EDGE_LOOP('',(#2952,#2953,#2954,#2955));
#9646=EDGE_LOOP('',(#2956));
#9647=EDGE_LOOP('',(#2957));
#9648=EDGE_LOOP('',(#2958));
#9649=EDGE_LOOP('',(#2959));
#9650=EDGE_LOOP('',(#2960));
#9651=EDGE_LOOP('',(#2961));
#9652=EDGE_LOOP('',(#2962));
#9653=EDGE_LOOP('',(#2963));
#9654=EDGE_LOOP('',(#2964));
#9655=EDGE_LOOP('',(#2965));
#9656=EDGE_LOOP('',(#2966));
#9657=EDGE_LOOP('',(#2967));
#9658=EDGE_LOOP('',(#2968));
#9659=EDGE_LOOP('',(#2969));
#9660=EDGE_LOOP('',(#2970));
#9661=EDGE_LOOP('',(#2971));
#9662=EDGE_LOOP('',(#2972));
#9663=EDGE_LOOP('',(#2973));
#9664=EDGE_LOOP('',(#2974));
#9665=EDGE_LOOP('',(#2975));
#9666=EDGE_LOOP('',(#2976));
#9667=EDGE_LOOP('',(#2977));
#9668=EDGE_LOOP('',(#2978));
#9669=EDGE_LOOP('',(#2979));
#9670=EDGE_LOOP('',(#2980));
#9671=EDGE_LOOP('',(#2981));
#9672=EDGE_LOOP('',(#2982));
#9673=EDGE_LOOP('',(#2983));
#9674=EDGE_LOOP('',(#2984));
#9675=EDGE_LOOP('',(#2985));
#9676=EDGE_LOOP('',(#2986));
#9677=EDGE_LOOP('',(#2987));
#9678=EDGE_LOOP('',(#2988));
#9679=EDGE_LOOP('',(#2989));
#9680=EDGE_LOOP('',(#2990));
#9681=EDGE_LOOP('',(#2991));
#9682=EDGE_LOOP('',(#2992));
#9683=EDGE_LOOP('',(#2993));
#9684=EDGE_LOOP('',(#2994));
#9685=EDGE_LOOP('',(#2995));
#9686=EDGE_LOOP('',(#2996));
#9687=EDGE_LOOP('',(#2997));
#9688=EDGE_LOOP('',(#2998));
#9689=EDGE_LOOP('',(#2999));
#9690=EDGE_LOOP('',(#3000));
#9691=EDGE_LOOP('',(#3001));
#9692=EDGE_LOOP('',(#3002));
#9693=EDGE_LOOP('',(#3003));
#9694=EDGE_LOOP('',(#3004));
#9695=EDGE_LOOP('',(#3005));
#9696=EDGE_LOOP('',(#3006));
#9697=EDGE_LOOP('',(#3007));
#9698=EDGE_LOOP('',(#3008));
#9699=EDGE_LOOP('',(#3009));
#9700=EDGE_LOOP('',(#3010));
#9701=EDGE_LOOP('',(#3011));
#9702=EDGE_LOOP('',(#3012));
#9703=EDGE_LOOP('',(#3013));
#9704=EDGE_LOOP('',(#3014));
#9705=EDGE_LOOP('',(#3015));
#9706=EDGE_LOOP('',(#3016));
#9707=EDGE_LOOP('',(#3017));
#9708=EDGE_LOOP('',(#3018));
#9709=EDGE_LOOP('',(#3019));
#9710=EDGE_LOOP('',(#3020));
#9711=EDGE_LOOP('',(#3021));
#9712=EDGE_LOOP('',(#3022));
#9713=EDGE_LOOP('',(#3023));
#9714=EDGE_LOOP('',(#3024));
#9715=EDGE_LOOP('',(#3025,#3026,#3027,#3028));
#9716=EDGE_LOOP('',(#3029,#3030,#3031,#3032));
#9717=EDGE_LOOP('',(#3033,#3034,#3035,#3036));
#9718=EDGE_LOOP('',(#3037,#3038,#3039,#3040));
#9719=EDGE_LOOP('',(#3041,#3042,#3043,#3044));
#9720=EDGE_LOOP('',(#3045,#3046,#3047,#3048));
#9721=EDGE_LOOP('',(#3049,#3050,#3051,#3052));
#9722=EDGE_LOOP('',(#3053,#3054,#3055,#3056));
#9723=EDGE_LOOP('',(#3057,#3058,#3059,#3060));
#9724=EDGE_LOOP('',(#3061,#3062,#3063,#3064,#3065,#3066,#3067,#3068));
#9725=EDGE_LOOP('',(#3069,#3070,#3071,#3072,#3073,#3074,#3075,#3076));
#9726=EDGE_LOOP('',(#3077,#3078,#3079,#3080,#3081,#3082,#3083,#3084));
#9727=EDGE_LOOP('',(#3085,#3086,#3087,#3088));
#9728=EDGE_LOOP('',(#3089,#3090,#3091,#3092));
#9729=EDGE_LOOP('',(#3093,#3094,#3095,#3096));
#9730=EDGE_LOOP('',(#3097,#3098,#3099,#3100));
#9731=EDGE_LOOP('',(#3101,#3102,#3103,#3104));
#9732=EDGE_LOOP('',(#3105,#3106,#3107,#3108));
#9733=EDGE_LOOP('',(#3109,#3110,#3111,#3112));
#9734=EDGE_LOOP('',(#3113,#3114,#3115,#3116));
#9735=EDGE_LOOP('',(#3117,#3118,#3119,#3120));
#9736=EDGE_LOOP('',(#3121,#3122,#3123,#3124));
#9737=EDGE_LOOP('',(#3125,#3126,#3127,#3128));
#9738=EDGE_LOOP('',(#3129,#3130,#3131,#3132));
#9739=EDGE_LOOP('',(#3133,#3134,#3135,#3136));
#9740=EDGE_LOOP('',(#3137,#3138,#3139,#3140));
#9741=EDGE_LOOP('',(#3141,#3142,#3143,#3144));
#9742=EDGE_LOOP('',(#3145,#3146,#3147,#3148));
#9743=EDGE_LOOP('',(#3149,#3150,#3151,#3152,#3153,#3154,#3155,#3156));
#9744=EDGE_LOOP('',(#3157,#3158,#3159,#3160));
#9745=EDGE_LOOP('',(#3161,#3162,#3163,#3164,#3165));
#9746=EDGE_LOOP('',(#3166,#3167,#3168,#3169,#3170));
#9747=EDGE_LOOP('',(#3171,#3172,#3173,#3174,#3175,#3176));
#9748=EDGE_LOOP('',(#3177));
#9749=EDGE_LOOP('',(#3178,#3179,#3180,#3181,#3182,#3183,#3184,#3185));
#9750=EDGE_LOOP('',(#3186,#3187,#3188,#3189));
#9751=EDGE_LOOP('',(#3190));
#9752=EDGE_LOOP('',(#3191));
#9753=EDGE_LOOP('',(#3192));
#9754=EDGE_LOOP('',(#3193,#3194,#3195,#3196,#3197));
#9755=EDGE_LOOP('',(#3198,#3199,#3200,#3201,#3202));
#9756=EDGE_LOOP('',(#3203,#3204,#3205,#3206,#3207,#3208));
#9757=EDGE_LOOP('',(#3209));
#9758=EDGE_LOOP('',(#3210,#3211,#3212,#3213,#3214,#3215,#3216,#3217));
#9759=EDGE_LOOP('',(#3218,#3219,#3220,#3221));
#9760=EDGE_LOOP('',(#3222));
#9761=EDGE_LOOP('',(#3223));
#9762=EDGE_LOOP('',(#3224));
#9763=EDGE_LOOP('',(#3225,#3226,#3227,#3228,#3229));
#9764=EDGE_LOOP('',(#3230,#3231,#3232,#3233,#3234));
#9765=EDGE_LOOP('',(#3235,#3236,#3237,#3238,#3239,#3240));
#9766=EDGE_LOOP('',(#3241));
#9767=EDGE_LOOP('',(#3242,#3243,#3244,#3245,#3246,#3247,#3248,#3249));
#9768=EDGE_LOOP('',(#3250,#3251,#3252,#3253));
#9769=EDGE_LOOP('',(#3254));
#9770=EDGE_LOOP('',(#3255));
#9771=EDGE_LOOP('',(#3256));
#9772=EDGE_LOOP('',(#3257,#3258,#3259,#3260,#3261));
#9773=EDGE_LOOP('',(#3262,#3263,#3264,#3265,#3266));
#9774=EDGE_LOOP('',(#3267,#3268,#3269,#3270,#3271,#3272));
#9775=EDGE_LOOP('',(#3273));
#9776=EDGE_LOOP('',(#3274,#3275,#3276,#3277,#3278,#3279,#3280,#3281));
#9777=EDGE_LOOP('',(#3282,#3283,#3284,#3285));
#9778=EDGE_LOOP('',(#3286));
#9779=EDGE_LOOP('',(#3287));
#9780=EDGE_LOOP('',(#3288));
#9781=EDGE_LOOP('',(#3289,#3290,#3291,#3292,#3293));
#9782=EDGE_LOOP('',(#3294,#3295,#3296,#3297,#3298));
#9783=EDGE_LOOP('',(#3299,#3300,#3301,#3302,#3303,#3304));
#9784=EDGE_LOOP('',(#3305));
#9785=EDGE_LOOP('',(#3306,#3307,#3308,#3309,#3310,#3311,#3312,#3313));
#9786=EDGE_LOOP('',(#3314,#3315,#3316,#3317));
#9787=EDGE_LOOP('',(#3318));
#9788=EDGE_LOOP('',(#3319));
#9789=EDGE_LOOP('',(#3320));
#9790=EDGE_LOOP('',(#3321,#3322,#3323,#3324,#3325));
#9791=EDGE_LOOP('',(#3326,#3327,#3328,#3329,#3330));
#9792=EDGE_LOOP('',(#3331,#3332,#3333,#3334,#3335,#3336));
#9793=EDGE_LOOP('',(#3337));
#9794=EDGE_LOOP('',(#3338,#3339,#3340,#3341,#3342,#3343,#3344,#3345));
#9795=EDGE_LOOP('',(#3346,#3347,#3348,#3349));
#9796=EDGE_LOOP('',(#3350));
#9797=EDGE_LOOP('',(#3351));
#9798=EDGE_LOOP('',(#3352));
#9799=EDGE_LOOP('',(#3353,#3354,#3355,#3356,#3357));
#9800=EDGE_LOOP('',(#3358,#3359,#3360,#3361,#3362));
#9801=EDGE_LOOP('',(#3363,#3364,#3365,#3366,#3367,#3368));
#9802=EDGE_LOOP('',(#3369));
#9803=EDGE_LOOP('',(#3370,#3371,#3372,#3373,#3374,#3375,#3376,#3377));
#9804=EDGE_LOOP('',(#3378,#3379,#3380,#3381));
#9805=EDGE_LOOP('',(#3382));
#9806=EDGE_LOOP('',(#3383));
#9807=EDGE_LOOP('',(#3384));
#9808=EDGE_LOOP('',(#3385,#3386,#3387,#3388,#3389));
#9809=EDGE_LOOP('',(#3390,#3391,#3392,#3393,#3394));
#9810=EDGE_LOOP('',(#3395,#3396,#3397,#3398,#3399,#3400));
#9811=EDGE_LOOP('',(#3401));
#9812=EDGE_LOOP('',(#3402,#3403,#3404,#3405,#3406,#3407,#3408,#3409));
#9813=EDGE_LOOP('',(#3410,#3411,#3412,#3413));
#9814=EDGE_LOOP('',(#3414));
#9815=EDGE_LOOP('',(#3415));
#9816=EDGE_LOOP('',(#3416));
#9817=EDGE_LOOP('',(#3417,#3418,#3419,#3420,#3421));
#9818=EDGE_LOOP('',(#3422,#3423,#3424,#3425,#3426));
#9819=EDGE_LOOP('',(#3427,#3428,#3429,#3430,#3431,#3432));
#9820=EDGE_LOOP('',(#3433));
#9821=EDGE_LOOP('',(#3434,#3435,#3436,#3437,#3438,#3439,#3440,#3441));
#9822=EDGE_LOOP('',(#3442,#3443,#3444,#3445));
#9823=EDGE_LOOP('',(#3446));
#9824=EDGE_LOOP('',(#3447));
#9825=EDGE_LOOP('',(#3448));
#9826=EDGE_LOOP('',(#3449,#3450,#3451,#3452,#3453));
#9827=EDGE_LOOP('',(#3454,#3455,#3456,#3457,#3458));
#9828=EDGE_LOOP('',(#3459,#3460,#3461,#3462,#3463,#3464));
#9829=EDGE_LOOP('',(#3465));
#9830=EDGE_LOOP('',(#3466,#3467,#3468,#3469,#3470,#3471,#3472,#3473));
#9831=EDGE_LOOP('',(#3474,#3475,#3476,#3477));
#9832=EDGE_LOOP('',(#3478));
#9833=EDGE_LOOP('',(#3479));
#9834=EDGE_LOOP('',(#3480));
#9835=EDGE_LOOP('',(#3481,#3482,#3483,#3484,#3485));
#9836=EDGE_LOOP('',(#3486,#3487,#3488,#3489,#3490));
#9837=EDGE_LOOP('',(#3491,#3492,#3493,#3494,#3495,#3496));
#9838=EDGE_LOOP('',(#3497));
#9839=EDGE_LOOP('',(#3498,#3499,#3500,#3501,#3502,#3503,#3504,#3505));
#9840=EDGE_LOOP('',(#3506,#3507,#3508,#3509));
#9841=EDGE_LOOP('',(#3510));
#9842=EDGE_LOOP('',(#3511));
#9843=EDGE_LOOP('',(#3512));
#9844=EDGE_LOOP('',(#3513,#3514,#3515,#3516,#3517));
#9845=EDGE_LOOP('',(#3518,#3519,#3520,#3521,#3522));
#9846=EDGE_LOOP('',(#3523,#3524,#3525,#3526,#3527,#3528));
#9847=EDGE_LOOP('',(#3529));
#9848=EDGE_LOOP('',(#3530,#3531,#3532,#3533,#3534,#3535,#3536,#3537));
#9849=EDGE_LOOP('',(#3538,#3539,#3540,#3541));
#9850=EDGE_LOOP('',(#3542));
#9851=EDGE_LOOP('',(#3543));
#9852=EDGE_LOOP('',(#3544));
#9853=EDGE_LOOP('',(#3545,#3546,#3547,#3548,#3549));
#9854=EDGE_LOOP('',(#3550,#3551,#3552,#3553,#3554));
#9855=EDGE_LOOP('',(#3555,#3556,#3557,#3558,#3559,#3560));
#9856=EDGE_LOOP('',(#3561));
#9857=EDGE_LOOP('',(#3562,#3563,#3564,#3565,#3566,#3567,#3568,#3569));
#9858=EDGE_LOOP('',(#3570,#3571,#3572,#3573));
#9859=EDGE_LOOP('',(#3574));
#9860=EDGE_LOOP('',(#3575));
#9861=EDGE_LOOP('',(#3576));
#9862=EDGE_LOOP('',(#3577,#3578,#3579,#3580,#3581));
#9863=EDGE_LOOP('',(#3582,#3583,#3584,#3585,#3586));
#9864=EDGE_LOOP('',(#3587,#3588,#3589,#3590,#3591,#3592));
#9865=EDGE_LOOP('',(#3593));
#9866=EDGE_LOOP('',(#3594,#3595,#3596,#3597,#3598,#3599,#3600,#3601));
#9867=EDGE_LOOP('',(#3602,#3603,#3604,#3605));
#9868=EDGE_LOOP('',(#3606));
#9869=EDGE_LOOP('',(#3607));
#9870=EDGE_LOOP('',(#3608));
#9871=EDGE_LOOP('',(#3609,#3610,#3611,#3612,#3613));
#9872=EDGE_LOOP('',(#3614,#3615,#3616,#3617,#3618));
#9873=EDGE_LOOP('',(#3619,#3620,#3621,#3622,#3623,#3624));
#9874=EDGE_LOOP('',(#3625));
#9875=EDGE_LOOP('',(#3626,#3627,#3628,#3629,#3630,#3631,#3632,#3633));
#9876=EDGE_LOOP('',(#3634,#3635,#3636,#3637));
#9877=EDGE_LOOP('',(#3638));
#9878=EDGE_LOOP('',(#3639));
#9879=EDGE_LOOP('',(#3640));
#9880=EDGE_LOOP('',(#3641,#3642,#3643,#3644,#3645));
#9881=EDGE_LOOP('',(#3646,#3647,#3648,#3649,#3650));
#9882=EDGE_LOOP('',(#3651,#3652,#3653,#3654,#3655,#3656));
#9883=EDGE_LOOP('',(#3657));
#9884=EDGE_LOOP('',(#3658,#3659,#3660,#3661,#3662,#3663,#3664,#3665));
#9885=EDGE_LOOP('',(#3666,#3667,#3668,#3669));
#9886=EDGE_LOOP('',(#3670));
#9887=EDGE_LOOP('',(#3671));
#9888=EDGE_LOOP('',(#3672));
#9889=EDGE_LOOP('',(#3673,#3674,#3675,#3676));
#9890=EDGE_LOOP('',(#3677,#3678,#3679,#3680));
#9891=EDGE_LOOP('',(#3681,#3682,#3683,#3684));
#9892=EDGE_LOOP('',(#3685,#3686,#3687,#3688));
#9893=EDGE_LOOP('',(#3689,#3690,#3691,#3692));
#9894=EDGE_LOOP('',(#3693,#3694,#3695,#3696));
#9895=EDGE_LOOP('',(#3697,#3698,#3699,#3700));
#9896=EDGE_LOOP('',(#3701,#3702,#3703,#3704));
#9897=EDGE_LOOP('',(#3705,#3706,#3707,#3708));
#9898=EDGE_LOOP('',(#3709,#3710,#3711,#3712));
#9899=EDGE_LOOP('',(#3713,#3714,#3715,#3716));
#9900=EDGE_LOOP('',(#3717,#3718,#3719,#3720));
#9901=EDGE_LOOP('',(#3721,#3722,#3723,#3724));
#9902=EDGE_LOOP('',(#3725,#3726,#3727,#3728));
#9903=EDGE_LOOP('',(#3729,#3730,#3731,#3732));
#9904=EDGE_LOOP('',(#3733,#3734,#3735,#3736));
#9905=EDGE_LOOP('',(#3737,#3738,#3739,#3740));
#9906=EDGE_LOOP('',(#3741,#3742,#3743,#3744));
#9907=EDGE_LOOP('',(#3745,#3746,#3747,#3748));
#9908=EDGE_LOOP('',(#3749,#3750,#3751,#3752));
#9909=EDGE_LOOP('',(#3753,#3754,#3755,#3756));
#9910=EDGE_LOOP('',(#3757,#3758,#3759,#3760));
#9911=EDGE_LOOP('',(#3761,#3762,#3763,#3764));
#9912=EDGE_LOOP('',(#3765,#3766,#3767,#3768));
#9913=EDGE_LOOP('',(#3769,#3770,#3771,#3772));
#9914=EDGE_LOOP('',(#3773,#3774,#3775,#3776));
#9915=EDGE_LOOP('',(#3777,#3778,#3779,#3780));
#9916=EDGE_LOOP('',(#3781,#3782,#3783,#3784));
#9917=EDGE_LOOP('',(#3785,#3786,#3787,#3788));
#9918=EDGE_LOOP('',(#3789,#3790,#3791,#3792));
#9919=EDGE_LOOP('',(#3793,#3794,#3795,#3796));
#9920=EDGE_LOOP('',(#3797,#3798,#3799,#3800));
#9921=EDGE_LOOP('',(#3801,#3802,#3803,#3804));
#9922=EDGE_LOOP('',(#3805,#3806,#3807,#3808));
#9923=EDGE_LOOP('',(#3809,#3810,#3811,#3812));
#9924=EDGE_LOOP('',(#3813,#3814,#3815,#3816));
#9925=EDGE_LOOP('',(#3817,#3818,#3819,#3820));
#9926=EDGE_LOOP('',(#3821,#3822,#3823,#3824));
#9927=EDGE_LOOP('',(#3825,#3826,#3827,#3828));
#9928=EDGE_LOOP('',(#3829,#3830,#3831,#3832));
#9929=EDGE_LOOP('',(#3833,#3834,#3835,#3836));
#9930=EDGE_LOOP('',(#3837,#3838,#3839,#3840));
#9931=EDGE_LOOP('',(#3841,#3842,#3843,#3844));
#9932=EDGE_LOOP('',(#3845,#3846,#3847,#3848));
#9933=EDGE_LOOP('',(#3849,#3850,#3851,#3852));
#9934=EDGE_LOOP('',(#3853,#3854,#3855,#3856));
#9935=EDGE_LOOP('',(#3857,#3858,#3859,#3860));
#9936=EDGE_LOOP('',(#3861,#3862,#3863,#3864));
#9937=EDGE_LOOP('',(#3865,#3866,#3867,#3868));
#9938=EDGE_LOOP('',(#3869,#3870,#3871,#3872));
#9939=EDGE_LOOP('',(#3873,#3874,#3875,#3876));
#9940=EDGE_LOOP('',(#3877,#3878,#3879,#3880));
#9941=EDGE_LOOP('',(#3881,#3882,#3883,#3884));
#9942=EDGE_LOOP('',(#3885,#3886,#3887,#3888));
#9943=EDGE_LOOP('',(#3889,#3890,#3891,#3892));
#9944=EDGE_LOOP('',(#3893,#3894,#3895,#3896));
#9945=EDGE_LOOP('',(#3897,#3898,#3899,#3900));
#9946=EDGE_LOOP('',(#3901,#3902,#3903,#3904));
#9947=EDGE_LOOP('',(#3905,#3906,#3907,#3908));
#9948=EDGE_LOOP('',(#3909,#3910,#3911,#3912));
#9949=EDGE_LOOP('',(#3913,#3914,#3915,#3916));
#9950=EDGE_LOOP('',(#3917,#3918,#3919,#3920));
#9951=EDGE_LOOP('',(#3921,#3922,#3923,#3924));
#9952=EDGE_LOOP('',(#3925,#3926,#3927,#3928));
#9953=EDGE_LOOP('',(#3929,#3930,#3931,#3932,#3933,#3934));
#9954=EDGE_LOOP('',(#3935,#3936,#3937,#3938,#3939,#3940));
#9955=EDGE_LOOP('',(#3941,#3942,#3943,#3944,#3945,#3946));
#9956=EDGE_LOOP('',(#3947,#3948,#3949,#3950,#3951,#3952));
#9957=EDGE_LOOP('',(#3953,#3954,#3955,#3956,#3957,#3958));
#9958=EDGE_LOOP('',(#3959,#3960,#3961,#3962,#3963,#3964));
#9959=EDGE_LOOP('',(#3965,#3966,#3967,#3968,#3969,#3970));
#9960=EDGE_LOOP('',(#3971,#3972,#3973,#3974,#3975,#3976));
#9961=EDGE_LOOP('',(#3977,#3978,#3979,#3980,#3981,#3982));
#9962=EDGE_LOOP('',(#3983,#3984,#3985,#3986,#3987,#3988));
#9963=EDGE_LOOP('',(#3989,#3990,#3991,#3992,#3993,#3994));
#9964=EDGE_LOOP('',(#3995,#3996,#3997,#3998,#3999,#4000));
#9965=EDGE_LOOP('',(#4001,#4002,#4003,#4004,#4005,#4006));
#9966=EDGE_LOOP('',(#4007,#4008,#4009,#4010,#4011,#4012));
#9967=EDGE_LOOP('',(#4013,#4014,#4015,#4016,#4017,#4018));
#9968=EDGE_LOOP('',(#4019,#4020,#4021,#4022,#4023,#4024));
#9969=FACE_BOUND('',#8896,.T.);
#9970=FACE_BOUND('',#8897,.T.);
#9971=FACE_BOUND('',#8898,.T.);
#9972=FACE_BOUND('',#8899,.T.);
#9973=FACE_BOUND('',#8900,.T.);
#9974=FACE_BOUND('',#8901,.T.);
#9975=FACE_BOUND('',#8902,.T.);
#9976=FACE_BOUND('',#8903,.T.);
#9977=FACE_BOUND('',#8904,.T.);
#9978=FACE_BOUND('',#8905,.T.);
#9979=FACE_BOUND('',#8906,.T.);
#9980=FACE_BOUND('',#8907,.T.);
#9981=FACE_BOUND('',#8908,.T.);
#9982=FACE_BOUND('',#8909,.T.);
#9983=FACE_BOUND('',#8910,.T.);
#9984=FACE_BOUND('',#8911,.T.);
#9985=FACE_BOUND('',#8912,.T.);
#9986=FACE_BOUND('',#8913,.T.);
#9987=FACE_BOUND('',#8914,.T.);
#9988=FACE_BOUND('',#8915,.T.);
#9989=FACE_BOUND('',#8916,.T.);
#9990=FACE_BOUND('',#8917,.T.);
#9991=FACE_BOUND('',#8918,.T.);
#9992=FACE_BOUND('',#8919,.T.);
#9993=FACE_BOUND('',#8920,.T.);
#9994=FACE_BOUND('',#8921,.T.);
#9995=FACE_BOUND('',#8922,.T.);
#9996=FACE_BOUND('',#8923,.T.);
#9997=FACE_BOUND('',#8924,.T.);
#9998=FACE_BOUND('',#8925,.T.);
#9999=FACE_BOUND('',#8926,.T.);
#10000=FACE_BOUND('',#8927,.T.);
#10001=FACE_BOUND('',#8928,.T.);
#10002=FACE_BOUND('',#8929,.T.);
#10003=FACE_BOUND('',#8930,.T.);
#10004=FACE_BOUND('',#8931,.T.);
#10005=FACE_BOUND('',#8932,.T.);
#10006=FACE_BOUND('',#8933,.T.);
#10007=FACE_BOUND('',#8934,.T.);
#10008=FACE_BOUND('',#8935,.T.);
#10009=FACE_BOUND('',#8936,.T.);
#10010=FACE_BOUND('',#8937,.T.);
#10011=FACE_BOUND('',#8938,.T.);
#10012=FACE_BOUND('',#8939,.T.);
#10013=FACE_BOUND('',#8940,.T.);
#10014=FACE_BOUND('',#8941,.T.);
#10015=FACE_BOUND('',#8942,.T.);
#10016=FACE_BOUND('',#8943,.T.);
#10017=FACE_BOUND('',#8944,.T.);
#10018=FACE_BOUND('',#8945,.T.);
#10019=FACE_BOUND('',#8946,.T.);
#10020=FACE_BOUND('',#8947,.T.);
#10021=FACE_BOUND('',#8948,.T.);
#10022=FACE_BOUND('',#8949,.T.);
#10023=FACE_BOUND('',#8950,.T.);
#10024=FACE_BOUND('',#8951,.T.);
#10025=FACE_BOUND('',#8952,.T.);
#10026=FACE_BOUND('',#8953,.T.);
#10027=FACE_BOUND('',#8954,.T.);
#10028=FACE_BOUND('',#8955,.T.);
#10029=FACE_BOUND('',#8956,.T.);
#10030=FACE_BOUND('',#8957,.T.);
#10031=FACE_BOUND('',#8958,.T.);
#10032=FACE_BOUND('',#8959,.T.);
#10033=FACE_BOUND('',#8960,.T.);
#10034=FACE_BOUND('',#8961,.T.);
#10035=FACE_BOUND('',#8962,.T.);
#10036=FACE_BOUND('',#8963,.T.);
#10037=FACE_BOUND('',#8964,.T.);
#10038=FACE_BOUND('',#8965,.T.);
#10039=FACE_BOUND('',#8966,.T.);
#10040=FACE_BOUND('',#8967,.T.);
#10041=FACE_BOUND('',#8968,.T.);
#10042=FACE_BOUND('',#8969,.T.);
#10043=FACE_BOUND('',#8970,.T.);
#10044=FACE_BOUND('',#8971,.T.);
#10045=FACE_BOUND('',#8972,.T.);
#10046=FACE_BOUND('',#8973,.T.);
#10047=FACE_BOUND('',#8974,.T.);
#10048=FACE_BOUND('',#8975,.T.);
#10049=FACE_BOUND('',#8976,.T.);
#10050=FACE_BOUND('',#8977,.T.);
#10051=FACE_BOUND('',#8978,.T.);
#10052=FACE_BOUND('',#8979,.T.);
#10053=FACE_BOUND('',#8980,.T.);
#10054=FACE_BOUND('',#8981,.T.);
#10055=FACE_BOUND('',#8982,.T.);
#10056=FACE_BOUND('',#8983,.T.);
#10057=FACE_BOUND('',#8984,.T.);
#10058=FACE_BOUND('',#8985,.T.);
#10059=FACE_BOUND('',#8986,.T.);
#10060=FACE_BOUND('',#8987,.T.);
#10061=FACE_BOUND('',#8988,.T.);
#10062=FACE_BOUND('',#8989,.T.);
#10063=FACE_BOUND('',#8990,.T.);
#10064=FACE_BOUND('',#8991,.T.);
#10065=FACE_BOUND('',#8992,.T.);
#10066=FACE_BOUND('',#8993,.T.);
#10067=FACE_BOUND('',#8994,.T.);
#10068=FACE_BOUND('',#8995,.T.);
#10069=FACE_BOUND('',#8996,.T.);
#10070=FACE_BOUND('',#8997,.T.);
#10071=FACE_BOUND('',#8998,.T.);
#10072=FACE_BOUND('',#8999,.T.);
#10073=FACE_BOUND('',#9000,.T.);
#10074=FACE_BOUND('',#9001,.T.);
#10075=FACE_BOUND('',#9002,.T.);
#10076=FACE_BOUND('',#9003,.T.);
#10077=FACE_BOUND('',#9004,.T.);
#10078=FACE_BOUND('',#9005,.T.);
#10079=FACE_BOUND('',#9006,.T.);
#10080=FACE_BOUND('',#9007,.T.);
#10081=FACE_BOUND('',#9008,.T.);
#10082=FACE_BOUND('',#9009,.T.);
#10083=FACE_BOUND('',#9010,.T.);
#10084=FACE_BOUND('',#9011,.T.);
#10085=FACE_BOUND('',#9012,.T.);
#10086=FACE_BOUND('',#9013,.T.);
#10087=FACE_BOUND('',#9014,.T.);
#10088=FACE_BOUND('',#9015,.T.);
#10089=FACE_BOUND('',#9016,.T.);
#10090=FACE_BOUND('',#9017,.T.);
#10091=FACE_BOUND('',#9018,.T.);
#10092=FACE_BOUND('',#9019,.T.);
#10093=FACE_BOUND('',#9020,.T.);
#10094=FACE_BOUND('',#9021,.T.);
#10095=FACE_BOUND('',#9022,.T.);
#10096=FACE_BOUND('',#9023,.T.);
#10097=FACE_BOUND('',#9024,.T.);
#10098=FACE_BOUND('',#9025,.T.);
#10099=FACE_BOUND('',#9026,.T.);
#10100=FACE_BOUND('',#9027,.T.);
#10101=FACE_BOUND('',#9028,.T.);
#10102=FACE_BOUND('',#9029,.T.);
#10103=FACE_BOUND('',#9030,.T.);
#10104=FACE_BOUND('',#9031,.T.);
#10105=FACE_BOUND('',#9032,.T.);
#10106=FACE_BOUND('',#9033,.T.);
#10107=FACE_BOUND('',#9034,.T.);
#10108=FACE_BOUND('',#9035,.T.);
#10109=FACE_BOUND('',#9036,.T.);
#10110=FACE_BOUND('',#9037,.T.);
#10111=FACE_BOUND('',#9038,.T.);
#10112=FACE_BOUND('',#9039,.T.);
#10113=FACE_BOUND('',#9040,.T.);
#10114=FACE_BOUND('',#9041,.T.);
#10115=FACE_BOUND('',#9042,.T.);
#10116=FACE_BOUND('',#9043,.T.);
#10117=FACE_BOUND('',#9044,.T.);
#10118=FACE_BOUND('',#9045,.T.);
#10119=FACE_BOUND('',#9046,.T.);
#10120=FACE_BOUND('',#9047,.T.);
#10121=FACE_BOUND('',#9048,.T.);
#10122=FACE_BOUND('',#9049,.T.);
#10123=FACE_BOUND('',#9050,.T.);
#10124=FACE_BOUND('',#9051,.T.);
#10125=FACE_BOUND('',#9052,.T.);
#10126=FACE_BOUND('',#9053,.T.);
#10127=FACE_BOUND('',#9054,.T.);
#10128=FACE_BOUND('',#9055,.T.);
#10129=FACE_BOUND('',#9056,.T.);
#10130=FACE_BOUND('',#9057,.T.);
#10131=FACE_BOUND('',#9058,.T.);
#10132=FACE_BOUND('',#9059,.T.);
#10133=FACE_BOUND('',#9060,.T.);
#10134=FACE_BOUND('',#9061,.T.);
#10135=FACE_BOUND('',#9062,.T.);
#10136=FACE_BOUND('',#9063,.T.);
#10137=FACE_BOUND('',#9064,.T.);
#10138=FACE_BOUND('',#9065,.T.);
#10139=FACE_BOUND('',#9066,.T.);
#10140=FACE_BOUND('',#9067,.T.);
#10141=FACE_BOUND('',#9068,.T.);
#10142=FACE_BOUND('',#9069,.T.);
#10143=FACE_BOUND('',#9070,.T.);
#10144=FACE_BOUND('',#9071,.T.);
#10145=FACE_BOUND('',#9072,.T.);
#10146=FACE_BOUND('',#9073,.T.);
#10147=FACE_BOUND('',#9074,.T.);
#10148=FACE_BOUND('',#9075,.T.);
#10149=FACE_BOUND('',#9076,.T.);
#10150=FACE_BOUND('',#9077,.T.);
#10151=FACE_BOUND('',#9078,.T.);
#10152=FACE_BOUND('',#9079,.T.);
#10153=FACE_BOUND('',#9080,.T.);
#10154=FACE_BOUND('',#9081,.T.);
#10155=FACE_BOUND('',#9082,.T.);
#10156=FACE_BOUND('',#9083,.T.);
#10157=FACE_BOUND('',#9084,.T.);
#10158=FACE_BOUND('',#9085,.T.);
#10159=FACE_BOUND('',#9086,.T.);
#10160=FACE_BOUND('',#9087,.T.);
#10161=FACE_BOUND('',#9088,.T.);
#10162=FACE_BOUND('',#9089,.T.);
#10163=FACE_BOUND('',#9090,.T.);
#10164=FACE_BOUND('',#9091,.T.);
#10165=FACE_BOUND('',#9092,.T.);
#10166=FACE_BOUND('',#9093,.T.);
#10167=FACE_BOUND('',#9094,.T.);
#10168=FACE_BOUND('',#9095,.T.);
#10169=FACE_BOUND('',#9096,.T.);
#10170=FACE_BOUND('',#9097,.T.);
#10171=FACE_BOUND('',#9098,.T.);
#10172=FACE_BOUND('',#9099,.T.);
#10173=FACE_BOUND('',#9100,.T.);
#10174=FACE_BOUND('',#9101,.T.);
#10175=FACE_BOUND('',#9102,.T.);
#10176=FACE_BOUND('',#9103,.T.);
#10177=FACE_BOUND('',#9104,.T.);
#10178=FACE_BOUND('',#9105,.T.);
#10179=FACE_BOUND('',#9106,.T.);
#10180=FACE_BOUND('',#9107,.T.);
#10181=FACE_BOUND('',#9108,.T.);
#10182=FACE_BOUND('',#9109,.T.);
#10183=FACE_BOUND('',#9110,.T.);
#10184=FACE_BOUND('',#9111,.T.);
#10185=FACE_BOUND('',#9112,.T.);
#10186=FACE_BOUND('',#9113,.T.);
#10187=FACE_BOUND('',#9114,.T.);
#10188=FACE_BOUND('',#9115,.T.);
#10189=FACE_BOUND('',#9116,.T.);
#10190=FACE_BOUND('',#9117,.T.);
#10191=FACE_BOUND('',#9118,.T.);
#10192=FACE_BOUND('',#9119,.T.);
#10193=FACE_BOUND('',#9120,.T.);
#10194=FACE_BOUND('',#9121,.T.);
#10195=FACE_BOUND('',#9122,.T.);
#10196=FACE_BOUND('',#9123,.T.);
#10197=FACE_BOUND('',#9124,.T.);
#10198=FACE_BOUND('',#9125,.T.);
#10199=FACE_BOUND('',#9126,.T.);
#10200=FACE_BOUND('',#9127,.T.);
#10201=FACE_BOUND('',#9128,.T.);
#10202=FACE_BOUND('',#9129,.T.);
#10203=FACE_BOUND('',#9130,.T.);
#10204=FACE_BOUND('',#9131,.T.);
#10205=FACE_BOUND('',#9132,.T.);
#10206=FACE_BOUND('',#9133,.T.);
#10207=FACE_BOUND('',#9134,.T.);
#10208=FACE_BOUND('',#9135,.T.);
#10209=FACE_BOUND('',#9136,.T.);
#10210=FACE_BOUND('',#9137,.T.);
#10211=FACE_BOUND('',#9138,.T.);
#10212=FACE_BOUND('',#9139,.T.);
#10213=FACE_BOUND('',#9140,.T.);
#10214=FACE_BOUND('',#9141,.T.);
#10215=FACE_BOUND('',#9142,.T.);
#10216=FACE_BOUND('',#9143,.T.);
#10217=FACE_BOUND('',#9144,.T.);
#10218=FACE_BOUND('',#9145,.T.);
#10219=FACE_BOUND('',#9146,.T.);
#10220=FACE_BOUND('',#9147,.T.);
#10221=FACE_BOUND('',#9148,.T.);
#10222=FACE_BOUND('',#9149,.T.);
#10223=FACE_BOUND('',#9150,.T.);
#10224=FACE_BOUND('',#9151,.T.);
#10225=FACE_BOUND('',#9152,.T.);
#10226=FACE_BOUND('',#9153,.T.);
#10227=FACE_BOUND('',#9154,.T.);
#10228=FACE_BOUND('',#9155,.T.);
#10229=FACE_BOUND('',#9156,.T.);
#10230=FACE_BOUND('',#9157,.T.);
#10231=FACE_BOUND('',#9158,.T.);
#10232=FACE_BOUND('',#9159,.T.);
#10233=FACE_BOUND('',#9160,.T.);
#10234=FACE_BOUND('',#9161,.T.);
#10235=FACE_BOUND('',#9162,.T.);
#10236=FACE_BOUND('',#9163,.T.);
#10237=FACE_BOUND('',#9164,.T.);
#10238=FACE_BOUND('',#9165,.T.);
#10239=FACE_BOUND('',#9166,.T.);
#10240=FACE_BOUND('',#9167,.T.);
#10241=FACE_BOUND('',#9168,.T.);
#10242=FACE_BOUND('',#9169,.T.);
#10243=FACE_BOUND('',#9170,.T.);
#10244=FACE_BOUND('',#9171,.T.);
#10245=FACE_BOUND('',#9172,.T.);
#10246=FACE_BOUND('',#9173,.T.);
#10247=FACE_BOUND('',#9174,.T.);
#10248=FACE_BOUND('',#9175,.T.);
#10249=FACE_BOUND('',#9176,.T.);
#10250=FACE_BOUND('',#9177,.T.);
#10251=FACE_BOUND('',#9178,.T.);
#10252=FACE_BOUND('',#9179,.T.);
#10253=FACE_BOUND('',#9180,.T.);
#10254=FACE_BOUND('',#9181,.T.);
#10255=FACE_BOUND('',#9182,.T.);
#10256=FACE_BOUND('',#9183,.T.);
#10257=FACE_BOUND('',#9184,.T.);
#10258=FACE_BOUND('',#9185,.T.);
#10259=FACE_BOUND('',#9186,.T.);
#10260=FACE_BOUND('',#9187,.T.);
#10261=FACE_BOUND('',#9188,.T.);
#10262=FACE_BOUND('',#9189,.T.);
#10263=FACE_BOUND('',#9190,.T.);
#10264=FACE_BOUND('',#9191,.T.);
#10265=FACE_BOUND('',#9192,.T.);
#10266=FACE_BOUND('',#9193,.T.);
#10267=FACE_BOUND('',#9194,.T.);
#10268=FACE_BOUND('',#9195,.T.);
#10269=FACE_BOUND('',#9196,.T.);
#10270=FACE_BOUND('',#9197,.T.);
#10271=FACE_BOUND('',#9198,.T.);
#10272=FACE_BOUND('',#9199,.T.);
#10273=FACE_BOUND('',#9200,.T.);
#10274=FACE_BOUND('',#9201,.T.);
#10275=FACE_BOUND('',#9202,.T.);
#10276=FACE_BOUND('',#9203,.T.);
#10277=FACE_BOUND('',#9204,.T.);
#10278=FACE_BOUND('',#9205,.T.);
#10279=FACE_BOUND('',#9206,.T.);
#10280=FACE_BOUND('',#9207,.T.);
#10281=FACE_BOUND('',#9208,.T.);
#10282=FACE_BOUND('',#9209,.T.);
#10283=FACE_BOUND('',#9210,.T.);
#10284=FACE_BOUND('',#9211,.T.);
#10285=FACE_BOUND('',#9212,.T.);
#10286=FACE_BOUND('',#9213,.T.);
#10287=FACE_BOUND('',#9214,.T.);
#10288=FACE_BOUND('',#9215,.T.);
#10289=FACE_BOUND('',#9216,.T.);
#10290=FACE_BOUND('',#9217,.T.);
#10291=FACE_BOUND('',#9218,.T.);
#10292=FACE_BOUND('',#9219,.T.);
#10293=FACE_BOUND('',#9220,.T.);
#10294=FACE_BOUND('',#9221,.T.);
#10295=FACE_BOUND('',#9222,.T.);
#10296=FACE_BOUND('',#9223,.T.);
#10297=FACE_BOUND('',#9224,.T.);
#10298=FACE_BOUND('',#9225,.T.);
#10299=FACE_BOUND('',#9226,.T.);
#10300=FACE_BOUND('',#9227,.T.);
#10301=FACE_BOUND('',#9228,.T.);
#10302=FACE_BOUND('',#9229,.T.);
#10303=FACE_BOUND('',#9230,.T.);
#10304=FACE_BOUND('',#9231,.T.);
#10305=FACE_BOUND('',#9232,.T.);
#10306=FACE_BOUND('',#9233,.T.);
#10307=FACE_BOUND('',#9234,.T.);
#10308=FACE_BOUND('',#9235,.T.);
#10309=FACE_BOUND('',#9236,.T.);
#10310=FACE_BOUND('',#9237,.T.);
#10311=FACE_BOUND('',#9238,.T.);
#10312=FACE_BOUND('',#9239,.T.);
#10313=FACE_BOUND('',#9240,.T.);
#10314=FACE_BOUND('',#9241,.T.);
#10315=FACE_BOUND('',#9242,.T.);
#10316=FACE_BOUND('',#9243,.T.);
#10317=FACE_BOUND('',#9244,.T.);
#10318=FACE_BOUND('',#9245,.T.);
#10319=FACE_BOUND('',#9246,.T.);
#10320=FACE_BOUND('',#9247,.T.);
#10321=FACE_BOUND('',#9248,.T.);
#10322=FACE_BOUND('',#9249,.T.);
#10323=FACE_BOUND('',#9250,.T.);
#10324=FACE_BOUND('',#9251,.T.);
#10325=FACE_BOUND('',#9252,.T.);
#10326=FACE_BOUND('',#9253,.T.);
#10327=FACE_BOUND('',#9254,.T.);
#10328=FACE_BOUND('',#9255,.T.);
#10329=FACE_BOUND('',#9256,.T.);
#10330=FACE_BOUND('',#9257,.T.);
#10331=FACE_BOUND('',#9258,.T.);
#10332=FACE_BOUND('',#9259,.T.);
#10333=FACE_BOUND('',#9260,.T.);
#10334=FACE_BOUND('',#9261,.T.);
#10335=FACE_BOUND('',#9262,.T.);
#10336=FACE_BOUND('',#9263,.T.);
#10337=FACE_BOUND('',#9264,.T.);
#10338=FACE_BOUND('',#9265,.T.);
#10339=FACE_BOUND('',#9266,.T.);
#10340=FACE_BOUND('',#9267,.T.);
#10341=FACE_BOUND('',#9268,.T.);
#10342=FACE_BOUND('',#9269,.T.);
#10343=FACE_BOUND('',#9270,.T.);
#10344=FACE_BOUND('',#9271,.T.);
#10345=FACE_BOUND('',#9272,.T.);
#10346=FACE_BOUND('',#9273,.T.);
#10347=FACE_BOUND('',#9274,.T.);
#10348=FACE_BOUND('',#9275,.T.);
#10349=FACE_BOUND('',#9276,.T.);
#10350=FACE_BOUND('',#9277,.T.);
#10351=FACE_BOUND('',#9278,.T.);
#10352=FACE_BOUND('',#9279,.T.);
#10353=FACE_BOUND('',#9280,.T.);
#10354=FACE_BOUND('',#9281,.T.);
#10355=FACE_BOUND('',#9282,.T.);
#10356=FACE_BOUND('',#9283,.T.);
#10357=FACE_BOUND('',#9284,.T.);
#10358=FACE_BOUND('',#9285,.T.);
#10359=FACE_BOUND('',#9286,.T.);
#10360=FACE_BOUND('',#9287,.T.);
#10361=FACE_BOUND('',#9288,.T.);
#10362=FACE_BOUND('',#9289,.T.);
#10363=FACE_BOUND('',#9290,.T.);
#10364=FACE_BOUND('',#9291,.T.);
#10365=FACE_BOUND('',#9292,.T.);
#10366=FACE_BOUND('',#9293,.T.);
#10367=FACE_BOUND('',#9294,.T.);
#10368=FACE_BOUND('',#9295,.T.);
#10369=FACE_BOUND('',#9296,.T.);
#10370=FACE_BOUND('',#9297,.T.);
#10371=FACE_BOUND('',#9298,.T.);
#10372=FACE_BOUND('',#9299,.T.);
#10373=FACE_BOUND('',#9300,.T.);
#10374=FACE_BOUND('',#9301,.T.);
#10375=FACE_BOUND('',#9302,.T.);
#10376=FACE_BOUND('',#9303,.T.);
#10377=FACE_BOUND('',#9304,.T.);
#10378=FACE_BOUND('',#9305,.T.);
#10379=FACE_BOUND('',#9306,.T.);
#10380=FACE_BOUND('',#9307,.T.);
#10381=FACE_BOUND('',#9308,.T.);
#10382=FACE_BOUND('',#9309,.T.);
#10383=FACE_BOUND('',#9310,.T.);
#10384=FACE_BOUND('',#9311,.T.);
#10385=FACE_BOUND('',#9312,.T.);
#10386=FACE_BOUND('',#9313,.T.);
#10387=FACE_BOUND('',#9314,.T.);
#10388=FACE_BOUND('',#9315,.T.);
#10389=FACE_BOUND('',#9316,.T.);
#10390=FACE_BOUND('',#9317,.T.);
#10391=FACE_BOUND('',#9318,.T.);
#10392=FACE_BOUND('',#9319,.T.);
#10393=FACE_BOUND('',#9320,.T.);
#10394=FACE_BOUND('',#9321,.T.);
#10395=FACE_BOUND('',#9322,.T.);
#10396=FACE_BOUND('',#9323,.T.);
#10397=FACE_BOUND('',#9324,.T.);
#10398=FACE_BOUND('',#9325,.T.);
#10399=FACE_BOUND('',#9326,.T.);
#10400=FACE_BOUND('',#9327,.T.);
#10401=FACE_BOUND('',#9328,.T.);
#10402=FACE_BOUND('',#9329,.T.);
#10403=FACE_BOUND('',#9330,.T.);
#10404=FACE_BOUND('',#9331,.T.);
#10405=FACE_BOUND('',#9332,.T.);
#10406=FACE_BOUND('',#9333,.T.);
#10407=FACE_BOUND('',#9334,.T.);
#10408=FACE_BOUND('',#9335,.T.);
#10409=FACE_BOUND('',#9336,.T.);
#10410=FACE_BOUND('',#9337,.T.);
#10411=FACE_BOUND('',#9338,.T.);
#10412=FACE_BOUND('',#9339,.T.);
#10413=FACE_BOUND('',#9340,.T.);
#10414=FACE_BOUND('',#9341,.T.);
#10415=FACE_BOUND('',#9342,.T.);
#10416=FACE_BOUND('',#9343,.T.);
#10417=FACE_BOUND('',#9344,.T.);
#10418=FACE_BOUND('',#9345,.T.);
#10419=FACE_BOUND('',#9346,.T.);
#10420=FACE_BOUND('',#9347,.T.);
#10421=FACE_BOUND('',#9348,.T.);
#10422=FACE_BOUND('',#9349,.T.);
#10423=FACE_BOUND('',#9350,.T.);
#10424=FACE_BOUND('',#9351,.T.);
#10425=FACE_BOUND('',#9352,.T.);
#10426=FACE_BOUND('',#9353,.T.);
#10427=FACE_BOUND('',#9354,.T.);
#10428=FACE_BOUND('',#9355,.T.);
#10429=FACE_BOUND('',#9356,.T.);
#10430=FACE_BOUND('',#9357,.T.);
#10431=FACE_BOUND('',#9358,.T.);
#10432=FACE_BOUND('',#9359,.T.);
#10433=FACE_BOUND('',#9360,.T.);
#10434=FACE_BOUND('',#9361,.T.);
#10435=FACE_BOUND('',#9362,.T.);
#10436=FACE_BOUND('',#9363,.T.);
#10437=FACE_BOUND('',#9364,.T.);
#10438=FACE_BOUND('',#9365,.T.);
#10439=FACE_BOUND('',#9366,.T.);
#10440=FACE_BOUND('',#9367,.T.);
#10441=FACE_BOUND('',#9368,.T.);
#10442=FACE_BOUND('',#9369,.T.);
#10443=FACE_BOUND('',#9370,.T.);
#10444=FACE_BOUND('',#9371,.T.);
#10445=FACE_BOUND('',#9372,.T.);
#10446=FACE_BOUND('',#9373,.T.);
#10447=FACE_BOUND('',#9374,.T.);
#10448=FACE_BOUND('',#9375,.T.);
#10449=FACE_BOUND('',#9376,.T.);
#10450=FACE_BOUND('',#9377,.T.);
#10451=FACE_BOUND('',#9378,.T.);
#10452=FACE_BOUND('',#9379,.T.);
#10453=FACE_BOUND('',#9380,.T.);
#10454=FACE_BOUND('',#9381,.T.);
#10455=FACE_BOUND('',#9382,.T.);
#10456=FACE_BOUND('',#9383,.T.);
#10457=FACE_BOUND('',#9384,.T.);
#10458=FACE_BOUND('',#9385,.T.);
#10459=FACE_BOUND('',#9386,.T.);
#10460=FACE_BOUND('',#9387,.T.);
#10461=FACE_BOUND('',#9388,.T.);
#10462=FACE_BOUND('',#9389,.T.);
#10463=FACE_BOUND('',#9390,.T.);
#10464=FACE_BOUND('',#9391,.T.);
#10465=FACE_BOUND('',#9392,.T.);
#10466=FACE_BOUND('',#9393,.T.);
#10467=FACE_BOUND('',#9394,.T.);
#10468=FACE_BOUND('',#9395,.T.);
#10469=FACE_BOUND('',#9396,.T.);
#10470=FACE_BOUND('',#9397,.T.);
#10471=FACE_BOUND('',#9398,.T.);
#10472=FACE_BOUND('',#9399,.T.);
#10473=FACE_BOUND('',#9400,.T.);
#10474=FACE_BOUND('',#9401,.T.);
#10475=FACE_BOUND('',#9402,.T.);
#10476=FACE_BOUND('',#9403,.T.);
#10477=FACE_BOUND('',#9404,.T.);
#10478=FACE_BOUND('',#9405,.T.);
#10479=FACE_BOUND('',#9406,.T.);
#10480=FACE_BOUND('',#9407,.T.);
#10481=FACE_BOUND('',#9408,.T.);
#10482=FACE_BOUND('',#9409,.T.);
#10483=FACE_BOUND('',#9410,.T.);
#10484=FACE_BOUND('',#9411,.T.);
#10485=FACE_BOUND('',#9412,.T.);
#10486=FACE_BOUND('',#9413,.T.);
#10487=FACE_BOUND('',#9414,.T.);
#10488=FACE_BOUND('',#9415,.T.);
#10489=FACE_BOUND('',#9416,.T.);
#10490=FACE_BOUND('',#9417,.T.);
#10491=FACE_BOUND('',#9418,.T.);
#10492=FACE_BOUND('',#9419,.T.);
#10493=FACE_BOUND('',#9420,.T.);
#10494=FACE_BOUND('',#9421,.T.);
#10495=FACE_BOUND('',#9422,.T.);
#10496=FACE_BOUND('',#9423,.T.);
#10497=FACE_BOUND('',#9424,.T.);
#10498=FACE_BOUND('',#9425,.T.);
#10499=FACE_BOUND('',#9426,.T.);
#10500=FACE_BOUND('',#9427,.T.);
#10501=FACE_BOUND('',#9428,.T.);
#10502=FACE_BOUND('',#9429,.T.);
#10503=FACE_BOUND('',#9430,.T.);
#10504=FACE_BOUND('',#9431,.T.);
#10505=FACE_BOUND('',#9432,.T.);
#10506=FACE_BOUND('',#9433,.T.);
#10507=FACE_BOUND('',#9434,.T.);
#10508=FACE_BOUND('',#9435,.T.);
#10509=FACE_BOUND('',#9436,.T.);
#10510=FACE_BOUND('',#9437,.T.);
#10511=FACE_BOUND('',#9438,.T.);
#10512=FACE_BOUND('',#9439,.T.);
#10513=FACE_BOUND('',#9440,.T.);
#10514=FACE_BOUND('',#9441,.T.);
#10515=FACE_BOUND('',#9442,.T.);
#10516=FACE_BOUND('',#9443,.T.);
#10517=FACE_BOUND('',#9444,.T.);
#10518=FACE_BOUND('',#9445,.T.);
#10519=FACE_BOUND('',#9446,.T.);
#10520=FACE_BOUND('',#9447,.T.);
#10521=FACE_BOUND('',#9448,.T.);
#10522=FACE_BOUND('',#9449,.T.);
#10523=FACE_BOUND('',#9450,.T.);
#10524=FACE_BOUND('',#9451,.T.);
#10525=FACE_BOUND('',#9452,.T.);
#10526=FACE_BOUND('',#9453,.T.);
#10527=FACE_BOUND('',#9454,.T.);
#10528=FACE_BOUND('',#9455,.T.);
#10529=FACE_BOUND('',#9456,.T.);
#10530=FACE_BOUND('',#9457,.T.);
#10531=FACE_BOUND('',#9458,.T.);
#10532=FACE_BOUND('',#9459,.T.);
#10533=FACE_BOUND('',#9460,.T.);
#10534=FACE_BOUND('',#9461,.T.);
#10535=FACE_BOUND('',#9462,.T.);
#10536=FACE_BOUND('',#9463,.T.);
#10537=FACE_BOUND('',#9464,.T.);
#10538=FACE_BOUND('',#9465,.T.);
#10539=FACE_BOUND('',#9466,.T.);
#10540=FACE_BOUND('',#9467,.T.);
#10541=FACE_BOUND('',#9468,.T.);
#10542=FACE_BOUND('',#9469,.T.);
#10543=FACE_BOUND('',#9470,.T.);
#10544=FACE_BOUND('',#9471,.T.);
#10545=FACE_BOUND('',#9472,.T.);
#10546=FACE_BOUND('',#9473,.T.);
#10547=FACE_BOUND('',#9474,.T.);
#10548=FACE_BOUND('',#9475,.T.);
#10549=FACE_BOUND('',#9476,.T.);
#10550=FACE_BOUND('',#9477,.T.);
#10551=FACE_BOUND('',#9478,.T.);
#10552=FACE_BOUND('',#9479,.T.);
#10553=FACE_BOUND('',#9480,.T.);
#10554=FACE_BOUND('',#9481,.T.);
#10555=FACE_BOUND('',#9482,.T.);
#10556=FACE_BOUND('',#9483,.T.);
#10557=FACE_BOUND('',#9484,.T.);
#10558=FACE_BOUND('',#9485,.T.);
#10559=FACE_BOUND('',#9486,.T.);
#10560=FACE_BOUND('',#9487,.T.);
#10561=FACE_BOUND('',#9488,.T.);
#10562=FACE_BOUND('',#9489,.T.);
#10563=FACE_BOUND('',#9490,.T.);
#10564=FACE_BOUND('',#9491,.T.);
#10565=FACE_BOUND('',#9492,.T.);
#10566=FACE_BOUND('',#9493,.T.);
#10567=FACE_BOUND('',#9494,.T.);
#10568=FACE_BOUND('',#9495,.T.);
#10569=FACE_BOUND('',#9496,.T.);
#10570=FACE_BOUND('',#9497,.T.);
#10571=FACE_BOUND('',#9498,.T.);
#10572=FACE_BOUND('',#9499,.T.);
#10573=FACE_BOUND('',#9500,.T.);
#10574=FACE_BOUND('',#9501,.T.);
#10575=FACE_BOUND('',#9502,.T.);
#10576=FACE_BOUND('',#9503,.T.);
#10577=FACE_BOUND('',#9504,.T.);
#10578=FACE_BOUND('',#9505,.T.);
#10579=FACE_BOUND('',#9506,.T.);
#10580=FACE_BOUND('',#9507,.T.);
#10581=FACE_BOUND('',#9508,.T.);
#10582=FACE_BOUND('',#9509,.T.);
#10583=FACE_BOUND('',#9510,.T.);
#10584=FACE_BOUND('',#9511,.T.);
#10585=FACE_BOUND('',#9512,.T.);
#10586=FACE_BOUND('',#9513,.T.);
#10587=FACE_BOUND('',#9514,.T.);
#10588=FACE_BOUND('',#9515,.T.);
#10589=FACE_BOUND('',#9516,.T.);
#10590=FACE_BOUND('',#9517,.T.);
#10591=FACE_BOUND('',#9518,.T.);
#10592=FACE_BOUND('',#9519,.T.);
#10593=FACE_BOUND('',#9520,.T.);
#10594=FACE_BOUND('',#9521,.T.);
#10595=FACE_BOUND('',#9522,.T.);
#10596=FACE_BOUND('',#9523,.T.);
#10597=FACE_BOUND('',#9524,.T.);
#10598=FACE_BOUND('',#9525,.T.);
#10599=FACE_BOUND('',#9526,.T.);
#10600=FACE_BOUND('',#9527,.T.);
#10601=FACE_BOUND('',#9528,.T.);
#10602=FACE_BOUND('',#9529,.T.);
#10603=FACE_BOUND('',#9530,.T.);
#10604=FACE_BOUND('',#9531,.T.);
#10605=FACE_BOUND('',#9532,.T.);
#10606=FACE_BOUND('',#9533,.T.);
#10607=FACE_BOUND('',#9534,.T.);
#10608=FACE_BOUND('',#9535,.T.);
#10609=FACE_BOUND('',#9536,.T.);
#10610=FACE_BOUND('',#9537,.T.);
#10611=FACE_BOUND('',#9538,.T.);
#10612=FACE_BOUND('',#9539,.T.);
#10613=FACE_BOUND('',#9540,.T.);
#10614=FACE_BOUND('',#9541,.T.);
#10615=FACE_BOUND('',#9542,.T.);
#10616=FACE_BOUND('',#9543,.T.);
#10617=FACE_BOUND('',#9544,.T.);
#10618=FACE_BOUND('',#9545,.T.);
#10619=FACE_BOUND('',#9546,.T.);
#10620=FACE_BOUND('',#9547,.T.);
#10621=FACE_BOUND('',#9548,.T.);
#10622=FACE_BOUND('',#9549,.T.);
#10623=FACE_BOUND('',#9550,.T.);
#10624=FACE_BOUND('',#9551,.T.);
#10625=FACE_BOUND('',#9552,.T.);
#10626=FACE_BOUND('',#9553,.T.);
#10627=FACE_BOUND('',#9554,.T.);
#10628=FACE_BOUND('',#9555,.T.);
#10629=FACE_BOUND('',#9556,.T.);
#10630=FACE_BOUND('',#9557,.T.);
#10631=FACE_BOUND('',#9558,.T.);
#10632=FACE_BOUND('',#9559,.T.);
#10633=FACE_BOUND('',#9560,.T.);
#10634=FACE_BOUND('',#9561,.T.);
#10635=FACE_BOUND('',#9562,.T.);
#10636=FACE_BOUND('',#9563,.T.);
#10637=FACE_BOUND('',#9564,.T.);
#10638=FACE_BOUND('',#9565,.T.);
#10639=FACE_BOUND('',#9566,.T.);
#10640=FACE_BOUND('',#9567,.T.);
#10641=FACE_BOUND('',#9568,.T.);
#10642=FACE_BOUND('',#9569,.T.);
#10643=FACE_BOUND('',#9570,.T.);
#10644=FACE_BOUND('',#9571,.T.);
#10645=FACE_BOUND('',#9572,.T.);
#10646=FACE_BOUND('',#9573,.T.);
#10647=FACE_BOUND('',#9574,.T.);
#10648=FACE_BOUND('',#9575,.T.);
#10649=FACE_BOUND('',#9576,.T.);
#10650=FACE_BOUND('',#9577,.T.);
#10651=FACE_BOUND('',#9578,.T.);
#10652=FACE_BOUND('',#9579,.T.);
#10653=FACE_BOUND('',#9580,.T.);
#10654=FACE_BOUND('',#9581,.T.);
#10655=FACE_BOUND('',#9582,.T.);
#10656=FACE_BOUND('',#9583,.T.);
#10657=FACE_BOUND('',#9584,.T.);
#10658=FACE_BOUND('',#9585,.T.);
#10659=FACE_BOUND('',#9586,.T.);
#10660=FACE_BOUND('',#9587,.T.);
#10661=FACE_BOUND('',#9588,.T.);
#10662=FACE_BOUND('',#9589,.T.);
#10663=FACE_BOUND('',#9590,.T.);
#10664=FACE_BOUND('',#9591,.T.);
#10665=FACE_BOUND('',#9592,.T.);
#10666=FACE_BOUND('',#9593,.T.);
#10667=FACE_BOUND('',#9594,.T.);
#10668=FACE_BOUND('',#9595,.T.);
#10669=FACE_BOUND('',#9596,.T.);
#10670=FACE_BOUND('',#9597,.T.);
#10671=FACE_BOUND('',#9598,.T.);
#10672=FACE_BOUND('',#9599,.T.);
#10673=FACE_BOUND('',#9600,.T.);
#10674=FACE_BOUND('',#9601,.T.);
#10675=FACE_BOUND('',#9602,.T.);
#10676=FACE_BOUND('',#9603,.T.);
#10677=FACE_BOUND('',#9604,.T.);
#10678=FACE_BOUND('',#9605,.T.);
#10679=FACE_BOUND('',#9606,.T.);
#10680=FACE_BOUND('',#9607,.T.);
#10681=FACE_BOUND('',#9608,.T.);
#10682=FACE_BOUND('',#9609,.T.);
#10683=FACE_BOUND('',#9610,.T.);
#10684=FACE_BOUND('',#9611,.T.);
#10685=FACE_BOUND('',#9612,.T.);
#10686=FACE_BOUND('',#9613,.T.);
#10687=FACE_BOUND('',#9614,.T.);
#10688=FACE_BOUND('',#9615,.T.);
#10689=FACE_BOUND('',#9616,.T.);
#10690=FACE_BOUND('',#9617,.T.);
#10691=FACE_BOUND('',#9618,.T.);
#10692=FACE_BOUND('',#9619,.T.);
#10693=FACE_BOUND('',#9620,.T.);
#10694=FACE_BOUND('',#9621,.T.);
#10695=FACE_BOUND('',#9622,.T.);
#10696=FACE_BOUND('',#9623,.T.);
#10697=FACE_BOUND('',#9624,.T.);
#10698=FACE_BOUND('',#9625,.T.);
#10699=FACE_BOUND('',#9626,.T.);
#10700=FACE_BOUND('',#9627,.T.);
#10701=FACE_BOUND('',#9628,.T.);
#10702=FACE_BOUND('',#9629,.T.);
#10703=FACE_BOUND('',#9630,.T.);
#10704=FACE_BOUND('',#9631,.T.);
#10705=FACE_BOUND('',#9632,.T.);
#10706=FACE_BOUND('',#9633,.T.);
#10707=FACE_BOUND('',#9634,.T.);
#10708=FACE_BOUND('',#9635,.T.);
#10709=FACE_BOUND('',#9636,.T.);
#10710=FACE_BOUND('',#9637,.T.);
#10711=FACE_BOUND('',#9638,.T.);
#10712=FACE_BOUND('',#9639,.T.);
#10713=FACE_BOUND('',#9640,.T.);
#10714=FACE_BOUND('',#9641,.T.);
#10715=FACE_BOUND('',#9642,.T.);
#10716=FACE_BOUND('',#9643,.T.);
#10717=FACE_BOUND('',#9644,.T.);
#10718=FACE_BOUND('',#9645,.T.);
#10719=FACE_BOUND('',#9646,.T.);
#10720=FACE_BOUND('',#9647,.T.);
#10721=FACE_BOUND('',#9648,.T.);
#10722=FACE_BOUND('',#9649,.T.);
#10723=FACE_BOUND('',#9650,.T.);
#10724=FACE_BOUND('',#9651,.T.);
#10725=FACE_BOUND('',#9652,.T.);
#10726=FACE_BOUND('',#9653,.T.);
#10727=FACE_BOUND('',#9654,.T.);
#10728=FACE_BOUND('',#9655,.T.);
#10729=FACE_BOUND('',#9656,.T.);
#10730=FACE_BOUND('',#9657,.T.);
#10731=FACE_BOUND('',#9658,.T.);
#10732=FACE_BOUND('',#9659,.T.);
#10733=FACE_BOUND('',#9660,.T.);
#10734=FACE_BOUND('',#9661,.T.);
#10735=FACE_BOUND('',#9662,.T.);
#10736=FACE_BOUND('',#9663,.T.);
#10737=FACE_BOUND('',#9664,.T.);
#10738=FACE_BOUND('',#9665,.T.);
#10739=FACE_BOUND('',#9666,.T.);
#10740=FACE_BOUND('',#9667,.T.);
#10741=FACE_BOUND('',#9668,.T.);
#10742=FACE_BOUND('',#9669,.T.);
#10743=FACE_BOUND('',#9670,.T.);
#10744=FACE_BOUND('',#9671,.T.);
#10745=FACE_BOUND('',#9672,.T.);
#10746=FACE_BOUND('',#9673,.T.);
#10747=FACE_BOUND('',#9674,.T.);
#10748=FACE_BOUND('',#9675,.T.);
#10749=FACE_BOUND('',#9676,.T.);
#10750=FACE_BOUND('',#9677,.T.);
#10751=FACE_BOUND('',#9678,.T.);
#10752=FACE_BOUND('',#9679,.T.);
#10753=FACE_BOUND('',#9680,.T.);
#10754=FACE_BOUND('',#9681,.T.);
#10755=FACE_BOUND('',#9682,.T.);
#10756=FACE_BOUND('',#9683,.T.);
#10757=FACE_BOUND('',#9684,.T.);
#10758=FACE_BOUND('',#9685,.T.);
#10759=FACE_BOUND('',#9686,.T.);
#10760=FACE_BOUND('',#9687,.T.);
#10761=FACE_BOUND('',#9688,.T.);
#10762=FACE_BOUND('',#9689,.T.);
#10763=FACE_BOUND('',#9690,.T.);
#10764=FACE_BOUND('',#9691,.T.);
#10765=FACE_BOUND('',#9692,.T.);
#10766=FACE_BOUND('',#9693,.T.);
#10767=FACE_BOUND('',#9694,.T.);
#10768=FACE_BOUND('',#9695,.T.);
#10769=FACE_BOUND('',#9696,.T.);
#10770=FACE_BOUND('',#9697,.T.);
#10771=FACE_BOUND('',#9698,.T.);
#10772=FACE_BOUND('',#9699,.T.);
#10773=FACE_BOUND('',#9700,.T.);
#10774=FACE_BOUND('',#9701,.T.);
#10775=FACE_BOUND('',#9702,.T.);
#10776=FACE_BOUND('',#9703,.T.);
#10777=FACE_BOUND('',#9704,.T.);
#10778=FACE_BOUND('',#9705,.T.);
#10779=FACE_BOUND('',#9706,.T.);
#10780=FACE_BOUND('',#9707,.T.);
#10781=FACE_BOUND('',#9708,.T.);
#10782=FACE_BOUND('',#9709,.T.);
#10783=FACE_BOUND('',#9710,.T.);
#10784=FACE_BOUND('',#9711,.T.);
#10785=FACE_BOUND('',#9712,.T.);
#10786=FACE_BOUND('',#9713,.T.);
#10787=FACE_BOUND('',#9714,.T.);
#10788=FACE_BOUND('',#9715,.T.);
#10789=FACE_BOUND('',#9716,.T.);
#10790=FACE_BOUND('',#9717,.T.);
#10791=FACE_BOUND('',#9718,.T.);
#10792=FACE_BOUND('',#9719,.T.);
#10793=FACE_BOUND('',#9720,.T.);
#10794=FACE_BOUND('',#9721,.T.);
#10795=FACE_BOUND('',#9722,.T.);
#10796=FACE_BOUND('',#9723,.T.);
#10797=FACE_BOUND('',#9724,.T.);
#10798=FACE_BOUND('',#9725,.T.);
#10799=FACE_BOUND('',#9726,.T.);
#10800=FACE_BOUND('',#9727,.T.);
#10801=FACE_BOUND('',#9728,.T.);
#10802=FACE_BOUND('',#9729,.T.);
#10803=FACE_BOUND('',#9730,.T.);
#10804=FACE_BOUND('',#9731,.T.);
#10805=FACE_BOUND('',#9732,.T.);
#10806=FACE_BOUND('',#9733,.T.);
#10807=FACE_BOUND('',#9734,.T.);
#10808=FACE_BOUND('',#9735,.T.);
#10809=FACE_BOUND('',#9736,.T.);
#10810=FACE_BOUND('',#9737,.T.);
#10811=FACE_BOUND('',#9738,.T.);
#10812=FACE_BOUND('',#9739,.T.);
#10813=FACE_BOUND('',#9740,.T.);
#10814=FACE_BOUND('',#9741,.T.);
#10815=FACE_BOUND('',#9742,.T.);
#10816=FACE_BOUND('',#9743,.T.);
#10817=FACE_BOUND('',#9744,.T.);
#10818=FACE_BOUND('',#9745,.T.);
#10819=FACE_BOUND('',#9746,.T.);
#10820=FACE_BOUND('',#9747,.T.);
#10821=FACE_BOUND('',#9748,.T.);
#10822=FACE_BOUND('',#9749,.T.);
#10823=FACE_BOUND('',#9750,.T.);
#10824=FACE_BOUND('',#9751,.T.);
#10825=FACE_BOUND('',#9752,.T.);
#10826=FACE_BOUND('',#9753,.T.);
#10827=FACE_BOUND('',#9754,.T.);
#10828=FACE_BOUND('',#9755,.T.);
#10829=FACE_BOUND('',#9756,.T.);
#10830=FACE_BOUND('',#9757,.T.);
#10831=FACE_BOUND('',#9758,.T.);
#10832=FACE_BOUND('',#9759,.T.);
#10833=FACE_BOUND('',#9760,.T.);
#10834=FACE_BOUND('',#9761,.T.);
#10835=FACE_BOUND('',#9762,.T.);
#10836=FACE_BOUND('',#9763,.T.);
#10837=FACE_BOUND('',#9764,.T.);
#10838=FACE_BOUND('',#9765,.T.);
#10839=FACE_BOUND('',#9766,.T.);
#10840=FACE_BOUND('',#9767,.T.);
#10841=FACE_BOUND('',#9768,.T.);
#10842=FACE_BOUND('',#9769,.T.);
#10843=FACE_BOUND('',#9770,.T.);
#10844=FACE_BOUND('',#9771,.T.);
#10845=FACE_BOUND('',#9772,.T.);
#10846=FACE_BOUND('',#9773,.T.);
#10847=FACE_BOUND('',#9774,.T.);
#10848=FACE_BOUND('',#9775,.T.);
#10849=FACE_BOUND('',#9776,.T.);
#10850=FACE_BOUND('',#9777,.T.);
#10851=FACE_BOUND('',#9778,.T.);
#10852=FACE_BOUND('',#9779,.T.);
#10853=FACE_BOUND('',#9780,.T.);
#10854=FACE_BOUND('',#9781,.T.);
#10855=FACE_BOUND('',#9782,.T.);
#10856=FACE_BOUND('',#9783,.T.);
#10857=FACE_BOUND('',#9784,.T.);
#10858=FACE_BOUND('',#9785,.T.);
#10859=FACE_BOUND('',#9786,.T.);
#10860=FACE_BOUND('',#9787,.T.);
#10861=FACE_BOUND('',#9788,.T.);
#10862=FACE_BOUND('',#9789,.T.);
#10863=FACE_BOUND('',#9790,.T.);
#10864=FACE_BOUND('',#9791,.T.);
#10865=FACE_BOUND('',#9792,.T.);
#10866=FACE_BOUND('',#9793,.T.);
#10867=FACE_BOUND('',#9794,.T.);
#10868=FACE_BOUND('',#9795,.T.);
#10869=FACE_BOUND('',#9796,.T.);
#10870=FACE_BOUND('',#9797,.T.);
#10871=FACE_BOUND('',#9798,.T.);
#10872=FACE_BOUND('',#9799,.T.);
#10873=FACE_BOUND('',#9800,.T.);
#10874=FACE_BOUND('',#9801,.T.);
#10875=FACE_BOUND('',#9802,.T.);
#10876=FACE_BOUND('',#9803,.T.);
#10877=FACE_BOUND('',#9804,.T.);
#10878=FACE_BOUND('',#9805,.T.);
#10879=FACE_BOUND('',#9806,.T.);
#10880=FACE_BOUND('',#9807,.T.);
#10881=FACE_BOUND('',#9808,.T.);
#10882=FACE_BOUND('',#9809,.T.);
#10883=FACE_BOUND('',#9810,.T.);
#10884=FACE_BOUND('',#9811,.T.);
#10885=FACE_BOUND('',#9812,.T.);
#10886=FACE_BOUND('',#9813,.T.);
#10887=FACE_BOUND('',#9814,.T.);
#10888=FACE_BOUND('',#9815,.T.);
#10889=FACE_BOUND('',#9816,.T.);
#10890=FACE_BOUND('',#9817,.T.);
#10891=FACE_BOUND('',#9818,.T.);
#10892=FACE_BOUND('',#9819,.T.);
#10893=FACE_BOUND('',#9820,.T.);
#10894=FACE_BOUND('',#9821,.T.);
#10895=FACE_BOUND('',#9822,.T.);
#10896=FACE_BOUND('',#9823,.T.);
#10897=FACE_BOUND('',#9824,.T.);
#10898=FACE_BOUND('',#9825,.T.);
#10899=FACE_BOUND('',#9826,.T.);
#10900=FACE_BOUND('',#9827,.T.);
#10901=FACE_BOUND('',#9828,.T.);
#10902=FACE_BOUND('',#9829,.T.);
#10903=FACE_BOUND('',#9830,.T.);
#10904=FACE_BOUND('',#9831,.T.);
#10905=FACE_BOUND('',#9832,.T.);
#10906=FACE_BOUND('',#9833,.T.);
#10907=FACE_BOUND('',#9834,.T.);
#10908=FACE_BOUND('',#9835,.T.);
#10909=FACE_BOUND('',#9836,.T.);
#10910=FACE_BOUND('',#9837,.T.);
#10911=FACE_BOUND('',#9838,.T.);
#10912=FACE_BOUND('',#9839,.T.);
#10913=FACE_BOUND('',#9840,.T.);
#10914=FACE_BOUND('',#9841,.T.);
#10915=FACE_BOUND('',#9842,.T.);
#10916=FACE_BOUND('',#9843,.T.);
#10917=FACE_BOUND('',#9844,.T.);
#10918=FACE_BOUND('',#9845,.T.);
#10919=FACE_BOUND('',#9846,.T.);
#10920=FACE_BOUND('',#9847,.T.);
#10921=FACE_BOUND('',#9848,.T.);
#10922=FACE_BOUND('',#9849,.T.);
#10923=FACE_BOUND('',#9850,.T.);
#10924=FACE_BOUND('',#9851,.T.);
#10925=FACE_BOUND('',#9852,.T.);
#10926=FACE_BOUND('',#9853,.T.);
#10927=FACE_BOUND('',#9854,.T.);
#10928=FACE_BOUND('',#9855,.T.);
#10929=FACE_BOUND('',#9856,.T.);
#10930=FACE_BOUND('',#9857,.T.);
#10931=FACE_BOUND('',#9858,.T.);
#10932=FACE_BOUND('',#9859,.T.);
#10933=FACE_BOUND('',#9860,.T.);
#10934=FACE_BOUND('',#9861,.T.);
#10935=FACE_BOUND('',#9862,.T.);
#10936=FACE_BOUND('',#9863,.T.);
#10937=FACE_BOUND('',#9864,.T.);
#10938=FACE_BOUND('',#9865,.T.);
#10939=FACE_BOUND('',#9866,.T.);
#10940=FACE_BOUND('',#9867,.T.);
#10941=FACE_BOUND('',#9868,.T.);
#10942=FACE_BOUND('',#9869,.T.);
#10943=FACE_BOUND('',#9870,.T.);
#10944=FACE_BOUND('',#9871,.T.);
#10945=FACE_BOUND('',#9872,.T.);
#10946=FACE_BOUND('',#9873,.T.);
#10947=FACE_BOUND('',#9874,.T.);
#10948=FACE_BOUND('',#9875,.T.);
#10949=FACE_BOUND('',#9876,.T.);
#10950=FACE_BOUND('',#9877,.T.);
#10951=FACE_BOUND('',#9878,.T.);
#10952=FACE_BOUND('',#9879,.T.);
#10953=FACE_BOUND('',#9880,.T.);
#10954=FACE_BOUND('',#9881,.T.);
#10955=FACE_BOUND('',#9882,.T.);
#10956=FACE_BOUND('',#9883,.T.);
#10957=FACE_BOUND('',#9884,.T.);
#10958=FACE_BOUND('',#9885,.T.);
#10959=FACE_BOUND('',#9886,.T.);
#10960=FACE_BOUND('',#9887,.T.);
#10961=FACE_BOUND('',#9888,.T.);
#10962=FACE_BOUND('',#9889,.T.);
#10963=FACE_BOUND('',#9890,.T.);
#10964=FACE_BOUND('',#9891,.T.);
#10965=FACE_BOUND('',#9892,.T.);
#10966=FACE_BOUND('',#9893,.T.);
#10967=FACE_BOUND('',#9894,.T.);
#10968=FACE_BOUND('',#9895,.T.);
#10969=FACE_BOUND('',#9896,.T.);
#10970=FACE_BOUND('',#9897,.T.);
#10971=FACE_BOUND('',#9898,.T.);
#10972=FACE_BOUND('',#9899,.T.);
#10973=FACE_BOUND('',#9900,.T.);
#10974=FACE_BOUND('',#9901,.T.);
#10975=FACE_BOUND('',#9902,.T.);
#10976=FACE_BOUND('',#9903,.T.);
#10977=FACE_BOUND('',#9904,.T.);
#10978=FACE_BOUND('',#9905,.T.);
#10979=FACE_BOUND('',#9906,.T.);
#10980=FACE_BOUND('',#9907,.T.);
#10981=FACE_BOUND('',#9908,.T.);
#10982=FACE_BOUND('',#9909,.T.);
#10983=FACE_BOUND('',#9910,.T.);
#10984=FACE_BOUND('',#9911,.T.);
#10985=FACE_BOUND('',#9912,.T.);
#10986=FACE_BOUND('',#9913,.T.);
#10987=FACE_BOUND('',#9914,.T.);
#10988=FACE_BOUND('',#9915,.T.);
#10989=FACE_BOUND('',#9916,.T.);
#10990=FACE_BOUND('',#9917,.T.);
#10991=FACE_BOUND('',#9918,.T.);
#10992=FACE_BOUND('',#9919,.T.);
#10993=FACE_BOUND('',#9920,.T.);
#10994=FACE_BOUND('',#9921,.T.);
#10995=FACE_BOUND('',#9922,.T.);
#10996=FACE_BOUND('',#9923,.T.);
#10997=FACE_BOUND('',#9924,.T.);
#10998=FACE_BOUND('',#9925,.T.);
#10999=FACE_BOUND('',#9926,.T.);
#11000=FACE_BOUND('',#9927,.T.);
#11001=FACE_BOUND('',#9928,.T.);
#11002=FACE_BOUND('',#9929,.T.);
#11003=FACE_BOUND('',#9930,.T.);
#11004=FACE_BOUND('',#9931,.T.);
#11005=FACE_BOUND('',#9932,.T.);
#11006=FACE_BOUND('',#9933,.T.);
#11007=FACE_BOUND('',#9934,.T.);
#11008=FACE_BOUND('',#9935,.T.);
#11009=FACE_BOUND('',#9936,.T.);
#11010=FACE_BOUND('',#9937,.T.);
#11011=FACE_BOUND('',#9938,.T.);
#11012=FACE_BOUND('',#9939,.T.);
#11013=FACE_BOUND('',#9940,.T.);
#11014=FACE_BOUND('',#9941,.T.);
#11015=FACE_BOUND('',#9942,.T.);
#11016=FACE_BOUND('',#9943,.T.);
#11017=FACE_BOUND('',#9944,.T.);
#11018=FACE_BOUND('',#9945,.T.);
#11019=FACE_BOUND('',#9946,.T.);
#11020=FACE_BOUND('',#9947,.T.);
#11021=FACE_BOUND('',#9948,.T.);
#11022=FACE_BOUND('',#9949,.T.);
#11023=FACE_BOUND('',#9950,.T.);
#11024=FACE_BOUND('',#9951,.T.);
#11025=FACE_BOUND('',#9952,.T.);
#11026=FACE_BOUND('',#9953,.T.);
#11027=FACE_BOUND('',#9954,.T.);
#11028=FACE_BOUND('',#9955,.T.);
#11029=FACE_BOUND('',#9956,.T.);
#11030=FACE_BOUND('',#9957,.T.);
#11031=FACE_BOUND('',#9958,.T.);
#11032=FACE_BOUND('',#9959,.T.);
#11033=FACE_BOUND('',#9960,.T.);
#11034=FACE_BOUND('',#9961,.T.);
#11035=FACE_BOUND('',#9962,.T.);
#11036=FACE_BOUND('',#9963,.T.);
#11037=FACE_BOUND('',#9964,.T.);
#11038=FACE_BOUND('',#9965,.T.);
#11039=FACE_BOUND('',#9966,.T.);
#11040=FACE_BOUND('',#9967,.T.);
#11041=FACE_BOUND('',#9968,.T.);
#11042=PLANE('',#12215);
#11043=PLANE('',#12218);
#11044=PLANE('',#12219);
#11045=PLANE('',#12220);
#11046=PLANE('',#12221);
#11047=PLANE('',#12223);
#11048=PLANE('',#12225);
#11049=PLANE('',#12234);
#11050=PLANE('',#12237);
#11051=PLANE('',#12300);
#11052=PLANE('',#12335);
#11053=PLANE('',#12337);
#11054=PLANE('',#12339);
#11055=PLANE('',#12341);
#11056=PLANE('',#12342);
#11057=PLANE('',#12343);
#11058=PLANE('',#12344);
#11059=PLANE('',#12345);
#11060=PLANE('',#12346);
#11061=PLANE('',#12347);
#11062=PLANE('',#12348);
#11063=PLANE('',#12349);
#11064=PLANE('',#12350);
#11065=PLANE('',#12351);
#11066=PLANE('',#12352);
#11067=PLANE('',#12353);
#11068=PLANE('',#12356);
#11069=PLANE('',#12357);
#11070=PLANE('',#12358);
#11071=PLANE('',#12359);
#11072=PLANE('',#12360);
#11073=PLANE('',#12361);
#11074=PLANE('',#12362);
#11075=PLANE('',#12363);
#11076=PLANE('',#12364);
#11077=PLANE('',#12365);
#11078=PLANE('',#12366);
#11079=PLANE('',#12367);
#11080=PLANE('',#12368);
#11081=PLANE('',#12371);
#11082=PLANE('',#12372);
#11083=PLANE('',#12373);
#11084=PLANE('',#12374);
#11085=PLANE('',#12375);
#11086=PLANE('',#12376);
#11087=PLANE('',#12377);
#11088=PLANE('',#12378);
#11089=PLANE('',#12379);
#11090=PLANE('',#12380);
#11091=PLANE('',#12381);
#11092=PLANE('',#12382);
#11093=PLANE('',#12383);
#11094=PLANE('',#12386);
#11095=PLANE('',#12396);
#11096=PLANE('',#12399);
#11097=PLANE('',#12401);
#11098=PLANE('',#12402);
#11099=PLANE('',#12403);
#11100=PLANE('',#12404);
#11101=PLANE('',#12414);
#11102=PLANE('',#12417);
#11103=PLANE('',#12419);
#11104=PLANE('',#12420);
#11105=PLANE('',#12421);
#11106=PLANE('',#12422);
#11107=PLANE('',#12432);
#11108=PLANE('',#12435);
#11109=PLANE('',#12437);
#11110=PLANE('',#12438);
#11111=PLANE('',#12439);
#11112=PLANE('',#12440);
#11113=PLANE('',#12450);
#11114=PLANE('',#12453);
#11115=PLANE('',#12455);
#11116=PLANE('',#12456);
#11117=PLANE('',#12457);
#11118=PLANE('',#12458);
#11119=PLANE('',#12464);
#11120=PLANE('',#12465);
#11121=PLANE('',#12470);
#11122=PLANE('',#12471);
#11123=PLANE('',#12480);
#11124=PLANE('',#12487);
#11125=PLANE('',#12491);
#11126=PLANE('',#12494);
#11127=PLANE('',#12497);
#11128=PLANE('',#12503);
#11129=PLANE('',#12507);
#11130=PLANE('',#12510);
#11131=PLANE('',#12513);
#11132=PLANE('',#12514);
#11133=PLANE('',#12515);
#11134=PLANE('',#12516);
#11135=PLANE('',#12517);
#11136=PLANE('',#12520);
#11137=PLANE('',#12524);
#11138=PLANE('',#12529);
#11139=PLANE('',#12530);
#11140=PLANE('',#12531);
#11141=PLANE('',#12532);
#11142=PLANE('',#12533);
#11143=PLANE('',#12534);
#11144=PLANE('',#12535);
#11145=PLANE('',#12536);
#11146=PLANE('',#12537);
#11147=PLANE('',#12538);
#11148=PLANE('',#12539);
#11149=PLANE('',#12540);
#11150=PLANE('',#12541);
#11151=PLANE('',#12542);
#11152=PLANE('',#12543);
#11153=PLANE('',#12544);
#11154=PLANE('',#12545);
#11155=PLANE('',#12546);
#11156=PLANE('',#12547);
#11157=PLANE('',#12548);
#11158=PLANE('',#12549);
#11159=PLANE('',#12550);
#11160=PLANE('',#12551);
#11161=PLANE('',#12552);
#11162=PLANE('',#12553);
#11163=PLANE('',#12554);
#11164=PLANE('',#12555);
#11165=PLANE('',#12562);
#11166=PLANE('',#12565);
#11167=PLANE('',#12568);
#11168=PLANE('',#12571);
#11169=PLANE('',#12588);
#11170=PLANE('',#12589);
#11171=PLANE('',#12590);
#11172=PLANE('',#12591);
#11173=PLANE('',#12592);
#11174=PLANE('',#12593);
#11175=PLANE('',#12594);
#11176=PLANE('',#12595);
#11177=PLANE('',#12596);
#11178=PLANE('',#12597);
#11179=PLANE('',#12598);
#11180=PLANE('',#12599);
#11181=PLANE('',#12600);
#11182=PLANE('',#12601);
#11183=PLANE('',#12608);
#11184=PLANE('',#12611);
#11185=PLANE('',#12614);
#11186=PLANE('',#12617);
#11187=PLANE('',#12634);
#11188=PLANE('',#12635);
#11189=PLANE('',#12636);
#11190=PLANE('',#12637);
#11191=PLANE('',#12638);
#11192=PLANE('',#12639);
#11193=PLANE('',#12640);
#11194=PLANE('',#12641);
#11195=PLANE('',#12642);
#11196=PLANE('',#12643);
#11197=PLANE('',#12644);
#11198=PLANE('',#12645);
#11199=PLANE('',#12646);
#11200=PLANE('',#12647);
#11201=PLANE('',#12654);
#11202=PLANE('',#12657);
#11203=PLANE('',#12660);
#11204=PLANE('',#12663);
#11205=PLANE('',#12680);
#11206=PLANE('',#12681);
#11207=PLANE('',#12682);
#11208=PLANE('',#12683);
#11209=PLANE('',#12684);
#11210=PLANE('',#12685);
#11211=PLANE('',#12686);
#11212=PLANE('',#12687);
#11213=PLANE('',#12688);
#11214=PLANE('',#12689);
#11215=PLANE('',#12690);
#11216=PLANE('',#12691);
#11217=PLANE('',#12692);
#11218=PLANE('',#12693);
#11219=PLANE('',#12700);
#11220=PLANE('',#12703);
#11221=PLANE('',#12706);
#11222=PLANE('',#12709);
#11223=PLANE('',#12726);
#11224=PLANE('',#12727);
#11225=PLANE('',#12728);
#11226=PLANE('',#12729);
#11227=PLANE('',#12730);
#11228=PLANE('',#12731);
#11229=PLANE('',#12732);
#11230=PLANE('',#12733);
#11231=PLANE('',#12734);
#11232=PLANE('',#12735);
#11233=PLANE('',#12736);
#11234=PLANE('',#12737);
#11235=PLANE('',#12738);
#11236=PLANE('',#12739);
#11237=PLANE('',#12740);
#11238=PLANE('',#12741);
#11239=PLANE('',#12742);
#11240=PLANE('',#12743);
#11241=PLANE('',#12744);
#11242=PLANE('',#12745);
#11243=PLANE('',#12746);
#11244=PLANE('',#12747);
#11245=PLANE('',#12748);
#11246=PLANE('',#12749);
#11247=PLANE('',#12750);
#11248=PLANE('',#12751);
#11249=PLANE('',#12752);
#11250=PLANE('',#12753);
#11251=PLANE('',#12754);
#11252=PLANE('',#12755);
#11253=PLANE('',#12756);
#11254=PLANE('',#12757);
#11255=PLANE('',#12758);
#11256=PLANE('',#12759);
#11257=PLANE('',#12760);
#11258=PLANE('',#12761);
#11259=PLANE('',#12762);
#11260=PLANE('',#12763);
#11261=PLANE('',#12764);
#11262=PLANE('',#12765);
#11263=PLANE('',#12766);
#11264=PLANE('',#12767);
#11265=PLANE('',#12768);
#11266=PLANE('',#12769);
#11267=PLANE('',#12770);
#11268=PLANE('',#12771);
#11269=PLANE('',#12772);
#11270=PLANE('',#12773);
#11271=PLANE('',#12774);
#11272=PLANE('',#12775);
#11273=PLANE('',#12776);
#11274=PLANE('',#12777);
#11275=PLANE('',#12778);
#11276=PLANE('',#12779);
#11277=PLANE('',#12780);
#11278=PLANE('',#12781);
#11279=PLANE('',#12782);
#11280=PLANE('',#12783);
#11281=PLANE('',#12784);
#11282=PLANE('',#12785);
#11283=PLANE('',#12786);
#11284=PLANE('',#12787);
#11285=PLANE('',#12788);
#11286=PLANE('',#12789);
#11287=PLANE('',#12790);
#11288=PLANE('',#12791);
#11289=PLANE('',#12792);
#11290=PLANE('',#12793);
#11291=PLANE('',#12794);
#11292=PLANE('',#12795);
#11293=PLANE('',#12796);
#11294=PLANE('',#12797);
#11295=PLANE('',#12798);
#11296=PLANE('',#12799);
#11297=PLANE('',#12800);
#11298=PLANE('',#12801);
#11299=PLANE('',#12802);
#11300=PLANE('',#12803);
#11301=PLANE('',#12804);
#11302=PLANE('',#12805);
#11303=PLANE('',#12806);
#11304=PLANE('',#12807);
#11305=PLANE('',#12808);
#11306=PLANE('',#12809);
#11307=PLANE('',#12810);
#11308=PLANE('',#12811);
#11309=PLANE('',#12812);
#11310=PLANE('',#12813);
#11311=PLANE('',#12814);
#11312=PLANE('',#12815);
#11313=PLANE('',#12816);
#11314=PLANE('',#12817);
#11315=PLANE('',#12824);
#11316=PLANE('',#12826);
#11317=PLANE('',#12835);
#11318=PLANE('',#12837);
#11319=PLANE('',#12846);
#11320=PLANE('',#12848);
#11321=PLANE('',#12857);
#11322=PLANE('',#12859);
#11323=PLANE('',#12868);
#11324=PLANE('',#12870);
#11325=PLANE('',#12879);
#11326=PLANE('',#12881);
#11327=PLANE('',#12890);
#11328=PLANE('',#12892);
#11329=PLANE('',#12901);
#11330=PLANE('',#12903);
#11331=PLANE('',#12912);
#11332=PLANE('',#12914);
#11333=PLANE('',#12923);
#11334=PLANE('',#12925);
#11335=PLANE('',#12934);
#11336=PLANE('',#12936);
#11337=PLANE('',#12945);
#11338=PLANE('',#12947);
#11339=PLANE('',#12956);
#11340=PLANE('',#12958);
#11341=PLANE('',#12967);
#11342=PLANE('',#12969);
#11343=PLANE('',#12978);
#11344=PLANE('',#12980);
#11345=PLANE('',#12989);
#11346=PLANE('',#12991);
#11347=PLANE('',#13000);
#11348=PLANE('',#13002);
#11349=PLANE('',#13011);
#11350=PLANE('',#13013);
#11351=PLANE('',#13022);
#11352=PLANE('',#13024);
#11353=PLANE('',#13030);
#11354=PLANE('',#13033);
#11355=PLANE('',#13044);
#11356=PLANE('',#13046);
#11357=PLANE('',#13049);
#11358=PLANE('',#13050);
#11359=PLANE('',#13051);
#11360=PLANE('',#13052);
#11361=PLANE('',#13061);
#11362=PLANE('',#13062);
#11363=PLANE('',#13063);
#11364=PLANE('',#13064);
#11365=PLANE('',#13085);
#11366=PLANE('',#13086);
#11367=PLANE('',#13087);
#11368=PLANE('',#13088);
#11369=PLANE('',#13089);
#11370=PLANE('',#13090);
#11371=PLANE('',#13091);
#11372=PLANE('',#13092);
#11373=PLANE('',#13093);
#11374=PLANE('',#13096);
#11375=PLANE('',#13102);
#11376=PLANE('',#13105);
#11377=PLANE('',#13106);
#11378=PLANE('',#13107);
#11379=PLANE('',#13108);
#11380=PLANE('',#13111);
#11381=PLANE('',#13117);
#11382=PLANE('',#13120);
#11383=PLANE('',#13121);
#11384=PLANE('',#13122);
#11385=PLANE('',#13123);
#11386=PLANE('',#13126);
#11387=PLANE('',#13132);
#11388=PLANE('',#13135);
#11389=PLANE('',#13136);
#11390=PLANE('',#13137);
#11391=PLANE('',#13138);
#11392=PLANE('',#13141);
#11393=PLANE('',#13147);
#11394=PLANE('',#13150);
#11395=PLANE('',#13151);
#11396=PLANE('',#13152);
#11397=PLANE('',#13153);
#11398=PLANE('',#13156);
#11399=PLANE('',#13162);
#11400=PLANE('',#13165);
#11401=PLANE('',#13166);
#11402=PLANE('',#13167);
#11403=PLANE('',#13168);
#11404=PLANE('',#13171);
#11405=PLANE('',#13177);
#11406=PLANE('',#13180);
#11407=PLANE('',#13181);
#11408=PLANE('',#13182);
#11409=PLANE('',#13183);
#11410=PLANE('',#13186);
#11411=PLANE('',#13192);
#11412=PLANE('',#13195);
#11413=PLANE('',#13196);
#11414=PLANE('',#13197);
#11415=PLANE('',#13198);
#11416=PLANE('',#13201);
#11417=PLANE('',#13207);
#11418=PLANE('',#13210);
#11419=PLANE('',#13211);
#11420=PLANE('',#13212);
#11421=PLANE('',#13213);
#11422=PLANE('',#13216);
#11423=PLANE('',#13222);
#11424=PLANE('',#13225);
#11425=PLANE('',#13226);
#11426=PLANE('',#13227);
#11427=PLANE('',#13228);
#11428=PLANE('',#13231);
#11429=PLANE('',#13237);
#11430=PLANE('',#13240);
#11431=PLANE('',#13241);
#11432=PLANE('',#13242);
#11433=PLANE('',#13243);
#11434=PLANE('',#13246);
#11435=PLANE('',#13252);
#11436=PLANE('',#13255);
#11437=PLANE('',#13256);
#11438=PLANE('',#13257);
#11439=PLANE('',#13258);
#11440=PLANE('',#13261);
#11441=PLANE('',#13267);
#11442=PLANE('',#13270);
#11443=PLANE('',#13271);
#11444=PLANE('',#13272);
#11445=PLANE('',#13273);
#11446=PLANE('',#13276);
#11447=PLANE('',#13282);
#11448=PLANE('',#13285);
#11449=PLANE('',#13286);
#11450=PLANE('',#13287);
#11451=PLANE('',#13288);
#11452=PLANE('',#13291);
#11453=PLANE('',#13297);
#11454=PLANE('',#13300);
#11455=PLANE('',#13301);
#11456=PLANE('',#13302);
#11457=PLANE('',#13303);
#11458=PLANE('',#13306);
#11459=PLANE('',#13312);
#11460=PLANE('',#13315);
#11461=PLANE('',#13316);
#11462=PLANE('',#13317);
#11463=PLANE('',#13318);
#11464=PLANE('',#13321);
#11465=PLANE('',#13327);
#11466=PLANE('',#13330);
#11467=PLANE('',#13427);
#11468=PLANE('',#13428);
#11469=PLANE('',#13429);
#11470=PLANE('',#13430);
#11471=PLANE('',#13431);
#11472=PLANE('',#13432);
#11473=PLANE('',#13433);
#11474=PLANE('',#13434);
#11475=PLANE('',#13435);
#11476=PLANE('',#13436);
#11477=PLANE('',#13437);
#11478=PLANE('',#13438);
#11479=PLANE('',#13439);
#11480=PLANE('',#13440);
#11481=PLANE('',#13441);
#11482=PLANE('',#13442);
#11483=ADVANCED_FACE('',(#9969,#9970,#9971,#9972,#9973,#9974,#9975),#11042,
 .F.);
#11484=ADVANCED_FACE('',(#9976,#9977,#9978,#9979),#11043,.F.);
#11485=ADVANCED_FACE('',(#9980,#9981,#9982,#9983,#9984,#9985),#11044,.F.);
#11486=ADVANCED_FACE('',(#9986,#9987,#9988,#9989),#11045,.F.);
#11487=ADVANCED_FACE('',(#9990),#11046,.F.);
#11488=ADVANCED_FACE('',(#9991),#11047,.F.);
#11489=ADVANCED_FACE('',(#9992,#9993),#11048,.T.);
#11490=ADVANCED_FACE('',(#9994),#11049,.F.);
#11491=ADVANCED_FACE('',(#9995,#9996,#9997,#9998,#9999,#10000,#10001,#10002,
#10003,#10004,#10005,#10006,#10007,#10008,#10009,#10010,#10011,#10012,#10013,
#10014,#10015,#10016,#10017,#10018,#10019,#10020,#10021,#10022,#10023,#10024,
#10025,#10026,#10027,#10028,#10029,#10030,#10031,#10032,#10033,#10034,#10035,
#10036,#10037,#10038,#10039,#10040,#10041,#10042,#10043,#10044,#10045,#10046,
#10047,#10048,#10049,#10050,#10051,#10052,#10053,#10054,#10055,#10056,#10057,
#10058,#10059,#10060,#10061),#11050,.F.);
#11492=ADVANCED_FACE('',(#10062,#10063,#10064,#10065,#10066,#10067,#10068,
#10069,#10070,#10071,#10072,#10073,#10074,#10075,#10076,#10077,#10078,#10079,
#10080,#10081,#10082,#10083,#10084,#10085,#10086,#10087,#10088,#10089,#10090,
#10091,#10092,#10093,#10094,#10095,#10096,#10097,#10098,#10099,#10100,#10101,
#10102,#10103,#10104,#10105),#11051,.T.);
#11493=ADVANCED_FACE('',(#10106,#10107),#11052,.F.);
#11494=ADVANCED_FACE('',(#10108,#10109),#11053,.F.);
#11495=ADVANCED_FACE('',(#10110,#10111),#11054,.F.);
#11496=ADVANCED_FACE('',(#10112),#11055,.T.);
#11497=ADVANCED_FACE('',(#10113),#11056,.F.);
#11498=ADVANCED_FACE('',(#10114),#11057,.T.);
#11499=ADVANCED_FACE('',(#10115),#11058,.T.);
#11500=ADVANCED_FACE('',(#10116),#11059,.T.);
#11501=ADVANCED_FACE('',(#10117),#11060,.T.);
#11502=ADVANCED_FACE('',(#10118),#11061,.F.);
#11503=ADVANCED_FACE('',(#10119),#11062,.F.);
#11504=ADVANCED_FACE('',(#10120),#11063,.T.);
#11505=ADVANCED_FACE('',(#10121),#11064,.T.);
#11506=ADVANCED_FACE('',(#10122),#11065,.F.);
#11507=ADVANCED_FACE('',(#10123),#11066,.F.);
#11508=ADVANCED_FACE('',(#10124,#10125),#11067,.T.);
#11509=ADVANCED_FACE('',(#10126,#10127),#112,.F.);
#11510=ADVANCED_FACE('',(#10128),#11068,.T.);
#11511=ADVANCED_FACE('',(#10129),#11069,.F.);
#11512=ADVANCED_FACE('',(#10130),#11070,.T.);
#11513=ADVANCED_FACE('',(#10131),#11071,.T.);
#11514=ADVANCED_FACE('',(#10132),#11072,.T.);
#11515=ADVANCED_FACE('',(#10133),#11073,.T.);
#11516=ADVANCED_FACE('',(#10134),#11074,.F.);
#11517=ADVANCED_FACE('',(#10135),#11075,.F.);
#11518=ADVANCED_FACE('',(#10136),#11076,.T.);
#11519=ADVANCED_FACE('',(#10137),#11077,.T.);
#11520=ADVANCED_FACE('',(#10138),#11078,.F.);
#11521=ADVANCED_FACE('',(#10139),#11079,.F.);
#11522=ADVANCED_FACE('',(#10140,#10141),#11080,.T.);
#11523=ADVANCED_FACE('',(#10142,#10143),#113,.F.);
#11524=ADVANCED_FACE('',(#10144),#11081,.T.);
#11525=ADVANCED_FACE('',(#10145),#11082,.F.);
#11526=ADVANCED_FACE('',(#10146),#11083,.T.);
#11527=ADVANCED_FACE('',(#10147),#11084,.T.);
#11528=ADVANCED_FACE('',(#10148),#11085,.T.);
#11529=ADVANCED_FACE('',(#10149),#11086,.T.);
#11530=ADVANCED_FACE('',(#10150),#11087,.F.);
#11531=ADVANCED_FACE('',(#10151),#11088,.F.);
#11532=ADVANCED_FACE('',(#10152),#11089,.T.);
#11533=ADVANCED_FACE('',(#10153),#11090,.T.);
#11534=ADVANCED_FACE('',(#10154),#11091,.F.);
#11535=ADVANCED_FACE('',(#10155),#11092,.F.);
#11536=ADVANCED_FACE('',(#10156,#10157),#11093,.T.);
#11537=ADVANCED_FACE('',(#10158,#10159),#114,.F.);
#11538=ADVANCED_FACE('',(#10160,#10161),#11094,.F.);
#11539=ADVANCED_FACE('',(#10162,#10163),#81,.F.);
#11540=ADVANCED_FACE('',(#10164,#10165),#82,.F.);
#11541=ADVANCED_FACE('',(#10166,#10167),#115,.F.);
#11542=ADVANCED_FACE('',(#10168,#10169),#11095,.T.);
#11543=ADVANCED_FACE('',(#10170,#10171),#116,.F.);
#11544=ADVANCED_FACE('',(#10172,#10173),#11096,.T.);
#11545=ADVANCED_FACE('',(#10174,#10175),#117,.F.);
#11546=ADVANCED_FACE('',(#10176),#11097,.T.);
#11547=ADVANCED_FACE('',(#10177),#11098,.F.);
#11548=ADVANCED_FACE('',(#10178),#11099,.F.);
#11549=ADVANCED_FACE('',(#10179),#11100,.T.);
#11550=ADVANCED_FACE('',(#10180,#10181),#118,.F.);
#11551=ADVANCED_FACE('',(#10182,#10183),#83,.F.);
#11552=ADVANCED_FACE('',(#10184,#10185),#84,.F.);
#11553=ADVANCED_FACE('',(#10186,#10187),#119,.F.);
#11554=ADVANCED_FACE('',(#10188,#10189),#11101,.T.);
#11555=ADVANCED_FACE('',(#10190,#10191),#120,.F.);
#11556=ADVANCED_FACE('',(#10192,#10193),#11102,.T.);
#11557=ADVANCED_FACE('',(#10194,#10195),#121,.F.);
#11558=ADVANCED_FACE('',(#10196),#11103,.T.);
#11559=ADVANCED_FACE('',(#10197),#11104,.F.);
#11560=ADVANCED_FACE('',(#10198),#11105,.F.);
#11561=ADVANCED_FACE('',(#10199),#11106,.T.);
#11562=ADVANCED_FACE('',(#10200,#10201),#122,.F.);
#11563=ADVANCED_FACE('',(#10202,#10203),#85,.F.);
#11564=ADVANCED_FACE('',(#10204,#10205),#86,.F.);
#11565=ADVANCED_FACE('',(#10206,#10207),#123,.F.);
#11566=ADVANCED_FACE('',(#10208,#10209),#11107,.T.);
#11567=ADVANCED_FACE('',(#10210,#10211),#124,.F.);
#11568=ADVANCED_FACE('',(#10212,#10213),#11108,.T.);
#11569=ADVANCED_FACE('',(#10214,#10215),#125,.F.);
#11570=ADVANCED_FACE('',(#10216),#11109,.T.);
#11571=ADVANCED_FACE('',(#10217),#11110,.F.);
#11572=ADVANCED_FACE('',(#10218),#11111,.F.);
#11573=ADVANCED_FACE('',(#10219),#11112,.T.);
#11574=ADVANCED_FACE('',(#10220,#10221),#126,.F.);
#11575=ADVANCED_FACE('',(#10222,#10223),#87,.F.);
#11576=ADVANCED_FACE('',(#10224,#10225),#88,.F.);
#11577=ADVANCED_FACE('',(#10226,#10227),#127,.F.);
#11578=ADVANCED_FACE('',(#10228,#10229),#11113,.T.);
#11579=ADVANCED_FACE('',(#10230,#10231),#128,.F.);
#11580=ADVANCED_FACE('',(#10232,#10233),#11114,.T.);
#11581=ADVANCED_FACE('',(#10234,#10235),#129,.F.);
#11582=ADVANCED_FACE('',(#10236),#11115,.T.);
#11583=ADVANCED_FACE('',(#10237),#11116,.F.);
#11584=ADVANCED_FACE('',(#10238),#11117,.F.);
#11585=ADVANCED_FACE('',(#10239),#11118,.T.);
#11586=ADVANCED_FACE('',(#10240,#10241),#130,.F.);
#11587=ADVANCED_FACE('',(#10242,#10243),#131,.F.);
#11588=ADVANCED_FACE('',(#10244,#10245),#132,.F.);
#11589=ADVANCED_FACE('',(#10246),#11119,.T.);
#11590=ADVANCED_FACE('',(#10247,#10248),#11120,.T.);
#11591=ADVANCED_FACE('',(#10249),#11121,.T.);
#11592=ADVANCED_FACE('',(#10250,#10251),#11122,.T.);
#11593=ADVANCED_FACE('',(#10252),#11123,.T.);
#11594=ADVANCED_FACE('',(#10253),#133,.T.);
#11595=ADVANCED_FACE('',(#10254),#134,.T.);
#11596=ADVANCED_FACE('',(#10255),#135,.T.);
#11597=ADVANCED_FACE('',(#10256),#136,.T.);
#11598=ADVANCED_FACE('',(#10257,#10258),#137,.F.);
#11599=ADVANCED_FACE('',(#10259,#10260),#11124,.T.);
#11600=ADVANCED_FACE('',(#10261,#10262),#138,.F.);
#11601=ADVANCED_FACE('',(#10263,#10264),#11125,.T.);
#11602=ADVANCED_FACE('',(#10265,#10266),#139,.F.);
#11603=ADVANCED_FACE('',(#10267,#10268),#11126,.T.);
#11604=ADVANCED_FACE('',(#10269,#10270),#140,.F.);
#11605=ADVANCED_FACE('',(#10271,#10272),#11127,.T.);
#11606=ADVANCED_FACE('',(#10273),#141,.F.);
#11607=ADVANCED_FACE('',(#10274),#142,.F.);
#11608=ADVANCED_FACE('',(#10275),#143,.F.);
#11609=ADVANCED_FACE('',(#10276),#144,.F.);
#11610=ADVANCED_FACE('',(#10277,#10278),#145,.T.);
#11611=ADVANCED_FACE('',(#10279,#10280),#11128,.F.);
#11612=ADVANCED_FACE('',(#10281,#10282),#146,.T.);
#11613=ADVANCED_FACE('',(#10283,#10284),#11129,.F.);
#11614=ADVANCED_FACE('',(#10285,#10286),#147,.T.);
#11615=ADVANCED_FACE('',(#10287,#10288),#11130,.F.);
#11616=ADVANCED_FACE('',(#10289,#10290),#148,.T.);
#11617=ADVANCED_FACE('',(#10291,#10292),#11131,.F.);
#11618=ADVANCED_FACE('',(#10293),#11132,.T.);
#11619=ADVANCED_FACE('',(#10294),#11133,.F.);
#11620=ADVANCED_FACE('',(#10295),#11134,.F.);
#11621=ADVANCED_FACE('',(#10296),#11135,.T.);
#11622=ADVANCED_FACE('',(#10297,#10298),#149,.F.);
#11623=ADVANCED_FACE('',(#10299,#10300),#11136,.T.);
#11624=ADVANCED_FACE('',(#10301,#10302),#150,.F.);
#11625=ADVANCED_FACE('',(#10303,#10304),#11137,.T.);
#11626=ADVANCED_FACE('',(#10305,#10306),#89,.F.);
#11627=ADVANCED_FACE('',(#10307,#10308),#90,.F.);
#11628=ADVANCED_FACE('',(#10309,#10310),#151,.F.);
#11629=ADVANCED_FACE('',(#10311),#11138,.T.);
#11630=ADVANCED_FACE('',(#10312),#11139,.T.);
#11631=ADVANCED_FACE('',(#10313),#11140,.F.);
#11632=ADVANCED_FACE('',(#10314),#11141,.T.);
#11633=ADVANCED_FACE('',(#10315),#11142,.T.);
#11634=ADVANCED_FACE('',(#10316),#11143,.F.);
#11635=ADVANCED_FACE('',(#10317),#11144,.F.);
#11636=ADVANCED_FACE('',(#10318),#11145,.F.);
#11637=ADVANCED_FACE('',(#10319,#10320),#11146,.T.);
#11638=ADVANCED_FACE('',(#10321),#11147,.T.);
#11639=ADVANCED_FACE('',(#10322),#11148,.F.);
#11640=ADVANCED_FACE('',(#10323),#11149,.T.);
#11641=ADVANCED_FACE('',(#10324),#11150,.T.);
#11642=ADVANCED_FACE('',(#10325),#11151,.T.);
#11643=ADVANCED_FACE('',(#10326),#11152,.F.);
#11644=ADVANCED_FACE('',(#10327),#11153,.F.);
#11645=ADVANCED_FACE('',(#10328),#11154,.T.);
#11646=ADVANCED_FACE('',(#10329),#11155,.T.);
#11647=ADVANCED_FACE('',(#10330),#11156,.T.);
#11648=ADVANCED_FACE('',(#10331),#11157,.T.);
#11649=ADVANCED_FACE('',(#10332),#11158,.F.);
#11650=ADVANCED_FACE('',(#10333),#11159,.F.);
#11651=ADVANCED_FACE('',(#10334),#11160,.T.);
#11652=ADVANCED_FACE('',(#10335),#11161,.T.);
#11653=ADVANCED_FACE('',(#10336),#11162,.F.);
#11654=ADVANCED_FACE('',(#10337),#11163,.F.);
#11655=ADVANCED_FACE('',(#10338,#10339),#11164,.T.);
#11656=ADVANCED_FACE('',(#10340,#10341),#152,.T.);
#11657=ADVANCED_FACE('',(#10342),#11165,.T.);
#11658=ADVANCED_FACE('',(#10343,#10344),#153,.T.);
#11659=ADVANCED_FACE('',(#10345),#11166,.T.);
#11660=ADVANCED_FACE('',(#10346,#10347),#154,.T.);
#11661=ADVANCED_FACE('',(#10348),#11167,.T.);
#11662=ADVANCED_FACE('',(#10349,#10350),#155,.T.);
#11663=ADVANCED_FACE('',(#10351),#11168,.T.);
#11664=ADVANCED_FACE('',(#10352),#40,.T.);
#11665=ADVANCED_FACE('',(#10353),#156,.T.);
#11666=ADVANCED_FACE('',(#10354),#157,.T.);
#11667=ADVANCED_FACE('',(#10355),#41,.T.);
#11668=ADVANCED_FACE('',(#10356),#42,.T.);
#11669=ADVANCED_FACE('',(#10357),#158,.T.);
#11670=ADVANCED_FACE('',(#10358),#159,.T.);
#11671=ADVANCED_FACE('',(#10359),#43,.T.);
#11672=ADVANCED_FACE('',(#10360),#11169,.T.);
#11673=ADVANCED_FACE('',(#10361),#11170,.F.);
#11674=ADVANCED_FACE('',(#10362),#11171,.F.);
#11675=ADVANCED_FACE('',(#10363),#11172,.T.);
#11676=ADVANCED_FACE('',(#10364),#11173,.T.);
#11677=ADVANCED_FACE('',(#10365),#11174,.T.);
#11678=ADVANCED_FACE('',(#10366),#11175,.T.);
#11679=ADVANCED_FACE('',(#10367),#11176,.F.);
#11680=ADVANCED_FACE('',(#10368),#11177,.F.);
#11681=ADVANCED_FACE('',(#10369),#11178,.T.);
#11682=ADVANCED_FACE('',(#10370),#11179,.T.);
#11683=ADVANCED_FACE('',(#10371),#11180,.F.);
#11684=ADVANCED_FACE('',(#10372),#11181,.F.);
#11685=ADVANCED_FACE('',(#10373,#10374),#11182,.T.);
#11686=ADVANCED_FACE('',(#10375,#10376),#160,.T.);
#11687=ADVANCED_FACE('',(#10377),#11183,.T.);
#11688=ADVANCED_FACE('',(#10378,#10379),#161,.T.);
#11689=ADVANCED_FACE('',(#10380),#11184,.T.);
#11690=ADVANCED_FACE('',(#10381,#10382),#162,.T.);
#11691=ADVANCED_FACE('',(#10383),#11185,.T.);
#11692=ADVANCED_FACE('',(#10384,#10385),#163,.T.);
#11693=ADVANCED_FACE('',(#10386),#11186,.T.);
#11694=ADVANCED_FACE('',(#10387),#44,.T.);
#11695=ADVANCED_FACE('',(#10388),#164,.T.);
#11696=ADVANCED_FACE('',(#10389),#165,.T.);
#11697=ADVANCED_FACE('',(#10390),#45,.T.);
#11698=ADVANCED_FACE('',(#10391),#46,.T.);
#11699=ADVANCED_FACE('',(#10392),#166,.T.);
#11700=ADVANCED_FACE('',(#10393),#167,.T.);
#11701=ADVANCED_FACE('',(#10394),#47,.T.);
#11702=ADVANCED_FACE('',(#10395),#11187,.T.);
#11703=ADVANCED_FACE('',(#10396),#11188,.F.);
#11704=ADVANCED_FACE('',(#10397),#11189,.F.);
#11705=ADVANCED_FACE('',(#10398),#11190,.T.);
#11706=ADVANCED_FACE('',(#10399),#11191,.T.);
#11707=ADVANCED_FACE('',(#10400),#11192,.T.);
#11708=ADVANCED_FACE('',(#10401),#11193,.T.);
#11709=ADVANCED_FACE('',(#10402),#11194,.F.);
#11710=ADVANCED_FACE('',(#10403),#11195,.F.);
#11711=ADVANCED_FACE('',(#10404),#11196,.T.);
#11712=ADVANCED_FACE('',(#10405),#11197,.T.);
#11713=ADVANCED_FACE('',(#10406),#11198,.F.);
#11714=ADVANCED_FACE('',(#10407),#11199,.F.);
#11715=ADVANCED_FACE('',(#10408,#10409),#11200,.T.);
#11716=ADVANCED_FACE('',(#10410,#10411),#168,.T.);
#11717=ADVANCED_FACE('',(#10412),#11201,.T.);
#11718=ADVANCED_FACE('',(#10413,#10414),#169,.T.);
#11719=ADVANCED_FACE('',(#10415),#11202,.T.);
#11720=ADVANCED_FACE('',(#10416,#10417),#170,.T.);
#11721=ADVANCED_FACE('',(#10418),#11203,.T.);
#11722=ADVANCED_FACE('',(#10419,#10420),#171,.T.);
#11723=ADVANCED_FACE('',(#10421),#11204,.T.);
#11724=ADVANCED_FACE('',(#10422),#48,.T.);
#11725=ADVANCED_FACE('',(#10423),#172,.T.);
#11726=ADVANCED_FACE('',(#10424),#173,.T.);
#11727=ADVANCED_FACE('',(#10425),#49,.T.);
#11728=ADVANCED_FACE('',(#10426),#50,.T.);
#11729=ADVANCED_FACE('',(#10427),#174,.T.);
#11730=ADVANCED_FACE('',(#10428),#175,.T.);
#11731=ADVANCED_FACE('',(#10429),#51,.T.);
#11732=ADVANCED_FACE('',(#10430),#11205,.T.);
#11733=ADVANCED_FACE('',(#10431),#11206,.F.);
#11734=ADVANCED_FACE('',(#10432),#11207,.F.);
#11735=ADVANCED_FACE('',(#10433),#11208,.T.);
#11736=ADVANCED_FACE('',(#10434),#11209,.T.);
#11737=ADVANCED_FACE('',(#10435),#11210,.T.);
#11738=ADVANCED_FACE('',(#10436),#11211,.T.);
#11739=ADVANCED_FACE('',(#10437),#11212,.F.);
#11740=ADVANCED_FACE('',(#10438),#11213,.F.);
#11741=ADVANCED_FACE('',(#10439),#11214,.T.);
#11742=ADVANCED_FACE('',(#10440),#11215,.T.);
#11743=ADVANCED_FACE('',(#10441),#11216,.F.);
#11744=ADVANCED_FACE('',(#10442),#11217,.F.);
#11745=ADVANCED_FACE('',(#10443,#10444),#11218,.T.);
#11746=ADVANCED_FACE('',(#10445,#10446),#176,.T.);
#11747=ADVANCED_FACE('',(#10447),#11219,.T.);
#11748=ADVANCED_FACE('',(#10448,#10449),#177,.T.);
#11749=ADVANCED_FACE('',(#10450),#11220,.T.);
#11750=ADVANCED_FACE('',(#10451,#10452),#178,.T.);
#11751=ADVANCED_FACE('',(#10453),#11221,.T.);
#11752=ADVANCED_FACE('',(#10454,#10455),#179,.T.);
#11753=ADVANCED_FACE('',(#10456),#11222,.T.);
#11754=ADVANCED_FACE('',(#10457),#52,.T.);
#11755=ADVANCED_FACE('',(#10458),#180,.T.);
#11756=ADVANCED_FACE('',(#10459),#181,.T.);
#11757=ADVANCED_FACE('',(#10460),#53,.T.);
#11758=ADVANCED_FACE('',(#10461),#54,.T.);
#11759=ADVANCED_FACE('',(#10462),#182,.T.);
#11760=ADVANCED_FACE('',(#10463),#183,.T.);
#11761=ADVANCED_FACE('',(#10464),#55,.T.);
#11762=ADVANCED_FACE('',(#10465),#11223,.F.);
#11763=ADVANCED_FACE('',(#10466),#11224,.F.);
#11764=ADVANCED_FACE('',(#10467),#11225,.T.);
#11765=ADVANCED_FACE('',(#10468),#11226,.T.);
#11766=ADVANCED_FACE('',(#10469),#11227,.T.);
#11767=ADVANCED_FACE('',(#10470),#11228,.F.);
#11768=ADVANCED_FACE('',(#10471),#11229,.F.);
#11769=ADVANCED_FACE('',(#10472),#11230,.T.);
#11770=ADVANCED_FACE('',(#10473),#11231,.T.);
#11771=ADVANCED_FACE('',(#10474),#11232,.T.);
#11772=ADVANCED_FACE('',(#10475),#11233,.F.);
#11773=ADVANCED_FACE('',(#10476),#11234,.F.);
#11774=ADVANCED_FACE('',(#10477),#11235,.T.);
#11775=ADVANCED_FACE('',(#10478),#11236,.F.);
#11776=ADVANCED_FACE('',(#10479),#11237,.F.);
#11777=ADVANCED_FACE('',(#10480),#11238,.T.);
#11778=ADVANCED_FACE('',(#10481),#11239,.T.);
#11779=ADVANCED_FACE('',(#10482),#11240,.T.);
#11780=ADVANCED_FACE('',(#10483),#11241,.F.);
#11781=ADVANCED_FACE('',(#10484),#11242,.F.);
#11782=ADVANCED_FACE('',(#10485),#11243,.T.);
#11783=ADVANCED_FACE('',(#10486),#11244,.F.);
#11784=ADVANCED_FACE('',(#10487),#11245,.F.);
#11785=ADVANCED_FACE('',(#10488),#11246,.T.);
#11786=ADVANCED_FACE('',(#10489),#11247,.T.);
#11787=ADVANCED_FACE('',(#10490),#11248,.T.);
#11788=ADVANCED_FACE('',(#10491),#11249,.F.);
#11789=ADVANCED_FACE('',(#10492),#11250,.F.);
#11790=ADVANCED_FACE('',(#10493),#11251,.T.);
#11791=ADVANCED_FACE('',(#10494),#11252,.T.);
#11792=ADVANCED_FACE('',(#10495),#11253,.F.);
#11793=ADVANCED_FACE('',(#10496),#11254,.F.);
#11794=ADVANCED_FACE('',(#10497),#11255,.T.);
#11795=ADVANCED_FACE('',(#10498),#11256,.F.);
#11796=ADVANCED_FACE('',(#10499),#11257,.F.);
#11797=ADVANCED_FACE('',(#10500),#11258,.T.);
#11798=ADVANCED_FACE('',(#10501),#11259,.T.);
#11799=ADVANCED_FACE('',(#10502),#11260,.F.);
#11800=ADVANCED_FACE('',(#10503),#11261,.T.);
#11801=ADVANCED_FACE('',(#10504),#11262,.F.);
#11802=ADVANCED_FACE('',(#10505),#11263,.F.);
#11803=ADVANCED_FACE('',(#10506),#11264,.F.);
#11804=ADVANCED_FACE('',(#10507),#11265,.F.);
#11805=ADVANCED_FACE('',(#10508),#11266,.T.);
#11806=ADVANCED_FACE('',(#10509),#11267,.F.);
#11807=ADVANCED_FACE('',(#10510),#11268,.T.);
#11808=ADVANCED_FACE('',(#10511),#11269,.T.);
#11809=ADVANCED_FACE('',(#10512),#11270,.T.);
#11810=ADVANCED_FACE('',(#10513),#11271,.F.);
#11811=ADVANCED_FACE('',(#10514),#11272,.T.);
#11812=ADVANCED_FACE('',(#10515),#11273,.T.);
#11813=ADVANCED_FACE('',(#10516),#11274,.F.);
#11814=ADVANCED_FACE('',(#10517),#11275,.T.);
#11815=ADVANCED_FACE('',(#10518),#11276,.T.);
#11816=ADVANCED_FACE('',(#10519),#11277,.T.);
#11817=ADVANCED_FACE('',(#10520),#11278,.F.);
#11818=ADVANCED_FACE('',(#10521),#11279,.T.);
#11819=ADVANCED_FACE('',(#10522),#11280,.T.);
#11820=ADVANCED_FACE('',(#10523),#11281,.F.);
#11821=ADVANCED_FACE('',(#10524),#11282,.F.);
#11822=ADVANCED_FACE('',(#10525),#11283,.T.);
#11823=ADVANCED_FACE('',(#10526),#11284,.T.);
#11824=ADVANCED_FACE('',(#10527),#11285,.F.);
#11825=ADVANCED_FACE('',(#10528),#11286,.F.);
#11826=ADVANCED_FACE('',(#10529),#11287,.T.);
#11827=ADVANCED_FACE('',(#10530),#11288,.T.);
#11828=ADVANCED_FACE('',(#10531),#11289,.F.);
#11829=ADVANCED_FACE('',(#10532),#11290,.F.);
#11830=ADVANCED_FACE('',(#10533),#11291,.F.);
#11831=ADVANCED_FACE('',(#10534),#11292,.T.);
#11832=ADVANCED_FACE('',(#10535),#11293,.T.);
#11833=ADVANCED_FACE('',(#10536),#11294,.F.);
#11834=ADVANCED_FACE('',(#10537),#11295,.T.);
#11835=ADVANCED_FACE('',(#10538),#11296,.F.);
#11836=ADVANCED_FACE('',(#10539),#11297,.F.);
#11837=ADVANCED_FACE('',(#10540),#11298,.T.);
#11838=ADVANCED_FACE('',(#10541),#11299,.T.);
#11839=ADVANCED_FACE('',(#10542),#11300,.F.);
#11840=ADVANCED_FACE('',(#10543),#11301,.F.);
#11841=ADVANCED_FACE('',(#10544),#11302,.T.);
#11842=ADVANCED_FACE('',(#10545),#11303,.T.);
#11843=ADVANCED_FACE('',(#10546),#11304,.F.);
#11844=ADVANCED_FACE('',(#10547),#11305,.F.);
#11845=ADVANCED_FACE('',(#10548),#11306,.T.);
#11846=ADVANCED_FACE('',(#10549),#11307,.T.);
#11847=ADVANCED_FACE('',(#10550),#11308,.F.);
#11848=ADVANCED_FACE('',(#10551),#11309,.F.);
#11849=ADVANCED_FACE('',(#10552),#11310,.T.);
#11850=ADVANCED_FACE('',(#10553),#11311,.T.);
#11851=ADVANCED_FACE('',(#10554),#11312,.F.);
#11852=ADVANCED_FACE('',(#10555),#11313,.F.);
#11853=ADVANCED_FACE('',(#10556),#11314,.T.);
#11854=ADVANCED_FACE('',(#10557,#10558),#184,.F.);
#11855=ADVANCED_FACE('',(#10559,#10560),#185,.T.);
#11856=ADVANCED_FACE('',(#10561,#10562),#11315,.T.);
#11857=ADVANCED_FACE('',(#10563),#11316,.F.);
#11858=ADVANCED_FACE('',(#10564,#10565),#56,.F.);
#11859=ADVANCED_FACE('',(#10566,#10567),#91,.F.);
#11860=ADVANCED_FACE('',(#10568,#10569),#186,.F.);
#11861=ADVANCED_FACE('',(#10570,#10571),#187,.T.);
#11862=ADVANCED_FACE('',(#10572,#10573),#11317,.T.);
#11863=ADVANCED_FACE('',(#10574),#11318,.F.);
#11864=ADVANCED_FACE('',(#10575,#10576),#57,.F.);
#11865=ADVANCED_FACE('',(#10577,#10578),#92,.F.);
#11866=ADVANCED_FACE('',(#10579,#10580),#188,.F.);
#11867=ADVANCED_FACE('',(#10581,#10582),#189,.T.);
#11868=ADVANCED_FACE('',(#10583,#10584),#11319,.T.);
#11869=ADVANCED_FACE('',(#10585),#11320,.F.);
#11870=ADVANCED_FACE('',(#10586,#10587),#58,.F.);
#11871=ADVANCED_FACE('',(#10588,#10589),#93,.F.);
#11872=ADVANCED_FACE('',(#10590,#10591),#190,.F.);
#11873=ADVANCED_FACE('',(#10592,#10593),#191,.T.);
#11874=ADVANCED_FACE('',(#10594,#10595),#11321,.T.);
#11875=ADVANCED_FACE('',(#10596),#11322,.F.);
#11876=ADVANCED_FACE('',(#10597,#10598),#59,.F.);
#11877=ADVANCED_FACE('',(#10599,#10600),#94,.F.);
#11878=ADVANCED_FACE('',(#10601,#10602),#192,.F.);
#11879=ADVANCED_FACE('',(#10603,#10604),#193,.T.);
#11880=ADVANCED_FACE('',(#10605,#10606),#11323,.T.);
#11881=ADVANCED_FACE('',(#10607),#11324,.F.);
#11882=ADVANCED_FACE('',(#10608,#10609),#60,.F.);
#11883=ADVANCED_FACE('',(#10610,#10611),#95,.F.);
#11884=ADVANCED_FACE('',(#10612,#10613),#194,.F.);
#11885=ADVANCED_FACE('',(#10614,#10615),#195,.T.);
#11886=ADVANCED_FACE('',(#10616,#10617),#11325,.T.);
#11887=ADVANCED_FACE('',(#10618),#11326,.F.);
#11888=ADVANCED_FACE('',(#10619,#10620),#61,.F.);
#11889=ADVANCED_FACE('',(#10621,#10622),#96,.F.);
#11890=ADVANCED_FACE('',(#10623,#10624),#196,.F.);
#11891=ADVANCED_FACE('',(#10625,#10626),#197,.T.);
#11892=ADVANCED_FACE('',(#10627,#10628),#11327,.T.);
#11893=ADVANCED_FACE('',(#10629),#11328,.F.);
#11894=ADVANCED_FACE('',(#10630,#10631),#62,.F.);
#11895=ADVANCED_FACE('',(#10632,#10633),#97,.F.);
#11896=ADVANCED_FACE('',(#10634,#10635),#198,.F.);
#11897=ADVANCED_FACE('',(#10636,#10637),#199,.T.);
#11898=ADVANCED_FACE('',(#10638,#10639),#11329,.T.);
#11899=ADVANCED_FACE('',(#10640),#11330,.F.);
#11900=ADVANCED_FACE('',(#10641,#10642),#63,.F.);
#11901=ADVANCED_FACE('',(#10643,#10644),#98,.F.);
#11902=ADVANCED_FACE('',(#10645,#10646),#200,.F.);
#11903=ADVANCED_FACE('',(#10647,#10648),#201,.T.);
#11904=ADVANCED_FACE('',(#10649,#10650),#11331,.T.);
#11905=ADVANCED_FACE('',(#10651),#11332,.F.);
#11906=ADVANCED_FACE('',(#10652,#10653),#64,.F.);
#11907=ADVANCED_FACE('',(#10654,#10655),#99,.F.);
#11908=ADVANCED_FACE('',(#10656,#10657),#202,.F.);
#11909=ADVANCED_FACE('',(#10658,#10659),#203,.T.);
#11910=ADVANCED_FACE('',(#10660,#10661),#11333,.T.);
#11911=ADVANCED_FACE('',(#10662),#11334,.F.);
#11912=ADVANCED_FACE('',(#10663,#10664),#65,.F.);
#11913=ADVANCED_FACE('',(#10665,#10666),#100,.F.);
#11914=ADVANCED_FACE('',(#10667,#10668),#204,.F.);
#11915=ADVANCED_FACE('',(#10669,#10670),#205,.T.);
#11916=ADVANCED_FACE('',(#10671,#10672),#11335,.T.);
#11917=ADVANCED_FACE('',(#10673),#11336,.F.);
#11918=ADVANCED_FACE('',(#10674,#10675),#66,.F.);
#11919=ADVANCED_FACE('',(#10676,#10677),#101,.F.);
#11920=ADVANCED_FACE('',(#10678,#10679),#206,.F.);
#11921=ADVANCED_FACE('',(#10680,#10681),#207,.T.);
#11922=ADVANCED_FACE('',(#10682,#10683),#11337,.T.);
#11923=ADVANCED_FACE('',(#10684),#11338,.F.);
#11924=ADVANCED_FACE('',(#10685,#10686),#67,.F.);
#11925=ADVANCED_FACE('',(#10687,#10688),#102,.F.);
#11926=ADVANCED_FACE('',(#10689,#10690),#208,.F.);
#11927=ADVANCED_FACE('',(#10691,#10692),#209,.T.);
#11928=ADVANCED_FACE('',(#10693,#10694),#11339,.T.);
#11929=ADVANCED_FACE('',(#10695),#11340,.F.);
#11930=ADVANCED_FACE('',(#10696,#10697),#68,.F.);
#11931=ADVANCED_FACE('',(#10698,#10699),#103,.F.);
#11932=ADVANCED_FACE('',(#10700,#10701),#210,.F.);
#11933=ADVANCED_FACE('',(#10702,#10703),#211,.T.);
#11934=ADVANCED_FACE('',(#10704,#10705),#11341,.T.);
#11935=ADVANCED_FACE('',(#10706),#11342,.F.);
#11936=ADVANCED_FACE('',(#10707,#10708),#69,.F.);
#11937=ADVANCED_FACE('',(#10709,#10710),#104,.F.);
#11938=ADVANCED_FACE('',(#10711,#10712),#212,.F.);
#11939=ADVANCED_FACE('',(#10713,#10714),#213,.T.);
#11940=ADVANCED_FACE('',(#10715,#10716),#11343,.T.);
#11941=ADVANCED_FACE('',(#10717),#11344,.F.);
#11942=ADVANCED_FACE('',(#10718,#10719),#70,.F.);
#11943=ADVANCED_FACE('',(#10720,#10721),#105,.F.);
#11944=ADVANCED_FACE('',(#10722,#10723),#214,.F.);
#11945=ADVANCED_FACE('',(#10724,#10725),#215,.T.);
#11946=ADVANCED_FACE('',(#10726,#10727),#11345,.T.);
#11947=ADVANCED_FACE('',(#10728),#11346,.F.);
#11948=ADVANCED_FACE('',(#10729,#10730),#71,.F.);
#11949=ADVANCED_FACE('',(#10731,#10732),#106,.F.);
#11950=ADVANCED_FACE('',(#10733,#10734),#216,.F.);
#11951=ADVANCED_FACE('',(#10735,#10736),#217,.T.);
#11952=ADVANCED_FACE('',(#10737,#10738),#11347,.T.);
#11953=ADVANCED_FACE('',(#10739),#11348,.F.);
#11954=ADVANCED_FACE('',(#10740,#10741),#72,.F.);
#11955=ADVANCED_FACE('',(#10742,#10743),#107,.F.);
#11956=ADVANCED_FACE('',(#10744,#10745),#218,.F.);
#11957=ADVANCED_FACE('',(#10746,#10747),#219,.T.);
#11958=ADVANCED_FACE('',(#10748,#10749),#11349,.T.);
#11959=ADVANCED_FACE('',(#10750),#11350,.F.);
#11960=ADVANCED_FACE('',(#10751,#10752),#73,.F.);
#11961=ADVANCED_FACE('',(#10753,#10754),#108,.F.);
#11962=ADVANCED_FACE('',(#10755,#10756),#220,.F.);
#11963=ADVANCED_FACE('',(#10757,#10758),#221,.T.);
#11964=ADVANCED_FACE('',(#10759,#10760),#11351,.T.);
#11965=ADVANCED_FACE('',(#10761),#11352,.F.);
#11966=ADVANCED_FACE('',(#10762,#10763),#74,.F.);
#11967=ADVANCED_FACE('',(#10764,#10765),#109,.F.);
#11968=ADVANCED_FACE('',(#10766,#10767),#222,.T.);
#11969=ADVANCED_FACE('',(#10768,#10769),#11353,.T.);
#11970=ADVANCED_FACE('',(#10770,#10771),#75,.F.);
#11971=ADVANCED_FACE('',(#10772),#11354,.F.);
#11972=ADVANCED_FACE('',(#10773,#10774),#223,.F.);
#11973=ADVANCED_FACE('',(#10775,#10776),#110,.F.);
#11974=ADVANCED_FACE('',(#10777,#10778),#224,.F.);
#11975=ADVANCED_FACE('',(#10779,#10780),#225,.T.);
#11976=ADVANCED_FACE('',(#10781,#10782),#11355,.T.);
#11977=ADVANCED_FACE('',(#10783),#11356,.F.);
#11978=ADVANCED_FACE('',(#10784,#10785),#76,.F.);
#11979=ADVANCED_FACE('',(#10786,#10787),#111,.F.);
#11980=ADVANCED_FACE('',(#10788),#11357,.F.);
#11981=ADVANCED_FACE('',(#10789),#11358,.T.);
#11982=ADVANCED_FACE('',(#10790),#11359,.T.);
#11983=ADVANCED_FACE('',(#10791),#11360,.F.);
#11984=ADVANCED_FACE('',(#10792),#226,.F.);
#11985=ADVANCED_FACE('',(#10793),#227,.F.);
#11986=ADVANCED_FACE('',(#10794),#228,.F.);
#11987=ADVANCED_FACE('',(#10795),#229,.F.);
#11988=ADVANCED_FACE('',(#10796),#11361,.T.);
#11989=ADVANCED_FACE('',(#10797),#11362,.F.);
#11990=ADVANCED_FACE('',(#10798),#11363,.F.);
#11991=ADVANCED_FACE('',(#10799),#11364,.T.);
#11992=ADVANCED_FACE('',(#10800),#230,.F.);
#11993=ADVANCED_FACE('',(#10801),#231,.F.);
#11994=ADVANCED_FACE('',(#10802),#232,.F.);
#11995=ADVANCED_FACE('',(#10803),#233,.F.);
#11996=ADVANCED_FACE('',(#10804),#77,.F.);
#11997=ADVANCED_FACE('',(#10805),#234,.F.);
#11998=ADVANCED_FACE('',(#10806),#235,.F.);
#11999=ADVANCED_FACE('',(#10807),#78,.F.);
#12000=ADVANCED_FACE('',(#10808),#79,.F.);
#12001=ADVANCED_FACE('',(#10809),#236,.F.);
#12002=ADVANCED_FACE('',(#10810),#237,.F.);
#12003=ADVANCED_FACE('',(#10811),#80,.F.);
#12004=ADVANCED_FACE('',(#10812),#11365,.F.);
#12005=ADVANCED_FACE('',(#10813),#11366,.F.);
#12006=ADVANCED_FACE('',(#10814),#11367,.T.);
#12007=ADVANCED_FACE('',(#10815),#11368,.F.);
#12008=ADVANCED_FACE('',(#10816),#11369,.F.);
#12009=ADVANCED_FACE('',(#10817),#11370,.F.);
#12010=ADVANCED_FACE('',(#10818),#11371,.T.);
#12011=ADVANCED_FACE('',(#10819),#11372,.F.);
#12012=ADVANCED_FACE('',(#10820),#11373,.F.);
#12013=ADVANCED_FACE('',(#10821,#10822),#11374,.T.);
#12014=ADVANCED_FACE('',(#10823),#11375,.T.);
#12015=ADVANCED_FACE('',(#10824,#10825),#238,.F.);
#12016=ADVANCED_FACE('',(#10826),#11376,.T.);
#12017=ADVANCED_FACE('',(#10827),#11377,.T.);
#12018=ADVANCED_FACE('',(#10828),#11378,.F.);
#12019=ADVANCED_FACE('',(#10829),#11379,.F.);
#12020=ADVANCED_FACE('',(#10830,#10831),#11380,.T.);
#12021=ADVANCED_FACE('',(#10832),#11381,.T.);
#12022=ADVANCED_FACE('',(#10833,#10834),#239,.F.);
#12023=ADVANCED_FACE('',(#10835),#11382,.T.);
#12024=ADVANCED_FACE('',(#10836),#11383,.F.);
#12025=ADVANCED_FACE('',(#10837),#11384,.T.);
#12026=ADVANCED_FACE('',(#10838),#11385,.F.);
#12027=ADVANCED_FACE('',(#10839,#10840),#11386,.T.);
#12028=ADVANCED_FACE('',(#10841),#11387,.T.);
#12029=ADVANCED_FACE('',(#10842,#10843),#240,.F.);
#12030=ADVANCED_FACE('',(#10844),#11388,.T.);
#12031=ADVANCED_FACE('',(#10845),#11389,.T.);
#12032=ADVANCED_FACE('',(#10846),#11390,.F.);
#12033=ADVANCED_FACE('',(#10847),#11391,.F.);
#12034=ADVANCED_FACE('',(#10848,#10849),#11392,.T.);
#12035=ADVANCED_FACE('',(#10850),#11393,.F.);
#12036=ADVANCED_FACE('',(#10851,#10852),#241,.F.);
#12037=ADVANCED_FACE('',(#10853),#11394,.T.);
#12038=ADVANCED_FACE('',(#10854),#11395,.T.);
#12039=ADVANCED_FACE('',(#10855),#11396,.F.);
#12040=ADVANCED_FACE('',(#10856),#11397,.F.);
#12041=ADVANCED_FACE('',(#10857,#10858),#11398,.T.);
#12042=ADVANCED_FACE('',(#10859),#11399,.F.);
#12043=ADVANCED_FACE('',(#10860,#10861),#242,.F.);
#12044=ADVANCED_FACE('',(#10862),#11400,.T.);
#12045=ADVANCED_FACE('',(#10863),#11401,.F.);
#12046=ADVANCED_FACE('',(#10864),#11402,.T.);
#12047=ADVANCED_FACE('',(#10865),#11403,.F.);
#12048=ADVANCED_FACE('',(#10866,#10867),#11404,.T.);
#12049=ADVANCED_FACE('',(#10868),#11405,.T.);
#12050=ADVANCED_FACE('',(#10869,#10870),#243,.F.);
#12051=ADVANCED_FACE('',(#10871),#11406,.T.);
#12052=ADVANCED_FACE('',(#10872),#11407,.F.);
#12053=ADVANCED_FACE('',(#10873),#11408,.T.);
#12054=ADVANCED_FACE('',(#10874),#11409,.F.);
#12055=ADVANCED_FACE('',(#10875,#10876),#11410,.T.);
#12056=ADVANCED_FACE('',(#10877),#11411,.T.);
#12057=ADVANCED_FACE('',(#10878,#10879),#244,.F.);
#12058=ADVANCED_FACE('',(#10880),#11412,.T.);
#12059=ADVANCED_FACE('',(#10881),#11413,.T.);
#12060=ADVANCED_FACE('',(#10882),#11414,.F.);
#12061=ADVANCED_FACE('',(#10883),#11415,.F.);
#12062=ADVANCED_FACE('',(#10884,#10885),#11416,.T.);
#12063=ADVANCED_FACE('',(#10886),#11417,.T.);
#12064=ADVANCED_FACE('',(#10887,#10888),#245,.F.);
#12065=ADVANCED_FACE('',(#10889),#11418,.T.);
#12066=ADVANCED_FACE('',(#10890),#11419,.T.);
#12067=ADVANCED_FACE('',(#10891),#11420,.F.);
#12068=ADVANCED_FACE('',(#10892),#11421,.F.);
#12069=ADVANCED_FACE('',(#10893,#10894),#11422,.T.);
#12070=ADVANCED_FACE('',(#10895),#11423,.F.);
#12071=ADVANCED_FACE('',(#10896,#10897),#246,.F.);
#12072=ADVANCED_FACE('',(#10898),#11424,.T.);
#12073=ADVANCED_FACE('',(#10899),#11425,.T.);
#12074=ADVANCED_FACE('',(#10900),#11426,.F.);
#12075=ADVANCED_FACE('',(#10901),#11427,.F.);
#12076=ADVANCED_FACE('',(#10902,#10903),#11428,.T.);
#12077=ADVANCED_FACE('',(#10904),#11429,.F.);
#12078=ADVANCED_FACE('',(#10905,#10906),#247,.F.);
#12079=ADVANCED_FACE('',(#10907),#11430,.T.);
#12080=ADVANCED_FACE('',(#10908),#11431,.T.);
#12081=ADVANCED_FACE('',(#10909),#11432,.F.);
#12082=ADVANCED_FACE('',(#10910),#11433,.F.);
#12083=ADVANCED_FACE('',(#10911,#10912),#11434,.T.);
#12084=ADVANCED_FACE('',(#10913),#11435,.F.);
#12085=ADVANCED_FACE('',(#10914,#10915),#248,.F.);
#12086=ADVANCED_FACE('',(#10916),#11436,.T.);
#12087=ADVANCED_FACE('',(#10917),#11437,.F.);
#12088=ADVANCED_FACE('',(#10918),#11438,.T.);
#12089=ADVANCED_FACE('',(#10919),#11439,.F.);
#12090=ADVANCED_FACE('',(#10920,#10921),#11440,.T.);
#12091=ADVANCED_FACE('',(#10922),#11441,.F.);
#12092=ADVANCED_FACE('',(#10923,#10924),#249,.F.);
#12093=ADVANCED_FACE('',(#10925),#11442,.T.);
#12094=ADVANCED_FACE('',(#10926),#11443,.F.);
#12095=ADVANCED_FACE('',(#10927),#11444,.T.);
#12096=ADVANCED_FACE('',(#10928),#11445,.F.);
#12097=ADVANCED_FACE('',(#10929,#10930),#11446,.T.);
#12098=ADVANCED_FACE('',(#10931),#11447,.F.);
#12099=ADVANCED_FACE('',(#10932,#10933),#250,.F.);
#12100=ADVANCED_FACE('',(#10934),#11448,.T.);
#12101=ADVANCED_FACE('',(#10935),#11449,.T.);
#12102=ADVANCED_FACE('',(#10936),#11450,.F.);
#12103=ADVANCED_FACE('',(#10937),#11451,.F.);
#12104=ADVANCED_FACE('',(#10938,#10939),#11452,.T.);
#12105=ADVANCED_FACE('',(#10940),#11453,.T.);
#12106=ADVANCED_FACE('',(#10941,#10942),#251,.F.);
#12107=ADVANCED_FACE('',(#10943),#11454,.T.);
#12108=ADVANCED_FACE('',(#10944),#11455,.F.);
#12109=ADVANCED_FACE('',(#10945),#11456,.T.);
#12110=ADVANCED_FACE('',(#10946),#11457,.F.);
#12111=ADVANCED_FACE('',(#10947,#10948),#11458,.T.);
#12112=ADVANCED_FACE('',(#10949),#11459,.F.);
#12113=ADVANCED_FACE('',(#10950,#10951),#252,.F.);
#12114=ADVANCED_FACE('',(#10952),#11460,.T.);
#12115=ADVANCED_FACE('',(#10953),#11461,.T.);
#12116=ADVANCED_FACE('',(#10954),#11462,.F.);
#12117=ADVANCED_FACE('',(#10955),#11463,.F.);
#12118=ADVANCED_FACE('',(#10956,#10957),#11464,.T.);
#12119=ADVANCED_FACE('',(#10958),#11465,.T.);
#12120=ADVANCED_FACE('',(#10959,#10960),#253,.F.);
#12121=ADVANCED_FACE('',(#10961),#11466,.T.);
#12122=ADVANCED_FACE('',(#10962),#254,.F.);
#12123=ADVANCED_FACE('',(#10963),#255,.T.);
#12124=ADVANCED_FACE('',(#10964),#256,.T.);
#12125=ADVANCED_FACE('',(#10965),#257,.F.);
#12126=ADVANCED_FACE('',(#10966),#258,.F.);
#12127=ADVANCED_FACE('',(#10967),#259,.T.);
#12128=ADVANCED_FACE('',(#10968),#260,.T.);
#12129=ADVANCED_FACE('',(#10969),#261,.F.);
#12130=ADVANCED_FACE('',(#10970),#262,.F.);
#12131=ADVANCED_FACE('',(#10971),#263,.T.);
#12132=ADVANCED_FACE('',(#10972),#264,.F.);
#12133=ADVANCED_FACE('',(#10973),#265,.T.);
#12134=ADVANCED_FACE('',(#10974),#266,.T.);
#12135=ADVANCED_FACE('',(#10975),#267,.F.);
#12136=ADVANCED_FACE('',(#10976),#268,.F.);
#12137=ADVANCED_FACE('',(#10977),#269,.T.);
#12138=ADVANCED_FACE('',(#10978),#270,.F.);
#12139=ADVANCED_FACE('',(#10979),#271,.T.);
#12140=ADVANCED_FACE('',(#10980),#272,.F.);
#12141=ADVANCED_FACE('',(#10981),#273,.T.);
#12142=ADVANCED_FACE('',(#10982),#274,.T.);
#12143=ADVANCED_FACE('',(#10983),#275,.F.);
#12144=ADVANCED_FACE('',(#10984),#276,.F.);
#12145=ADVANCED_FACE('',(#10985),#277,.T.);
#12146=ADVANCED_FACE('',(#10986),#278,.F.);
#12147=ADVANCED_FACE('',(#10987),#279,.F.);
#12148=ADVANCED_FACE('',(#10988),#280,.T.);
#12149=ADVANCED_FACE('',(#10989),#281,.T.);
#12150=ADVANCED_FACE('',(#10990),#282,.F.);
#12151=ADVANCED_FACE('',(#10991),#283,.T.);
#12152=ADVANCED_FACE('',(#10992),#284,.F.);
#12153=ADVANCED_FACE('',(#10993),#285,.T.);
#12154=ADVANCED_FACE('',(#10994),#286,.T.);
#12155=ADVANCED_FACE('',(#10995),#287,.F.);
#12156=ADVANCED_FACE('',(#10996),#288,.T.);
#12157=ADVANCED_FACE('',(#10997),#289,.F.);
#12158=ADVANCED_FACE('',(#10998),#290,.F.);
#12159=ADVANCED_FACE('',(#10999),#291,.F.);
#12160=ADVANCED_FACE('',(#11000),#292,.T.);
#12161=ADVANCED_FACE('',(#11001),#293,.T.);
#12162=ADVANCED_FACE('',(#11002),#294,.F.);
#12163=ADVANCED_FACE('',(#11003),#295,.F.);
#12164=ADVANCED_FACE('',(#11004),#296,.F.);
#12165=ADVANCED_FACE('',(#11005),#297,.T.);
#12166=ADVANCED_FACE('',(#11006),#298,.T.);
#12167=ADVANCED_FACE('',(#11007),#299,.F.);
#12168=ADVANCED_FACE('',(#11008),#300,.T.);
#12169=ADVANCED_FACE('',(#11009),#301,.T.);
#12170=ADVANCED_FACE('',(#11010),#302,.F.);
#12171=ADVANCED_FACE('',(#11011),#303,.T.);
#12172=ADVANCED_FACE('',(#11012),#304,.T.);
#12173=ADVANCED_FACE('',(#11013),#305,.F.);
#12174=ADVANCED_FACE('',(#11014),#306,.F.);
#12175=ADVANCED_FACE('',(#11015),#307,.F.);
#12176=ADVANCED_FACE('',(#11016),#308,.T.);
#12177=ADVANCED_FACE('',(#11017),#309,.T.);
#12178=ADVANCED_FACE('',(#11018),#310,.T.);
#12179=ADVANCED_FACE('',(#11019),#311,.T.);
#12180=ADVANCED_FACE('',(#11020),#312,.F.);
#12181=ADVANCED_FACE('',(#11021),#313,.F.);
#12182=ADVANCED_FACE('',(#11022),#314,.T.);
#12183=ADVANCED_FACE('',(#11023),#315,.T.);
#12184=ADVANCED_FACE('',(#11024),#316,.F.);
#12185=ADVANCED_FACE('',(#11025),#317,.F.);
#12186=ADVANCED_FACE('',(#11026),#11467,.T.);
#12187=ADVANCED_FACE('',(#11027),#11468,.T.);
#12188=ADVANCED_FACE('',(#11028),#11469,.T.);
#12189=ADVANCED_FACE('',(#11029),#11470,.T.);
#12190=ADVANCED_FACE('',(#11030),#11471,.T.);
#12191=ADVANCED_FACE('',(#11031),#11472,.T.);
#12192=ADVANCED_FACE('',(#11032),#11473,.T.);
#12193=ADVANCED_FACE('',(#11033),#11474,.T.);
#12194=ADVANCED_FACE('',(#11034),#11475,.T.);
#12195=ADVANCED_FACE('',(#11035),#11476,.T.);
#12196=ADVANCED_FACE('',(#11036),#11477,.T.);
#12197=ADVANCED_FACE('',(#11037),#11478,.T.);
#12198=ADVANCED_FACE('',(#11038),#11479,.T.);
#12199=ADVANCED_FACE('',(#11039),#11480,.T.);
#12200=ADVANCED_FACE('',(#11040),#11481,.T.);
#12201=ADVANCED_FACE('',(#11041),#11482,.T.);
#12202=CLOSED_SHELL('',(#11483,#11484,#11485,#11486,#11487,#11488,#11489,
#11490,#11491,#11492,#11493,#11494,#11495,#11496,#11497,#11498,#11499,#11500,
#11501,#11502,#11503,#11504,#11505,#11506,#11507,#11508,#11509,#11510,#11511,
#11512,#11513,#11514,#11515,#11516,#11517,#11518,#11519,#11520,#11521,#11522,
#11523,#11524,#11525,#11526,#11527,#11528,#11529,#11530,#11531,#11532,#11533,
#11534,#11535,#11536,#11537,#11538,#11539,#11540,#11541,#11542,#11543,#11544,
#11545,#11546,#11547,#11548,#11549,#11550,#11551,#11552,#11553,#11554,#11555,
#11556,#11557,#11558,#11559,#11560,#11561,#11562,#11563,#11564,#11565,#11566,
#11567,#11568,#11569,#11570,#11571,#11572,#11573,#11574,#11575,#11576,#11577,
#11578,#11579,#11580,#11581,#11582,#11583,#11584,#11585,#11586,#11587,#11588,
#11589,#11590,#11591,#11592,#11593,#11594,#11595,#11596,#11597,#11598,#11599,
#11600,#11601,#11602,#11603,#11604,#11605,#11606,#11607,#11608,#11609,#11610,
#11611,#11612,#11613,#11614,#11615,#11616,#11617,#11618,#11619,#11620,#11621,
#11622,#11623,#11624,#11625,#11626,#11627,#11628,#11629,#11630,#11631,#11632,
#11633,#11634,#11635,#11636,#11637,#11638,#11639,#11640,#11641,#11642,#11643,
#11644,#11645,#11646,#11647,#11648,#11649,#11650,#11651,#11652,#11653,#11654,
#11655,#11656,#11657,#11658,#11659,#11660,#11661,#11662,#11663,#11664,#11665,
#11666,#11667,#11668,#11669,#11670,#11671,#11672,#11673,#11674,#11675,#11676,
#11677,#11678,#11679,#11680,#11681,#11682,#11683,#11684,#11685,#11686,#11687,
#11688,#11689,#11690,#11691,#11692,#11693,#11694,#11695,#11696,#11697,#11698,
#11699,#11700,#11701,#11702,#11703,#11704,#11705,#11706,#11707,#11708,#11709,
#11710,#11711,#11712,#11713,#11714,#11715,#11716,#11717,#11718,#11719,#11720,
#11721,#11722,#11723,#11724,#11725,#11726,#11727,#11728,#11729,#11730,#11731,
#11732,#11733,#11734,#11735,#11736,#11737,#11738,#11739,#11740,#11741,#11742,
#11743,#11744,#11745,#11746,#11747,#11748,#11749,#11750,#11751,#11752,#11753,
#11754,#11755,#11756,#11757,#11758,#11759,#11760,#11761,#11762,#11763,#11764,
#11765,#11766,#11767,#11768,#11769,#11770,#11771,#11772,#11773,#11774,#11775,
#11776,#11777,#11778,#11779,#11780,#11781,#11782,#11783,#11784,#11785,#11786,
#11787,#11788,#11789,#11790,#11791,#11792,#11793,#11794,#11795,#11796,#11797,
#11798,#11799,#11800,#11801,#11802,#11803,#11804,#11805,#11806,#11807,#11808,
#11809,#11810,#11811,#11812,#11813,#11814,#11815,#11816,#11817,#11818,#11819,
#11820,#11821,#11822,#11823,#11824,#11825,#11826,#11827,#11828,#11829,#11830,
#11831,#11832,#11833,#11834,#11835,#11836,#11837,#11838,#11839,#11840,#11841,
#11842,#11843,#11844,#11845,#11846,#11847,#11848,#11849,#11850,#11851,#11852,
#11853,#11854,#11855,#11856,#11857,#11858,#11859,#11860,#11861,#11862,#11863,
#11864,#11865,#11866,#11867,#11868,#11869,#11870,#11871,#11872,#11873,#11874,
#11875,#11876,#11877,#11878,#11879,#11880,#11881,#11882,#11883,#11884,#11885,
#11886,#11887,#11888,#11889,#11890,#11891,#11892,#11893,#11894,#11895,#11896,
#11897,#11898,#11899,#11900,#11901,#11902,#11903,#11904,#11905,#11906,#11907,
#11908,#11909,#11910,#11911,#11912,#11913,#11914,#11915,#11916,#11917,#11918,
#11919,#11920,#11921,#11922,#11923,#11924,#11925,#11926,#11927,#11928,#11929,
#11930,#11931,#11932,#11933,#11934,#11935,#11936,#11937,#11938,#11939,#11940,
#11941,#11942,#11943,#11944,#11945,#11946,#11947,#11948,#11949,#11950,#11951,
#11952,#11953,#11954,#11955,#11956,#11957,#11958,#11959,#11960,#11961,#11962,
#11963,#11964,#11965,#11966,#11967,#11968,#11969,#11970,#11971,#11972,#11973,
#11974,#11975,#11976,#11977,#11978,#11979,#11980,#11981,#11982,#11983,#11984,
#11985,#11986,#11987,#11988,#11989,#11990,#11991,#11992,#11993,#11994,#11995,
#11996,#11997,#11998,#11999,#12000,#12001,#12002,#12003,#12004,#12005,#12006,
#12007,#12008,#12009,#12010,#12011,#12012,#12013,#12014,#12015,#12016,#12017,
#12018,#12019,#12020,#12021,#12022,#12023,#12024,#12025,#12026,#12027,#12028,
#12029,#12030,#12031,#12032,#12033,#12034,#12035,#12036,#12037,#12038,#12039,
#12040,#12041,#12042,#12043,#12044,#12045,#12046,#12047,#12048,#12049,#12050,
#12051,#12052,#12053,#12054,#12055,#12056,#12057,#12058,#12059,#12060,#12061,
#12062,#12063,#12064,#12065,#12066,#12067,#12068,#12069,#12070,#12071,#12072,
#12073,#12074,#12075,#12076,#12077,#12078,#12079,#12080,#12081,#12082,#12083,
#12084,#12085,#12086,#12087,#12088,#12089,#12090,#12091,#12092,#12093,#12094,
#12095,#12096,#12097,#12098,#12099,#12100,#12101,#12102,#12103,#12104,#12105,
#12106,#12107,#12108,#12109,#12110,#12111,#12112,#12113,#12114,#12115,#12116,
#12117,#12118,#12119,#12120,#12121,#12122,#12123,#12124,#12125,#12126,#12127,
#12128,#12129,#12130,#12131,#12132,#12133,#12134,#12135,#12136,#12137,#12138,
#12139,#12140,#12141,#12142,#12143,#12144,#12145,#12146,#12147,#12148,#12149,
#12150,#12151,#12152,#12153,#12154,#12155,#12156,#12157,#12158,#12159,#12160,
#12161,#12162,#12163,#12164,#12165,#12166,#12167,#12168,#12169,#12170,#12171,
#12172,#12173,#12174,#12175,#12176,#12177,#12178,#12179,#12180,#12181,#12182,
#12183,#12184,#12185,#12186,#12187,#12188,#12189,#12190,#12191,#12192,#12193,
#12194,#12195,#12196,#12197,#12198,#12199,#12200,#12201));
#12203=STYLED_ITEM('',(#12204),#12211);
#12204=PRESENTATION_STYLE_ASSIGNMENT((#12205));
#12205=SURFACE_STYLE_USAGE(.BOTH.,#12206);
#12206=SURFACE_SIDE_STYLE('',(#12207));
#12207=SURFACE_STYLE_FILL_AREA(#12208);
#12208=FILL_AREA_STYLE('',(#12209));
#12209=FILL_AREA_STYLE_COLOUR('',#12210);
#12210=COLOUR_RGB('',0.615686274509804,0.811764705882353,0.929411764705882);
#12211=MANIFOLD_SOLID_BREP('Top-Left',#12202);
#12212=SHAPE_DEFINITION_REPRESENTATION(#20580,#12213);
#12213=SHAPE_REPRESENTATION('Top-Left',(#12214),#20575);
#12214=AXIS2_PLACEMENT_3D('',#16963,#13443,#13444);
#12215=AXIS2_PLACEMENT_3D('',#16964,#13445,#13446);
#12216=AXIS2_PLACEMENT_3D('',#16990,#13459,#13460);
#12217=AXIS2_PLACEMENT_3D('',#16994,#13462,#13463);
#12218=AXIS2_PLACEMENT_3D('',#17033,#13483,#13484);
#12219=AXIS2_PLACEMENT_3D('',#17066,#13501,#13502);
#12220=AXIS2_PLACEMENT_3D('',#17115,#13527,#13528);
#12221=AXIS2_PLACEMENT_3D('',#17148,#13545,#13546);
#12222=AXIS2_PLACEMENT_3D('',#17154,#13549,#13550);
#12223=AXIS2_PLACEMENT_3D('',#17155,#13551,#13552);
#12224=AXIS2_PLACEMENT_3D('',#17156,#13553,#13554);
#12225=AXIS2_PLACEMENT_3D('',#17162,#13557,#13558);
#12226=AXIS2_PLACEMENT_3D('',#17166,#13560,#13561);
#12227=AXIS2_PLACEMENT_3D('',#17170,#13563,#13564);
#12228=AXIS2_PLACEMENT_3D('',#17174,#13566,#13567);
#12229=AXIS2_PLACEMENT_3D('',#17178,#13569,#13570);
#12230=AXIS2_PLACEMENT_3D('',#17182,#13572,#13573);
#12231=AXIS2_PLACEMENT_3D('',#17186,#13575,#13576);
#12232=AXIS2_PLACEMENT_3D('',#17190,#13578,#13579);
#12233=AXIS2_PLACEMENT_3D('',#17194,#13581,#13582);
#12234=AXIS2_PLACEMENT_3D('',#17195,#13583,#13584);
#12235=AXIS2_PLACEMENT_3D('',#17199,#13586,#13587);
#12236=AXIS2_PLACEMENT_3D('',#17203,#13589,#13590);
#12237=AXIS2_PLACEMENT_3D('',#17204,#13591,#13592);
#12238=AXIS2_PLACEMENT_3D('',#17205,#13593,#13594);
#12239=AXIS2_PLACEMENT_3D('',#17207,#13595,#13596);
#12240=AXIS2_PLACEMENT_3D('',#17209,#13597,#13598);
#12241=AXIS2_PLACEMENT_3D('',#17211,#13599,#13600);
#12242=AXIS2_PLACEMENT_3D('',#17213,#13601,#13602);
#12243=AXIS2_PLACEMENT_3D('',#17215,#13603,#13604);
#12244=AXIS2_PLACEMENT_3D('',#17217,#13605,#13606);
#12245=AXIS2_PLACEMENT_3D('',#17219,#13607,#13608);
#12246=AXIS2_PLACEMENT_3D('',#17221,#13609,#13610);
#12247=AXIS2_PLACEMENT_3D('',#17223,#13611,#13612);
#12248=AXIS2_PLACEMENT_3D('',#17225,#13613,#13614);
#12249=AXIS2_PLACEMENT_3D('',#17262,#13632,#13633);
#12250=AXIS2_PLACEMENT_3D('',#17272,#13638,#13639);
#12251=AXIS2_PLACEMENT_3D('',#17343,#13675,#13676);
#12252=AXIS2_PLACEMENT_3D('',#17353,#13681,#13682);
#12253=AXIS2_PLACEMENT_3D('',#17355,#13683,#13684);
#12254=AXIS2_PLACEMENT_3D('',#17357,#13685,#13686);
#12255=AXIS2_PLACEMENT_3D('',#17359,#13687,#13688);
#12256=AXIS2_PLACEMENT_3D('',#17361,#13689,#13690);
#12257=AXIS2_PLACEMENT_3D('',#17363,#13691,#13692);
#12258=AXIS2_PLACEMENT_3D('',#17364,#13693,#13694);
#12259=AXIS2_PLACEMENT_3D('',#17365,#13695,#13696);
#12260=AXIS2_PLACEMENT_3D('',#17366,#13697,#13698);
#12261=AXIS2_PLACEMENT_3D('',#17367,#13699,#13700);
#12262=AXIS2_PLACEMENT_3D('',#17377,#13705,#13706);
#12263=AXIS2_PLACEMENT_3D('',#17379,#13707,#13708);
#12264=AXIS2_PLACEMENT_3D('',#17389,#13713,#13714);
#12265=AXIS2_PLACEMENT_3D('',#17391,#13715,#13716);
#12266=AXIS2_PLACEMENT_3D('',#17401,#13721,#13722);
#12267=AXIS2_PLACEMENT_3D('',#17403,#13723,#13724);
#12268=AXIS2_PLACEMENT_3D('',#17413,#13729,#13730);
#12269=AXIS2_PLACEMENT_3D('',#17423,#13735,#13736);
#12270=AXIS2_PLACEMENT_3D('',#17425,#13737,#13738);
#12271=AXIS2_PLACEMENT_3D('',#17427,#13739,#13740);
#12272=AXIS2_PLACEMENT_3D('',#17429,#13741,#13742);
#12273=AXIS2_PLACEMENT_3D('',#17439,#13747,#13748);
#12274=AXIS2_PLACEMENT_3D('',#17441,#13749,#13750);
#12275=AXIS2_PLACEMENT_3D('',#17443,#13751,#13752);
#12276=AXIS2_PLACEMENT_3D('',#17445,#13753,#13754);
#12277=AXIS2_PLACEMENT_3D('',#17455,#13759,#13760);
#12278=AXIS2_PLACEMENT_3D('',#17457,#13761,#13762);
#12279=AXIS2_PLACEMENT_3D('',#17459,#13763,#13764);
#12280=AXIS2_PLACEMENT_3D('',#17461,#13765,#13766);
#12281=AXIS2_PLACEMENT_3D('',#17471,#13771,#13772);
#12282=AXIS2_PLACEMENT_3D('',#17473,#13773,#13774);
#12283=AXIS2_PLACEMENT_3D('',#17475,#13775,#13776);
#12284=AXIS2_PLACEMENT_3D('',#17477,#13777,#13778);
#12285=AXIS2_PLACEMENT_3D('',#17482,#13780,#13781);
#12286=AXIS2_PLACEMENT_3D('',#17486,#13783,#13784);
#12287=AXIS2_PLACEMENT_3D('',#17496,#13789,#13790);
#12288=AXIS2_PLACEMENT_3D('',#17504,#13794,#13795);
#12289=AXIS2_PLACEMENT_3D('',#17516,#13801,#13802);
#12290=AXIS2_PLACEMENT_3D('',#17520,#13804,#13805);
#12291=AXIS2_PLACEMENT_3D('',#17540,#13815,#13816);
#12292=AXIS2_PLACEMENT_3D('',#17546,#13819,#13820);
#12293=AXIS2_PLACEMENT_3D('',#17554,#13824,#13825);
#12294=AXIS2_PLACEMENT_3D('',#17560,#13828,#13829);
#12295=AXIS2_PLACEMENT_3D('',#17570,#13834,#13835);
#12296=AXIS2_PLACEMENT_3D('',#17574,#13837,#13838);
#12297=AXIS2_PLACEMENT_3D('',#17584,#13843,#13844);
#12298=AXIS2_PLACEMENT_3D('',#17590,#13847,#13848);
#12299=AXIS2_PLACEMENT_3D('',#17596,#13851,#13852);
#12300=AXIS2_PLACEMENT_3D('',#17661,#13885,#13886);
#12301=AXIS2_PLACEMENT_3D('',#17694,#13903,#13904);
#12302=AXIS2_PLACEMENT_3D('',#17699,#13906,#13907);
#12303=AXIS2_PLACEMENT_3D('',#17703,#13909,#13910);
#12304=AXIS2_PLACEMENT_3D('',#17707,#13912,#13913);
#12305=AXIS2_PLACEMENT_3D('',#17710,#13915,#13916);
#12306=AXIS2_PLACEMENT_3D('',#17715,#13918,#13919);
#12307=AXIS2_PLACEMENT_3D('',#17719,#13921,#13922);
#12308=AXIS2_PLACEMENT_3D('',#17723,#13924,#13925);
#12309=AXIS2_PLACEMENT_3D('',#17726,#13927,#13928);
#12310=AXIS2_PLACEMENT_3D('',#17731,#13930,#13931);
#12311=AXIS2_PLACEMENT_3D('',#17735,#13933,#13934);
#12312=AXIS2_PLACEMENT_3D('',#17739,#13936,#13937);
#12313=AXIS2_PLACEMENT_3D('',#17742,#13939,#13940);
#12314=AXIS2_PLACEMENT_3D('',#17747,#13942,#13943);
#12315=AXIS2_PLACEMENT_3D('',#17751,#13945,#13946);
#12316=AXIS2_PLACEMENT_3D('',#17755,#13948,#13949);
#12317=AXIS2_PLACEMENT_3D('',#17758,#13951,#13952);
#12318=AXIS2_PLACEMENT_3D('',#17760,#13953,#13954);
#12319=AXIS2_PLACEMENT_3D('',#17770,#13959,#13960);
#12320=AXIS2_PLACEMENT_3D('',#17772,#13961,#13962);
#12321=AXIS2_PLACEMENT_3D('',#17782,#13967,#13968);
#12322=AXIS2_PLACEMENT_3D('',#17784,#13969,#13970);
#12323=AXIS2_PLACEMENT_3D('',#17794,#13975,#13976);
#12324=AXIS2_PLACEMENT_3D('',#17796,#13977,#13978);
#12325=AXIS2_PLACEMENT_3D('',#17809,#13984,#13985);
#12326=AXIS2_PLACEMENT_3D('',#17813,#13987,#13988);
#12327=AXIS2_PLACEMENT_3D('',#17817,#13990,#13991);
#12328=AXIS2_PLACEMENT_3D('',#17821,#13993,#13994);
#12329=AXIS2_PLACEMENT_3D('',#17822,#13995,#13996);
#12330=AXIS2_PLACEMENT_3D('',#17824,#13997,#13998);
#12331=AXIS2_PLACEMENT_3D('',#17826,#13999,#14000);
#12332=AXIS2_PLACEMENT_3D('',#17828,#14001,#14002);
#12333=AXIS2_PLACEMENT_3D('',#17838,#14007,#14008);
#12334=AXIS2_PLACEMENT_3D('',#17840,#14009,#14010);
#12335=AXIS2_PLACEMENT_3D('',#17994,#14087,#14088);
#12336=AXIS2_PLACEMENT_3D('',#17995,#14089,#14090);
#12337=AXIS2_PLACEMENT_3D('',#18013,#14099,#14100);
#12338=AXIS2_PLACEMENT_3D('',#18014,#14101,#14102);
#12339=AXIS2_PLACEMENT_3D('',#18032,#14111,#14112);
#12340=AXIS2_PLACEMENT_3D('',#18033,#14113,#14114);
#12341=AXIS2_PLACEMENT_3D('',#18051,#14123,#14124);
#12342=AXIS2_PLACEMENT_3D('',#18057,#14128,#14129);
#12343=AXIS2_PLACEMENT_3D('',#18063,#14133,#14134);
#12344=AXIS2_PLACEMENT_3D('',#18065,#14136,#14137);
#12345=AXIS2_PLACEMENT_3D('',#18067,#14139,#14140);
#12346=AXIS2_PLACEMENT_3D('',#18076,#14145,#14146);
#12347=AXIS2_PLACEMENT_3D('',#18082,#14150,#14151);
#12348=AXIS2_PLACEMENT_3D('',#18088,#14155,#14156);
#12349=AXIS2_PLACEMENT_3D('',#18091,#14159,#14160);
#12350=AXIS2_PLACEMENT_3D('',#18097,#14164,#14165);
#12351=AXIS2_PLACEMENT_3D('',#18101,#14168,#14169);
#12352=AXIS2_PLACEMENT_3D('',#18105,#14172,#14173);
#12353=AXIS2_PLACEMENT_3D('',#18107,#14175,#14176);
#12354=AXIS2_PLACEMENT_3D('',#18108,#14177,#14178);
#12355=AXIS2_PLACEMENT_3D('',#18109,#14179,#14180);
#12356=AXIS2_PLACEMENT_3D('',#18111,#14181,#14182);
#12357=AXIS2_PLACEMENT_3D('',#18117,#14186,#14187);
#12358=AXIS2_PLACEMENT_3D('',#18123,#14191,#14192);
#12359=AXIS2_PLACEMENT_3D('',#18125,#14194,#14195);
#12360=AXIS2_PLACEMENT_3D('',#18127,#14197,#14198);
#12361=AXIS2_PLACEMENT_3D('',#18136,#14203,#14204);
#12362=AXIS2_PLACEMENT_3D('',#18142,#14208,#14209);
#12363=AXIS2_PLACEMENT_3D('',#18148,#14213,#14214);
#12364=AXIS2_PLACEMENT_3D('',#18151,#14217,#14218);
#12365=AXIS2_PLACEMENT_3D('',#18157,#14222,#14223);
#12366=AXIS2_PLACEMENT_3D('',#18161,#14226,#14227);
#12367=AXIS2_PLACEMENT_3D('',#18165,#14230,#14231);
#12368=AXIS2_PLACEMENT_3D('',#18167,#14233,#14234);
#12369=AXIS2_PLACEMENT_3D('',#18168,#14235,#14236);
#12370=AXIS2_PLACEMENT_3D('',#18169,#14237,#14238);
#12371=AXIS2_PLACEMENT_3D('',#18171,#14239,#14240);
#12372=AXIS2_PLACEMENT_3D('',#18177,#14244,#14245);
#12373=AXIS2_PLACEMENT_3D('',#18183,#14249,#14250);
#12374=AXIS2_PLACEMENT_3D('',#18185,#14252,#14253);
#12375=AXIS2_PLACEMENT_3D('',#18187,#14255,#14256);
#12376=AXIS2_PLACEMENT_3D('',#18196,#14261,#14262);
#12377=AXIS2_PLACEMENT_3D('',#18202,#14266,#14267);
#12378=AXIS2_PLACEMENT_3D('',#18208,#14271,#14272);
#12379=AXIS2_PLACEMENT_3D('',#18211,#14275,#14276);
#12380=AXIS2_PLACEMENT_3D('',#18217,#14280,#14281);
#12381=AXIS2_PLACEMENT_3D('',#18221,#14284,#14285);
#12382=AXIS2_PLACEMENT_3D('',#18225,#14288,#14289);
#12383=AXIS2_PLACEMENT_3D('',#18227,#14291,#14292);
#12384=AXIS2_PLACEMENT_3D('',#18228,#14293,#14294);
#12385=AXIS2_PLACEMENT_3D('',#18229,#14295,#14296);
#12386=AXIS2_PLACEMENT_3D('',#18231,#14297,#14298);
#12387=AXIS2_PLACEMENT_3D('',#18240,#14303,#14304);
#12388=AXIS2_PLACEMENT_3D('',#18242,#14305,#14306);
#12389=AXIS2_PLACEMENT_3D('',#18243,#14307,#14308);
#12390=AXIS2_PLACEMENT_3D('',#18245,#14309,#14310);
#12391=AXIS2_PLACEMENT_3D('',#18247,#14311,#14312);
#12392=AXIS2_PLACEMENT_3D('',#18248,#14313,#14314);
#12393=AXIS2_PLACEMENT_3D('',#18250,#14315,#14316);
#12394=AXIS2_PLACEMENT_3D('',#18252,#14317,#14318);
#12395=AXIS2_PLACEMENT_3D('',#18253,#14319,#14320);
#12396=AXIS2_PLACEMENT_3D('',#18255,#14321,#14322);
#12397=AXIS2_PLACEMENT_3D('',#18256,#14323,#14324);
#12398=AXIS2_PLACEMENT_3D('',#18257,#14325,#14326);
#12399=AXIS2_PLACEMENT_3D('',#18259,#14327,#14328);
#12400=AXIS2_PLACEMENT_3D('',#18260,#14329,#14330);
#12401=AXIS2_PLACEMENT_3D('',#18261,#14331,#14332);
#12402=AXIS2_PLACEMENT_3D('',#18264,#14335,#14336);
#12403=AXIS2_PLACEMENT_3D('',#18266,#14338,#14339);
#12404=AXIS2_PLACEMENT_3D('',#18268,#14341,#14342);
#12405=AXIS2_PLACEMENT_3D('',#18269,#14343,#14344);
#12406=AXIS2_PLACEMENT_3D('',#18270,#14345,#14346);
#12407=AXIS2_PLACEMENT_3D('',#18271,#14347,#14348);
#12408=AXIS2_PLACEMENT_3D('',#18273,#14349,#14350);
#12409=AXIS2_PLACEMENT_3D('',#18275,#14351,#14352);
#12410=AXIS2_PLACEMENT_3D('',#18276,#14353,#14354);
#12411=AXIS2_PLACEMENT_3D('',#18278,#14355,#14356);
#12412=AXIS2_PLACEMENT_3D('',#18280,#14357,#14358);
#12413=AXIS2_PLACEMENT_3D('',#18281,#14359,#14360);
#12414=AXIS2_PLACEMENT_3D('',#18283,#14361,#14362);
#12415=AXIS2_PLACEMENT_3D('',#18284,#14363,#14364);
#12416=AXIS2_PLACEMENT_3D('',#18285,#14365,#14366);
#12417=AXIS2_PLACEMENT_3D('',#18287,#14367,#14368);
#12418=AXIS2_PLACEMENT_3D('',#18288,#14369,#14370);
#12419=AXIS2_PLACEMENT_3D('',#18289,#14371,#14372);
#12420=AXIS2_PLACEMENT_3D('',#18292,#14375,#14376);
#12421=AXIS2_PLACEMENT_3D('',#18294,#14378,#14379);
#12422=AXIS2_PLACEMENT_3D('',#18296,#14381,#14382);
#12423=AXIS2_PLACEMENT_3D('',#18297,#14383,#14384);
#12424=AXIS2_PLACEMENT_3D('',#18298,#14385,#14386);
#12425=AXIS2_PLACEMENT_3D('',#18299,#14387,#14388);
#12426=AXIS2_PLACEMENT_3D('',#18301,#14389,#14390);
#12427=AXIS2_PLACEMENT_3D('',#18303,#14391,#14392);
#12428=AXIS2_PLACEMENT_3D('',#18304,#14393,#14394);
#12429=AXIS2_PLACEMENT_3D('',#18306,#14395,#14396);
#12430=AXIS2_PLACEMENT_3D('',#18308,#14397,#14398);
#12431=AXIS2_PLACEMENT_3D('',#18309,#14399,#14400);
#12432=AXIS2_PLACEMENT_3D('',#18311,#14401,#14402);
#12433=AXIS2_PLACEMENT_3D('',#18312,#14403,#14404);
#12434=AXIS2_PLACEMENT_3D('',#18313,#14405,#14406);
#12435=AXIS2_PLACEMENT_3D('',#18315,#14407,#14408);
#12436=AXIS2_PLACEMENT_3D('',#18316,#14409,#14410);
#12437=AXIS2_PLACEMENT_3D('',#18317,#14411,#14412);
#12438=AXIS2_PLACEMENT_3D('',#18320,#14415,#14416);
#12439=AXIS2_PLACEMENT_3D('',#18322,#14418,#14419);
#12440=AXIS2_PLACEMENT_3D('',#18324,#14421,#14422);
#12441=AXIS2_PLACEMENT_3D('',#18325,#14423,#14424);
#12442=AXIS2_PLACEMENT_3D('',#18326,#14425,#14426);
#12443=AXIS2_PLACEMENT_3D('',#18327,#14427,#14428);
#12444=AXIS2_PLACEMENT_3D('',#18329,#14429,#14430);
#12445=AXIS2_PLACEMENT_3D('',#18331,#14431,#14432);
#12446=AXIS2_PLACEMENT_3D('',#18332,#14433,#14434);
#12447=AXIS2_PLACEMENT_3D('',#18334,#14435,#14436);
#12448=AXIS2_PLACEMENT_3D('',#18336,#14437,#14438);
#12449=AXIS2_PLACEMENT_3D('',#18337,#14439,#14440);
#12450=AXIS2_PLACEMENT_3D('',#18339,#14441,#14442);
#12451=AXIS2_PLACEMENT_3D('',#18340,#14443,#14444);
#12452=AXIS2_PLACEMENT_3D('',#18341,#14445,#14446);
#12453=AXIS2_PLACEMENT_3D('',#18343,#14447,#14448);
#12454=AXIS2_PLACEMENT_3D('',#18344,#14449,#14450);
#12455=AXIS2_PLACEMENT_3D('',#18345,#14451,#14452);
#12456=AXIS2_PLACEMENT_3D('',#18348,#14455,#14456);
#12457=AXIS2_PLACEMENT_3D('',#18350,#14458,#14459);
#12458=AXIS2_PLACEMENT_3D('',#18352,#14461,#14462);
#12459=AXIS2_PLACEMENT_3D('',#18353,#14463,#14464);
#12460=AXIS2_PLACEMENT_3D('',#18354,#14465,#14466);
#12461=AXIS2_PLACEMENT_3D('',#18355,#14467,#14468);
#12462=AXIS2_PLACEMENT_3D('',#18357,#14469,#14470);
#12463=AXIS2_PLACEMENT_3D('',#18358,#14471,#14472);
#12464=AXIS2_PLACEMENT_3D('',#18360,#14473,#14474);
#12465=AXIS2_PLACEMENT_3D('',#18366,#14478,#14479);
#12466=AXIS2_PLACEMENT_3D('',#18370,#14481,#14482);
#12467=AXIS2_PLACEMENT_3D('',#18374,#14484,#14485);
#12468=AXIS2_PLACEMENT_3D('',#18378,#14487,#14488);
#12469=AXIS2_PLACEMENT_3D('',#18382,#14490,#14491);
#12470=AXIS2_PLACEMENT_3D('',#18388,#14495,#14496);
#12471=AXIS2_PLACEMENT_3D('',#18394,#14500,#14501);
#12472=AXIS2_PLACEMENT_3D('',#18395,#14502,#14503);
#12473=AXIS2_PLACEMENT_3D('',#18396,#14504,#14505);
#12474=AXIS2_PLACEMENT_3D('',#18397,#14506,#14507);
#12475=AXIS2_PLACEMENT_3D('',#18398,#14508,#14509);
#12476=AXIS2_PLACEMENT_3D('',#18399,#14510,#14511);
#12477=AXIS2_PLACEMENT_3D('',#18400,#14512,#14513);
#12478=AXIS2_PLACEMENT_3D('',#18401,#14514,#14515);
#12479=AXIS2_PLACEMENT_3D('',#18405,#14517,#14518);
#12480=AXIS2_PLACEMENT_3D('',#18406,#14519,#14520);
#12481=AXIS2_PLACEMENT_3D('',#18409,#14523,#14524);
#12482=AXIS2_PLACEMENT_3D('',#18410,#14525,#14526);
#12483=AXIS2_PLACEMENT_3D('',#18411,#14527,#14528);
#12484=AXIS2_PLACEMENT_3D('',#18412,#14529,#14530);
#12485=AXIS2_PLACEMENT_3D('',#18413,#14531,#14532);
#12486=AXIS2_PLACEMENT_3D('',#18414,#14533,#14534);
#12487=AXIS2_PLACEMENT_3D('',#18416,#14535,#14536);
#12488=AXIS2_PLACEMENT_3D('',#18417,#14537,#14538);
#12489=AXIS2_PLACEMENT_3D('',#18419,#14539,#14540);
#12490=AXIS2_PLACEMENT_3D('',#18420,#14541,#14542);
#12491=AXIS2_PLACEMENT_3D('',#18422,#14543,#14544);
#12492=AXIS2_PLACEMENT_3D('',#18423,#14545,#14546);
#12493=AXIS2_PLACEMENT_3D('',#18424,#14547,#14548);
#12494=AXIS2_PLACEMENT_3D('',#18426,#14549,#14550);
#12495=AXIS2_PLACEMENT_3D('',#18427,#14551,#14552);
#12496=AXIS2_PLACEMENT_3D('',#18428,#14553,#14554);
#12497=AXIS2_PLACEMENT_3D('',#18430,#14555,#14556);
#12498=AXIS2_PLACEMENT_3D('',#18431,#14557,#14558);
#12499=AXIS2_PLACEMENT_3D('',#18432,#14559,#14560);
#12500=AXIS2_PLACEMENT_3D('',#18433,#14561,#14562);
#12501=AXIS2_PLACEMENT_3D('',#18434,#14563,#14564);
#12502=AXIS2_PLACEMENT_3D('',#18435,#14565,#14566);
#12503=AXIS2_PLACEMENT_3D('',#18436,#14567,#14568);
#12504=AXIS2_PLACEMENT_3D('',#18453,#14577,#14578);
#12505=AXIS2_PLACEMENT_3D('',#18455,#14579,#14580);
#12506=AXIS2_PLACEMENT_3D('',#18456,#14581,#14582);
#12507=AXIS2_PLACEMENT_3D('',#18458,#14583,#14584);
#12508=AXIS2_PLACEMENT_3D('',#18459,#14585,#14586);
#12509=AXIS2_PLACEMENT_3D('',#18460,#14587,#14588);
#12510=AXIS2_PLACEMENT_3D('',#18462,#14589,#14590);
#12511=AXIS2_PLACEMENT_3D('',#18463,#14591,#14592);
#12512=AXIS2_PLACEMENT_3D('',#18464,#14593,#14594);
#12513=AXIS2_PLACEMENT_3D('',#18466,#14595,#14596);
#12514=AXIS2_PLACEMENT_3D('',#18467,#14597,#14598);
#12515=AXIS2_PLACEMENT_3D('',#18470,#14601,#14602);
#12516=AXIS2_PLACEMENT_3D('',#18472,#14604,#14605);
#12517=AXIS2_PLACEMENT_3D('',#18474,#14607,#14608);
#12518=AXIS2_PLACEMENT_3D('',#18475,#14609,#14610);
#12519=AXIS2_PLACEMENT_3D('',#18476,#14611,#14612);
#12520=AXIS2_PLACEMENT_3D('',#18478,#14613,#14614);
#12521=AXIS2_PLACEMENT_3D('',#18479,#14615,#14616);
#12522=AXIS2_PLACEMENT_3D('',#18481,#14617,#14618);
#12523=AXIS2_PLACEMENT_3D('',#18482,#14619,#14620);
#12524=AXIS2_PLACEMENT_3D('',#18484,#14621,#14622);
#12525=AXIS2_PLACEMENT_3D('',#18485,#14623,#14624);
#12526=AXIS2_PLACEMENT_3D('',#18487,#14625,#14626);
#12527=AXIS2_PLACEMENT_3D('',#18488,#14627,#14628);
#12528=AXIS2_PLACEMENT_3D('',#18489,#14629,#14630);
#12529=AXIS2_PLACEMENT_3D('',#18490,#14631,#14632);
#12530=AXIS2_PLACEMENT_3D('',#18501,#14639,#14640);
#12531=AXIS2_PLACEMENT_3D('',#18505,#14643,#14644);
#12532=AXIS2_PLACEMENT_3D('',#18509,#14647,#14648);
#12533=AXIS2_PLACEMENT_3D('',#18515,#14652,#14653);
#12534=AXIS2_PLACEMENT_3D('',#18519,#14656,#14657);
#12535=AXIS2_PLACEMENT_3D('',#18523,#14660,#14661);
#12536=AXIS2_PLACEMENT_3D('',#18525,#14663,#14664);
#12537=AXIS2_PLACEMENT_3D('',#18527,#14666,#14667);
#12538=AXIS2_PLACEMENT_3D('',#18528,#14668,#14669);
#12539=AXIS2_PLACEMENT_3D('',#18532,#14672,#14673);
#12540=AXIS2_PLACEMENT_3D('',#18536,#14676,#14677);
#12541=AXIS2_PLACEMENT_3D('',#18538,#14679,#14680);
#12542=AXIS2_PLACEMENT_3D('',#18539,#14681,#14682);
#12543=AXIS2_PLACEMENT_3D('',#18545,#14686,#14687);
#12544=AXIS2_PLACEMENT_3D('',#18549,#14690,#14691);
#12545=AXIS2_PLACEMENT_3D('',#18553,#14694,#14695);
#12546=AXIS2_PLACEMENT_3D('',#18555,#14697,#14698);
#12547=AXIS2_PLACEMENT_3D('',#18556,#14699,#14700);
#12548=AXIS2_PLACEMENT_3D('',#18562,#14704,#14705);
#12549=AXIS2_PLACEMENT_3D('',#18566,#14708,#14709);
#12550=AXIS2_PLACEMENT_3D('',#18570,#14712,#14713);
#12551=AXIS2_PLACEMENT_3D('',#18574,#14716,#14717);
#12552=AXIS2_PLACEMENT_3D('',#18578,#14720,#14721);
#12553=AXIS2_PLACEMENT_3D('',#18582,#14724,#14725);
#12554=AXIS2_PLACEMENT_3D('',#18586,#14728,#14729);
#12555=AXIS2_PLACEMENT_3D('',#18588,#14731,#14732);
#12556=AXIS2_PLACEMENT_3D('',#18592,#14734,#14735);
#12557=AXIS2_PLACEMENT_3D('',#18596,#14737,#14738);
#12558=AXIS2_PLACEMENT_3D('',#18600,#14740,#14741);
#12559=AXIS2_PLACEMENT_3D('',#18604,#14743,#14744);
#12560=AXIS2_PLACEMENT_3D('',#18605,#14745,#14746);
#12561=AXIS2_PLACEMENT_3D('',#18606,#14747,#14748);
#12562=AXIS2_PLACEMENT_3D('',#18608,#14749,#14750);
#12563=AXIS2_PLACEMENT_3D('',#18609,#14751,#14752);
#12564=AXIS2_PLACEMENT_3D('',#18610,#14753,#14754);
#12565=AXIS2_PLACEMENT_3D('',#18612,#14755,#14756);
#12566=AXIS2_PLACEMENT_3D('',#18613,#14757,#14758);
#12567=AXIS2_PLACEMENT_3D('',#18614,#14759,#14760);
#12568=AXIS2_PLACEMENT_3D('',#18616,#14761,#14762);
#12569=AXIS2_PLACEMENT_3D('',#18617,#14763,#14764);
#12570=AXIS2_PLACEMENT_3D('',#18618,#14765,#14766);
#12571=AXIS2_PLACEMENT_3D('',#18620,#14767,#14768);
#12572=AXIS2_PLACEMENT_3D('',#18621,#14769,#14770);
#12573=AXIS2_PLACEMENT_3D('',#18622,#14771,#14772);
#12574=AXIS2_PLACEMENT_3D('',#18623,#14773,#14774);
#12575=AXIS2_PLACEMENT_3D('',#18624,#14775,#14776);
#12576=AXIS2_PLACEMENT_3D('',#18625,#14777,#14778);
#12577=AXIS2_PLACEMENT_3D('',#18626,#14779,#14780);
#12578=AXIS2_PLACEMENT_3D('',#18627,#14781,#14782);
#12579=AXIS2_PLACEMENT_3D('',#18628,#14783,#14784);
#12580=AXIS2_PLACEMENT_3D('',#18629,#14785,#14786);
#12581=AXIS2_PLACEMENT_3D('',#18630,#14787,#14788);
#12582=AXIS2_PLACEMENT_3D('',#18631,#14789,#14790);
#12583=AXIS2_PLACEMENT_3D('',#18632,#14791,#14792);
#12584=AXIS2_PLACEMENT_3D('',#18633,#14793,#14794);
#12585=AXIS2_PLACEMENT_3D('',#18634,#14795,#14796);
#12586=AXIS2_PLACEMENT_3D('',#18635,#14797,#14798);
#12587=AXIS2_PLACEMENT_3D('',#18636,#14799,#14800);
#12588=AXIS2_PLACEMENT_3D('',#18637,#14801,#14802);
#12589=AXIS2_PLACEMENT_3D('',#18643,#14806,#14807);
#12590=AXIS2_PLACEMENT_3D('',#18647,#14810,#14811);
#12591=AXIS2_PLACEMENT_3D('',#18651,#14814,#14815);
#12592=AXIS2_PLACEMENT_3D('',#18653,#14817,#14818);
#12593=AXIS2_PLACEMENT_3D('',#18654,#14819,#14820);
#12594=AXIS2_PLACEMENT_3D('',#18660,#14824,#14825);
#12595=AXIS2_PLACEMENT_3D('',#18664,#14828,#14829);
#12596=AXIS2_PLACEMENT_3D('',#18668,#14832,#14833);
#12597=AXIS2_PLACEMENT_3D('',#18672,#14836,#14837);
#12598=AXIS2_PLACEMENT_3D('',#18676,#14840,#14841);
#12599=AXIS2_PLACEMENT_3D('',#18680,#14844,#14845);
#12600=AXIS2_PLACEMENT_3D('',#18684,#14848,#14849);
#12601=AXIS2_PLACEMENT_3D('',#18686,#14851,#14852);
#12602=AXIS2_PLACEMENT_3D('',#18690,#14854,#14855);
#12603=AXIS2_PLACEMENT_3D('',#18694,#14857,#14858);
#12604=AXIS2_PLACEMENT_3D('',#18698,#14860,#14861);
#12605=AXIS2_PLACEMENT_3D('',#18702,#14863,#14864);
#12606=AXIS2_PLACEMENT_3D('',#18703,#14865,#14866);
#12607=AXIS2_PLACEMENT_3D('',#18704,#14867,#14868);
#12608=AXIS2_PLACEMENT_3D('',#18706,#14869,#14870);
#12609=AXIS2_PLACEMENT_3D('',#18707,#14871,#14872);
#12610=AXIS2_PLACEMENT_3D('',#18708,#14873,#14874);
#12611=AXIS2_PLACEMENT_3D('',#18710,#14875,#14876);
#12612=AXIS2_PLACEMENT_3D('',#18711,#14877,#14878);
#12613=AXIS2_PLACEMENT_3D('',#18712,#14879,#14880);
#12614=AXIS2_PLACEMENT_3D('',#18714,#14881,#14882);
#12615=AXIS2_PLACEMENT_3D('',#18715,#14883,#14884);
#12616=AXIS2_PLACEMENT_3D('',#18716,#14885,#14886);
#12617=AXIS2_PLACEMENT_3D('',#18718,#14887,#14888);
#12618=AXIS2_PLACEMENT_3D('',#18719,#14889,#14890);
#12619=AXIS2_PLACEMENT_3D('',#18720,#14891,#14892);
#12620=AXIS2_PLACEMENT_3D('',#18721,#14893,#14894);
#12621=AXIS2_PLACEMENT_3D('',#18722,#14895,#14896);
#12622=AXIS2_PLACEMENT_3D('',#18723,#14897,#14898);
#12623=AXIS2_PLACEMENT_3D('',#18724,#14899,#14900);
#12624=AXIS2_PLACEMENT_3D('',#18725,#14901,#14902);
#12625=AXIS2_PLACEMENT_3D('',#18726,#14903,#14904);
#12626=AXIS2_PLACEMENT_3D('',#18727,#14905,#14906);
#12627=AXIS2_PLACEMENT_3D('',#18728,#14907,#14908);
#12628=AXIS2_PLACEMENT_3D('',#18729,#14909,#14910);
#12629=AXIS2_PLACEMENT_3D('',#18730,#14911,#14912);
#12630=AXIS2_PLACEMENT_3D('',#18731,#14913,#14914);
#12631=AXIS2_PLACEMENT_3D('',#18732,#14915,#14916);
#12632=AXIS2_PLACEMENT_3D('',#18733,#14917,#14918);
#12633=AXIS2_PLACEMENT_3D('',#18734,#14919,#14920);
#12634=AXIS2_PLACEMENT_3D('',#18735,#14921,#14922);
#12635=AXIS2_PLACEMENT_3D('',#18741,#14926,#14927);
#12636=AXIS2_PLACEMENT_3D('',#18745,#14930,#14931);
#12637=AXIS2_PLACEMENT_3D('',#18749,#14934,#14935);
#12638=AXIS2_PLACEMENT_3D('',#18751,#14937,#14938);
#12639=AXIS2_PLACEMENT_3D('',#18752,#14939,#14940);
#12640=AXIS2_PLACEMENT_3D('',#18758,#14944,#14945);
#12641=AXIS2_PLACEMENT_3D('',#18762,#14948,#14949);
#12642=AXIS2_PLACEMENT_3D('',#18766,#14952,#14953);
#12643=AXIS2_PLACEMENT_3D('',#18770,#14956,#14957);
#12644=AXIS2_PLACEMENT_3D('',#18774,#14960,#14961);
#12645=AXIS2_PLACEMENT_3D('',#18778,#14964,#14965);
#12646=AXIS2_PLACEMENT_3D('',#18782,#14968,#14969);
#12647=AXIS2_PLACEMENT_3D('',#18784,#14971,#14972);
#12648=AXIS2_PLACEMENT_3D('',#18788,#14974,#14975);
#12649=AXIS2_PLACEMENT_3D('',#18792,#14977,#14978);
#12650=AXIS2_PLACEMENT_3D('',#18796,#14980,#14981);
#12651=AXIS2_PLACEMENT_3D('',#18800,#14983,#14984);
#12652=AXIS2_PLACEMENT_3D('',#18801,#14985,#14986);
#12653=AXIS2_PLACEMENT_3D('',#18802,#14987,#14988);
#12654=AXIS2_PLACEMENT_3D('',#18804,#14989,#14990);
#12655=AXIS2_PLACEMENT_3D('',#18805,#14991,#14992);
#12656=AXIS2_PLACEMENT_3D('',#18806,#14993,#14994);
#12657=AXIS2_PLACEMENT_3D('',#18808,#14995,#14996);
#12658=AXIS2_PLACEMENT_3D('',#18809,#14997,#14998);
#12659=AXIS2_PLACEMENT_3D('',#18810,#14999,#15000);
#12660=AXIS2_PLACEMENT_3D('',#18812,#15001,#15002);
#12661=AXIS2_PLACEMENT_3D('',#18813,#15003,#15004);
#12662=AXIS2_PLACEMENT_3D('',#18814,#15005,#15006);
#12663=AXIS2_PLACEMENT_3D('',#18816,#15007,#15008);
#12664=AXIS2_PLACEMENT_3D('',#18817,#15009,#15010);
#12665=AXIS2_PLACEMENT_3D('',#18818,#15011,#15012);
#12666=AXIS2_PLACEMENT_3D('',#18819,#15013,#15014);
#12667=AXIS2_PLACEMENT_3D('',#18820,#15015,#15016);
#12668=AXIS2_PLACEMENT_3D('',#18821,#15017,#15018);
#12669=AXIS2_PLACEMENT_3D('',#18822,#15019,#15020);
#12670=AXIS2_PLACEMENT_3D('',#18823,#15021,#15022);
#12671=AXIS2_PLACEMENT_3D('',#18824,#15023,#15024);
#12672=AXIS2_PLACEMENT_3D('',#18825,#15025,#15026);
#12673=AXIS2_PLACEMENT_3D('',#18826,#15027,#15028);
#12674=AXIS2_PLACEMENT_3D('',#18827,#15029,#15030);
#12675=AXIS2_PLACEMENT_3D('',#18828,#15031,#15032);
#12676=AXIS2_PLACEMENT_3D('',#18829,#15033,#15034);
#12677=AXIS2_PLACEMENT_3D('',#18830,#15035,#15036);
#12678=AXIS2_PLACEMENT_3D('',#18831,#15037,#15038);
#12679=AXIS2_PLACEMENT_3D('',#18832,#15039,#15040);
#12680=AXIS2_PLACEMENT_3D('',#18833,#15041,#15042);
#12681=AXIS2_PLACEMENT_3D('',#18839,#15046,#15047);
#12682=AXIS2_PLACEMENT_3D('',#18843,#15050,#15051);
#12683=AXIS2_PLACEMENT_3D('',#18847,#15054,#15055);
#12684=AXIS2_PLACEMENT_3D('',#18849,#15057,#15058);
#12685=AXIS2_PLACEMENT_3D('',#18850,#15059,#15060);
#12686=AXIS2_PLACEMENT_3D('',#18856,#15064,#15065);
#12687=AXIS2_PLACEMENT_3D('',#18860,#15068,#15069);
#12688=AXIS2_PLACEMENT_3D('',#18864,#15072,#15073);
#12689=AXIS2_PLACEMENT_3D('',#18868,#15076,#15077);
#12690=AXIS2_PLACEMENT_3D('',#18872,#15080,#15081);
#12691=AXIS2_PLACEMENT_3D('',#18876,#15084,#15085);
#12692=AXIS2_PLACEMENT_3D('',#18880,#15088,#15089);
#12693=AXIS2_PLACEMENT_3D('',#18882,#15091,#15092);
#12694=AXIS2_PLACEMENT_3D('',#18886,#15094,#15095);
#12695=AXIS2_PLACEMENT_3D('',#18890,#15097,#15098);
#12696=AXIS2_PLACEMENT_3D('',#18894,#15100,#15101);
#12697=AXIS2_PLACEMENT_3D('',#18898,#15103,#15104);
#12698=AXIS2_PLACEMENT_3D('',#18899,#15105,#15106);
#12699=AXIS2_PLACEMENT_3D('',#18900,#15107,#15108);
#12700=AXIS2_PLACEMENT_3D('',#18902,#15109,#15110);
#12701=AXIS2_PLACEMENT_3D('',#18903,#15111,#15112);
#12702=AXIS2_PLACEMENT_3D('',#18904,#15113,#15114);
#12703=AXIS2_PLACEMENT_3D('',#18906,#15115,#15116);
#12704=AXIS2_PLACEMENT_3D('',#18907,#15117,#15118);
#12705=AXIS2_PLACEMENT_3D('',#18908,#15119,#15120);
#12706=AXIS2_PLACEMENT_3D('',#18910,#15121,#15122);
#12707=AXIS2_PLACEMENT_3D('',#18911,#15123,#15124);
#12708=AXIS2_PLACEMENT_3D('',#18912,#15125,#15126);
#12709=AXIS2_PLACEMENT_3D('',#18914,#15127,#15128);
#12710=AXIS2_PLACEMENT_3D('',#18915,#15129,#15130);
#12711=AXIS2_PLACEMENT_3D('',#18916,#15131,#15132);
#12712=AXIS2_PLACEMENT_3D('',#18917,#15133,#15134);
#12713=AXIS2_PLACEMENT_3D('',#18918,#15135,#15136);
#12714=AXIS2_PLACEMENT_3D('',#18919,#15137,#15138);
#12715=AXIS2_PLACEMENT_3D('',#18920,#15139,#15140);
#12716=AXIS2_PLACEMENT_3D('',#18921,#15141,#15142);
#12717=AXIS2_PLACEMENT_3D('',#18922,#15143,#15144);
#12718=AXIS2_PLACEMENT_3D('',#18923,#15145,#15146);
#12719=AXIS2_PLACEMENT_3D('',#18924,#15147,#15148);
#12720=AXIS2_PLACEMENT_3D('',#18925,#15149,#15150);
#12721=AXIS2_PLACEMENT_3D('',#18926,#15151,#15152);
#12722=AXIS2_PLACEMENT_3D('',#18927,#15153,#15154);
#12723=AXIS2_PLACEMENT_3D('',#18928,#15155,#15156);
#12724=AXIS2_PLACEMENT_3D('',#18929,#15157,#15158);
#12725=AXIS2_PLACEMENT_3D('',#18930,#15159,#15160);
#12726=AXIS2_PLACEMENT_3D('',#18931,#15161,#15162);
#12727=AXIS2_PLACEMENT_3D('',#18939,#15165,#15166);
#12728=AXIS2_PLACEMENT_3D('',#18941,#15168,#15169);
#12729=AXIS2_PLACEMENT_3D('',#18943,#15171,#15172);
#12730=AXIS2_PLACEMENT_3D('',#18954,#15173,#15174);
#12731=AXIS2_PLACEMENT_3D('',#18957,#15177,#15178);
#12732=AXIS2_PLACEMENT_3D('',#18959,#15180,#15181);
#12733=AXIS2_PLACEMENT_3D('',#18966,#15183,#15184);
#12734=AXIS2_PLACEMENT_3D('',#18971,#15185,#15186);
#12735=AXIS2_PLACEMENT_3D('',#18974,#15189,#15190);
#12736=AXIS2_PLACEMENT_3D('',#18976,#15192,#15193);
#12737=AXIS2_PLACEMENT_3D('',#18983,#15195,#15196);
#12738=AXIS2_PLACEMENT_3D('',#18988,#15197,#15198);
#12739=AXIS2_PLACEMENT_3D('',#18991,#15201,#15202);
#12740=AXIS2_PLACEMENT_3D('',#18999,#15204,#15205);
#12741=AXIS2_PLACEMENT_3D('',#19005,#15207,#15208);
#12742=AXIS2_PLACEMENT_3D('',#19006,#15209,#15210);
#12743=AXIS2_PLACEMENT_3D('',#19014,#15213,#15214);
#12744=AXIS2_PLACEMENT_3D('',#19021,#15216,#15217);
#12745=AXIS2_PLACEMENT_3D('',#19037,#15219,#15220);
#12746=AXIS2_PLACEMENT_3D('',#19046,#15221,#15222);
#12747=AXIS2_PLACEMENT_3D('',#19049,#15225,#15226);
#12748=AXIS2_PLACEMENT_3D('',#19051,#15228,#15229);
#12749=AXIS2_PLACEMENT_3D('',#19058,#15231,#15232);
#12750=AXIS2_PLACEMENT_3D('',#19065,#15233,#15234);
#12751=AXIS2_PLACEMENT_3D('',#19075,#15237,#15238);
#12752=AXIS2_PLACEMENT_3D('',#19084,#15240,#15241);
#12753=AXIS2_PLACEMENT_3D('',#19086,#15243,#15244);
#12754=AXIS2_PLACEMENT_3D('',#19100,#15245,#15246);
#12755=AXIS2_PLACEMENT_3D('',#19103,#15249,#15250);
#12756=AXIS2_PLACEMENT_3D('',#19105,#15252,#15253);
#12757=AXIS2_PLACEMENT_3D('',#19111,#15255,#15256);
#12758=AXIS2_PLACEMENT_3D('',#19112,#15257,#15258);
#12759=AXIS2_PLACEMENT_3D('',#19115,#15261,#15262);
#12760=AXIS2_PLACEMENT_3D('',#19117,#15264,#15265);
#12761=AXIS2_PLACEMENT_3D('',#19119,#15267,#15268);
#12762=AXIS2_PLACEMENT_3D('',#19120,#15269,#15270);
#12763=AXIS2_PLACEMENT_3D('',#19123,#15273,#15274);
#12764=AXIS2_PLACEMENT_3D('',#19125,#15276,#15277);
#12765=AXIS2_PLACEMENT_3D('',#19127,#15279,#15280);
#12766=AXIS2_PLACEMENT_3D('',#19129,#15282,#15283);
#12767=AXIS2_PLACEMENT_3D('',#19131,#15285,#15286);
#12768=AXIS2_PLACEMENT_3D('',#19133,#15288,#15289);
#12769=AXIS2_PLACEMENT_3D('',#19135,#15291,#15292);
#12770=AXIS2_PLACEMENT_3D('',#19137,#15294,#15295);
#12771=AXIS2_PLACEMENT_3D('',#19139,#15297,#15298);
#12772=AXIS2_PLACEMENT_3D('',#19141,#15300,#15301);
#12773=AXIS2_PLACEMENT_3D('',#19143,#15303,#15304);
#12774=AXIS2_PLACEMENT_3D('',#19144,#15305,#15306);
#12775=AXIS2_PLACEMENT_3D('',#19156,#15309,#15310);
#12776=AXIS2_PLACEMENT_3D('',#19158,#15312,#15313);
#12777=AXIS2_PLACEMENT_3D('',#19160,#15315,#15316);
#12778=AXIS2_PLACEMENT_3D('',#19162,#15318,#15319);
#12779=AXIS2_PLACEMENT_3D('',#19164,#15321,#15322);
#12780=AXIS2_PLACEMENT_3D('',#19166,#15324,#15325);
#12781=AXIS2_PLACEMENT_3D('',#19168,#15327,#15328);
#12782=AXIS2_PLACEMENT_3D('',#19169,#15329,#15330);
#12783=AXIS2_PLACEMENT_3D('',#19172,#15333,#15334);
#12784=AXIS2_PLACEMENT_3D('',#19174,#15336,#15337);
#12785=AXIS2_PLACEMENT_3D('',#19176,#15339,#15340);
#12786=AXIS2_PLACEMENT_3D('',#19186,#15341,#15342);
#12787=AXIS2_PLACEMENT_3D('',#19189,#15345,#15346);
#12788=AXIS2_PLACEMENT_3D('',#19205,#15348,#15349);
#12789=AXIS2_PLACEMENT_3D('',#19216,#15351,#15352);
#12790=AXIS2_PLACEMENT_3D('',#19240,#15353,#15354);
#12791=AXIS2_PLACEMENT_3D('',#19243,#15357,#15358);
#12792=AXIS2_PLACEMENT_3D('',#19245,#15360,#15361);
#12793=AXIS2_PLACEMENT_3D('',#19247,#15363,#15364);
#12794=AXIS2_PLACEMENT_3D('',#19248,#15365,#15366);
#12795=AXIS2_PLACEMENT_3D('',#19251,#15369,#15370);
#12796=AXIS2_PLACEMENT_3D('',#19253,#15372,#15373);
#12797=AXIS2_PLACEMENT_3D('',#19255,#15375,#15376);
#12798=AXIS2_PLACEMENT_3D('',#19256,#15377,#15378);
#12799=AXIS2_PLACEMENT_3D('',#19259,#15381,#15382);
#12800=AXIS2_PLACEMENT_3D('',#19261,#15384,#15385);
#12801=AXIS2_PLACEMENT_3D('',#19263,#15387,#15388);
#12802=AXIS2_PLACEMENT_3D('',#19264,#15389,#15390);
#12803=AXIS2_PLACEMENT_3D('',#19267,#15393,#15394);
#12804=AXIS2_PLACEMENT_3D('',#19269,#15396,#15397);
#12805=AXIS2_PLACEMENT_3D('',#19271,#15399,#15400);
#12806=AXIS2_PLACEMENT_3D('',#19272,#15401,#15402);
#12807=AXIS2_PLACEMENT_3D('',#19275,#15405,#15406);
#12808=AXIS2_PLACEMENT_3D('',#19277,#15408,#15409);
#12809=AXIS2_PLACEMENT_3D('',#19279,#15411,#15412);
#12810=AXIS2_PLACEMENT_3D('',#19280,#15413,#15414);
#12811=AXIS2_PLACEMENT_3D('',#19283,#15417,#15418);
#12812=AXIS2_PLACEMENT_3D('',#19285,#15420,#15421);
#12813=AXIS2_PLACEMENT_3D('',#19287,#15423,#15424);
#12814=AXIS2_PLACEMENT_3D('',#19288,#15425,#15426);
#12815=AXIS2_PLACEMENT_3D('',#19291,#15429,#15430);
#12816=AXIS2_PLACEMENT_3D('',#19293,#15432,#15433);
#12817=AXIS2_PLACEMENT_3D('',#19295,#15435,#15436);
#12818=AXIS2_PLACEMENT_3D('',#19296,#15437,#15438);
#12819=AXIS2_PLACEMENT_3D('',#19297,#15439,#15440);
#12820=AXIS2_PLACEMENT_3D('',#19299,#15441,#15442);
#12821=AXIS2_PLACEMENT_3D('',#19301,#15443,#15444);
#12822=AXIS2_PLACEMENT_3D('',#19302,#15445,#15446);
#12823=AXIS2_PLACEMENT_3D('',#19304,#15447,#15448);
#12824=AXIS2_PLACEMENT_3D('',#19306,#15449,#15450);
#12825=AXIS2_PLACEMENT_3D('',#19307,#15451,#15452);
#12826=AXIS2_PLACEMENT_3D('',#19309,#15453,#15454);
#12827=AXIS2_PLACEMENT_3D('',#19310,#15455,#15456);
#12828=AXIS2_PLACEMENT_3D('',#19311,#15457,#15458);
#12829=AXIS2_PLACEMENT_3D('',#19312,#15459,#15460);
#12830=AXIS2_PLACEMENT_3D('',#19313,#15461,#15462);
#12831=AXIS2_PLACEMENT_3D('',#19315,#15463,#15464);
#12832=AXIS2_PLACEMENT_3D('',#19317,#15465,#15466);
#12833=AXIS2_PLACEMENT_3D('',#19318,#15467,#15468);
#12834=AXIS2_PLACEMENT_3D('',#19320,#15469,#15470);
#12835=AXIS2_PLACEMENT_3D('',#19322,#15471,#15472);
#12836=AXIS2_PLACEMENT_3D('',#19323,#15473,#15474);
#12837=AXIS2_PLACEMENT_3D('',#19325,#15475,#15476);
#12838=AXIS2_PLACEMENT_3D('',#19326,#15477,#15478);
#12839=AXIS2_PLACEMENT_3D('',#19327,#15479,#15480);
#12840=AXIS2_PLACEMENT_3D('',#19328,#15481,#15482);
#12841=AXIS2_PLACEMENT_3D('',#19329,#15483,#15484);
#12842=AXIS2_PLACEMENT_3D('',#19331,#15485,#15486);
#12843=AXIS2_PLACEMENT_3D('',#19333,#15487,#15488);
#12844=AXIS2_PLACEMENT_3D('',#19334,#15489,#15490);
#12845=AXIS2_PLACEMENT_3D('',#19336,#15491,#15492);
#12846=AXIS2_PLACEMENT_3D('',#19338,#15493,#15494);
#12847=AXIS2_PLACEMENT_3D('',#19339,#15495,#15496);
#12848=AXIS2_PLACEMENT_3D('',#19341,#15497,#15498);
#12849=AXIS2_PLACEMENT_3D('',#19342,#15499,#15500);
#12850=AXIS2_PLACEMENT_3D('',#19343,#15501,#15502);
#12851=AXIS2_PLACEMENT_3D('',#19344,#15503,#15504);
#12852=AXIS2_PLACEMENT_3D('',#19345,#15505,#15506);
#12853=AXIS2_PLACEMENT_3D('',#19347,#15507,#15508);
#12854=AXIS2_PLACEMENT_3D('',#19349,#15509,#15510);
#12855=AXIS2_PLACEMENT_3D('',#19350,#15511,#15512);
#12856=AXIS2_PLACEMENT_3D('',#19352,#15513,#15514);
#12857=AXIS2_PLACEMENT_3D('',#19354,#15515,#15516);
#12858=AXIS2_PLACEMENT_3D('',#19355,#15517,#15518);
#12859=AXIS2_PLACEMENT_3D('',#19357,#15519,#15520);
#12860=AXIS2_PLACEMENT_3D('',#19358,#15521,#15522);
#12861=AXIS2_PLACEMENT_3D('',#19359,#15523,#15524);
#12862=AXIS2_PLACEMENT_3D('',#19360,#15525,#15526);
#12863=AXIS2_PLACEMENT_3D('',#19361,#15527,#15528);
#12864=AXIS2_PLACEMENT_3D('',#19363,#15529,#15530);
#12865=AXIS2_PLACEMENT_3D('',#19365,#15531,#15532);
#12866=AXIS2_PLACEMENT_3D('',#19366,#15533,#15534);
#12867=AXIS2_PLACEMENT_3D('',#19368,#15535,#15536);
#12868=AXIS2_PLACEMENT_3D('',#19370,#15537,#15538);
#12869=AXIS2_PLACEMENT_3D('',#19371,#15539,#15540);
#12870=AXIS2_PLACEMENT_3D('',#19373,#15541,#15542);
#12871=AXIS2_PLACEMENT_3D('',#19374,#15543,#15544);
#12872=AXIS2_PLACEMENT_3D('',#19375,#15545,#15546);
#12873=AXIS2_PLACEMENT_3D('',#19376,#15547,#15548);
#12874=AXIS2_PLACEMENT_3D('',#19377,#15549,#15550);
#12875=AXIS2_PLACEMENT_3D('',#19379,#15551,#15552);
#12876=AXIS2_PLACEMENT_3D('',#19381,#15553,#15554);
#12877=AXIS2_PLACEMENT_3D('',#19382,#15555,#15556);
#12878=AXIS2_PLACEMENT_3D('',#19384,#15557,#15558);
#12879=AXIS2_PLACEMENT_3D('',#19386,#15559,#15560);
#12880=AXIS2_PLACEMENT_3D('',#19387,#15561,#15562);
#12881=AXIS2_PLACEMENT_3D('',#19389,#15563,#15564);
#12882=AXIS2_PLACEMENT_3D('',#19390,#15565,#15566);
#12883=AXIS2_PLACEMENT_3D('',#19391,#15567,#15568);
#12884=AXIS2_PLACEMENT_3D('',#19392,#15569,#15570);
#12885=AXIS2_PLACEMENT_3D('',#19393,#15571,#15572);
#12886=AXIS2_PLACEMENT_3D('',#19395,#15573,#15574);
#12887=AXIS2_PLACEMENT_3D('',#19397,#15575,#15576);
#12888=AXIS2_PLACEMENT_3D('',#19398,#15577,#15578);
#12889=AXIS2_PLACEMENT_3D('',#19400,#15579,#15580);
#12890=AXIS2_PLACEMENT_3D('',#19402,#15581,#15582);
#12891=AXIS2_PLACEMENT_3D('',#19403,#15583,#15584);
#12892=AXIS2_PLACEMENT_3D('',#19405,#15585,#15586);
#12893=AXIS2_PLACEMENT_3D('',#19406,#15587,#15588);
#12894=AXIS2_PLACEMENT_3D('',#19407,#15589,#15590);
#12895=AXIS2_PLACEMENT_3D('',#19408,#15591,#15592);
#12896=AXIS2_PLACEMENT_3D('',#19409,#15593,#15594);
#12897=AXIS2_PLACEMENT_3D('',#19411,#15595,#15596);
#12898=AXIS2_PLACEMENT_3D('',#19413,#15597,#15598);
#12899=AXIS2_PLACEMENT_3D('',#19414,#15599,#15600);
#12900=AXIS2_PLACEMENT_3D('',#19416,#15601,#15602);
#12901=AXIS2_PLACEMENT_3D('',#19418,#15603,#15604);
#12902=AXIS2_PLACEMENT_3D('',#19419,#15605,#15606);
#12903=AXIS2_PLACEMENT_3D('',#19421,#15607,#15608);
#12904=AXIS2_PLACEMENT_3D('',#19422,#15609,#15610);
#12905=AXIS2_PLACEMENT_3D('',#19423,#15611,#15612);
#12906=AXIS2_PLACEMENT_3D('',#19424,#15613,#15614);
#12907=AXIS2_PLACEMENT_3D('',#19425,#15615,#15616);
#12908=AXIS2_PLACEMENT_3D('',#19427,#15617,#15618);
#12909=AXIS2_PLACEMENT_3D('',#19429,#15619,#15620);
#12910=AXIS2_PLACEMENT_3D('',#19430,#15621,#15622);
#12911=AXIS2_PLACEMENT_3D('',#19432,#15623,#15624);
#12912=AXIS2_PLACEMENT_3D('',#19434,#15625,#15626);
#12913=AXIS2_PLACEMENT_3D('',#19435,#15627,#15628);
#12914=AXIS2_PLACEMENT_3D('',#19437,#15629,#15630);
#12915=AXIS2_PLACEMENT_3D('',#19438,#15631,#15632);
#12916=AXIS2_PLACEMENT_3D('',#19439,#15633,#15634);
#12917=AXIS2_PLACEMENT_3D('',#19440,#15635,#15636);
#12918=AXIS2_PLACEMENT_3D('',#19441,#15637,#15638);
#12919=AXIS2_PLACEMENT_3D('',#19443,#15639,#15640);
#12920=AXIS2_PLACEMENT_3D('',#19445,#15641,#15642);
#12921=AXIS2_PLACEMENT_3D('',#19446,#15643,#15644);
#12922=AXIS2_PLACEMENT_3D('',#19448,#15645,#15646);
#12923=AXIS2_PLACEMENT_3D('',#19450,#15647,#15648);
#12924=AXIS2_PLACEMENT_3D('',#19451,#15649,#15650);
#12925=AXIS2_PLACEMENT_3D('',#19453,#15651,#15652);
#12926=AXIS2_PLACEMENT_3D('',#19454,#15653,#15654);
#12927=AXIS2_PLACEMENT_3D('',#19455,#15655,#15656);
#12928=AXIS2_PLACEMENT_3D('',#19456,#15657,#15658);
#12929=AXIS2_PLACEMENT_3D('',#19457,#15659,#15660);
#12930=AXIS2_PLACEMENT_3D('',#19459,#15661,#15662);
#12931=AXIS2_PLACEMENT_3D('',#19461,#15663,#15664);
#12932=AXIS2_PLACEMENT_3D('',#19462,#15665,#15666);
#12933=AXIS2_PLACEMENT_3D('',#19464,#15667,#15668);
#12934=AXIS2_PLACEMENT_3D('',#19466,#15669,#15670);
#12935=AXIS2_PLACEMENT_3D('',#19467,#15671,#15672);
#12936=AXIS2_PLACEMENT_3D('',#19469,#15673,#15674);
#12937=AXIS2_PLACEMENT_3D('',#19470,#15675,#15676);
#12938=AXIS2_PLACEMENT_3D('',#19471,#15677,#15678);
#12939=AXIS2_PLACEMENT_3D('',#19472,#15679,#15680);
#12940=AXIS2_PLACEMENT_3D('',#19473,#15681,#15682);
#12941=AXIS2_PLACEMENT_3D('',#19475,#15683,#15684);
#12942=AXIS2_PLACEMENT_3D('',#19477,#15685,#15686);
#12943=AXIS2_PLACEMENT_3D('',#19478,#15687,#15688);
#12944=AXIS2_PLACEMENT_3D('',#19480,#15689,#15690);
#12945=AXIS2_PLACEMENT_3D('',#19482,#15691,#15692);
#12946=AXIS2_PLACEMENT_3D('',#19483,#15693,#15694);
#12947=AXIS2_PLACEMENT_3D('',#19485,#15695,#15696);
#12948=AXIS2_PLACEMENT_3D('',#19486,#15697,#15698);
#12949=AXIS2_PLACEMENT_3D('',#19487,#15699,#15700);
#12950=AXIS2_PLACEMENT_3D('',#19488,#15701,#15702);
#12951=AXIS2_PLACEMENT_3D('',#19489,#15703,#15704);
#12952=AXIS2_PLACEMENT_3D('',#19491,#15705,#15706);
#12953=AXIS2_PLACEMENT_3D('',#19493,#15707,#15708);
#12954=AXIS2_PLACEMENT_3D('',#19494,#15709,#15710);
#12955=AXIS2_PLACEMENT_3D('',#19496,#15711,#15712);
#12956=AXIS2_PLACEMENT_3D('',#19498,#15713,#15714);
#12957=AXIS2_PLACEMENT_3D('',#19499,#15715,#15716);
#12958=AXIS2_PLACEMENT_3D('',#19501,#15717,#15718);
#12959=AXIS2_PLACEMENT_3D('',#19502,#15719,#15720);
#12960=AXIS2_PLACEMENT_3D('',#19503,#15721,#15722);
#12961=AXIS2_PLACEMENT_3D('',#19504,#15723,#15724);
#12962=AXIS2_PLACEMENT_3D('',#19505,#15725,#15726);
#12963=AXIS2_PLACEMENT_3D('',#19507,#15727,#15728);
#12964=AXIS2_PLACEMENT_3D('',#19509,#15729,#15730);
#12965=AXIS2_PLACEMENT_3D('',#19510,#15731,#15732);
#12966=AXIS2_PLACEMENT_3D('',#19512,#15733,#15734);
#12967=AXIS2_PLACEMENT_3D('',#19514,#15735,#15736);
#12968=AXIS2_PLACEMENT_3D('',#19515,#15737,#15738);
#12969=AXIS2_PLACEMENT_3D('',#19517,#15739,#15740);
#12970=AXIS2_PLACEMENT_3D('',#19518,#15741,#15742);
#12971=AXIS2_PLACEMENT_3D('',#19519,#15743,#15744);
#12972=AXIS2_PLACEMENT_3D('',#19520,#15745,#15746);
#12973=AXIS2_PLACEMENT_3D('',#19521,#15747,#15748);
#12974=AXIS2_PLACEMENT_3D('',#19523,#15749,#15750);
#12975=AXIS2_PLACEMENT_3D('',#19525,#15751,#15752);
#12976=AXIS2_PLACEMENT_3D('',#19526,#15753,#15754);
#12977=AXIS2_PLACEMENT_3D('',#19528,#15755,#15756);
#12978=AXIS2_PLACEMENT_3D('',#19530,#15757,#15758);
#12979=AXIS2_PLACEMENT_3D('',#19531,#15759,#15760);
#12980=AXIS2_PLACEMENT_3D('',#19533,#15761,#15762);
#12981=AXIS2_PLACEMENT_3D('',#19534,#15763,#15764);
#12982=AXIS2_PLACEMENT_3D('',#19535,#15765,#15766);
#12983=AXIS2_PLACEMENT_3D('',#19536,#15767,#15768);
#12984=AXIS2_PLACEMENT_3D('',#19537,#15769,#15770);
#12985=AXIS2_PLACEMENT_3D('',#19539,#15771,#15772);
#12986=AXIS2_PLACEMENT_3D('',#19541,#15773,#15774);
#12987=AXIS2_PLACEMENT_3D('',#19542,#15775,#15776);
#12988=AXIS2_PLACEMENT_3D('',#19544,#15777,#15778);
#12989=AXIS2_PLACEMENT_3D('',#19546,#15779,#15780);
#12990=AXIS2_PLACEMENT_3D('',#19547,#15781,#15782);
#12991=AXIS2_PLACEMENT_3D('',#19549,#15783,#15784);
#12992=AXIS2_PLACEMENT_3D('',#19550,#15785,#15786);
#12993=AXIS2_PLACEMENT_3D('',#19551,#15787,#15788);
#12994=AXIS2_PLACEMENT_3D('',#19552,#15789,#15790);
#12995=AXIS2_PLACEMENT_3D('',#19553,#15791,#15792);
#12996=AXIS2_PLACEMENT_3D('',#19555,#15793,#15794);
#12997=AXIS2_PLACEMENT_3D('',#19557,#15795,#15796);
#12998=AXIS2_PLACEMENT_3D('',#19558,#15797,#15798);
#12999=AXIS2_PLACEMENT_3D('',#19560,#15799,#15800);
#13000=AXIS2_PLACEMENT_3D('',#19562,#15801,#15802);
#13001=AXIS2_PLACEMENT_3D('',#19563,#15803,#15804);
#13002=AXIS2_PLACEMENT_3D('',#19565,#15805,#15806);
#13003=AXIS2_PLACEMENT_3D('',#19566,#15807,#15808);
#13004=AXIS2_PLACEMENT_3D('',#19567,#15809,#15810);
#13005=AXIS2_PLACEMENT_3D('',#19568,#15811,#15812);
#13006=AXIS2_PLACEMENT_3D('',#19569,#15813,#15814);
#13007=AXIS2_PLACEMENT_3D('',#19571,#15815,#15816);
#13008=AXIS2_PLACEMENT_3D('',#19573,#15817,#15818);
#13009=AXIS2_PLACEMENT_3D('',#19574,#15819,#15820);
#13010=AXIS2_PLACEMENT_3D('',#19576,#15821,#15822);
#13011=AXIS2_PLACEMENT_3D('',#19578,#15823,#15824);
#13012=AXIS2_PLACEMENT_3D('',#19579,#15825,#15826);
#13013=AXIS2_PLACEMENT_3D('',#19581,#15827,#15828);
#13014=AXIS2_PLACEMENT_3D('',#19582,#15829,#15830);
#13015=AXIS2_PLACEMENT_3D('',#19583,#15831,#15832);
#13016=AXIS2_PLACEMENT_3D('',#19584,#15833,#15834);
#13017=AXIS2_PLACEMENT_3D('',#19585,#15835,#15836);
#13018=AXIS2_PLACEMENT_3D('',#19587,#15837,#15838);
#13019=AXIS2_PLACEMENT_3D('',#19589,#15839,#15840);
#13020=AXIS2_PLACEMENT_3D('',#19590,#15841,#15842);
#13021=AXIS2_PLACEMENT_3D('',#19592,#15843,#15844);
#13022=AXIS2_PLACEMENT_3D('',#19594,#15845,#15846);
#13023=AXIS2_PLACEMENT_3D('',#19595,#15847,#15848);
#13024=AXIS2_PLACEMENT_3D('',#19597,#15849,#15850);
#13025=AXIS2_PLACEMENT_3D('',#19598,#15851,#15852);
#13026=AXIS2_PLACEMENT_3D('',#19599,#15853,#15854);
#13027=AXIS2_PLACEMENT_3D('',#19600,#15855,#15856);
#13028=AXIS2_PLACEMENT_3D('',#19601,#15857,#15858);
#13029=AXIS2_PLACEMENT_3D('',#19603,#15859,#15860);
#13030=AXIS2_PLACEMENT_3D('',#19605,#15861,#15862);
#13031=AXIS2_PLACEMENT_3D('',#19606,#15863,#15864);
#13032=AXIS2_PLACEMENT_3D('',#19608,#15865,#15866);
#13033=AXIS2_PLACEMENT_3D('',#19609,#15867,#15868);
#13034=AXIS2_PLACEMENT_3D('',#19610,#15869,#15870);
#13035=AXIS2_PLACEMENT_3D('',#19612,#15871,#15872);
#13036=AXIS2_PLACEMENT_3D('',#19613,#15873,#15874);
#13037=AXIS2_PLACEMENT_3D('',#19615,#15875,#15876);
#13038=AXIS2_PLACEMENT_3D('',#19616,#15877,#15878);
#13039=AXIS2_PLACEMENT_3D('',#19617,#15879,#15880);
#13040=AXIS2_PLACEMENT_3D('',#19619,#15881,#15882);
#13041=AXIS2_PLACEMENT_3D('',#19621,#15883,#15884);
#13042=AXIS2_PLACEMENT_3D('',#19622,#15885,#15886);
#13043=AXIS2_PLACEMENT_3D('',#19624,#15887,#15888);
#13044=AXIS2_PLACEMENT_3D('',#19626,#15889,#15890);
#13045=AXIS2_PLACEMENT_3D('',#19627,#15891,#15892);
#13046=AXIS2_PLACEMENT_3D('',#19629,#15893,#15894);
#13047=AXIS2_PLACEMENT_3D('',#19630,#15895,#15896);
#13048=AXIS2_PLACEMENT_3D('',#19631,#15897,#15898);
#13049=AXIS2_PLACEMENT_3D('',#19632,#15899,#15900);
#13050=AXIS2_PLACEMENT_3D('',#19638,#15904,#15905);
#13051=AXIS2_PLACEMENT_3D('',#19644,#15909,#15910);
#13052=AXIS2_PLACEMENT_3D('',#19650,#15914,#15915);
#13053=AXIS2_PLACEMENT_3D('',#19656,#15919,#15920);
#13054=AXIS2_PLACEMENT_3D('',#19657,#15921,#15922);
#13055=AXIS2_PLACEMENT_3D('',#19658,#15923,#15924);
#13056=AXIS2_PLACEMENT_3D('',#19659,#15925,#15926);
#13057=AXIS2_PLACEMENT_3D('',#19660,#15927,#15928);
#13058=AXIS2_PLACEMENT_3D('',#19661,#15929,#15930);
#13059=AXIS2_PLACEMENT_3D('',#19662,#15931,#15932);
#13060=AXIS2_PLACEMENT_3D('',#19663,#15933,#15934);
#13061=AXIS2_PLACEMENT_3D('',#19664,#15935,#15936);
#13062=AXIS2_PLACEMENT_3D('',#19667,#15939,#15940);
#13063=AXIS2_PLACEMENT_3D('',#19675,#15946,#15947);
#13064=AXIS2_PLACEMENT_3D('',#19681,#15952,#15953);
#13065=AXIS2_PLACEMENT_3D('',#19687,#15958,#15959);
#13066=AXIS2_PLACEMENT_3D('',#19688,#15960,#15961);
#13067=AXIS2_PLACEMENT_3D('',#19689,#15962,#15963);
#13068=AXIS2_PLACEMENT_3D('',#19690,#15964,#15965);
#13069=AXIS2_PLACEMENT_3D('',#19691,#15966,#15967);
#13070=AXIS2_PLACEMENT_3D('',#19692,#15968,#15969);
#13071=AXIS2_PLACEMENT_3D('',#19693,#15970,#15971);
#13072=AXIS2_PLACEMENT_3D('',#19694,#15972,#15973);
#13073=AXIS2_PLACEMENT_3D('',#19695,#15974,#15975);
#13074=AXIS2_PLACEMENT_3D('',#19696,#15976,#15977);
#13075=AXIS2_PLACEMENT_3D('',#19697,#15978,#15979);
#13076=AXIS2_PLACEMENT_3D('',#19698,#15980,#15981);
#13077=AXIS2_PLACEMENT_3D('',#19699,#15982,#15983);
#13078=AXIS2_PLACEMENT_3D('',#19700,#15984,#15985);
#13079=AXIS2_PLACEMENT_3D('',#19701,#15986,#15987);
#13080=AXIS2_PLACEMENT_3D('',#19702,#15988,#15989);
#13081=AXIS2_PLACEMENT_3D('',#19703,#15990,#15991);
#13082=AXIS2_PLACEMENT_3D('',#19704,#15992,#15993);
#13083=AXIS2_PLACEMENT_3D('',#19705,#15994,#15995);
#13084=AXIS2_PLACEMENT_3D('',#19706,#15996,#15997);
#13085=AXIS2_PLACEMENT_3D('',#19707,#15998,#15999);
#13086=AXIS2_PLACEMENT_3D('',#19711,#16002,#16003);
#13087=AXIS2_PLACEMENT_3D('',#19715,#16006,#16007);
#13088=AXIS2_PLACEMENT_3D('',#19719,#16010,#16011);
#13089=AXIS2_PLACEMENT_3D('',#19723,#16014,#16015);
#13090=AXIS2_PLACEMENT_3D('',#19725,#16017,#16018);
#13091=AXIS2_PLACEMENT_3D('',#19726,#16019,#16020);
#13092=AXIS2_PLACEMENT_3D('',#19737,#16026,#16027);
#13093=AXIS2_PLACEMENT_3D('',#19748,#16033,#16034);
#13094=AXIS2_PLACEMENT_3D('',#19750,#16036,#16037);
#13095=AXIS2_PLACEMENT_3D('',#19754,#16039,#16040);
#13096=AXIS2_PLACEMENT_3D('',#19755,#16041,#16042);
#13097=AXIS2_PLACEMENT_3D('',#19756,#16043,#16044);
#13098=AXIS2_PLACEMENT_3D('',#19761,#16046,#16047);
#13099=AXIS2_PLACEMENT_3D('',#19762,#16048,#16049);
#13100=AXIS2_PLACEMENT_3D('',#19763,#16050,#16051);
#13101=AXIS2_PLACEMENT_3D('',#19764,#16052,#16053);
#13102=AXIS2_PLACEMENT_3D('',#19765,#16054,#16055);
#13103=AXIS2_PLACEMENT_3D('',#19768,#16058,#16059);
#13104=AXIS2_PLACEMENT_3D('',#19769,#16060,#16061);
#13105=AXIS2_PLACEMENT_3D('',#19771,#16062,#16063);
#13106=AXIS2_PLACEMENT_3D('',#19772,#16064,#16065);
#13107=AXIS2_PLACEMENT_3D('',#19783,#16071,#16072);
#13108=AXIS2_PLACEMENT_3D('',#19794,#16078,#16079);
#13109=AXIS2_PLACEMENT_3D('',#19796,#16081,#16082);
#13110=AXIS2_PLACEMENT_3D('',#19800,#16084,#16085);
#13111=AXIS2_PLACEMENT_3D('',#19801,#16086,#16087);
#13112=AXIS2_PLACEMENT_3D('',#19802,#16088,#16089);
#13113=AXIS2_PLACEMENT_3D('',#19804,#16090,#16091);
#13114=AXIS2_PLACEMENT_3D('',#19808,#16093,#16094);
#13115=AXIS2_PLACEMENT_3D('',#19809,#16095,#16096);
#13116=AXIS2_PLACEMENT_3D('',#19810,#16097,#16098);
#13117=AXIS2_PLACEMENT_3D('',#19811,#16099,#16100);
#13118=AXIS2_PLACEMENT_3D('',#19814,#16103,#16104);
#13119=AXIS2_PLACEMENT_3D('',#19815,#16105,#16106);
#13120=AXIS2_PLACEMENT_3D('',#19817,#16107,#16108);
#13121=AXIS2_PLACEMENT_3D('',#19818,#16109,#16110);
#13122=AXIS2_PLACEMENT_3D('',#19829,#16116,#16117);
#13123=AXIS2_PLACEMENT_3D('',#19840,#16123,#16124);
#13124=AXIS2_PLACEMENT_3D('',#19842,#16126,#16127);
#13125=AXIS2_PLACEMENT_3D('',#19846,#16129,#16130);
#13126=AXIS2_PLACEMENT_3D('',#19847,#16131,#16132);
#13127=AXIS2_PLACEMENT_3D('',#19848,#16133,#16134);
#13128=AXIS2_PLACEMENT_3D('',#19850,#16135,#16136);
#13129=AXIS2_PLACEMENT_3D('',#19854,#16138,#16139);
#13130=AXIS2_PLACEMENT_3D('',#19855,#16140,#16141);
#13131=AXIS2_PLACEMENT_3D('',#19856,#16142,#16143);
#13132=AXIS2_PLACEMENT_3D('',#19857,#16144,#16145);
#13133=AXIS2_PLACEMENT_3D('',#19860,#16148,#16149);
#13134=AXIS2_PLACEMENT_3D('',#19861,#16150,#16151);
#13135=AXIS2_PLACEMENT_3D('',#19863,#16152,#16153);
#13136=AXIS2_PLACEMENT_3D('',#19864,#16154,#16155);
#13137=AXIS2_PLACEMENT_3D('',#19875,#16161,#16162);
#13138=AXIS2_PLACEMENT_3D('',#19886,#16168,#16169);
#13139=AXIS2_PLACEMENT_3D('',#19888,#16171,#16172);
#13140=AXIS2_PLACEMENT_3D('',#19892,#16174,#16175);
#13141=AXIS2_PLACEMENT_3D('',#19893,#16176,#16177);
#13142=AXIS2_PLACEMENT_3D('',#19894,#16178,#16179);
#13143=AXIS2_PLACEMENT_3D('',#19896,#16180,#16181);
#13144=AXIS2_PLACEMENT_3D('',#19900,#16183,#16184);
#13145=AXIS2_PLACEMENT_3D('',#19901,#16185,#16186);
#13146=AXIS2_PLACEMENT_3D('',#19902,#16187,#16188);
#13147=AXIS2_PLACEMENT_3D('',#19903,#16189,#16190);
#13148=AXIS2_PLACEMENT_3D('',#19906,#16193,#16194);
#13149=AXIS2_PLACEMENT_3D('',#19907,#16195,#16196);
#13150=AXIS2_PLACEMENT_3D('',#19909,#16197,#16198);
#13151=AXIS2_PLACEMENT_3D('',#19910,#16199,#16200);
#13152=AXIS2_PLACEMENT_3D('',#19921,#16206,#16207);
#13153=AXIS2_PLACEMENT_3D('',#19932,#16213,#16214);
#13154=AXIS2_PLACEMENT_3D('',#19934,#16216,#16217);
#13155=AXIS2_PLACEMENT_3D('',#19938,#16219,#16220);
#13156=AXIS2_PLACEMENT_3D('',#19939,#16221,#16222);
#13157=AXIS2_PLACEMENT_3D('',#19940,#16223,#16224);
#13158=AXIS2_PLACEMENT_3D('',#19942,#16225,#16226);
#13159=AXIS2_PLACEMENT_3D('',#19946,#16228,#16229);
#13160=AXIS2_PLACEMENT_3D('',#19947,#16230,#16231);
#13161=AXIS2_PLACEMENT_3D('',#19948,#16232,#16233);
#13162=AXIS2_PLACEMENT_3D('',#19949,#16234,#16235);
#13163=AXIS2_PLACEMENT_3D('',#19952,#16238,#16239);
#13164=AXIS2_PLACEMENT_3D('',#19953,#16240,#16241);
#13165=AXIS2_PLACEMENT_3D('',#19955,#16242,#16243);
#13166=AXIS2_PLACEMENT_3D('',#19956,#16244,#16245);
#13167=AXIS2_PLACEMENT_3D('',#19967,#16251,#16252);
#13168=AXIS2_PLACEMENT_3D('',#19978,#16258,#16259);
#13169=AXIS2_PLACEMENT_3D('',#19980,#16261,#16262);
#13170=AXIS2_PLACEMENT_3D('',#19984,#16264,#16265);
#13171=AXIS2_PLACEMENT_3D('',#19985,#16266,#16267);
#13172=AXIS2_PLACEMENT_3D('',#19986,#16268,#16269);
#13173=AXIS2_PLACEMENT_3D('',#19988,#16270,#16271);
#13174=AXIS2_PLACEMENT_3D('',#19992,#16273,#16274);
#13175=AXIS2_PLACEMENT_3D('',#19993,#16275,#16276);
#13176=AXIS2_PLACEMENT_3D('',#19994,#16277,#16278);
#13177=AXIS2_PLACEMENT_3D('',#19995,#16279,#16280);
#13178=AXIS2_PLACEMENT_3D('',#19998,#16283,#16284);
#13179=AXIS2_PLACEMENT_3D('',#19999,#16285,#16286);
#13180=AXIS2_PLACEMENT_3D('',#20001,#16287,#16288);
#13181=AXIS2_PLACEMENT_3D('',#20002,#16289,#16290);
#13182=AXIS2_PLACEMENT_3D('',#20013,#16296,#16297);
#13183=AXIS2_PLACEMENT_3D('',#20024,#16303,#16304);
#13184=AXIS2_PLACEMENT_3D('',#20026,#16306,#16307);
#13185=AXIS2_PLACEMENT_3D('',#20030,#16309,#16310);
#13186=AXIS2_PLACEMENT_3D('',#20031,#16311,#16312);
#13187=AXIS2_PLACEMENT_3D('',#20032,#16313,#16314);
#13188=AXIS2_PLACEMENT_3D('',#20034,#16315,#16316);
#13189=AXIS2_PLACEMENT_3D('',#20038,#16318,#16319);
#13190=AXIS2_PLACEMENT_3D('',#20039,#16320,#16321);
#13191=AXIS2_PLACEMENT_3D('',#20040,#16322,#16323);
#13192=AXIS2_PLACEMENT_3D('',#20041,#16324,#16325);
#13193=AXIS2_PLACEMENT_3D('',#20044,#16328,#16329);
#13194=AXIS2_PLACEMENT_3D('',#20045,#16330,#16331);
#13195=AXIS2_PLACEMENT_3D('',#20047,#16332,#16333);
#13196=AXIS2_PLACEMENT_3D('',#20048,#16334,#16335);
#13197=AXIS2_PLACEMENT_3D('',#20059,#16341,#16342);
#13198=AXIS2_PLACEMENT_3D('',#20070,#16348,#16349);
#13199=AXIS2_PLACEMENT_3D('',#20072,#16351,#16352);
#13200=AXIS2_PLACEMENT_3D('',#20076,#16354,#16355);
#13201=AXIS2_PLACEMENT_3D('',#20077,#16356,#16357);
#13202=AXIS2_PLACEMENT_3D('',#20078,#16358,#16359);
#13203=AXIS2_PLACEMENT_3D('',#20083,#16361,#16362);
#13204=AXIS2_PLACEMENT_3D('',#20084,#16363,#16364);
#13205=AXIS2_PLACEMENT_3D('',#20085,#16365,#16366);
#13206=AXIS2_PLACEMENT_3D('',#20086,#16367,#16368);
#13207=AXIS2_PLACEMENT_3D('',#20087,#16369,#16370);
#13208=AXIS2_PLACEMENT_3D('',#20090,#16373,#16374);
#13209=AXIS2_PLACEMENT_3D('',#20091,#16375,#16376);
#13210=AXIS2_PLACEMENT_3D('',#20093,#16377,#16378);
#13211=AXIS2_PLACEMENT_3D('',#20094,#16379,#16380);
#13212=AXIS2_PLACEMENT_3D('',#20105,#16386,#16387);
#13213=AXIS2_PLACEMENT_3D('',#20116,#16393,#16394);
#13214=AXIS2_PLACEMENT_3D('',#20118,#16396,#16397);
#13215=AXIS2_PLACEMENT_3D('',#20122,#16399,#16400);
#13216=AXIS2_PLACEMENT_3D('',#20123,#16401,#16402);
#13217=AXIS2_PLACEMENT_3D('',#20124,#16403,#16404);
#13218=AXIS2_PLACEMENT_3D('',#20126,#16405,#16406);
#13219=AXIS2_PLACEMENT_3D('',#20130,#16408,#16409);
#13220=AXIS2_PLACEMENT_3D('',#20131,#16410,#16411);
#13221=AXIS2_PLACEMENT_3D('',#20132,#16412,#16413);
#13222=AXIS2_PLACEMENT_3D('',#20133,#16414,#16415);
#13223=AXIS2_PLACEMENT_3D('',#20136,#16418,#16419);
#13224=AXIS2_PLACEMENT_3D('',#20137,#16420,#16421);
#13225=AXIS2_PLACEMENT_3D('',#20139,#16422,#16423);
#13226=AXIS2_PLACEMENT_3D('',#20140,#16424,#16425);
#13227=AXIS2_PLACEMENT_3D('',#20151,#16431,#16432);
#13228=AXIS2_PLACEMENT_3D('',#20162,#16438,#16439);
#13229=AXIS2_PLACEMENT_3D('',#20164,#16441,#16442);
#13230=AXIS2_PLACEMENT_3D('',#20168,#16444,#16445);
#13231=AXIS2_PLACEMENT_3D('',#20169,#16446,#16447);
#13232=AXIS2_PLACEMENT_3D('',#20170,#16448,#16449);
#13233=AXIS2_PLACEMENT_3D('',#20175,#16451,#16452);
#13234=AXIS2_PLACEMENT_3D('',#20176,#16453,#16454);
#13235=AXIS2_PLACEMENT_3D('',#20177,#16455,#16456);
#13236=AXIS2_PLACEMENT_3D('',#20178,#16457,#16458);
#13237=AXIS2_PLACEMENT_3D('',#20179,#16459,#16460);
#13238=AXIS2_PLACEMENT_3D('',#20182,#16463,#16464);
#13239=AXIS2_PLACEMENT_3D('',#20183,#16465,#16466);
#13240=AXIS2_PLACEMENT_3D('',#20185,#16467,#16468);
#13241=AXIS2_PLACEMENT_3D('',#20186,#16469,#16470);
#13242=AXIS2_PLACEMENT_3D('',#20197,#16476,#16477);
#13243=AXIS2_PLACEMENT_3D('',#20208,#16483,#16484);
#13244=AXIS2_PLACEMENT_3D('',#20210,#16486,#16487);
#13245=AXIS2_PLACEMENT_3D('',#20214,#16489,#16490);
#13246=AXIS2_PLACEMENT_3D('',#20215,#16491,#16492);
#13247=AXIS2_PLACEMENT_3D('',#20216,#16493,#16494);
#13248=AXIS2_PLACEMENT_3D('',#20221,#16496,#16497);
#13249=AXIS2_PLACEMENT_3D('',#20222,#16498,#16499);
#13250=AXIS2_PLACEMENT_3D('',#20223,#16500,#16501);
#13251=AXIS2_PLACEMENT_3D('',#20224,#16502,#16503);
#13252=AXIS2_PLACEMENT_3D('',#20225,#16504,#16505);
#13253=AXIS2_PLACEMENT_3D('',#20228,#16508,#16509);
#13254=AXIS2_PLACEMENT_3D('',#20229,#16510,#16511);
#13255=AXIS2_PLACEMENT_3D('',#20231,#16512,#16513);
#13256=AXIS2_PLACEMENT_3D('',#20232,#16514,#16515);
#13257=AXIS2_PLACEMENT_3D('',#20243,#16521,#16522);
#13258=AXIS2_PLACEMENT_3D('',#20254,#16528,#16529);
#13259=AXIS2_PLACEMENT_3D('',#20256,#16531,#16532);
#13260=AXIS2_PLACEMENT_3D('',#20260,#16534,#16535);
#13261=AXIS2_PLACEMENT_3D('',#20261,#16536,#16537);
#13262=AXIS2_PLACEMENT_3D('',#20262,#16538,#16539);
#13263=AXIS2_PLACEMENT_3D('',#20264,#16540,#16541);
#13264=AXIS2_PLACEMENT_3D('',#20268,#16543,#16544);
#13265=AXIS2_PLACEMENT_3D('',#20269,#16545,#16546);
#13266=AXIS2_PLACEMENT_3D('',#20270,#16547,#16548);
#13267=AXIS2_PLACEMENT_3D('',#20271,#16549,#16550);
#13268=AXIS2_PLACEMENT_3D('',#20274,#16553,#16554);
#13269=AXIS2_PLACEMENT_3D('',#20275,#16555,#16556);
#13270=AXIS2_PLACEMENT_3D('',#20277,#16557,#16558);
#13271=AXIS2_PLACEMENT_3D('',#20278,#16559,#16560);
#13272=AXIS2_PLACEMENT_3D('',#20289,#16566,#16567);
#13273=AXIS2_PLACEMENT_3D('',#20300,#16573,#16574);
#13274=AXIS2_PLACEMENT_3D('',#20302,#16576,#16577);
#13275=AXIS2_PLACEMENT_3D('',#20306,#16579,#16580);
#13276=AXIS2_PLACEMENT_3D('',#20307,#16581,#16582);
#13277=AXIS2_PLACEMENT_3D('',#20308,#16583,#16584);
#13278=AXIS2_PLACEMENT_3D('',#20313,#16586,#16587);
#13279=AXIS2_PLACEMENT_3D('',#20314,#16588,#16589);
#13280=AXIS2_PLACEMENT_3D('',#20315,#16590,#16591);
#13281=AXIS2_PLACEMENT_3D('',#20316,#16592,#16593);
#13282=AXIS2_PLACEMENT_3D('',#20317,#16594,#16595);
#13283=AXIS2_PLACEMENT_3D('',#20320,#16598,#16599);
#13284=AXIS2_PLACEMENT_3D('',#20321,#16600,#16601);
#13285=AXIS2_PLACEMENT_3D('',#20323,#16602,#16603);
#13286=AXIS2_PLACEMENT_3D('',#20324,#16604,#16605);
#13287=AXIS2_PLACEMENT_3D('',#20335,#16611,#16612);
#13288=AXIS2_PLACEMENT_3D('',#20346,#16618,#16619);
#13289=AXIS2_PLACEMENT_3D('',#20348,#16621,#16622);
#13290=AXIS2_PLACEMENT_3D('',#20352,#16624,#16625);
#13291=AXIS2_PLACEMENT_3D('',#20353,#16626,#16627);
#13292=AXIS2_PLACEMENT_3D('',#20354,#16628,#16629);
#13293=AXIS2_PLACEMENT_3D('',#20356,#16630,#16631);
#13294=AXIS2_PLACEMENT_3D('',#20360,#16633,#16634);
#13295=AXIS2_PLACEMENT_3D('',#20361,#16635,#16636);
#13296=AXIS2_PLACEMENT_3D('',#20362,#16637,#16638);
#13297=AXIS2_PLACEMENT_3D('',#20363,#16639,#16640);
#13298=AXIS2_PLACEMENT_3D('',#20366,#16643,#16644);
#13299=AXIS2_PLACEMENT_3D('',#20367,#16645,#16646);
#13300=AXIS2_PLACEMENT_3D('',#20369,#16647,#16648);
#13301=AXIS2_PLACEMENT_3D('',#20370,#16649,#16650);
#13302=AXIS2_PLACEMENT_3D('',#20381,#16656,#16657);
#13303=AXIS2_PLACEMENT_3D('',#20392,#16663,#16664);
#13304=AXIS2_PLACEMENT_3D('',#20394,#16666,#16667);
#13305=AXIS2_PLACEMENT_3D('',#20398,#16669,#16670);
#13306=AXIS2_PLACEMENT_3D('',#20399,#16671,#16672);
#13307=AXIS2_PLACEMENT_3D('',#20400,#16673,#16674);
#13308=AXIS2_PLACEMENT_3D('',#20402,#16675,#16676);
#13309=AXIS2_PLACEMENT_3D('',#20406,#16678,#16679);
#13310=AXIS2_PLACEMENT_3D('',#20407,#16680,#16681);
#13311=AXIS2_PLACEMENT_3D('',#20408,#16682,#16683);
#13312=AXIS2_PLACEMENT_3D('',#20409,#16684,#16685);
#13313=AXIS2_PLACEMENT_3D('',#20412,#16688,#16689);
#13314=AXIS2_PLACEMENT_3D('',#20413,#16690,#16691);
#13315=AXIS2_PLACEMENT_3D('',#20415,#16692,#16693);
#13316=AXIS2_PLACEMENT_3D('',#20416,#16694,#16695);
#13317=AXIS2_PLACEMENT_3D('',#20427,#16701,#16702);
#13318=AXIS2_PLACEMENT_3D('',#20438,#16708,#16709);
#13319=AXIS2_PLACEMENT_3D('',#20440,#16711,#16712);
#13320=AXIS2_PLACEMENT_3D('',#20444,#16714,#16715);
#13321=AXIS2_PLACEMENT_3D('',#20445,#16716,#16717);
#13322=AXIS2_PLACEMENT_3D('',#20446,#16718,#16719);
#13323=AXIS2_PLACEMENT_3D('',#20448,#16720,#16721);
#13324=AXIS2_PLACEMENT_3D('',#20452,#16723,#16724);
#13325=AXIS2_PLACEMENT_3D('',#20453,#16725,#16726);
#13326=AXIS2_PLACEMENT_3D('',#20454,#16727,#16728);
#13327=AXIS2_PLACEMENT_3D('',#20455,#16729,#16730);
#13328=AXIS2_PLACEMENT_3D('',#20458,#16733,#16734);
#13329=AXIS2_PLACEMENT_3D('',#20459,#16735,#16736);
#13330=AXIS2_PLACEMENT_3D('',#20461,#16737,#16738);
#13331=AXIS2_PLACEMENT_3D('',#20462,#16739,#16740);
#13332=AXIS2_PLACEMENT_3D('',#20463,#16741,#16742);
#13333=AXIS2_PLACEMENT_3D('',#20464,#16743,#16744);
#13334=AXIS2_PLACEMENT_3D('',#20465,#16745,#16746);
#13335=AXIS2_PLACEMENT_3D('',#20466,#16747,#16748);
#13336=AXIS2_PLACEMENT_3D('',#20467,#16749,#16750);
#13337=AXIS2_PLACEMENT_3D('',#20468,#16751,#16752);
#13338=AXIS2_PLACEMENT_3D('',#20469,#16753,#16754);
#13339=AXIS2_PLACEMENT_3D('',#20470,#16755,#16756);
#13340=AXIS2_PLACEMENT_3D('',#20471,#16757,#16758);
#13341=AXIS2_PLACEMENT_3D('',#20472,#16759,#16760);
#13342=AXIS2_PLACEMENT_3D('',#20473,#16761,#16762);
#13343=AXIS2_PLACEMENT_3D('',#20474,#16763,#16764);
#13344=AXIS2_PLACEMENT_3D('',#20475,#16765,#16766);
#13345=AXIS2_PLACEMENT_3D('',#20476,#16767,#16768);
#13346=AXIS2_PLACEMENT_3D('',#20477,#16769,#16770);
#13347=AXIS2_PLACEMENT_3D('',#20478,#16771,#16772);
#13348=AXIS2_PLACEMENT_3D('',#20479,#16773,#16774);
#13349=AXIS2_PLACEMENT_3D('',#20480,#16775,#16776);
#13350=AXIS2_PLACEMENT_3D('',#20481,#16777,#16778);
#13351=AXIS2_PLACEMENT_3D('',#20482,#16779,#16780);
#13352=AXIS2_PLACEMENT_3D('',#20483,#16781,#16782);
#13353=AXIS2_PLACEMENT_3D('',#20484,#16783,#16784);
#13354=AXIS2_PLACEMENT_3D('',#20485,#16785,#16786);
#13355=AXIS2_PLACEMENT_3D('',#20486,#16787,#16788);
#13356=AXIS2_PLACEMENT_3D('',#20487,#16789,#16790);
#13357=AXIS2_PLACEMENT_3D('',#20488,#16791,#16792);
#13358=AXIS2_PLACEMENT_3D('',#20489,#16793,#16794);
#13359=AXIS2_PLACEMENT_3D('',#20490,#16795,#16796);
#13360=AXIS2_PLACEMENT_3D('',#20491,#16797,#16798);
#13361=AXIS2_PLACEMENT_3D('',#20492,#16799,#16800);
#13362=AXIS2_PLACEMENT_3D('',#20493,#16801,#16802);
#13363=AXIS2_PLACEMENT_3D('',#20494,#16803,#16804);
#13364=AXIS2_PLACEMENT_3D('',#20495,#16805,#16806);
#13365=AXIS2_PLACEMENT_3D('',#20496,#16807,#16808);
#13366=AXIS2_PLACEMENT_3D('',#20497,#16809,#16810);
#13367=AXIS2_PLACEMENT_3D('',#20498,#16811,#16812);
#13368=AXIS2_PLACEMENT_3D('',#20499,#16813,#16814);
#13369=AXIS2_PLACEMENT_3D('',#20500,#16815,#16816);
#13370=AXIS2_PLACEMENT_3D('',#20501,#16817,#16818);
#13371=AXIS2_PLACEMENT_3D('',#20502,#16819,#16820);
#13372=AXIS2_PLACEMENT_3D('',#20503,#16821,#16822);
#13373=AXIS2_PLACEMENT_3D('',#20504,#16823,#16824);
#13374=AXIS2_PLACEMENT_3D('',#20505,#16825,#16826);
#13375=AXIS2_PLACEMENT_3D('',#20506,#16827,#16828);
#13376=AXIS2_PLACEMENT_3D('',#20507,#16829,#16830);
#13377=AXIS2_PLACEMENT_3D('',#20508,#16831,#16832);
#13378=AXIS2_PLACEMENT_3D('',#20509,#16833,#16834);
#13379=AXIS2_PLACEMENT_3D('',#20510,#16835,#16836);
#13380=AXIS2_PLACEMENT_3D('',#20511,#16837,#16838);
#13381=AXIS2_PLACEMENT_3D('',#20512,#16839,#16840);
#13382=AXIS2_PLACEMENT_3D('',#20513,#16841,#16842);
#13383=AXIS2_PLACEMENT_3D('',#20514,#16843,#16844);
#13384=AXIS2_PLACEMENT_3D('',#20515,#16845,#16846);
#13385=AXIS2_PLACEMENT_3D('',#20516,#16847,#16848);
#13386=AXIS2_PLACEMENT_3D('',#20517,#16849,#16850);
#13387=AXIS2_PLACEMENT_3D('',#20518,#16851,#16852);
#13388=AXIS2_PLACEMENT_3D('',#20519,#16853,#16854);
#13389=AXIS2_PLACEMENT_3D('',#20520,#16855,#16856);
#13390=AXIS2_PLACEMENT_3D('',#20521,#16857,#16858);
#13391=AXIS2_PLACEMENT_3D('',#20522,#16859,#16860);
#13392=AXIS2_PLACEMENT_3D('',#20523,#16861,#16862);
#13393=AXIS2_PLACEMENT_3D('',#20524,#16863,#16864);
#13394=AXIS2_PLACEMENT_3D('',#20525,#16865,#16866);
#13395=AXIS2_PLACEMENT_3D('',#20526,#16867,#16868);
#13396=AXIS2_PLACEMENT_3D('',#20527,#16869,#16870);
#13397=AXIS2_PLACEMENT_3D('',#20528,#16871,#16872);
#13398=AXIS2_PLACEMENT_3D('',#20529,#16873,#16874);
#13399=AXIS2_PLACEMENT_3D('',#20530,#16875,#16876);
#13400=AXIS2_PLACEMENT_3D('',#20531,#16877,#16878);
#13401=AXIS2_PLACEMENT_3D('',#20532,#16879,#16880);
#13402=AXIS2_PLACEMENT_3D('',#20533,#16881,#16882);
#13403=AXIS2_PLACEMENT_3D('',#20534,#16883,#16884);
#13404=AXIS2_PLACEMENT_3D('',#20535,#16885,#16886);
#13405=AXIS2_PLACEMENT_3D('',#20536,#16887,#16888);
#13406=AXIS2_PLACEMENT_3D('',#20537,#16889,#16890);
#13407=AXIS2_PLACEMENT_3D('',#20538,#16891,#16892);
#13408=AXIS2_PLACEMENT_3D('',#20539,#16893,#16894);
#13409=AXIS2_PLACEMENT_3D('',#20540,#16895,#16896);
#13410=AXIS2_PLACEMENT_3D('',#20541,#16897,#16898);
#13411=AXIS2_PLACEMENT_3D('',#20542,#16899,#16900);
#13412=AXIS2_PLACEMENT_3D('',#20543,#16901,#16902);
#13413=AXIS2_PLACEMENT_3D('',#20544,#16903,#16904);
#13414=AXIS2_PLACEMENT_3D('',#20545,#16905,#16906);
#13415=AXIS2_PLACEMENT_3D('',#20546,#16907,#16908);
#13416=AXIS2_PLACEMENT_3D('',#20547,#16909,#16910);
#13417=AXIS2_PLACEMENT_3D('',#20548,#16911,#16912);
#13418=AXIS2_PLACEMENT_3D('',#20549,#16913,#16914);
#13419=AXIS2_PLACEMENT_3D('',#20550,#16915,#16916);
#13420=AXIS2_PLACEMENT_3D('',#20551,#16917,#16918);
#13421=AXIS2_PLACEMENT_3D('',#20552,#16919,#16920);
#13422=AXIS2_PLACEMENT_3D('',#20553,#16921,#16922);
#13423=AXIS2_PLACEMENT_3D('',#20554,#16923,#16924);
#13424=AXIS2_PLACEMENT_3D('',#20555,#16925,#16926);
#13425=AXIS2_PLACEMENT_3D('',#20556,#16927,#16928);
#13426=AXIS2_PLACEMENT_3D('',#20557,#16929,#16930);
#13427=AXIS2_PLACEMENT_3D('',#20558,#16931,#16932);
#13428=AXIS2_PLACEMENT_3D('',#20559,#16933,#16934);
#13429=AXIS2_PLACEMENT_3D('',#20560,#16935,#16936);
#13430=AXIS2_PLACEMENT_3D('',#20561,#16937,#16938);
#13431=AXIS2_PLACEMENT_3D('',#20562,#16939,#16940);
#13432=AXIS2_PLACEMENT_3D('',#20563,#16941,#16942);
#13433=AXIS2_PLACEMENT_3D('',#20564,#16943,#16944);
#13434=AXIS2_PLACEMENT_3D('',#20565,#16945,#16946);
#13435=AXIS2_PLACEMENT_3D('',#20566,#16947,#16948);
#13436=AXIS2_PLACEMENT_3D('',#20567,#16949,#16950);
#13437=AXIS2_PLACEMENT_3D('',#20568,#16951,#16952);
#13438=AXIS2_PLACEMENT_3D('',#20569,#16953,#16954);
#13439=AXIS2_PLACEMENT_3D('',#20570,#16955,#16956);
#13440=AXIS2_PLACEMENT_3D('',#20571,#16957,#16958);
#13441=AXIS2_PLACEMENT_3D('',#20572,#16959,#16960);
#13442=AXIS2_PLACEMENT_3D('',#20573,#16961,#16962);
#13443=DIRECTION('',(0.,0.,1.));
#13444=DIRECTION('',(1.,0.,0.));
#13445=DIRECTION('',(0.,0.982945435782591,-0.183897444990877));
#13446=DIRECTION('',(0.,-0.183897444990877,-0.982945435782591));
#13447=DIRECTION('',(0.,-0.183897444990877,-0.982945435782591));
#13448=DIRECTION('',(1.,0.,0.));
#13449=DIRECTION('',(0.,-0.183897444990877,-0.982945435782591));
#13450=DIRECTION('',(-1.,0.,0.));
#13451=DIRECTION('',(0.,-0.183897444990877,-0.982945435782591));
#13452=DIRECTION('',(1.,0.,0.));
#13453=DIRECTION('',(0.,-0.183897444990877,-0.982945435782591));
#13454=DIRECTION('',(-1.,0.,0.));
#13455=DIRECTION('',(1.,0.,0.));
#13456=DIRECTION('',(0.,0.183897444990877,0.982945435782591));
#13457=DIRECTION('',(1.,0.,0.));
#13458=DIRECTION('',(0.,0.183897444990877,0.982945435782591));
#13459=DIRECTION('',(0.,0.982945435782591,-0.183897444990877));
#13460=DIRECTION('',(0.,0.183897444990877,0.982945435782591));
#13461=DIRECTION('',(1.,0.,0.));
#13462=DIRECTION('',(0.,0.982945435782591,-0.183897444990877));
#13463=DIRECTION('',(0.,0.183897444990877,0.982945435782591));
#13464=DIRECTION('',(0.,0.183897444990877,0.982945435782591));
#13465=DIRECTION('',(1.,0.,0.));
#13466=DIRECTION('',(0.,0.183897444990877,0.982945435782591));
#13467=DIRECTION('',(1.,0.,0.));
#13468=DIRECTION('',(-0.103096519607022,0.18291752108476,0.977707670075839));
#13469=DIRECTION('',(1.,0.,0.));
#13470=DIRECTION('',(0.103096519607022,0.18291752108476,0.977707670075839));
#13471=DIRECTION('',(0.,-0.183897444990877,-0.982945435782591));
#13472=DIRECTION('',(1.,0.,0.));
#13473=DIRECTION('',(0.,-0.183897444990877,-0.982945435782591));
#13474=DIRECTION('',(-1.,0.,0.));
#13475=DIRECTION('',(0.,-0.183897444990877,-0.982945435782591));
#13476=DIRECTION('',(1.,0.,0.));
#13477=DIRECTION('',(0.,-0.183897444990877,-0.982945435782591));
#13478=DIRECTION('',(-1.,0.,0.));
#13479=DIRECTION('',(0.,-0.183897444990877,-0.982945435782591));
#13480=DIRECTION('',(1.,0.,0.));
#13481=DIRECTION('',(0.,-0.183897444990877,-0.982945435782591));
#13482=DIRECTION('',(-1.,0.,0.));
#13483=DIRECTION('',(0.994486383305592,0.,-0.104865787651465));
#13484=DIRECTION('',(-0.104524730799463,-0.0805857166550607,-0.991251997689029));
#13485=DIRECTION('',(-0.104532155083817,-0.0797051899287385,-0.991322405301099));
#13486=DIRECTION('',(0.00845068465049074,-0.996747682350549,0.0801413979023806));
#13487=DIRECTION('',(-0.104532155083817,-0.0797051899287385,-0.991322405301099));
#13488=DIRECTION('',(-0.00845068465049074,0.996747682350549,-0.0801413979023806));
#13489=DIRECTION('',(-0.00845068465049074,0.996747682350549,-0.0801413979023806));
#13490=DIRECTION('',(-0.104834689108563,0.0243520712751261,-0.994191462739508));
#13491=DIRECTION('',(0.,-1.,0.));
#13492=DIRECTION('',(0.103096519607022,0.18291752108476,0.977707670075839));
#13493=DIRECTION('',(-0.104532155083817,-0.0797051899287385,-0.991322405301099));
#13494=DIRECTION('',(0.00845068465049074,-0.996747682350549,0.0801413979023806));
#13495=DIRECTION('',(-0.104532155083817,-0.0797051899287385,-0.991322405301099));
#13496=DIRECTION('',(-0.00845068465049074,0.996747682350549,-0.0801413979023806));
#13497=DIRECTION('',(-0.104532155083817,-0.0797051899287385,-0.991322405301099));
#13498=DIRECTION('',(0.00845068465049074,-0.996747682350549,0.0801413979023806));
#13499=DIRECTION('',(-0.104532155083817,-0.0797051899287385,-0.991322405301099));
#13500=DIRECTION('',(-0.00845068465049074,0.996747682350549,-0.0801413979023806));
#13501=DIRECTION('',(0.,-0.999700148388105,-0.0244870029362543));
#13502=DIRECTION('',(0.,0.0244870029362543,-0.999700148388105));
#13503=DIRECTION('',(0.,-0.0244870029362543,0.999700148388106));
#13504=DIRECTION('',(-1.,0.,0.));
#13505=DIRECTION('',(0.,-0.0244870029362543,0.999700148388106));
#13506=DIRECTION('',(1.,0.,0.));
#13507=DIRECTION('',(0.,-0.0244870029362543,0.999700148388106));
#13508=DIRECTION('',(-1.,0.,0.));
#13509=DIRECTION('',(0.,-0.0244870029362543,0.999700148388106));
#13510=DIRECTION('',(1.,0.,0.));
#13511=DIRECTION('',(1.,0.,0.));
#13512=DIRECTION('',(0.104834689108563,0.0243520712751261,-0.994191462739508));
#13513=DIRECTION('',(1.,0.,0.));
#13514=DIRECTION('',(-0.104834689108563,0.0243520712751261,-0.994191462739508));
#13515=DIRECTION('',(0.,-0.0244870029362543,0.999700148388106));
#13516=DIRECTION('',(-1.,0.,0.));
#13517=DIRECTION('',(0.,-0.0244870029362543,0.999700148388106));
#13518=DIRECTION('',(1.,0.,0.));
#13519=DIRECTION('',(0.,-0.0244870029362543,0.999700148388106));
#13520=DIRECTION('',(-1.,0.,0.));
#13521=DIRECTION('',(0.,-0.0244870029362543,0.999700148388106));
#13522=DIRECTION('',(1.,0.,0.));
#13523=DIRECTION('',(0.,-0.0244870029362543,0.999700148388106));
#13524=DIRECTION('',(-1.,0.,0.));
#13525=DIRECTION('',(0.,-0.0244870029362543,0.999700148388106));
#13526=DIRECTION('',(1.,0.,0.));
#13527=DIRECTION('',(-0.994486383305592,0.,-0.104865787651465));
#13528=DIRECTION('',(0.104524730799463,-0.0805857166550607,-0.991251997689029));
#13529=DIRECTION('',(-0.104532155083817,0.0797051899287385,0.991322405301099));
#13530=DIRECTION('',(0.00845068465049074,0.996747682350549,-0.0801413979023806));
#13531=DIRECTION('',(-0.104532155083817,0.0797051899287385,0.991322405301099));
#13532=DIRECTION('',(-0.00845068465049074,-0.996747682350549,0.0801413979023806));
#13533=DIRECTION('',(0.,-1.,0.));
#13534=DIRECTION('',(0.104834689108563,0.0243520712751261,-0.994191462739508));
#13535=DIRECTION('',(0.00845068465049074,0.996747682350549,-0.0801413979023806));
#13536=DIRECTION('',(-0.103096519607022,0.18291752108476,0.977707670075839));
#13537=DIRECTION('',(-0.104532155083817,0.0797051899287385,0.991322405301099));
#13538=DIRECTION('',(0.00845068465049074,0.996747682350549,-0.0801413979023806));
#13539=DIRECTION('',(-0.104532155083817,0.0797051899287385,0.991322405301099));
#13540=DIRECTION('',(-0.00845068465049074,-0.996747682350549,0.0801413979023806));
#13541=DIRECTION('',(-0.104532155083817,0.0797051899287385,0.991322405301099));
#13542=DIRECTION('',(0.00845068465049074,0.996747682350549,-0.0801413979023806));
#13543=DIRECTION('',(-0.104532155083817,0.0797051899287385,0.991322405301099));
#13544=DIRECTION('',(-0.00845068465049074,-0.996747682350549,0.0801413979023806));
#13545=DIRECTION('',(0.,0.982945435782591,-0.183897444990877));
#13546=DIRECTION('',(0.,-0.183897444990877,-0.982945435782591));
#13547=DIRECTION('',(1.,0.,0.));
#13548=DIRECTION('',(0.,0.183897444990877,0.982945435782591));
#13549=DIRECTION('',(0.,0.982945435782591,-0.183897444990877));
#13550=DIRECTION('',(0.,0.183897444990877,0.982945435782591));
#13551=DIRECTION('',(0.,0.982945435782591,-0.183897444990877));
#13552=DIRECTION('',(0.,-0.183897444990877,-0.982945435782591));
#13553=DIRECTION('',(0.,0.982945435782591,-0.183897444990877));
#13554=DIRECTION('',(0.,0.183897444990877,0.982945435782591));
#13555=DIRECTION('',(0.,0.183897444990877,0.982945435782591));
#13556=DIRECTION('',(1.,0.,0.));
#13557=DIRECTION('',(0.,0.982945435782591,-0.183897444990877));
#13558=DIRECTION('',(-1.,0.,0.));
#13559=DIRECTION('',(0.,0.183897444990877,0.982945435782591));
#13560=DIRECTION('',(0.,0.982945435782591,-0.183897444990877));
#13561=DIRECTION('',(0.,0.183897444990877,0.982945435782591));
#13562=DIRECTION('',(1.,0.,0.));
#13563=DIRECTION('',(0.,0.982945435782591,-0.183897444990877));
#13564=DIRECTION('',(0.,0.183897444990877,0.982945435782591));
#13565=DIRECTION('',(0.,0.183897444990877,0.982945435782591));
#13566=DIRECTION('',(0.,0.982945435782591,-0.183897444990877));
#13567=DIRECTION('',(0.,0.183897444990877,0.982945435782591));
#13568=DIRECTION('',(1.,-9.64832669986382E-17,-5.15710193420084E-16));
#13569=DIRECTION('',(0.,0.982945435782591,-0.183897444990877));
#13570=DIRECTION('',(0.,0.183897444990877,0.982945435782591));
#13571=DIRECTION('',(0.,0.183897444990877,0.982945435782591));
#13572=DIRECTION('',(0.,0.982945435782591,-0.183897444990877));
#13573=DIRECTION('',(0.,0.183897444990877,0.982945435782591));
#13574=DIRECTION('',(1.,0.,0.));
#13575=DIRECTION('',(0.,0.982945435782591,-0.183897444990877));
#13576=DIRECTION('',(0.,0.183897444990877,0.982945435782591));
#13577=DIRECTION('',(0.,0.183897444990877,0.982945435782591));
#13578=DIRECTION('',(0.,0.982945435782591,-0.183897444990877));
#13579=DIRECTION('',(0.,0.183897444990877,0.982945435782591));
#13580=DIRECTION('',(1.,0.,0.));
#13581=DIRECTION('',(0.,0.982945435782591,-0.183897444990877));
#13582=DIRECTION('',(0.,0.183897444990877,0.982945435782591));
#13583=DIRECTION('',(0.,0.,1.));
#13584=DIRECTION('',(1.,0.,0.));
#13585=DIRECTION('',(-1.,0.,0.));
#13586=DIRECTION('',(0.,0.,1.));
#13587=DIRECTION('',(1.,0.,0.));
#13588=DIRECTION('',(-1.,0.,0.));
#13589=DIRECTION('',(0.,0.,1.));
#13590=DIRECTION('',(1.,0.,0.));
#13591=DIRECTION('',(0.,0.,1.));
#13592=DIRECTION('',(1.,0.,0.));
#13593=DIRECTION('',(0.,0.,1.));
#13594=DIRECTION('',(1.,0.,0.));
#13595=DIRECTION('',(0.,0.,1.));
#13596=DIRECTION('',(1.,0.,0.));
#13597=DIRECTION('',(0.,0.,1.));
#13598=DIRECTION('',(1.,0.,0.));
#13599=DIRECTION('',(0.,0.,1.));
#13600=DIRECTION('',(1.,0.,0.));
#13601=DIRECTION('',(0.,0.,1.));
#13602=DIRECTION('',(1.,0.,0.));
#13603=DIRECTION('',(0.,0.,1.));
#13604=DIRECTION('',(1.,0.,0.));
#13605=DIRECTION('',(0.,0.,1.));
#13606=DIRECTION('',(1.,0.,0.));
#13607=DIRECTION('',(0.,0.,1.));
#13608=DIRECTION('',(1.,0.,0.));
#13609=DIRECTION('',(0.,0.,1.));
#13610=DIRECTION('',(1.,0.,0.));
#13611=DIRECTION('',(0.,0.,1.));
#13612=DIRECTION('',(1.,0.,0.));
#13613=DIRECTION('',(0.,0.,1.));
#13614=DIRECTION('',(1.,0.,0.));
#13615=DIRECTION('',(-1.,0.,0.));
#13616=DIRECTION('',(0.,1.,0.));
#13617=DIRECTION('',(-1.,0.,0.));
#13618=DIRECTION('',(0.,1.,0.));
#13619=DIRECTION('',(-1.,0.,0.));
#13620=DIRECTION('',(0.,1.,0.));
#13621=DIRECTION('',(-1.,0.,0.));
#13622=DIRECTION('',(0.,1.,0.));
#13623=DIRECTION('',(0.,1.,0.));
#13624=DIRECTION('',(-1.,0.,0.));
#13625=DIRECTION('',(0.,1.,0.));
#13626=DIRECTION('',(-1.,0.,0.));
#13627=DIRECTION('',(-1.,0.,0.));
#13628=DIRECTION('',(0.,1.,0.));
#13629=DIRECTION('',(-1.,0.,0.));
#13630=DIRECTION('',(0.,1.,0.));
#13631=DIRECTION('',(-1.,0.,0.));
#13632=DIRECTION('',(0.,0.,1.));
#13633=DIRECTION('',(1.,0.,0.));
#13634=DIRECTION('',(-1.,0.,0.));
#13635=DIRECTION('',(0.,1.,0.));
#13636=DIRECTION('',(-1.,0.,0.));
#13637=DIRECTION('',(0.,1.,0.));
#13638=DIRECTION('',(0.,0.,1.));
#13639=DIRECTION('',(1.,0.,0.));
#13640=DIRECTION('',(0.,1.,0.));
#13641=DIRECTION('',(-1.,0.,0.));
#13642=DIRECTION('',(0.,1.,0.));
#13643=DIRECTION('',(0.,-1.,0.));
#13644=DIRECTION('',(-1.,0.,0.));
#13645=DIRECTION('',(0.,-1.,0.));
#13646=DIRECTION('',(1.,0.,0.));
#13647=DIRECTION('',(0.,1.,0.));
#13648=DIRECTION('',(1.,0.,0.));
#13649=DIRECTION('',(0.,1.,0.));
#13650=DIRECTION('',(1.,0.,0.));
#13651=DIRECTION('',(0.,-1.,0.));
#13652=DIRECTION('',(-1.,0.,0.));
#13653=DIRECTION('',(0.,-1.,0.));
#13654=DIRECTION('',(1.,0.,0.));
#13655=DIRECTION('',(0.,1.,0.));
#13656=DIRECTION('',(1.,0.,0.));
#13657=DIRECTION('',(0.,1.,0.));
#13658=DIRECTION('',(1.,0.,0.));
#13659=DIRECTION('',(0.,-1.,0.));
#13660=DIRECTION('',(-1.,0.,0.));
#13661=DIRECTION('',(0.,-1.,0.));
#13662=DIRECTION('',(1.,0.,0.));
#13663=DIRECTION('',(0.,1.,0.));
#13664=DIRECTION('',(1.,0.,0.));
#13665=DIRECTION('',(0.,1.,0.));
#13666=DIRECTION('',(1.,0.,0.));
#13667=DIRECTION('',(0.,-1.,0.));
#13668=DIRECTION('',(-1.,0.,0.));
#13669=DIRECTION('',(0.,-1.,0.));
#13670=DIRECTION('',(1.,0.,0.));
#13671=DIRECTION('',(0.,1.,0.));
#13672=DIRECTION('',(1.,0.,0.));
#13673=DIRECTION('',(0.,1.,0.));
#13674=DIRECTION('',(1.,0.,0.));
#13675=DIRECTION('',(0.,0.,1.));
#13676=DIRECTION('',(1.,0.,0.));
#13677=DIRECTION('',(-1.,0.,0.));
#13678=DIRECTION('',(0.,1.,0.));
#13679=DIRECTION('',(-1.,0.,0.));
#13680=DIRECTION('',(0.,1.,0.));
#13681=DIRECTION('',(0.,0.,1.));
#13682=DIRECTION('',(1.,0.,0.));
#13683=DIRECTION('',(0.,0.,1.));
#13684=DIRECTION('',(1.,0.,0.));
#13685=DIRECTION('',(0.,0.,1.));
#13686=DIRECTION('',(1.,0.,0.));
#13687=DIRECTION('',(0.,0.,1.));
#13688=DIRECTION('',(1.,0.,0.));
#13689=DIRECTION('',(0.,0.,1.));
#13690=DIRECTION('',(1.,0.,0.));
#13691=DIRECTION('',(0.,0.,1.));
#13692=DIRECTION('',(-0.974065576119482,0.22626589097569,0.));
#13693=DIRECTION('',(0.,0.,1.));
#13694=DIRECTION('',(0.974065576119482,0.22626589097569,0.));
#13695=DIRECTION('',(0.,0.,1.));
#13696=DIRECTION('',(-0.491004219689287,0.871157193764314,0.));
#13697=DIRECTION('',(0.,0.,1.));
#13698=DIRECTION('',(0.491004219689287,0.871157193764314,0.));
#13699=DIRECTION('',(0.,0.,1.));
#13700=DIRECTION('',(1.,0.,0.));
#13701=DIRECTION('',(-1.,0.,0.));
#13702=DIRECTION('',(0.,1.,0.));
#13703=DIRECTION('',(-1.,0.,0.));
#13704=DIRECTION('',(0.,1.,0.));
#13705=DIRECTION('',(0.,0.,1.));
#13706=DIRECTION('',(1.,0.,0.));
#13707=DIRECTION('',(0.,0.,1.));
#13708=DIRECTION('',(1.,0.,0.));
#13709=DIRECTION('',(-1.,0.,0.));
#13710=DIRECTION('',(0.,1.,0.));
#13711=DIRECTION('',(-1.,0.,0.));
#13712=DIRECTION('',(0.,1.,0.));
#13713=DIRECTION('',(0.,0.,1.));
#13714=DIRECTION('',(1.,0.,0.));
#13715=DIRECTION('',(0.,0.,1.));
#13716=DIRECTION('',(1.,0.,0.));
#13717=DIRECTION('',(-1.,0.,0.));
#13718=DIRECTION('',(0.,1.,0.));
#13719=DIRECTION('',(-1.,0.,0.));
#13720=DIRECTION('',(0.,1.,0.));
#13721=DIRECTION('',(0.,0.,1.));
#13722=DIRECTION('',(1.,0.,0.));
#13723=DIRECTION('',(0.,0.,1.));
#13724=DIRECTION('',(1.,0.,0.));
#13725=DIRECTION('',(-1.,0.,0.));
#13726=DIRECTION('',(0.,1.,0.));
#13727=DIRECTION('',(-1.,0.,0.));
#13728=DIRECTION('',(0.,1.,0.));
#13729=DIRECTION('',(0.,0.,1.));
#13730=DIRECTION('',(1.,0.,0.));
#13731=DIRECTION('',(0.,1.,0.));
#13732=DIRECTION('',(-1.,-3.46944695195361E-16,0.));
#13733=DIRECTION('',(0.,1.,0.));
#13734=DIRECTION('',(-1.,-3.46944695195361E-16,0.));
#13735=DIRECTION('',(0.,0.,1.));
#13736=DIRECTION('',(1.,0.,0.));
#13737=DIRECTION('',(0.,0.,1.));
#13738=DIRECTION('',(1.,0.,0.));
#13739=DIRECTION('',(0.,0.,1.));
#13740=DIRECTION('',(1.,0.,0.));
#13741=DIRECTION('',(0.,0.,1.));
#13742=DIRECTION('',(1.,0.,0.));
#13743=DIRECTION('',(0.,1.,0.));
#13744=DIRECTION('',(-1.,-3.46944695195361E-16,0.));
#13745=DIRECTION('',(0.,1.,0.));
#13746=DIRECTION('',(-1.,-3.46944695195361E-16,0.));
#13747=DIRECTION('',(0.,0.,1.));
#13748=DIRECTION('',(1.,0.,0.));
#13749=DIRECTION('',(0.,0.,1.));
#13750=DIRECTION('',(1.,0.,0.));
#13751=DIRECTION('',(0.,0.,1.));
#13752=DIRECTION('',(1.,0.,0.));
#13753=DIRECTION('',(0.,0.,1.));
#13754=DIRECTION('',(1.,0.,0.));
#13755=DIRECTION('',(0.,1.,0.));
#13756=DIRECTION('',(-1.,-3.46944695195361E-16,0.));
#13757=DIRECTION('',(0.,1.,0.));
#13758=DIRECTION('',(-1.,-3.46944695195361E-16,0.));
#13759=DIRECTION('',(0.,0.,1.));
#13760=DIRECTION('',(1.,0.,0.));
#13761=DIRECTION('',(0.,0.,1.));
#13762=DIRECTION('',(1.,0.,0.));
#13763=DIRECTION('',(0.,0.,1.));
#13764=DIRECTION('',(1.,0.,0.));
#13765=DIRECTION('',(0.,0.,1.));
#13766=DIRECTION('',(1.,0.,0.));
#13767=DIRECTION('',(0.,1.,0.));
#13768=DIRECTION('',(-1.,-3.46944695195361E-16,0.));
#13769=DIRECTION('',(0.,1.,0.));
#13770=DIRECTION('',(-1.,-3.46944695195361E-16,0.));
#13771=DIRECTION('',(0.,0.,1.));
#13772=DIRECTION('',(1.,0.,0.));
#13773=DIRECTION('',(0.,0.,1.));
#13774=DIRECTION('',(1.,0.,0.));
#13775=DIRECTION('',(0.,0.,1.));
#13776=DIRECTION('',(1.,0.,0.));
#13777=DIRECTION('',(0.,0.,1.));
#13778=DIRECTION('',(1.,0.,0.));
#13779=DIRECTION('',(-1.,0.,0.));
#13780=DIRECTION('',(0.,0.,1.));
#13781=DIRECTION('',(1.,0.,0.));
#13782=DIRECTION('',(0.,1.,0.));
#13783=DIRECTION('',(0.,0.,1.));
#13784=DIRECTION('',(1.,0.,0.));
#13785=DIRECTION('',(0.,1.,0.));
#13786=DIRECTION('',(-1.,0.,0.));
#13787=DIRECTION('',(0.,1.,0.));
#13788=DIRECTION('',(-1.,0.,0.));
#13789=DIRECTION('',(0.,0.,1.));
#13790=DIRECTION('',(1.,0.,0.));
#13791=DIRECTION('',(-1.,0.,0.));
#13792=DIRECTION('',(0.,1.,0.));
#13793=DIRECTION('',(-1.,0.,0.));
#13794=DIRECTION('',(0.,0.,1.));
#13795=DIRECTION('',(1.,0.,0.));
#13796=DIRECTION('',(-1.,0.,0.));
#13797=DIRECTION('',(0.,1.,0.));
#13798=DIRECTION('',(-1.,0.,0.));
#13799=DIRECTION('',(0.,1.,0.));
#13800=DIRECTION('',(-1.,0.,0.));
#13801=DIRECTION('',(0.,0.,1.));
#13802=DIRECTION('',(1.,0.,0.));
#13803=DIRECTION('',(-1.,0.,0.));
#13804=DIRECTION('',(0.,0.,1.));
#13805=DIRECTION('',(1.,0.,0.));
#13806=DIRECTION('',(-1.,0.,0.));
#13807=DIRECTION('',(0.,1.,0.));
#13808=DIRECTION('',(-1.,0.,0.));
#13809=DIRECTION('',(0.,1.,0.));
#13810=DIRECTION('',(-1.,0.,0.));
#13811=DIRECTION('',(0.,1.,0.));
#13812=DIRECTION('',(-1.,0.,0.));
#13813=DIRECTION('',(0.,1.,0.));
#13814=DIRECTION('',(0.,1.,0.));
#13815=DIRECTION('',(0.,0.,1.));
#13816=DIRECTION('',(1.,0.,0.));
#13817=DIRECTION('',(0.,1.,0.));
#13818=DIRECTION('',(-1.,0.,0.));
#13819=DIRECTION('',(0.,0.,1.));
#13820=DIRECTION('',(1.,0.,0.));
#13821=DIRECTION('',(-1.,0.,0.));
#13822=DIRECTION('',(0.,1.,0.));
#13823=DIRECTION('',(-1.,0.,0.));
#13824=DIRECTION('',(0.,0.,1.));
#13825=DIRECTION('',(1.,0.,0.));
#13826=DIRECTION('',(-1.,0.,0.));
#13827=DIRECTION('',(0.,1.,0.));
#13828=DIRECTION('',(0.,0.,1.));
#13829=DIRECTION('',(1.,0.,0.));
#13830=DIRECTION('',(0.,1.,0.));
#13831=DIRECTION('',(-1.,0.,0.));
#13832=DIRECTION('',(0.,1.,0.));
#13833=DIRECTION('',(-1.,0.,0.));
#13834=DIRECTION('',(0.,0.,1.));
#13835=DIRECTION('',(1.,0.,0.));
#13836=DIRECTION('',(-1.,0.,0.));
#13837=DIRECTION('',(0.,0.,1.));
#13838=DIRECTION('',(1.,0.,0.));
#13839=DIRECTION('',(-1.,0.,0.));
#13840=DIRECTION('',(0.,1.,0.));
#13841=DIRECTION('',(-1.,0.,0.));
#13842=DIRECTION('',(0.,1.,0.));
#13843=DIRECTION('',(0.,0.,1.));
#13844=DIRECTION('',(1.,0.,0.));
#13845=DIRECTION('',(0.,1.,0.));
#13846=DIRECTION('',(-1.,0.,0.));
#13847=DIRECTION('',(0.,0.,1.));
#13848=DIRECTION('',(1.,0.,0.));
#13849=DIRECTION('',(-1.,0.,0.));
#13850=DIRECTION('',(0.,1.,0.));
#13851=DIRECTION('',(0.,0.,1.));
#13852=DIRECTION('',(1.,0.,0.));
#13853=DIRECTION('',(0.,1.,0.));
#13854=DIRECTION('',(-1.,0.,0.));
#13855=DIRECTION('',(0.,1.,0.));
#13856=DIRECTION('',(-1.,0.,0.));
#13857=DIRECTION('',(-1.,0.,0.));
#13858=DIRECTION('',(0.,1.,0.));
#13859=DIRECTION('',(-1.,0.,0.));
#13860=DIRECTION('',(0.,1.,0.));
#13861=DIRECTION('',(-1.,0.,0.));
#13862=DIRECTION('',(0.,1.,0.));
#13863=DIRECTION('',(-1.,0.,0.));
#13864=DIRECTION('',(0.,1.,0.));
#13865=DIRECTION('',(-1.,0.,0.));
#13866=DIRECTION('',(0.,1.,0.));
#13867=DIRECTION('',(-1.,0.,0.));
#13868=DIRECTION('',(0.,1.,0.));
#13869=DIRECTION('',(0.,1.,0.));
#13870=DIRECTION('',(-1.,0.,0.));
#13871=DIRECTION('',(0.,1.,0.));
#13872=DIRECTION('',(-1.,0.,0.));
#13873=DIRECTION('',(-1.,0.,0.));
#13874=DIRECTION('',(0.,1.,0.));
#13875=DIRECTION('',(-1.,0.,0.));
#13876=DIRECTION('',(0.,1.,0.));
#13877=DIRECTION('',(-1.,0.,0.));
#13878=DIRECTION('',(0.,1.,0.));
#13879=DIRECTION('',(-1.,0.,0.));
#13880=DIRECTION('',(0.,1.,0.));
#13881=DIRECTION('',(-1.,0.,0.));
#13882=DIRECTION('',(0.,1.,0.));
#13883=DIRECTION('',(-1.,0.,0.));
#13884=DIRECTION('',(0.,1.,0.));
#13885=DIRECTION('',(0.,0.,1.));
#13886=DIRECTION('',(1.,0.,0.));
#13887=DIRECTION('',(-1.,0.,0.));
#13888=DIRECTION('',(0.,1.,0.));
#13889=DIRECTION('',(-1.,0.,0.));
#13890=DIRECTION('',(0.,1.,0.));
#13891=DIRECTION('',(-1.,0.,0.));
#13892=DIRECTION('',(0.,1.,0.));
#13893=DIRECTION('',(-1.,0.,0.));
#13894=DIRECTION('',(0.,1.,0.));
#13895=DIRECTION('',(-1.,0.,0.));
#13896=DIRECTION('',(0.,1.,0.));
#13897=DIRECTION('',(-1.,0.,0.));
#13898=DIRECTION('',(0.,1.,0.));
#13899=DIRECTION('',(0.,1.,0.));
#13900=DIRECTION('',(-1.,0.,0.));
#13901=DIRECTION('',(0.,1.,0.));
#13902=DIRECTION('',(-1.,0.,0.));
#13903=DIRECTION('',(0.,0.,1.));
#13904=DIRECTION('',(1.,0.,0.));
#13905=DIRECTION('',(0.,-1.,0.));
#13906=DIRECTION('',(0.,0.,1.));
#13907=DIRECTION('',(1.,0.,0.));
#13908=DIRECTION('',(-1.,0.,0.));
#13909=DIRECTION('',(0.,0.,1.));
#13910=DIRECTION('',(1.,0.,0.));
#13911=DIRECTION('',(0.,-1.,0.));
#13912=DIRECTION('',(0.,0.,1.));
#13913=DIRECTION('',(1.,0.,0.));
#13914=DIRECTION('',(-1.,4.95635278850516E-16,0.));
#13915=DIRECTION('',(0.,0.,1.));
#13916=DIRECTION('',(1.,0.,0.));
#13917=DIRECTION('',(0.,-1.,0.));
#13918=DIRECTION('',(0.,0.,1.));
#13919=DIRECTION('',(1.,0.,0.));
#13920=DIRECTION('',(-1.,0.,0.));
#13921=DIRECTION('',(0.,0.,1.));
#13922=DIRECTION('',(1.,0.,0.));
#13923=DIRECTION('',(0.,-1.,0.));
#13924=DIRECTION('',(0.,0.,1.));
#13925=DIRECTION('',(1.,0.,0.));
#13926=DIRECTION('',(-1.,4.95635278850516E-16,0.));
#13927=DIRECTION('',(0.,0.,1.));
#13928=DIRECTION('',(1.,0.,0.));
#13929=DIRECTION('',(0.,-1.,0.));
#13930=DIRECTION('',(0.,0.,1.));
#13931=DIRECTION('',(1.,0.,0.));
#13932=DIRECTION('',(-1.,0.,0.));
#13933=DIRECTION('',(0.,0.,1.));
#13934=DIRECTION('',(1.,0.,0.));
#13935=DIRECTION('',(0.,-1.,0.));
#13936=DIRECTION('',(0.,0.,1.));
#13937=DIRECTION('',(1.,0.,0.));
#13938=DIRECTION('',(-1.,4.95635278850516E-16,0.));
#13939=DIRECTION('',(0.,0.,1.));
#13940=DIRECTION('',(1.,0.,0.));
#13941=DIRECTION('',(0.,-1.,0.));
#13942=DIRECTION('',(0.,0.,1.));
#13943=DIRECTION('',(1.,0.,0.));
#13944=DIRECTION('',(-1.,0.,0.));
#13945=DIRECTION('',(0.,0.,1.));
#13946=DIRECTION('',(1.,0.,0.));
#13947=DIRECTION('',(0.,-1.,0.));
#13948=DIRECTION('',(0.,0.,1.));
#13949=DIRECTION('',(1.,0.,0.));
#13950=DIRECTION('',(-1.,4.95635278850516E-16,0.));
#13951=DIRECTION('',(0.,0.,1.));
#13952=DIRECTION('',(1.,0.,0.));
#13953=DIRECTION('',(0.,0.,-1.));
#13954=DIRECTION('',(1.,0.,0.));
#13955=DIRECTION('',(0.,1.,0.));
#13956=DIRECTION('',(-1.,0.,0.));
#13957=DIRECTION('',(0.,1.,0.));
#13958=DIRECTION('',(-1.,0.,0.));
#13959=DIRECTION('',(0.,0.,1.));
#13960=DIRECTION('',(1.,0.,0.));
#13961=DIRECTION('',(0.,0.,-1.));
#13962=DIRECTION('',(1.,0.,0.));
#13963=DIRECTION('',(0.,1.,0.));
#13964=DIRECTION('',(-1.,0.,0.));
#13965=DIRECTION('',(0.,1.,0.));
#13966=DIRECTION('',(-1.,0.,0.));
#13967=DIRECTION('',(0.,0.,1.));
#13968=DIRECTION('',(1.,0.,0.));
#13969=DIRECTION('',(0.,0.,-1.));
#13970=DIRECTION('',(1.,0.,0.));
#13971=DIRECTION('',(0.,1.,0.));
#13972=DIRECTION('',(-1.,0.,0.));
#13973=DIRECTION('',(0.,1.,0.));
#13974=DIRECTION('',(-1.,0.,0.));
#13975=DIRECTION('',(0.,0.,1.));
#13976=DIRECTION('',(1.,0.,0.));
#13977=DIRECTION('',(0.,0.,-1.));
#13978=DIRECTION('',(1.,0.,0.));
#13979=DIRECTION('',(0.,1.,0.));
#13980=DIRECTION('',(-1.,0.,0.));
#13981=DIRECTION('',(0.,1.,0.));
#13982=DIRECTION('',(-1.,0.,0.));
#13983=DIRECTION('',(0.,-1.,0.));
#13984=DIRECTION('',(0.,0.,1.));
#13985=DIRECTION('',(0.491004219689287,0.871157193764314,0.));
#13986=DIRECTION('',(1.,0.,0.));
#13987=DIRECTION('',(0.,0.,1.));
#13988=DIRECTION('',(-0.491004219689287,0.871157193764314,0.));
#13989=DIRECTION('',(0.,-1.,0.));
#13990=DIRECTION('',(0.,0.,1.));
#13991=DIRECTION('',(0.974065576119482,0.22626589097569,0.));
#13992=DIRECTION('',(1.,0.,0.));
#13993=DIRECTION('',(0.,0.,1.));
#13994=DIRECTION('',(-0.974065576119482,0.22626589097569,0.));
#13995=DIRECTION('',(0.,0.,1.));
#13996=DIRECTION('',(1.,0.,0.));
#13997=DIRECTION('',(0.,0.,1.));
#13998=DIRECTION('',(1.,0.,0.));
#13999=DIRECTION('',(0.,0.,1.));
#14000=DIRECTION('',(1.,0.,0.));
#14001=DIRECTION('',(0.,0.,1.));
#14002=DIRECTION('',(1.,0.,0.));
#14003=DIRECTION('',(0.,1.,0.));
#14004=DIRECTION('',(-1.,0.,0.));
#14005=DIRECTION('',(0.,1.,0.));
#14006=DIRECTION('',(-1.,0.,0.));
#14007=DIRECTION('',(0.,0.,-1.));
#14008=DIRECTION('',(1.,0.,0.));
#14009=DIRECTION('',(0.,0.,1.));
#14010=DIRECTION('',(1.,0.,0.));
#14011=DIRECTION('',(0.,1.,0.));
#14012=DIRECTION('',(-1.,0.,0.));
#14013=DIRECTION('',(0.,1.,0.));
#14014=DIRECTION('',(-1.,0.,0.));
#14015=DIRECTION('',(-1.,0.,0.));
#14016=DIRECTION('',(0.,1.,0.));
#14017=DIRECTION('',(-1.,0.,0.));
#14018=DIRECTION('',(0.,1.,0.));
#14019=DIRECTION('',(0.,1.,0.));
#14020=DIRECTION('',(-1.,0.,0.));
#14021=DIRECTION('',(0.,1.,0.));
#14022=DIRECTION('',(-1.,0.,0.));
#14023=DIRECTION('',(-1.,0.,0.));
#14024=DIRECTION('',(0.,1.,0.));
#14025=DIRECTION('',(-1.,0.,0.));
#14026=DIRECTION('',(0.,1.,0.));
#14027=DIRECTION('',(0.,1.,0.));
#14028=DIRECTION('',(-1.,0.,0.));
#14029=DIRECTION('',(0.,1.,0.));
#14030=DIRECTION('',(-1.,0.,0.));
#14031=DIRECTION('',(-1.,0.,0.));
#14032=DIRECTION('',(0.,1.,0.));
#14033=DIRECTION('',(-1.,0.,0.));
#14034=DIRECTION('',(0.,1.,0.));
#14035=DIRECTION('',(-1.,0.,0.));
#14036=DIRECTION('',(0.,1.,0.));
#14037=DIRECTION('',(-1.,0.,0.));
#14038=DIRECTION('',(0.,1.,0.));
#14039=DIRECTION('',(0.,1.,0.));
#14040=DIRECTION('',(-1.,0.,0.));
#14041=DIRECTION('',(0.,1.,0.));
#14042=DIRECTION('',(-1.,0.,0.));
#14043=DIRECTION('',(0.,1.,0.));
#14044=DIRECTION('',(-1.,0.,0.));
#14045=DIRECTION('',(0.,1.,0.));
#14046=DIRECTION('',(-1.,0.,0.));
#14047=DIRECTION('',(0.,1.,0.));
#14048=DIRECTION('',(-1.,0.,0.));
#14049=DIRECTION('',(0.,1.,0.));
#14050=DIRECTION('',(-1.,0.,0.));
#14051=DIRECTION('',(0.,1.,0.));
#14052=DIRECTION('',(-1.,0.,0.));
#14053=DIRECTION('',(0.,1.,0.));
#14054=DIRECTION('',(-1.,0.,0.));
#14055=DIRECTION('',(-1.,0.,0.));
#14056=DIRECTION('',(0.,1.,0.));
#14057=DIRECTION('',(-1.,0.,0.));
#14058=DIRECTION('',(0.,1.,0.));
#14059=DIRECTION('',(-1.,0.,0.));
#14060=DIRECTION('',(0.,1.,0.));
#14061=DIRECTION('',(-1.,0.,0.));
#14062=DIRECTION('',(0.,1.,0.));
#14063=DIRECTION('',(-1.,0.,0.));
#14064=DIRECTION('',(0.,1.,0.));
#14065=DIRECTION('',(-1.,0.,0.));
#14066=DIRECTION('',(0.,1.,0.));
#14067=DIRECTION('',(0.,1.,0.));
#14068=DIRECTION('',(-1.,0.,0.));
#14069=DIRECTION('',(0.,1.,0.));
#14070=DIRECTION('',(-1.,0.,0.));
#14071=DIRECTION('',(0.,1.,0.));
#14072=DIRECTION('',(-1.,0.,0.));
#14073=DIRECTION('',(0.,1.,0.));
#14074=DIRECTION('',(-1.,0.,0.));
#14075=DIRECTION('',(0.,1.,0.));
#14076=DIRECTION('',(-1.,0.,0.));
#14077=DIRECTION('',(0.,1.,0.));
#14078=DIRECTION('',(-1.,0.,0.));
#14079=DIRECTION('',(0.,1.,0.));
#14080=DIRECTION('',(-1.,0.,0.));
#14081=DIRECTION('',(0.,1.,0.));
#14082=DIRECTION('',(-1.,0.,0.));
#14083=DIRECTION('',(0.,1.,0.));
#14084=DIRECTION('',(-1.,0.,0.));
#14085=DIRECTION('',(0.,1.,0.));
#14086=DIRECTION('',(-1.,0.,0.));
#14087=DIRECTION('',(0.,0.,1.));
#14088=DIRECTION('',(1.,0.,0.));
#14089=DIRECTION('',(0.,0.,-1.));
#14090=DIRECTION('',(-1.,0.,0.));
#14091=DIRECTION('',(-1.,0.,0.));
#14092=DIRECTION('',(0.,1.,0.));
#14093=DIRECTION('',(-1.,0.,0.));
#14094=DIRECTION('',(0.,1.,0.));
#14095=DIRECTION('',(-1.,0.,0.));
#14096=DIRECTION('',(0.,-1.,0.));
#14097=DIRECTION('',(-1.,0.,0.));
#14098=DIRECTION('',(0.,-1.,0.));
#14099=DIRECTION('',(0.,0.,1.));
#14100=DIRECTION('',(1.,0.,0.));
#14101=DIRECTION('',(0.,0.,-1.));
#14102=DIRECTION('',(-1.,0.,0.));
#14103=DIRECTION('',(-1.,0.,0.));
#14104=DIRECTION('',(0.,1.,0.));
#14105=DIRECTION('',(-1.,0.,0.));
#14106=DIRECTION('',(0.,1.,0.));
#14107=DIRECTION('',(-1.,0.,0.));
#14108=DIRECTION('',(0.,-1.,0.));
#14109=DIRECTION('',(-1.,0.,0.));
#14110=DIRECTION('',(0.,-1.,0.));
#14111=DIRECTION('',(0.,0.,1.));
#14112=DIRECTION('',(1.,0.,0.));
#14113=DIRECTION('',(0.,0.,-1.));
#14114=DIRECTION('',(-1.,0.,0.));
#14115=DIRECTION('',(-1.,0.,0.));
#14116=DIRECTION('',(0.,1.,0.));
#14117=DIRECTION('',(-1.,0.,0.));
#14118=DIRECTION('',(0.,1.,0.));
#14119=DIRECTION('',(-1.,0.,0.));
#14120=DIRECTION('',(0.,-1.,0.));
#14121=DIRECTION('',(-1.,0.,0.));
#14122=DIRECTION('',(0.,-1.,0.));
#14123=DIRECTION('',(-1.,0.,0.));
#14124=DIRECTION('',(0.,0.,1.));
#14125=DIRECTION('',(0.,0.,-1.));
#14126=DIRECTION('',(0.,1.,0.));
#14127=DIRECTION('',(0.,0.,-1.));
#14128=DIRECTION('',(-1.,0.,0.));
#14129=DIRECTION('',(0.,0.,1.));
#14130=DIRECTION('',(0.,0.,-1.));
#14131=DIRECTION('',(0.,1.,0.));
#14132=DIRECTION('',(0.,0.,-1.));
#14133=DIRECTION('',(0.,-1.,0.));
#14134=DIRECTION('',(0.,0.,-1.));
#14135=DIRECTION('',(-1.,0.,0.));
#14136=DIRECTION('',(0.,0.,-1.));
#14137=DIRECTION('',(1.,0.,0.));
#14138=DIRECTION('',(-1.,0.,0.));
#14139=DIRECTION('',(-1.,0.,0.));
#14140=DIRECTION('',(0.,0.,1.));
#14141=DIRECTION('',(0.,-1.,0.));
#14142=DIRECTION('',(0.,0.,1.));
#14143=DIRECTION('',(0.,-1.,0.));
#14144=DIRECTION('',(0.,0.,1.));
#14145=DIRECTION('',(-1.0842021724855E-16,1.,0.));
#14146=DIRECTION('',(-1.,-1.0842021724855E-16,0.));
#14147=DIRECTION('',(-1.,-1.0842021724855E-16,0.));
#14148=DIRECTION('',(0.,0.,1.));
#14149=DIRECTION('',(-1.,-1.0842021724855E-16,0.));
#14150=DIRECTION('',(-1.,0.,0.));
#14151=DIRECTION('',(0.,0.,1.));
#14152=DIRECTION('',(0.,-1.,0.));
#14153=DIRECTION('',(0.,0.,1.));
#14154=DIRECTION('',(0.,-1.,0.));
#14155=DIRECTION('',(0.,1.,0.));
#14156=DIRECTION('',(0.,0.,1.));
#14157=DIRECTION('',(-1.,0.,0.));
#14158=DIRECTION('',(-1.,0.,0.));
#14159=DIRECTION('',(0.,1.,0.));
#14160=DIRECTION('',(0.,0.,1.));
#14161=DIRECTION('',(0.,0.,1.));
#14162=DIRECTION('',(-1.,0.,0.));
#14163=DIRECTION('',(0.,0.,1.));
#14164=DIRECTION('',(-1.,0.,0.));
#14165=DIRECTION('',(0.,0.,1.));
#14166=DIRECTION('',(0.,0.,1.));
#14167=DIRECTION('',(0.,-1.,0.));
#14168=DIRECTION('',(0.,1.,0.));
#14169=DIRECTION('',(0.,0.,1.));
#14170=DIRECTION('',(0.,0.,1.));
#14171=DIRECTION('',(-1.,0.,0.));
#14172=DIRECTION('',(-1.,0.,0.));
#14173=DIRECTION('',(0.,0.,1.));
#14174=DIRECTION('',(0.,-1.,0.));
#14175=DIRECTION('',(0.,0.,-1.));
#14176=DIRECTION('',(1.,0.,0.));
#14177=DIRECTION('',(0.,0.,-1.));
#14178=DIRECTION('',(-1.,0.,0.));
#14179=DIRECTION('',(0.,0.,1.));
#14180=DIRECTION('',(1.,0.,0.));
#14181=DIRECTION('',(-1.,0.,0.));
#14182=DIRECTION('',(0.,0.,1.));
#14183=DIRECTION('',(0.,0.,-1.));
#14184=DIRECTION('',(0.,1.,0.));
#14185=DIRECTION('',(0.,0.,-1.));
#14186=DIRECTION('',(-1.,0.,0.));
#14187=DIRECTION('',(0.,0.,1.));
#14188=DIRECTION('',(0.,0.,-1.));
#14189=DIRECTION('',(0.,1.,0.));
#14190=DIRECTION('',(0.,0.,-1.));
#14191=DIRECTION('',(0.,-1.,0.));
#14192=DIRECTION('',(0.,0.,-1.));
#14193=DIRECTION('',(-1.,0.,0.));
#14194=DIRECTION('',(0.,0.,-1.));
#14195=DIRECTION('',(1.,0.,0.));
#14196=DIRECTION('',(-1.,0.,0.));
#14197=DIRECTION('',(-1.,0.,0.));
#14198=DIRECTION('',(0.,0.,1.));
#14199=DIRECTION('',(0.,-1.,0.));
#14200=DIRECTION('',(0.,0.,1.));
#14201=DIRECTION('',(0.,-1.,0.));
#14202=DIRECTION('',(0.,0.,1.));
#14203=DIRECTION('',(-1.0842021724855E-16,1.,0.));
#14204=DIRECTION('',(-1.,-1.0842021724855E-16,0.));
#14205=DIRECTION('',(-1.,-1.0842021724855E-16,0.));
#14206=DIRECTION('',(0.,0.,1.));
#14207=DIRECTION('',(-1.,-1.0842021724855E-16,0.));
#14208=DIRECTION('',(-1.,0.,0.));
#14209=DIRECTION('',(0.,0.,1.));
#14210=DIRECTION('',(0.,-1.,0.));
#14211=DIRECTION('',(0.,0.,1.));
#14212=DIRECTION('',(0.,-1.,0.));
#14213=DIRECTION('',(0.,1.,0.));
#14214=DIRECTION('',(0.,0.,1.));
#14215=DIRECTION('',(-1.,0.,0.));
#14216=DIRECTION('',(-1.,0.,0.));
#14217=DIRECTION('',(0.,1.,0.));
#14218=DIRECTION('',(0.,0.,1.));
#14219=DIRECTION('',(0.,0.,1.));
#14220=DIRECTION('',(-1.,0.,0.));
#14221=DIRECTION('',(0.,0.,1.));
#14222=DIRECTION('',(-1.,0.,0.));
#14223=DIRECTION('',(0.,0.,1.));
#14224=DIRECTION('',(0.,0.,1.));
#14225=DIRECTION('',(0.,-1.,0.));
#14226=DIRECTION('',(0.,1.,0.));
#14227=DIRECTION('',(0.,0.,1.));
#14228=DIRECTION('',(0.,0.,1.));
#14229=DIRECTION('',(-1.,0.,0.));
#14230=DIRECTION('',(-1.,0.,0.));
#14231=DIRECTION('',(0.,0.,1.));
#14232=DIRECTION('',(0.,-1.,0.));
#14233=DIRECTION('',(0.,0.,-1.));
#14234=DIRECTION('',(1.,0.,0.));
#14235=DIRECTION('',(0.,0.,-1.));
#14236=DIRECTION('',(-1.,0.,0.));
#14237=DIRECTION('',(0.,0.,1.));
#14238=DIRECTION('',(1.,0.,0.));
#14239=DIRECTION('',(-1.,0.,0.));
#14240=DIRECTION('',(0.,0.,1.));
#14241=DIRECTION('',(0.,0.,-1.));
#14242=DIRECTION('',(0.,1.,0.));
#14243=DIRECTION('',(0.,0.,-1.));
#14244=DIRECTION('',(-1.,0.,0.));
#14245=DIRECTION('',(0.,0.,1.));
#14246=DIRECTION('',(0.,0.,-1.));
#14247=DIRECTION('',(0.,1.,0.));
#14248=DIRECTION('',(0.,0.,-1.));
#14249=DIRECTION('',(0.,-1.,0.));
#14250=DIRECTION('',(0.,0.,-1.));
#14251=DIRECTION('',(-1.,0.,0.));
#14252=DIRECTION('',(0.,0.,-1.));
#14253=DIRECTION('',(1.,0.,0.));
#14254=DIRECTION('',(-1.,0.,0.));
#14255=DIRECTION('',(-1.,0.,0.));
#14256=DIRECTION('',(0.,0.,1.));
#14257=DIRECTION('',(0.,-1.,0.));
#14258=DIRECTION('',(0.,0.,1.));
#14259=DIRECTION('',(0.,-1.,0.));
#14260=DIRECTION('',(0.,0.,1.));
#14261=DIRECTION('',(-1.0842021724855E-16,1.,0.));
#14262=DIRECTION('',(-1.,-1.0842021724855E-16,0.));
#14263=DIRECTION('',(-1.,-1.0842021724855E-16,0.));
#14264=DIRECTION('',(0.,0.,1.));
#14265=DIRECTION('',(-1.,-1.0842021724855E-16,0.));
#14266=DIRECTION('',(-1.,0.,0.));
#14267=DIRECTION('',(0.,0.,1.));
#14268=DIRECTION('',(0.,-1.,0.));
#14269=DIRECTION('',(0.,0.,1.));
#14270=DIRECTION('',(0.,-1.,0.));
#14271=DIRECTION('',(0.,1.,0.));
#14272=DIRECTION('',(0.,0.,1.));
#14273=DIRECTION('',(-1.,0.,0.));
#14274=DIRECTION('',(-1.,0.,0.));
#14275=DIRECTION('',(0.,1.,0.));
#14276=DIRECTION('',(0.,0.,1.));
#14277=DIRECTION('',(0.,0.,1.));
#14278=DIRECTION('',(-1.,0.,0.));
#14279=DIRECTION('',(0.,0.,1.));
#14280=DIRECTION('',(-1.,0.,0.));
#14281=DIRECTION('',(0.,0.,1.));
#14282=DIRECTION('',(0.,0.,1.));
#14283=DIRECTION('',(0.,-1.,0.));
#14284=DIRECTION('',(0.,1.,0.));
#14285=DIRECTION('',(0.,0.,1.));
#14286=DIRECTION('',(0.,0.,1.));
#14287=DIRECTION('',(-1.,0.,0.));
#14288=DIRECTION('',(-1.,0.,0.));
#14289=DIRECTION('',(0.,0.,1.));
#14290=DIRECTION('',(0.,-1.,0.));
#14291=DIRECTION('',(0.,0.,-1.));
#14292=DIRECTION('',(1.,0.,0.));
#14293=DIRECTION('',(0.,0.,-1.));
#14294=DIRECTION('',(-1.,0.,0.));
#14295=DIRECTION('',(0.,0.,1.));
#14296=DIRECTION('',(1.,0.,0.));
#14297=DIRECTION('',(0.,0.,1.));
#14298=DIRECTION('',(1.,0.,0.));
#14299=DIRECTION('',(-1.,-1.0842021724855E-16,0.));
#14300=DIRECTION('',(0.,-1.,0.));
#14301=DIRECTION('',(-1.,0.,0.));
#14302=DIRECTION('',(0.,-1.,0.));
#14303=DIRECTION('',(0.,0.,1.));
#14304=DIRECTION('',(1.,0.,0.));
#14305=DIRECTION('',(0.,0.,1.));
#14306=DIRECTION('',(1.,0.,0.));
#14307=DIRECTION('',(0.,0.,1.));
#14308=DIRECTION('',(1.,0.,0.));
#14309=DIRECTION('',(0.,0.,1.));
#14310=DIRECTION('',(1.,0.,0.));
#14311=DIRECTION('',(0.,0.,1.));
#14312=DIRECTION('',(1.,0.,0.));
#14313=DIRECTION('',(0.,0.,1.));
#14314=DIRECTION('',(1.,0.,0.));
#14315=DIRECTION('',(0.,0.,1.));
#14316=DIRECTION('',(1.,0.,0.));
#14317=DIRECTION('',(0.,0.,1.));
#14318=DIRECTION('',(1.,0.,0.));
#14319=DIRECTION('',(0.,0.,-1.));
#14320=DIRECTION('',(1.,0.,0.));
#14321=DIRECTION('',(0.,0.,1.));
#14322=DIRECTION('',(1.,0.,0.));
#14323=DIRECTION('',(0.,0.,1.));
#14324=DIRECTION('',(1.,0.,0.));
#14325=DIRECTION('',(0.,0.,1.));
#14326=DIRECTION('',(1.,0.,0.));
#14327=DIRECTION('',(0.,0.,1.));
#14328=DIRECTION('',(1.,0.,0.));
#14329=DIRECTION('',(0.,0.,1.));
#14330=DIRECTION('',(1.,0.,0.));
#14331=DIRECTION('',(0.,1.,0.));
#14332=DIRECTION('',(0.,0.,1.));
#14333=DIRECTION('',(0.,0.,1.));
#14334=DIRECTION('',(0.,0.,1.));
#14335=DIRECTION('',(1.,0.,0.));
#14336=DIRECTION('',(0.,0.,-1.));
#14337=DIRECTION('',(0.,0.,1.));
#14338=DIRECTION('',(0.,1.,0.));
#14339=DIRECTION('',(0.,0.,1.));
#14340=DIRECTION('',(0.,0.,1.));
#14341=DIRECTION('',(1.,0.,0.));
#14342=DIRECTION('',(0.,0.,-1.));
#14343=DIRECTION('',(0.,0.,1.));
#14344=DIRECTION('',(1.,0.,0.));
#14345=DIRECTION('',(0.,0.,1.));
#14346=DIRECTION('',(1.,0.,0.));
#14347=DIRECTION('',(0.,0.,1.));
#14348=DIRECTION('',(1.,0.,0.));
#14349=DIRECTION('',(0.,0.,1.));
#14350=DIRECTION('',(1.,0.,0.));
#14351=DIRECTION('',(0.,0.,1.));
#14352=DIRECTION('',(1.,0.,0.));
#14353=DIRECTION('',(0.,0.,1.));
#14354=DIRECTION('',(1.,0.,0.));
#14355=DIRECTION('',(0.,0.,1.));
#14356=DIRECTION('',(1.,0.,0.));
#14357=DIRECTION('',(0.,0.,1.));
#14358=DIRECTION('',(1.,0.,0.));
#14359=DIRECTION('',(0.,0.,-1.));
#14360=DIRECTION('',(1.,0.,0.));
#14361=DIRECTION('',(0.,0.,1.));
#14362=DIRECTION('',(1.,0.,0.));
#14363=DIRECTION('',(0.,0.,1.));
#14364=DIRECTION('',(1.,0.,0.));
#14365=DIRECTION('',(0.,0.,1.));
#14366=DIRECTION('',(1.,0.,0.));
#14367=DIRECTION('',(0.,0.,1.));
#14368=DIRECTION('',(1.,0.,0.));
#14369=DIRECTION('',(0.,0.,1.));
#14370=DIRECTION('',(1.,0.,0.));
#14371=DIRECTION('',(0.,1.,0.));
#14372=DIRECTION('',(0.,0.,1.));
#14373=DIRECTION('',(0.,0.,1.));
#14374=DIRECTION('',(0.,0.,1.));
#14375=DIRECTION('',(1.,0.,0.));
#14376=DIRECTION('',(0.,0.,-1.));
#14377=DIRECTION('',(0.,0.,1.));
#14378=DIRECTION('',(0.,1.,0.));
#14379=DIRECTION('',(0.,0.,1.));
#14380=DIRECTION('',(0.,0.,1.));
#14381=DIRECTION('',(1.,0.,0.));
#14382=DIRECTION('',(0.,0.,-1.));
#14383=DIRECTION('',(0.,0.,1.));
#14384=DIRECTION('',(1.,0.,0.));
#14385=DIRECTION('',(0.,0.,1.));
#14386=DIRECTION('',(1.,0.,0.));
#14387=DIRECTION('',(0.,0.,1.));
#14388=DIRECTION('',(1.,0.,0.));
#14389=DIRECTION('',(0.,0.,1.));
#14390=DIRECTION('',(1.,0.,0.));
#14391=DIRECTION('',(0.,0.,1.));
#14392=DIRECTION('',(1.,0.,0.));
#14393=DIRECTION('',(0.,0.,1.));
#14394=DIRECTION('',(1.,0.,0.));
#14395=DIRECTION('',(0.,0.,1.));
#14396=DIRECTION('',(1.,0.,0.));
#14397=DIRECTION('',(0.,0.,1.));
#14398=DIRECTION('',(1.,0.,0.));
#14399=DIRECTION('',(0.,0.,-1.));
#14400=DIRECTION('',(1.,0.,0.));
#14401=DIRECTION('',(0.,0.,1.));
#14402=DIRECTION('',(1.,0.,0.));
#14403=DIRECTION('',(0.,0.,1.));
#14404=DIRECTION('',(1.,0.,0.));
#14405=DIRECTION('',(0.,0.,1.));
#14406=DIRECTION('',(1.,0.,0.));
#14407=DIRECTION('',(0.,0.,1.));
#14408=DIRECTION('',(1.,0.,0.));
#14409=DIRECTION('',(0.,0.,1.));
#14410=DIRECTION('',(1.,0.,0.));
#14411=DIRECTION('',(0.,1.,0.));
#14412=DIRECTION('',(0.,0.,1.));
#14413=DIRECTION('',(0.,0.,1.));
#14414=DIRECTION('',(0.,0.,1.));
#14415=DIRECTION('',(1.,0.,0.));
#14416=DIRECTION('',(0.,0.,-1.));
#14417=DIRECTION('',(0.,0.,1.));
#14418=DIRECTION('',(0.,1.,0.));
#14419=DIRECTION('',(0.,0.,1.));
#14420=DIRECTION('',(0.,0.,1.));
#14421=DIRECTION('',(1.,0.,0.));
#14422=DIRECTION('',(0.,0.,-1.));
#14423=DIRECTION('',(0.,0.,1.));
#14424=DIRECTION('',(1.,0.,0.));
#14425=DIRECTION('',(0.,0.,1.));
#14426=DIRECTION('',(1.,0.,0.));
#14427=DIRECTION('',(0.,0.,1.));
#14428=DIRECTION('',(1.,0.,0.));
#14429=DIRECTION('',(0.,0.,1.));
#14430=DIRECTION('',(1.,0.,0.));
#14431=DIRECTION('',(0.,0.,1.));
#14432=DIRECTION('',(1.,0.,0.));
#14433=DIRECTION('',(0.,0.,1.));
#14434=DIRECTION('',(1.,0.,0.));
#14435=DIRECTION('',(0.,0.,1.));
#14436=DIRECTION('',(1.,0.,0.));
#14437=DIRECTION('',(0.,0.,1.));
#14438=DIRECTION('',(1.,0.,0.));
#14439=DIRECTION('',(0.,0.,-1.));
#14440=DIRECTION('',(1.,0.,0.));
#14441=DIRECTION('',(0.,0.,1.));
#14442=DIRECTION('',(1.,0.,0.));
#14443=DIRECTION('',(0.,0.,1.));
#14444=DIRECTION('',(1.,0.,0.));
#14445=DIRECTION('',(0.,0.,1.));
#14446=DIRECTION('',(1.,0.,0.));
#14447=DIRECTION('',(0.,0.,1.));
#14448=DIRECTION('',(1.,0.,0.));
#14449=DIRECTION('',(0.,0.,1.));
#14450=DIRECTION('',(1.,0.,0.));
#14451=DIRECTION('',(0.,1.,0.));
#14452=DIRECTION('',(0.,0.,1.));
#14453=DIRECTION('',(0.,0.,1.));
#14454=DIRECTION('',(0.,0.,1.));
#14455=DIRECTION('',(1.,0.,0.));
#14456=DIRECTION('',(0.,0.,-1.));
#14457=DIRECTION('',(0.,0.,1.));
#14458=DIRECTION('',(0.,1.,0.));
#14459=DIRECTION('',(0.,0.,1.));
#14460=DIRECTION('',(0.,0.,1.));
#14461=DIRECTION('',(1.,0.,0.));
#14462=DIRECTION('',(0.,0.,-1.));
#14463=DIRECTION('',(0.,0.,1.));
#14464=DIRECTION('',(1.,0.,0.));
#14465=DIRECTION('',(0.,0.,1.));
#14466=DIRECTION('',(1.,0.,0.));
#14467=DIRECTION('',(0.,0.,1.));
#14468=DIRECTION('',(1.,0.,0.));
#14469=DIRECTION('',(0.,0.,1.));
#14470=DIRECTION('',(1.,0.,0.));
#14471=DIRECTION('',(0.,0.,1.));
#14472=DIRECTION('',(1.,0.,0.));
#14473=DIRECTION('',(0.994486383305592,0.,-0.104865787651465));
#14474=DIRECTION('',(-0.104524730799463,-0.0805857166550607,-0.991251997689029));
#14475=DIRECTION('',(-0.00845068465049074,0.996747682350549,-0.0801413979023806));
#14476=DIRECTION('',(0.103096519607022,0.18291752108476,0.977707670075839));
#14477=DIRECTION('',(-0.104834689108563,0.0243520712751261,-0.994191462739508));
#14478=DIRECTION('',(0.,0.982945435782591,-0.183897444990877));
#14479=DIRECTION('',(0.,-0.183897444990877,-0.982945435782591));
#14480=DIRECTION('',(1.,0.,0.));
#14481=DIRECTION('',(0.,0.982945435782591,-0.183897444990877));
#14482=DIRECTION('',(0.,0.183897444990877,0.982945435782591));
#14483=DIRECTION('',(0.,0.183897444990877,0.982945435782591));
#14484=DIRECTION('',(0.,0.982945435782591,-0.183897444990877));
#14485=DIRECTION('',(0.,0.183897444990877,0.982945435782591));
#14486=DIRECTION('',(1.,-9.64832669986382E-17,-5.15710193420084E-16));
#14487=DIRECTION('',(0.,0.982945435782591,-0.183897444990877));
#14488=DIRECTION('',(0.,0.183897444990877,0.982945435782591));
#14489=DIRECTION('',(0.,0.183897444990877,0.982945435782591));
#14490=DIRECTION('',(0.,0.982945435782591,-0.183897444990877));
#14491=DIRECTION('',(0.,0.183897444990877,0.982945435782591));
#14492=DIRECTION('',(0.103096519607022,0.18291752108476,0.977707670075839));
#14493=DIRECTION('',(1.,0.,0.));
#14494=DIRECTION('',(-0.103096519607022,0.18291752108476,0.977707670075839));
#14495=DIRECTION('',(0.,-0.999700148388105,-0.0244870029362543));
#14496=DIRECTION('',(0.,0.0244870029362543,-0.999700148388105));
#14497=DIRECTION('',(1.,0.,0.));
#14498=DIRECTION('',(-0.104834689108563,0.0243520712751261,-0.994191462739508));
#14499=DIRECTION('',(0.104834689108563,0.0243520712751261,-0.994191462739508));
#14500=DIRECTION('',(0.,-0.0801442596674016,-0.99678327516184));
#14501=DIRECTION('',(0.,0.99678327516184,-0.0801442596674017));
#14502=DIRECTION('',(0.,-0.0801442596674016,-0.99678327516184));
#14503=DIRECTION('',(-0.704112673990999,0.707804105201557,-0.056909498197305));
#14504=DIRECTION('',(0.,-0.0801442596674016,-0.99678327516184));
#14505=DIRECTION('',(0.71008826375687,0.701847737263709,-0.0564305889794432));
#14506=DIRECTION('',(0.,-0.0801442596674016,-0.99678327516184));
#14507=DIRECTION('',(-0.71008826375687,0.701847737263709,-0.0564305889794432));
#14508=DIRECTION('',(0.,-0.0801442596674016,-0.99678327516184));
#14509=DIRECTION('',(0.704112673990999,0.707804105201557,-0.056909498197305));
#14510=DIRECTION('',(0.,-0.0801442596674016,-0.99678327516184));
#14511=DIRECTION('',(0.704112673990999,0.707804105201557,-0.056909498197305));
#14512=DIRECTION('',(0.,-0.0801442596674016,-0.99678327516184));
#14513=DIRECTION('',(-0.71008826375687,0.701847737263709,-0.0564305889794432));
#14514=DIRECTION('',(0.,-0.0801442596674016,-0.99678327516184));
#14515=DIRECTION('',(0.71008826375687,0.701847737263709,-0.0564305889794432));
#14516=DIRECTION('',(0.00845068465049074,0.996747682350549,-0.0801413979023806));
#14517=DIRECTION('',(0.,-0.0801442596674016,-0.99678327516184));
#14518=DIRECTION('',(-0.704112673990999,0.707804105201557,-0.056909498197305));
#14519=DIRECTION('',(-0.994486383305592,0.,-0.104865787651465));
#14520=DIRECTION('',(0.104524730799463,-0.0805857166550607,-0.991251997689029));
#14521=DIRECTION('',(-0.103096519607022,0.18291752108476,0.977707670075839));
#14522=DIRECTION('',(0.104834689108563,0.0243520712751261,-0.994191462739508));
#14523=DIRECTION('',(0.103096519607022,0.18291752108476,0.977707670075839));
#14524=DIRECTION('',(0.,-0.982945435782591,0.183897444990877));
#14525=DIRECTION('',(-0.104834689108563,0.0243520712751261,-0.994191462739508));
#14526=DIRECTION('',(-0.994486383305592,0.,0.104865787651465));
#14527=DIRECTION('',(-0.103096519607022,0.18291752108476,0.977707670075839));
#14528=DIRECTION('',(0.,-0.982945435782591,0.183897444990877));
#14529=DIRECTION('',(0.104834689108563,0.0243520712751261,-0.994191462739508));
#14530=DIRECTION('',(-0.994486383305592,0.,-0.104865787651465));
#14531=DIRECTION('',(0.,0.,1.));
#14532=DIRECTION('',(1.,0.,0.));
#14533=DIRECTION('',(0.,0.,1.));
#14534=DIRECTION('',(1.,0.,0.));
#14535=DIRECTION('',(0.,0.,1.));
#14536=DIRECTION('',(1.,0.,0.));
#14537=DIRECTION('',(0.,0.,1.));
#14538=DIRECTION('',(1.,0.,0.));
#14539=DIRECTION('',(0.,0.,1.));
#14540=DIRECTION('',(1.,0.,0.));
#14541=DIRECTION('',(0.,0.,1.));
#14542=DIRECTION('',(1.,0.,0.));
#14543=DIRECTION('',(0.,0.,1.));
#14544=DIRECTION('',(1.,0.,0.));
#14545=DIRECTION('',(0.,0.,1.));
#14546=DIRECTION('',(1.,0.,0.));
#14547=DIRECTION('',(0.,0.,1.));
#14548=DIRECTION('',(1.,0.,0.));
#14549=DIRECTION('',(0.,0.,1.));
#14550=DIRECTION('',(1.,0.,0.));
#14551=DIRECTION('',(0.,0.,1.));
#14552=DIRECTION('',(1.,0.,0.));
#14553=DIRECTION('',(0.,0.,1.));
#14554=DIRECTION('',(1.,0.,0.));
#14555=DIRECTION('',(0.,0.,1.));
#14556=DIRECTION('',(1.,0.,0.));
#14557=DIRECTION('',(0.103096519607022,0.18291752108476,0.977707670075839));
#14558=DIRECTION('',(0.,-0.982945435782591,0.183897444990877));
#14559=DIRECTION('',(-0.104834689108563,0.0243520712751261,-0.994191462739508));
#14560=DIRECTION('',(-0.994486383305592,0.,0.104865787651465));
#14561=DIRECTION('',(-0.103096519607022,0.18291752108476,0.977707670075839));
#14562=DIRECTION('',(0.,-0.982945435782591,0.183897444990877));
#14563=DIRECTION('',(0.104834689108563,0.0243520712751261,-0.994191462739508));
#14564=DIRECTION('',(-0.994486383305592,0.,-0.104865787651465));
#14565=DIRECTION('',(0.,0.,1.));
#14566=DIRECTION('',(1.,0.,0.));
#14567=DIRECTION('',(0.,0.,1.));
#14568=DIRECTION('',(1.,0.,0.));
#14569=DIRECTION('',(-1.,0.,0.));
#14570=DIRECTION('',(0.,1.,0.));
#14571=DIRECTION('',(-1.,0.,0.));
#14572=DIRECTION('',(0.,1.,0.));
#14573=DIRECTION('',(-1.,0.,0.));
#14574=DIRECTION('',(0.,-1.,0.));
#14575=DIRECTION('',(-1.,0.,0.));
#14576=DIRECTION('',(0.,-1.,0.));
#14577=DIRECTION('',(0.,0.,-1.));
#14578=DIRECTION('',(-1.,0.,0.));
#14579=DIRECTION('',(0.,0.,1.));
#14580=DIRECTION('',(1.,0.,0.));
#14581=DIRECTION('',(0.,0.,1.));
#14582=DIRECTION('',(1.,0.,0.));
#14583=DIRECTION('',(0.,0.,1.));
#14584=DIRECTION('',(1.,0.,0.));
#14585=DIRECTION('',(0.,0.,1.));
#14586=DIRECTION('',(1.,0.,0.));
#14587=DIRECTION('',(0.,0.,1.));
#14588=DIRECTION('',(1.,0.,0.));
#14589=DIRECTION('',(0.,0.,1.));
#14590=DIRECTION('',(1.,0.,0.));
#14591=DIRECTION('',(0.,0.,1.));
#14592=DIRECTION('',(1.,0.,0.));
#14593=DIRECTION('',(0.,0.,1.));
#14594=DIRECTION('',(1.,0.,0.));
#14595=DIRECTION('',(0.,0.,1.));
#14596=DIRECTION('',(1.,0.,0.));
#14597=DIRECTION('',(0.,1.,0.));
#14598=DIRECTION('',(0.,0.,1.));
#14599=DIRECTION('',(0.,0.,1.));
#14600=DIRECTION('',(0.,0.,1.));
#14601=DIRECTION('',(1.,0.,0.));
#14602=DIRECTION('',(0.,0.,-1.));
#14603=DIRECTION('',(0.,0.,1.));
#14604=DIRECTION('',(0.,1.,0.));
#14605=DIRECTION('',(0.,0.,1.));
#14606=DIRECTION('',(0.,0.,1.));
#14607=DIRECTION('',(1.,0.,0.));
#14608=DIRECTION('',(0.,0.,-1.));
#14609=DIRECTION('',(0.,0.,1.));
#14610=DIRECTION('',(1.,0.,0.));
#14611=DIRECTION('',(0.,0.,1.));
#14612=DIRECTION('',(1.,0.,0.));
#14613=DIRECTION('',(0.,0.,1.));
#14614=DIRECTION('',(1.,0.,0.));
#14615=DIRECTION('',(0.,0.,1.));
#14616=DIRECTION('',(1.,0.,0.));
#14617=DIRECTION('',(0.,0.,1.));
#14618=DIRECTION('',(1.,0.,0.));
#14619=DIRECTION('',(0.,0.,-1.));
#14620=DIRECTION('',(1.,0.,0.));
#14621=DIRECTION('',(0.,0.,1.));
#14622=DIRECTION('',(1.,0.,0.));
#14623=DIRECTION('',(0.,0.,1.));
#14624=DIRECTION('',(1.,0.,0.));
#14625=DIRECTION('',(0.,0.,1.));
#14626=DIRECTION('',(1.,0.,0.));
#14627=DIRECTION('',(0.,0.,1.));
#14628=DIRECTION('',(1.,0.,0.));
#14629=DIRECTION('',(0.,0.,-1.));
#14630=DIRECTION('',(-1.,0.,0.));
#14631=DIRECTION('',(0.,1.,0.));
#14632=DIRECTION('',(0.,0.,1.));
#14633=DIRECTION('',(0.,0.,1.));
#14634=DIRECTION('',(-1.,0.,0.));
#14635=DIRECTION('',(0.,0.,1.));
#14636=DIRECTION('',(0.,0.,-1.));
#14637=DIRECTION('',(-1.,0.,0.));
#14638=DIRECTION('',(0.,0.,-1.));
#14639=DIRECTION('',(-1.,0.,0.));
#14640=DIRECTION('',(0.,0.,1.));
#14641=DIRECTION('',(0.,0.,1.));
#14642=DIRECTION('',(0.,-1.,0.));
#14643=DIRECTION('',(0.,1.,0.));
#14644=DIRECTION('',(0.,0.,1.));
#14645=DIRECTION('',(0.,0.,1.));
#14646=DIRECTION('',(-1.,0.,0.));
#14647=DIRECTION('',(-1.,0.,0.));
#14648=DIRECTION('',(0.,0.,1.));
#14649=DIRECTION('',(0.,0.,1.));
#14650=DIRECTION('',(0.,-1.,0.));
#14651=DIRECTION('',(0.,0.,1.));
#14652=DIRECTION('',(-1.0842021724855E-16,1.,0.));
#14653=DIRECTION('',(-1.,-1.0842021724855E-16,0.));
#14654=DIRECTION('',(0.,0.,1.));
#14655=DIRECTION('',(-1.,-1.0842021724855E-16,0.));
#14656=DIRECTION('',(-1.,0.,0.));
#14657=DIRECTION('',(0.,0.,1.));
#14658=DIRECTION('',(0.,0.,1.));
#14659=DIRECTION('',(0.,-1.,0.));
#14660=DIRECTION('',(0.,1.,0.));
#14661=DIRECTION('',(0.,0.,1.));
#14662=DIRECTION('',(-1.,0.,0.));
#14663=DIRECTION('',(-1.,0.,0.));
#14664=DIRECTION('',(0.,0.,1.));
#14665=DIRECTION('',(0.,-1.,0.));
#14666=DIRECTION('',(0.,0.,-1.));
#14667=DIRECTION('',(1.,0.,0.));
#14668=DIRECTION('',(-1.,0.,0.));
#14669=DIRECTION('',(0.,0.,1.));
#14670=DIRECTION('',(0.,1.,0.));
#14671=DIRECTION('',(0.,0.,-1.));
#14672=DIRECTION('',(-1.,0.,0.));
#14673=DIRECTION('',(0.,0.,1.));
#14674=DIRECTION('',(0.,0.,-1.));
#14675=DIRECTION('',(0.,1.,0.));
#14676=DIRECTION('',(0.,-1.,0.));
#14677=DIRECTION('',(0.,0.,-1.));
#14678=DIRECTION('',(-1.,0.,0.));
#14679=DIRECTION('',(0.,0.,-1.));
#14680=DIRECTION('',(1.,0.,0.));
#14681=DIRECTION('',(-1.,0.,0.));
#14682=DIRECTION('',(0.,0.,1.));
#14683=DIRECTION('',(0.,0.,-1.));
#14684=DIRECTION('',(0.,1.,0.));
#14685=DIRECTION('',(0.,0.,-1.));
#14686=DIRECTION('',(3.46944695195361E-16,-1.,0.));
#14687=DIRECTION('',(1.,3.46944695195361E-16,0.));
#14688=DIRECTION('',(0.,0.,-1.));
#14689=DIRECTION('',(-1.,-3.46944695195361E-16,0.));
#14690=DIRECTION('',(-1.,0.,0.));
#14691=DIRECTION('',(0.,0.,1.));
#14692=DIRECTION('',(0.,0.,-1.));
#14693=DIRECTION('',(0.,1.,0.));
#14694=DIRECTION('',(3.46944695195361E-16,-1.,0.));
#14695=DIRECTION('',(1.,3.46944695195361E-16,0.));
#14696=DIRECTION('',(-1.,-3.46944695195361E-16,0.));
#14697=DIRECTION('',(0.,0.,-1.));
#14698=DIRECTION('',(1.,0.,0.));
#14699=DIRECTION('',(1.,0.,0.));
#14700=DIRECTION('',(0.,0.,-1.));
#14701=DIRECTION('',(0.,0.,-1.));
#14702=DIRECTION('',(0.,-1.,0.));
#14703=DIRECTION('',(0.,0.,-1.));
#14704=DIRECTION('',(0.,1.,0.));
#14705=DIRECTION('',(0.,0.,1.));
#14706=DIRECTION('',(0.,0.,-1.));
#14707=DIRECTION('',(1.,0.,0.));
#14708=DIRECTION('',(-1.,0.,0.));
#14709=DIRECTION('',(0.,0.,1.));
#14710=DIRECTION('',(0.,0.,-1.));
#14711=DIRECTION('',(0.,1.,0.));
#14712=DIRECTION('',(0.,1.,0.));
#14713=DIRECTION('',(0.,0.,1.));
#14714=DIRECTION('',(0.,0.,-1.));
#14715=DIRECTION('',(1.,0.,0.));
#14716=DIRECTION('',(-1.,0.,0.));
#14717=DIRECTION('',(0.,0.,1.));
#14718=DIRECTION('',(0.,0.,-1.));
#14719=DIRECTION('',(0.,1.,0.));
#14720=DIRECTION('',(0.,1.,0.));
#14721=DIRECTION('',(0.,0.,1.));
#14722=DIRECTION('',(0.,0.,-1.));
#14723=DIRECTION('',(1.,0.,0.));
#14724=DIRECTION('',(1.,0.,0.));
#14725=DIRECTION('',(0.,0.,-1.));
#14726=DIRECTION('',(0.,0.,-1.));
#14727=DIRECTION('',(0.,-1.,0.));
#14728=DIRECTION('',(0.,-1.,0.));
#14729=DIRECTION('',(0.,0.,-1.));
#14730=DIRECTION('',(-1.,0.,0.));
#14731=DIRECTION('',(0.,0.,-1.));
#14732=DIRECTION('',(1.,0.,0.));
#14733=DIRECTION('',(0.,1.,0.));
#14734=DIRECTION('',(0.,0.,-1.));
#14735=DIRECTION('',(-1.,0.,0.));
#14736=DIRECTION('',(1.,0.,0.));
#14737=DIRECTION('',(0.,0.,-1.));
#14738=DIRECTION('',(-1.,0.,0.));
#14739=DIRECTION('',(0.,1.,0.));
#14740=DIRECTION('',(0.,0.,-1.));
#14741=DIRECTION('',(-1.,0.,0.));
#14742=DIRECTION('',(1.,-4.95635278850516E-16,0.));
#14743=DIRECTION('',(0.,0.,-1.));
#14744=DIRECTION('',(-1.,0.,0.));
#14745=DIRECTION('',(0.,0.,1.));
#14746=DIRECTION('',(1.,0.,0.));
#14747=DIRECTION('',(0.,0.,-1.));
#14748=DIRECTION('',(-1.,0.,0.));
#14749=DIRECTION('',(0.,0.,-1.));
#14750=DIRECTION('',(1.,0.,0.));
#14751=DIRECTION('',(0.,0.,1.));
#14752=DIRECTION('',(1.,0.,0.));
#14753=DIRECTION('',(0.,0.,-1.));
#14754=DIRECTION('',(-1.,0.,0.));
#14755=DIRECTION('',(0.,0.,-1.));
#14756=DIRECTION('',(1.,0.,0.));
#14757=DIRECTION('',(0.,0.,1.));
#14758=DIRECTION('',(1.,0.,0.));
#14759=DIRECTION('',(0.,0.,-1.));
#14760=DIRECTION('',(-1.,0.,0.));
#14761=DIRECTION('',(0.,0.,-1.));
#14762=DIRECTION('',(1.,0.,0.));
#14763=DIRECTION('',(0.,0.,1.));
#14764=DIRECTION('',(1.,0.,0.));
#14765=DIRECTION('',(0.,0.,-1.));
#14766=DIRECTION('',(-1.,0.,0.));
#14767=DIRECTION('',(0.,0.,-1.));
#14768=DIRECTION('',(1.,0.,0.));
#14769=DIRECTION('',(0.,0.,1.));
#14770=DIRECTION('',(1.,0.,0.));
#14771=DIRECTION('',(0.,-1.,0.));
#14772=DIRECTION('',(0.,0.,-1.));
#14773=DIRECTION('',(1.,0.,0.));
#14774=DIRECTION('',(0.,0.,-1.));
#14775=DIRECTION('',(-1.,0.,0.));
#14776=DIRECTION('',(0.,0.,1.));
#14777=DIRECTION('',(-1.,0.,0.));
#14778=DIRECTION('',(0.,0.,1.));
#14779=DIRECTION('',(0.,-1.,0.));
#14780=DIRECTION('',(0.,0.,-1.));
#14781=DIRECTION('',(0.,1.,0.));
#14782=DIRECTION('',(0.,0.,1.));
#14783=DIRECTION('',(0.,0.,1.));
#14784=DIRECTION('',(1.,0.,0.));
#14785=DIRECTION('',(0.,-1.,0.));
#14786=DIRECTION('',(0.,0.,-1.));
#14787=DIRECTION('',(0.,0.,1.));
#14788=DIRECTION('',(1.,0.,0.));
#14789=DIRECTION('',(1.,0.,0.));
#14790=DIRECTION('',(0.,0.,-1.));
#14791=DIRECTION('',(0.,1.,0.));
#14792=DIRECTION('',(0.,0.,1.));
#14793=DIRECTION('',(0.,1.,0.));
#14794=DIRECTION('',(0.,0.,1.));
#14795=DIRECTION('',(1.,-4.95635278850516E-16,0.));
#14796=DIRECTION('',(4.95635278850516E-16,1.,0.));
#14797=DIRECTION('',(-1.,0.,0.));
#14798=DIRECTION('',(0.,0.,1.));
#14799=DIRECTION('',(0.,0.,1.));
#14800=DIRECTION('',(1.,0.,0.));
#14801=DIRECTION('',(-1.,0.,0.));
#14802=DIRECTION('',(0.,0.,1.));
#14803=DIRECTION('',(0.,0.,-1.));
#14804=DIRECTION('',(0.,1.,0.));
#14805=DIRECTION('',(0.,0.,-1.));
#14806=DIRECTION('',(3.46944695195361E-16,-1.,0.));
#14807=DIRECTION('',(1.,3.46944695195361E-16,0.));
#14808=DIRECTION('',(0.,0.,-1.));
#14809=DIRECTION('',(-1.,-3.46944695195361E-16,0.));
#14810=DIRECTION('',(-1.,0.,0.));
#14811=DIRECTION('',(0.,0.,1.));
#14812=DIRECTION('',(0.,0.,-1.));
#14813=DIRECTION('',(0.,1.,0.));
#14814=DIRECTION('',(3.46944695195361E-16,-1.,0.));
#14815=DIRECTION('',(1.,3.46944695195361E-16,0.));
#14816=DIRECTION('',(-1.,-3.46944695195361E-16,0.));
#14817=DIRECTION('',(0.,0.,-1.));
#14818=DIRECTION('',(1.,0.,0.));
#14819=DIRECTION('',(1.,0.,0.));
#14820=DIRECTION('',(0.,0.,-1.));
#14821=DIRECTION('',(0.,0.,-1.));
#14822=DIRECTION('',(0.,-1.,0.));
#14823=DIRECTION('',(0.,0.,-1.));
#14824=DIRECTION('',(0.,1.,0.));
#14825=DIRECTION('',(0.,0.,1.));
#14826=DIRECTION('',(0.,0.,-1.));
#14827=DIRECTION('',(1.,0.,0.));
#14828=DIRECTION('',(-1.,0.,0.));
#14829=DIRECTION('',(0.,0.,1.));
#14830=DIRECTION('',(0.,0.,-1.));
#14831=DIRECTION('',(0.,1.,0.));
#14832=DIRECTION('',(0.,1.,0.));
#14833=DIRECTION('',(0.,0.,1.));
#14834=DIRECTION('',(0.,0.,-1.));
#14835=DIRECTION('',(1.,0.,0.));
#14836=DIRECTION('',(-1.,0.,0.));
#14837=DIRECTION('',(0.,0.,1.));
#14838=DIRECTION('',(0.,0.,-1.));
#14839=DIRECTION('',(0.,1.,0.));
#14840=DIRECTION('',(0.,1.,0.));
#14841=DIRECTION('',(0.,0.,1.));
#14842=DIRECTION('',(0.,0.,-1.));
#14843=DIRECTION('',(1.,0.,0.));
#14844=DIRECTION('',(1.,0.,0.));
#14845=DIRECTION('',(0.,0.,-1.));
#14846=DIRECTION('',(0.,0.,-1.));
#14847=DIRECTION('',(0.,-1.,0.));
#14848=DIRECTION('',(0.,-1.,0.));
#14849=DIRECTION('',(0.,0.,-1.));
#14850=DIRECTION('',(-1.,0.,0.));
#14851=DIRECTION('',(0.,0.,-1.));
#14852=DIRECTION('',(1.,0.,0.));
#14853=DIRECTION('',(0.,1.,0.));
#14854=DIRECTION('',(0.,0.,-1.));
#14855=DIRECTION('',(-1.,0.,0.));
#14856=DIRECTION('',(1.,0.,0.));
#14857=DIRECTION('',(0.,0.,-1.));
#14858=DIRECTION('',(-1.,0.,0.));
#14859=DIRECTION('',(0.,1.,0.));
#14860=DIRECTION('',(0.,0.,-1.));
#14861=DIRECTION('',(-1.,0.,0.));
#14862=DIRECTION('',(1.,-4.95635278850516E-16,0.));
#14863=DIRECTION('',(0.,0.,-1.));
#14864=DIRECTION('',(-1.,0.,0.));
#14865=DIRECTION('',(0.,0.,1.));
#14866=DIRECTION('',(1.,0.,0.));
#14867=DIRECTION('',(0.,0.,-1.));
#14868=DIRECTION('',(-1.,0.,0.));
#14869=DIRECTION('',(0.,0.,-1.));
#14870=DIRECTION('',(1.,0.,0.));
#14871=DIRECTION('',(0.,0.,1.));
#14872=DIRECTION('',(1.,0.,0.));
#14873=DIRECTION('',(0.,0.,-1.));
#14874=DIRECTION('',(-1.,0.,0.));
#14875=DIRECTION('',(0.,0.,-1.));
#14876=DIRECTION('',(1.,0.,0.));
#14877=DIRECTION('',(0.,0.,1.));
#14878=DIRECTION('',(1.,0.,0.));
#14879=DIRECTION('',(0.,0.,-1.));
#14880=DIRECTION('',(-1.,0.,0.));
#14881=DIRECTION('',(0.,0.,-1.));
#14882=DIRECTION('',(1.,0.,0.));
#14883=DIRECTION('',(0.,0.,1.));
#14884=DIRECTION('',(1.,0.,0.));
#14885=DIRECTION('',(0.,0.,-1.));
#14886=DIRECTION('',(-1.,0.,0.));
#14887=DIRECTION('',(0.,0.,-1.));
#14888=DIRECTION('',(1.,0.,0.));
#14889=DIRECTION('',(0.,0.,1.));
#14890=DIRECTION('',(1.,0.,0.));
#14891=DIRECTION('',(0.,-1.,0.));
#14892=DIRECTION('',(0.,0.,-1.));
#14893=DIRECTION('',(1.,0.,0.));
#14894=DIRECTION('',(0.,0.,-1.));
#14895=DIRECTION('',(-1.,0.,0.));
#14896=DIRECTION('',(0.,0.,1.));
#14897=DIRECTION('',(-1.,0.,0.));
#14898=DIRECTION('',(0.,0.,1.));
#14899=DIRECTION('',(0.,-1.,0.));
#14900=DIRECTION('',(0.,0.,-1.));
#14901=DIRECTION('',(0.,1.,0.));
#14902=DIRECTION('',(0.,0.,1.));
#14903=DIRECTION('',(0.,0.,1.));
#14904=DIRECTION('',(1.,0.,0.));
#14905=DIRECTION('',(0.,-1.,0.));
#14906=DIRECTION('',(0.,0.,-1.));
#14907=DIRECTION('',(0.,0.,1.));
#14908=DIRECTION('',(1.,0.,0.));
#14909=DIRECTION('',(1.,0.,0.));
#14910=DIRECTION('',(0.,0.,-1.));
#14911=DIRECTION('',(0.,1.,0.));
#14912=DIRECTION('',(0.,0.,1.));
#14913=DIRECTION('',(0.,1.,0.));
#14914=DIRECTION('',(0.,0.,1.));
#14915=DIRECTION('',(1.,-4.95635278850516E-16,0.));
#14916=DIRECTION('',(4.95635278850516E-16,1.,0.));
#14917=DIRECTION('',(-1.,0.,0.));
#14918=DIRECTION('',(0.,0.,1.));
#14919=DIRECTION('',(0.,0.,1.));
#14920=DIRECTION('',(1.,0.,0.));
#14921=DIRECTION('',(-1.,0.,0.));
#14922=DIRECTION('',(0.,0.,1.));
#14923=DIRECTION('',(0.,0.,-1.));
#14924=DIRECTION('',(0.,1.,0.));
#14925=DIRECTION('',(0.,0.,-1.));
#14926=DIRECTION('',(3.46944695195361E-16,-1.,0.));
#14927=DIRECTION('',(1.,3.46944695195361E-16,0.));
#14928=DIRECTION('',(0.,0.,-1.));
#14929=DIRECTION('',(-1.,-3.46944695195361E-16,0.));
#14930=DIRECTION('',(-1.,0.,0.));
#14931=DIRECTION('',(0.,0.,1.));
#14932=DIRECTION('',(0.,0.,-1.));
#14933=DIRECTION('',(0.,1.,0.));
#14934=DIRECTION('',(3.46944695195361E-16,-1.,0.));
#14935=DIRECTION('',(1.,3.46944695195361E-16,0.));
#14936=DIRECTION('',(-1.,-3.46944695195361E-16,0.));
#14937=DIRECTION('',(0.,0.,-1.));
#14938=DIRECTION('',(1.,0.,0.));
#14939=DIRECTION('',(1.,0.,0.));
#14940=DIRECTION('',(0.,0.,-1.));
#14941=DIRECTION('',(0.,0.,-1.));
#14942=DIRECTION('',(0.,-1.,0.));
#14943=DIRECTION('',(0.,0.,-1.));
#14944=DIRECTION('',(0.,1.,0.));
#14945=DIRECTION('',(0.,0.,1.));
#14946=DIRECTION('',(0.,0.,-1.));
#14947=DIRECTION('',(1.,0.,0.));
#14948=DIRECTION('',(-1.,0.,0.));
#14949=DIRECTION('',(0.,0.,1.));
#14950=DIRECTION('',(0.,0.,-1.));
#14951=DIRECTION('',(0.,1.,0.));
#14952=DIRECTION('',(0.,1.,0.));
#14953=DIRECTION('',(0.,0.,1.));
#14954=DIRECTION('',(0.,0.,-1.));
#14955=DIRECTION('',(1.,0.,0.));
#14956=DIRECTION('',(-1.,0.,0.));
#14957=DIRECTION('',(0.,0.,1.));
#14958=DIRECTION('',(0.,0.,-1.));
#14959=DIRECTION('',(0.,1.,0.));
#14960=DIRECTION('',(0.,1.,0.));
#14961=DIRECTION('',(0.,0.,1.));
#14962=DIRECTION('',(0.,0.,-1.));
#14963=DIRECTION('',(1.,0.,0.));
#14964=DIRECTION('',(1.,0.,0.));
#14965=DIRECTION('',(0.,0.,-1.));
#14966=DIRECTION('',(0.,0.,-1.));
#14967=DIRECTION('',(0.,-1.,0.));
#14968=DIRECTION('',(0.,-1.,0.));
#14969=DIRECTION('',(0.,0.,-1.));
#14970=DIRECTION('',(-1.,0.,0.));
#14971=DIRECTION('',(0.,0.,-1.));
#14972=DIRECTION('',(1.,0.,0.));
#14973=DIRECTION('',(0.,1.,0.));
#14974=DIRECTION('',(0.,0.,-1.));
#14975=DIRECTION('',(-1.,0.,0.));
#14976=DIRECTION('',(1.,0.,0.));
#14977=DIRECTION('',(0.,0.,-1.));
#14978=DIRECTION('',(-1.,0.,0.));
#14979=DIRECTION('',(0.,1.,0.));
#14980=DIRECTION('',(0.,0.,-1.));
#14981=DIRECTION('',(-1.,0.,0.));
#14982=DIRECTION('',(1.,-4.95635278850516E-16,0.));
#14983=DIRECTION('',(0.,0.,-1.));
#14984=DIRECTION('',(-1.,0.,0.));
#14985=DIRECTION('',(0.,0.,1.));
#14986=DIRECTION('',(1.,0.,0.));
#14987=DIRECTION('',(0.,0.,-1.));
#14988=DIRECTION('',(-1.,0.,0.));
#14989=DIRECTION('',(0.,0.,-1.));
#14990=DIRECTION('',(1.,0.,0.));
#14991=DIRECTION('',(0.,0.,1.));
#14992=DIRECTION('',(1.,0.,0.));
#14993=DIRECTION('',(0.,0.,-1.));
#14994=DIRECTION('',(-1.,0.,0.));
#14995=DIRECTION('',(0.,0.,-1.));
#14996=DIRECTION('',(1.,0.,0.));
#14997=DIRECTION('',(0.,0.,1.));
#14998=DIRECTION('',(1.,0.,0.));
#14999=DIRECTION('',(0.,0.,-1.));
#15000=DIRECTION('',(-1.,0.,0.));
#15001=DIRECTION('',(0.,0.,-1.));
#15002=DIRECTION('',(1.,0.,0.));
#15003=DIRECTION('',(0.,0.,1.));
#15004=DIRECTION('',(1.,0.,0.));
#15005=DIRECTION('',(0.,0.,-1.));
#15006=DIRECTION('',(-1.,0.,0.));
#15007=DIRECTION('',(0.,0.,-1.));
#15008=DIRECTION('',(1.,0.,0.));
#15009=DIRECTION('',(0.,0.,1.));
#15010=DIRECTION('',(1.,0.,0.));
#15011=DIRECTION('',(0.,-1.,0.));
#15012=DIRECTION('',(0.,0.,-1.));
#15013=DIRECTION('',(1.,0.,0.));
#15014=DIRECTION('',(0.,0.,-1.));
#15015=DIRECTION('',(-1.,0.,0.));
#15016=DIRECTION('',(0.,0.,1.));
#15017=DIRECTION('',(-1.,0.,0.));
#15018=DIRECTION('',(0.,0.,1.));
#15019=DIRECTION('',(0.,-1.,0.));
#15020=DIRECTION('',(0.,0.,-1.));
#15021=DIRECTION('',(0.,1.,0.));
#15022=DIRECTION('',(0.,0.,1.));
#15023=DIRECTION('',(0.,0.,1.));
#15024=DIRECTION('',(1.,0.,0.));
#15025=DIRECTION('',(0.,-1.,0.));
#15026=DIRECTION('',(0.,0.,-1.));
#15027=DIRECTION('',(0.,0.,1.));
#15028=DIRECTION('',(1.,0.,0.));
#15029=DIRECTION('',(1.,0.,0.));
#15030=DIRECTION('',(0.,0.,-1.));
#15031=DIRECTION('',(0.,1.,0.));
#15032=DIRECTION('',(0.,0.,1.));
#15033=DIRECTION('',(0.,1.,0.));
#15034=DIRECTION('',(0.,0.,1.));
#15035=DIRECTION('',(1.,-4.95635278850516E-16,0.));
#15036=DIRECTION('',(4.95635278850516E-16,1.,0.));
#15037=DIRECTION('',(-1.,0.,0.));
#15038=DIRECTION('',(0.,0.,1.));
#15039=DIRECTION('',(0.,0.,1.));
#15040=DIRECTION('',(1.,0.,0.));
#15041=DIRECTION('',(-1.,0.,0.));
#15042=DIRECTION('',(0.,0.,1.));
#15043=DIRECTION('',(0.,0.,-1.));
#15044=DIRECTION('',(0.,1.,0.));
#15045=DIRECTION('',(0.,0.,-1.));
#15046=DIRECTION('',(3.46944695195361E-16,-1.,0.));
#15047=DIRECTION('',(1.,3.46944695195361E-16,0.));
#15048=DIRECTION('',(0.,0.,-1.));
#15049=DIRECTION('',(-1.,-3.46944695195361E-16,0.));
#15050=DIRECTION('',(-1.,0.,0.));
#15051=DIRECTION('',(0.,0.,1.));
#15052=DIRECTION('',(0.,0.,-1.));
#15053=DIRECTION('',(0.,1.,0.));
#15054=DIRECTION('',(3.46944695195361E-16,-1.,0.));
#15055=DIRECTION('',(1.,3.46944695195361E-16,0.));
#15056=DIRECTION('',(-1.,-3.46944695195361E-16,0.));
#15057=DIRECTION('',(0.,0.,-1.));
#15058=DIRECTION('',(1.,0.,0.));
#15059=DIRECTION('',(1.,0.,0.));
#15060=DIRECTION('',(0.,0.,-1.));
#15061=DIRECTION('',(0.,0.,-1.));
#15062=DIRECTION('',(0.,-1.,0.));
#15063=DIRECTION('',(0.,0.,-1.));
#15064=DIRECTION('',(0.,1.,0.));
#15065=DIRECTION('',(0.,0.,1.));
#15066=DIRECTION('',(0.,0.,-1.));
#15067=DIRECTION('',(1.,0.,0.));
#15068=DIRECTION('',(-1.,0.,0.));
#15069=DIRECTION('',(0.,0.,1.));
#15070=DIRECTION('',(0.,0.,-1.));
#15071=DIRECTION('',(0.,1.,0.));
#15072=DIRECTION('',(0.,1.,0.));
#15073=DIRECTION('',(0.,0.,1.));
#15074=DIRECTION('',(0.,0.,-1.));
#15075=DIRECTION('',(1.,0.,0.));
#15076=DIRECTION('',(-1.,0.,0.));
#15077=DIRECTION('',(0.,0.,1.));
#15078=DIRECTION('',(0.,0.,-1.));
#15079=DIRECTION('',(0.,1.,0.));
#15080=DIRECTION('',(0.,1.,0.));
#15081=DIRECTION('',(0.,0.,1.));
#15082=DIRECTION('',(0.,0.,-1.));
#15083=DIRECTION('',(1.,0.,0.));
#15084=DIRECTION('',(1.,0.,0.));
#15085=DIRECTION('',(0.,0.,-1.));
#15086=DIRECTION('',(0.,0.,-1.));
#15087=DIRECTION('',(0.,-1.,0.));
#15088=DIRECTION('',(0.,-1.,0.));
#15089=DIRECTION('',(0.,0.,-1.));
#15090=DIRECTION('',(-1.,0.,0.));
#15091=DIRECTION('',(0.,0.,-1.));
#15092=DIRECTION('',(1.,0.,0.));
#15093=DIRECTION('',(0.,1.,0.));
#15094=DIRECTION('',(0.,0.,-1.));
#15095=DIRECTION('',(-1.,0.,0.));
#15096=DIRECTION('',(1.,0.,0.));
#15097=DIRECTION('',(0.,0.,-1.));
#15098=DIRECTION('',(-1.,0.,0.));
#15099=DIRECTION('',(0.,1.,0.));
#15100=DIRECTION('',(0.,0.,-1.));
#15101=DIRECTION('',(-1.,0.,0.));
#15102=DIRECTION('',(1.,-4.95635278850516E-16,0.));
#15103=DIRECTION('',(0.,0.,-1.));
#15104=DIRECTION('',(-1.,0.,0.));
#15105=DIRECTION('',(0.,0.,1.));
#15106=DIRECTION('',(1.,0.,0.));
#15107=DIRECTION('',(0.,0.,-1.));
#15108=DIRECTION('',(-1.,0.,0.));
#15109=DIRECTION('',(0.,0.,-1.));
#15110=DIRECTION('',(1.,0.,0.));
#15111=DIRECTION('',(0.,0.,1.));
#15112=DIRECTION('',(1.,0.,0.));
#15113=DIRECTION('',(0.,0.,-1.));
#15114=DIRECTION('',(-1.,0.,0.));
#15115=DIRECTION('',(0.,0.,-1.));
#15116=DIRECTION('',(1.,0.,0.));
#15117=DIRECTION('',(0.,0.,1.));
#15118=DIRECTION('',(1.,0.,0.));
#15119=DIRECTION('',(0.,0.,-1.));
#15120=DIRECTION('',(-1.,0.,0.));
#15121=DIRECTION('',(0.,0.,-1.));
#15122=DIRECTION('',(1.,0.,0.));
#15123=DIRECTION('',(0.,0.,1.));
#15124=DIRECTION('',(1.,0.,0.));
#15125=DIRECTION('',(0.,0.,-1.));
#15126=DIRECTION('',(-1.,0.,0.));
#15127=DIRECTION('',(0.,0.,-1.));
#15128=DIRECTION('',(1.,0.,0.));
#15129=DIRECTION('',(0.,0.,1.));
#15130=DIRECTION('',(1.,0.,0.));
#15131=DIRECTION('',(0.,-1.,0.));
#15132=DIRECTION('',(0.,0.,-1.));
#15133=DIRECTION('',(1.,0.,0.));
#15134=DIRECTION('',(0.,0.,-1.));
#15135=DIRECTION('',(-1.,0.,0.));
#15136=DIRECTION('',(0.,0.,1.));
#15137=DIRECTION('',(-1.,0.,0.));
#15138=DIRECTION('',(0.,0.,1.));
#15139=DIRECTION('',(0.,-1.,0.));
#15140=DIRECTION('',(0.,0.,-1.));
#15141=DIRECTION('',(0.,1.,0.));
#15142=DIRECTION('',(0.,0.,1.));
#15143=DIRECTION('',(0.,0.,1.));
#15144=DIRECTION('',(1.,0.,0.));
#15145=DIRECTION('',(0.,-1.,0.));
#15146=DIRECTION('',(0.,0.,-1.));
#15147=DIRECTION('',(0.,0.,1.));
#15148=DIRECTION('',(1.,0.,0.));
#15149=DIRECTION('',(1.,0.,0.));
#15150=DIRECTION('',(0.,0.,-1.));
#15151=DIRECTION('',(0.,1.,0.));
#15152=DIRECTION('',(0.,0.,1.));
#15153=DIRECTION('',(0.,1.,0.));
#15154=DIRECTION('',(0.,0.,1.));
#15155=DIRECTION('',(1.,-4.95635278850516E-16,0.));
#15156=DIRECTION('',(4.95635278850516E-16,1.,0.));
#15157=DIRECTION('',(-1.,0.,0.));
#15158=DIRECTION('',(0.,0.,1.));
#15159=DIRECTION('',(0.,0.,1.));
#15160=DIRECTION('',(1.,0.,0.));
#15161=DIRECTION('',(1.,0.,0.));
#15162=DIRECTION('',(0.,0.,-1.));
#15163=DIRECTION('',(0.,0.,1.));
#15164=DIRECTION('',(0.,0.,1.));
#15165=DIRECTION('',(0.,1.,0.));
#15166=DIRECTION('',(0.,0.,1.));
#15167=DIRECTION('',(0.,0.,1.));
#15168=DIRECTION('',(1.,0.,0.));
#15169=DIRECTION('',(0.,0.,-1.));
#15170=DIRECTION('',(0.,0.,1.));
#15171=DIRECTION('',(0.,1.,0.));
#15172=DIRECTION('',(0.,0.,1.));
#15173=DIRECTION('',(0.,1.,0.));
#15174=DIRECTION('',(0.,0.,1.));
#15175=DIRECTION('',(0.,0.,1.));
#15176=DIRECTION('',(0.,0.,1.));
#15177=DIRECTION('',(1.,0.,0.));
#15178=DIRECTION('',(0.,0.,-1.));
#15179=DIRECTION('',(0.,0.,1.));
#15180=DIRECTION('',(0.,1.,0.));
#15181=DIRECTION('',(0.,0.,1.));
#15182=DIRECTION('',(0.,0.,1.));
#15183=DIRECTION('',(1.,0.,0.));
#15184=DIRECTION('',(0.,0.,-1.));
#15185=DIRECTION('',(1.,0.,0.));
#15186=DIRECTION('',(0.,0.,-1.));
#15187=DIRECTION('',(0.,0.,1.));
#15188=DIRECTION('',(0.,0.,1.));
#15189=DIRECTION('',(0.,1.,0.));
#15190=DIRECTION('',(0.,0.,1.));
#15191=DIRECTION('',(0.,0.,1.));
#15192=DIRECTION('',(1.,0.,0.));
#15193=DIRECTION('',(0.,0.,-1.));
#15194=DIRECTION('',(0.,0.,1.));
#15195=DIRECTION('',(0.,1.,0.));
#15196=DIRECTION('',(0.,0.,1.));
#15197=DIRECTION('',(0.,1.,0.));
#15198=DIRECTION('',(0.,0.,1.));
#15199=DIRECTION('',(0.,0.,1.));
#15200=DIRECTION('',(0.,0.,1.));
#15201=DIRECTION('',(1.,0.,0.));
#15202=DIRECTION('',(0.,0.,-1.));
#15203=DIRECTION('',(0.,0.,1.));
#15204=DIRECTION('',(0.,1.,0.));
#15205=DIRECTION('',(0.,0.,1.));
#15206=DIRECTION('',(0.,0.,1.));
#15207=DIRECTION('',(1.,0.,0.));
#15208=DIRECTION('',(0.,0.,-1.));
#15209=DIRECTION('',(1.,0.,0.));
#15210=DIRECTION('',(0.,0.,-1.));
#15211=DIRECTION('',(0.,0.,1.));
#15212=DIRECTION('',(0.,0.,1.));
#15213=DIRECTION('',(0.,1.,0.));
#15214=DIRECTION('',(0.,0.,1.));
#15215=DIRECTION('',(0.,0.,1.));
#15216=DIRECTION('',(1.,0.,0.));
#15217=DIRECTION('',(0.,0.,-1.));
#15218=DIRECTION('',(0.,0.,1.));
#15219=DIRECTION('',(0.,1.,0.));
#15220=DIRECTION('',(0.,0.,1.));
#15221=DIRECTION('',(0.,1.,0.));
#15222=DIRECTION('',(0.,0.,1.));
#15223=DIRECTION('',(0.,0.,1.));
#15224=DIRECTION('',(0.,0.,1.));
#15225=DIRECTION('',(1.,0.,0.));
#15226=DIRECTION('',(0.,0.,-1.));
#15227=DIRECTION('',(0.,0.,1.));
#15228=DIRECTION('',(0.,1.,0.));
#15229=DIRECTION('',(0.,0.,1.));
#15230=DIRECTION('',(0.,0.,1.));
#15231=DIRECTION('',(1.,0.,0.));
#15232=DIRECTION('',(0.,0.,-1.));
#15233=DIRECTION('',(1.,0.,0.));
#15234=DIRECTION('',(0.,0.,-1.));
#15235=DIRECTION('',(0.,0.,1.));
#15236=DIRECTION('',(0.,0.,1.));
#15237=DIRECTION('',(0.,1.,0.));
#15238=DIRECTION('',(0.,0.,1.));
#15239=DIRECTION('',(0.,0.,1.));
#15240=DIRECTION('',(1.,0.,0.));
#15241=DIRECTION('',(0.,0.,-1.));
#15242=DIRECTION('',(0.,0.,1.));
#15243=DIRECTION('',(0.,1.,0.));
#15244=DIRECTION('',(0.,0.,1.));
#15245=DIRECTION('',(1.,0.,0.));
#15246=DIRECTION('',(0.,0.,-1.));
#15247=DIRECTION('',(0.,0.,1.));
#15248=DIRECTION('',(0.,0.,1.));
#15249=DIRECTION('',(0.,1.,0.));
#15250=DIRECTION('',(0.,0.,1.));
#15251=DIRECTION('',(0.,0.,1.));
#15252=DIRECTION('',(1.,0.,0.));
#15253=DIRECTION('',(0.,0.,-1.));
#15254=DIRECTION('',(0.,0.,1.));
#15255=DIRECTION('',(0.,1.,0.));
#15256=DIRECTION('',(0.,0.,1.));
#15257=DIRECTION('',(0.,1.,0.));
#15258=DIRECTION('',(0.,0.,1.));
#15259=DIRECTION('',(0.,0.,1.));
#15260=DIRECTION('',(0.,0.,1.));
#15261=DIRECTION('',(1.,0.,0.));
#15262=DIRECTION('',(0.,0.,-1.));
#15263=DIRECTION('',(0.,0.,1.));
#15264=DIRECTION('',(0.,1.,0.));
#15265=DIRECTION('',(0.,0.,1.));
#15266=DIRECTION('',(0.,0.,1.));
#15267=DIRECTION('',(1.,0.,0.));
#15268=DIRECTION('',(0.,0.,-1.));
#15269=DIRECTION('',(0.,1.,0.));
#15270=DIRECTION('',(0.,0.,1.));
#15271=DIRECTION('',(0.,0.,1.));
#15272=DIRECTION('',(0.,0.,1.));
#15273=DIRECTION('',(1.,0.,0.));
#15274=DIRECTION('',(0.,0.,-1.));
#15275=DIRECTION('',(0.,0.,1.));
#15276=DIRECTION('',(0.,1.,0.));
#15277=DIRECTION('',(0.,0.,1.));
#15278=DIRECTION('',(0.,0.,1.));
#15279=DIRECTION('',(1.,0.,0.));
#15280=DIRECTION('',(0.,0.,-1.));
#15281=DIRECTION('',(0.,0.,1.));
#15282=DIRECTION('',(0.,1.,0.));
#15283=DIRECTION('',(0.,0.,1.));
#15284=DIRECTION('',(0.,0.,1.));
#15285=DIRECTION('',(1.,0.,0.));
#15286=DIRECTION('',(0.,0.,-1.));
#15287=DIRECTION('',(0.,0.,1.));
#15288=DIRECTION('',(0.,1.,0.));
#15289=DIRECTION('',(0.,0.,1.));
#15290=DIRECTION('',(0.,0.,1.));
#15291=DIRECTION('',(1.,0.,0.));
#15292=DIRECTION('',(0.,0.,-1.));
#15293=DIRECTION('',(0.,0.,1.));
#15294=DIRECTION('',(0.,1.,0.));
#15295=DIRECTION('',(0.,0.,1.));
#15296=DIRECTION('',(0.,0.,1.));
#15297=DIRECTION('',(1.,0.,0.));
#15298=DIRECTION('',(0.,0.,-1.));
#15299=DIRECTION('',(0.,0.,1.));
#15300=DIRECTION('',(0.,1.,0.));
#15301=DIRECTION('',(0.,0.,1.));
#15302=DIRECTION('',(0.,0.,1.));
#15303=DIRECTION('',(1.,0.,0.));
#15304=DIRECTION('',(0.,0.,-1.));
#15305=DIRECTION('',(0.,1.,0.));
#15306=DIRECTION('',(0.,0.,1.));
#15307=DIRECTION('',(0.,0.,1.));
#15308=DIRECTION('',(0.,0.,1.));
#15309=DIRECTION('',(1.,0.,0.));
#15310=DIRECTION('',(0.,0.,-1.));
#15311=DIRECTION('',(0.,0.,1.));
#15312=DIRECTION('',(0.,1.,0.));
#15313=DIRECTION('',(0.,0.,1.));
#15314=DIRECTION('',(0.,0.,1.));
#15315=DIRECTION('',(1.,0.,0.));
#15316=DIRECTION('',(0.,0.,-1.));
#15317=DIRECTION('',(0.,0.,1.));
#15318=DIRECTION('',(0.,1.,0.));
#15319=DIRECTION('',(0.,0.,1.));
#15320=DIRECTION('',(0.,0.,1.));
#15321=DIRECTION('',(1.,0.,0.));
#15322=DIRECTION('',(0.,0.,-1.));
#15323=DIRECTION('',(0.,0.,1.));
#15324=DIRECTION('',(0.,1.,0.));
#15325=DIRECTION('',(0.,0.,1.));
#15326=DIRECTION('',(0.,0.,1.));
#15327=DIRECTION('',(1.,0.,0.));
#15328=DIRECTION('',(0.,0.,-1.));
#15329=DIRECTION('',(1.,0.,0.));
#15330=DIRECTION('',(0.,0.,-1.));
#15331=DIRECTION('',(0.,0.,1.));
#15332=DIRECTION('',(0.,0.,1.));
#15333=DIRECTION('',(0.,1.,0.));
#15334=DIRECTION('',(0.,0.,1.));
#15335=DIRECTION('',(0.,0.,1.));
#15336=DIRECTION('',(1.,0.,0.));
#15337=DIRECTION('',(0.,0.,-1.));
#15338=DIRECTION('',(0.,0.,1.));
#15339=DIRECTION('',(0.,1.,0.));
#15340=DIRECTION('',(0.,0.,1.));
#15341=DIRECTION('',(1.,0.,0.));
#15342=DIRECTION('',(0.,0.,-1.));
#15343=DIRECTION('',(0.,0.,1.));
#15344=DIRECTION('',(0.,0.,1.));
#15345=DIRECTION('',(0.,1.,0.));
#15346=DIRECTION('',(0.,0.,1.));
#15347=DIRECTION('',(0.,0.,1.));
#15348=DIRECTION('',(1.,0.,0.));
#15349=DIRECTION('',(0.,0.,-1.));
#15350=DIRECTION('',(0.,0.,1.));
#15351=DIRECTION('',(0.,1.,0.));
#15352=DIRECTION('',(0.,0.,1.));
#15353=DIRECTION('',(1.,0.,0.));
#15354=DIRECTION('',(0.,0.,-1.));
#15355=DIRECTION('',(0.,0.,1.));
#15356=DIRECTION('',(0.,0.,1.));
#15357=DIRECTION('',(0.,1.,0.));
#15358=DIRECTION('',(0.,0.,1.));
#15359=DIRECTION('',(0.,0.,1.));
#15360=DIRECTION('',(1.,0.,0.));
#15361=DIRECTION('',(0.,0.,-1.));
#15362=DIRECTION('',(0.,0.,1.));
#15363=DIRECTION('',(0.,1.,0.));
#15364=DIRECTION('',(0.,0.,1.));
#15365=DIRECTION('',(0.,1.,0.));
#15366=DIRECTION('',(0.,0.,1.));
#15367=DIRECTION('',(0.,0.,1.));
#15368=DIRECTION('',(0.,0.,1.));
#15369=DIRECTION('',(1.,0.,0.));
#15370=DIRECTION('',(0.,0.,-1.));
#15371=DIRECTION('',(0.,0.,1.));
#15372=DIRECTION('',(0.,1.,0.));
#15373=DIRECTION('',(0.,0.,1.));
#15374=DIRECTION('',(0.,0.,1.));
#15375=DIRECTION('',(1.,0.,0.));
#15376=DIRECTION('',(0.,0.,-1.));
#15377=DIRECTION('',(0.,1.,0.));
#15378=DIRECTION('',(0.,0.,1.));
#15379=DIRECTION('',(0.,0.,1.));
#15380=DIRECTION('',(0.,0.,1.));
#15381=DIRECTION('',(1.,0.,0.));
#15382=DIRECTION('',(0.,0.,-1.));
#15383=DIRECTION('',(0.,0.,1.));
#15384=DIRECTION('',(0.,1.,0.));
#15385=DIRECTION('',(0.,0.,1.));
#15386=DIRECTION('',(0.,0.,1.));
#15387=DIRECTION('',(1.,0.,0.));
#15388=DIRECTION('',(0.,0.,-1.));
#15389=DIRECTION('',(0.,1.,0.));
#15390=DIRECTION('',(0.,0.,1.));
#15391=DIRECTION('',(0.,0.,1.));
#15392=DIRECTION('',(0.,0.,1.));
#15393=DIRECTION('',(1.,0.,0.));
#15394=DIRECTION('',(0.,0.,-1.));
#15395=DIRECTION('',(0.,0.,1.));
#15396=DIRECTION('',(0.,1.,0.));
#15397=DIRECTION('',(0.,0.,1.));
#15398=DIRECTION('',(0.,0.,1.));
#15399=DIRECTION('',(1.,0.,0.));
#15400=DIRECTION('',(0.,0.,-1.));
#15401=DIRECTION('',(0.,1.,0.));
#15402=DIRECTION('',(0.,0.,1.));
#15403=DIRECTION('',(0.,0.,1.));
#15404=DIRECTION('',(0.,0.,1.));
#15405=DIRECTION('',(1.,0.,0.));
#15406=DIRECTION('',(0.,0.,-1.));
#15407=DIRECTION('',(0.,0.,1.));
#15408=DIRECTION('',(0.,1.,0.));
#15409=DIRECTION('',(0.,0.,1.));
#15410=DIRECTION('',(0.,0.,1.));
#15411=DIRECTION('',(1.,0.,0.));
#15412=DIRECTION('',(0.,0.,-1.));
#15413=DIRECTION('',(0.,1.,0.));
#15414=DIRECTION('',(0.,0.,1.));
#15415=DIRECTION('',(0.,0.,1.));
#15416=DIRECTION('',(0.,0.,1.));
#15417=DIRECTION('',(1.,0.,0.));
#15418=DIRECTION('',(0.,0.,-1.));
#15419=DIRECTION('',(0.,0.,1.));
#15420=DIRECTION('',(0.,1.,0.));
#15421=DIRECTION('',(0.,0.,1.));
#15422=DIRECTION('',(0.,0.,1.));
#15423=DIRECTION('',(1.,0.,0.));
#15424=DIRECTION('',(0.,0.,-1.));
#15425=DIRECTION('',(0.,1.,0.));
#15426=DIRECTION('',(0.,0.,1.));
#15427=DIRECTION('',(0.,0.,1.));
#15428=DIRECTION('',(0.,0.,1.));
#15429=DIRECTION('',(1.,0.,0.));
#15430=DIRECTION('',(0.,0.,-1.));
#15431=DIRECTION('',(0.,0.,1.));
#15432=DIRECTION('',(0.,1.,0.));
#15433=DIRECTION('',(0.,0.,1.));
#15434=DIRECTION('',(0.,0.,1.));
#15435=DIRECTION('',(1.,0.,0.));
#15436=DIRECTION('',(0.,0.,-1.));
#15437=DIRECTION('',(0.,0.,1.));
#15438=DIRECTION('',(1.,0.,0.));
#15439=DIRECTION('',(0.,0.,-1.));
#15440=DIRECTION('',(-1.,0.,0.));
#15441=DIRECTION('',(0.,0.,-1.));
#15442=DIRECTION('',(-1.,0.,0.));
#15443=DIRECTION('',(0.,0.,1.));
#15444=DIRECTION('',(1.,0.,0.));
#15445=DIRECTION('',(0.,0.,1.));
#15446=DIRECTION('',(1.,0.,0.));
#15447=DIRECTION('',(0.,0.,-1.));
#15448=DIRECTION('',(-1.,0.,0.));
#15449=DIRECTION('',(0.,0.,-1.));
#15450=DIRECTION('',(1.,0.,0.));
#15451=DIRECTION('',(0.,0.,-1.));
#15452=DIRECTION('',(-1.,0.,0.));
#15453=DIRECTION('',(0.,0.,1.));
#15454=DIRECTION('',(1.,0.,0.));
#15455=DIRECTION('',(0.,0.,1.));
#15456=DIRECTION('',(1.,0.,0.));
#15457=DIRECTION('',(0.,0.,-1.));
#15458=DIRECTION('',(-1.,0.,0.));
#15459=DIRECTION('',(0.,0.,1.));
#15460=DIRECTION('',(1.,0.,0.));
#15461=DIRECTION('',(0.,0.,-1.));
#15462=DIRECTION('',(-1.,0.,0.));
#15463=DIRECTION('',(0.,0.,-1.));
#15464=DIRECTION('',(-1.,0.,0.));
#15465=DIRECTION('',(0.,0.,1.));
#15466=DIRECTION('',(1.,0.,0.));
#15467=DIRECTION('',(0.,0.,1.));
#15468=DIRECTION('',(1.,0.,0.));
#15469=DIRECTION('',(0.,0.,-1.));
#15470=DIRECTION('',(-1.,0.,0.));
#15471=DIRECTION('',(0.,0.,-1.));
#15472=DIRECTION('',(1.,0.,0.));
#15473=DIRECTION('',(0.,0.,-1.));
#15474=DIRECTION('',(-1.,0.,0.));
#15475=DIRECTION('',(0.,0.,1.));
#15476=DIRECTION('',(1.,0.,0.));
#15477=DIRECTION('',(0.,0.,1.));
#15478=DIRECTION('',(1.,0.,0.));
#15479=DIRECTION('',(0.,0.,-1.));
#15480=DIRECTION('',(-1.,0.,0.));
#15481=DIRECTION('',(0.,0.,1.));
#15482=DIRECTION('',(1.,0.,0.));
#15483=DIRECTION('',(0.,0.,-1.));
#15484=DIRECTION('',(-1.,0.,0.));
#15485=DIRECTION('',(0.,0.,-1.));
#15486=DIRECTION('',(-1.,0.,0.));
#15487=DIRECTION('',(0.,0.,1.));
#15488=DIRECTION('',(1.,0.,0.));
#15489=DIRECTION('',(0.,0.,1.));
#15490=DIRECTION('',(1.,0.,0.));
#15491=DIRECTION('',(0.,0.,-1.));
#15492=DIRECTION('',(-1.,0.,0.));
#15493=DIRECTION('',(0.,0.,-1.));
#15494=DIRECTION('',(1.,0.,0.));
#15495=DIRECTION('',(0.,0.,-1.));
#15496=DIRECTION('',(-1.,0.,0.));
#15497=DIRECTION('',(0.,0.,1.));
#15498=DIRECTION('',(1.,0.,0.));
#15499=DIRECTION('',(0.,0.,1.));
#15500=DIRECTION('',(1.,0.,0.));
#15501=DIRECTION('',(0.,0.,-1.));
#15502=DIRECTION('',(-1.,0.,0.));
#15503=DIRECTION('',(0.,0.,1.));
#15504=DIRECTION('',(1.,0.,0.));
#15505=DIRECTION('',(0.,0.,-1.));
#15506=DIRECTION('',(-1.,0.,0.));
#15507=DIRECTION('',(0.,0.,-1.));
#15508=DIRECTION('',(-1.,0.,0.));
#15509=DIRECTION('',(0.,0.,1.));
#15510=DIRECTION('',(1.,0.,0.));
#15511=DIRECTION('',(0.,0.,1.));
#15512=DIRECTION('',(1.,0.,0.));
#15513=DIRECTION('',(0.,0.,-1.));
#15514=DIRECTION('',(-1.,0.,0.));
#15515=DIRECTION('',(0.,0.,-1.));
#15516=DIRECTION('',(1.,0.,0.));
#15517=DIRECTION('',(0.,0.,-1.));
#15518=DIRECTION('',(-1.,0.,0.));
#15519=DIRECTION('',(0.,0.,1.));
#15520=DIRECTION('',(1.,0.,0.));
#15521=DIRECTION('',(0.,0.,1.));
#15522=DIRECTION('',(1.,0.,0.));
#15523=DIRECTION('',(0.,0.,-1.));
#15524=DIRECTION('',(-1.,0.,0.));
#15525=DIRECTION('',(0.,0.,1.));
#15526=DIRECTION('',(1.,0.,0.));
#15527=DIRECTION('',(0.,0.,-1.));
#15528=DIRECTION('',(-1.,0.,0.));
#15529=DIRECTION('',(0.,0.,-1.));
#15530=DIRECTION('',(-1.,0.,0.));
#15531=DIRECTION('',(0.,0.,1.));
#15532=DIRECTION('',(1.,0.,0.));
#15533=DIRECTION('',(0.,0.,1.));
#15534=DIRECTION('',(1.,0.,0.));
#15535=DIRECTION('',(0.,0.,-1.));
#15536=DIRECTION('',(-1.,0.,0.));
#15537=DIRECTION('',(0.,0.,-1.));
#15538=DIRECTION('',(1.,0.,0.));
#15539=DIRECTION('',(0.,0.,-1.));
#15540=DIRECTION('',(-1.,0.,0.));
#15541=DIRECTION('',(0.,0.,1.));
#15542=DIRECTION('',(1.,0.,0.));
#15543=DIRECTION('',(0.,0.,1.));
#15544=DIRECTION('',(1.,0.,0.));
#15545=DIRECTION('',(0.,0.,-1.));
#15546=DIRECTION('',(-1.,0.,0.));
#15547=DIRECTION('',(0.,0.,1.));
#15548=DIRECTION('',(1.,0.,0.));
#15549=DIRECTION('',(0.,0.,-1.));
#15550=DIRECTION('',(-1.,0.,0.));
#15551=DIRECTION('',(0.,0.,-1.));
#15552=DIRECTION('',(-1.,0.,0.));
#15553=DIRECTION('',(0.,0.,1.));
#15554=DIRECTION('',(1.,0.,0.));
#15555=DIRECTION('',(0.,0.,1.));
#15556=DIRECTION('',(1.,0.,0.));
#15557=DIRECTION('',(0.,0.,-1.));
#15558=DIRECTION('',(-1.,0.,0.));
#15559=DIRECTION('',(0.,0.,-1.));
#15560=DIRECTION('',(1.,0.,0.));
#15561=DIRECTION('',(0.,0.,-1.));
#15562=DIRECTION('',(-1.,0.,0.));
#15563=DIRECTION('',(0.,0.,1.));
#15564=DIRECTION('',(1.,0.,0.));
#15565=DIRECTION('',(0.,0.,1.));
#15566=DIRECTION('',(1.,0.,0.));
#15567=DIRECTION('',(0.,0.,-1.));
#15568=DIRECTION('',(-1.,0.,0.));
#15569=DIRECTION('',(0.,0.,1.));
#15570=DIRECTION('',(1.,0.,0.));
#15571=DIRECTION('',(0.,0.,-1.));
#15572=DIRECTION('',(-1.,0.,0.));
#15573=DIRECTION('',(0.,0.,-1.));
#15574=DIRECTION('',(-1.,0.,0.));
#15575=DIRECTION('',(0.,0.,1.));
#15576=DIRECTION('',(1.,0.,0.));
#15577=DIRECTION('',(0.,0.,1.));
#15578=DIRECTION('',(1.,0.,0.));
#15579=DIRECTION('',(0.,0.,-1.));
#15580=DIRECTION('',(-1.,0.,0.));
#15581=DIRECTION('',(0.,0.,-1.));
#15582=DIRECTION('',(1.,0.,0.));
#15583=DIRECTION('',(0.,0.,-1.));
#15584=DIRECTION('',(-1.,0.,0.));
#15585=DIRECTION('',(0.,0.,1.));
#15586=DIRECTION('',(1.,0.,0.));
#15587=DIRECTION('',(0.,0.,1.));
#15588=DIRECTION('',(1.,0.,0.));
#15589=DIRECTION('',(0.,0.,-1.));
#15590=DIRECTION('',(-1.,0.,0.));
#15591=DIRECTION('',(0.,0.,1.));
#15592=DIRECTION('',(1.,0.,0.));
#15593=DIRECTION('',(0.,0.,-1.));
#15594=DIRECTION('',(-1.,0.,0.));
#15595=DIRECTION('',(0.,0.,-1.));
#15596=DIRECTION('',(-1.,0.,0.));
#15597=DIRECTION('',(0.,0.,1.));
#15598=DIRECTION('',(1.,0.,0.));
#15599=DIRECTION('',(0.,0.,1.));
#15600=DIRECTION('',(1.,0.,0.));
#15601=DIRECTION('',(0.,0.,-1.));
#15602=DIRECTION('',(-1.,0.,0.));
#15603=DIRECTION('',(0.,0.,-1.));
#15604=DIRECTION('',(1.,0.,0.));
#15605=DIRECTION('',(0.,0.,-1.));
#15606=DIRECTION('',(-1.,0.,0.));
#15607=DIRECTION('',(0.,0.,1.));
#15608=DIRECTION('',(1.,0.,0.));
#15609=DIRECTION('',(0.,0.,1.));
#15610=DIRECTION('',(1.,0.,0.));
#15611=DIRECTION('',(0.,0.,-1.));
#15612=DIRECTION('',(-1.,0.,0.));
#15613=DIRECTION('',(0.,0.,1.));
#15614=DIRECTION('',(1.,0.,0.));
#15615=DIRECTION('',(0.,0.,-1.));
#15616=DIRECTION('',(-1.,0.,0.));
#15617=DIRECTION('',(0.,0.,-1.));
#15618=DIRECTION('',(-1.,0.,0.));
#15619=DIRECTION('',(0.,0.,1.));
#15620=DIRECTION('',(1.,0.,0.));
#15621=DIRECTION('',(0.,0.,1.));
#15622=DIRECTION('',(1.,0.,0.));
#15623=DIRECTION('',(0.,0.,-1.));
#15624=DIRECTION('',(-1.,0.,0.));
#15625=DIRECTION('',(0.,0.,-1.));
#15626=DIRECTION('',(1.,0.,0.));
#15627=DIRECTION('',(0.,0.,-1.));
#15628=DIRECTION('',(-1.,0.,0.));
#15629=DIRECTION('',(0.,0.,1.));
#15630=DIRECTION('',(1.,0.,0.));
#15631=DIRECTION('',(0.,0.,1.));
#15632=DIRECTION('',(1.,0.,0.));
#15633=DIRECTION('',(0.,0.,-1.));
#15634=DIRECTION('',(-1.,0.,0.));
#15635=DIRECTION('',(0.,0.,1.));
#15636=DIRECTION('',(1.,0.,0.));
#15637=DIRECTION('',(0.,0.,-1.));
#15638=DIRECTION('',(-1.,0.,0.));
#15639=DIRECTION('',(0.,0.,-1.));
#15640=DIRECTION('',(-1.,0.,0.));
#15641=DIRECTION('',(0.,0.,1.));
#15642=DIRECTION('',(1.,0.,0.));
#15643=DIRECTION('',(0.,0.,1.));
#15644=DIRECTION('',(1.,0.,0.));
#15645=DIRECTION('',(0.,0.,-1.));
#15646=DIRECTION('',(-1.,0.,0.));
#15647=DIRECTION('',(0.,0.,-1.));
#15648=DIRECTION('',(1.,0.,0.));
#15649=DIRECTION('',(0.,0.,-1.));
#15650=DIRECTION('',(-1.,0.,0.));
#15651=DIRECTION('',(0.,0.,1.));
#15652=DIRECTION('',(1.,0.,0.));
#15653=DIRECTION('',(0.,0.,1.));
#15654=DIRECTION('',(1.,0.,0.));
#15655=DIRECTION('',(0.,0.,-1.));
#15656=DIRECTION('',(-1.,0.,0.));
#15657=DIRECTION('',(0.,0.,1.));
#15658=DIRECTION('',(1.,0.,0.));
#15659=DIRECTION('',(0.,0.,-1.));
#15660=DIRECTION('',(-1.,0.,0.));
#15661=DIRECTION('',(0.,0.,-1.));
#15662=DIRECTION('',(-1.,0.,0.));
#15663=DIRECTION('',(0.,0.,1.));
#15664=DIRECTION('',(1.,0.,0.));
#15665=DIRECTION('',(0.,0.,1.));
#15666=DIRECTION('',(1.,0.,0.));
#15667=DIRECTION('',(0.,0.,-1.));
#15668=DIRECTION('',(-1.,0.,0.));
#15669=DIRECTION('',(0.,0.,-1.));
#15670=DIRECTION('',(1.,0.,0.));
#15671=DIRECTION('',(0.,0.,-1.));
#15672=DIRECTION('',(-1.,0.,0.));
#15673=DIRECTION('',(0.,0.,1.));
#15674=DIRECTION('',(1.,0.,0.));
#15675=DIRECTION('',(0.,0.,1.));
#15676=DIRECTION('',(1.,0.,0.));
#15677=DIRECTION('',(0.,0.,-1.));
#15678=DIRECTION('',(-1.,0.,0.));
#15679=DIRECTION('',(0.,0.,1.));
#15680=DIRECTION('',(1.,0.,0.));
#15681=DIRECTION('',(0.,0.,-1.));
#15682=DIRECTION('',(-1.,0.,0.));
#15683=DIRECTION('',(0.,0.,-1.));
#15684=DIRECTION('',(-1.,0.,0.));
#15685=DIRECTION('',(0.,0.,1.));
#15686=DIRECTION('',(1.,0.,0.));
#15687=DIRECTION('',(0.,0.,1.));
#15688=DIRECTION('',(1.,0.,0.));
#15689=DIRECTION('',(0.,0.,-1.));
#15690=DIRECTION('',(-1.,0.,0.));
#15691=DIRECTION('',(0.,0.,-1.));
#15692=DIRECTION('',(1.,0.,0.));
#15693=DIRECTION('',(0.,0.,-1.));
#15694=DIRECTION('',(-1.,0.,0.));
#15695=DIRECTION('',(0.,0.,1.));
#15696=DIRECTION('',(1.,0.,0.));
#15697=DIRECTION('',(0.,0.,1.));
#15698=DIRECTION('',(1.,0.,0.));
#15699=DIRECTION('',(0.,0.,-1.));
#15700=DIRECTION('',(-1.,0.,0.));
#15701=DIRECTION('',(0.,0.,1.));
#15702=DIRECTION('',(1.,0.,0.));
#15703=DIRECTION('',(0.,0.,-1.));
#15704=DIRECTION('',(-1.,0.,0.));
#15705=DIRECTION('',(0.,0.,-1.));
#15706=DIRECTION('',(-1.,0.,0.));
#15707=DIRECTION('',(0.,0.,1.));
#15708=DIRECTION('',(1.,0.,0.));
#15709=DIRECTION('',(0.,0.,1.));
#15710=DIRECTION('',(1.,0.,0.));
#15711=DIRECTION('',(0.,0.,-1.));
#15712=DIRECTION('',(-1.,0.,0.));
#15713=DIRECTION('',(0.,0.,-1.));
#15714=DIRECTION('',(1.,0.,0.));
#15715=DIRECTION('',(0.,0.,-1.));
#15716=DIRECTION('',(-1.,0.,0.));
#15717=DIRECTION('',(0.,0.,1.));
#15718=DIRECTION('',(1.,0.,0.));
#15719=DIRECTION('',(0.,0.,1.));
#15720=DIRECTION('',(1.,0.,0.));
#15721=DIRECTION('',(0.,0.,-1.));
#15722=DIRECTION('',(-1.,0.,0.));
#15723=DIRECTION('',(0.,0.,1.));
#15724=DIRECTION('',(1.,0.,0.));
#15725=DIRECTION('',(0.,0.,-1.));
#15726=DIRECTION('',(-1.,0.,0.));
#15727=DIRECTION('',(0.,0.,-1.));
#15728=DIRECTION('',(-1.,0.,0.));
#15729=DIRECTION('',(0.,0.,1.));
#15730=DIRECTION('',(1.,0.,0.));
#15731=DIRECTION('',(0.,0.,1.));
#15732=DIRECTION('',(1.,0.,0.));
#15733=DIRECTION('',(0.,0.,-1.));
#15734=DIRECTION('',(-1.,0.,0.));
#15735=DIRECTION('',(0.,0.,-1.));
#15736=DIRECTION('',(1.,0.,0.));
#15737=DIRECTION('',(0.,0.,-1.));
#15738=DIRECTION('',(-1.,0.,0.));
#15739=DIRECTION('',(0.,0.,1.));
#15740=DIRECTION('',(1.,0.,0.));
#15741=DIRECTION('',(0.,0.,1.));
#15742=DIRECTION('',(1.,0.,0.));
#15743=DIRECTION('',(0.,0.,-1.));
#15744=DIRECTION('',(-1.,0.,0.));
#15745=DIRECTION('',(0.,0.,1.));
#15746=DIRECTION('',(1.,0.,0.));
#15747=DIRECTION('',(0.,0.,-1.));
#15748=DIRECTION('',(-1.,0.,0.));
#15749=DIRECTION('',(0.,0.,-1.));
#15750=DIRECTION('',(-1.,0.,0.));
#15751=DIRECTION('',(0.,0.,1.));
#15752=DIRECTION('',(1.,0.,0.));
#15753=DIRECTION('',(0.,0.,1.));
#15754=DIRECTION('',(1.,0.,0.));
#15755=DIRECTION('',(0.,0.,-1.));
#15756=DIRECTION('',(-1.,0.,0.));
#15757=DIRECTION('',(0.,0.,-1.));
#15758=DIRECTION('',(1.,0.,0.));
#15759=DIRECTION('',(0.,0.,-1.));
#15760=DIRECTION('',(-1.,0.,0.));
#15761=DIRECTION('',(0.,0.,1.));
#15762=DIRECTION('',(1.,0.,0.));
#15763=DIRECTION('',(0.,0.,1.));
#15764=DIRECTION('',(1.,0.,0.));
#15765=DIRECTION('',(0.,0.,-1.));
#15766=DIRECTION('',(-1.,0.,0.));
#15767=DIRECTION('',(0.,0.,1.));
#15768=DIRECTION('',(1.,0.,0.));
#15769=DIRECTION('',(0.,0.,-1.));
#15770=DIRECTION('',(-1.,0.,0.));
#15771=DIRECTION('',(0.,0.,-1.));
#15772=DIRECTION('',(-1.,0.,0.));
#15773=DIRECTION('',(0.,0.,1.));
#15774=DIRECTION('',(1.,0.,0.));
#15775=DIRECTION('',(0.,0.,1.));
#15776=DIRECTION('',(1.,0.,0.));
#15777=DIRECTION('',(0.,0.,-1.));
#15778=DIRECTION('',(-1.,0.,0.));
#15779=DIRECTION('',(0.,0.,-1.));
#15780=DIRECTION('',(1.,0.,0.));
#15781=DIRECTION('',(0.,0.,-1.));
#15782=DIRECTION('',(-1.,0.,0.));
#15783=DIRECTION('',(0.,0.,1.));
#15784=DIRECTION('',(1.,0.,0.));
#15785=DIRECTION('',(0.,0.,1.));
#15786=DIRECTION('',(1.,0.,0.));
#15787=DIRECTION('',(0.,0.,-1.));
#15788=DIRECTION('',(-1.,0.,0.));
#15789=DIRECTION('',(0.,0.,1.));
#15790=DIRECTION('',(1.,0.,0.));
#15791=DIRECTION('',(0.,0.,-1.));
#15792=DIRECTION('',(-1.,0.,0.));
#15793=DIRECTION('',(0.,0.,-1.));
#15794=DIRECTION('',(-1.,0.,0.));
#15795=DIRECTION('',(0.,0.,1.));
#15796=DIRECTION('',(1.,0.,0.));
#15797=DIRECTION('',(0.,0.,1.));
#15798=DIRECTION('',(1.,0.,0.));
#15799=DIRECTION('',(0.,0.,-1.));
#15800=DIRECTION('',(-1.,0.,0.));
#15801=DIRECTION('',(0.,0.,-1.));
#15802=DIRECTION('',(1.,0.,0.));
#15803=DIRECTION('',(0.,0.,-1.));
#15804=DIRECTION('',(-1.,0.,0.));
#15805=DIRECTION('',(0.,0.,1.));
#15806=DIRECTION('',(1.,0.,0.));
#15807=DIRECTION('',(0.,0.,1.));
#15808=DIRECTION('',(1.,0.,0.));
#15809=DIRECTION('',(0.,0.,-1.));
#15810=DIRECTION('',(-1.,0.,0.));
#15811=DIRECTION('',(0.,0.,1.));
#15812=DIRECTION('',(1.,0.,0.));
#15813=DIRECTION('',(0.,0.,-1.));
#15814=DIRECTION('',(-1.,0.,0.));
#15815=DIRECTION('',(0.,0.,-1.));
#15816=DIRECTION('',(-1.,0.,0.));
#15817=DIRECTION('',(0.,0.,1.));
#15818=DIRECTION('',(1.,0.,0.));
#15819=DIRECTION('',(0.,0.,1.));
#15820=DIRECTION('',(1.,0.,0.));
#15821=DIRECTION('',(0.,0.,-1.));
#15822=DIRECTION('',(-1.,0.,0.));
#15823=DIRECTION('',(0.,0.,-1.));
#15824=DIRECTION('',(1.,0.,0.));
#15825=DIRECTION('',(0.,0.,-1.));
#15826=DIRECTION('',(-1.,0.,0.));
#15827=DIRECTION('',(0.,0.,1.));
#15828=DIRECTION('',(1.,0.,0.));
#15829=DIRECTION('',(0.,0.,1.));
#15830=DIRECTION('',(1.,0.,0.));
#15831=DIRECTION('',(0.,0.,-1.));
#15832=DIRECTION('',(-1.,0.,0.));
#15833=DIRECTION('',(0.,0.,1.));
#15834=DIRECTION('',(1.,0.,0.));
#15835=DIRECTION('',(0.,0.,-1.));
#15836=DIRECTION('',(-1.,0.,0.));
#15837=DIRECTION('',(0.,0.,-1.));
#15838=DIRECTION('',(-1.,0.,0.));
#15839=DIRECTION('',(0.,0.,1.));
#15840=DIRECTION('',(1.,0.,0.));
#15841=DIRECTION('',(0.,0.,1.));
#15842=DIRECTION('',(1.,0.,0.));
#15843=DIRECTION('',(0.,0.,-1.));
#15844=DIRECTION('',(-1.,0.,0.));
#15845=DIRECTION('',(0.,0.,-1.));
#15846=DIRECTION('',(1.,0.,0.));
#15847=DIRECTION('',(0.,0.,-1.));
#15848=DIRECTION('',(-1.,0.,0.));
#15849=DIRECTION('',(0.,0.,1.));
#15850=DIRECTION('',(1.,0.,0.));
#15851=DIRECTION('',(0.,0.,1.));
#15852=DIRECTION('',(1.,0.,0.));
#15853=DIRECTION('',(0.,0.,-1.));
#15854=DIRECTION('',(-1.,0.,0.));
#15855=DIRECTION('',(0.,0.,1.));
#15856=DIRECTION('',(1.,0.,0.));
#15857=DIRECTION('',(0.,0.,1.));
#15858=DIRECTION('',(1.,0.,0.));
#15859=DIRECTION('',(0.,0.,-1.));
#15860=DIRECTION('',(-1.,0.,0.));
#15861=DIRECTION('',(0.,0.,-1.));
#15862=DIRECTION('',(1.,0.,0.));
#15863=DIRECTION('',(0.,0.,-1.));
#15864=DIRECTION('',(-1.,0.,0.));
#15865=DIRECTION('',(0.,0.,1.));
#15866=DIRECTION('',(1.,0.,0.));
#15867=DIRECTION('',(0.,0.,1.));
#15868=DIRECTION('',(1.,0.,0.));
#15869=DIRECTION('',(0.,0.,-1.));
#15870=DIRECTION('',(-1.,0.,0.));
#15871=DIRECTION('',(0.,0.,1.));
#15872=DIRECTION('',(1.,0.,0.));
#15873=DIRECTION('',(0.,0.,-1.));
#15874=DIRECTION('',(-1.,0.,0.));
#15875=DIRECTION('',(0.,0.,-1.));
#15876=DIRECTION('',(-1.,0.,0.));
#15877=DIRECTION('',(0.,0.,1.));
#15878=DIRECTION('',(1.,0.,0.));
#15879=DIRECTION('',(0.,0.,-1.));
#15880=DIRECTION('',(-1.,0.,0.));
#15881=DIRECTION('',(0.,0.,-1.));
#15882=DIRECTION('',(-1.,0.,0.));
#15883=DIRECTION('',(0.,0.,1.));
#15884=DIRECTION('',(1.,0.,0.));
#15885=DIRECTION('',(0.,0.,1.));
#15886=DIRECTION('',(1.,0.,0.));
#15887=DIRECTION('',(0.,0.,-1.));
#15888=DIRECTION('',(-1.,0.,0.));
#15889=DIRECTION('',(0.,0.,-1.));
#15890=DIRECTION('',(1.,0.,0.));
#15891=DIRECTION('',(0.,0.,-1.));
#15892=DIRECTION('',(-1.,0.,0.));
#15893=DIRECTION('',(0.,0.,1.));
#15894=DIRECTION('',(1.,0.,0.));
#15895=DIRECTION('',(0.,0.,1.));
#15896=DIRECTION('',(1.,0.,0.));
#15897=DIRECTION('',(0.,0.,-1.));
#15898=DIRECTION('',(-1.,0.,0.));
#15899=DIRECTION('',(0.,0.183897444990877,0.982945435782591));
#15900=DIRECTION('',(0.,-0.982945435782591,0.183897444990877));
#15901=DIRECTION('',(0.,0.982945435782591,-0.183897444990877));
#15902=DIRECTION('',(1.,0.,0.));
#15903=DIRECTION('',(0.,0.982945435782591,-0.183897444990877));
#15904=DIRECTION('',(-1.,0.,0.));
#15905=DIRECTION('',(0.,0.,1.));
#15906=DIRECTION('',(0.,0.982945435782591,-0.183897444990877));
#15907=DIRECTION('',(0.,0.183897444990877,0.982945435782591));
#15908=DIRECTION('',(0.,0.982945435782591,-0.183897444990877));
#15909=DIRECTION('',(5.24658007094251E-16,0.183897444990877,0.982945435782591));
#15910=DIRECTION('',(0.,-0.982945435782591,0.183897444990877));
#15911=DIRECTION('',(1.23259516440783E-32,0.982945435782591,-0.183897444990877));
#15912=DIRECTION('',(1.,-9.64832669986382E-17,-5.15710193420084E-16));
#15913=DIRECTION('',(1.23259516440783E-32,0.982945435782591,-0.183897444990877));
#15914=DIRECTION('',(-1.,0.,0.));
#15915=DIRECTION('',(0.,0.,1.));
#15916=DIRECTION('',(0.,0.982945435782591,-0.183897444990877));
#15917=DIRECTION('',(0.,0.183897444990877,0.982945435782591));
#15918=DIRECTION('',(0.,0.982945435782591,-0.183897444990877));
#15919=DIRECTION('',(0.,-0.982945435782591,0.183897444990877));
#15920=DIRECTION('',(0.,-0.183897444990877,-0.982945435782591));
#15921=DIRECTION('',(0.,0.982945435782591,-0.183897444990877));
#15922=DIRECTION('',(0.,0.183897444990877,0.982945435782591));
#15923=DIRECTION('',(0.,0.982945435782591,-0.183897444990877));
#15924=DIRECTION('',(0.,0.183897444990877,0.982945435782591));
#15925=DIRECTION('',(0.,0.982945435782591,-0.183897444990877));
#15926=DIRECTION('',(0.,0.183897444990877,0.982945435782591));
#15927=DIRECTION('',(0.,-0.982945435782591,0.183897444990877));
#15928=DIRECTION('',(0.,-0.183897444990877,-0.982945435782591));
#15929=DIRECTION('',(0.,0.982945435782591,-0.183897444990877));
#15930=DIRECTION('',(0.,0.183897444990877,0.982945435782591));
#15931=DIRECTION('',(0.,0.982945435782591,-0.183897444990877));
#15932=DIRECTION('',(0.,0.183897444990877,0.982945435782591));
#15933=DIRECTION('',(0.,0.982945435782591,-0.183897444990877));
#15934=DIRECTION('',(0.,0.183897444990877,0.982945435782591));
#15935=DIRECTION('',(0.,0.183897444990877,0.982945435782591));
#15936=DIRECTION('',(0.,-0.982945435782591,0.183897444990877));
#15937=DIRECTION('',(0.,0.982945435782591,-0.183897444990877));
#15938=DIRECTION('',(0.,0.982945435782591,-0.183897444990877));
#15939=DIRECTION('',(-1.,0.,0.));
#15940=DIRECTION('',(0.,0.,1.));
#15941=DIRECTION('',(0.,0.982945435782591,-0.183897444990877));
#15942=DIRECTION('',(0.,0.982945435782591,-0.183897444990877));
#15943=DIRECTION('',(0.,0.183897444990877,0.982945435782591));
#15944=DIRECTION('',(0.,0.982945435782591,-0.183897444990877));
#15945=DIRECTION('',(0.,0.982945435782591,-0.183897444990877));
#15946=DIRECTION('',(0.,0.183897444990877,0.982945435782591));
#15947=DIRECTION('',(0.,-0.982945435782591,0.183897444990877));
#15948=DIRECTION('',(0.,0.982945435782591,-0.183897444990877));
#15949=DIRECTION('',(0.,0.982945435782591,-0.183897444990877));
#15950=DIRECTION('',(1.,0.,0.));
#15951=DIRECTION('',(0.,0.982945435782591,-0.183897444990877));
#15952=DIRECTION('',(-1.,0.,0.));
#15953=DIRECTION('',(0.,0.,1.));
#15954=DIRECTION('',(0.,0.982945435782591,-0.183897444990877));
#15955=DIRECTION('',(0.,0.982945435782591,-0.183897444990877));
#15956=DIRECTION('',(0.,0.183897444990877,0.982945435782591));
#15957=DIRECTION('',(0.,0.982945435782591,-0.183897444990877));
#15958=DIRECTION('',(0.,-0.982945435782591,0.183897444990877));
#15959=DIRECTION('',(0.,-0.183897444990877,-0.982945435782591));
#15960=DIRECTION('',(0.,0.982945435782591,-0.183897444990877));
#15961=DIRECTION('',(0.,0.183897444990877,0.982945435782591));
#15962=DIRECTION('',(0.,-0.982945435782591,0.183897444990877));
#15963=DIRECTION('',(0.,-0.183897444990877,-0.982945435782591));
#15964=DIRECTION('',(0.,0.982945435782591,-0.183897444990877));
#15965=DIRECTION('',(0.,0.183897444990877,0.982945435782591));
#15966=DIRECTION('',(0.,0.982945435782591,-0.183897444990877));
#15967=DIRECTION('',(0.,0.183897444990877,0.982945435782591));
#15968=DIRECTION('',(0.,-0.183897444990876,-0.982945435782591));
#15969=DIRECTION('',(0.,0.982945435782591,-0.183897444990877));
#15970=DIRECTION('',(1.,0.,0.));
#15971=DIRECTION('',(0.,0.,-1.));
#15972=DIRECTION('',(-1.,9.64832669986382E-17,5.15710193420084E-16));
#15973=DIRECTION('',(5.15710193420084E-16,0.,1.));
#15974=DIRECTION('',(1.,0.,0.));
#15975=DIRECTION('',(0.,0.,-1.));
#15976=DIRECTION('',(0.,-0.183897444990877,-0.982945435782591));
#15977=DIRECTION('',(0.,0.982945435782591,-0.183897444990877));
#15978=DIRECTION('',(0.,-0.183897444990877,-0.982945435782591));
#15979=DIRECTION('',(0.,0.982945435782591,-0.183897444990877));
#15980=DIRECTION('',(0.,0.982945435782591,-0.183897444990877));
#15981=DIRECTION('',(0.,0.183897444990877,0.982945435782591));
#15982=DIRECTION('',(1.59505607498913E-16,-0.183897444990876,-0.982945435782591));
#15983=DIRECTION('',(0.,0.982945435782591,-0.183897444990877));
#15984=DIRECTION('',(0.,0.982945435782591,-0.183897444990877));
#15985=DIRECTION('',(0.,0.183897444990877,0.982945435782591));
#15986=DIRECTION('',(1.,0.,0.));
#15987=DIRECTION('',(0.,0.,-1.));
#15988=DIRECTION('',(0.,0.183897444990877,0.982945435782591));
#15989=DIRECTION('',(0.,-0.982945435782591,0.183897444990877));
#15990=DIRECTION('',(0.,-0.183897444990876,-0.982945435782591));
#15991=DIRECTION('',(0.,0.982945435782591,-0.183897444990877));
#15992=DIRECTION('',(1.,0.,0.));
#15993=DIRECTION('',(0.,0.,-1.));
#15994=DIRECTION('',(1.,0.,0.));
#15995=DIRECTION('',(0.,0.,-1.));
#15996=DIRECTION('',(0.,0.982945435782591,-0.183897444990877));
#15997=DIRECTION('',(0.,0.183897444990877,0.982945435782591));
#15998=DIRECTION('',(0.,0.183897444990877,0.982945435782591));
#15999=DIRECTION('',(0.,-0.982945435782591,0.183897444990877));
#16000=DIRECTION('',(0.,0.982945435782591,-0.183897444990877));
#16001=DIRECTION('',(1.,0.,0.));
#16002=DIRECTION('',(0.,0.183897444990877,0.982945435782591));
#16003=DIRECTION('',(0.,-0.982945435782591,0.183897444990877));
#16004=DIRECTION('',(1.,0.,0.));
#16005=DIRECTION('',(0.,0.982945435782591,-0.183897444990877));
#16006=DIRECTION('',(-1.,0.,0.));
#16007=DIRECTION('',(0.,0.,1.));
#16008=DIRECTION('',(0.,0.183897444990877,0.982945435782591));
#16009=DIRECTION('',(0.,0.825082513574165,0.565012252782307));
#16010=DIRECTION('',(-1.,0.,0.));
#16011=DIRECTION('',(0.,0.,1.));
#16012=DIRECTION('',(0.,-0.825082513574165,-0.565012252782307));
#16013=DIRECTION('',(0.,0.183897444990877,0.982945435782591));
#16014=DIRECTION('',(0.,0.982945435782591,-0.183897444990877));
#16015=DIRECTION('',(-1.,0.,0.));
#16016=DIRECTION('',(1.,0.,0.));
#16017=DIRECTION('',(0.,0.565012252782307,-0.825082513574166));
#16018=DIRECTION('',(1.,0.,0.));
#16019=DIRECTION('',(1.,0.,0.));
#16020=DIRECTION('',(0.,0.,-1.));
#16021=DIRECTION('',(0.,-0.99678327516184,0.0801442596674017));
#16022=DIRECTION('',(0.,-0.183897444990877,-0.982945435782591));
#16023=DIRECTION('',(0.,0.794381310126363,0.607419405453863));
#16024=DIRECTION('',(0.,-0.99678327516184,0.0801442596674017));
#16025=DIRECTION('',(0.,-0.0801442596674017,-0.99678327516184));
#16026=DIRECTION('',(1.,0.,0.));
#16027=DIRECTION('',(0.,0.,-1.));
#16028=DIRECTION('',(0.,-0.99678327516184,0.0801442596674017));
#16029=DIRECTION('',(0.,-0.794381310126363,-0.607419405453863));
#16030=DIRECTION('',(0.,-0.183897444990877,-0.982945435782591));
#16031=DIRECTION('',(0.,-0.99678327516184,0.0801442596674017));
#16032=DIRECTION('',(0.,-0.0801442596674017,-0.99678327516184));
#16033=DIRECTION('',(0.,-0.0801442596674017,-0.99678327516184));
#16034=DIRECTION('',(1.,0.,0.));
#16035=DIRECTION('',(-1.,0.,0.));
#16036=DIRECTION('',(0.,-0.0801442596674017,-0.99678327516184));
#16037=DIRECTION('',(0.,0.99678327516184,-0.0801442596674017));
#16038=DIRECTION('',(-1.,0.,0.));
#16039=DIRECTION('',(0.,-0.0801442596674017,-0.99678327516184));
#16040=DIRECTION('',(0.,0.99678327516184,-0.0801442596674017));
#16041=DIRECTION('',(0.,-0.0801442596674017,-0.99678327516184));
#16042=DIRECTION('',(1.,0.,0.));
#16043=DIRECTION('',(0.,-0.0801442596674017,-0.99678327516184));
#16044=DIRECTION('',(0.,0.99678327516184,-0.0801442596674017));
#16045=DIRECTION('',(-1.,0.,0.));
#16046=DIRECTION('',(0.,-0.0801442596674017,-0.99678327516184));
#16047=DIRECTION('',(0.,0.99678327516184,-0.0801442596674017));
#16048=DIRECTION('',(0.,-0.0801442596674017,-0.99678327516184));
#16049=DIRECTION('',(0.,0.99678327516184,-0.0801442596674017));
#16050=DIRECTION('',(0.,-0.0801442596674017,-0.99678327516184));
#16051=DIRECTION('',(0.,-0.99678327516184,0.0801442596674017));
#16052=DIRECTION('',(0.,-0.0801442596674017,-0.99678327516184));
#16053=DIRECTION('',(0.,0.99678327516184,-0.0801442596674017));
#16054=DIRECTION('',(0.,-0.99678327516184,0.0801442596674017));
#16055=DIRECTION('',(0.,-0.0801442596674017,-0.99678327516184));
#16056=DIRECTION('',(0.,-0.0801442596674017,-0.99678327516184));
#16057=DIRECTION('',(0.,-0.0801442596674017,-0.99678327516184));
#16058=DIRECTION('',(0.,-0.0801442596674017,-0.99678327516184));
#16059=DIRECTION('',(0.,0.99678327516184,-0.0801442596674017));
#16060=DIRECTION('',(0.,-0.0801442596674017,-0.99678327516184));
#16061=DIRECTION('',(0.,0.99678327516184,-0.0801442596674017));
#16062=DIRECTION('',(0.,-0.0801442596674017,-0.99678327516184));
#16063=DIRECTION('',(1.,0.,0.));
#16064=DIRECTION('',(1.,0.,0.));
#16065=DIRECTION('',(0.,0.,-1.));
#16066=DIRECTION('',(0.,-0.99678327516184,0.0801442596674017));
#16067=DIRECTION('',(0.,-0.183897444990877,-0.982945435782591));
#16068=DIRECTION('',(0.,0.794381310126363,0.607419405453863));
#16069=DIRECTION('',(0.,-0.99678327516184,0.0801442596674017));
#16070=DIRECTION('',(0.,-0.0801442596674017,-0.99678327516184));
#16071=DIRECTION('',(1.,0.,0.));
#16072=DIRECTION('',(0.,0.,-1.));
#16073=DIRECTION('',(0.,-0.99678327516184,0.0801442596674017));
#16074=DIRECTION('',(0.,-0.0801442596674017,-0.99678327516184));
#16075=DIRECTION('',(0.,-0.99678327516184,0.0801442596674017));
#16076=DIRECTION('',(0.,-0.794381310126363,-0.607419405453863));
#16077=DIRECTION('',(0.,-0.183897444990877,-0.982945435782591));
#16078=DIRECTION('',(0.,-0.0801442596674017,-0.99678327516184));
#16079=DIRECTION('',(1.,0.,0.));
#16080=DIRECTION('',(-1.,0.,0.));
#16081=DIRECTION('',(0.,-0.0801442596674017,-0.99678327516184));
#16082=DIRECTION('',(0.,0.99678327516184,-0.0801442596674017));
#16083=DIRECTION('',(-1.,0.,0.));
#16084=DIRECTION('',(0.,-0.0801442596674017,-0.99678327516184));
#16085=DIRECTION('',(0.,0.99678327516184,-0.0801442596674017));
#16086=DIRECTION('',(0.,-0.0801442596674017,-0.99678327516184));
#16087=DIRECTION('',(1.,0.,0.));
#16088=DIRECTION('',(0.,-0.0801442596674017,-0.99678327516184));
#16089=DIRECTION('',(0.,0.99678327516184,-0.0801442596674017));
#16090=DIRECTION('',(0.,-0.0801442596674017,-0.99678327516184));
#16091=DIRECTION('',(0.,0.99678327516184,-0.0801442596674017));
#16092=DIRECTION('',(-1.,0.,0.));
#16093=DIRECTION('',(0.,-0.0801442596674017,-0.99678327516184));
#16094=DIRECTION('',(0.,0.99678327516184,-0.0801442596674017));
#16095=DIRECTION('',(0.,-0.0801442596674017,-0.99678327516184));
#16096=DIRECTION('',(0.,0.99678327516184,-0.0801442596674017));
#16097=DIRECTION('',(0.,-0.0801442596674017,-0.99678327516184));
#16098=DIRECTION('',(0.,-0.99678327516184,0.0801442596674017));
#16099=DIRECTION('',(0.,-0.99678327516184,0.0801442596674017));
#16100=DIRECTION('',(0.,-0.0801442596674017,-0.99678327516184));
#16101=DIRECTION('',(0.,-0.0801442596674017,-0.99678327516184));
#16102=DIRECTION('',(0.,-0.0801442596674017,-0.99678327516184));
#16103=DIRECTION('',(0.,-0.0801442596674017,-0.99678327516184));
#16104=DIRECTION('',(0.,0.99678327516184,-0.0801442596674017));
#16105=DIRECTION('',(0.,-0.0801442596674017,-0.99678327516184));
#16106=DIRECTION('',(0.,0.99678327516184,-0.0801442596674017));
#16107=DIRECTION('',(0.,-0.0801442596674017,-0.99678327516184));
#16108=DIRECTION('',(1.,0.,0.));
#16109=DIRECTION('',(0.,-0.99678327516184,0.0801442596674017));
#16110=DIRECTION('',(0.,-0.0801442596674017,-0.99678327516184));
#16111=DIRECTION('',(-1.,0.,0.));
#16112=DIRECTION('',(-0.104532155083817,0.0797051899287385,0.991322405301099));
#16113=DIRECTION('',(-0.743156706654214,0.0536259195142937,0.666965044144826));
#16114=DIRECTION('',(-1.,0.,0.));
#16115=DIRECTION('',(0.,-0.0801442596674017,-0.99678327516184));
#16116=DIRECTION('',(0.,-0.99678327516184,0.0801442596674017));
#16117=DIRECTION('',(0.,-0.0801442596674017,-0.99678327516184));
#16118=DIRECTION('',(-1.,0.,0.));
#16119=DIRECTION('',(0.,-0.0801442596674017,-0.99678327516184));
#16120=DIRECTION('',(-1.,0.,0.));
#16121=DIRECTION('',(0.743156706654214,-0.0536259195142937,-0.666965044144826));
#16122=DIRECTION('',(-0.104532155083817,0.0797051899287385,0.991322405301099));
#16123=DIRECTION('',(0.,-0.0801442596674017,-0.99678327516184));
#16124=DIRECTION('',(1.,0.,0.));
#16125=DIRECTION('',(-0.00845068465049074,-0.996747682350549,0.0801413979023806));
#16126=DIRECTION('',(0.,-0.0801442596674017,-0.99678327516184));
#16127=DIRECTION('',(0.,0.99678327516184,-0.0801442596674017));
#16128=DIRECTION('',(0.,-0.99678327516184,0.0801442596674017));
#16129=DIRECTION('',(0.,-0.0801442596674017,-0.99678327516184));
#16130=DIRECTION('',(0.,0.99678327516184,-0.0801442596674017));
#16131=DIRECTION('',(0.,-0.0801442596674017,-0.99678327516184));
#16132=DIRECTION('',(1.,0.,0.));
#16133=DIRECTION('',(0.,-0.0801442596674017,-0.99678327516184));
#16134=DIRECTION('',(0.,0.99678327516184,-0.0801442596674017));
#16135=DIRECTION('',(0.,-0.0801442596674017,-0.99678327516184));
#16136=DIRECTION('',(0.,0.99678327516184,-0.0801442596674017));
#16137=DIRECTION('',(0.,-0.99678327516184,0.0801442596674017));
#16138=DIRECTION('',(0.,-0.0801442596674017,-0.99678327516184));
#16139=DIRECTION('',(0.,0.99678327516184,-0.0801442596674017));
#16140=DIRECTION('',(0.,-0.0801442596674017,-0.99678327516184));
#16141=DIRECTION('',(-1.,0.,0.));
#16142=DIRECTION('',(0.,-0.0801442596674017,-0.99678327516184));
#16143=DIRECTION('',(1.,0.,0.));
#16144=DIRECTION('',(1.,0.,0.));
#16145=DIRECTION('',(0.,0.,-1.));
#16146=DIRECTION('',(0.,-0.0801442596674017,-0.99678327516184));
#16147=DIRECTION('',(0.,-0.0801442596674017,-0.99678327516184));
#16148=DIRECTION('',(0.,-0.0801442596674017,-0.99678327516184));
#16149=DIRECTION('',(0.,0.99678327516184,-0.0801442596674017));
#16150=DIRECTION('',(0.,-0.0801442596674017,-0.99678327516184));
#16151=DIRECTION('',(0.,0.99678327516184,-0.0801442596674017));
#16152=DIRECTION('',(0.,-0.0801442596674017,-0.99678327516184));
#16153=DIRECTION('',(1.,0.,0.));
#16154=DIRECTION('',(1.,0.,0.));
#16155=DIRECTION('',(0.,0.,-1.));
#16156=DIRECTION('',(0.,-0.99678327516184,0.0801442596674017));
#16157=DIRECTION('',(0.,-0.0801442596674017,-0.99678327516184));
#16158=DIRECTION('',(0.,-0.99678327516184,0.0801442596674017));
#16159=DIRECTION('',(0.,0.687127355991499,-0.726536989180958));
#16160=DIRECTION('',(0.,-0.0244870029362543,0.999700148388106));
#16161=DIRECTION('',(1.,0.,0.));
#16162=DIRECTION('',(0.,0.,-1.));
#16163=DIRECTION('',(0.,-0.99678327516184,0.0801442596674017));
#16164=DIRECTION('',(0.,-0.0801442596674017,-0.99678327516184));
#16165=DIRECTION('',(0.,-0.99678327516184,0.0801442596674017));
#16166=DIRECTION('',(0.,-0.0244870029362543,0.999700148388106));
#16167=DIRECTION('',(0.,-0.687127355991499,0.726536989180958));
#16168=DIRECTION('',(0.,-0.0801442596674017,-0.99678327516184));
#16169=DIRECTION('',(1.,0.,0.));
#16170=DIRECTION('',(1.,0.,0.));
#16171=DIRECTION('',(0.,-0.0801442596674017,-0.99678327516184));
#16172=DIRECTION('',(0.,0.99678327516184,-0.0801442596674017));
#16173=DIRECTION('',(-1.,0.,0.));
#16174=DIRECTION('',(0.,-0.0801442596674017,-0.99678327516184));
#16175=DIRECTION('',(0.,0.99678327516184,-0.0801442596674017));
#16176=DIRECTION('',(0.,-0.0801442596674017,-0.99678327516184));
#16177=DIRECTION('',(1.,0.,0.));
#16178=DIRECTION('',(0.,-0.0801442596674017,-0.99678327516184));
#16179=DIRECTION('',(0.,0.99678327516184,-0.0801442596674017));
#16180=DIRECTION('',(0.,-0.0801442596674017,-0.99678327516184));
#16181=DIRECTION('',(0.,0.99678327516184,-0.0801442596674017));
#16182=DIRECTION('',(-1.,0.,0.));
#16183=DIRECTION('',(0.,-0.0801442596674017,-0.99678327516184));
#16184=DIRECTION('',(0.,0.99678327516184,-0.0801442596674017));
#16185=DIRECTION('',(0.,-0.0801442596674017,-0.99678327516184));
#16186=DIRECTION('',(0.,-0.99678327516184,0.0801442596674017));
#16187=DIRECTION('',(0.,-0.0801442596674017,-0.99678327516184));
#16188=DIRECTION('',(0.,0.99678327516184,-0.0801442596674017));
#16189=DIRECTION('',(0.,-0.99678327516184,0.0801442596674017));
#16190=DIRECTION('',(0.,-0.0801442596674017,-0.99678327516184));
#16191=DIRECTION('',(0.,-0.0801442596674017,-0.99678327516184));
#16192=DIRECTION('',(0.,-0.0801442596674017,-0.99678327516184));
#16193=DIRECTION('',(0.,-0.0801442596674017,-0.99678327516184));
#16194=DIRECTION('',(0.,0.99678327516184,-0.0801442596674017));
#16195=DIRECTION('',(0.,-0.0801442596674017,-0.99678327516184));
#16196=DIRECTION('',(0.,0.99678327516184,-0.0801442596674017));
#16197=DIRECTION('',(0.,-0.0801442596674017,-0.99678327516184));
#16198=DIRECTION('',(1.,0.,0.));
#16199=DIRECTION('',(1.,0.,0.));
#16200=DIRECTION('',(0.,0.,-1.));
#16201=DIRECTION('',(0.,-0.99678327516184,0.0801442596674017));
#16202=DIRECTION('',(0.,0.687127355991499,-0.726536989180958));
#16203=DIRECTION('',(0.,-0.0244870029362543,0.999700148388106));
#16204=DIRECTION('',(0.,-0.99678327516184,0.0801442596674017));
#16205=DIRECTION('',(0.,-0.0801442596674017,-0.99678327516184));
#16206=DIRECTION('',(1.,0.,0.));
#16207=DIRECTION('',(0.,0.,-1.));
#16208=DIRECTION('',(0.,-0.99678327516184,0.0801442596674017));
#16209=DIRECTION('',(0.,-0.0244870029362543,0.999700148388106));
#16210=DIRECTION('',(0.,-0.687127355991499,0.726536989180958));
#16211=DIRECTION('',(0.,-0.99678327516184,0.0801442596674017));
#16212=DIRECTION('',(0.,-0.0801442596674017,-0.99678327516184));
#16213=DIRECTION('',(0.,-0.0801442596674017,-0.99678327516184));
#16214=DIRECTION('',(1.,0.,0.));
#16215=DIRECTION('',(1.,0.,0.));
#16216=DIRECTION('',(0.,-0.0801442596674017,-0.99678327516184));
#16217=DIRECTION('',(0.,0.99678327516184,-0.0801442596674017));
#16218=DIRECTION('',(-1.,0.,0.));
#16219=DIRECTION('',(0.,-0.0801442596674017,-0.99678327516184));
#16220=DIRECTION('',(0.,0.99678327516184,-0.0801442596674017));
#16221=DIRECTION('',(0.,-0.0801442596674017,-0.99678327516184));
#16222=DIRECTION('',(1.,0.,0.));
#16223=DIRECTION('',(0.,-0.0801442596674017,-0.99678327516184));
#16224=DIRECTION('',(0.,0.99678327516184,-0.0801442596674017));
#16225=DIRECTION('',(0.,-0.0801442596674017,-0.99678327516184));
#16226=DIRECTION('',(0.,0.99678327516184,-0.0801442596674017));
#16227=DIRECTION('',(-1.,0.,0.));
#16228=DIRECTION('',(0.,-0.0801442596674017,-0.99678327516184));
#16229=DIRECTION('',(0.,0.99678327516184,-0.0801442596674017));
#16230=DIRECTION('',(0.,-0.0801442596674017,-0.99678327516184));
#16231=DIRECTION('',(0.,-0.99678327516184,0.0801442596674017));
#16232=DIRECTION('',(0.,-0.0801442596674017,-0.99678327516184));
#16233=DIRECTION('',(0.,0.99678327516184,-0.0801442596674017));
#16234=DIRECTION('',(0.,-0.99678327516184,0.0801442596674017));
#16235=DIRECTION('',(0.,-0.0801442596674017,-0.99678327516184));
#16236=DIRECTION('',(0.,-0.0801442596674017,-0.99678327516184));
#16237=DIRECTION('',(0.,-0.0801442596674017,-0.99678327516184));
#16238=DIRECTION('',(0.,-0.0801442596674017,-0.99678327516184));
#16239=DIRECTION('',(0.,0.99678327516184,-0.0801442596674017));
#16240=DIRECTION('',(0.,-0.0801442596674017,-0.99678327516184));
#16241=DIRECTION('',(0.,0.99678327516184,-0.0801442596674017));
#16242=DIRECTION('',(0.,-0.0801442596674017,-0.99678327516184));
#16243=DIRECTION('',(1.,0.,0.));
#16244=DIRECTION('',(0.,-0.99678327516184,0.0801442596674017));
#16245=DIRECTION('',(0.,-0.0801442596674017,-0.99678327516184));
#16246=DIRECTION('',(-1.,0.,0.));
#16247=DIRECTION('',(0.,-0.0801442596674017,-0.99678327516184));
#16248=DIRECTION('',(-1.,0.,0.));
#16249=DIRECTION('',(-0.104532155083817,0.0797051899287385,0.991322405301099));
#16250=DIRECTION('',(-0.743156706654209,0.0536259195142942,0.666965044144831));
#16251=DIRECTION('',(0.,-0.99678327516184,0.0801442596674017));
#16252=DIRECTION('',(0.,-0.0801442596674017,-0.99678327516184));
#16253=DIRECTION('',(-1.,0.,0.));
#16254=DIRECTION('',(0.,-0.0801442596674017,-0.99678327516184));
#16255=DIRECTION('',(-1.,0.,0.));
#16256=DIRECTION('',(0.743156706654209,-0.0536259195142942,-0.666965044144831));
#16257=DIRECTION('',(-0.104532155083817,0.0797051899287385,0.991322405301099));
#16258=DIRECTION('',(0.,-0.0801442596674017,-0.99678327516184));
#16259=DIRECTION('',(1.,0.,0.));
#16260=DIRECTION('',(-0.00845068465049074,-0.996747682350549,0.0801413979023806));
#16261=DIRECTION('',(0.,-0.0801442596674017,-0.99678327516184));
#16262=DIRECTION('',(0.,0.99678327516184,-0.0801442596674017));
#16263=DIRECTION('',(0.,-0.99678327516184,0.0801442596674017));
#16264=DIRECTION('',(0.,-0.0801442596674017,-0.99678327516184));
#16265=DIRECTION('',(0.,0.99678327516184,-0.0801442596674017));
#16266=DIRECTION('',(0.,-0.0801442596674017,-0.99678327516184));
#16267=DIRECTION('',(1.,0.,0.));
#16268=DIRECTION('',(0.,-0.0801442596674017,-0.99678327516184));
#16269=DIRECTION('',(0.,0.99678327516184,-0.0801442596674017));
#16270=DIRECTION('',(0.,-0.0801442596674017,-0.99678327516184));
#16271=DIRECTION('',(0.,0.99678327516184,-0.0801442596674017));
#16272=DIRECTION('',(0.,-0.99678327516184,0.0801442596674017));
#16273=DIRECTION('',(0.,-0.0801442596674017,-0.99678327516184));
#16274=DIRECTION('',(0.,0.99678327516184,-0.0801442596674017));
#16275=DIRECTION('',(0.,-0.0801442596674017,-0.99678327516184));
#16276=DIRECTION('',(-1.,0.,0.));
#16277=DIRECTION('',(0.,-0.0801442596674017,-0.99678327516184));
#16278=DIRECTION('',(1.,0.,0.));
#16279=DIRECTION('',(1.,0.,0.));
#16280=DIRECTION('',(0.,0.,-1.));
#16281=DIRECTION('',(0.,-0.0801442596674017,-0.99678327516184));
#16282=DIRECTION('',(0.,-0.0801442596674017,-0.99678327516184));
#16283=DIRECTION('',(0.,-0.0801442596674017,-0.99678327516184));
#16284=DIRECTION('',(0.,0.99678327516184,-0.0801442596674017));
#16285=DIRECTION('',(0.,-0.0801442596674017,-0.99678327516184));
#16286=DIRECTION('',(0.,0.99678327516184,-0.0801442596674017));
#16287=DIRECTION('',(0.,-0.0801442596674017,-0.99678327516184));
#16288=DIRECTION('',(1.,0.,0.));
#16289=DIRECTION('',(0.,-0.99678327516184,0.0801442596674017));
#16290=DIRECTION('',(0.,-0.0801442596674017,-0.99678327516184));
#16291=DIRECTION('',(-1.,0.,0.));
#16292=DIRECTION('',(0.,-0.0801442596674017,-0.99678327516184));
#16293=DIRECTION('',(-1.,0.,0.));
#16294=DIRECTION('',(-0.104532155083817,0.0797051899287385,0.991322405301099));
#16295=DIRECTION('',(-0.743156706654211,0.053625919514294,0.666965044144829));
#16296=DIRECTION('',(0.,-0.99678327516184,0.0801442596674017));
#16297=DIRECTION('',(0.,-0.0801442596674017,-0.99678327516184));
#16298=DIRECTION('',(-1.,0.,0.));
#16299=DIRECTION('',(0.,-0.0801442596674017,-0.99678327516184));
#16300=DIRECTION('',(-1.,0.,0.));
#16301=DIRECTION('',(0.743156706654211,-0.053625919514294,-0.666965044144829));
#16302=DIRECTION('',(-0.104532155083817,0.0797051899287385,0.991322405301099));
#16303=DIRECTION('',(0.,-0.0801442596674017,-0.99678327516184));
#16304=DIRECTION('',(1.,0.,0.));
#16305=DIRECTION('',(-0.00845068465049074,-0.996747682350549,0.0801413979023806));
#16306=DIRECTION('',(0.,-0.0801442596674017,-0.99678327516184));
#16307=DIRECTION('',(0.,0.99678327516184,-0.0801442596674017));
#16308=DIRECTION('',(0.,-0.99678327516184,0.0801442596674017));
#16309=DIRECTION('',(0.,-0.0801442596674017,-0.99678327516184));
#16310=DIRECTION('',(0.,0.99678327516184,-0.0801442596674017));
#16311=DIRECTION('',(0.,-0.0801442596674017,-0.99678327516184));
#16312=DIRECTION('',(1.,0.,0.));
#16313=DIRECTION('',(0.,-0.0801442596674017,-0.99678327516184));
#16314=DIRECTION('',(0.,0.99678327516184,-0.0801442596674017));
#16315=DIRECTION('',(0.,-0.0801442596674017,-0.99678327516184));
#16316=DIRECTION('',(0.,0.99678327516184,-0.0801442596674017));
#16317=DIRECTION('',(0.,-0.99678327516184,0.0801442596674017));
#16318=DIRECTION('',(0.,-0.0801442596674017,-0.99678327516184));
#16319=DIRECTION('',(0.,0.99678327516184,-0.0801442596674017));
#16320=DIRECTION('',(0.,-0.0801442596674017,-0.99678327516184));
#16321=DIRECTION('',(-1.,0.,0.));
#16322=DIRECTION('',(0.,-0.0801442596674017,-0.99678327516184));
#16323=DIRECTION('',(1.,0.,0.));
#16324=DIRECTION('',(1.,0.,0.));
#16325=DIRECTION('',(0.,0.,-1.));
#16326=DIRECTION('',(0.,-0.0801442596674017,-0.99678327516184));
#16327=DIRECTION('',(0.,-0.0801442596674017,-0.99678327516184));
#16328=DIRECTION('',(0.,-0.0801442596674017,-0.99678327516184));
#16329=DIRECTION('',(0.,0.99678327516184,-0.0801442596674017));
#16330=DIRECTION('',(0.,-0.0801442596674017,-0.99678327516184));
#16331=DIRECTION('',(0.,0.99678327516184,-0.0801442596674017));
#16332=DIRECTION('',(0.,-0.0801442596674017,-0.99678327516184));
#16333=DIRECTION('',(1.,0.,0.));
#16334=DIRECTION('',(1.,0.,0.));
#16335=DIRECTION('',(0.,0.,-1.));
#16336=DIRECTION('',(0.,-0.183897444990877,-0.982945435782591));
#16337=DIRECTION('',(0.,0.794381310126362,0.607419405453863));
#16338=DIRECTION('',(0.,-0.99678327516184,0.0801442596674017));
#16339=DIRECTION('',(0.,-0.0801442596674017,-0.99678327516184));
#16340=DIRECTION('',(0.,-0.99678327516184,0.0801442596674017));
#16341=DIRECTION('',(1.,0.,0.));
#16342=DIRECTION('',(0.,0.,-1.));
#16343=DIRECTION('',(0.,-0.99678327516184,0.0801442596674017));
#16344=DIRECTION('',(0.,-0.794381310126362,-0.607419405453863));
#16345=DIRECTION('',(0.,-0.183897444990877,-0.982945435782591));
#16346=DIRECTION('',(0.,-0.99678327516184,0.0801442596674017));
#16347=DIRECTION('',(0.,-0.0801442596674017,-0.99678327516184));
#16348=DIRECTION('',(0.,-0.0801442596674017,-0.99678327516184));
#16349=DIRECTION('',(1.,0.,0.));
#16350=DIRECTION('',(-1.,0.,0.));
#16351=DIRECTION('',(0.,-0.0801442596674017,-0.99678327516184));
#16352=DIRECTION('',(0.,0.99678327516184,-0.0801442596674017));
#16353=DIRECTION('',(-1.,0.,0.));
#16354=DIRECTION('',(0.,-0.0801442596674017,-0.99678327516184));
#16355=DIRECTION('',(0.,0.99678327516184,-0.0801442596674017));
#16356=DIRECTION('',(0.,-0.0801442596674017,-0.99678327516184));
#16357=DIRECTION('',(1.,0.,0.));
#16358=DIRECTION('',(0.,-0.0801442596674017,-0.99678327516184));
#16359=DIRECTION('',(0.,0.99678327516184,-0.0801442596674017));
#16360=DIRECTION('',(-1.,0.,0.));
#16361=DIRECTION('',(0.,-0.0801442596674017,-0.99678327516184));
#16362=DIRECTION('',(0.,0.99678327516184,-0.0801442596674017));
#16363=DIRECTION('',(0.,-0.0801442596674017,-0.99678327516184));
#16364=DIRECTION('',(0.,0.99678327516184,-0.0801442596674017));
#16365=DIRECTION('',(0.,-0.0801442596674017,-0.99678327516184));
#16366=DIRECTION('',(0.,-0.99678327516184,0.0801442596674017));
#16367=DIRECTION('',(0.,-0.0801442596674017,-0.99678327516184));
#16368=DIRECTION('',(0.,0.99678327516184,-0.0801442596674017));
#16369=DIRECTION('',(0.,-0.99678327516184,0.0801442596674017));
#16370=DIRECTION('',(0.,-0.0801442596674017,-0.99678327516184));
#16371=DIRECTION('',(0.,-0.0801442596674017,-0.99678327516184));
#16372=DIRECTION('',(0.,-0.0801442596674017,-0.99678327516184));
#16373=DIRECTION('',(0.,-0.0801442596674017,-0.99678327516184));
#16374=DIRECTION('',(0.,0.99678327516184,-0.0801442596674017));
#16375=DIRECTION('',(0.,-0.0801442596674017,-0.99678327516184));
#16376=DIRECTION('',(0.,0.99678327516184,-0.0801442596674017));
#16377=DIRECTION('',(0.,-0.0801442596674017,-0.99678327516184));
#16378=DIRECTION('',(1.,0.,0.));
#16379=DIRECTION('',(1.,0.,0.));
#16380=DIRECTION('',(0.,0.,-1.));
#16381=DIRECTION('',(0.,-0.99678327516184,0.0801442596674017));
#16382=DIRECTION('',(0.,-0.0801442596674017,-0.99678327516184));
#16383=DIRECTION('',(0.,-0.99678327516184,0.0801442596674017));
#16384=DIRECTION('',(0.,0.687127355991499,-0.726536989180958));
#16385=DIRECTION('',(0.,-0.0244870029362543,0.999700148388106));
#16386=DIRECTION('',(1.,0.,0.));
#16387=DIRECTION('',(0.,0.,-1.));
#16388=DIRECTION('',(0.,-0.99678327516184,0.0801442596674017));
#16389=DIRECTION('',(0.,-0.0801442596674017,-0.99678327516184));
#16390=DIRECTION('',(0.,-0.99678327516184,0.0801442596674017));
#16391=DIRECTION('',(0.,-0.0244870029362543,0.999700148388106));
#16392=DIRECTION('',(0.,-0.687127355991499,0.726536989180958));
#16393=DIRECTION('',(0.,-0.0801442596674017,-0.99678327516184));
#16394=DIRECTION('',(1.,0.,0.));
#16395=DIRECTION('',(1.,0.,0.));
#16396=DIRECTION('',(0.,-0.0801442596674017,-0.99678327516184));
#16397=DIRECTION('',(0.,0.99678327516184,-0.0801442596674017));
#16398=DIRECTION('',(-1.,0.,0.));
#16399=DIRECTION('',(0.,-0.0801442596674017,-0.99678327516184));
#16400=DIRECTION('',(0.,0.99678327516184,-0.0801442596674017));
#16401=DIRECTION('',(0.,-0.0801442596674017,-0.99678327516184));
#16402=DIRECTION('',(1.,0.,0.));
#16403=DIRECTION('',(0.,-0.0801442596674017,-0.99678327516184));
#16404=DIRECTION('',(0.,0.99678327516184,-0.0801442596674017));
#16405=DIRECTION('',(0.,-0.0801442596674017,-0.99678327516184));
#16406=DIRECTION('',(0.,0.99678327516184,-0.0801442596674017));
#16407=DIRECTION('',(-1.,0.,0.));
#16408=DIRECTION('',(0.,-0.0801442596674017,-0.99678327516184));
#16409=DIRECTION('',(0.,0.99678327516184,-0.0801442596674017));
#16410=DIRECTION('',(0.,-0.0801442596674017,-0.99678327516184));
#16411=DIRECTION('',(0.,-0.99678327516184,0.0801442596674017));
#16412=DIRECTION('',(0.,-0.0801442596674017,-0.99678327516184));
#16413=DIRECTION('',(0.,0.99678327516184,-0.0801442596674017));
#16414=DIRECTION('',(0.,-0.99678327516184,0.0801442596674017));
#16415=DIRECTION('',(0.,-0.0801442596674017,-0.99678327516184));
#16416=DIRECTION('',(0.,-0.0801442596674017,-0.99678327516184));
#16417=DIRECTION('',(0.,-0.0801442596674017,-0.99678327516184));
#16418=DIRECTION('',(0.,-0.0801442596674017,-0.99678327516184));
#16419=DIRECTION('',(0.,0.99678327516184,-0.0801442596674017));
#16420=DIRECTION('',(0.,-0.0801442596674017,-0.99678327516184));
#16421=DIRECTION('',(0.,0.99678327516184,-0.0801442596674017));
#16422=DIRECTION('',(0.,-0.0801442596674017,-0.99678327516184));
#16423=DIRECTION('',(1.,0.,0.));
#16424=DIRECTION('',(1.,0.,0.));
#16425=DIRECTION('',(0.,0.,-1.));
#16426=DIRECTION('',(0.,-0.99678327516184,0.0801442596674017));
#16427=DIRECTION('',(0.,0.687127355991499,-0.726536989180958));
#16428=DIRECTION('',(0.,-0.0244870029362543,0.999700148388106));
#16429=DIRECTION('',(0.,-0.99678327516184,0.0801442596674017));
#16430=DIRECTION('',(0.,-0.0801442596674017,-0.99678327516184));
#16431=DIRECTION('',(1.,0.,0.));
#16432=DIRECTION('',(0.,0.,-1.));
#16433=DIRECTION('',(0.,-0.99678327516184,0.0801442596674017));
#16434=DIRECTION('',(0.,-0.0244870029362543,0.999700148388106));
#16435=DIRECTION('',(0.,-0.687127355991499,0.726536989180958));
#16436=DIRECTION('',(0.,-0.99678327516184,0.0801442596674017));
#16437=DIRECTION('',(0.,-0.0801442596674017,-0.99678327516184));
#16438=DIRECTION('',(0.,-0.0801442596674017,-0.99678327516184));
#16439=DIRECTION('',(1.,0.,0.));
#16440=DIRECTION('',(1.,0.,0.));
#16441=DIRECTION('',(0.,-0.0801442596674017,-0.99678327516184));
#16442=DIRECTION('',(0.,0.99678327516184,-0.0801442596674017));
#16443=DIRECTION('',(-1.,0.,0.));
#16444=DIRECTION('',(0.,-0.0801442596674017,-0.99678327516184));
#16445=DIRECTION('',(0.,0.99678327516184,-0.0801442596674017));
#16446=DIRECTION('',(0.,-0.0801442596674017,-0.99678327516184));
#16447=DIRECTION('',(1.,0.,0.));
#16448=DIRECTION('',(0.,-0.0801442596674017,-0.99678327516184));
#16449=DIRECTION('',(0.,0.99678327516184,-0.0801442596674017));
#16450=DIRECTION('',(-1.,0.,0.));
#16451=DIRECTION('',(0.,-0.0801442596674017,-0.99678327516184));
#16452=DIRECTION('',(0.,0.99678327516184,-0.0801442596674017));
#16453=DIRECTION('',(0.,-0.0801442596674017,-0.99678327516184));
#16454=DIRECTION('',(0.,-0.99678327516184,0.0801442596674017));
#16455=DIRECTION('',(0.,-0.0801442596674017,-0.99678327516184));
#16456=DIRECTION('',(0.,0.99678327516184,-0.0801442596674017));
#16457=DIRECTION('',(0.,-0.0801442596674017,-0.99678327516184));
#16458=DIRECTION('',(0.,0.99678327516184,-0.0801442596674017));
#16459=DIRECTION('',(0.,-0.99678327516184,0.0801442596674017));
#16460=DIRECTION('',(0.,-0.0801442596674017,-0.99678327516184));
#16461=DIRECTION('',(0.,-0.0801442596674017,-0.99678327516184));
#16462=DIRECTION('',(0.,-0.0801442596674017,-0.99678327516184));
#16463=DIRECTION('',(0.,-0.0801442596674017,-0.99678327516184));
#16464=DIRECTION('',(0.,0.99678327516184,-0.0801442596674017));
#16465=DIRECTION('',(0.,-0.0801442596674017,-0.99678327516184));
#16466=DIRECTION('',(0.,0.99678327516184,-0.0801442596674017));
#16467=DIRECTION('',(0.,-0.0801442596674017,-0.99678327516184));
#16468=DIRECTION('',(1.,0.,0.));
#16469=DIRECTION('',(1.,0.,0.));
#16470=DIRECTION('',(0.,0.,-1.));
#16471=DIRECTION('',(0.,-0.99678327516184,0.0801442596674017));
#16472=DIRECTION('',(0.,0.687127355991499,-0.726536989180958));
#16473=DIRECTION('',(0.,-0.0244870029362543,0.999700148388106));
#16474=DIRECTION('',(0.,-0.99678327516184,0.0801442596674017));
#16475=DIRECTION('',(0.,-0.0801442596674017,-0.99678327516184));
#16476=DIRECTION('',(1.,0.,0.));
#16477=DIRECTION('',(0.,0.,-1.));
#16478=DIRECTION('',(0.,-0.99678327516184,0.0801442596674017));
#16479=DIRECTION('',(0.,-0.0244870029362543,0.999700148388106));
#16480=DIRECTION('',(0.,-0.687127355991499,0.726536989180958));
#16481=DIRECTION('',(0.,-0.99678327516184,0.0801442596674017));
#16482=DIRECTION('',(0.,-0.0801442596674017,-0.99678327516184));
#16483=DIRECTION('',(0.,-0.0801442596674017,-0.99678327516184));
#16484=DIRECTION('',(1.,0.,0.));
#16485=DIRECTION('',(1.,0.,0.));
#16486=DIRECTION('',(0.,-0.0801442596674017,-0.99678327516184));
#16487=DIRECTION('',(0.,0.99678327516184,-0.0801442596674017));
#16488=DIRECTION('',(-1.,0.,0.));
#16489=DIRECTION('',(0.,-0.0801442596674017,-0.99678327516184));
#16490=DIRECTION('',(0.,0.99678327516184,-0.0801442596674017));
#16491=DIRECTION('',(0.,-0.0801442596674017,-0.99678327516184));
#16492=DIRECTION('',(1.,0.,0.));
#16493=DIRECTION('',(0.,-0.0801442596674017,-0.99678327516184));
#16494=DIRECTION('',(0.,0.99678327516184,-0.0801442596674017));
#16495=DIRECTION('',(-1.,0.,0.));
#16496=DIRECTION('',(0.,-0.0801442596674017,-0.99678327516184));
#16497=DIRECTION('',(0.,0.99678327516184,-0.0801442596674017));
#16498=DIRECTION('',(0.,-0.0801442596674017,-0.99678327516184));
#16499=DIRECTION('',(0.,-0.99678327516184,0.0801442596674017));
#16500=DIRECTION('',(0.,-0.0801442596674017,-0.99678327516184));
#16501=DIRECTION('',(0.,0.99678327516184,-0.0801442596674017));
#16502=DIRECTION('',(0.,-0.0801442596674017,-0.99678327516184));
#16503=DIRECTION('',(0.,0.99678327516184,-0.0801442596674017));
#16504=DIRECTION('',(0.,-0.99678327516184,0.0801442596674017));
#16505=DIRECTION('',(0.,-0.0801442596674017,-0.99678327516184));
#16506=DIRECTION('',(0.,-0.0801442596674017,-0.99678327516184));
#16507=DIRECTION('',(0.,-0.0801442596674017,-0.99678327516184));
#16508=DIRECTION('',(0.,-0.0801442596674017,-0.99678327516184));
#16509=DIRECTION('',(0.,0.99678327516184,-0.0801442596674017));
#16510=DIRECTION('',(0.,-0.0801442596674017,-0.99678327516184));
#16511=DIRECTION('',(0.,0.99678327516184,-0.0801442596674017));
#16512=DIRECTION('',(0.,-0.0801442596674017,-0.99678327516184));
#16513=DIRECTION('',(1.,0.,0.));
#16514=DIRECTION('',(0.,-0.99678327516184,0.0801442596674017));
#16515=DIRECTION('',(0.,-0.0801442596674017,-0.99678327516184));
#16516=DIRECTION('',(-1.,0.,0.));
#16517=DIRECTION('',(-0.743156706654211,-0.053625919514294,-0.666965044144829));
#16518=DIRECTION('',(-0.104532155083817,-0.0797051899287385,-0.991322405301099));
#16519=DIRECTION('',(-1.,0.,0.));
#16520=DIRECTION('',(0.,-0.0801442596674017,-0.99678327516184));
#16521=DIRECTION('',(0.,-0.99678327516184,0.0801442596674017));
#16522=DIRECTION('',(0.,-0.0801442596674017,-0.99678327516184));
#16523=DIRECTION('',(-0.104532155083817,-0.0797051899287385,-0.991322405301099));
#16524=DIRECTION('',(0.743156706654211,0.053625919514294,0.666965044144829));
#16525=DIRECTION('',(-1.,0.,0.));
#16526=DIRECTION('',(0.,-0.0801442596674017,-0.99678327516184));
#16527=DIRECTION('',(-1.,0.,0.));
#16528=DIRECTION('',(0.,-0.0801442596674017,-0.99678327516184));
#16529=DIRECTION('',(1.,0.,0.));
#16530=DIRECTION('',(-0.00845068465049074,0.996747682350549,-0.0801413979023806));
#16531=DIRECTION('',(0.,-0.0801442596674017,-0.99678327516184));
#16532=DIRECTION('',(0.,0.99678327516184,-0.0801442596674017));
#16533=DIRECTION('',(0.,-0.99678327516184,0.0801442596674017));
#16534=DIRECTION('',(0.,-0.0801442596674017,-0.99678327516184));
#16535=DIRECTION('',(0.,0.99678327516184,-0.0801442596674017));
#16536=DIRECTION('',(0.,-0.0801442596674017,-0.99678327516184));
#16537=DIRECTION('',(1.,0.,0.));
#16538=DIRECTION('',(0.,-0.0801442596674017,-0.99678327516184));
#16539=DIRECTION('',(0.,0.99678327516184,-0.0801442596674017));
#16540=DIRECTION('',(0.,-0.0801442596674017,-0.99678327516184));
#16541=DIRECTION('',(0.,0.99678327516184,-0.0801442596674017));
#16542=DIRECTION('',(0.,-0.99678327516184,0.0801442596674017));
#16543=DIRECTION('',(0.,-0.0801442596674017,-0.99678327516184));
#16544=DIRECTION('',(0.,0.99678327516184,-0.0801442596674017));
#16545=DIRECTION('',(0.,-0.0801442596674017,-0.99678327516184));
#16546=DIRECTION('',(1.,0.,0.));
#16547=DIRECTION('',(0.,-0.0801442596674017,-0.99678327516184));
#16548=DIRECTION('',(-1.,0.,0.));
#16549=DIRECTION('',(1.,0.,0.));
#16550=DIRECTION('',(0.,0.,-1.));
#16551=DIRECTION('',(0.,-0.0801442596674017,-0.99678327516184));
#16552=DIRECTION('',(0.,-0.0801442596674017,-0.99678327516184));
#16553=DIRECTION('',(0.,-0.0801442596674017,-0.99678327516184));
#16554=DIRECTION('',(0.,0.99678327516184,-0.0801442596674017));
#16555=DIRECTION('',(0.,-0.0801442596674017,-0.99678327516184));
#16556=DIRECTION('',(0.,0.99678327516184,-0.0801442596674017));
#16557=DIRECTION('',(0.,-0.0801442596674017,-0.99678327516184));
#16558=DIRECTION('',(1.,0.,0.));
#16559=DIRECTION('',(0.,-0.99678327516184,0.0801442596674017));
#16560=DIRECTION('',(0.,-0.0801442596674017,-0.99678327516184));
#16561=DIRECTION('',(-1.,0.,0.));
#16562=DIRECTION('',(-0.743156706654211,-0.053625919514294,-0.666965044144829));
#16563=DIRECTION('',(-0.104532155083817,-0.0797051899287385,-0.991322405301099));
#16564=DIRECTION('',(-1.,0.,0.));
#16565=DIRECTION('',(0.,-0.0801442596674017,-0.99678327516184));
#16566=DIRECTION('',(0.,-0.99678327516184,0.0801442596674017));
#16567=DIRECTION('',(0.,-0.0801442596674017,-0.99678327516184));
#16568=DIRECTION('',(-1.,0.,0.));
#16569=DIRECTION('',(-0.104532155083817,-0.0797051899287385,-0.991322405301099));
#16570=DIRECTION('',(0.743156706654211,0.053625919514294,0.666965044144829));
#16571=DIRECTION('',(-1.,0.,0.));
#16572=DIRECTION('',(0.,-0.0801442596674017,-0.99678327516184));
#16573=DIRECTION('',(0.,-0.0801442596674017,-0.99678327516184));
#16574=DIRECTION('',(1.,0.,0.));
#16575=DIRECTION('',(-0.00845068465049074,0.996747682350549,-0.0801413979023806));
#16576=DIRECTION('',(0.,-0.0801442596674017,-0.99678327516184));
#16577=DIRECTION('',(0.,0.99678327516184,-0.0801442596674017));
#16578=DIRECTION('',(0.,-0.99678327516184,0.0801442596674017));
#16579=DIRECTION('',(0.,-0.0801442596674017,-0.99678327516184));
#16580=DIRECTION('',(0.,0.99678327516184,-0.0801442596674017));
#16581=DIRECTION('',(0.,-0.0801442596674017,-0.99678327516184));
#16582=DIRECTION('',(1.,0.,0.));
#16583=DIRECTION('',(0.,-0.0801442596674017,-0.99678327516184));
#16584=DIRECTION('',(0.,0.99678327516184,-0.0801442596674017));
#16585=DIRECTION('',(0.,-0.99678327516184,0.0801442596674017));
#16586=DIRECTION('',(0.,-0.0801442596674017,-0.99678327516184));
#16587=DIRECTION('',(0.,0.99678327516184,-0.0801442596674017));
#16588=DIRECTION('',(0.,-0.0801442596674017,-0.99678327516184));
#16589=DIRECTION('',(1.,0.,0.));
#16590=DIRECTION('',(0.,-0.0801442596674017,-0.99678327516184));
#16591=DIRECTION('',(-1.,0.,0.));
#16592=DIRECTION('',(0.,-0.0801442596674017,-0.99678327516184));
#16593=DIRECTION('',(0.,0.99678327516184,-0.0801442596674017));
#16594=DIRECTION('',(1.,0.,0.));
#16595=DIRECTION('',(0.,0.,-1.));
#16596=DIRECTION('',(0.,-0.0801442596674017,-0.99678327516184));
#16597=DIRECTION('',(0.,-0.0801442596674017,-0.99678327516184));
#16598=DIRECTION('',(0.,-0.0801442596674017,-0.99678327516184));
#16599=DIRECTION('',(0.,0.99678327516184,-0.0801442596674017));
#16600=DIRECTION('',(0.,-0.0801442596674017,-0.99678327516184));
#16601=DIRECTION('',(0.,0.99678327516184,-0.0801442596674017));
#16602=DIRECTION('',(0.,-0.0801442596674017,-0.99678327516184));
#16603=DIRECTION('',(1.,0.,0.));
#16604=DIRECTION('',(1.,0.,0.));
#16605=DIRECTION('',(0.,0.,-1.));
#16606=DIRECTION('',(0.,-0.99678327516184,0.0801442596674017));
#16607=DIRECTION('',(0.,-0.183897444990877,-0.982945435782591));
#16608=DIRECTION('',(0.,0.794381310126362,0.607419405453863));
#16609=DIRECTION('',(0.,-0.99678327516184,0.0801442596674017));
#16610=DIRECTION('',(0.,-0.0801442596674017,-0.99678327516184));
#16611=DIRECTION('',(1.,0.,0.));
#16612=DIRECTION('',(0.,0.,-1.));
#16613=DIRECTION('',(0.,-0.99678327516184,0.0801442596674017));
#16614=DIRECTION('',(0.,-0.794381310126362,-0.607419405453863));
#16615=DIRECTION('',(0.,-0.183897444990877,-0.982945435782591));
#16616=DIRECTION('',(0.,-0.99678327516184,0.0801442596674017));
#16617=DIRECTION('',(0.,-0.0801442596674017,-0.99678327516184));
#16618=DIRECTION('',(0.,-0.0801442596674017,-0.99678327516184));
#16619=DIRECTION('',(1.,0.,0.));
#16620=DIRECTION('',(-1.,0.,0.));
#16621=DIRECTION('',(0.,-0.0801442596674017,-0.99678327516184));
#16622=DIRECTION('',(0.,0.99678327516184,-0.0801442596674017));
#16623=DIRECTION('',(-1.,0.,0.));
#16624=DIRECTION('',(0.,-0.0801442596674017,-0.99678327516184));
#16625=DIRECTION('',(0.,0.99678327516184,-0.0801442596674017));
#16626=DIRECTION('',(0.,-0.0801442596674017,-0.99678327516184));
#16627=DIRECTION('',(1.,0.,0.));
#16628=DIRECTION('',(0.,-0.0801442596674017,-0.99678327516184));
#16629=DIRECTION('',(0.,0.99678327516184,-0.0801442596674017));
#16630=DIRECTION('',(0.,-0.0801442596674017,-0.99678327516184));
#16631=DIRECTION('',(0.,0.99678327516184,-0.0801442596674017));
#16632=DIRECTION('',(-1.,0.,0.));
#16633=DIRECTION('',(0.,-0.0801442596674017,-0.99678327516184));
#16634=DIRECTION('',(0.,0.99678327516184,-0.0801442596674017));
#16635=DIRECTION('',(0.,-0.0801442596674017,-0.99678327516184));
#16636=DIRECTION('',(0.,0.99678327516184,-0.0801442596674017));
#16637=DIRECTION('',(0.,-0.0801442596674017,-0.99678327516184));
#16638=DIRECTION('',(0.,-0.99678327516184,0.0801442596674017));
#16639=DIRECTION('',(0.,-0.99678327516184,0.0801442596674017));
#16640=DIRECTION('',(0.,-0.0801442596674017,-0.99678327516184));
#16641=DIRECTION('',(0.,-0.0801442596674017,-0.99678327516184));
#16642=DIRECTION('',(0.,-0.0801442596674017,-0.99678327516184));
#16643=DIRECTION('',(0.,-0.0801442596674017,-0.99678327516184));
#16644=DIRECTION('',(0.,0.99678327516184,-0.0801442596674017));
#16645=DIRECTION('',(0.,-0.0801442596674017,-0.99678327516184));
#16646=DIRECTION('',(0.,0.99678327516184,-0.0801442596674017));
#16647=DIRECTION('',(0.,-0.0801442596674017,-0.99678327516184));
#16648=DIRECTION('',(1.,0.,0.));
#16649=DIRECTION('',(0.,-0.99678327516184,0.0801442596674017));
#16650=DIRECTION('',(0.,-0.0801442596674017,-0.99678327516184));
#16651=DIRECTION('',(-1.,0.,0.));
#16652=DIRECTION('',(-0.743156706654211,-0.053625919514294,-0.666965044144829));
#16653=DIRECTION('',(-0.104532155083817,-0.0797051899287385,-0.991322405301099));
#16654=DIRECTION('',(-1.,0.,0.));
#16655=DIRECTION('',(0.,-0.0801442596674017,-0.99678327516184));
#16656=DIRECTION('',(0.,-0.99678327516184,0.0801442596674017));
#16657=DIRECTION('',(0.,-0.0801442596674017,-0.99678327516184));
#16658=DIRECTION('',(-0.104532155083817,-0.0797051899287385,-0.991322405301099));
#16659=DIRECTION('',(0.743156706654211,0.053625919514294,0.666965044144829));
#16660=DIRECTION('',(-1.,0.,0.));
#16661=DIRECTION('',(0.,-0.0801442596674017,-0.99678327516184));
#16662=DIRECTION('',(-1.,0.,0.));
#16663=DIRECTION('',(0.,-0.0801442596674017,-0.99678327516184));
#16664=DIRECTION('',(1.,0.,0.));
#16665=DIRECTION('',(-0.00845068465049074,0.996747682350549,-0.0801413979023806));
#16666=DIRECTION('',(0.,-0.0801442596674017,-0.99678327516184));
#16667=DIRECTION('',(0.,0.99678327516184,-0.0801442596674017));
#16668=DIRECTION('',(0.,-0.99678327516184,0.0801442596674017));
#16669=DIRECTION('',(0.,-0.0801442596674017,-0.99678327516184));
#16670=DIRECTION('',(0.,0.99678327516184,-0.0801442596674017));
#16671=DIRECTION('',(0.,-0.0801442596674017,-0.99678327516184));
#16672=DIRECTION('',(1.,0.,0.));
#16673=DIRECTION('',(0.,-0.0801442596674017,-0.99678327516184));
#16674=DIRECTION('',(0.,0.99678327516184,-0.0801442596674017));
#16675=DIRECTION('',(0.,-0.0801442596674017,-0.99678327516184));
#16676=DIRECTION('',(0.,0.99678327516184,-0.0801442596674017));
#16677=DIRECTION('',(0.,-0.99678327516184,0.0801442596674017));
#16678=DIRECTION('',(0.,-0.0801442596674017,-0.99678327516184));
#16679=DIRECTION('',(0.,0.99678327516184,-0.0801442596674017));
#16680=DIRECTION('',(0.,-0.0801442596674017,-0.99678327516184));
#16681=DIRECTION('',(1.,0.,0.));
#16682=DIRECTION('',(0.,-0.0801442596674017,-0.99678327516184));
#16683=DIRECTION('',(-1.,0.,0.));
#16684=DIRECTION('',(1.,0.,0.));
#16685=DIRECTION('',(0.,0.,-1.));
#16686=DIRECTION('',(0.,-0.0801442596674017,-0.99678327516184));
#16687=DIRECTION('',(0.,-0.0801442596674017,-0.99678327516184));
#16688=DIRECTION('',(0.,-0.0801442596674017,-0.99678327516184));
#16689=DIRECTION('',(0.,0.99678327516184,-0.0801442596674017));
#16690=DIRECTION('',(0.,-0.0801442596674017,-0.99678327516184));
#16691=DIRECTION('',(0.,0.99678327516184,-0.0801442596674017));
#16692=DIRECTION('',(0.,-0.0801442596674017,-0.99678327516184));
#16693=DIRECTION('',(1.,0.,0.));
#16694=DIRECTION('',(1.,0.,0.));
#16695=DIRECTION('',(0.,0.,-1.));
#16696=DIRECTION('',(0.,-0.99678327516184,0.0801442596674017));
#16697=DIRECTION('',(0.,-0.183897444990877,-0.982945435782591));
#16698=DIRECTION('',(0.,0.794381310126362,0.607419405453863));
#16699=DIRECTION('',(0.,-0.99678327516184,0.0801442596674017));
#16700=DIRECTION('',(0.,-0.0801442596674017,-0.99678327516184));
#16701=DIRECTION('',(1.,0.,0.));
#16702=DIRECTION('',(0.,0.,-1.));
#16703=DIRECTION('',(0.,-0.99678327516184,0.0801442596674017));
#16704=DIRECTION('',(0.,-0.0801442596674017,-0.99678327516184));
#16705=DIRECTION('',(0.,-0.99678327516184,0.0801442596674017));
#16706=DIRECTION('',(0.,-0.794381310126362,-0.607419405453863));
#16707=DIRECTION('',(0.,-0.183897444990877,-0.982945435782591));
#16708=DIRECTION('',(0.,-0.0801442596674017,-0.99678327516184));
#16709=DIRECTION('',(1.,0.,0.));
#16710=DIRECTION('',(-1.,0.,0.));
#16711=DIRECTION('',(0.,-0.0801442596674017,-0.99678327516184));
#16712=DIRECTION('',(0.,0.99678327516184,-0.0801442596674017));
#16713=DIRECTION('',(-1.,0.,0.));
#16714=DIRECTION('',(0.,-0.0801442596674017,-0.99678327516184));
#16715=DIRECTION('',(0.,0.99678327516184,-0.0801442596674017));
#16716=DIRECTION('',(0.,-0.0801442596674017,-0.99678327516184));
#16717=DIRECTION('',(1.,0.,0.));
#16718=DIRECTION('',(0.,-0.0801442596674017,-0.99678327516184));
#16719=DIRECTION('',(0.,0.99678327516184,-0.0801442596674017));
#16720=DIRECTION('',(0.,-0.0801442596674017,-0.99678327516184));
#16721=DIRECTION('',(0.,0.99678327516184,-0.0801442596674017));
#16722=DIRECTION('',(-1.,0.,0.));
#16723=DIRECTION('',(0.,-0.0801442596674017,-0.99678327516184));
#16724=DIRECTION('',(0.,0.99678327516184,-0.0801442596674017));
#16725=DIRECTION('',(0.,-0.0801442596674017,-0.99678327516184));
#16726=DIRECTION('',(0.,0.99678327516184,-0.0801442596674017));
#16727=DIRECTION('',(0.,-0.0801442596674017,-0.99678327516184));
#16728=DIRECTION('',(0.,-0.99678327516184,0.0801442596674017));
#16729=DIRECTION('',(0.,-0.99678327516184,0.0801442596674017));
#16730=DIRECTION('',(0.,-0.0801442596674017,-0.99678327516184));
#16731=DIRECTION('',(0.,-0.0801442596674017,-0.99678327516184));
#16732=DIRECTION('',(0.,-0.0801442596674017,-0.99678327516184));
#16733=DIRECTION('',(0.,-0.0801442596674017,-0.99678327516184));
#16734=DIRECTION('',(0.,0.99678327516184,-0.0801442596674017));
#16735=DIRECTION('',(0.,-0.0801442596674017,-0.99678327516184));
#16736=DIRECTION('',(0.,0.99678327516184,-0.0801442596674017));
#16737=DIRECTION('',(0.,-0.0801442596674017,-0.99678327516184));
#16738=DIRECTION('',(1.,0.,0.));
#16739=DIRECTION('',(0.,0.183897444990877,0.982945435782591));
#16740=DIRECTION('',(0.,-0.982945435782591,0.183897444990877));
#16741=DIRECTION('',(0.,-0.607419405453863,0.794381310126362));
#16742=DIRECTION('',(0.,0.794381310126362,0.607419405453863));
#16743=DIRECTION('',(0.,0.0801442596674017,0.99678327516184));
#16744=DIRECTION('',(0.,-0.99678327516184,0.0801442596674017));
#16745=DIRECTION('',(0.,-0.0801442596674017,-0.99678327516184));
#16746=DIRECTION('',(0.,0.99678327516184,-0.0801442596674017));
#16747=DIRECTION('',(0.,-0.183897444990877,-0.982945435782591));
#16748=DIRECTION('',(0.,0.982945435782591,-0.183897444990877));
#16749=DIRECTION('',(0.,-0.607419405453863,0.794381310126362));
#16750=DIRECTION('',(0.,-0.794381310126362,-0.607419405453863));
#16751=DIRECTION('',(0.,-0.183897444990877,-0.982945435782591));
#16752=DIRECTION('',(0.,0.982945435782591,-0.183897444990877));
#16753=DIRECTION('',(0.,-0.607419405453863,0.794381310126362));
#16754=DIRECTION('',(0.,-0.794381310126362,-0.607419405453863));
#16755=DIRECTION('',(0.,-0.0801442596674017,-0.99678327516184));
#16756=DIRECTION('',(0.,0.99678327516184,-0.0801442596674017));
#16757=DIRECTION('',(0.,0.0801442596674017,0.99678327516184));
#16758=DIRECTION('',(0.,-0.99678327516184,0.0801442596674017));
#16759=DIRECTION('',(0.,0.183897444990877,0.982945435782591));
#16760=DIRECTION('',(0.,-0.982945435782591,0.183897444990877));
#16761=DIRECTION('',(0.,-0.607419405453863,0.794381310126362));
#16762=DIRECTION('',(0.,0.794381310126362,0.607419405453863));
#16763=DIRECTION('',(0.,-0.183897444990877,-0.982945435782591));
#16764=DIRECTION('',(0.,0.982945435782591,-0.183897444990877));
#16765=DIRECTION('',(0.,-0.607419405453863,0.794381310126362));
#16766=DIRECTION('',(0.,-0.794381310126362,-0.607419405453863));
#16767=DIRECTION('',(0.,-0.0801442596674017,-0.99678327516184));
#16768=DIRECTION('',(0.,0.99678327516184,-0.0801442596674017));
#16769=DIRECTION('',(0.,0.183897444990877,0.982945435782591));
#16770=DIRECTION('',(0.,-0.982945435782591,0.183897444990877));
#16771=DIRECTION('',(0.,-0.607419405453863,0.794381310126362));
#16772=DIRECTION('',(0.,0.794381310126362,0.607419405453863));
#16773=DIRECTION('',(0.,0.0801442596674017,0.99678327516184));
#16774=DIRECTION('',(0.,-0.99678327516184,0.0801442596674017));
#16775=DIRECTION('',(0.,0.0801442596674017,0.99678327516184));
#16776=DIRECTION('',(0.,-0.99678327516184,0.0801442596674017));
#16777=DIRECTION('',(-0.104532155083817,-0.0797051899287385,-0.991322405301099));
#16778=DIRECTION('',(-0.994486383305592,0.,0.104865787651465));
#16779=DIRECTION('',(-0.669106713261939,0.0539223694492639,0.741207517730887));
#16780=DIRECTION('',(-0.743127809733607,-0.0587019931321683,-0.66656967708023));
#16781=DIRECTION('',(0.104532155083817,0.0797051899287385,0.991322405301099));
#16782=DIRECTION('',(0.994486383305592,0.,-0.104865787651465));
#16783=DIRECTION('',(-0.669106713261939,0.0539223694492639,0.741207517730887));
#16784=DIRECTION('',(0.743127809733607,0.0587019931321683,0.66656967708023));
#16785=DIRECTION('',(0.,-0.0801442596674017,-0.99678327516184));
#16786=DIRECTION('',(0.,0.99678327516184,-0.0801442596674017));
#16787=DIRECTION('',(0.104532155083817,0.0797051899287385,0.991322405301099));
#16788=DIRECTION('',(0.994486383305592,0.,-0.104865787651465));
#16789=DIRECTION('',(-0.669106713261939,0.0539223694492639,0.741207517730887));
#16790=DIRECTION('',(0.743127809733607,0.0587019931321683,0.66656967708023));
#16791=DIRECTION('',(0.,-0.0801442596674017,-0.99678327516184));
#16792=DIRECTION('',(0.,0.99678327516184,-0.0801442596674017));
#16793=DIRECTION('',(-0.104532155083817,-0.0797051899287385,-0.991322405301099));
#16794=DIRECTION('',(-0.994486383305592,0.,0.104865787651465));
#16795=DIRECTION('',(-0.669106713261939,0.0539223694492639,0.741207517730887));
#16796=DIRECTION('',(-0.743127809733607,-0.0587019931321683,-0.66656967708023));
#16797=DIRECTION('',(0.,0.0801442596674017,0.99678327516184));
#16798=DIRECTION('',(0.,-0.99678327516184,0.0801442596674017));
#16799=DIRECTION('',(0.,0.0801442596674017,0.99678327516184));
#16800=DIRECTION('',(0.,-0.99678327516184,0.0801442596674017));
#16801=DIRECTION('',(-0.104532155083817,-0.0797051899287385,-0.991322405301099));
#16802=DIRECTION('',(-0.994486383305592,0.,0.104865787651465));
#16803=DIRECTION('',(-0.669106713261939,0.0539223694492639,0.741207517730887));
#16804=DIRECTION('',(-0.743127809733607,-0.0587019931321683,-0.66656967708023));
#16805=DIRECTION('',(0.104532155083817,0.0797051899287385,0.991322405301099));
#16806=DIRECTION('',(0.994486383305592,0.,-0.104865787651465));
#16807=DIRECTION('',(-0.669106713261939,0.0539223694492639,0.741207517730887));
#16808=DIRECTION('',(0.743127809733607,0.0587019931321683,0.66656967708023));
#16809=DIRECTION('',(0.,-0.0801442596674017,-0.99678327516184));
#16810=DIRECTION('',(0.,0.99678327516184,-0.0801442596674017));
#16811=DIRECTION('',(0.,0.0244870029362543,-0.999700148388106));
#16812=DIRECTION('',(0.,0.999700148388105,0.0244870029362543));
#16813=DIRECTION('',(0.,0.726536989180958,0.687127355991499));
#16814=DIRECTION('',(0.,0.687127355991499,-0.726536989180958));
#16815=DIRECTION('',(0.,-0.0244870029362543,0.999700148388106));
#16816=DIRECTION('',(0.,-0.999700148388105,-0.0244870029362543));
#16817=DIRECTION('',(0.,0.726536989180958,0.687127355991499));
#16818=DIRECTION('',(0.,-0.687127355991499,0.726536989180958));
#16819=DIRECTION('',(0.,0.0801442596674017,0.99678327516184));
#16820=DIRECTION('',(0.,-0.99678327516184,0.0801442596674017));
#16821=DIRECTION('',(0.,-0.0801442596674017,-0.99678327516184));
#16822=DIRECTION('',(0.,0.99678327516184,-0.0801442596674017));
#16823=DIRECTION('',(0.,-0.0244870029362543,0.999700148388106));
#16824=DIRECTION('',(0.,-0.999700148388105,-0.0244870029362543));
#16825=DIRECTION('',(0.,0.726536989180958,0.687127355991499));
#16826=DIRECTION('',(0.,-0.687127355991499,0.726536989180958));
#16827=DIRECTION('',(0.,0.0801442596674017,0.99678327516184));
#16828=DIRECTION('',(0.,-0.99678327516184,0.0801442596674017));
#16829=DIRECTION('',(0.,0.0244870029362543,-0.999700148388106));
#16830=DIRECTION('',(0.,0.999700148388105,0.0244870029362543));
#16831=DIRECTION('',(0.,0.726536989180958,0.687127355991499));
#16832=DIRECTION('',(0.,0.687127355991499,-0.726536989180958));
#16833=DIRECTION('',(0.,-0.0801442596674017,-0.99678327516184));
#16834=DIRECTION('',(0.,0.99678327516184,-0.0801442596674017));
#16835=DIRECTION('',(0.,-0.0801442596674017,-0.99678327516184));
#16836=DIRECTION('',(0.,0.99678327516184,-0.0801442596674017));
#16837=DIRECTION('',(0.,0.0244870029362543,-0.999700148388106));
#16838=DIRECTION('',(0.,0.999700148388105,0.0244870029362543));
#16839=DIRECTION('',(0.,0.726536989180958,0.687127355991499));
#16840=DIRECTION('',(0.,0.687127355991499,-0.726536989180958));
#16841=DIRECTION('',(0.,0.0801442596674017,0.99678327516184));
#16842=DIRECTION('',(0.,-0.99678327516184,0.0801442596674017));
#16843=DIRECTION('',(0.,-0.0244870029362543,0.999700148388106));
#16844=DIRECTION('',(0.,-0.999700148388105,-0.0244870029362543));
#16845=DIRECTION('',(0.,0.726536989180958,0.687127355991499));
#16846=DIRECTION('',(0.,-0.687127355991499,0.726536989180958));
#16847=DIRECTION('',(0.,-0.183897444990877,-0.982945435782591));
#16848=DIRECTION('',(0.,0.982945435782591,-0.183897444990877));
#16849=DIRECTION('',(0.,-0.607419405453863,0.794381310126362));
#16850=DIRECTION('',(0.,-0.794381310126363,-0.607419405453863));
#16851=DIRECTION('',(0.,0.183897444990877,0.982945435782591));
#16852=DIRECTION('',(0.,-0.982945435782591,0.183897444990877));
#16853=DIRECTION('',(0.,-0.607419405453863,0.794381310126362));
#16854=DIRECTION('',(0.,0.794381310126363,0.607419405453863));
#16855=DIRECTION('',(0.,0.0801442596674017,0.99678327516184));
#16856=DIRECTION('',(0.,-0.99678327516184,0.0801442596674017));
#16857=DIRECTION('',(0.,-0.0801442596674017,-0.99678327516184));
#16858=DIRECTION('',(0.,0.99678327516184,-0.0801442596674017));
#16859=DIRECTION('',(-0.104532155083817,0.0797051899287385,0.991322405301099));
#16860=DIRECTION('',(0.994486383305592,0.,0.104865787651465));
#16861=DIRECTION('',(0.669106713261939,0.0539223694492639,0.741207517730886));
#16862=DIRECTION('',(-0.743127809733607,0.0587019931321683,0.666569677080231));
#16863=DIRECTION('',(0.104532155083817,-0.0797051899287385,-0.991322405301099));
#16864=DIRECTION('',(-0.994486383305592,0.,-0.104865787651465));
#16865=DIRECTION('',(0.669106713261939,0.0539223694492639,0.741207517730886));
#16866=DIRECTION('',(0.743127809733607,-0.0587019931321683,-0.666569677080231));
#16867=DIRECTION('',(0.,-0.183897444990877,-0.982945435782591));
#16868=DIRECTION('',(0.,0.982945435782591,-0.183897444990877));
#16869=DIRECTION('',(0.,-0.607419405453863,0.794381310126362));
#16870=DIRECTION('',(0.,-0.794381310126363,-0.607419405453863));
#16871=DIRECTION('',(0.,-0.0801442596674017,-0.99678327516184));
#16872=DIRECTION('',(0.,0.99678327516184,-0.0801442596674017));
#16873=DIRECTION('',(0.,0.0801442596674017,0.99678327516184));
#16874=DIRECTION('',(0.,-0.99678327516184,0.0801442596674017));
#16875=DIRECTION('',(0.,0.183897444990877,0.982945435782591));
#16876=DIRECTION('',(0.,-0.982945435782591,0.183897444990877));
#16877=DIRECTION('',(0.,-0.607419405453863,0.794381310126362));
#16878=DIRECTION('',(0.,0.794381310126363,0.607419405453863));
#16879=DIRECTION('',(0.,0.0801442596674017,0.99678327516184));
#16880=DIRECTION('',(0.,-0.99678327516184,0.0801442596674017));
#16881=DIRECTION('',(0.,-0.0801442596674017,-0.99678327516184));
#16882=DIRECTION('',(0.,0.99678327516184,-0.0801442596674017));
#16883=DIRECTION('',(0.104532155083817,-0.0797051899287385,-0.991322405301099));
#16884=DIRECTION('',(-0.994486383305592,0.,-0.104865787651465));
#16885=DIRECTION('',(0.669106713261936,0.0539223694492642,0.74120751773089));
#16886=DIRECTION('',(0.74312780973361,-0.0587019931321681,-0.666569677080227));
#16887=DIRECTION('',(0.,0.0801442596674017,0.99678327516184));
#16888=DIRECTION('',(0.,-0.99678327516184,0.0801442596674017));
#16889=DIRECTION('',(0.,-0.0801442596674017,-0.99678327516184));
#16890=DIRECTION('',(0.,0.99678327516184,-0.0801442596674017));
#16891=DIRECTION('',(-0.104532155083817,0.0797051899287385,0.991322405301099));
#16892=DIRECTION('',(0.994486383305592,0.,0.104865787651465));
#16893=DIRECTION('',(0.669106713261936,0.0539223694492642,0.74120751773089));
#16894=DIRECTION('',(-0.74312780973361,0.0587019931321681,0.666569677080227));
#16895=DIRECTION('',(0.,-0.0244870029362543,0.999700148388106));
#16896=DIRECTION('',(0.,-0.999700148388105,-0.0244870029362543));
#16897=DIRECTION('',(0.,0.726536989180958,0.687127355991499));
#16898=DIRECTION('',(0.,-0.687127355991499,0.726536989180958));
#16899=DIRECTION('',(0.,0.0244870029362543,-0.999700148388106));
#16900=DIRECTION('',(0.,0.999700148388105,0.0244870029362543));
#16901=DIRECTION('',(0.,0.726536989180958,0.687127355991499));
#16902=DIRECTION('',(0.,0.687127355991499,-0.726536989180958));
#16903=DIRECTION('',(0.,-0.0801442596674017,-0.99678327516184));
#16904=DIRECTION('',(0.,0.99678327516184,-0.0801442596674017));
#16905=DIRECTION('',(0.,0.0801442596674017,0.99678327516184));
#16906=DIRECTION('',(0.,-0.99678327516184,0.0801442596674017));
#16907=DIRECTION('',(0.,-0.0801442596674017,-0.99678327516184));
#16908=DIRECTION('',(0.,0.99678327516184,-0.0801442596674017));
#16909=DIRECTION('',(0.,0.0801442596674017,0.99678327516184));
#16910=DIRECTION('',(0.,-0.99678327516184,0.0801442596674017));
#16911=DIRECTION('',(0.,-0.0244870029362543,0.999700148388106));
#16912=DIRECTION('',(0.,-0.999700148388105,-0.0244870029362543));
#16913=DIRECTION('',(0.,0.726536989180958,0.687127355991499));
#16914=DIRECTION('',(0.,-0.687127355991499,0.726536989180958));
#16915=DIRECTION('',(0.,0.0244870029362543,-0.999700148388106));
#16916=DIRECTION('',(0.,0.999700148388105,0.0244870029362543));
#16917=DIRECTION('',(0.,0.726536989180958,0.687127355991499));
#16918=DIRECTION('',(0.,0.687127355991499,-0.726536989180958));
#16919=DIRECTION('',(0.,0.0801442596674017,0.99678327516184));
#16920=DIRECTION('',(0.,-0.99678327516184,0.0801442596674017));
#16921=DIRECTION('',(0.,-0.0801442596674017,-0.99678327516184));
#16922=DIRECTION('',(0.,0.99678327516184,-0.0801442596674017));
#16923=DIRECTION('',(-0.104532155083817,0.0797051899287385,0.991322405301099));
#16924=DIRECTION('',(0.994486383305592,0.,0.104865787651465));
#16925=DIRECTION('',(0.669106713261941,0.0539223694492637,0.741207517730885));
#16926=DIRECTION('',(-0.743127809733605,0.0587019931321685,0.666569677080233));
#16927=DIRECTION('',(0.104532155083817,-0.0797051899287385,-0.991322405301099));
#16928=DIRECTION('',(-0.994486383305592,0.,-0.104865787651465));
#16929=DIRECTION('',(0.669106713261941,0.0539223694492637,0.741207517730885));
#16930=DIRECTION('',(0.743127809733605,-0.0587019931321685,-0.666569677080233));
#16931=DIRECTION('',(0.,-0.607419405453863,0.794381310126362));
#16932=DIRECTION('',(1.,0.,0.));
#16933=DIRECTION('',(-0.669106713261939,0.0539223694492639,0.741207517730887));
#16934=DIRECTION('',(0.00845068465049074,-0.996747682350549,0.0801413979023806));
#16935=DIRECTION('',(0.,-0.607419405453863,0.794381310126362));
#16936=DIRECTION('',(1.,0.,0.));
#16937=DIRECTION('',(-0.669106713261939,0.0539223694492639,0.741207517730887));
#16938=DIRECTION('',(0.00845068465049074,-0.996747682350549,0.0801413979023806));
#16939=DIRECTION('',(-0.669106713261939,0.0539223694492639,0.741207517730887));
#16940=DIRECTION('',(0.00845068465049074,-0.996747682350549,0.0801413979023806));
#16941=DIRECTION('',(0.,0.726536989180958,0.687127355991499));
#16942=DIRECTION('',(-1.,0.,0.));
#16943=DIRECTION('',(0.,0.726536989180958,0.687127355991499));
#16944=DIRECTION('',(-1.,0.,0.));
#16945=DIRECTION('',(0.,0.726536989180958,0.687127355991499));
#16946=DIRECTION('',(-1.,0.,0.));
#16947=DIRECTION('',(0.,-0.607419405453863,0.794381310126362));
#16948=DIRECTION('',(1.,0.,0.));
#16949=DIRECTION('',(0.669106713261939,0.0539223694492639,0.741207517730886));
#16950=DIRECTION('',(0.00845068465049074,0.996747682350549,-0.0801413979023806));
#16951=DIRECTION('',(0.669106713261941,0.0539223694492637,0.741207517730885));
#16952=DIRECTION('',(0.00845068465049074,0.996747682350549,-0.0801413979023806));
#16953=DIRECTION('',(0.,0.726536989180958,0.687127355991499));
#16954=DIRECTION('',(-1.,0.,0.));
#16955=DIRECTION('',(0.,0.726536989180958,0.687127355991499));
#16956=DIRECTION('',(-1.,0.,0.));
#16957=DIRECTION('',(0.669106713261936,0.0539223694492642,0.74120751773089));
#16958=DIRECTION('',(0.00845068465049074,0.996747682350549,-0.0801413979023806));
#16959=DIRECTION('',(0.,-0.607419405453863,0.794381310126362));
#16960=DIRECTION('',(1.,0.,0.));
#16961=DIRECTION('',(0.,-0.607419405453863,0.794381310126362));
#16962=DIRECTION('',(1.,0.,0.));
#16963=CARTESIAN_POINT('',(0.,0.,0.));
#16964=CARTESIAN_POINT('',(-0.409952,-0.00294883630734776,0.000551692334972798));
#16965=CARTESIAN_POINT('',(-0.0437342664897625,-0.00966359603535754,-0.0353391947154231));
#16966=CARTESIAN_POINT('',(-0.0437342664897625,-0.0105881480530021,-0.040280993585616));
#16967=CARTESIAN_POINT('',(-0.0437342664897625,-0.00874410881040316,-0.0304244675365102));
#16968=CARTESIAN_POINT('',(-0.0257342664897625,-0.00874410881040316,-0.0304244675365102));
#16969=CARTESIAN_POINT('',(-0.0257342664897625,-0.00874410881040316,-0.0304244675365102));
#16970=CARTESIAN_POINT('',(-0.0257342664897625,-0.00294883630734776,0.000551692334972798));
#16971=CARTESIAN_POINT('',(-0.0257342664897625,-0.0105881480530021,-0.040280993585616));
#16972=CARTESIAN_POINT('',(-0.409952,-0.0105881480530021,-0.040280993585616));
#16973=CARTESIAN_POINT('',(-0.382301739512646,-0.00966359603535754,-0.0353391947154231));
#16974=CARTESIAN_POINT('',(-0.382301739512646,-0.0105881480530021,-0.040280993585616));
#16975=CARTESIAN_POINT('',(-0.382301739512646,-0.00874410881040316,-0.0304244675365102));
#16976=CARTESIAN_POINT('',(-0.364301739512646,-0.00874410881040316,-0.0304244675365102));
#16977=CARTESIAN_POINT('',(-0.364301739512646,-0.00874410881040316,-0.0304244675365102));
#16978=CARTESIAN_POINT('',(-0.364301739512646,-0.00294883630734776,0.000551692334972798));
#16979=CARTESIAN_POINT('',(-0.364301739512646,-0.0105881480530021,-0.040280993585616));
#16980=CARTESIAN_POINT('',(-0.409952,-0.0105881480530021,-0.040280993585616));
#16981=CARTESIAN_POINT('',(-0.409952,-0.00665085234031258,-0.0192358569862114));
#16982=CARTESIAN_POINT('',(-0.0765,-0.00665085234031258,-0.0192358569862114));
#16983=CARTESIAN_POINT('',(-0.0635,-0.00665085234031258,-0.0192358569862114));
#16984=CARTESIAN_POINT('',(-0.0635,-0.00804847292224325,-0.0267062422981591));
#16985=CARTESIAN_POINT('',(-0.0635,-0.00852660627921953,-0.0292619004311938));
#16986=CARTESIAN_POINT('',(-0.0645,-0.00852660627921953,-0.0292619004311938));
#16987=CARTESIAN_POINT('',(-0.0655,-0.00852660627921953,-0.0292619004311938));
#16988=CARTESIAN_POINT('',(-0.0655,-0.00823237036723412,-0.0276891877339417));
#16989=CARTESIAN_POINT('',(-0.0655,-0.00834270883422865,-0.0282789549954113));
#16990=CARTESIAN_POINT('',(-0.0665,-0.00834270883422865,-0.0282789549954112));
#16991=CARTESIAN_POINT('',(-0.0665,-0.00852660627921953,-0.0292619004311938));
#16992=CARTESIAN_POINT('',(-0.409952,-0.00852660627921953,-0.0292619004311938));
#16993=CARTESIAN_POINT('',(-0.0735,-0.00852660627921953,-0.0292619004311938));
#16994=CARTESIAN_POINT('',(-0.0735,-0.00834270883422865,-0.0282789549954112));
#16995=CARTESIAN_POINT('',(-0.0745,-0.00834270883422865,-0.0282789549954112));
#16996=CARTESIAN_POINT('',(-0.0745,-0.00823237036723412,-0.0276891877339417));
#16997=CARTESIAN_POINT('',(-0.0745,-0.00852660627921953,-0.0292619004311938));
#16998=CARTESIAN_POINT('',(-0.0755,-0.00852660627921953,-0.0292619004311938));
#16999=CARTESIAN_POINT('',(-0.0765,-0.00852660627921953,-0.0292619004311938));
#17000=CARTESIAN_POINT('',(-0.0765,-0.00804847292224325,-0.0267062422981591));
#17001=CARTESIAN_POINT('',(-0.409952,-0.00361331586238549,-0.003));
#17002=CARTESIAN_POINT('',(-0.40168626230702,-0.00361331586238549,-0.003));
#17003=CARTESIAN_POINT('',(-0.00826373769297639,-0.00361331586238551,-0.003));
#17004=CARTESIAN_POINT('',(-0.402144653205065,-0.00280002238673979,0.00134711373982036));
#17005=CARTESIAN_POINT('',(-0.397338207538123,-0.0113277896671177,-0.0442344326817702));
#17006=CARTESIAN_POINT('',(-0.409952,-0.0113277896671177,-0.0442344326817702));
#17007=CARTESIAN_POINT('',(-0.0126117924618735,-0.0113277896671177,-0.0442344326817702));
#17008=CARTESIAN_POINT('',(-0.0101583949416344,-0.00697488430864165,-0.0209678318069191));
#17009=CARTESIAN_POINT('',(-0.275,-0.00966359603535754,-0.0353391947154231));
#17010=CARTESIAN_POINT('',(-0.275,-0.0105881480530021,-0.040280993585616));
#17011=CARTESIAN_POINT('',(-0.275,-0.00874410881040316,-0.0304244675365102));
#17012=CARTESIAN_POINT('',(-0.257,-0.00874410881040316,-0.0304244675365102));
#17013=CARTESIAN_POINT('',(-0.257,-0.00874410881040316,-0.0304244675365102));
#17014=CARTESIAN_POINT('',(-0.257,-0.00294883630734776,0.000551692334972798));
#17015=CARTESIAN_POINT('',(-0.257,-0.0105881480530021,-0.040280993585616));
#17016=CARTESIAN_POINT('',(-0.409952,-0.0105881480530021,-0.040280993585616));
#17017=CARTESIAN_POINT('',(-0.251,-0.00966359603535754,-0.0353391947154231));
#17018=CARTESIAN_POINT('',(-0.251,-0.0105881480530021,-0.040280993585616));
#17019=CARTESIAN_POINT('',(-0.251,-0.00874410881040316,-0.0304244675365102));
#17020=CARTESIAN_POINT('',(-0.233,-0.00874410881040316,-0.0304244675365102));
#17021=CARTESIAN_POINT('',(-0.233,-0.00874410881040316,-0.0304244675365102));
#17022=CARTESIAN_POINT('',(-0.233,-0.00294883630734776,0.000551692334972798));
#17023=CARTESIAN_POINT('',(-0.233,-0.0105881480530021,-0.040280993585616));
#17024=CARTESIAN_POINT('',(-0.409952,-0.0105881480530021,-0.040280993585616));
#17025=CARTESIAN_POINT('',(-0.147367133244881,-0.00966359603535754,-0.0353391947154231));
#17026=CARTESIAN_POINT('',(-0.147367133244881,-0.0105881480530021,-0.040280993585616));
#17027=CARTESIAN_POINT('',(-0.147367133244881,-0.00874410881040316,-0.0304244675365102));
#17028=CARTESIAN_POINT('',(-0.129367133244881,-0.00874410881040316,-0.0304244675365102));
#17029=CARTESIAN_POINT('',(-0.129367133244881,-0.00874410881040316,-0.0304244675365102));
#17030=CARTESIAN_POINT('',(-0.129367133244881,-0.00294883630734776,0.000551692334972798));
#17031=CARTESIAN_POINT('',(-0.129367133244881,-0.0105881480530021,-0.040280993585616));
#17032=CARTESIAN_POINT('',(-0.409952,-0.0105881480530021,-0.040280993585616));
#17033=CARTESIAN_POINT('',(-0.00298345914991678,-0.124775,0.000314597362954395));
#17034=CARTESIAN_POINT('',(-0.00581659787076405,-0.118893376498011,-0.0265532490815201));
#17035=CARTESIAN_POINT('',(-0.00634251029201968,-0.119294381809616,-0.031540697833522));
#17036=CARTESIAN_POINT('',(-0.00529430937053723,-0.118495134406142,-0.021600167497286));
#17037=CARTESIAN_POINT('',(-0.00514222894040564,-0.136432830880916,-0.0201579247952544));
#17038=CARTESIAN_POINT('',(-0.00514219161505732,-0.136437233359055,-0.0201575708232729));
#17039=CARTESIAN_POINT('',(-0.00290000652444093,-0.134727579632318,0.00110601372042906));
#17040=CARTESIAN_POINT('',(-0.00619039253653977,-0.137236480762529,-0.0300981011595088));
#17041=CARTESIAN_POINT('',(-0.00627453207498609,-0.127312327465014,-0.0308960318016797));
#17042=CARTESIAN_POINT('',(-0.00669493400393812,-0.127636445886259,-0.0348828801649205));
#17043=CARTESIAN_POINT('',(-0.00573440932045466,-0.240929130644889,-0.0257738204806691));
#17044=CARTESIAN_POINT('',(-0.00763936054534547,-0.0162425168460307,-0.0438392743950732));
#17045=CARTESIAN_POINT('',(-0.0032816252655099,-0.241498888352347,-0.00251303735530096));
#17046=CARTESIAN_POINT('',(-0.00333297410461965,-0.241486960520056,-0.003));
#17047=CARTESIAN_POINT('',(-0.00333297410461965,-0.124775,-0.003));
#17048=CARTESIAN_POINT('',(-0.00333297410461965,-0.00860197247486129,-0.003));
#17049=CARTESIAN_POINT('',(-0.00518596302510633,-0.0118896114875546,-0.0205726735202221));
#17050=CARTESIAN_POINT('',(-0.00510936288082618,-0.202310858779386,-0.0198462421248937));
#17051=CARTESIAN_POINT('',(-0.0056352753020818,-0.20271186409099,-0.0248336908768956));
#17052=CARTESIAN_POINT('',(-0.00458707438059936,-0.201912616687516,-0.0148931605406597));
#17053=CARTESIAN_POINT('',(-0.00443499395046776,-0.21985031316229,-0.013450917838628));
#17054=CARTESIAN_POINT('',(-0.00443495662511944,-0.219854715640429,-0.0134505638666464));
#17055=CARTESIAN_POINT('',(-0.00220049947104405,-0.21815095442255,0.00773973340354916));
#17056=CARTESIAN_POINT('',(-0.00548315754660189,-0.220653963043903,-0.0233910942028824));
#17057=CARTESIAN_POINT('',(-0.00627453207498609,-0.127312327465014,-0.0308960318016797));
#17058=CARTESIAN_POINT('',(-0.00652383286070193,-0.0354758942166372,-0.0332602560381466));
#17059=CARTESIAN_POINT('',(-0.00704974528195755,-0.0358768995282415,-0.0382477047901484));
#17060=CARTESIAN_POINT('',(-0.00600154436047511,-0.035077652124768,-0.0283071744539125));
#17061=CARTESIAN_POINT('',(-0.00584946393034352,-0.0530153485995424,-0.0268649317518809));
#17062=CARTESIAN_POINT('',(-0.0058494266049952,-0.0530197510776811,-0.0268645777798992));
#17063=CARTESIAN_POINT('',(-0.00359951357783781,-0.0513042048420857,-0.00552770596269105));
#17064=CARTESIAN_POINT('',(-0.00689762752647764,-0.0538189984811547,-0.0368051081161352));
#17065=CARTESIAN_POINT('',(-0.00627453207498609,-0.127312327465014,-0.0308960318016797));
#17066=CARTESIAN_POINT('',(-0.409952,-0.246550899554835,7.34610088087422E-5));
#17067=CARTESIAN_POINT('',(-0.129367133244881,-0.246550899554835,7.34610088087422E-5));
#17068=CARTESIAN_POINT('',(-0.129367133244881,-0.246026118923606,-0.0213510994519526));
#17069=CARTESIAN_POINT('',(-0.129367133244881,-0.246271663359258,-0.0113265648285865));
#17070=CARTESIAN_POINT('',(-0.147367133244881,-0.246271663359258,-0.0113265648285865));
#17071=CARTESIAN_POINT('',(-0.147367133244881,-0.246271663359258,-0.0113265648285865));
#17072=CARTESIAN_POINT('',(-0.147367133244881,-0.246026118923606,-0.0213510994519526));
#17073=CARTESIAN_POINT('',(-0.147367133244881,-0.246026118923606,-0.0213510994519526));
#17074=CARTESIAN_POINT('',(-0.409952,-0.246026118923606,-0.0213510994519526));
#17075=CARTESIAN_POINT('',(-0.36622312975649,-0.246550899554835,7.34610088087422E-5));
#17076=CARTESIAN_POINT('',(-0.36622312975649,-0.246026118923606,-0.0213510994519526));
#17077=CARTESIAN_POINT('',(-0.36622312975649,-0.246271663359258,-0.0113265648285865));
#17078=CARTESIAN_POINT('',(-0.38422312975649,-0.246271663359258,-0.0113265648285865));
#17079=CARTESIAN_POINT('',(-0.38422312975649,-0.246271663359258,-0.0113265648285865));
#17080=CARTESIAN_POINT('',(-0.38422312975649,-0.246026118923606,-0.0213510994519526));
#17081=CARTESIAN_POINT('',(-0.38422312975649,-0.246026118923606,-0.0213510994519526));
#17082=CARTESIAN_POINT('',(-0.409952,-0.246026118923606,-0.0213510994519526));
#17083=CARTESIAN_POINT('',(-0.409952,-0.24592763138683,-0.0253719265570931));
#17084=CARTESIAN_POINT('',(-0.399243158763014,-0.24592763138683,-0.0253719265570931));
#17085=CARTESIAN_POINT('',(-0.0107068412369826,-0.24592763138683,-0.0253719265570931));
#17086=CARTESIAN_POINT('',(-0.402014508114332,-0.246571388691835,0.000909945300193793));
#17087=CARTESIAN_POINT('',(-0.401602215396743,-0.246475617132532,-0.003));
#17088=CARTESIAN_POINT('',(-0.409952,-0.246475617132532,-0.003));
#17089=CARTESIAN_POINT('',(-0.00834778460325355,-0.246475617132532,-0.003));
#17090=CARTESIAN_POINT('',(-0.00825405718203786,-0.246497389094287,-0.0021111434317249));
#17091=CARTESIAN_POINT('',(-0.257,-0.246550899554835,7.34610088087422E-5));
#17092=CARTESIAN_POINT('',(-0.257,-0.246026118923606,-0.0213510994519526));
#17093=CARTESIAN_POINT('',(-0.257,-0.246271663359258,-0.0113265648285865));
#17094=CARTESIAN_POINT('',(-0.275,-0.246271663359258,-0.0113265648285865));
#17095=CARTESIAN_POINT('',(-0.275,-0.246271663359258,-0.0113265648285865));
#17096=CARTESIAN_POINT('',(-0.275,-0.246026118923606,-0.0213510994519526));
#17097=CARTESIAN_POINT('',(-0.275,-0.246026118923606,-0.0213510994519526));
#17098=CARTESIAN_POINT('',(-0.409952,-0.246026118923606,-0.0213510994519526));
#17099=CARTESIAN_POINT('',(-0.233,-0.246550899554835,7.34610088087422E-5));
#17100=CARTESIAN_POINT('',(-0.233,-0.246026118923606,-0.0213510994519526));
#17101=CARTESIAN_POINT('',(-0.233,-0.246271663359258,-0.0113265648285865));
#17102=CARTESIAN_POINT('',(-0.251,-0.246271663359258,-0.0113265648285865));
#17103=CARTESIAN_POINT('',(-0.251,-0.246271663359258,-0.0113265648285865));
#17104=CARTESIAN_POINT('',(-0.251,-0.246026118923606,-0.0213510994519526));
#17105=CARTESIAN_POINT('',(-0.251,-0.246026118923606,-0.0213510994519526));
#17106=CARTESIAN_POINT('',(-0.409952,-0.246026118923606,-0.0213510994519526));
#17107=CARTESIAN_POINT('',(-0.0257342664897625,-0.246550899554835,7.34610088087422E-5));
#17108=CARTESIAN_POINT('',(-0.0257342664897625,-0.246026118923606,-0.0213510994519526));
#17109=CARTESIAN_POINT('',(-0.0257342664897625,-0.246271663359258,-0.0113265648285865));
#17110=CARTESIAN_POINT('',(-0.0437342664897625,-0.246271663359258,-0.0113265648285865));
#17111=CARTESIAN_POINT('',(-0.0437342664897625,-0.246271663359258,-0.0113265648285865));
#17112=CARTESIAN_POINT('',(-0.0437342664897625,-0.246026118923606,-0.0213510994519526));
#17113=CARTESIAN_POINT('',(-0.0437342664897625,-0.246026118923606,-0.0213510994519526));
#17114=CARTESIAN_POINT('',(-0.409952,-0.246026118923606,-0.0213510994519526));
#17115=CARTESIAN_POINT('',(-0.406966540850079,-0.124775,0.000314597362954395));
#17116=CARTESIAN_POINT('',(-0.407749500528952,-0.21815095442255,0.00773973340354916));
#17117=CARTESIAN_POINT('',(-0.404466842453394,-0.220653963043903,-0.0233910942028824));
#17118=CARTESIAN_POINT('',(-0.405515043374877,-0.219854715640429,-0.0134505638666464));
#17119=CARTESIAN_POINT('',(-0.405362888294049,-0.201908214209377,-0.0148935145126412));
#17120=CARTESIAN_POINT('',(-0.405362925619397,-0.201912616687516,-0.0148931605406597));
#17121=CARTESIAN_POINT('',(-0.404315097177034,-0.202711580077722,-0.0248301585007029));
#17122=CARTESIAN_POINT('',(-0.404314724697915,-0.20271186409099,-0.0248336908768956));
#17123=CARTESIAN_POINT('',(-0.403675467925011,-0.127312327465014,-0.0308960318016797));
#17124=CARTESIAN_POINT('',(-0.406617025895377,-0.124775,-0.003));
#17125=CARTESIAN_POINT('',(-0.406617025895377,-0.00860197247486127,-0.003));
#17126=CARTESIAN_POINT('',(-0.406617025895377,-0.241486960520056,-0.003));
#17127=CARTESIAN_POINT('',(-0.406986940030861,-0.241572887949894,0.000508051376617736));
#17128=CARTESIAN_POINT('',(-0.404215590679542,-0.240929130644889,-0.0257738204806691));
#17129=CARTESIAN_POINT('',(-0.403255066138887,-0.12763646273266,-0.0348828788104211));
#17130=CARTESIAN_POINT('',(-0.402310639454651,-0.0162425168460307,-0.0438392743950732));
#17131=CARTESIAN_POINT('',(-0.407117085121593,-0.00771474956565276,0.00174227202651742));
#17132=CARTESIAN_POINT('',(-0.406350623825139,-0.0513205915535826,-0.00552640291242639));
#17133=CARTESIAN_POINT('',(-0.403052511394484,-0.0538353840351962,-0.0368037906701761));
#17134=CARTESIAN_POINT('',(-0.404100712315966,-0.0530361366317226,-0.0268632603339403));
#17135=CARTESIAN_POINT('',(-0.403948557235138,-0.0350896352006707,-0.0283062109799351));
#17136=CARTESIAN_POINT('',(-0.403948594560486,-0.0350940376788095,-0.0283058570079535));
#17137=CARTESIAN_POINT('',(-0.402900766118123,-0.0358930010690156,-0.0382428549679967));
#17138=CARTESIAN_POINT('',(-0.402900393639004,-0.035893285082283,-0.0382463873441894));
#17139=CARTESIAN_POINT('',(-0.403675467925011,-0.127312327465014,-0.0308960318016797));
#17140=CARTESIAN_POINT('',(-0.407049993475555,-0.134727579632318,0.00110601372042906));
#17141=CARTESIAN_POINT('',(-0.403759607463457,-0.137236480762529,-0.0300981011595088));
#17142=CARTESIAN_POINT('',(-0.404807808384939,-0.136437233359055,-0.0201575708232729));
#17143=CARTESIAN_POINT('',(-0.404655653304111,-0.118490731928003,-0.0216005214692677));
#17144=CARTESIAN_POINT('',(-0.404655690629459,-0.118495134406142,-0.021600167497286));
#17145=CARTESIAN_POINT('',(-0.403607862187095,-0.119294097796348,-0.0315371654573293));
#17146=CARTESIAN_POINT('',(-0.403607489707977,-0.119294381809616,-0.031540697833522));
#17147=CARTESIAN_POINT('',(-0.403675467925011,-0.127312327465014,-0.0308960318016797));
#17148=CARTESIAN_POINT('',(-0.409952,-0.00294883630734776,0.000551692334972798));
#17149=CARTESIAN_POINT('',(-0.07,-0.00793813445524872,-0.0261164750366896));
#17150=CARTESIAN_POINT('',(-0.0745,-0.00793813445524872,-0.0261164750366896));
#17151=CARTESIAN_POINT('',(-0.0735,-0.00793813445524872,-0.0261164750366896));
#17152=CARTESIAN_POINT('',(-0.0745,-0.00823237036723412,-0.0276891877339417));
#17153=CARTESIAN_POINT('',(-0.0745,-0.0081220319002396,-0.0270994204724722));
#17154=CARTESIAN_POINT('',(-0.0735,-0.0081220319002396,-0.0270994204724722));
#17155=CARTESIAN_POINT('',(-0.409952,-0.00294883630734776,0.000551692334972798));
#17156=CARTESIAN_POINT('',(-0.0665,-0.0081220319002396,-0.0270994204724722));
#17157=CARTESIAN_POINT('',(-0.0665,-0.00793813445524872,-0.0261164750366896));
#17158=CARTESIAN_POINT('',(-0.0655,-0.0081220319002396,-0.0270994204724722));
#17159=CARTESIAN_POINT('',(-0.0655,-0.00823237036723412,-0.0276891877339417));
#17160=CARTESIAN_POINT('',(-0.0655,-0.00793813445524872,-0.0261164750366896));
#17161=CARTESIAN_POINT('',(-0.07,-0.00793813445524872,-0.0261164750366896));
#17162=CARTESIAN_POINT('',(-0.204975,-0.00632296403812203,-0.0218335205368877));
#17163=CARTESIAN_POINT('',(-0.0755,-0.00632296403812203,-0.0218335205368877));
#17164=CARTESIAN_POINT('',(-0.0755,-0.00774024993059345,-0.0294090183871865));
#17165=CARTESIAN_POINT('',(-0.0755,-0.00715177810662265,-0.0262635929926823));
#17166=CARTESIAN_POINT('',(-0.0745,-0.00715177810662265,-0.0262635929926823));
#17167=CARTESIAN_POINT('',(-0.0745,-0.00696788066163177,-0.0252806475568997));
#17168=CARTESIAN_POINT('',(-0.204975,-0.00696788066163177,-0.0252806475568997));
#17169=CARTESIAN_POINT('',(-0.0655,-0.00696788066163177,-0.0252806475568997));
#17170=CARTESIAN_POINT('',(-0.0655,-0.00715177810662265,-0.0262635929926823));
#17171=CARTESIAN_POINT('',(-0.0645,-0.00715177810662265,-0.0262635929926823));
#17172=CARTESIAN_POINT('',(-0.0645,-0.00774024993059346,-0.0294090183871865));
#17173=CARTESIAN_POINT('',(-0.0645,-0.00774024993059346,-0.0294090183871865));
#17174=CARTESIAN_POINT('',(-0.0655,-0.00774024993059346,-0.0294090183871865));
#17175=CARTESIAN_POINT('',(-0.0655,-0.00792414737558433,-0.0303919638229692));
#17176=CARTESIAN_POINT('',(-0.0745,-0.00792414737558433,-0.0303919638229692));
#17177=CARTESIAN_POINT('',(-0.0745,-0.00792414737558433,-0.0303919638229692));
#17178=CARTESIAN_POINT('',(-0.0745,-0.00774024993059345,-0.0294090183871865));
#17179=CARTESIAN_POINT('',(-0.0745,-0.00632296403812203,-0.0218335205368877));
#17180=CARTESIAN_POINT('',(-0.0745,-0.00755635248560258,-0.0284260729514039));
#17181=CARTESIAN_POINT('',(-0.0745,-0.00733567555161353,-0.0272465384284648));
#17182=CARTESIAN_POINT('',(-0.0735,-0.00755635248560258,-0.0284260729514039));
#17183=CARTESIAN_POINT('',(-0.0735,-0.00774024993059346,-0.0294090183871865));
#17184=CARTESIAN_POINT('',(-0.204975,-0.00774024993059346,-0.0294090183871865));
#17185=CARTESIAN_POINT('',(-0.0665,-0.00774024993059346,-0.0294090183871865));
#17186=CARTESIAN_POINT('',(-0.0665,-0.00755635248560258,-0.0284260729514039));
#17187=CARTESIAN_POINT('',(-0.0655,-0.00755635248560258,-0.0284260729514039));
#17188=CARTESIAN_POINT('',(-0.0655,-0.00632296403812203,-0.0218335205368877));
#17189=CARTESIAN_POINT('',(-0.0655,-0.00733567555161353,-0.0272465384284648));
#17190=CARTESIAN_POINT('',(-0.0665,-0.00733567555161353,-0.0272465384284648));
#17191=CARTESIAN_POINT('',(-0.0665,-0.00715177810662265,-0.0262635929926823));
#17192=CARTESIAN_POINT('',(-0.204975,-0.00715177810662265,-0.0262635929926823));
#17193=CARTESIAN_POINT('',(-0.0735,-0.00715177810662265,-0.0262635929926823));
#17194=CARTESIAN_POINT('',(-0.0735,-0.00733567555161353,-0.0272465384284648));
#17195=CARTESIAN_POINT('',(-0.409952,-0.124775,-0.003));
#17196=CARTESIAN_POINT('',(-0.409952,-0.0581,-0.003));
#17197=CARTESIAN_POINT('',(-0.193361662364308,-0.0581,-0.003));
#17198=CARTESIAN_POINT('',(-0.230688337635692,-0.0581,-0.003));
#17199=CARTESIAN_POINT('',(-0.234885,-0.054545,-0.003));
#17200=CARTESIAN_POINT('',(-0.23164586817187,-0.0501,-0.003));
#17201=CARTESIAN_POINT('',(-0.409952,-0.0501,-0.003));
#17202=CARTESIAN_POINT('',(-0.19240413182813,-0.0501,-0.003));
#17203=CARTESIAN_POINT('',(-0.189165,-0.054545,-0.003));
#17204=CARTESIAN_POINT('',(-0.409952,-0.124775,-0.003));
#17205=CARTESIAN_POINT('',(-0.219645,-0.227265,-0.003));
#17206=CARTESIAN_POINT('',(-0.214145,-0.227265,-0.003));
#17207=CARTESIAN_POINT('',(-0.171385,-0.227265,-0.003));
#17208=CARTESIAN_POINT('',(-0.165885,-0.227265,-0.003));
#17209=CARTESIAN_POINT('',(-0.062165,-0.219645,-0.003));
#17210=CARTESIAN_POINT('',(-0.056665,-0.219645,-0.003));
#17211=CARTESIAN_POINT('',(-0.102805,-0.219645,-0.003));
#17212=CARTESIAN_POINT('',(-0.097305,-0.219645,-0.003));
#17213=CARTESIAN_POINT('',(-0.102805,-0.168845,-0.003));
#17214=CARTESIAN_POINT('',(-0.097305,-0.168845,-0.003));
#17215=CARTESIAN_POINT('',(-0.046925,-0.173925,-0.003));
#17216=CARTESIAN_POINT('',(-0.041425,-0.173925,-0.003));
#17217=CARTESIAN_POINT('',(-0.119315,-0.138365,-0.003));
#17218=CARTESIAN_POINT('',(-0.113815,-0.138365,-0.003));
#17219=CARTESIAN_POINT('',(-0.196785,-0.0164449999999997,-0.003));
#17220=CARTESIAN_POINT('',(-0.191285,-0.0164449999999997,-0.003));
#17221=CARTESIAN_POINT('',(-0.289364999999996,-0.228025,-0.003));
#17222=CARTESIAN_POINT('',(-0.283864999999996,-0.228025,-0.003));
#17223=CARTESIAN_POINT('',(-0.331274999999996,-0.228025,-0.003));
#17224=CARTESIAN_POINT('',(-0.325774999999996,-0.228025,-0.003));
#17225=CARTESIAN_POINT('',(-0.369375,-0.228025,-0.003));
#17226=CARTESIAN_POINT('',(-0.363875,-0.228025,-0.003));
#17227=CARTESIAN_POINT('',(-0.409952,-0.23755,-0.003));
#17228=CARTESIAN_POINT('',(-0.340799999999996,-0.23755,-0.003));
#17229=CARTESIAN_POINT('',(-0.35985,-0.23755,-0.003));
#17230=CARTESIAN_POINT('',(-0.340799999999996,-0.124775,-0.003));
#17231=CARTESIAN_POINT('',(-0.340799999999996,-0.2185,-0.003));
#17232=CARTESIAN_POINT('',(-0.409952,-0.2185,-0.003));
#17233=CARTESIAN_POINT('',(-0.35985,-0.2185,-0.003));
#17234=CARTESIAN_POINT('',(-0.35985,-0.124775,-0.003));
#17235=CARTESIAN_POINT('',(-0.409952,-0.105725,-0.003));
#17236=CARTESIAN_POINT('',(-0.0961999999999987,-0.105725,-0.003));
#17237=CARTESIAN_POINT('',(-0.115249999999998,-0.105725,-0.003));
#17238=CARTESIAN_POINT('',(-0.0961999999999987,-0.124775,-0.003));
#17239=CARTESIAN_POINT('',(-0.0961999999999987,-0.086675,-0.003));
#17240=CARTESIAN_POINT('',(-0.409952,-0.086675,-0.003));
#17241=CARTESIAN_POINT('',(-0.115249999999998,-0.086675,-0.003));
#17242=CARTESIAN_POINT('',(-0.115249999999998,-0.124775,-0.003));
#17243=CARTESIAN_POINT('',(-0.0501,-0.124775,-0.003));
#17244=CARTESIAN_POINT('',(-0.0501,-0.23755,-0.003));
#17245=CARTESIAN_POINT('',(-0.0501,-0.1804,-0.003));
#17246=CARTESIAN_POINT('',(-0.409952,-0.23755,-0.003));
#17247=CARTESIAN_POINT('',(-0.012,-0.23755,-0.003));
#17248=CARTESIAN_POINT('',(-0.012,-0.124775,-0.003));
#17249=CARTESIAN_POINT('',(-0.012,-0.1804,-0.003));
#17250=CARTESIAN_POINT('',(-0.409952,-0.1804,-0.003));
#17251=CARTESIAN_POINT('',(-0.409952,-0.23755,-0.003));
#17252=CARTESIAN_POINT('',(-0.264599999999996,-0.23755,-0.003));
#17253=CARTESIAN_POINT('',(-0.283649999999996,-0.23755,-0.003));
#17254=CARTESIAN_POINT('',(-0.264599999999996,-0.124775,-0.003));
#17255=CARTESIAN_POINT('',(-0.264599999999996,-0.2185,-0.003));
#17256=CARTESIAN_POINT('',(-0.409952,-0.2185,-0.003));
#17257=CARTESIAN_POINT('',(-0.283649999999996,-0.2185,-0.003));
#17258=CARTESIAN_POINT('',(-0.283649999999996,-0.124775,-0.003));
#17259=CARTESIAN_POINT('',(-0.409952,-0.0581,-0.003));
#17260=CARTESIAN_POINT('',(-0.0961999999999987,-0.0581,-0.003));
#17261=CARTESIAN_POINT('',(-0.115118337635692,-0.0581,-0.003));
#17262=CARTESIAN_POINT('',(-0.119315,-0.054545,-0.003));
#17263=CARTESIAN_POINT('',(-0.123511662364308,-0.0581,-0.003));
#17264=CARTESIAN_POINT('',(-0.409952,-0.0581,-0.003));
#17265=CARTESIAN_POINT('',(-0.180399999999998,-0.0581,-0.003));
#17266=CARTESIAN_POINT('',(-0.180399999999998,-0.124775,-0.003));
#17267=CARTESIAN_POINT('',(-0.180399999999998,-0.1343,-0.003));
#17268=CARTESIAN_POINT('',(-0.409952,-0.1343,-0.003));
#17269=CARTESIAN_POINT('',(-0.123249999999999,-0.1343,-0.003));
#17270=CARTESIAN_POINT('',(-0.123249999999999,-0.124775,-0.003));
#17271=CARTESIAN_POINT('',(-0.123249999999999,-0.058387626055188,-0.003));
#17272=CARTESIAN_POINT('',(-0.119315,-0.054545,-0.003));
#17273=CARTESIAN_POINT('',(-0.115249999999998,-0.0582498313051992,-0.003));
#17274=CARTESIAN_POINT('',(-0.115249999999998,-0.124775,-0.003));
#17275=CARTESIAN_POINT('',(-0.115249999999998,-0.07715,-0.003));
#17276=CARTESIAN_POINT('',(-0.409952,-0.07715,-0.003));
#17277=CARTESIAN_POINT('',(-0.0961999999999988,-0.07715,-0.003));
#17278=CARTESIAN_POINT('',(-0.0961999999999987,-0.124775,-0.003));
#17279=CARTESIAN_POINT('',(-0.395925,-0.0725,-0.003));
#17280=CARTESIAN_POINT('',(-0.395925,-0.0705,-0.003));
#17281=CARTESIAN_POINT('',(-0.395925,-0.0745,-0.003));
#17282=CARTESIAN_POINT('',(-0.388425,-0.0745,-0.003));
#17283=CARTESIAN_POINT('',(-0.380925,-0.0745,-0.003));
#17284=CARTESIAN_POINT('',(-0.380925,-0.0725,-0.003));
#17285=CARTESIAN_POINT('',(-0.380925,-0.0705,-0.003));
#17286=CARTESIAN_POINT('',(-0.375675,-0.0705,-0.003));
#17287=CARTESIAN_POINT('',(-0.370425,-0.0705,-0.003));
#17288=CARTESIAN_POINT('',(-0.370425,-0.058,-0.003));
#17289=CARTESIAN_POINT('',(-0.370425,-0.0455,-0.003));
#17290=CARTESIAN_POINT('',(-0.388425,-0.0455,-0.003));
#17291=CARTESIAN_POINT('',(-0.406425,-0.0455,-0.003));
#17292=CARTESIAN_POINT('',(-0.406425,-0.058,-0.003));
#17293=CARTESIAN_POINT('',(-0.406425,-0.0705,-0.003));
#17294=CARTESIAN_POINT('',(-0.401175,-0.0705,-0.003));
#17295=CARTESIAN_POINT('',(-0.357825,-0.0725,-0.003));
#17296=CARTESIAN_POINT('',(-0.357825,-0.0705,-0.003));
#17297=CARTESIAN_POINT('',(-0.357825,-0.0745,-0.003));
#17298=CARTESIAN_POINT('',(-0.350325,-0.0745,-0.003));
#17299=CARTESIAN_POINT('',(-0.342824999999996,-0.0745,-0.003));
#17300=CARTESIAN_POINT('',(-0.342824999999996,-0.0725,-0.003));
#17301=CARTESIAN_POINT('',(-0.342824999999996,-0.0705,-0.003));
#17302=CARTESIAN_POINT('',(-0.337574999999996,-0.0705,-0.003));
#17303=CARTESIAN_POINT('',(-0.332324999999996,-0.0705,-0.003));
#17304=CARTESIAN_POINT('',(-0.332324999999996,-0.058,-0.003));
#17305=CARTESIAN_POINT('',(-0.332324999999996,-0.0455,-0.003));
#17306=CARTESIAN_POINT('',(-0.350325,-0.0455,-0.003));
#17307=CARTESIAN_POINT('',(-0.368325,-0.0455,-0.003));
#17308=CARTESIAN_POINT('',(-0.368325,-0.058,-0.003));
#17309=CARTESIAN_POINT('',(-0.368325,-0.0705,-0.003));
#17310=CARTESIAN_POINT('',(-0.363075,-0.0705,-0.003));
#17311=CARTESIAN_POINT('',(-0.319724999999996,-0.0725,-0.003));
#17312=CARTESIAN_POINT('',(-0.319724999999996,-0.0705,-0.003));
#17313=CARTESIAN_POINT('',(-0.319724999999996,-0.0745,-0.003));
#17314=CARTESIAN_POINT('',(-0.312224999999996,-0.0745,-0.003));
#17315=CARTESIAN_POINT('',(-0.304724999999996,-0.0745,-0.003));
#17316=CARTESIAN_POINT('',(-0.304724999999996,-0.0725,-0.003));
#17317=CARTESIAN_POINT('',(-0.304724999999996,-0.0705,-0.003));
#17318=CARTESIAN_POINT('',(-0.299474999999996,-0.0705,-0.003));
#17319=CARTESIAN_POINT('',(-0.294224999999996,-0.0705,-0.003));
#17320=CARTESIAN_POINT('',(-0.294224999999996,-0.058,-0.003));
#17321=CARTESIAN_POINT('',(-0.294224999999996,-0.0455,-0.003));
#17322=CARTESIAN_POINT('',(-0.312224999999996,-0.0455,-0.003));
#17323=CARTESIAN_POINT('',(-0.330224999999996,-0.0455,-0.003));
#17324=CARTESIAN_POINT('',(-0.330224999999996,-0.058,-0.003));
#17325=CARTESIAN_POINT('',(-0.330224999999996,-0.0705,-0.003));
#17326=CARTESIAN_POINT('',(-0.324974999999996,-0.0705,-0.003));
#17327=CARTESIAN_POINT('',(-0.281624999999996,-0.0725,-0.003));
#17328=CARTESIAN_POINT('',(-0.281624999999996,-0.0705,-0.003));
#17329=CARTESIAN_POINT('',(-0.281624999999996,-0.0745,-0.003));
#17330=CARTESIAN_POINT('',(-0.274124999999996,-0.0745,-0.003));
#17331=CARTESIAN_POINT('',(-0.266624999999996,-0.0745,-0.003));
#17332=CARTESIAN_POINT('',(-0.266624999999996,-0.0725,-0.003));
#17333=CARTESIAN_POINT('',(-0.266624999999996,-0.0705,-0.003));
#17334=CARTESIAN_POINT('',(-0.261374999999996,-0.0705,-0.003));
#17335=CARTESIAN_POINT('',(-0.256124999999996,-0.0705,-0.003));
#17336=CARTESIAN_POINT('',(-0.256124999999996,-0.058,-0.003));
#17337=CARTESIAN_POINT('',(-0.256124999999996,-0.0455,-0.003));
#17338=CARTESIAN_POINT('',(-0.274124999999996,-0.0455,-0.003));
#17339=CARTESIAN_POINT('',(-0.292124999999996,-0.0455,-0.003));
#17340=CARTESIAN_POINT('',(-0.292124999999996,-0.058,-0.003));
#17341=CARTESIAN_POINT('',(-0.292124999999996,-0.0705,-0.003));
#17342=CARTESIAN_POINT('',(-0.286874999999996,-0.0705,-0.003));
#17343=CARTESIAN_POINT('',(-0.274124999999996,-0.081,-0.003));
#17344=CARTESIAN_POINT('',(-0.272624999999996,-0.081,-0.003));
#17345=CARTESIAN_POINT('',(-0.409952,-0.196,-0.003));
#17346=CARTESIAN_POINT('',(-0.273125,-0.196,-0.003));
#17347=CARTESIAN_POINT('',(-0.275125,-0.196,-0.003));
#17348=CARTESIAN_POINT('',(-0.273125,-0.124775,-0.003));
#17349=CARTESIAN_POINT('',(-0.273125,-0.086,-0.003));
#17350=CARTESIAN_POINT('',(-0.409952,-0.086,-0.003));
#17351=CARTESIAN_POINT('',(-0.275125,-0.086,-0.003));
#17352=CARTESIAN_POINT('',(-0.275125,-0.124775,-0.003));
#17353=CARTESIAN_POINT('',(-0.274124999999996,-0.201,-0.003));
#17354=CARTESIAN_POINT('',(-0.272624999999996,-0.201,-0.003));
#17355=CARTESIAN_POINT('',(-0.388425,-0.0245,-0.003));
#17356=CARTESIAN_POINT('',(-0.372925,-0.0245,-0.003));
#17357=CARTESIAN_POINT('',(-0.350325,-0.0245,-0.003));
#17358=CARTESIAN_POINT('',(-0.334825,-0.0245,-0.003));
#17359=CARTESIAN_POINT('',(-0.312224999999996,-0.0245,-0.003));
#17360=CARTESIAN_POINT('',(-0.296724999999996,-0.0245,-0.003));
#17361=CARTESIAN_POINT('',(-0.274124999999996,-0.0245,-0.003));
#17362=CARTESIAN_POINT('',(-0.258624999999996,-0.0245,-0.003));
#17363=CARTESIAN_POINT('',(-0.00836069503065225,-0.241474117424782,-0.003));
#17364=CARTESIAN_POINT('',(-0.401589304969344,-0.241474117424782,-0.003));
#17365=CARTESIAN_POINT('',(-0.401589304969344,-0.00870006820690312,-0.003));
#17366=CARTESIAN_POINT('',(-0.00836069503065225,-0.00870006820690315,-0.003));
#17367=CARTESIAN_POINT('',(-0.312224999999996,-0.201,-0.003));
#17368=CARTESIAN_POINT('',(-0.310724999999996,-0.201,-0.003));
#17369=CARTESIAN_POINT('',(-0.448052,-0.196,-0.003));
#17370=CARTESIAN_POINT('',(-0.311225,-0.196,-0.003));
#17371=CARTESIAN_POINT('',(-0.313225,-0.196,-0.003));
#17372=CARTESIAN_POINT('',(-0.311225,-0.124775,-0.003));
#17373=CARTESIAN_POINT('',(-0.311225,-0.086,-0.003));
#17374=CARTESIAN_POINT('',(-0.448052,-0.086,-0.003));
#17375=CARTESIAN_POINT('',(-0.313225,-0.086,-0.003));
#17376=CARTESIAN_POINT('',(-0.313225,-0.124775,-0.003));
#17377=CARTESIAN_POINT('',(-0.312224999999996,-0.081,-0.003));
#17378=CARTESIAN_POINT('',(-0.310724999999996,-0.081,-0.003));
#17379=CARTESIAN_POINT('',(-0.350325,-0.201,-0.003));
#17380=CARTESIAN_POINT('',(-0.348825,-0.201,-0.003));
#17381=CARTESIAN_POINT('',(-0.486152,-0.196,-0.003));
#17382=CARTESIAN_POINT('',(-0.349325,-0.196,-0.003));
#17383=CARTESIAN_POINT('',(-0.351325,-0.196,-0.003));
#17384=CARTESIAN_POINT('',(-0.349325,-0.124775,-0.003));
#17385=CARTESIAN_POINT('',(-0.349325,-0.086,-0.003));
#17386=CARTESIAN_POINT('',(-0.486152,-0.086,-0.003));
#17387=CARTESIAN_POINT('',(-0.351325,-0.086,-0.003));
#17388=CARTESIAN_POINT('',(-0.351325,-0.124775,-0.003));
#17389=CARTESIAN_POINT('',(-0.350325,-0.081,-0.003));
#17390=CARTESIAN_POINT('',(-0.348825,-0.081,-0.003));
#17391=CARTESIAN_POINT('',(-0.388425,-0.201,-0.003));
#17392=CARTESIAN_POINT('',(-0.386925,-0.201,-0.003));
#17393=CARTESIAN_POINT('',(-0.524252,-0.196,-0.003));
#17394=CARTESIAN_POINT('',(-0.387425,-0.196,-0.003));
#17395=CARTESIAN_POINT('',(-0.389425,-0.196,-0.003));
#17396=CARTESIAN_POINT('',(-0.387425,-0.124775,-0.003));
#17397=CARTESIAN_POINT('',(-0.387425,-0.086,-0.003));
#17398=CARTESIAN_POINT('',(-0.524252,-0.086,-0.003));
#17399=CARTESIAN_POINT('',(-0.389425,-0.086,-0.003));
#17400=CARTESIAN_POINT('',(-0.389425,-0.124775,-0.003));
#17401=CARTESIAN_POINT('',(-0.388425,-0.081,-0.003));
#17402=CARTESIAN_POINT('',(-0.386925,-0.081,-0.003));
#17403=CARTESIAN_POINT('',(-0.021525,-0.165725,-0.003));
#17404=CARTESIAN_POINT('',(-0.020025,-0.165725,-0.003));
#17405=CARTESIAN_POINT('',(-0.157352,-0.160725,-0.003));
#17406=CARTESIAN_POINT('',(-0.0205250000000005,-0.160725,-0.003));
#17407=CARTESIAN_POINT('',(-0.0225250000000005,-0.160725,-0.003));
#17408=CARTESIAN_POINT('',(-0.0205250000000005,-0.0895,-0.003));
#17409=CARTESIAN_POINT('',(-0.0205250000000005,-0.0507249999999993,-0.003));
#17410=CARTESIAN_POINT('',(-0.157352,-0.0507249999999993,-0.003));
#17411=CARTESIAN_POINT('',(-0.0225250000000005,-0.0507249999999993,-0.003));
#17412=CARTESIAN_POINT('',(-0.0225250000000005,-0.0895,-0.003));
#17413=CARTESIAN_POINT('',(-0.021525,-0.0457249999999992,-0.003));
#17414=CARTESIAN_POINT('',(-0.020025,-0.0457249999999992,-0.003));
#17415=CARTESIAN_POINT('',(-0.264124999999997,-0.042,-0.003));
#17416=CARTESIAN_POINT('',(-0.264124999999997,-0.04375,-0.003));
#17417=CARTESIAN_POINT('',(-0.264124999999997,-0.04025,-0.003));
#17418=CARTESIAN_POINT('',(-0.274124999999996,-0.04025,-0.003));
#17419=CARTESIAN_POINT('',(-0.284124999999996,-0.04025,-0.003));
#17420=CARTESIAN_POINT('',(-0.284124999999996,-0.042,-0.003));
#17421=CARTESIAN_POINT('',(-0.284124999999996,-0.04375,-0.003));
#17422=CARTESIAN_POINT('',(-0.274124999999996,-0.04375,-0.003));
#17423=CARTESIAN_POINT('',(-0.258774999999996,-0.07225,-0.003));
#17424=CARTESIAN_POINT('',(-0.257174999999996,-0.07225,-0.003));
#17425=CARTESIAN_POINT('',(-0.258774999999996,-0.04375,-0.003));
#17426=CARTESIAN_POINT('',(-0.257174999999996,-0.04375,-0.003));
#17427=CARTESIAN_POINT('',(-0.289474999999996,-0.04375,-0.003));
#17428=CARTESIAN_POINT('',(-0.287874999999996,-0.04375,-0.003));
#17429=CARTESIAN_POINT('',(-0.289474999999996,-0.07225,-0.003));
#17430=CARTESIAN_POINT('',(-0.287874999999996,-0.07225,-0.003));
#17431=CARTESIAN_POINT('',(-0.302224999999996,-0.042,-0.003));
#17432=CARTESIAN_POINT('',(-0.302224999999996,-0.04375,-0.003));
#17433=CARTESIAN_POINT('',(-0.302224999999996,-0.04025,-0.003));
#17434=CARTESIAN_POINT('',(-0.312224999999996,-0.04025,-0.003));
#17435=CARTESIAN_POINT('',(-0.322224999999996,-0.04025,-0.003));
#17436=CARTESIAN_POINT('',(-0.322224999999996,-0.042,-0.003));
#17437=CARTESIAN_POINT('',(-0.322224999999996,-0.04375,-0.003));
#17438=CARTESIAN_POINT('',(-0.312224999999996,-0.04375,-0.003));
#17439=CARTESIAN_POINT('',(-0.296874999999996,-0.07225,-0.003));
#17440=CARTESIAN_POINT('',(-0.295274999999996,-0.07225,-0.003));
#17441=CARTESIAN_POINT('',(-0.296874999999996,-0.04375,-0.003));
#17442=CARTESIAN_POINT('',(-0.295274999999996,-0.04375,-0.003));
#17443=CARTESIAN_POINT('',(-0.327574999999996,-0.04375,-0.003));
#17444=CARTESIAN_POINT('',(-0.325974999999996,-0.04375,-0.003));
#17445=CARTESIAN_POINT('',(-0.327574999999996,-0.07225,-0.003));
#17446=CARTESIAN_POINT('',(-0.325974999999996,-0.07225,-0.003));
#17447=CARTESIAN_POINT('',(-0.340324999999996,-0.042,-0.003));
#17448=CARTESIAN_POINT('',(-0.340324999999996,-0.04375,-0.003));
#17449=CARTESIAN_POINT('',(-0.340324999999996,-0.04025,-0.003));
#17450=CARTESIAN_POINT('',(-0.350325,-0.04025,-0.003));
#17451=CARTESIAN_POINT('',(-0.360325,-0.04025,-0.003));
#17452=CARTESIAN_POINT('',(-0.360325,-0.042,-0.003));
#17453=CARTESIAN_POINT('',(-0.360325,-0.04375,-0.003));
#17454=CARTESIAN_POINT('',(-0.350325,-0.04375,-0.003));
#17455=CARTESIAN_POINT('',(-0.334974999999996,-0.07225,-0.003));
#17456=CARTESIAN_POINT('',(-0.333374999999996,-0.07225,-0.003));
#17457=CARTESIAN_POINT('',(-0.334974999999996,-0.04375,-0.003));
#17458=CARTESIAN_POINT('',(-0.333374999999996,-0.04375,-0.003));
#17459=CARTESIAN_POINT('',(-0.365675,-0.04375,-0.003));
#17460=CARTESIAN_POINT('',(-0.364075,-0.04375,-0.003));
#17461=CARTESIAN_POINT('',(-0.365675,-0.07225,-0.003));
#17462=CARTESIAN_POINT('',(-0.364075,-0.07225,-0.003));
#17463=CARTESIAN_POINT('',(-0.378425,-0.042,-0.003));
#17464=CARTESIAN_POINT('',(-0.378425,-0.04375,-0.003));
#17465=CARTESIAN_POINT('',(-0.378425,-0.04025,-0.003));
#17466=CARTESIAN_POINT('',(-0.388425,-0.04025,-0.003));
#17467=CARTESIAN_POINT('',(-0.398425,-0.04025,-0.003));
#17468=CARTESIAN_POINT('',(-0.398425,-0.042,-0.003));
#17469=CARTESIAN_POINT('',(-0.398425,-0.04375,-0.003));
#17470=CARTESIAN_POINT('',(-0.388425,-0.04375,-0.003));
#17471=CARTESIAN_POINT('',(-0.373075,-0.07225,-0.003));
#17472=CARTESIAN_POINT('',(-0.371475,-0.07225,-0.003));
#17473=CARTESIAN_POINT('',(-0.373075,-0.04375,-0.003));
#17474=CARTESIAN_POINT('',(-0.371475,-0.04375,-0.003));
#17475=CARTESIAN_POINT('',(-0.403775,-0.04375,-0.003));
#17476=CARTESIAN_POINT('',(-0.402175,-0.04375,-0.003));
#17477=CARTESIAN_POINT('',(-0.403775,-0.07225,-0.003));
#17478=CARTESIAN_POINT('',(-0.402175,-0.07225,-0.003));
#17479=CARTESIAN_POINT('',(-0.409952,-0.1423,-0.003));
#17480=CARTESIAN_POINT('',(-0.123249999999998,-0.1423,-0.003));
#17481=CARTESIAN_POINT('',(-0.185322373944813,-0.1423,-0.003));
#17482=CARTESIAN_POINT('',(-0.189165,-0.138365,-0.003));
#17483=CARTESIAN_POINT('',(-0.1884,-0.132918462108825,-0.003));
#17484=CARTESIAN_POINT('',(-0.1884,-0.124775,-0.003));
#17485=CARTESIAN_POINT('',(-0.1884,-0.0599915378911739,-0.003));
#17486=CARTESIAN_POINT('',(-0.189165,-0.054545,-0.003));
#17487=CARTESIAN_POINT('',(-0.1884,-0.0490984621088254,-0.003));
#17488=CARTESIAN_POINT('',(-0.1884,-0.124775,-0.003));
#17489=CARTESIAN_POINT('',(-0.1884,-0.03105,-0.003));
#17490=CARTESIAN_POINT('',(-0.409952,-0.03105,-0.003));
#17491=CARTESIAN_POINT('',(-0.245549999999997,-0.03105,-0.003));
#17492=CARTESIAN_POINT('',(-0.245549999999997,-0.124775,-0.003));
#17493=CARTESIAN_POINT('',(-0.245549999999997,-0.0501,-0.003));
#17494=CARTESIAN_POINT('',(-0.409952,-0.0501,-0.003));
#17495=CARTESIAN_POINT('',(-0.23812413182813,-0.0501,-0.003));
#17496=CARTESIAN_POINT('',(-0.234885,-0.054545,-0.003));
#17497=CARTESIAN_POINT('',(-0.239081662364308,-0.0581,-0.003));
#17498=CARTESIAN_POINT('',(-0.409952,-0.0581,-0.003));
#17499=CARTESIAN_POINT('',(-0.245549999999997,-0.0581,-0.003));
#17500=CARTESIAN_POINT('',(-0.245549999999997,-0.124775,-0.003));
#17501=CARTESIAN_POINT('',(-0.245549999999997,-0.1343,-0.003));
#17502=CARTESIAN_POINT('',(-0.409952,-0.1343,-0.003));
#17503=CARTESIAN_POINT('',(-0.238589831305201,-0.1343,-0.003));
#17504=CARTESIAN_POINT('',(-0.234885,-0.138365,-0.003));
#17505=CARTESIAN_POINT('',(-0.238727626055187,-0.1423,-0.003));
#17506=CARTESIAN_POINT('',(-0.409952,-0.1423,-0.003));
#17507=CARTESIAN_POINT('',(-0.245549999999997,-0.1423,-0.003));
#17508=CARTESIAN_POINT('',(-0.245549999999997,-0.124775,-0.003));
#17509=CARTESIAN_POINT('',(-0.245549999999997,-0.2185,-0.003));
#17510=CARTESIAN_POINT('',(-0.409952,-0.2185,-0.003));
#17511=CARTESIAN_POINT('',(-0.207449999999997,-0.2185,-0.003));
#17512=CARTESIAN_POINT('',(-0.207449999999997,-0.124775,-0.003));
#17513=CARTESIAN_POINT('',(-0.207449999999997,-0.1423,-0.003));
#17514=CARTESIAN_POINT('',(-0.409952,-0.1423,-0.003));
#17515=CARTESIAN_POINT('',(-0.231042373944813,-0.1423,-0.003));
#17516=CARTESIAN_POINT('',(-0.234885,-0.138365,-0.003));
#17517=CARTESIAN_POINT('',(-0.231180168694799,-0.1343,-0.003));
#17518=CARTESIAN_POINT('',(-0.409952,-0.1343,-0.003));
#17519=CARTESIAN_POINT('',(-0.192869831305201,-0.1343,-0.003));
#17520=CARTESIAN_POINT('',(-0.189165,-0.138365,-0.003));
#17521=CARTESIAN_POINT('',(-0.193007626055187,-0.1423,-0.003));
#17522=CARTESIAN_POINT('',(-0.409952,-0.1423,-0.003));
#17523=CARTESIAN_POINT('',(-0.199449999999998,-0.1423,-0.003));
#17524=CARTESIAN_POINT('',(-0.199449999999998,-0.124775,-0.003));
#17525=CARTESIAN_POINT('',(-0.199449999999998,-0.23755,-0.003));
#17526=CARTESIAN_POINT('',(-0.409952,-0.23755,-0.003));
#17527=CARTESIAN_POINT('',(-0.180399999999998,-0.23755,-0.003));
#17528=CARTESIAN_POINT('',(-0.180399999999998,-0.124775,-0.003));
#17529=CARTESIAN_POINT('',(-0.180399999999998,-0.2185,-0.003));
#17530=CARTESIAN_POINT('',(-0.409952,-0.2185,-0.003));
#17531=CARTESIAN_POINT('',(-0.16135,-0.2185,-0.003));
#17532=CARTESIAN_POINT('',(-0.16135,-0.124775,-0.003));
#17533=CARTESIAN_POINT('',(-0.16135,-0.23755,-0.003));
#17534=CARTESIAN_POINT('',(-0.409952,-0.23755,-0.003));
#17535=CARTESIAN_POINT('',(-0.123249999999998,-0.23755,-0.003));
#17536=CARTESIAN_POINT('',(-0.123249999999998,-0.124775,-0.003));
#17537=CARTESIAN_POINT('',(-0.0676249999999992,-0.124775,-0.003));
#17538=CARTESIAN_POINT('',(-0.0676249999999992,-0.1343,-0.003));
#17539=CARTESIAN_POINT('',(-0.0676249999999992,-0.0933071178142972,-0.003));
#17540=CARTESIAN_POINT('',(-0.062165,-0.092645,-0.003));
#17541=CARTESIAN_POINT('',(-0.0581,-0.0963498313052004,-0.003));
#17542=CARTESIAN_POINT('',(-0.0581,-0.124775,-0.003));
#17543=CARTESIAN_POINT('',(-0.0581,-0.1343,-0.003));
#17544=CARTESIAN_POINT('',(-0.409952,-0.1343,-0.003));
#17545=CARTESIAN_POINT('',(-0.0506298313052013,-0.1343,-0.003));
#17546=CARTESIAN_POINT('',(-0.046925,-0.138365,-0.003));
#17547=CARTESIAN_POINT('',(-0.0432201686947989,-0.1343,-0.003));
#17548=CARTESIAN_POINT('',(-0.409952,-0.1343,-0.003));
#17549=CARTESIAN_POINT('',(-0.03905,-0.1343,-0.003));
#17550=CARTESIAN_POINT('',(-0.03905,-0.124775,-0.003));
#17551=CARTESIAN_POINT('',(-0.03905,-0.0581,-0.003));
#17552=CARTESIAN_POINT('',(-0.409952,-0.0581,-0.003));
#17553=CARTESIAN_POINT('',(-0.0427283376356922,-0.0581,-0.003));
#17554=CARTESIAN_POINT('',(-0.046925,-0.054545,-0.003));
#17555=CARTESIAN_POINT('',(-0.0436858681718703,-0.0501,-0.003));
#17556=CARTESIAN_POINT('',(-0.409952,-0.0501,-0.003));
#17557=CARTESIAN_POINT('',(-0.03905,-0.0501,-0.003));
#17558=CARTESIAN_POINT('',(-0.03905,-0.124775,-0.003));
#17559=CARTESIAN_POINT('',(-0.03905,-0.0181016623643079,-0.003));
#17560=CARTESIAN_POINT('',(-0.035495,-0.0139049999999996,-0.003));
#17561=CARTESIAN_POINT('',(-0.03105,-0.0171441318281288,-0.003));
#17562=CARTESIAN_POINT('',(-0.03105,-0.124775,-0.003));
#17563=CARTESIAN_POINT('',(-0.03105,-0.03105,-0.003));
#17564=CARTESIAN_POINT('',(-0.409952,-0.03105,-0.003));
#17565=CARTESIAN_POINT('',(-0.012,-0.03105,-0.003));
#17566=CARTESIAN_POINT('',(-0.012,-0.124775,-0.003));
#17567=CARTESIAN_POINT('',(-0.0120000000000002,-0.0119999999999995,-0.003));
#17568=CARTESIAN_POINT('',(-0.409952,-0.0119999999999995,-0.003));
#17569=CARTESIAN_POINT('',(-0.0303354481783785,-0.0119999999999995,-0.003));
#17570=CARTESIAN_POINT('',(-0.035495,-0.0139049999999996,-0.003));
#17571=CARTESIAN_POINT('',(-0.0406545518216219,-0.0119999999999995,-0.003));
#17572=CARTESIAN_POINT('',(-0.409952,-0.0119999999999995,-0.003));
#17573=CARTESIAN_POINT('',(-0.113851779795762,-0.0119999999999995,-0.003));
#17574=CARTESIAN_POINT('',(-0.119315,-0.0113649999999996,-0.003));
#17575=CARTESIAN_POINT('',(-0.124778220204239,-0.0120000000000002,-0.003));
#17576=CARTESIAN_POINT('',(-0.409952,-0.0120000000000002,-0.003));
#17577=CARTESIAN_POINT('',(-0.1804,-0.0120000000000002,-0.003));
#17578=CARTESIAN_POINT('',(-0.1804,-0.124775,-0.003));
#17579=CARTESIAN_POINT('',(-0.1804,-0.0501,-0.003));
#17580=CARTESIAN_POINT('',(-0.409952,-0.0501,-0.003));
#17581=CARTESIAN_POINT('',(-0.123249999999999,-0.0501,-0.003));
#17582=CARTESIAN_POINT('',(-0.123249999999999,-0.124775,-0.003));
#17583=CARTESIAN_POINT('',(-0.123249999999999,-0.0152076260551879,-0.003));
#17584=CARTESIAN_POINT('',(-0.119315,-0.0113649999999996,-0.003));
#17585=CARTESIAN_POINT('',(-0.115249999999999,-0.0150698313051993,-0.003));
#17586=CARTESIAN_POINT('',(-0.115249999999999,-0.124775,-0.003));
#17587=CARTESIAN_POINT('',(-0.115249999999999,-0.0501,-0.003));
#17588=CARTESIAN_POINT('',(-0.409952,-0.0501,-0.003));
#17589=CARTESIAN_POINT('',(-0.0501641318281299,-0.0501,-0.003));
#17590=CARTESIAN_POINT('',(-0.046925,-0.054545,-0.003));
#17591=CARTESIAN_POINT('',(-0.051121662364308,-0.0581,-0.003));
#17592=CARTESIAN_POINT('',(-0.409952,-0.0581,-0.003));
#17593=CARTESIAN_POINT('',(-0.0581,-0.0581,-0.003));
#17594=CARTESIAN_POINT('',(-0.0581,-0.124775,-0.003));
#17595=CARTESIAN_POINT('',(-0.0581,-0.0889401686947989,-0.003));
#17596=CARTESIAN_POINT('',(-0.062165,-0.092645,-0.003));
#17597=CARTESIAN_POINT('',(-0.0676249999999992,-0.0919828821857022,-0.003));
#17598=CARTESIAN_POINT('',(-0.0676249999999992,-0.124775,-0.003));
#17599=CARTESIAN_POINT('',(-0.0676249999999992,-0.0581,-0.003));
#17600=CARTESIAN_POINT('',(-0.409952,-0.0581,-0.003));
#17601=CARTESIAN_POINT('',(-0.086675,-0.0581,-0.003));
#17602=CARTESIAN_POINT('',(-0.086674999999999,-0.124775,-0.003));
#17603=CARTESIAN_POINT('',(-0.086674999999999,-0.1343,-0.003));
#17604=CARTESIAN_POINT('',(-0.409952,-0.1343,-0.003));
#17605=CARTESIAN_POINT('',(-0.409952,-0.228025,-0.003));
#17606=CARTESIAN_POINT('',(-0.0771499999999989,-0.228025,-0.003));
#17607=CARTESIAN_POINT('',(-0.0961999999999987,-0.228025,-0.003));
#17608=CARTESIAN_POINT('',(-0.0771499999999989,-0.124775,-0.003));
#17609=CARTESIAN_POINT('',(-0.0771499999999989,-0.208975,-0.003));
#17610=CARTESIAN_POINT('',(-0.409952,-0.208975,-0.003));
#17611=CARTESIAN_POINT('',(-0.0580999999999992,-0.208975,-0.003));
#17612=CARTESIAN_POINT('',(-0.0580999999999992,-0.124775,-0.003));
#17613=CARTESIAN_POINT('',(-0.0580999999999992,-0.189925,-0.003));
#17614=CARTESIAN_POINT('',(-0.409952,-0.189925,-0.003));
#17615=CARTESIAN_POINT('',(-0.0771499999999989,-0.189925,-0.003));
#17616=CARTESIAN_POINT('',(-0.0771499999999989,-0.124775,-0.003));
#17617=CARTESIAN_POINT('',(-0.077149999999999,-0.170875,-0.003));
#17618=CARTESIAN_POINT('',(-0.409952,-0.170875,-0.003));
#17619=CARTESIAN_POINT('',(-0.0961999999999987,-0.170875,-0.003));
#17620=CARTESIAN_POINT('',(-0.0961999999999987,-0.124775,-0.003));
#17621=CARTESIAN_POINT('',(-0.0961999999999987,-0.189925,-0.003));
#17622=CARTESIAN_POINT('',(-0.409952,-0.189925,-0.003));
#17623=CARTESIAN_POINT('',(-0.115249999999998,-0.189925,-0.003));
#17624=CARTESIAN_POINT('',(-0.115249999999998,-0.124775,-0.003));
#17625=CARTESIAN_POINT('',(-0.115249999999998,-0.208975,-0.003));
#17626=CARTESIAN_POINT('',(-0.409952,-0.208975,-0.003));
#17627=CARTESIAN_POINT('',(-0.0961999999999987,-0.208975,-0.003));
#17628=CARTESIAN_POINT('',(-0.0961999999999987,-0.124775,-0.003));
#17629=CARTESIAN_POINT('',(-0.0580999999999992,-0.124775,-0.003));
#17630=CARTESIAN_POINT('',(-0.0580999999999992,-0.16135,-0.003));
#17631=CARTESIAN_POINT('',(-0.0580999999999992,-0.1423,-0.003));
#17632=CARTESIAN_POINT('',(-0.409952,-0.1423,-0.003));
#17633=CARTESIAN_POINT('',(-0.115249999999999,-0.1423,-0.003));
#17634=CARTESIAN_POINT('',(-0.115249999999998,-0.124775,-0.003));
#17635=CARTESIAN_POINT('',(-0.115249999999999,-0.16135,-0.003));
#17636=CARTESIAN_POINT('',(-0.409952,-0.16135,-0.003));
#17637=CARTESIAN_POINT('',(-0.409952,-0.1343,-0.003));
#17638=CARTESIAN_POINT('',(-0.0961999999999988,-0.1343,-0.003));
#17639=CARTESIAN_POINT('',(-0.115249999999998,-0.1343,-0.003));
#17640=CARTESIAN_POINT('',(-0.0961999999999987,-0.124775,-0.003));
#17641=CARTESIAN_POINT('',(-0.0961999999999987,-0.11525,-0.003));
#17642=CARTESIAN_POINT('',(-0.409952,-0.11525,-0.003));
#17643=CARTESIAN_POINT('',(-0.115249999999998,-0.11525,-0.003));
#17644=CARTESIAN_POINT('',(-0.115249999999998,-0.124775,-0.003));
#17645=CARTESIAN_POINT('',(-0.409952,-0.23755,-0.003));
#17646=CARTESIAN_POINT('',(-0.302699999999996,-0.23755,-0.003));
#17647=CARTESIAN_POINT('',(-0.321749999999996,-0.23755,-0.003));
#17648=CARTESIAN_POINT('',(-0.302699999999996,-0.124775,-0.003));
#17649=CARTESIAN_POINT('',(-0.302699999999996,-0.2185,-0.003));
#17650=CARTESIAN_POINT('',(-0.409952,-0.2185,-0.003));
#17651=CARTESIAN_POINT('',(-0.321749999999996,-0.2185,-0.003));
#17652=CARTESIAN_POINT('',(-0.321749999999996,-0.124775,-0.003));
#17653=CARTESIAN_POINT('',(-0.409952,-0.23755,-0.003));
#17654=CARTESIAN_POINT('',(-0.3789,-0.23755,-0.003));
#17655=CARTESIAN_POINT('',(-0.39795,-0.23755,-0.003));
#17656=CARTESIAN_POINT('',(-0.3789,-0.124775,-0.003));
#17657=CARTESIAN_POINT('',(-0.3789,-0.2185,-0.003));
#17658=CARTESIAN_POINT('',(-0.409952,-0.2185,-0.003));
#17659=CARTESIAN_POINT('',(-0.39795,-0.2185,-0.003));
#17660=CARTESIAN_POINT('',(-0.39795,-0.124775,-0.003));
#17661=CARTESIAN_POINT('',(-0.409952,-0.124775,0.));
#17662=CARTESIAN_POINT('',(-0.0676249999999991,-0.1423,0.));
#17663=CARTESIAN_POINT('',(-0.0580999999999992,-0.1423,0.));
#17664=CARTESIAN_POINT('',(-0.115249999999999,-0.1423,0.));
#17665=CARTESIAN_POINT('',(-0.0580999999999992,-0.151825,0.));
#17666=CARTESIAN_POINT('',(-0.0580999999999992,-0.16135,0.));
#17667=CARTESIAN_POINT('',(-0.0676249999999991,-0.16135,0.));
#17668=CARTESIAN_POINT('',(-0.115249999999999,-0.16135,0.));
#17669=CARTESIAN_POINT('',(-0.115249999999998,-0.151825,0.));
#17670=CARTESIAN_POINT('',(-0.151825,-0.1423,0.));
#17671=CARTESIAN_POINT('',(-0.123249999999999,-0.1423,0.));
#17672=CARTESIAN_POINT('',(-0.199449999999998,-0.1423,0.));
#17673=CARTESIAN_POINT('',(-0.123249999999998,-0.228025,0.));
#17674=CARTESIAN_POINT('',(-0.123249999999998,-0.23755,0.));
#17675=CARTESIAN_POINT('',(-0.142299999999998,-0.23755,0.));
#17676=CARTESIAN_POINT('',(-0.16135,-0.23755,0.));
#17677=CARTESIAN_POINT('',(-0.16135,-0.228025,0.));
#17678=CARTESIAN_POINT('',(-0.16135,-0.2185,0.));
#17679=CARTESIAN_POINT('',(-0.170875,-0.2185,0.));
#17680=CARTESIAN_POINT('',(-0.180399999999998,-0.2185,0.));
#17681=CARTESIAN_POINT('',(-0.180399999999998,-0.228025,0.));
#17682=CARTESIAN_POINT('',(-0.180399999999998,-0.23755,0.));
#17683=CARTESIAN_POINT('',(-0.189924999999998,-0.23755,0.));
#17684=CARTESIAN_POINT('',(-0.199449999999998,-0.23755,0.));
#17685=CARTESIAN_POINT('',(-0.199449999999998,-0.228025,0.));
#17686=CARTESIAN_POINT('',(-0.1884,-0.040575,0.));
#17687=CARTESIAN_POINT('',(-0.1884,-0.0501,0.));
#17688=CARTESIAN_POINT('',(-0.1884,-0.03105,0.));
#17689=CARTESIAN_POINT('',(-0.236024999999997,-0.0501,0.));
#17690=CARTESIAN_POINT('',(-0.245549999999997,-0.0501,0.));
#17691=CARTESIAN_POINT('',(-0.245549999999997,-0.040575,0.));
#17692=CARTESIAN_POINT('',(-0.245549999999997,-0.03105,0.));
#17693=CARTESIAN_POINT('',(-0.236024999999997,-0.03105,0.));
#17694=CARTESIAN_POINT('',(-0.375425,-0.0505,-2.16840434497101E-19));
#17695=CARTESIAN_POINT('',(-0.373425,-0.0505,0.));
#17696=CARTESIAN_POINT('',(-0.375425,-0.0485,0.));
#17697=CARTESIAN_POINT('',(-0.373425,-0.124775,0.));
#17698=CARTESIAN_POINT('',(-0.373425,-0.0625,0.));
#17699=CARTESIAN_POINT('',(-0.375425,-0.0625,-2.16840434497101E-19));
#17700=CARTESIAN_POINT('',(-0.375425,-0.0645,0.));
#17701=CARTESIAN_POINT('',(-0.409952,-0.0645,0.));
#17702=CARTESIAN_POINT('',(-0.401425,-0.0645,0.));
#17703=CARTESIAN_POINT('',(-0.401425,-0.0625,-2.16840434497101E-19));
#17704=CARTESIAN_POINT('',(-0.403425,-0.0625,0.));
#17705=CARTESIAN_POINT('',(-0.403425,-0.0495,0.));
#17706=CARTESIAN_POINT('',(-0.403425,-0.0505,0.));
#17707=CARTESIAN_POINT('',(-0.401425,-0.0505,-2.16840434497101E-19));
#17708=CARTESIAN_POINT('',(-0.401425,-0.0485,0.));
#17709=CARTESIAN_POINT('',(-0.374425,-0.0485,0.));
#17710=CARTESIAN_POINT('',(-0.337324999999996,-0.0505,-2.16840434497101E-19));
#17711=CARTESIAN_POINT('',(-0.335324999999996,-0.0505,0.));
#17712=CARTESIAN_POINT('',(-0.337324999999996,-0.0485,0.));
#17713=CARTESIAN_POINT('',(-0.335324999999996,-0.124775,0.));
#17714=CARTESIAN_POINT('',(-0.335324999999996,-0.0625,0.));
#17715=CARTESIAN_POINT('',(-0.337324999999996,-0.0625,-2.16840434497101E-19));
#17716=CARTESIAN_POINT('',(-0.337324999999996,-0.0645,0.));
#17717=CARTESIAN_POINT('',(-0.409952,-0.0645,0.));
#17718=CARTESIAN_POINT('',(-0.363325,-0.0645,0.));
#17719=CARTESIAN_POINT('',(-0.363325,-0.0625,-2.16840434497101E-19));
#17720=CARTESIAN_POINT('',(-0.365325,-0.0625,0.));
#17721=CARTESIAN_POINT('',(-0.365325,-0.0495,0.));
#17722=CARTESIAN_POINT('',(-0.365325,-0.0505,0.));
#17723=CARTESIAN_POINT('',(-0.363325,-0.0505,-2.16840434497101E-19));
#17724=CARTESIAN_POINT('',(-0.363325,-0.0485,0.));
#17725=CARTESIAN_POINT('',(-0.336324999999996,-0.0485,0.));
#17726=CARTESIAN_POINT('',(-0.299224999999996,-0.0505,-2.16840434497101E-19));
#17727=CARTESIAN_POINT('',(-0.297224999999996,-0.0505,0.));
#17728=CARTESIAN_POINT('',(-0.299224999999996,-0.0485,0.));
#17729=CARTESIAN_POINT('',(-0.297224999999996,-0.124775,0.));
#17730=CARTESIAN_POINT('',(-0.297224999999996,-0.0625,0.));
#17731=CARTESIAN_POINT('',(-0.299224999999996,-0.0625,-2.16840434497101E-19));
#17732=CARTESIAN_POINT('',(-0.299224999999996,-0.0645,0.));
#17733=CARTESIAN_POINT('',(-0.409952,-0.0645,0.));
#17734=CARTESIAN_POINT('',(-0.325224999999996,-0.0645,0.));
#17735=CARTESIAN_POINT('',(-0.325224999999996,-0.0625,-2.16840434497101E-19));
#17736=CARTESIAN_POINT('',(-0.327224999999996,-0.0625,0.));
#17737=CARTESIAN_POINT('',(-0.327224999999996,-0.0495,0.));
#17738=CARTESIAN_POINT('',(-0.327224999999996,-0.0505,0.));
#17739=CARTESIAN_POINT('',(-0.325224999999996,-0.0505,-2.16840434497101E-19));
#17740=CARTESIAN_POINT('',(-0.325224999999996,-0.0485,0.));
#17741=CARTESIAN_POINT('',(-0.298224999999996,-0.0485,0.));
#17742=CARTESIAN_POINT('',(-0.261124999999996,-0.0505,-2.16840434497101E-19));
#17743=CARTESIAN_POINT('',(-0.259124999999996,-0.0505,0.));
#17744=CARTESIAN_POINT('',(-0.261124999999996,-0.0485,0.));
#17745=CARTESIAN_POINT('',(-0.259124999999996,-0.124775,0.));
#17746=CARTESIAN_POINT('',(-0.259124999999996,-0.0625,0.));
#17747=CARTESIAN_POINT('',(-0.261124999999996,-0.0625,-2.16840434497101E-19));
#17748=CARTESIAN_POINT('',(-0.261124999999996,-0.0645,0.));
#17749=CARTESIAN_POINT('',(-0.409952,-0.0645,0.));
#17750=CARTESIAN_POINT('',(-0.287124999999996,-0.0645,0.));
#17751=CARTESIAN_POINT('',(-0.287124999999996,-0.0625,-2.16840434497101E-19));
#17752=CARTESIAN_POINT('',(-0.289124999999996,-0.0625,0.));
#17753=CARTESIAN_POINT('',(-0.289124999999996,-0.0495,0.));
#17754=CARTESIAN_POINT('',(-0.289124999999996,-0.0505,0.));
#17755=CARTESIAN_POINT('',(-0.287124999999996,-0.0505,-2.16840434497101E-19));
#17756=CARTESIAN_POINT('',(-0.287124999999996,-0.0485,0.));
#17757=CARTESIAN_POINT('',(-0.260124999999996,-0.0485,0.));
#17758=CARTESIAN_POINT('',(-0.021525,-0.0457249999999992,0.));
#17759=CARTESIAN_POINT('',(-0.01885,-0.0457249999999992,0.));
#17760=CARTESIAN_POINT('',(-0.021525,-0.165725,0.));
#17761=CARTESIAN_POINT('',(-0.01885,-0.165725,0.));
#17762=CARTESIAN_POINT('',(-0.0205250000000005,-0.105725,0.));
#17763=CARTESIAN_POINT('',(-0.0205250000000005,-0.160725,0.));
#17764=CARTESIAN_POINT('',(-0.0205250000000005,-0.0507249999999993,0.));
#17765=CARTESIAN_POINT('',(-0.0215250000000005,-0.160725,0.));
#17766=CARTESIAN_POINT('',(-0.0225250000000005,-0.160725,0.));
#17767=CARTESIAN_POINT('',(-0.0225250000000005,-0.105725,0.));
#17768=CARTESIAN_POINT('',(-0.0225250000000005,-0.0507249999999993,0.));
#17769=CARTESIAN_POINT('',(-0.0215250000000005,-0.0507249999999993,0.));
#17770=CARTESIAN_POINT('',(-0.388425,-0.081,0.));
#17771=CARTESIAN_POINT('',(-0.38575,-0.081,0.));
#17772=CARTESIAN_POINT('',(-0.388425,-0.201,0.));
#17773=CARTESIAN_POINT('',(-0.38575,-0.201,0.));
#17774=CARTESIAN_POINT('',(-0.387425,-0.141,0.));
#17775=CARTESIAN_POINT('',(-0.387425,-0.196,0.));
#17776=CARTESIAN_POINT('',(-0.387425,-0.086,0.));
#17777=CARTESIAN_POINT('',(-0.388425,-0.196,0.));
#17778=CARTESIAN_POINT('',(-0.389425,-0.196,0.));
#17779=CARTESIAN_POINT('',(-0.389425,-0.141,0.));
#17780=CARTESIAN_POINT('',(-0.389425,-0.086,0.));
#17781=CARTESIAN_POINT('',(-0.388425,-0.086,0.));
#17782=CARTESIAN_POINT('',(-0.350325,-0.081,0.));
#17783=CARTESIAN_POINT('',(-0.34765,-0.081,0.));
#17784=CARTESIAN_POINT('',(-0.350325,-0.201,0.));
#17785=CARTESIAN_POINT('',(-0.34765,-0.201,0.));
#17786=CARTESIAN_POINT('',(-0.349325,-0.141,0.));
#17787=CARTESIAN_POINT('',(-0.349325,-0.196,0.));
#17788=CARTESIAN_POINT('',(-0.349325,-0.086,0.));
#17789=CARTESIAN_POINT('',(-0.350325,-0.196,0.));
#17790=CARTESIAN_POINT('',(-0.351325,-0.196,0.));
#17791=CARTESIAN_POINT('',(-0.351325,-0.141,0.));
#17792=CARTESIAN_POINT('',(-0.351325,-0.086,0.));
#17793=CARTESIAN_POINT('',(-0.350325,-0.086,0.));
#17794=CARTESIAN_POINT('',(-0.312224999999996,-0.081,0.));
#17795=CARTESIAN_POINT('',(-0.309549999999996,-0.081,0.));
#17796=CARTESIAN_POINT('',(-0.312224999999996,-0.201,0.));
#17797=CARTESIAN_POINT('',(-0.309549999999996,-0.201,0.));
#17798=CARTESIAN_POINT('',(-0.311225,-0.141,0.));
#17799=CARTESIAN_POINT('',(-0.311225,-0.196,0.));
#17800=CARTESIAN_POINT('',(-0.311225,-0.086,0.));
#17801=CARTESIAN_POINT('',(-0.312225,-0.196,0.));
#17802=CARTESIAN_POINT('',(-0.313225,-0.196,0.));
#17803=CARTESIAN_POINT('',(-0.313225,-0.141,0.));
#17804=CARTESIAN_POINT('',(-0.313225,-0.086,0.));
#17805=CARTESIAN_POINT('',(-0.312225,-0.086,0.));
#17806=CARTESIAN_POINT('',(0.,-0.124775,0.));
#17807=CARTESIAN_POINT('',(0.,-0.00798185057996127,0.));
#17808=CARTESIAN_POINT('',(0.,-0.241568149420038,0.));
#17809=CARTESIAN_POINT('',(-0.00804435348165215,-0.00813880375122826,-3.46944695195361E-18));
#17810=CARTESIAN_POINT('',(-0.00788922174137069,1.04083408558608E-17,1.66533453693773E-16));
#17811=CARTESIAN_POINT('',(-0.409952,1.04083408558608E-17,1.66533453693773E-16));
#17812=CARTESIAN_POINT('',(-0.402060778258626,1.04083408558608E-17,1.66533453693773E-16));
#17813=CARTESIAN_POINT('',(-0.401905646518344,-0.00813880375122823,0.));
#17814=CARTESIAN_POINT('',(-0.40995,-0.00798185057996124,0.));
#17815=CARTESIAN_POINT('',(-0.40995,-0.124775,0.));
#17816=CARTESIAN_POINT('',(-0.40995,-0.241568149420038,0.));
#17817=CARTESIAN_POINT('',(-0.401905646518344,-0.2415476004676,0.));
#17818=CARTESIAN_POINT('',(-0.401926303202182,-0.24955,-2.08166817117217E-17));
#17819=CARTESIAN_POINT('',(-0.409952,-0.24955,-2.08166817117217E-17));
#17820=CARTESIAN_POINT('',(-0.00802369679781434,-0.24955,-2.08166817117217E-17));
#17821=CARTESIAN_POINT('',(-0.00804435348165215,-0.2415476004676,0.));
#17822=CARTESIAN_POINT('',(-0.274124999999996,-0.0245,0.));
#17823=CARTESIAN_POINT('',(-0.261624999999996,-0.0245,0.));
#17824=CARTESIAN_POINT('',(-0.312224999999996,-0.0245,0.));
#17825=CARTESIAN_POINT('',(-0.299724999999996,-0.0245,0.));
#17826=CARTESIAN_POINT('',(-0.350325,-0.0245,0.));
#17827=CARTESIAN_POINT('',(-0.337825,-0.0245,0.));
#17828=CARTESIAN_POINT('',(-0.388425,-0.0245,0.));
#17829=CARTESIAN_POINT('',(-0.375925,-0.0245,0.));
#17830=CARTESIAN_POINT('',(-0.273125,-0.141,0.));
#17831=CARTESIAN_POINT('',(-0.273125,-0.196,0.));
#17832=CARTESIAN_POINT('',(-0.273125,-0.086,0.));
#17833=CARTESIAN_POINT('',(-0.274125,-0.196,0.));
#17834=CARTESIAN_POINT('',(-0.275125,-0.196,0.));
#17835=CARTESIAN_POINT('',(-0.275125,-0.141,0.));
#17836=CARTESIAN_POINT('',(-0.275125,-0.086,0.));
#17837=CARTESIAN_POINT('',(-0.274125,-0.086,0.));
#17838=CARTESIAN_POINT('',(-0.274124999999996,-0.201,0.));
#17839=CARTESIAN_POINT('',(-0.271449999999996,-0.201,0.));
#17840=CARTESIAN_POINT('',(-0.274124999999996,-0.081,0.));
#17841=CARTESIAN_POINT('',(-0.271449999999996,-0.081,0.));
#17842=CARTESIAN_POINT('',(-0.0961999999999987,-0.067625,0.));
#17843=CARTESIAN_POINT('',(-0.0961999999999988,-0.07715,0.));
#17844=CARTESIAN_POINT('',(-0.0961999999999987,-0.0581,0.));
#17845=CARTESIAN_POINT('',(-0.105724999999999,-0.07715,0.));
#17846=CARTESIAN_POINT('',(-0.115249999999998,-0.07715,0.));
#17847=CARTESIAN_POINT('',(-0.115249999999998,-0.067625,0.));
#17848=CARTESIAN_POINT('',(-0.115249999999998,-0.0581,0.));
#17849=CARTESIAN_POINT('',(-0.105724999999999,-0.0581,0.));
#17850=CARTESIAN_POINT('',(-0.132774999999998,-0.1343,0.));
#17851=CARTESIAN_POINT('',(-0.123249999999999,-0.1343,0.));
#17852=CARTESIAN_POINT('',(-0.180399999999998,-0.1343,0.));
#17853=CARTESIAN_POINT('',(-0.180399999999998,-0.067625,0.));
#17854=CARTESIAN_POINT('',(-0.180399999999998,-0.0581,0.));
#17855=CARTESIAN_POINT('',(-0.132774999999998,-0.0581,0.));
#17856=CARTESIAN_POINT('',(-0.123249999999999,-0.0581,0.));
#17857=CARTESIAN_POINT('',(-0.123249999999999,-0.067625,0.));
#17858=CARTESIAN_POINT('',(-0.123249999999999,-0.040575,0.));
#17859=CARTESIAN_POINT('',(-0.123249999999999,-0.0501,0.));
#17860=CARTESIAN_POINT('',(-0.123249999999999,-0.0120000000000002,0.));
#17861=CARTESIAN_POINT('',(-0.170875,-0.0501,0.));
#17862=CARTESIAN_POINT('',(-0.1804,-0.0501,0.));
#17863=CARTESIAN_POINT('',(-0.1804,-0.040575,0.));
#17864=CARTESIAN_POINT('',(-0.1804,-0.0120000000000002,0.));
#17865=CARTESIAN_POINT('',(-0.170875,-0.0120000000000002,0.));
#17866=CARTESIAN_POINT('',(-0.105725,-0.0501,0.));
#17867=CARTESIAN_POINT('',(-0.03905,-0.0501,0.));
#17868=CARTESIAN_POINT('',(-0.115249999999999,-0.0501,0.));
#17869=CARTESIAN_POINT('',(-0.115249999999999,-0.021525,0.));
#17870=CARTESIAN_POINT('',(-0.115249999999999,-0.0120000000000001,0.));
#17871=CARTESIAN_POINT('',(-0.105724999999999,-0.0119999999999995,0.));
#17872=CARTESIAN_POINT('',(-0.03905,-0.0119999999999995,0.));
#17873=CARTESIAN_POINT('',(-0.03905,-0.040575,0.));
#17874=CARTESIAN_POINT('',(-0.012,-0.021525,0.));
#17875=CARTESIAN_POINT('',(-0.012,-0.03105,0.));
#17876=CARTESIAN_POINT('',(-0.0120000000000002,-0.0119999999999995,0.));
#17877=CARTESIAN_POINT('',(-0.021525,-0.03105,0.));
#17878=CARTESIAN_POINT('',(-0.03105,-0.03105,0.));
#17879=CARTESIAN_POINT('',(-0.03105,-0.021525,0.));
#17880=CARTESIAN_POINT('',(-0.03105,-0.012,0.));
#17881=CARTESIAN_POINT('',(-0.021525,-0.0119999999999995,0.));
#17882=CARTESIAN_POINT('',(-0.048575,-0.1343,0.));
#17883=CARTESIAN_POINT('',(-0.03905,-0.1343,0.));
#17884=CARTESIAN_POINT('',(-0.0581,-0.1343,0.));
#17885=CARTESIAN_POINT('',(-0.0581,-0.067625,0.));
#17886=CARTESIAN_POINT('',(-0.0581,-0.0581,0.));
#17887=CARTESIAN_POINT('',(-0.048575,-0.0581,0.));
#17888=CARTESIAN_POINT('',(-0.03905,-0.0581,0.));
#17889=CARTESIAN_POINT('',(-0.03905,-0.067625,0.));
#17890=CARTESIAN_POINT('',(-0.0771499999999991,-0.1343,0.));
#17891=CARTESIAN_POINT('',(-0.0676249999999992,-0.1343,0.));
#17892=CARTESIAN_POINT('',(-0.086674999999999,-0.1343,0.));
#17893=CARTESIAN_POINT('',(-0.086674999999999,-0.067625,0.));
#17894=CARTESIAN_POINT('',(-0.086674999999999,-0.0581,0.));
#17895=CARTESIAN_POINT('',(-0.0771499999999991,-0.0581,0.));
#17896=CARTESIAN_POINT('',(-0.0676249999999992,-0.0581,0.));
#17897=CARTESIAN_POINT('',(-0.0676249999999992,-0.067625,0.));
#17898=CARTESIAN_POINT('',(-0.264599999999996,-0.228025,0.));
#17899=CARTESIAN_POINT('',(-0.264599999999996,-0.23755,0.));
#17900=CARTESIAN_POINT('',(-0.264599999999996,-0.2185,0.));
#17901=CARTESIAN_POINT('',(-0.274124999999996,-0.23755,0.));
#17902=CARTESIAN_POINT('',(-0.283649999999996,-0.23755,0.));
#17903=CARTESIAN_POINT('',(-0.283649999999996,-0.228025,0.));
#17904=CARTESIAN_POINT('',(-0.283649999999996,-0.2185,0.));
#17905=CARTESIAN_POINT('',(-0.274124999999996,-0.2185,0.));
#17906=CARTESIAN_POINT('',(-0.0771499999999989,-0.2185,0.));
#17907=CARTESIAN_POINT('',(-0.0771499999999989,-0.228025,0.));
#17908=CARTESIAN_POINT('',(-0.0771499999999989,-0.208975,0.));
#17909=CARTESIAN_POINT('',(-0.0866749999999988,-0.228025,0.));
#17910=CARTESIAN_POINT('',(-0.0961999999999987,-0.228025,0.));
#17911=CARTESIAN_POINT('',(-0.0961999999999987,-0.2185,0.));
#17912=CARTESIAN_POINT('',(-0.0961999999999987,-0.208975,0.));
#17913=CARTESIAN_POINT('',(-0.105724999999998,-0.208975,0.));
#17914=CARTESIAN_POINT('',(-0.115249999999998,-0.208975,0.));
#17915=CARTESIAN_POINT('',(-0.115249999999998,-0.19945,0.));
#17916=CARTESIAN_POINT('',(-0.115249999999998,-0.189925,0.));
#17917=CARTESIAN_POINT('',(-0.105724999999999,-0.189925,0.));
#17918=CARTESIAN_POINT('',(-0.0961999999999987,-0.189925,0.));
#17919=CARTESIAN_POINT('',(-0.0961999999999987,-0.1804,0.));
#17920=CARTESIAN_POINT('',(-0.0961999999999987,-0.170875,0.));
#17921=CARTESIAN_POINT('',(-0.0866749999999988,-0.170875,0.));
#17922=CARTESIAN_POINT('',(-0.077149999999999,-0.170875,0.));
#17923=CARTESIAN_POINT('',(-0.0771499999999989,-0.1804,0.));
#17924=CARTESIAN_POINT('',(-0.0771499999999989,-0.189925,0.));
#17925=CARTESIAN_POINT('',(-0.0676249999999991,-0.189925,0.));
#17926=CARTESIAN_POINT('',(-0.0580999999999992,-0.189925,0.));
#17927=CARTESIAN_POINT('',(-0.0580999999999992,-0.19945,0.));
#17928=CARTESIAN_POINT('',(-0.0580999999999992,-0.208975,0.));
#17929=CARTESIAN_POINT('',(-0.0676249999999991,-0.208975,0.));
#17930=CARTESIAN_POINT('',(-0.216974999999998,-0.2185,0.));
#17931=CARTESIAN_POINT('',(-0.207449999999997,-0.2185,0.));
#17932=CARTESIAN_POINT('',(-0.245549999999997,-0.2185,0.));
#17933=CARTESIAN_POINT('',(-0.245549999999997,-0.151825,0.));
#17934=CARTESIAN_POINT('',(-0.245549999999997,-0.1423,0.));
#17935=CARTESIAN_POINT('',(-0.236024999999997,-0.1423,0.));
#17936=CARTESIAN_POINT('',(-0.207449999999997,-0.1423,0.));
#17937=CARTESIAN_POINT('',(-0.207449999999997,-0.151825,0.));
#17938=CARTESIAN_POINT('',(-0.197924999999998,-0.1343,0.));
#17939=CARTESIAN_POINT('',(-0.1884,-0.1343,0.));
#17940=CARTESIAN_POINT('',(-0.245549999999997,-0.1343,0.));
#17941=CARTESIAN_POINT('',(-0.245549999999997,-0.067625,0.));
#17942=CARTESIAN_POINT('',(-0.245549999999997,-0.0581,0.));
#17943=CARTESIAN_POINT('',(-0.236024999999997,-0.0581,0.));
#17944=CARTESIAN_POINT('',(-0.1884,-0.0581,0.));
#17945=CARTESIAN_POINT('',(-0.1884,-0.067625,0.));
#17946=CARTESIAN_POINT('',(-0.03105,-0.23755,0.));
#17947=CARTESIAN_POINT('',(-0.012,-0.23755,0.));
#17948=CARTESIAN_POINT('',(-0.0501,-0.23755,0.));
#17949=CARTESIAN_POINT('',(-0.0501,-0.189925,0.));
#17950=CARTESIAN_POINT('',(-0.0501,-0.1804,0.));
#17951=CARTESIAN_POINT('',(-0.03105,-0.1804,0.));
#17952=CARTESIAN_POINT('',(-0.012,-0.1804,0.));
#17953=CARTESIAN_POINT('',(-0.012,-0.189925,0.));
#17954=CARTESIAN_POINT('',(-0.0961999999999987,-0.124775,0.));
#17955=CARTESIAN_POINT('',(-0.0961999999999988,-0.1343,0.));
#17956=CARTESIAN_POINT('',(-0.0961999999999987,-0.11525,0.));
#17957=CARTESIAN_POINT('',(-0.105724999999999,-0.1343,0.));
#17958=CARTESIAN_POINT('',(-0.115249999999998,-0.1343,0.));
#17959=CARTESIAN_POINT('',(-0.115249999999998,-0.124775,0.));
#17960=CARTESIAN_POINT('',(-0.115249999999998,-0.11525,0.));
#17961=CARTESIAN_POINT('',(-0.105724999999999,-0.11525,0.));
#17962=CARTESIAN_POINT('',(-0.0961999999999987,-0.0962,0.));
#17963=CARTESIAN_POINT('',(-0.0961999999999987,-0.105725,0.));
#17964=CARTESIAN_POINT('',(-0.0961999999999987,-0.086675,0.));
#17965=CARTESIAN_POINT('',(-0.105724999999999,-0.105725,0.));
#17966=CARTESIAN_POINT('',(-0.115249999999998,-0.105725,0.));
#17967=CARTESIAN_POINT('',(-0.115249999999998,-0.0962,0.));
#17968=CARTESIAN_POINT('',(-0.115249999999998,-0.086675,0.));
#17969=CARTESIAN_POINT('',(-0.105724999999999,-0.086675,0.));
#17970=CARTESIAN_POINT('',(-0.302699999999996,-0.228025,0.));
#17971=CARTESIAN_POINT('',(-0.302699999999996,-0.23755,0.));
#17972=CARTESIAN_POINT('',(-0.302699999999996,-0.2185,0.));
#17973=CARTESIAN_POINT('',(-0.312224999999996,-0.23755,0.));
#17974=CARTESIAN_POINT('',(-0.321749999999996,-0.23755,0.));
#17975=CARTESIAN_POINT('',(-0.321749999999996,-0.228025,0.));
#17976=CARTESIAN_POINT('',(-0.321749999999996,-0.2185,0.));
#17977=CARTESIAN_POINT('',(-0.312224999999996,-0.2185,0.));
#17978=CARTESIAN_POINT('',(-0.340799999999996,-0.228025,0.));
#17979=CARTESIAN_POINT('',(-0.340799999999996,-0.23755,0.));
#17980=CARTESIAN_POINT('',(-0.340799999999996,-0.2185,0.));
#17981=CARTESIAN_POINT('',(-0.350325,-0.23755,0.));
#17982=CARTESIAN_POINT('',(-0.35985,-0.23755,0.));
#17983=CARTESIAN_POINT('',(-0.35985,-0.228025,0.));
#17984=CARTESIAN_POINT('',(-0.35985,-0.2185,0.));
#17985=CARTESIAN_POINT('',(-0.350325,-0.2185,0.));
#17986=CARTESIAN_POINT('',(-0.3789,-0.228025,0.));
#17987=CARTESIAN_POINT('',(-0.3789,-0.23755,0.));
#17988=CARTESIAN_POINT('',(-0.3789,-0.2185,0.));
#17989=CARTESIAN_POINT('',(-0.388425,-0.23755,0.));
#17990=CARTESIAN_POINT('',(-0.39795,-0.23755,0.));
#17991=CARTESIAN_POINT('',(-0.39795,-0.228025,0.));
#17992=CARTESIAN_POINT('',(-0.39795,-0.2185,0.));
#17993=CARTESIAN_POINT('',(-0.388425,-0.2185,0.));
#17994=CARTESIAN_POINT('',(-0.204975,-0.124775,-0.005));
#17995=CARTESIAN_POINT('',(-0.388425,-0.0245,-0.005));
#17996=CARTESIAN_POINT('',(-0.392175,-0.0245,-0.005));
#17997=CARTESIAN_POINT('',(-0.39205,-0.031425,-0.005));
#17998=CARTESIAN_POINT('',(-0.382425,-0.031425,-0.005));
#17999=CARTESIAN_POINT('',(-0.387175,-0.031425,-0.005));
#18000=CARTESIAN_POINT('',(-0.387175,-0.030825,-0.005));
#18001=CARTESIAN_POINT('',(-0.387175,-0.030225,-0.005));
#18002=CARTESIAN_POINT('',(-0.388425,-0.030225,-0.005));
#18003=CARTESIAN_POINT('',(-0.389675,-0.030225,-0.005));
#18004=CARTESIAN_POINT('',(-0.389675,-0.030825,-0.005));
#18005=CARTESIAN_POINT('',(-0.389675,-0.031425,-0.005));
#18006=CARTESIAN_POINT('',(-0.39205,-0.031425,-0.005));
#18007=CARTESIAN_POINT('',(-0.394425,-0.031425,-0.005));
#18008=CARTESIAN_POINT('',(-0.394425,-0.0245,-0.005));
#18009=CARTESIAN_POINT('',(-0.394425,-0.017575,-0.005));
#18010=CARTESIAN_POINT('',(-0.388425,-0.017575,-0.005));
#18011=CARTESIAN_POINT('',(-0.382425,-0.017575,-0.005));
#18012=CARTESIAN_POINT('',(-0.382425,-0.0245,-0.005));
#18013=CARTESIAN_POINT('',(-0.204975,-0.124775,-0.005));
#18014=CARTESIAN_POINT('',(-0.350325,-0.0245,-0.005));
#18015=CARTESIAN_POINT('',(-0.354075,-0.0245,-0.005));
#18016=CARTESIAN_POINT('',(-0.35395,-0.031425,-0.005));
#18017=CARTESIAN_POINT('',(-0.344324999999996,-0.031425,-0.005));
#18018=CARTESIAN_POINT('',(-0.349074999999996,-0.031425,-0.005));
#18019=CARTESIAN_POINT('',(-0.349074999999996,-0.030825,-0.005));
#18020=CARTESIAN_POINT('',(-0.349074999999996,-0.030225,-0.005));
#18021=CARTESIAN_POINT('',(-0.350325,-0.030225,-0.005));
#18022=CARTESIAN_POINT('',(-0.351575,-0.030225,-0.005));
#18023=CARTESIAN_POINT('',(-0.351575,-0.030825,-0.005));
#18024=CARTESIAN_POINT('',(-0.351575,-0.031425,-0.005));
#18025=CARTESIAN_POINT('',(-0.35395,-0.031425,-0.005));
#18026=CARTESIAN_POINT('',(-0.356325,-0.031425,-0.005));
#18027=CARTESIAN_POINT('',(-0.356325,-0.0245,-0.005));
#18028=CARTESIAN_POINT('',(-0.356325,-0.017575,-0.005));
#18029=CARTESIAN_POINT('',(-0.350325,-0.017575,-0.005));
#18030=CARTESIAN_POINT('',(-0.344324999999996,-0.017575,-0.005));
#18031=CARTESIAN_POINT('',(-0.344324999999996,-0.0245,-0.005));
#18032=CARTESIAN_POINT('',(-0.204975,-0.124775,-0.005));
#18033=CARTESIAN_POINT('',(-0.312224999999996,-0.0245,-0.005));
#18034=CARTESIAN_POINT('',(-0.315974999999996,-0.0245,-0.005));
#18035=CARTESIAN_POINT('',(-0.315849999999996,-0.031425,-0.005));
#18036=CARTESIAN_POINT('',(-0.306224999999996,-0.031425,-0.005));
#18037=CARTESIAN_POINT('',(-0.310974999999996,-0.031425,-0.005));
#18038=CARTESIAN_POINT('',(-0.310974999999996,-0.030825,-0.005));
#18039=CARTESIAN_POINT('',(-0.310974999999996,-0.030225,-0.005));
#18040=CARTESIAN_POINT('',(-0.312224999999996,-0.030225,-0.005));
#18041=CARTESIAN_POINT('',(-0.313474999999996,-0.030225,-0.005));
#18042=CARTESIAN_POINT('',(-0.313474999999996,-0.030825,-0.005));
#18043=CARTESIAN_POINT('',(-0.313474999999996,-0.031425,-0.005));
#18044=CARTESIAN_POINT('',(-0.315849999999996,-0.031425,-0.005));
#18045=CARTESIAN_POINT('',(-0.318224999999996,-0.031425,-0.005));
#18046=CARTESIAN_POINT('',(-0.318224999999996,-0.0245,-0.005));
#18047=CARTESIAN_POINT('',(-0.318224999999996,-0.017575,-0.005));
#18048=CARTESIAN_POINT('',(-0.312224999999996,-0.017575,-0.005));
#18049=CARTESIAN_POINT('',(-0.306224999999996,-0.017575,-0.005));
#18050=CARTESIAN_POINT('',(-0.306224999999996,-0.0245,-0.005));
#18051=CARTESIAN_POINT('',(-0.387175,-0.030825,-0.003));
#18052=CARTESIAN_POINT('',(-0.387175,-0.031425,-0.003));
#18053=CARTESIAN_POINT('',(-0.387175,-0.031425,-0.003));
#18054=CARTESIAN_POINT('',(-0.387175,-0.030825,-0.003));
#18055=CARTESIAN_POINT('',(-0.387175,-0.030225,-0.003));
#18056=CARTESIAN_POINT('',(-0.387175,-0.030225,-0.003));
#18057=CARTESIAN_POINT('',(-0.389675,-0.030825,-0.003));
#18058=CARTESIAN_POINT('',(-0.389675,-0.030225,-0.003));
#18059=CARTESIAN_POINT('',(-0.389675,-0.030225,-0.003));
#18060=CARTESIAN_POINT('',(-0.389675,-0.030825,-0.003));
#18061=CARTESIAN_POINT('',(-0.389675,-0.031425,-0.003));
#18062=CARTESIAN_POINT('',(-0.389675,-0.031425,-0.003));
#18063=CARTESIAN_POINT('',(-0.388425,-0.030225,-0.003));
#18064=CARTESIAN_POINT('',(-0.388425,-0.030225,-0.003));
#18065=CARTESIAN_POINT('',(-0.388425,-0.0245,-0.003));
#18066=CARTESIAN_POINT('',(-0.388425,-0.031425,-0.003));
#18067=CARTESIAN_POINT('',(-0.396425,-0.0245,-0.007));
#18068=CARTESIAN_POINT('',(-0.396425,-0.0245,-0.005));
#18069=CARTESIAN_POINT('',(-0.396425,-0.015575,-0.005));
#18070=CARTESIAN_POINT('',(-0.396425,-0.033425,-0.005));
#18071=CARTESIAN_POINT('',(-0.396425,-0.015575,-0.007));
#18072=CARTESIAN_POINT('',(-0.396425,-0.015575,-0.007));
#18073=CARTESIAN_POINT('',(-0.396425,-0.0245,-0.007));
#18074=CARTESIAN_POINT('',(-0.396425,-0.033425,-0.007));
#18075=CARTESIAN_POINT('',(-0.396425,-0.033425,-0.007));
#18076=CARTESIAN_POINT('',(-0.388425,-0.015575,-0.007));
#18077=CARTESIAN_POINT('',(-0.388425,-0.015575,-0.005));
#18078=CARTESIAN_POINT('',(-0.380425,-0.015575,-0.005));
#18079=CARTESIAN_POINT('',(-0.380425,-0.015575,-0.007));
#18080=CARTESIAN_POINT('',(-0.380425,-0.015575,-0.007));
#18081=CARTESIAN_POINT('',(-0.388425,-0.015575,-0.007));
#18082=CARTESIAN_POINT('',(-0.380425,-0.0245,-0.007));
#18083=CARTESIAN_POINT('',(-0.380425,-0.0245,-0.005));
#18084=CARTESIAN_POINT('',(-0.380425,-0.033425,-0.005));
#18085=CARTESIAN_POINT('',(-0.380425,-0.033425,-0.007));
#18086=CARTESIAN_POINT('',(-0.380425,-0.033425,-0.007));
#18087=CARTESIAN_POINT('',(-0.380425,-0.0245,-0.007));
#18088=CARTESIAN_POINT('',(-0.388425,-0.033425,-0.007));
#18089=CARTESIAN_POINT('',(-0.388425,-0.033425,-0.005));
#18090=CARTESIAN_POINT('',(-0.388425,-0.033425,-0.007));
#18091=CARTESIAN_POINT('',(-0.39205,-0.031425,-0.007));
#18092=CARTESIAN_POINT('',(-0.382425,-0.031425,-0.007));
#18093=CARTESIAN_POINT('',(-0.382425,-0.031425,-0.007));
#18094=CARTESIAN_POINT('',(-0.39205,-0.031425,-0.007));
#18095=CARTESIAN_POINT('',(-0.394425,-0.031425,-0.007));
#18096=CARTESIAN_POINT('',(-0.394425,-0.031425,-0.007));
#18097=CARTESIAN_POINT('',(-0.382425,-0.0245,-0.007));
#18098=CARTESIAN_POINT('',(-0.382425,-0.017575,-0.007));
#18099=CARTESIAN_POINT('',(-0.382425,-0.017575,-0.007));
#18100=CARTESIAN_POINT('',(-0.382425,-0.0245,-0.007));
#18101=CARTESIAN_POINT('',(-0.388425,-0.017575,-0.007));
#18102=CARTESIAN_POINT('',(-0.394425,-0.017575,-0.007));
#18103=CARTESIAN_POINT('',(-0.394425,-0.017575,-0.007));
#18104=CARTESIAN_POINT('',(-0.388425,-0.017575,-0.007));
#18105=CARTESIAN_POINT('',(-0.394425,-0.0245,-0.007));
#18106=CARTESIAN_POINT('',(-0.394425,-0.0245,-0.007));
#18107=CARTESIAN_POINT('',(-0.388425,-0.0245,-0.007));
#18108=CARTESIAN_POINT('',(-0.388425,-0.0245,0.02));
#18109=CARTESIAN_POINT('',(-0.388425,-0.0245,-0.002));
#18110=CARTESIAN_POINT('',(-0.384675,-0.0245,-0.002));
#18111=CARTESIAN_POINT('',(-0.349074999999996,-0.030825,-0.003));
#18112=CARTESIAN_POINT('',(-0.349074999999996,-0.031425,-0.003));
#18113=CARTESIAN_POINT('',(-0.349074999999996,-0.031425,-0.003));
#18114=CARTESIAN_POINT('',(-0.349074999999996,-0.030825,-0.003));
#18115=CARTESIAN_POINT('',(-0.349074999999996,-0.030225,-0.003));
#18116=CARTESIAN_POINT('',(-0.349074999999996,-0.030225,-0.003));
#18117=CARTESIAN_POINT('',(-0.351575,-0.030825,-0.003));
#18118=CARTESIAN_POINT('',(-0.351575,-0.030225,-0.003));
#18119=CARTESIAN_POINT('',(-0.351575,-0.030225,-0.003));
#18120=CARTESIAN_POINT('',(-0.351575,-0.030825,-0.003));
#18121=CARTESIAN_POINT('',(-0.351575,-0.031425,-0.003));
#18122=CARTESIAN_POINT('',(-0.351575,-0.031425,-0.003));
#18123=CARTESIAN_POINT('',(-0.350325,-0.030225,-0.003));
#18124=CARTESIAN_POINT('',(-0.350325,-0.030225,-0.003));
#18125=CARTESIAN_POINT('',(-0.350325,-0.0245,-0.003));
#18126=CARTESIAN_POINT('',(-0.350325,-0.031425,-0.003));
#18127=CARTESIAN_POINT('',(-0.358325,-0.0245,-0.007));
#18128=CARTESIAN_POINT('',(-0.358325,-0.0245,-0.005));
#18129=CARTESIAN_POINT('',(-0.358325,-0.015575,-0.005));
#18130=CARTESIAN_POINT('',(-0.358325,-0.033425,-0.005));
#18131=CARTESIAN_POINT('',(-0.358325,-0.015575,-0.007));
#18132=CARTESIAN_POINT('',(-0.358325,-0.015575,-0.007));
#18133=CARTESIAN_POINT('',(-0.358325,-0.0245,-0.007));
#18134=CARTESIAN_POINT('',(-0.358325,-0.033425,-0.007));
#18135=CARTESIAN_POINT('',(-0.358325,-0.033425,-0.007));
#18136=CARTESIAN_POINT('',(-0.350325,-0.015575,-0.007));
#18137=CARTESIAN_POINT('',(-0.350325,-0.015575,-0.005));
#18138=CARTESIAN_POINT('',(-0.342324999999996,-0.015575,-0.005));
#18139=CARTESIAN_POINT('',(-0.342324999999996,-0.015575,-0.007));
#18140=CARTESIAN_POINT('',(-0.342324999999996,-0.015575,-0.007));
#18141=CARTESIAN_POINT('',(-0.350325,-0.015575,-0.007));
#18142=CARTESIAN_POINT('',(-0.342324999999996,-0.0245,-0.007));
#18143=CARTESIAN_POINT('',(-0.342324999999996,-0.0245,-0.005));
#18144=CARTESIAN_POINT('',(-0.342324999999996,-0.033425,-0.005));
#18145=CARTESIAN_POINT('',(-0.342324999999996,-0.033425,-0.007));
#18146=CARTESIAN_POINT('',(-0.342324999999996,-0.033425,-0.007));
#18147=CARTESIAN_POINT('',(-0.342324999999996,-0.0245,-0.007));
#18148=CARTESIAN_POINT('',(-0.350325,-0.033425,-0.007));
#18149=CARTESIAN_POINT('',(-0.350325,-0.033425,-0.005));
#18150=CARTESIAN_POINT('',(-0.350325,-0.033425,-0.007));
#18151=CARTESIAN_POINT('',(-0.35395,-0.031425,-0.007));
#18152=CARTESIAN_POINT('',(-0.344324999999996,-0.031425,-0.007));
#18153=CARTESIAN_POINT('',(-0.344324999999996,-0.031425,-0.007));
#18154=CARTESIAN_POINT('',(-0.35395,-0.031425,-0.007));
#18155=CARTESIAN_POINT('',(-0.356325,-0.031425,-0.007));
#18156=CARTESIAN_POINT('',(-0.356325,-0.031425,-0.007));
#18157=CARTESIAN_POINT('',(-0.344324999999996,-0.0245,-0.007));
#18158=CARTESIAN_POINT('',(-0.344324999999996,-0.017575,-0.007));
#18159=CARTESIAN_POINT('',(-0.344324999999996,-0.017575,-0.007));
#18160=CARTESIAN_POINT('',(-0.344324999999996,-0.0245,-0.007));
#18161=CARTESIAN_POINT('',(-0.350325,-0.017575,-0.007));
#18162=CARTESIAN_POINT('',(-0.356325,-0.017575,-0.007));
#18163=CARTESIAN_POINT('',(-0.356325,-0.017575,-0.007));
#18164=CARTESIAN_POINT('',(-0.350325,-0.017575,-0.007));
#18165=CARTESIAN_POINT('',(-0.356325,-0.0245,-0.007));
#18166=CARTESIAN_POINT('',(-0.356325,-0.0245,-0.007));
#18167=CARTESIAN_POINT('',(-0.350325,-0.0245,-0.007));
#18168=CARTESIAN_POINT('',(-0.350325,-0.0245,0.02));
#18169=CARTESIAN_POINT('',(-0.350325,-0.0245,-0.002));
#18170=CARTESIAN_POINT('',(-0.346575,-0.0245,-0.002));
#18171=CARTESIAN_POINT('',(-0.310974999999996,-0.030825,-0.003));
#18172=CARTESIAN_POINT('',(-0.310974999999996,-0.031425,-0.003));
#18173=CARTESIAN_POINT('',(-0.310974999999996,-0.031425,-0.003));
#18174=CARTESIAN_POINT('',(-0.310974999999996,-0.030825,-0.003));
#18175=CARTESIAN_POINT('',(-0.310974999999996,-0.030225,-0.003));
#18176=CARTESIAN_POINT('',(-0.310974999999996,-0.030225,-0.003));
#18177=CARTESIAN_POINT('',(-0.313474999999996,-0.030825,-0.003));
#18178=CARTESIAN_POINT('',(-0.313474999999996,-0.030225,-0.003));
#18179=CARTESIAN_POINT('',(-0.313474999999996,-0.030225,-0.003));
#18180=CARTESIAN_POINT('',(-0.313474999999996,-0.030825,-0.003));
#18181=CARTESIAN_POINT('',(-0.313474999999996,-0.031425,-0.003));
#18182=CARTESIAN_POINT('',(-0.313474999999996,-0.031425,-0.003));
#18183=CARTESIAN_POINT('',(-0.312224999999996,-0.030225,-0.003));
#18184=CARTESIAN_POINT('',(-0.312224999999996,-0.030225,-0.003));
#18185=CARTESIAN_POINT('',(-0.312224999999996,-0.0245,-0.003));
#18186=CARTESIAN_POINT('',(-0.312224999999996,-0.031425,-0.003));
#18187=CARTESIAN_POINT('',(-0.320224999999996,-0.0245,-0.007));
#18188=CARTESIAN_POINT('',(-0.320224999999996,-0.0245,-0.005));
#18189=CARTESIAN_POINT('',(-0.320224999999996,-0.015575,-0.005));
#18190=CARTESIAN_POINT('',(-0.320224999999996,-0.033425,-0.005));
#18191=CARTESIAN_POINT('',(-0.320224999999996,-0.015575,-0.007));
#18192=CARTESIAN_POINT('',(-0.320224999999996,-0.015575,-0.007));
#18193=CARTESIAN_POINT('',(-0.320224999999996,-0.0245,-0.007));
#18194=CARTESIAN_POINT('',(-0.320224999999996,-0.033425,-0.007));
#18195=CARTESIAN_POINT('',(-0.320224999999996,-0.033425,-0.007));
#18196=CARTESIAN_POINT('',(-0.312224999999996,-0.015575,-0.007));
#18197=CARTESIAN_POINT('',(-0.312224999999996,-0.015575,-0.005));
#18198=CARTESIAN_POINT('',(-0.304224999999996,-0.015575,-0.005));
#18199=CARTESIAN_POINT('',(-0.304224999999996,-0.015575,-0.007));
#18200=CARTESIAN_POINT('',(-0.304224999999996,-0.015575,-0.007));
#18201=CARTESIAN_POINT('',(-0.312224999999996,-0.015575,-0.007));
#18202=CARTESIAN_POINT('',(-0.304224999999996,-0.0245,-0.007));
#18203=CARTESIAN_POINT('',(-0.304224999999996,-0.0245,-0.005));
#18204=CARTESIAN_POINT('',(-0.304224999999996,-0.033425,-0.005));
#18205=CARTESIAN_POINT('',(-0.304224999999996,-0.033425,-0.007));
#18206=CARTESIAN_POINT('',(-0.304224999999996,-0.033425,-0.007));
#18207=CARTESIAN_POINT('',(-0.304224999999996,-0.0245,-0.007));
#18208=CARTESIAN_POINT('',(-0.312224999999996,-0.033425,-0.007));
#18209=CARTESIAN_POINT('',(-0.312224999999996,-0.033425,-0.005));
#18210=CARTESIAN_POINT('',(-0.312224999999996,-0.033425,-0.007));
#18211=CARTESIAN_POINT('',(-0.315849999999996,-0.031425,-0.007));
#18212=CARTESIAN_POINT('',(-0.306224999999996,-0.031425,-0.007));
#18213=CARTESIAN_POINT('',(-0.306224999999996,-0.031425,-0.007));
#18214=CARTESIAN_POINT('',(-0.315849999999996,-0.031425,-0.007));
#18215=CARTESIAN_POINT('',(-0.318224999999996,-0.031425,-0.007));
#18216=CARTESIAN_POINT('',(-0.318224999999996,-0.031425,-0.007));
#18217=CARTESIAN_POINT('',(-0.306224999999996,-0.0245,-0.007));
#18218=CARTESIAN_POINT('',(-0.306224999999996,-0.017575,-0.007));
#18219=CARTESIAN_POINT('',(-0.306224999999996,-0.017575,-0.007));
#18220=CARTESIAN_POINT('',(-0.306224999999996,-0.0245,-0.007));
#18221=CARTESIAN_POINT('',(-0.312224999999996,-0.017575,-0.007));
#18222=CARTESIAN_POINT('',(-0.318224999999996,-0.017575,-0.007));
#18223=CARTESIAN_POINT('',(-0.318224999999996,-0.017575,-0.007));
#18224=CARTESIAN_POINT('',(-0.312224999999996,-0.017575,-0.007));
#18225=CARTESIAN_POINT('',(-0.318224999999996,-0.0245,-0.007));
#18226=CARTESIAN_POINT('',(-0.318224999999996,-0.0245,-0.007));
#18227=CARTESIAN_POINT('',(-0.312224999999996,-0.0245,-0.007));
#18228=CARTESIAN_POINT('',(-0.312224999999996,-0.0245,0.02));
#18229=CARTESIAN_POINT('',(-0.312224999999996,-0.0245,-0.002));
#18230=CARTESIAN_POINT('',(-0.308474999999997,-0.0245,-0.002));
#18231=CARTESIAN_POINT('',(-0.204975,-0.124775,-0.005));
#18232=CARTESIAN_POINT('',(-0.274124999999996,-0.015575,-0.005));
#18233=CARTESIAN_POINT('',(-0.266124999999996,-0.015575,-0.005));
#18234=CARTESIAN_POINT('',(-0.282124999999996,-0.015575,-0.005));
#18235=CARTESIAN_POINT('',(-0.282124999999996,-0.0245,-0.005));
#18236=CARTESIAN_POINT('',(-0.282124999999996,-0.033425,-0.005));
#18237=CARTESIAN_POINT('',(-0.274124999999996,-0.033425,-0.005));
#18238=CARTESIAN_POINT('',(-0.266124999999996,-0.033425,-0.005));
#18239=CARTESIAN_POINT('',(-0.266124999999996,-0.0245,-0.005));
#18240=CARTESIAN_POINT('',(-0.274124999999996,-0.0245,-0.005));
#18241=CARTESIAN_POINT('',(-0.258624999999996,-0.0245,-0.005));
#18242=CARTESIAN_POINT('',(-0.021525,-0.0457249999999992,-0.00165));
#18243=CARTESIAN_POINT('',(-0.021525,-0.0457249999999992,-0.0005));
#18244=CARTESIAN_POINT('',(-0.018875,-0.0457249999999992,-0.0005));
#18245=CARTESIAN_POINT('',(-0.021525,-0.0457249999999992,-0.00165));
#18246=CARTESIAN_POINT('',(-0.020025,-0.0457249999999992,-0.00165));
#18247=CARTESIAN_POINT('',(-0.021525,-0.165725,-0.0005));
#18248=CARTESIAN_POINT('',(-0.021525,-0.165725,-0.00165));
#18249=CARTESIAN_POINT('',(-0.020025,-0.165725,-0.00165));
#18250=CARTESIAN_POINT('',(-0.021525,-0.165725,-0.0005));
#18251=CARTESIAN_POINT('',(-0.018875,-0.165725,-0.0005));
#18252=CARTESIAN_POINT('',(-0.021525,-0.165725,-0.0005));
#18253=CARTESIAN_POINT('',(-0.021525,-0.165725,-0.0005));
#18254=CARTESIAN_POINT('',(-0.01885,-0.165725,-0.0005));
#18255=CARTESIAN_POINT('',(-0.021525,-0.105725,-0.0005));
#18256=CARTESIAN_POINT('',(-0.021525,-0.0457249999999992,-0.0005));
#18257=CARTESIAN_POINT('',(-0.021525,-0.0457249999999992,-0.0005));
#18258=CARTESIAN_POINT('',(-0.01885,-0.0457249999999992,-0.0005));
#18259=CARTESIAN_POINT('',(-0.021525,-0.105725,-0.0005));
#18260=CARTESIAN_POINT('',(-0.021525,-0.165725,-0.025));
#18261=CARTESIAN_POINT('',(-0.0215250000000005,-0.160725,-0.025));
#18262=CARTESIAN_POINT('',(-0.0225250000000005,-0.160725,-0.025));
#18263=CARTESIAN_POINT('',(-0.0205250000000005,-0.160725,-0.025));
#18264=CARTESIAN_POINT('',(-0.0205250000000005,-0.105725,-0.025));
#18265=CARTESIAN_POINT('',(-0.0205250000000005,-0.0507249999999993,-0.025));
#18266=CARTESIAN_POINT('',(-0.0215250000000005,-0.0507249999999993,-0.025));
#18267=CARTESIAN_POINT('',(-0.0225250000000005,-0.0507249999999993,-0.025));
#18268=CARTESIAN_POINT('',(-0.0225250000000005,-0.105725,-0.025));
#18269=CARTESIAN_POINT('',(-0.021525,-0.0457249999999992,-0.025));
#18270=CARTESIAN_POINT('',(-0.388425,-0.081,-0.00165));
#18271=CARTESIAN_POINT('',(-0.388425,-0.081,-0.0005));
#18272=CARTESIAN_POINT('',(-0.385775,-0.081,-0.0005));
#18273=CARTESIAN_POINT('',(-0.388425,-0.081,-0.00165));
#18274=CARTESIAN_POINT('',(-0.386925,-0.081,-0.00165));
#18275=CARTESIAN_POINT('',(-0.388425,-0.201,-0.0005));
#18276=CARTESIAN_POINT('',(-0.388425,-0.201,-0.00165));
#18277=CARTESIAN_POINT('',(-0.386925,-0.201,-0.00165));
#18278=CARTESIAN_POINT('',(-0.388425,-0.201,-0.0005));
#18279=CARTESIAN_POINT('',(-0.385775,-0.201,-0.0005));
#18280=CARTESIAN_POINT('',(-0.388425,-0.201,-0.0005));
#18281=CARTESIAN_POINT('',(-0.388425,-0.201,-0.0005));
#18282=CARTESIAN_POINT('',(-0.38575,-0.201,-0.0005));
#18283=CARTESIAN_POINT('',(-0.388425,-0.141,-0.0005));
#18284=CARTESIAN_POINT('',(-0.388425,-0.081,-0.0005));
#18285=CARTESIAN_POINT('',(-0.388425,-0.081,-0.0005));
#18286=CARTESIAN_POINT('',(-0.38575,-0.081,-0.0005));
#18287=CARTESIAN_POINT('',(-0.388425,-0.141,-0.0005));
#18288=CARTESIAN_POINT('',(-0.388425,-0.201,-0.025));
#18289=CARTESIAN_POINT('',(-0.388425,-0.196,-0.025));
#18290=CARTESIAN_POINT('',(-0.389425,-0.196,-0.025));
#18291=CARTESIAN_POINT('',(-0.387425,-0.196,-0.025));
#18292=CARTESIAN_POINT('',(-0.387425,-0.141,-0.025));
#18293=CARTESIAN_POINT('',(-0.387425,-0.086,-0.025));
#18294=CARTESIAN_POINT('',(-0.388425,-0.086,-0.025));
#18295=CARTESIAN_POINT('',(-0.389425,-0.086,-0.025));
#18296=CARTESIAN_POINT('',(-0.389425,-0.141,-0.025));
#18297=CARTESIAN_POINT('',(-0.388425,-0.081,-0.025));
#18298=CARTESIAN_POINT('',(-0.350325,-0.081,-0.00165));
#18299=CARTESIAN_POINT('',(-0.350325,-0.081,-0.0005));
#18300=CARTESIAN_POINT('',(-0.347675,-0.081,-0.0005));
#18301=CARTESIAN_POINT('',(-0.350325,-0.081,-0.00165));
#18302=CARTESIAN_POINT('',(-0.348825,-0.081,-0.00165));
#18303=CARTESIAN_POINT('',(-0.350325,-0.201,-0.0005));
#18304=CARTESIAN_POINT('',(-0.350325,-0.201,-0.00165));
#18305=CARTESIAN_POINT('',(-0.348825,-0.201,-0.00165));
#18306=CARTESIAN_POINT('',(-0.350325,-0.201,-0.0005));
#18307=CARTESIAN_POINT('',(-0.347675,-0.201,-0.0005));
#18308=CARTESIAN_POINT('',(-0.350325,-0.201,-0.0005));
#18309=CARTESIAN_POINT('',(-0.350325,-0.201,-0.0005));
#18310=CARTESIAN_POINT('',(-0.34765,-0.201,-0.0005));
#18311=CARTESIAN_POINT('',(-0.350325,-0.141,-0.0005));
#18312=CARTESIAN_POINT('',(-0.350325,-0.081,-0.0005));
#18313=CARTESIAN_POINT('',(-0.350325,-0.081,-0.0005));
#18314=CARTESIAN_POINT('',(-0.34765,-0.081,-0.0005));
#18315=CARTESIAN_POINT('',(-0.350325,-0.141,-0.0005));
#18316=CARTESIAN_POINT('',(-0.350325,-0.201,-0.025));
#18317=CARTESIAN_POINT('',(-0.350325,-0.196,-0.025));
#18318=CARTESIAN_POINT('',(-0.351325,-0.196,-0.025));
#18319=CARTESIAN_POINT('',(-0.349325,-0.196,-0.025));
#18320=CARTESIAN_POINT('',(-0.349325,-0.141,-0.025));
#18321=CARTESIAN_POINT('',(-0.349325,-0.086,-0.025));
#18322=CARTESIAN_POINT('',(-0.350325,-0.086,-0.025));
#18323=CARTESIAN_POINT('',(-0.351325,-0.086,-0.025));
#18324=CARTESIAN_POINT('',(-0.351325,-0.141,-0.025));
#18325=CARTESIAN_POINT('',(-0.350325,-0.081,-0.025));
#18326=CARTESIAN_POINT('',(-0.312224999999996,-0.081,-0.00165));
#18327=CARTESIAN_POINT('',(-0.312224999999996,-0.081,-0.0005));
#18328=CARTESIAN_POINT('',(-0.309574999999996,-0.081,-0.0005));
#18329=CARTESIAN_POINT('',(-0.312224999999996,-0.081,-0.00165));
#18330=CARTESIAN_POINT('',(-0.310724999999996,-0.081,-0.00165));
#18331=CARTESIAN_POINT('',(-0.312224999999996,-0.201,-0.0005));
#18332=CARTESIAN_POINT('',(-0.312224999999996,-0.201,-0.00165));
#18333=CARTESIAN_POINT('',(-0.310724999999996,-0.201,-0.00165));
#18334=CARTESIAN_POINT('',(-0.312224999999996,-0.201,-0.0005));
#18335=CARTESIAN_POINT('',(-0.309574999999996,-0.201,-0.0005));
#18336=CARTESIAN_POINT('',(-0.312224999999996,-0.201,-0.0005));
#18337=CARTESIAN_POINT('',(-0.312224999999996,-0.201,-0.0005));
#18338=CARTESIAN_POINT('',(-0.309549999999996,-0.201,-0.0005));
#18339=CARTESIAN_POINT('',(-0.312224999999996,-0.141,-0.0005));
#18340=CARTESIAN_POINT('',(-0.312224999999996,-0.081,-0.0005));
#18341=CARTESIAN_POINT('',(-0.312224999999996,-0.081,-0.0005));
#18342=CARTESIAN_POINT('',(-0.309549999999996,-0.081,-0.0005));
#18343=CARTESIAN_POINT('',(-0.312224999999996,-0.141,-0.0005));
#18344=CARTESIAN_POINT('',(-0.312224999999996,-0.201,-0.025));
#18345=CARTESIAN_POINT('',(-0.312225,-0.196,-0.025));
#18346=CARTESIAN_POINT('',(-0.313225,-0.196,-0.025));
#18347=CARTESIAN_POINT('',(-0.311225,-0.196,-0.025));
#18348=CARTESIAN_POINT('',(-0.311225,-0.141,-0.025));
#18349=CARTESIAN_POINT('',(-0.311225,-0.086,-0.025));
#18350=CARTESIAN_POINT('',(-0.312225,-0.086,-0.025));
#18351=CARTESIAN_POINT('',(-0.313225,-0.086,-0.025));
#18352=CARTESIAN_POINT('',(-0.313225,-0.141,-0.025));
#18353=CARTESIAN_POINT('',(-0.312224999999996,-0.081,-0.025));
#18354=CARTESIAN_POINT('',(-0.274124999999996,-0.201,-0.025));
#18355=CARTESIAN_POINT('',(-0.274124999999996,-0.201,-0.00165));
#18356=CARTESIAN_POINT('',(-0.272624999999996,-0.201,-0.00165));
#18357=CARTESIAN_POINT('',(-0.274124999999996,-0.081,-0.025));
#18358=CARTESIAN_POINT('',(-0.274124999999996,-0.081,-0.00165));
#18359=CARTESIAN_POINT('',(-0.272624999999996,-0.081,-0.00165));
#18360=CARTESIAN_POINT('',(0.,-0.124775,0.));
#18361=CARTESIAN_POINT('',(-0.00367851687833026,-0.127611036185892,-0.0348849231783568));
#18362=CARTESIAN_POINT('',(-0.00271771130366471,-0.240936851708041,-0.0257731996848496));
#18363=CARTESIAN_POINT('',(-0.00462321960325706,-0.0161845316450615,-0.0438439365730201));
#18364=CARTESIAN_POINT('',(-0.00220250387518956,-0.0118896114875546,-0.0208872708831765));
#18365=CARTESIAN_POINT('',(-0.000298166115593118,-0.241498888352347,-0.00282763471825536));
#18366=CARTESIAN_POINT('',(-0.409952,1.04083408558608E-17,1.66533453693773E-16));
#18367=CARTESIAN_POINT('',(-0.07,-0.0046215032579192,-0.024702276500097));
#18368=CARTESIAN_POINT('',(-0.0745,-0.0046215032579192,-0.024702276500097));
#18369=CARTESIAN_POINT('',(-0.0655,-0.0046215032579192,-0.024702276500097));
#18370=CARTESIAN_POINT('',(-0.0745,-0.00498929814790095,-0.0266681673716622));
#18371=CARTESIAN_POINT('',(-0.0765,-0.00498929814790095,-0.0266681673716622));
#18372=CARTESIAN_POINT('',(-0.0765,-0.00576166741686263,-0.030796538201949));
#18373=CARTESIAN_POINT('',(-0.0765,-0.00557776997187175,-0.0298135927661664));
#18374=CARTESIAN_POINT('',(-0.0745,-0.00557776997187175,-0.0298135927661664));
#18375=CARTESIAN_POINT('',(-0.0745,-0.00594556486185351,-0.0317794836377316));
#18376=CARTESIAN_POINT('',(-0.07,-0.00594556486185351,-0.0317794836377316));
#18377=CARTESIAN_POINT('',(-0.0655,-0.00594556486185351,-0.0317794836377316));
#18378=CARTESIAN_POINT('',(-0.0655,-0.00557776997187176,-0.0298135927661665));
#18379=CARTESIAN_POINT('',(-0.0635,-0.00557776997187176,-0.0298135927661665));
#18380=CARTESIAN_POINT('',(-0.0635,-0.00576166741686263,-0.030796538201949));
#18381=CARTESIAN_POINT('',(-0.0635,-0.00498929814790095,-0.0266681673716622));
#18382=CARTESIAN_POINT('',(-0.0655,-0.00498929814790095,-0.0266681673716622));
#18383=CARTESIAN_POINT('',(-0.0121627037314665,-0.00758216412162415,-0.0405272276462279));
#18384=CARTESIAN_POINT('',(-0.0125791106697018,-0.00832096815880068,-0.0444761898317354));
#18385=CARTESIAN_POINT('',(-0.409952,-0.00832096815880068,-0.0444761898317354));
#18386=CARTESIAN_POINT('',(-0.397370889330295,-0.00832096815880068,-0.0444761898317354));
#18387=CARTESIAN_POINT('',(-0.402144653205065,0.000148813920607984,0.00079542140484773));
#18388=CARTESIAN_POINT('',(-0.409952,-0.24955,-2.08166817117217E-17));
#18389=CARTESIAN_POINT('',(-0.409952,-0.248934452895147,-0.0251301694071279));
#18390=CARTESIAN_POINT('',(-0.399276397629887,-0.248934452895147,-0.0251301694071279));
#18391=CARTESIAN_POINT('',(-0.0106736023701094,-0.248934452895147,-0.0251301694071279));
#18392=CARTESIAN_POINT('',(-0.0124410142679105,-0.248523900425599,-0.041891280017361));
#18393=CARTESIAN_POINT('',(-0.402014508114332,-0.249570489136999,0.00083648429138503));
#18394=CARTESIAN_POINT('',(-0.409952,-0.127580049088359,-0.0348874146306644));
#18395=CARTESIAN_POINT('',(-0.397283737884504,-0.016339158847646,-0.0438315040984949));
#18396=CARTESIAN_POINT('',(-0.399187760651558,-0.240916262206301,-0.0257748551403684));
#18397=CARTESIAN_POINT('',(-0.0107622393484379,-0.240916262206301,-0.0257748551403684));
#18398=CARTESIAN_POINT('',(-0.0126662621154928,-0.0163391588476461,-0.0438315040984949));
#18399=CARTESIAN_POINT('',(-0.0126662621154928,-0.0163391588476461,-0.0438315040984949));
#18400=CARTESIAN_POINT('',(-0.0107622393484379,-0.240916262206301,-0.0257748551403684));
#18401=CARTESIAN_POINT('',(-0.399187760651558,-0.240916262206301,-0.0257748551403684));
#18402=CARTESIAN_POINT('',(-0.407232288696332,-0.240936851708041,-0.0257731996848496));
#18403=CARTESIAN_POINT('',(-0.406271483264494,-0.127611053032293,-0.0348849218238575));
#18404=CARTESIAN_POINT('',(-0.405326780396739,-0.0161845316450614,-0.0438439365730201));
#18405=CARTESIAN_POINT('',(-0.397283737884504,-0.016339158847646,-0.0438315040984949));
#18406=CARTESIAN_POINT('',(-0.40995,-0.124775,0.));
#18407=CARTESIAN_POINT('',(-0.407747496124807,-0.0118896114875546,-0.0208872708831765));
#18408=CARTESIAN_POINT('',(-0.409651833884404,-0.241498888352347,-0.00282763471825536));
#18409=CARTESIAN_POINT('',(-0.0101583949416343,-0.0118896114875546,-0.0200483445819647));
#18410=CARTESIAN_POINT('',(-0.00825405718203786,-0.241498888352347,-0.00198870841704363));
#18411=CARTESIAN_POINT('',(-0.402144653205065,-0.00771474956565274,0.00226660096477475));
#18412=CARTESIAN_POINT('',(-0.402014508114332,-0.241572887949894,0.00103238031487506));
#18413=CARTESIAN_POINT('',(-0.274124999999996,-0.0245,-0.002));
#18414=CARTESIAN_POINT('',(-0.274124999999996,-0.0245,-0.002));
#18415=CARTESIAN_POINT('',(-0.261624999999996,-0.0245,-0.002));
#18416=CARTESIAN_POINT('',(-0.204975,-0.124775,-0.002));
#18417=CARTESIAN_POINT('',(-0.274124999999996,-0.0245,-0.002));
#18418=CARTESIAN_POINT('',(-0.270374999999996,-0.0245,-0.002));
#18419=CARTESIAN_POINT('',(-0.312224999999996,-0.0245,-0.002));
#18420=CARTESIAN_POINT('',(-0.312224999999996,-0.0245,-0.002));
#18421=CARTESIAN_POINT('',(-0.299724999999996,-0.0245,-0.002));
#18422=CARTESIAN_POINT('',(-0.204975,-0.124775,-0.002));
#18423=CARTESIAN_POINT('',(-0.350325,-0.0245,-0.002));
#18424=CARTESIAN_POINT('',(-0.350325,-0.0245,-0.002));
#18425=CARTESIAN_POINT('',(-0.337825,-0.0245,-0.002));
#18426=CARTESIAN_POINT('',(-0.204975,-0.124775,-0.002));
#18427=CARTESIAN_POINT('',(-0.388425,-0.0245,-0.002));
#18428=CARTESIAN_POINT('',(-0.388425,-0.0245,-0.002));
#18429=CARTESIAN_POINT('',(-0.375925,-0.0245,-0.002));
#18430=CARTESIAN_POINT('',(-0.204975,-0.124775,-0.002));
#18431=CARTESIAN_POINT('',(-0.0101583949416343,-0.0118896114875546,-0.0200483445819647));
#18432=CARTESIAN_POINT('',(-0.00825405718203786,-0.241498888352347,-0.00198870841704363));
#18433=CARTESIAN_POINT('',(-0.402144653205065,-0.00771474956565274,0.00226660096477475));
#18434=CARTESIAN_POINT('',(-0.402014508114332,-0.241572887949894,0.00103238031487506));
#18435=CARTESIAN_POINT('',(-0.274124999999996,-0.0245,-0.002));
#18436=CARTESIAN_POINT('',(-0.204975,-0.124775,-0.005));
#18437=CARTESIAN_POINT('',(-0.277749999999996,-0.031425,-0.005));
#18438=CARTESIAN_POINT('',(-0.268124999999996,-0.031425,-0.005));
#18439=CARTESIAN_POINT('',(-0.272874999999996,-0.031425,-0.005));
#18440=CARTESIAN_POINT('',(-0.272874999999996,-0.030825,-0.005));
#18441=CARTESIAN_POINT('',(-0.272874999999996,-0.030225,-0.005));
#18442=CARTESIAN_POINT('',(-0.274124999999996,-0.030225,-0.005));
#18443=CARTESIAN_POINT('',(-0.275374999999996,-0.030225,-0.005));
#18444=CARTESIAN_POINT('',(-0.275374999999996,-0.030825,-0.005));
#18445=CARTESIAN_POINT('',(-0.275374999999996,-0.031425,-0.005));
#18446=CARTESIAN_POINT('',(-0.277749999999996,-0.031425,-0.005));
#18447=CARTESIAN_POINT('',(-0.280124999999996,-0.031425,-0.005));
#18448=CARTESIAN_POINT('',(-0.280124999999996,-0.0245,-0.005));
#18449=CARTESIAN_POINT('',(-0.280124999999996,-0.017575,-0.005));
#18450=CARTESIAN_POINT('',(-0.274124999999996,-0.017575,-0.005));
#18451=CARTESIAN_POINT('',(-0.268124999999996,-0.017575,-0.005));
#18452=CARTESIAN_POINT('',(-0.268124999999996,-0.0245,-0.005));
#18453=CARTESIAN_POINT('',(-0.274124999999996,-0.0245,-0.005));
#18454=CARTESIAN_POINT('',(-0.277874999999996,-0.0245,-0.005));
#18455=CARTESIAN_POINT('',(-0.312224999999996,-0.0245,-0.002));
#18456=CARTESIAN_POINT('',(-0.312224999999996,-0.0245,-0.005));
#18457=CARTESIAN_POINT('',(-0.296724999999996,-0.0245,-0.005));
#18458=CARTESIAN_POINT('',(-0.204975,-0.124775,-0.005));
#18459=CARTESIAN_POINT('',(-0.350325,-0.0245,-0.002));
#18460=CARTESIAN_POINT('',(-0.350325,-0.0245,-0.005));
#18461=CARTESIAN_POINT('',(-0.334825,-0.0245,-0.005));
#18462=CARTESIAN_POINT('',(-0.204975,-0.124775,-0.005));
#18463=CARTESIAN_POINT('',(-0.388425,-0.0245,-0.002));
#18464=CARTESIAN_POINT('',(-0.388425,-0.0245,-0.005));
#18465=CARTESIAN_POINT('',(-0.372925,-0.0245,-0.005));
#18466=CARTESIAN_POINT('',(-0.204975,-0.124775,-0.005));
#18467=CARTESIAN_POINT('',(-0.274125,-0.196,-0.025));
#18468=CARTESIAN_POINT('',(-0.275125,-0.196,-0.025));
#18469=CARTESIAN_POINT('',(-0.273125,-0.196,-0.025));
#18470=CARTESIAN_POINT('',(-0.273125,-0.141,-0.025));
#18471=CARTESIAN_POINT('',(-0.273125,-0.086,-0.025));
#18472=CARTESIAN_POINT('',(-0.274125,-0.086,-0.025));
#18473=CARTESIAN_POINT('',(-0.275125,-0.086,-0.025));
#18474=CARTESIAN_POINT('',(-0.275125,-0.141,-0.025));
#18475=CARTESIAN_POINT('',(-0.274124999999996,-0.081,-0.0005));
#18476=CARTESIAN_POINT('',(-0.274124999999996,-0.081,-0.0005));
#18477=CARTESIAN_POINT('',(-0.271449999999996,-0.081,-0.0005));
#18478=CARTESIAN_POINT('',(-0.274124999999996,-0.141,-0.0005));
#18479=CARTESIAN_POINT('',(-0.274124999999996,-0.081,-0.0005));
#18480=CARTESIAN_POINT('',(-0.271474999999996,-0.081,-0.0005));
#18481=CARTESIAN_POINT('',(-0.274124999999996,-0.201,-0.0005));
#18482=CARTESIAN_POINT('',(-0.274124999999996,-0.201,-0.0005));
#18483=CARTESIAN_POINT('',(-0.271449999999996,-0.201,-0.0005));
#18484=CARTESIAN_POINT('',(-0.274124999999996,-0.141,-0.0005));
#18485=CARTESIAN_POINT('',(-0.274124999999996,-0.201,-0.0005));
#18486=CARTESIAN_POINT('',(-0.271474999999996,-0.201,-0.0005));
#18487=CARTESIAN_POINT('',(-0.274124999999996,-0.201,-0.0005));
#18488=CARTESIAN_POINT('',(-0.274124999999996,-0.081,-0.00165));
#18489=CARTESIAN_POINT('',(-0.274124999999996,-0.0245,0.02));
#18490=CARTESIAN_POINT('',(-0.277749999999996,-0.031425,-0.007));
#18491=CARTESIAN_POINT('',(-0.268124999999996,-0.031425,-0.007));
#18492=CARTESIAN_POINT('',(-0.268124999999996,-0.031425,-0.007));
#18493=CARTESIAN_POINT('',(-0.277749999999996,-0.031425,-0.007));
#18494=CARTESIAN_POINT('',(-0.280124999999996,-0.031425,-0.007));
#18495=CARTESIAN_POINT('',(-0.280124999999996,-0.031425,-0.007));
#18496=CARTESIAN_POINT('',(-0.275374999999996,-0.031425,-0.003));
#18497=CARTESIAN_POINT('',(-0.275374999999996,-0.031425,-0.003));
#18498=CARTESIAN_POINT('',(-0.274124999999996,-0.031425,-0.003));
#18499=CARTESIAN_POINT('',(-0.272874999999996,-0.031425,-0.003));
#18500=CARTESIAN_POINT('',(-0.272874999999996,-0.031425,-0.003));
#18501=CARTESIAN_POINT('',(-0.268124999999996,-0.0245,-0.007));
#18502=CARTESIAN_POINT('',(-0.268124999999996,-0.017575,-0.007));
#18503=CARTESIAN_POINT('',(-0.268124999999996,-0.017575,-0.007));
#18504=CARTESIAN_POINT('',(-0.268124999999996,-0.0245,-0.007));
#18505=CARTESIAN_POINT('',(-0.274124999999996,-0.017575,-0.007));
#18506=CARTESIAN_POINT('',(-0.280124999999996,-0.017575,-0.007));
#18507=CARTESIAN_POINT('',(-0.280124999999996,-0.017575,-0.007));
#18508=CARTESIAN_POINT('',(-0.274124999999996,-0.017575,-0.007));
#18509=CARTESIAN_POINT('',(-0.282124999999996,-0.0245,-0.007));
#18510=CARTESIAN_POINT('',(-0.282124999999996,-0.015575,-0.007));
#18511=CARTESIAN_POINT('',(-0.282124999999996,-0.015575,-0.007));
#18512=CARTESIAN_POINT('',(-0.282124999999996,-0.0245,-0.007));
#18513=CARTESIAN_POINT('',(-0.282124999999996,-0.033425,-0.007));
#18514=CARTESIAN_POINT('',(-0.282124999999996,-0.033425,-0.007));
#18515=CARTESIAN_POINT('',(-0.274124999999996,-0.015575,-0.007));
#18516=CARTESIAN_POINT('',(-0.266124999999996,-0.015575,-0.007));
#18517=CARTESIAN_POINT('',(-0.266124999999996,-0.015575,-0.007));
#18518=CARTESIAN_POINT('',(-0.274124999999996,-0.015575,-0.007));
#18519=CARTESIAN_POINT('',(-0.266124999999996,-0.0245,-0.007));
#18520=CARTESIAN_POINT('',(-0.266124999999996,-0.033425,-0.007));
#18521=CARTESIAN_POINT('',(-0.266124999999996,-0.033425,-0.007));
#18522=CARTESIAN_POINT('',(-0.266124999999996,-0.0245,-0.007));
#18523=CARTESIAN_POINT('',(-0.274124999999996,-0.033425,-0.007));
#18524=CARTESIAN_POINT('',(-0.274124999999996,-0.033425,-0.007));
#18525=CARTESIAN_POINT('',(-0.280124999999996,-0.0245,-0.007));
#18526=CARTESIAN_POINT('',(-0.280124999999996,-0.0245,-0.007));
#18527=CARTESIAN_POINT('',(-0.274124999999996,-0.0245,-0.007));
#18528=CARTESIAN_POINT('',(-0.272874999999996,-0.030825,-0.003));
#18529=CARTESIAN_POINT('',(-0.272874999999996,-0.030825,-0.003));
#18530=CARTESIAN_POINT('',(-0.272874999999996,-0.030225,-0.003));
#18531=CARTESIAN_POINT('',(-0.272874999999996,-0.030225,-0.003));
#18532=CARTESIAN_POINT('',(-0.275374999999996,-0.030825,-0.003));
#18533=CARTESIAN_POINT('',(-0.275374999999996,-0.030225,-0.003));
#18534=CARTESIAN_POINT('',(-0.275374999999996,-0.030225,-0.003));
#18535=CARTESIAN_POINT('',(-0.275374999999996,-0.030825,-0.003));
#18536=CARTESIAN_POINT('',(-0.274124999999996,-0.030225,-0.003));
#18537=CARTESIAN_POINT('',(-0.274124999999996,-0.030225,-0.003));
#18538=CARTESIAN_POINT('',(-0.274124999999996,-0.0245,-0.003));
#18539=CARTESIAN_POINT('',(-0.264124999999997,-0.042,-0.001));
#18540=CARTESIAN_POINT('',(-0.264124999999997,-0.04375,-0.001));
#18541=CARTESIAN_POINT('',(-0.264124999999997,-0.04375,-0.001));
#18542=CARTESIAN_POINT('',(-0.264124999999997,-0.042,-0.001));
#18543=CARTESIAN_POINT('',(-0.264124999999997,-0.04025,-0.001));
#18544=CARTESIAN_POINT('',(-0.264124999999997,-0.04025,-0.001));
#18545=CARTESIAN_POINT('',(-0.274124999999996,-0.04375,-0.001));
#18546=CARTESIAN_POINT('',(-0.284124999999996,-0.04375,-0.001));
#18547=CARTESIAN_POINT('',(-0.284124999999996,-0.04375,-0.001));
#18548=CARTESIAN_POINT('',(-0.274124999999996,-0.04375,-0.001));
#18549=CARTESIAN_POINT('',(-0.284124999999996,-0.042,-0.001));
#18550=CARTESIAN_POINT('',(-0.284124999999996,-0.04025,-0.001));
#18551=CARTESIAN_POINT('',(-0.284124999999996,-0.04025,-0.001));
#18552=CARTESIAN_POINT('',(-0.284124999999996,-0.042,-0.001));
#18553=CARTESIAN_POINT('',(-0.274124999999996,-0.04025,-0.001));
#18554=CARTESIAN_POINT('',(-0.274124999999996,-0.04025,-0.001));
#18555=CARTESIAN_POINT('',(-0.204975,-0.125044466497459,-0.001));
#18556=CARTESIAN_POINT('',(-0.281624999999996,-0.0725,-0.001));
#18557=CARTESIAN_POINT('',(-0.281624999999996,-0.0705,-0.001));
#18558=CARTESIAN_POINT('',(-0.281624999999996,-0.0705,-0.001));
#18559=CARTESIAN_POINT('',(-0.281624999999996,-0.0725,-0.001));
#18560=CARTESIAN_POINT('',(-0.281624999999996,-0.0745,-0.001));
#18561=CARTESIAN_POINT('',(-0.281624999999996,-0.0745,-0.001));
#18562=CARTESIAN_POINT('',(-0.286874999999996,-0.0705,-0.001));
#18563=CARTESIAN_POINT('',(-0.292124999999996,-0.0705,-0.001));
#18564=CARTESIAN_POINT('',(-0.292124999999996,-0.0705,-0.001));
#18565=CARTESIAN_POINT('',(-0.286874999999996,-0.0705,-0.001));
#18566=CARTESIAN_POINT('',(-0.292124999999996,-0.058,-0.001));
#18567=CARTESIAN_POINT('',(-0.292124999999996,-0.0455,-0.001));
#18568=CARTESIAN_POINT('',(-0.292124999999996,-0.0455,-0.001));
#18569=CARTESIAN_POINT('',(-0.292124999999996,-0.058,-0.001));
#18570=CARTESIAN_POINT('',(-0.274124999999996,-0.0455,-0.001));
#18571=CARTESIAN_POINT('',(-0.256124999999996,-0.0455,-0.001));
#18572=CARTESIAN_POINT('',(-0.256124999999996,-0.0455,-0.001));
#18573=CARTESIAN_POINT('',(-0.274124999999996,-0.0455,-0.001));
#18574=CARTESIAN_POINT('',(-0.256124999999996,-0.058,-0.001));
#18575=CARTESIAN_POINT('',(-0.256124999999996,-0.0705,-0.001));
#18576=CARTESIAN_POINT('',(-0.256124999999996,-0.0705,-0.001));
#18577=CARTESIAN_POINT('',(-0.256124999999996,-0.058,-0.001));
#18578=CARTESIAN_POINT('',(-0.261374999999996,-0.0705,-0.001));
#18579=CARTESIAN_POINT('',(-0.266624999999996,-0.0705,-0.001));
#18580=CARTESIAN_POINT('',(-0.266624999999996,-0.0705,-0.001));
#18581=CARTESIAN_POINT('',(-0.261374999999996,-0.0705,-0.001));
#18582=CARTESIAN_POINT('',(-0.266624999999996,-0.0725,-0.001));
#18583=CARTESIAN_POINT('',(-0.266624999999996,-0.0745,-0.001));
#18584=CARTESIAN_POINT('',(-0.266624999999996,-0.0745,-0.001));
#18585=CARTESIAN_POINT('',(-0.266624999999996,-0.0725,-0.001));
#18586=CARTESIAN_POINT('',(-0.274124999999996,-0.0745,-0.001));
#18587=CARTESIAN_POINT('',(-0.274124999999996,-0.0745,-0.001));
#18588=CARTESIAN_POINT('',(-0.204975,-0.125044466497459,-0.001));
#18589=CARTESIAN_POINT('',(-0.288124999999996,-0.0565,-0.001));
#18590=CARTESIAN_POINT('',(-0.288124999999996,-0.0625,-0.001));
#18591=CARTESIAN_POINT('',(-0.288124999999996,-0.0505,-0.001));
#18592=CARTESIAN_POINT('',(-0.287124999999996,-0.0625,-0.001));
#18593=CARTESIAN_POINT('',(-0.287124999999996,-0.0635,-0.001));
#18594=CARTESIAN_POINT('',(-0.274124999999996,-0.0635,-0.001));
#18595=CARTESIAN_POINT('',(-0.261124999999996,-0.0635,-0.001));
#18596=CARTESIAN_POINT('',(-0.261124999999996,-0.0625,-0.001));
#18597=CARTESIAN_POINT('',(-0.260124999999996,-0.0625,-0.001));
#18598=CARTESIAN_POINT('',(-0.260124999999996,-0.0565,-0.001));
#18599=CARTESIAN_POINT('',(-0.260124999999996,-0.0505,-0.001));
#18600=CARTESIAN_POINT('',(-0.261124999999996,-0.0505,-0.001));
#18601=CARTESIAN_POINT('',(-0.261124999999996,-0.0495,-0.001));
#18602=CARTESIAN_POINT('',(-0.274124999999996,-0.0495,-0.001));
#18603=CARTESIAN_POINT('',(-0.287124999999996,-0.0495,-0.001));
#18604=CARTESIAN_POINT('',(-0.287124999999996,-0.0505,-0.001));
#18605=CARTESIAN_POINT('',(-0.258774999999996,-0.07225,-0.0045));
#18606=CARTESIAN_POINT('',(-0.258774999999996,-0.07225,-0.0045));
#18607=CARTESIAN_POINT('',(-0.260374999999996,-0.07225,-0.0045));
#18608=CARTESIAN_POINT('',(-0.204975,-0.125044466497459,-0.0045));
#18609=CARTESIAN_POINT('',(-0.258774999999996,-0.04375,-0.0045));
#18610=CARTESIAN_POINT('',(-0.258774999999996,-0.04375,-0.0045));
#18611=CARTESIAN_POINT('',(-0.260374999999996,-0.04375,-0.0045));
#18612=CARTESIAN_POINT('',(-0.204975,-0.125044466497459,-0.0045));
#18613=CARTESIAN_POINT('',(-0.289474999999996,-0.04375,-0.0045));
#18614=CARTESIAN_POINT('',(-0.289474999999996,-0.04375,-0.0045));
#18615=CARTESIAN_POINT('',(-0.291074999999996,-0.04375,-0.0045));
#18616=CARTESIAN_POINT('',(-0.204975,-0.125044466497459,-0.0045));
#18617=CARTESIAN_POINT('',(-0.289474999999996,-0.07225,-0.0045));
#18618=CARTESIAN_POINT('',(-0.289474999999996,-0.07225,-0.0045));
#18619=CARTESIAN_POINT('',(-0.291074999999996,-0.07225,-0.0045));
#18620=CARTESIAN_POINT('',(-0.204975,-0.125044466497459,-0.0045));
#18621=CARTESIAN_POINT('',(-0.261124999999996,-0.0625,-0.001));
#18622=CARTESIAN_POINT('',(-0.259124999999996,-0.0625,-0.001));
#18623=CARTESIAN_POINT('',(-0.261124999999996,-0.0645,-0.001));
#18624=CARTESIAN_POINT('',(-0.409952,-0.0645,-0.001));
#18625=CARTESIAN_POINT('',(-0.287124999999996,-0.0645,-0.001));
#18626=CARTESIAN_POINT('',(-0.259124999999996,-0.124775,-0.001));
#18627=CARTESIAN_POINT('',(-0.259124999999996,-0.0505,-0.001));
#18628=CARTESIAN_POINT('',(-0.287124999999996,-0.0625,-0.001));
#18629=CARTESIAN_POINT('',(-0.289124999999996,-0.0625,-0.001));
#18630=CARTESIAN_POINT('',(-0.261124999999996,-0.0505,-0.001));
#18631=CARTESIAN_POINT('',(-0.261124999999996,-0.0485,-0.001));
#18632=CARTESIAN_POINT('',(-0.289124999999996,-0.0565,-0.001));
#18633=CARTESIAN_POINT('',(-0.289124999999996,-0.0505,-0.001));
#18634=CARTESIAN_POINT('',(-0.274124999999996,-0.0485,-0.001));
#18635=CARTESIAN_POINT('',(-0.287124999999996,-0.0485,-0.001));
#18636=CARTESIAN_POINT('',(-0.287124999999996,-0.0505,-0.001));
#18637=CARTESIAN_POINT('',(-0.302224999999996,-0.042,-0.001));
#18638=CARTESIAN_POINT('',(-0.302224999999996,-0.04375,-0.001));
#18639=CARTESIAN_POINT('',(-0.302224999999996,-0.04375,-0.001));
#18640=CARTESIAN_POINT('',(-0.302224999999996,-0.042,-0.001));
#18641=CARTESIAN_POINT('',(-0.302224999999996,-0.04025,-0.001));
#18642=CARTESIAN_POINT('',(-0.302224999999996,-0.04025,-0.001));
#18643=CARTESIAN_POINT('',(-0.312224999999996,-0.04375,-0.001));
#18644=CARTESIAN_POINT('',(-0.322224999999996,-0.04375,-0.001));
#18645=CARTESIAN_POINT('',(-0.322224999999996,-0.04375,-0.001));
#18646=CARTESIAN_POINT('',(-0.312224999999996,-0.04375,-0.001));
#18647=CARTESIAN_POINT('',(-0.322224999999996,-0.042,-0.001));
#18648=CARTESIAN_POINT('',(-0.322224999999996,-0.04025,-0.001));
#18649=CARTESIAN_POINT('',(-0.322224999999996,-0.04025,-0.001));
#18650=CARTESIAN_POINT('',(-0.322224999999996,-0.042,-0.001));
#18651=CARTESIAN_POINT('',(-0.312224999999996,-0.04025,-0.001));
#18652=CARTESIAN_POINT('',(-0.312224999999996,-0.04025,-0.001));
#18653=CARTESIAN_POINT('',(-0.243075,-0.125044466497459,-0.001));
#18654=CARTESIAN_POINT('',(-0.319724999999996,-0.0725,-0.001));
#18655=CARTESIAN_POINT('',(-0.319724999999996,-0.0705,-0.001));
#18656=CARTESIAN_POINT('',(-0.319724999999996,-0.0705,-0.001));
#18657=CARTESIAN_POINT('',(-0.319724999999996,-0.0725,-0.001));
#18658=CARTESIAN_POINT('',(-0.319724999999996,-0.0745,-0.001));
#18659=CARTESIAN_POINT('',(-0.319724999999996,-0.0745,-0.001));
#18660=CARTESIAN_POINT('',(-0.324974999999996,-0.0705,-0.001));
#18661=CARTESIAN_POINT('',(-0.330224999999996,-0.0705,-0.001));
#18662=CARTESIAN_POINT('',(-0.330224999999996,-0.0705,-0.001));
#18663=CARTESIAN_POINT('',(-0.324974999999996,-0.0705,-0.001));
#18664=CARTESIAN_POINT('',(-0.330224999999996,-0.058,-0.001));
#18665=CARTESIAN_POINT('',(-0.330224999999996,-0.0455,-0.001));
#18666=CARTESIAN_POINT('',(-0.330224999999996,-0.0455,-0.001));
#18667=CARTESIAN_POINT('',(-0.330224999999996,-0.058,-0.001));
#18668=CARTESIAN_POINT('',(-0.312224999999996,-0.0455,-0.001));
#18669=CARTESIAN_POINT('',(-0.294224999999996,-0.0455,-0.001));
#18670=CARTESIAN_POINT('',(-0.294224999999996,-0.0455,-0.001));
#18671=CARTESIAN_POINT('',(-0.312224999999996,-0.0455,-0.001));
#18672=CARTESIAN_POINT('',(-0.294224999999996,-0.058,-0.001));
#18673=CARTESIAN_POINT('',(-0.294224999999996,-0.0705,-0.001));
#18674=CARTESIAN_POINT('',(-0.294224999999996,-0.0705,-0.001));
#18675=CARTESIAN_POINT('',(-0.294224999999996,-0.058,-0.001));
#18676=CARTESIAN_POINT('',(-0.299474999999996,-0.0705,-0.001));
#18677=CARTESIAN_POINT('',(-0.304724999999996,-0.0705,-0.001));
#18678=CARTESIAN_POINT('',(-0.304724999999996,-0.0705,-0.001));
#18679=CARTESIAN_POINT('',(-0.299474999999996,-0.0705,-0.001));
#18680=CARTESIAN_POINT('',(-0.304724999999996,-0.0725,-0.001));
#18681=CARTESIAN_POINT('',(-0.304724999999996,-0.0745,-0.001));
#18682=CARTESIAN_POINT('',(-0.304724999999996,-0.0745,-0.001));
#18683=CARTESIAN_POINT('',(-0.304724999999996,-0.0725,-0.001));
#18684=CARTESIAN_POINT('',(-0.312224999999996,-0.0745,-0.001));
#18685=CARTESIAN_POINT('',(-0.312224999999996,-0.0745,-0.001));
#18686=CARTESIAN_POINT('',(-0.243075,-0.125044466497459,-0.001));
#18687=CARTESIAN_POINT('',(-0.326224999999996,-0.0565,-0.001));
#18688=CARTESIAN_POINT('',(-0.326224999999996,-0.0625,-0.001));
#18689=CARTESIAN_POINT('',(-0.326224999999996,-0.0505,-0.001));
#18690=CARTESIAN_POINT('',(-0.325224999999996,-0.0625,-0.001));
#18691=CARTESIAN_POINT('',(-0.325224999999996,-0.0635,-0.001));
#18692=CARTESIAN_POINT('',(-0.312224999999996,-0.0635,-0.001));
#18693=CARTESIAN_POINT('',(-0.299224999999996,-0.0635,-0.001));
#18694=CARTESIAN_POINT('',(-0.299224999999996,-0.0625,-0.001));
#18695=CARTESIAN_POINT('',(-0.298224999999996,-0.0625,-0.001));
#18696=CARTESIAN_POINT('',(-0.298224999999996,-0.0565,-0.001));
#18697=CARTESIAN_POINT('',(-0.298224999999996,-0.0505,-0.001));
#18698=CARTESIAN_POINT('',(-0.299224999999996,-0.0505,-0.001));
#18699=CARTESIAN_POINT('',(-0.299224999999996,-0.0495,-0.001));
#18700=CARTESIAN_POINT('',(-0.312224999999996,-0.0495,-0.001));
#18701=CARTESIAN_POINT('',(-0.325224999999996,-0.0495,-0.001));
#18702=CARTESIAN_POINT('',(-0.325224999999996,-0.0505,-0.001));
#18703=CARTESIAN_POINT('',(-0.296874999999996,-0.07225,-0.0045));
#18704=CARTESIAN_POINT('',(-0.296874999999996,-0.07225,-0.0045));
#18705=CARTESIAN_POINT('',(-0.298474999999996,-0.07225,-0.0045));
#18706=CARTESIAN_POINT('',(-0.243075,-0.125044466497459,-0.0045));
#18707=CARTESIAN_POINT('',(-0.296874999999996,-0.04375,-0.0045));
#18708=CARTESIAN_POINT('',(-0.296874999999996,-0.04375,-0.0045));
#18709=CARTESIAN_POINT('',(-0.298474999999996,-0.04375,-0.0045));
#18710=CARTESIAN_POINT('',(-0.243075,-0.125044466497459,-0.0045));
#18711=CARTESIAN_POINT('',(-0.327574999999996,-0.04375,-0.0045));
#18712=CARTESIAN_POINT('',(-0.327574999999996,-0.04375,-0.0045));
#18713=CARTESIAN_POINT('',(-0.329174999999996,-0.04375,-0.0045));
#18714=CARTESIAN_POINT('',(-0.243075,-0.125044466497459,-0.0045));
#18715=CARTESIAN_POINT('',(-0.327574999999996,-0.07225,-0.0045));
#18716=CARTESIAN_POINT('',(-0.327574999999996,-0.07225,-0.0045));
#18717=CARTESIAN_POINT('',(-0.329174999999996,-0.07225,-0.0045));
#18718=CARTESIAN_POINT('',(-0.243075,-0.125044466497459,-0.0045));
#18719=CARTESIAN_POINT('',(-0.299224999999996,-0.0625,-0.001));
#18720=CARTESIAN_POINT('',(-0.297224999999996,-0.0625,-0.001));
#18721=CARTESIAN_POINT('',(-0.299224999999996,-0.0645,-0.001));
#18722=CARTESIAN_POINT('',(-0.409952,-0.0645,-0.001));
#18723=CARTESIAN_POINT('',(-0.325224999999996,-0.0645,-0.001));
#18724=CARTESIAN_POINT('',(-0.297224999999996,-0.124775,-0.001));
#18725=CARTESIAN_POINT('',(-0.297224999999996,-0.0505,-0.001));
#18726=CARTESIAN_POINT('',(-0.325224999999996,-0.0625,-0.001));
#18727=CARTESIAN_POINT('',(-0.327224999999996,-0.0625,-0.001));
#18728=CARTESIAN_POINT('',(-0.299224999999996,-0.0505,-0.001));
#18729=CARTESIAN_POINT('',(-0.299224999999996,-0.0485,-0.001));
#18730=CARTESIAN_POINT('',(-0.327224999999996,-0.0565,-0.001));
#18731=CARTESIAN_POINT('',(-0.327224999999996,-0.0505,-0.001));
#18732=CARTESIAN_POINT('',(-0.312224999999996,-0.0485,-0.001));
#18733=CARTESIAN_POINT('',(-0.325224999999996,-0.0485,-0.001));
#18734=CARTESIAN_POINT('',(-0.325224999999996,-0.0505,-0.001));
#18735=CARTESIAN_POINT('',(-0.340324999999996,-0.042,-0.001));
#18736=CARTESIAN_POINT('',(-0.340324999999996,-0.04375,-0.001));
#18737=CARTESIAN_POINT('',(-0.340324999999996,-0.04375,-0.001));
#18738=CARTESIAN_POINT('',(-0.340324999999996,-0.042,-0.001));
#18739=CARTESIAN_POINT('',(-0.340324999999996,-0.04025,-0.001));
#18740=CARTESIAN_POINT('',(-0.340324999999996,-0.04025,-0.001));
#18741=CARTESIAN_POINT('',(-0.350325,-0.04375,-0.001));
#18742=CARTESIAN_POINT('',(-0.360325,-0.04375,-0.001));
#18743=CARTESIAN_POINT('',(-0.360325,-0.04375,-0.001));
#18744=CARTESIAN_POINT('',(-0.350325,-0.04375,-0.001));
#18745=CARTESIAN_POINT('',(-0.360325,-0.042,-0.001));
#18746=CARTESIAN_POINT('',(-0.360325,-0.04025,-0.001));
#18747=CARTESIAN_POINT('',(-0.360325,-0.04025,-0.001));
#18748=CARTESIAN_POINT('',(-0.360325,-0.042,-0.001));
#18749=CARTESIAN_POINT('',(-0.350325,-0.04025,-0.001));
#18750=CARTESIAN_POINT('',(-0.350325,-0.04025,-0.001));
#18751=CARTESIAN_POINT('',(-0.281175,-0.125044466497459,-0.001));
#18752=CARTESIAN_POINT('',(-0.357825,-0.0725,-0.001));
#18753=CARTESIAN_POINT('',(-0.357825,-0.0705,-0.001));
#18754=CARTESIAN_POINT('',(-0.357825,-0.0705,-0.001));
#18755=CARTESIAN_POINT('',(-0.357825,-0.0725,-0.001));
#18756=CARTESIAN_POINT('',(-0.357825,-0.0745,-0.001));
#18757=CARTESIAN_POINT('',(-0.357825,-0.0745,-0.001));
#18758=CARTESIAN_POINT('',(-0.363075,-0.0705,-0.001));
#18759=CARTESIAN_POINT('',(-0.368325,-0.0705,-0.001));
#18760=CARTESIAN_POINT('',(-0.368325,-0.0705,-0.001));
#18761=CARTESIAN_POINT('',(-0.363075,-0.0705,-0.001));
#18762=CARTESIAN_POINT('',(-0.368325,-0.058,-0.001));
#18763=CARTESIAN_POINT('',(-0.368325,-0.0455,-0.001));
#18764=CARTESIAN_POINT('',(-0.368325,-0.0455,-0.001));
#18765=CARTESIAN_POINT('',(-0.368325,-0.058,-0.001));
#18766=CARTESIAN_POINT('',(-0.350325,-0.0455,-0.001));
#18767=CARTESIAN_POINT('',(-0.332324999999996,-0.0455,-0.001));
#18768=CARTESIAN_POINT('',(-0.332324999999996,-0.0455,-0.001));
#18769=CARTESIAN_POINT('',(-0.350325,-0.0455,-0.001));
#18770=CARTESIAN_POINT('',(-0.332324999999996,-0.058,-0.001));
#18771=CARTESIAN_POINT('',(-0.332324999999996,-0.0705,-0.001));
#18772=CARTESIAN_POINT('',(-0.332324999999996,-0.0705,-0.001));
#18773=CARTESIAN_POINT('',(-0.332324999999996,-0.058,-0.001));
#18774=CARTESIAN_POINT('',(-0.337574999999996,-0.0705,-0.001));
#18775=CARTESIAN_POINT('',(-0.342824999999996,-0.0705,-0.001));
#18776=CARTESIAN_POINT('',(-0.342824999999996,-0.0705,-0.001));
#18777=CARTESIAN_POINT('',(-0.337574999999996,-0.0705,-0.001));
#18778=CARTESIAN_POINT('',(-0.342824999999996,-0.0725,-0.001));
#18779=CARTESIAN_POINT('',(-0.342824999999996,-0.0745,-0.001));
#18780=CARTESIAN_POINT('',(-0.342824999999996,-0.0745,-0.001));
#18781=CARTESIAN_POINT('',(-0.342824999999996,-0.0725,-0.001));
#18782=CARTESIAN_POINT('',(-0.350325,-0.0745,-0.001));
#18783=CARTESIAN_POINT('',(-0.350325,-0.0745,-0.001));
#18784=CARTESIAN_POINT('',(-0.281175,-0.125044466497459,-0.001));
#18785=CARTESIAN_POINT('',(-0.364325,-0.0565,-0.001));
#18786=CARTESIAN_POINT('',(-0.364325,-0.0625,-0.001));
#18787=CARTESIAN_POINT('',(-0.364325,-0.0505,-0.001));
#18788=CARTESIAN_POINT('',(-0.363325,-0.0625,-0.001));
#18789=CARTESIAN_POINT('',(-0.363325,-0.0635,-0.001));
#18790=CARTESIAN_POINT('',(-0.350325,-0.0635,-0.001));
#18791=CARTESIAN_POINT('',(-0.337324999999996,-0.0635,-0.001));
#18792=CARTESIAN_POINT('',(-0.337324999999996,-0.0625,-0.001));
#18793=CARTESIAN_POINT('',(-0.336324999999996,-0.0625,-0.001));
#18794=CARTESIAN_POINT('',(-0.336324999999996,-0.0565,-0.001));
#18795=CARTESIAN_POINT('',(-0.336324999999996,-0.0505,-0.001));
#18796=CARTESIAN_POINT('',(-0.337324999999996,-0.0505,-0.001));
#18797=CARTESIAN_POINT('',(-0.337324999999996,-0.0495,-0.001));
#18798=CARTESIAN_POINT('',(-0.350325,-0.0495,-0.001));
#18799=CARTESIAN_POINT('',(-0.363325,-0.0495,-0.001));
#18800=CARTESIAN_POINT('',(-0.363325,-0.0505,-0.001));
#18801=CARTESIAN_POINT('',(-0.334974999999996,-0.07225,-0.0045));
#18802=CARTESIAN_POINT('',(-0.334974999999996,-0.07225,-0.0045));
#18803=CARTESIAN_POINT('',(-0.336574999999996,-0.07225,-0.0045));
#18804=CARTESIAN_POINT('',(-0.281175,-0.125044466497459,-0.0045));
#18805=CARTESIAN_POINT('',(-0.334974999999996,-0.04375,-0.0045));
#18806=CARTESIAN_POINT('',(-0.334974999999996,-0.04375,-0.0045));
#18807=CARTESIAN_POINT('',(-0.336574999999996,-0.04375,-0.0045));
#18808=CARTESIAN_POINT('',(-0.281175,-0.125044466497459,-0.0045));
#18809=CARTESIAN_POINT('',(-0.365675,-0.04375,-0.0045));
#18810=CARTESIAN_POINT('',(-0.365675,-0.04375,-0.0045));
#18811=CARTESIAN_POINT('',(-0.367275,-0.04375,-0.0045));
#18812=CARTESIAN_POINT('',(-0.281175,-0.125044466497459,-0.0045));
#18813=CARTESIAN_POINT('',(-0.365675,-0.07225,-0.0045));
#18814=CARTESIAN_POINT('',(-0.365675,-0.07225,-0.0045));
#18815=CARTESIAN_POINT('',(-0.367275,-0.07225,-0.0045));
#18816=CARTESIAN_POINT('',(-0.281175,-0.125044466497459,-0.0045));
#18817=CARTESIAN_POINT('',(-0.337324999999996,-0.0625,-0.001));
#18818=CARTESIAN_POINT('',(-0.335324999999996,-0.0625,-0.001));
#18819=CARTESIAN_POINT('',(-0.337324999999996,-0.0645,-0.001));
#18820=CARTESIAN_POINT('',(-0.409952,-0.0645,-0.001));
#18821=CARTESIAN_POINT('',(-0.363325,-0.0645,-0.001));
#18822=CARTESIAN_POINT('',(-0.335324999999996,-0.124775,-0.001));
#18823=CARTESIAN_POINT('',(-0.335324999999996,-0.0505,-0.001));
#18824=CARTESIAN_POINT('',(-0.363325,-0.0625,-0.001));
#18825=CARTESIAN_POINT('',(-0.365325,-0.0625,-0.001));
#18826=CARTESIAN_POINT('',(-0.337324999999996,-0.0505,-0.001));
#18827=CARTESIAN_POINT('',(-0.337324999999996,-0.0485,-0.001));
#18828=CARTESIAN_POINT('',(-0.365325,-0.0565,-0.001));
#18829=CARTESIAN_POINT('',(-0.365325,-0.0505,-0.001));
#18830=CARTESIAN_POINT('',(-0.350325,-0.0485,-0.001));
#18831=CARTESIAN_POINT('',(-0.363325,-0.0485,-0.001));
#18832=CARTESIAN_POINT('',(-0.363325,-0.0505,-0.001));
#18833=CARTESIAN_POINT('',(-0.378425,-0.042,-0.001));
#18834=CARTESIAN_POINT('',(-0.378425,-0.04375,-0.001));
#18835=CARTESIAN_POINT('',(-0.378425,-0.04375,-0.001));
#18836=CARTESIAN_POINT('',(-0.378425,-0.042,-0.001));
#18837=CARTESIAN_POINT('',(-0.378425,-0.04025,-0.001));
#18838=CARTESIAN_POINT('',(-0.378425,-0.04025,-0.001));
#18839=CARTESIAN_POINT('',(-0.388425,-0.04375,-0.001));
#18840=CARTESIAN_POINT('',(-0.398425,-0.04375,-0.001));
#18841=CARTESIAN_POINT('',(-0.398425,-0.04375,-0.001));
#18842=CARTESIAN_POINT('',(-0.388425,-0.04375,-0.001));
#18843=CARTESIAN_POINT('',(-0.398425,-0.042,-0.001));
#18844=CARTESIAN_POINT('',(-0.398425,-0.04025,-0.001));
#18845=CARTESIAN_POINT('',(-0.398425,-0.04025,-0.001));
#18846=CARTESIAN_POINT('',(-0.398425,-0.042,-0.001));
#18847=CARTESIAN_POINT('',(-0.388425,-0.04025,-0.001));
#18848=CARTESIAN_POINT('',(-0.388425,-0.04025,-0.001));
#18849=CARTESIAN_POINT('',(-0.319275,-0.125044466497459,-0.001));
#18850=CARTESIAN_POINT('',(-0.395925,-0.0725,-0.001));
#18851=CARTESIAN_POINT('',(-0.395925,-0.0705,-0.001));
#18852=CARTESIAN_POINT('',(-0.395925,-0.0705,-0.001));
#18853=CARTESIAN_POINT('',(-0.395925,-0.0725,-0.001));
#18854=CARTESIAN_POINT('',(-0.395925,-0.0745,-0.001));
#18855=CARTESIAN_POINT('',(-0.395925,-0.0745,-0.001));
#18856=CARTESIAN_POINT('',(-0.401175,-0.0705,-0.001));
#18857=CARTESIAN_POINT('',(-0.406425,-0.0705,-0.001));
#18858=CARTESIAN_POINT('',(-0.406425,-0.0705,-0.001));
#18859=CARTESIAN_POINT('',(-0.401175,-0.0705,-0.001));
#18860=CARTESIAN_POINT('',(-0.406425,-0.058,-0.001));
#18861=CARTESIAN_POINT('',(-0.406425,-0.0455,-0.001));
#18862=CARTESIAN_POINT('',(-0.406425,-0.0455,-0.001));
#18863=CARTESIAN_POINT('',(-0.406425,-0.058,-0.001));
#18864=CARTESIAN_POINT('',(-0.388425,-0.0455,-0.001));
#18865=CARTESIAN_POINT('',(-0.370425,-0.0455,-0.001));
#18866=CARTESIAN_POINT('',(-0.370425,-0.0455,-0.001));
#18867=CARTESIAN_POINT('',(-0.388425,-0.0455,-0.001));
#18868=CARTESIAN_POINT('',(-0.370425,-0.058,-0.001));
#18869=CARTESIAN_POINT('',(-0.370425,-0.0705,-0.001));
#18870=CARTESIAN_POINT('',(-0.370425,-0.0705,-0.001));
#18871=CARTESIAN_POINT('',(-0.370425,-0.058,-0.001));
#18872=CARTESIAN_POINT('',(-0.375675,-0.0705,-0.001));
#18873=CARTESIAN_POINT('',(-0.380925,-0.0705,-0.001));
#18874=CARTESIAN_POINT('',(-0.380925,-0.0705,-0.001));
#18875=CARTESIAN_POINT('',(-0.375675,-0.0705,-0.001));
#18876=CARTESIAN_POINT('',(-0.380925,-0.0725,-0.001));
#18877=CARTESIAN_POINT('',(-0.380925,-0.0745,-0.001));
#18878=CARTESIAN_POINT('',(-0.380925,-0.0745,-0.001));
#18879=CARTESIAN_POINT('',(-0.380925,-0.0725,-0.001));
#18880=CARTESIAN_POINT('',(-0.388425,-0.0745,-0.001));
#18881=CARTESIAN_POINT('',(-0.388425,-0.0745,-0.001));
#18882=CARTESIAN_POINT('',(-0.319275,-0.125044466497459,-0.001));
#18883=CARTESIAN_POINT('',(-0.402425,-0.0565,-0.001));
#18884=CARTESIAN_POINT('',(-0.402425,-0.0625,-0.001));
#18885=CARTESIAN_POINT('',(-0.402425,-0.0505,-0.001));
#18886=CARTESIAN_POINT('',(-0.401425,-0.0625,-0.001));
#18887=CARTESIAN_POINT('',(-0.401425,-0.0635,-0.001));
#18888=CARTESIAN_POINT('',(-0.388425,-0.0635,-0.001));
#18889=CARTESIAN_POINT('',(-0.375425,-0.0635,-0.001));
#18890=CARTESIAN_POINT('',(-0.375425,-0.0625,-0.001));
#18891=CARTESIAN_POINT('',(-0.374425,-0.0625,-0.001));
#18892=CARTESIAN_POINT('',(-0.374425,-0.0565,-0.001));
#18893=CARTESIAN_POINT('',(-0.374425,-0.0505,-0.001));
#18894=CARTESIAN_POINT('',(-0.375425,-0.0505,-0.001));
#18895=CARTESIAN_POINT('',(-0.375425,-0.0495,-0.001));
#18896=CARTESIAN_POINT('',(-0.388425,-0.0495,-0.001));
#18897=CARTESIAN_POINT('',(-0.401425,-0.0495,-0.001));
#18898=CARTESIAN_POINT('',(-0.401425,-0.0505,-0.001));
#18899=CARTESIAN_POINT('',(-0.373075,-0.07225,-0.0045));
#18900=CARTESIAN_POINT('',(-0.373075,-0.07225,-0.0045));
#18901=CARTESIAN_POINT('',(-0.374675,-0.07225,-0.0045));
#18902=CARTESIAN_POINT('',(-0.319275,-0.125044466497459,-0.0045));
#18903=CARTESIAN_POINT('',(-0.373075,-0.04375,-0.0045));
#18904=CARTESIAN_POINT('',(-0.373075,-0.04375,-0.0045));
#18905=CARTESIAN_POINT('',(-0.374675,-0.04375,-0.0045));
#18906=CARTESIAN_POINT('',(-0.319275,-0.125044466497459,-0.0045));
#18907=CARTESIAN_POINT('',(-0.403775,-0.04375,-0.0045));
#18908=CARTESIAN_POINT('',(-0.403775,-0.04375,-0.0045));
#18909=CARTESIAN_POINT('',(-0.405375,-0.04375,-0.0045));
#18910=CARTESIAN_POINT('',(-0.319275,-0.125044466497459,-0.0045));
#18911=CARTESIAN_POINT('',(-0.403775,-0.07225,-0.0045));
#18912=CARTESIAN_POINT('',(-0.403775,-0.07225,-0.0045));
#18913=CARTESIAN_POINT('',(-0.405375,-0.07225,-0.0045));
#18914=CARTESIAN_POINT('',(-0.319275,-0.125044466497459,-0.0045));
#18915=CARTESIAN_POINT('',(-0.375425,-0.0625,-0.001));
#18916=CARTESIAN_POINT('',(-0.373425,-0.0625,-0.001));
#18917=CARTESIAN_POINT('',(-0.375425,-0.0645,-0.001));
#18918=CARTESIAN_POINT('',(-0.409952,-0.0645,-0.001));
#18919=CARTESIAN_POINT('',(-0.401425,-0.0645,-0.001));
#18920=CARTESIAN_POINT('',(-0.373425,-0.124775,-0.001));
#18921=CARTESIAN_POINT('',(-0.373425,-0.0505,-0.001));
#18922=CARTESIAN_POINT('',(-0.401425,-0.0625,-0.001));
#18923=CARTESIAN_POINT('',(-0.403425,-0.0625,-0.001));
#18924=CARTESIAN_POINT('',(-0.375425,-0.0505,-0.001));
#18925=CARTESIAN_POINT('',(-0.375425,-0.0485,-0.001));
#18926=CARTESIAN_POINT('',(-0.403425,-0.0565,-0.001));
#18927=CARTESIAN_POINT('',(-0.403425,-0.0505,-0.001));
#18928=CARTESIAN_POINT('',(-0.388425,-0.0485,-0.001));
#18929=CARTESIAN_POINT('',(-0.401425,-0.0485,-0.001));
#18930=CARTESIAN_POINT('',(-0.401425,-0.0505,-0.001));
#18931=CARTESIAN_POINT('',(-0.1884,-0.040575,-0.025));
#18932=CARTESIAN_POINT('',(-0.1884,-0.0501,-0.025));
#18933=CARTESIAN_POINT('',(-0.1884,-0.0501,-0.00326201515694247));
#18934=CARTESIAN_POINT('',(-0.1884,-0.03105,-0.025));
#18935=CARTESIAN_POINT('',(-0.1884,-0.0490984621088254,-0.003));
#18936=CARTESIAN_POINT('',(-0.1884,-0.0494498518852603,-0.00299999999999999));
#18937=CARTESIAN_POINT('',(-0.1884,-0.04979357766345,-0.00309005889015913));
#18938=CARTESIAN_POINT('',(-0.1884,-0.0501,-0.00326201515694248));
#18939=CARTESIAN_POINT('',(-0.236024999999997,-0.03105,-0.025));
#18940=CARTESIAN_POINT('',(-0.245549999999997,-0.03105,-0.025));
#18941=CARTESIAN_POINT('',(-0.245549999999997,-0.040575,-0.025));
#18942=CARTESIAN_POINT('',(-0.245549999999997,-0.0501,-0.025));
#18943=CARTESIAN_POINT('',(-0.236024999999997,-0.0501,-0.025));
#18944=CARTESIAN_POINT('',(-0.1884,-0.0501,-0.00326201515694248));
#18945=CARTESIAN_POINT('',(-0.189069567734997,-0.0501,-0.00332668201724913));
#18946=CARTESIAN_POINT('',(-0.190404330099241,-0.0501,-0.00325066992454855));
#18947=CARTESIAN_POINT('',(-0.191729598714765,-0.0501,-0.00299999999999991));
#18948=CARTESIAN_POINT('',(-0.19240413182813,-0.0501,-0.003));
#18949=CARTESIAN_POINT('',(-0.231645868171871,-0.0501,-0.003));
#18950=CARTESIAN_POINT('',(-0.232744238411857,-0.0501,-0.00299999999999995));
#18951=CARTESIAN_POINT('',(-0.234906372188773,-0.0501,-0.00360174999530522));
#18952=CARTESIAN_POINT('',(-0.237041522037178,-0.0501,-0.00299999999999986));
#18953=CARTESIAN_POINT('',(-0.23812413182813,-0.0501,-0.003));
#18954=CARTESIAN_POINT('',(-0.105724999999999,-0.07715,-0.025));
#18955=CARTESIAN_POINT('',(-0.115249999999998,-0.07715,-0.025));
#18956=CARTESIAN_POINT('',(-0.0961999999999988,-0.07715,-0.025));
#18957=CARTESIAN_POINT('',(-0.0961999999999987,-0.067625,-0.025));
#18958=CARTESIAN_POINT('',(-0.0961999999999987,-0.0581,-0.025));
#18959=CARTESIAN_POINT('',(-0.105724999999999,-0.0581,-0.025));
#18960=CARTESIAN_POINT('',(-0.115249999999998,-0.0581,-0.025));
#18961=CARTESIAN_POINT('',(-0.115249999999998,-0.0581,-0.00300249114583635));
#18962=CARTESIAN_POINT('',(-0.115249999999998,-0.0581,-0.00300249114583635));
#18963=CARTESIAN_POINT('',(-0.115206128050013,-0.0581,-0.00300084130308106));
#18964=CARTESIAN_POINT('',(-0.11516224080188,-0.0581,-0.003));
#18965=CARTESIAN_POINT('',(-0.115118337635692,-0.0581,-0.003));
#18966=CARTESIAN_POINT('',(-0.115249999999998,-0.067625,-0.025));
#18967=CARTESIAN_POINT('',(-0.115249999999998,-0.0582498313051992,-0.003));
#18968=CARTESIAN_POINT('',(-0.115249999999998,-0.0581998737305891,-0.003));
#18969=CARTESIAN_POINT('',(-0.115249999999998,-0.0581499302725639,-0.0030008490495913));
#18970=CARTESIAN_POINT('',(-0.115249999999998,-0.0581,-0.00300249114583636));
#18971=CARTESIAN_POINT('',(-0.180399999999998,-0.067625,-0.025));
#18972=CARTESIAN_POINT('',(-0.180399999999998,-0.0581,-0.025));
#18973=CARTESIAN_POINT('',(-0.180399999999998,-0.1343,-0.025));
#18974=CARTESIAN_POINT('',(-0.132774999999998,-0.1343,-0.025));
#18975=CARTESIAN_POINT('',(-0.123249999999999,-0.1343,-0.025));
#18976=CARTESIAN_POINT('',(-0.123249999999999,-0.067625,-0.025));
#18977=CARTESIAN_POINT('',(-0.123249999999999,-0.0581,-0.025));
#18978=CARTESIAN_POINT('',(-0.123249999999999,-0.0581,-0.00300972178306145));
#18979=CARTESIAN_POINT('',(-0.123249999999999,-0.0581,-0.00300972178306145));
#18980=CARTESIAN_POINT('',(-0.123249999999999,-0.0581957701390252,-0.00300336839398024));
#18981=CARTESIAN_POINT('',(-0.123249999999999,-0.0582916411711172,-0.003));
#18982=CARTESIAN_POINT('',(-0.123249999999999,-0.058387626055188,-0.003));
#18983=CARTESIAN_POINT('',(-0.132774999999998,-0.0581,-0.025));
#18984=CARTESIAN_POINT('',(-0.123511662364308,-0.0581,-0.003));
#18985=CARTESIAN_POINT('',(-0.123424321175415,-0.0581,-0.003));
#18986=CARTESIAN_POINT('',(-0.123337103548107,-0.0581,-0.00300332566734638));
#18987=CARTESIAN_POINT('',(-0.123249999999999,-0.0581,-0.00300972178306145));
#18988=CARTESIAN_POINT('',(-0.170875,-0.0501,-0.025));
#18989=CARTESIAN_POINT('',(-0.1804,-0.0501,-0.025));
#18990=CARTESIAN_POINT('',(-0.123249999999999,-0.0501,-0.025));
#18991=CARTESIAN_POINT('',(-0.123249999999999,-0.040575,-0.025));
#18992=CARTESIAN_POINT('',(-0.123249999999999,-0.0120000000000002,-0.025));
#18993=CARTESIAN_POINT('',(-0.123249999999999,-0.0120000000000002,-0.00369327866965519));
#18994=CARTESIAN_POINT('',(-0.123249999999999,-0.0120000000000002,-0.00369327866965519));
#18995=CARTESIAN_POINT('',(-0.123249999999999,-0.0125381089712603,-0.00359394726047845));
#18996=CARTESIAN_POINT('',(-0.123249999999999,-0.0135761326087414,-0.0032185689980113));
#18997=CARTESIAN_POINT('',(-0.123249999999999,-0.0146480481389747,-0.00299999999999998));
#18998=CARTESIAN_POINT('',(-0.123249999999999,-0.0152076260551879,-0.003));
#18999=CARTESIAN_POINT('',(-0.170875,-0.0120000000000002,-0.025));
#19000=CARTESIAN_POINT('',(-0.1804,-0.0120000000000002,-0.025));
#19001=CARTESIAN_POINT('',(-0.124778220204239,-0.0120000000000002,-0.003));
#19002=CARTESIAN_POINT('',(-0.124196864808462,-0.0120000000000002,-0.00299999999999996));
#19003=CARTESIAN_POINT('',(-0.123632632771997,-0.0120000000000002,-0.00325558573161824));
#19004=CARTESIAN_POINT('',(-0.123249999999999,-0.0120000000000002,-0.00369327866965519));
#19005=CARTESIAN_POINT('',(-0.1804,-0.040575,-0.025));
#19006=CARTESIAN_POINT('',(-0.115249999999999,-0.021525,-0.025));
#19007=CARTESIAN_POINT('',(-0.115249999999999,-0.0150698313051994,-0.003));
#19008=CARTESIAN_POINT('',(-0.115249999999999,-0.0140127647823627,-0.00300000000000002));
#19009=CARTESIAN_POINT('',(-0.115249999999999,-0.0130293281278678,-0.003405191453282));
#19010=CARTESIAN_POINT('',(-0.115249999999999,-0.0119999999999995,-0.00355783820957754));
#19011=CARTESIAN_POINT('',(-0.115249999999999,-0.0120000000000001,-0.00355783820957753));
#19012=CARTESIAN_POINT('',(-0.115249999999999,-0.0120000000000001,-0.025));
#19013=CARTESIAN_POINT('',(-0.115249999999999,-0.0501,-0.025));
#19014=CARTESIAN_POINT('',(-0.105725,-0.0501,-0.025));
#19015=CARTESIAN_POINT('',(-0.0436858681718704,-0.0501,-0.003));
#19016=CARTESIAN_POINT('',(-0.0447842384118568,-0.0501,-0.00299999999999992));
#19017=CARTESIAN_POINT('',(-0.0469463721887731,-0.0501,-0.00360174999530522));
#19018=CARTESIAN_POINT('',(-0.0490815220371775,-0.0501,-0.00299999999999988));
#19019=CARTESIAN_POINT('',(-0.0501641318281299,-0.0501,-0.003));
#19020=CARTESIAN_POINT('',(-0.03905,-0.0501,-0.025));
#19021=CARTESIAN_POINT('',(-0.03905,-0.040575,-0.025));
#19022=CARTESIAN_POINT('',(-0.03905,-0.012,-0.025));
#19023=CARTESIAN_POINT('',(-0.03905,-0.012,-0.00364035878581001));
#19024=CARTESIAN_POINT('',(-0.03905,-0.0119999999999995,-0.00364035878581001));
#19025=CARTESIAN_POINT('',(-0.03905,-0.0122459779209366,-0.00376569325364495));
#19026=CARTESIAN_POINT('',(-0.03905,-0.0126059146056272,-0.00397038553407725));
#19027=CARTESIAN_POINT('',(-0.03905,-0.0130843230645522,-0.00424672142338773));
#19028=CARTESIAN_POINT('',(-0.03905,-0.013449928407297,-0.00443978810754078));
#19029=CARTESIAN_POINT('',(-0.03905,-0.0138530590718331,-0.00456859093727459));
#19030=CARTESIAN_POINT('',(-0.03905,-0.0142685699483005,-0.00448226243533835));
#19031=CARTESIAN_POINT('',(-0.03905,-0.0146399233494873,-0.00429414811974795));
#19032=CARTESIAN_POINT('',(-0.03905,-0.0151204439541851,-0.00401998042540361));
#19033=CARTESIAN_POINT('',(-0.03905,-0.0157209816528038,-0.00367329300955361));
#19034=CARTESIAN_POINT('',(-0.03905,-0.0167120101729152,-0.00320679958849972));
#19035=CARTESIAN_POINT('',(-0.03905,-0.0175337254840882,-0.00299999999999997));
#19036=CARTESIAN_POINT('',(-0.03905,-0.0181016623643079,-0.003));
#19037=CARTESIAN_POINT('',(-0.105724999999999,-0.0119999999999995,-0.025));
#19038=CARTESIAN_POINT('',(-0.115249999999999,-0.0119999999999995,-0.00355783820957754));
#19039=CARTESIAN_POINT('',(-0.114873977791181,-0.0119999999999995,-0.00320086628535228));
#19040=CARTESIAN_POINT('',(-0.114370243598428,-0.0119999999999995,-0.00300000000000003));
#19041=CARTESIAN_POINT('',(-0.113851779795762,-0.0119999999999995,-0.003));
#19042=CARTESIAN_POINT('',(-0.0406545518216219,-0.0119999999999995,-0.003));
#19043=CARTESIAN_POINT('',(-0.0400595694625905,-0.0119999999999995,-0.00299999999999995));
#19044=CARTESIAN_POINT('',(-0.0394811385488004,-0.0119999999999995,-0.00323040408039582));
#19045=CARTESIAN_POINT('',(-0.03905,-0.0119999999999995,-0.00364035878581001));
#19046=CARTESIAN_POINT('',(-0.021525,-0.03105,-0.025));
#19047=CARTESIAN_POINT('',(-0.03105,-0.03105,-0.025));
#19048=CARTESIAN_POINT('',(-0.012,-0.03105,-0.025));
#19049=CARTESIAN_POINT('',(-0.012,-0.021525,-0.025));
#19050=CARTESIAN_POINT('',(-0.0120000000000002,-0.0119999999999995,-0.025));
#19051=CARTESIAN_POINT('',(-0.021525,-0.0119999999999995,-0.025));
#19052=CARTESIAN_POINT('',(-0.03105,-0.012,-0.025));
#19053=CARTESIAN_POINT('',(-0.03105,-0.012,-0.00311343562408815));
#19054=CARTESIAN_POINT('',(-0.03105,-0.0119999999999995,-0.00311343562408815));
#19055=CARTESIAN_POINT('',(-0.0308177411352824,-0.0119999999999995,-0.00303830060900698));
#19056=CARTESIAN_POINT('',(-0.0305796347816711,-0.0119999999999995,-0.00300000000000002));
#19057=CARTESIAN_POINT('',(-0.0303354481783785,-0.0119999999999995,-0.003));
#19058=CARTESIAN_POINT('',(-0.03105,-0.021525,-0.025));
#19059=CARTESIAN_POINT('',(-0.03105,-0.0171441318281288,-0.003));
#19060=CARTESIAN_POINT('',(-0.03105,-0.016273466217301,-0.00300000000000001));
#19061=CARTESIAN_POINT('',(-0.03105,-0.0149903555397574,-0.00330377719739341));
#19062=CARTESIAN_POINT('',(-0.03105,-0.0132771233020383,-0.00330926207787994));
#19063=CARTESIAN_POINT('',(-0.03105,-0.0124260053813295,-0.00317249765531999));
#19064=CARTESIAN_POINT('',(-0.03105,-0.0119999999999995,-0.00311343562408819));
#19065=CARTESIAN_POINT('',(-0.0581,-0.067625,-0.025));
#19066=CARTESIAN_POINT('',(-0.0581,-0.0963498313052004,-0.003));
#19067=CARTESIAN_POINT('',(-0.0581,-0.0957226051198356,-0.00300000000000014));
#19068=CARTESIAN_POINT('',(-0.0581,-0.0945123737470691,-0.00326515716488595));
#19069=CARTESIAN_POINT('',(-0.0581,-0.0927006242762949,-0.00377253991671137));
#19070=CARTESIAN_POINT('',(-0.0581,-0.0908156652384265,-0.00328454802552814));
#19071=CARTESIAN_POINT('',(-0.0581,-0.0895852894201848,-0.00300000000000004));
#19072=CARTESIAN_POINT('',(-0.0581,-0.0889401686947989,-0.003));
#19073=CARTESIAN_POINT('',(-0.0581,-0.0581,-0.025));
#19074=CARTESIAN_POINT('',(-0.0581,-0.1343,-0.025));
#19075=CARTESIAN_POINT('',(-0.048575,-0.1343,-0.025));
#19076=CARTESIAN_POINT('',(-0.0432201686947989,-0.1343,-0.003));
#19077=CARTESIAN_POINT('',(-0.0438473948801637,-0.1343,-0.00300000000000004));
#19078=CARTESIAN_POINT('',(-0.0450576262529302,-0.1343,-0.00326515716488571));
#19079=CARTESIAN_POINT('',(-0.0468693757237042,-0.1343,-0.00377253991671137));
#19080=CARTESIAN_POINT('',(-0.0487543347615729,-0.1343,-0.00328454802552841));
#19081=CARTESIAN_POINT('',(-0.0499847105798151,-0.1343,-0.00300000000000001));
#19082=CARTESIAN_POINT('',(-0.0506298313052013,-0.1343,-0.003));
#19083=CARTESIAN_POINT('',(-0.03905,-0.1343,-0.025));
#19084=CARTESIAN_POINT('',(-0.03905,-0.067625,-0.025));
#19085=CARTESIAN_POINT('',(-0.03905,-0.0581,-0.025));
#19086=CARTESIAN_POINT('',(-0.048575,-0.0581,-0.025));
#19087=CARTESIAN_POINT('',(-0.051121662364308,-0.0581,-0.003));
#19088=CARTESIAN_POINT('',(-0.0507459154093063,-0.0581,-0.00300000000000001));
#19089=CARTESIAN_POINT('',(-0.0500129207098147,-0.0581,-0.00312029569691859));
#19090=CARTESIAN_POINT('',(-0.0489693605049483,-0.0581,-0.00354201914043354));
#19091=CARTESIAN_POINT('',(-0.0481564794675134,-0.0581,-0.0040098464121139));
#19092=CARTESIAN_POINT('',(-0.0475152608791331,-0.0581,-0.00437893553274485));
#19093=CARTESIAN_POINT('',(-0.0469706476607246,-0.0581,-0.00459980784626511));
#19094=CARTESIAN_POINT('',(-0.0464044494434923,-0.0581,-0.00442077547896509));
#19095=CARTESIAN_POINT('',(-0.045751790872139,-0.0581,-0.00404245250431687));
#19096=CARTESIAN_POINT('',(-0.0449272095063736,-0.0581,-0.00356630001433842));
#19097=CARTESIAN_POINT('',(-0.043877999917934,-0.0581,-0.00312994039824346));
#19098=CARTESIAN_POINT('',(-0.043113710532617,-0.0581,-0.00300000000000004));
#19099=CARTESIAN_POINT('',(-0.0427283376356922,-0.0581,-0.003));
#19100=CARTESIAN_POINT('',(-0.086674999999999,-0.067625,-0.025));
#19101=CARTESIAN_POINT('',(-0.086674999999999,-0.0581,-0.025));
#19102=CARTESIAN_POINT('',(-0.086674999999999,-0.1343,-0.025));
#19103=CARTESIAN_POINT('',(-0.0771499999999991,-0.1343,-0.025));
#19104=CARTESIAN_POINT('',(-0.0676249999999992,-0.1343,-0.025));
#19105=CARTESIAN_POINT('',(-0.0676249999999992,-0.067625,-0.025));
#19106=CARTESIAN_POINT('',(-0.0676249999999992,-0.0581,-0.025));
#19107=CARTESIAN_POINT('',(-0.0676249999999992,-0.0919828821857022,-0.003));
#19108=CARTESIAN_POINT('',(-0.0676249999999992,-0.092424294223032,-0.003));
#19109=CARTESIAN_POINT('',(-0.0676249999999992,-0.0928657057769674,-0.003));
#19110=CARTESIAN_POINT('',(-0.0676249999999992,-0.0933071178142972,-0.003));
#19111=CARTESIAN_POINT('',(-0.0771499999999991,-0.0581,-0.025));
#19112=CARTESIAN_POINT('',(-0.274124999999996,-0.23755,-0.025));
#19113=CARTESIAN_POINT('',(-0.283649999999996,-0.23755,-0.025));
#19114=CARTESIAN_POINT('',(-0.264599999999996,-0.23755,-0.025));
#19115=CARTESIAN_POINT('',(-0.264599999999996,-0.228025,-0.025));
#19116=CARTESIAN_POINT('',(-0.264599999999996,-0.2185,-0.025));
#19117=CARTESIAN_POINT('',(-0.274124999999996,-0.2185,-0.025));
#19118=CARTESIAN_POINT('',(-0.283649999999996,-0.2185,-0.025));
#19119=CARTESIAN_POINT('',(-0.283649999999996,-0.228025,-0.025));
#19120=CARTESIAN_POINT('',(-0.0866749999999988,-0.228025,-0.025));
#19121=CARTESIAN_POINT('',(-0.0961999999999987,-0.228025,-0.025));
#19122=CARTESIAN_POINT('',(-0.0771499999999989,-0.228025,-0.025));
#19123=CARTESIAN_POINT('',(-0.0771499999999989,-0.2185,-0.025));
#19124=CARTESIAN_POINT('',(-0.0771499999999989,-0.208975,-0.025));
#19125=CARTESIAN_POINT('',(-0.0676249999999991,-0.208975,-0.025));
#19126=CARTESIAN_POINT('',(-0.0580999999999992,-0.208975,-0.025));
#19127=CARTESIAN_POINT('',(-0.0580999999999992,-0.19945,-0.025));
#19128=CARTESIAN_POINT('',(-0.0580999999999992,-0.189925,-0.025));
#19129=CARTESIAN_POINT('',(-0.0676249999999991,-0.189925,-0.025));
#19130=CARTESIAN_POINT('',(-0.0771499999999989,-0.189925,-0.025));
#19131=CARTESIAN_POINT('',(-0.0771499999999989,-0.1804,-0.025));
#19132=CARTESIAN_POINT('',(-0.077149999999999,-0.170875,-0.025));
#19133=CARTESIAN_POINT('',(-0.0866749999999988,-0.170875,-0.025));
#19134=CARTESIAN_POINT('',(-0.0961999999999987,-0.170875,-0.025));
#19135=CARTESIAN_POINT('',(-0.0961999999999987,-0.1804,-0.025));
#19136=CARTESIAN_POINT('',(-0.0961999999999987,-0.189925,-0.025));
#19137=CARTESIAN_POINT('',(-0.105724999999999,-0.189925,-0.025));
#19138=CARTESIAN_POINT('',(-0.115249999999998,-0.189925,-0.025));
#19139=CARTESIAN_POINT('',(-0.115249999999998,-0.19945,-0.025));
#19140=CARTESIAN_POINT('',(-0.115249999999998,-0.208975,-0.025));
#19141=CARTESIAN_POINT('',(-0.105724999999998,-0.208975,-0.025));
#19142=CARTESIAN_POINT('',(-0.0961999999999987,-0.208975,-0.025));
#19143=CARTESIAN_POINT('',(-0.0961999999999987,-0.2185,-0.025));
#19144=CARTESIAN_POINT('',(-0.151825,-0.1423,-0.025));
#19145=CARTESIAN_POINT('',(-0.123249999999999,-0.1423,-0.025));
#19146=CARTESIAN_POINT('',(-0.199449999999998,-0.1423,-0.025));
#19147=CARTESIAN_POINT('',(-0.193007626055187,-0.1423,-0.003));
#19148=CARTESIAN_POINT('',(-0.192343257300037,-0.1423,-0.00299999999999988));
#19149=CARTESIAN_POINT('',(-0.19138860971194,-0.1423,-0.00323699770867931));
#19150=CARTESIAN_POINT('',(-0.190141977752472,-0.1423,-0.00364246644966222));
#19151=CARTESIAN_POINT('',(-0.189156233569134,-0.1423,-0.00381141643304259));
#19152=CARTESIAN_POINT('',(-0.188182571134427,-0.1423,-0.00364001711774936));
#19153=CARTESIAN_POINT('',(-0.186937054389214,-0.1423,-0.00323615278053579));
#19154=CARTESIAN_POINT('',(-0.185985833123796,-0.1423,-0.00299999999999995));
#19155=CARTESIAN_POINT('',(-0.185322373944813,-0.1423,-0.003));
#19156=CARTESIAN_POINT('',(-0.199449999999998,-0.228025,-0.025));
#19157=CARTESIAN_POINT('',(-0.199449999999998,-0.23755,-0.025));
#19158=CARTESIAN_POINT('',(-0.189924999999998,-0.23755,-0.025));
#19159=CARTESIAN_POINT('',(-0.180399999999998,-0.23755,-0.025));
#19160=CARTESIAN_POINT('',(-0.180399999999998,-0.228025,-0.025));
#19161=CARTESIAN_POINT('',(-0.180399999999998,-0.2185,-0.025));
#19162=CARTESIAN_POINT('',(-0.170875,-0.2185,-0.025));
#19163=CARTESIAN_POINT('',(-0.16135,-0.2185,-0.025));
#19164=CARTESIAN_POINT('',(-0.16135,-0.228025,-0.025));
#19165=CARTESIAN_POINT('',(-0.16135,-0.23755,-0.025));
#19166=CARTESIAN_POINT('',(-0.142299999999998,-0.23755,-0.025));
#19167=CARTESIAN_POINT('',(-0.123249999999998,-0.23755,-0.025));
#19168=CARTESIAN_POINT('',(-0.123249999999998,-0.228025,-0.025));
#19169=CARTESIAN_POINT('',(-0.245549999999997,-0.151825,-0.025));
#19170=CARTESIAN_POINT('',(-0.245549999999997,-0.1423,-0.025));
#19171=CARTESIAN_POINT('',(-0.245549999999997,-0.2185,-0.025));
#19172=CARTESIAN_POINT('',(-0.216974999999998,-0.2185,-0.025));
#19173=CARTESIAN_POINT('',(-0.207449999999997,-0.2185,-0.025));
#19174=CARTESIAN_POINT('',(-0.207449999999997,-0.151825,-0.025));
#19175=CARTESIAN_POINT('',(-0.207449999999997,-0.1423,-0.025));
#19176=CARTESIAN_POINT('',(-0.236024999999997,-0.1423,-0.025));
#19177=CARTESIAN_POINT('',(-0.238727626055187,-0.1423,-0.003));
#19178=CARTESIAN_POINT('',(-0.238063257300037,-0.1423,-0.00299999999999988));
#19179=CARTESIAN_POINT('',(-0.23710860971194,-0.1423,-0.00323699770867931));
#19180=CARTESIAN_POINT('',(-0.235861977752472,-0.1423,-0.0036424664496622));
#19181=CARTESIAN_POINT('',(-0.234876233569134,-0.1423,-0.00381141643304259));
#19182=CARTESIAN_POINT('',(-0.233902571134427,-0.1423,-0.00364001711774935));
#19183=CARTESIAN_POINT('',(-0.232657054389214,-0.1423,-0.00323615278053579));
#19184=CARTESIAN_POINT('',(-0.231705833123796,-0.1423,-0.00299999999999995));
#19185=CARTESIAN_POINT('',(-0.231042373944813,-0.1423,-0.003));
#19186=CARTESIAN_POINT('',(-0.245549999999997,-0.067625,-0.025));
#19187=CARTESIAN_POINT('',(-0.245549999999997,-0.0581,-0.025));
#19188=CARTESIAN_POINT('',(-0.245549999999997,-0.1343,-0.025));
#19189=CARTESIAN_POINT('',(-0.197924999999998,-0.1343,-0.025));
#19190=CARTESIAN_POINT('',(-0.1884,-0.1343,-0.025));
#19191=CARTESIAN_POINT('',(-0.1884,-0.1343,-0.00353696274076042));
#19192=CARTESIAN_POINT('',(-0.1884,-0.1343,-0.00353696274076042));
#19193=CARTESIAN_POINT('',(-0.188772689471238,-0.1343,-0.00360120721892808));
#19194=CARTESIAN_POINT('',(-0.189520111709043,-0.1343,-0.0036445986114932));
#19195=CARTESIAN_POINT('',(-0.191006338915624,-0.1343,-0.00330423775638822));
#19196=CARTESIAN_POINT('',(-0.192100732611578,-0.1343,-0.00300000000000007));
#19197=CARTESIAN_POINT('',(-0.192869831305201,-0.1343,-0.003));
#19198=CARTESIAN_POINT('',(-0.231180168694799,-0.1343,-0.003));
#19199=CARTESIAN_POINT('',(-0.231807394880164,-0.1343,-0.00300000000000005));
#19200=CARTESIAN_POINT('',(-0.23301762625293,-0.1343,-0.00326515716488574));
#19201=CARTESIAN_POINT('',(-0.234829375723704,-0.1343,-0.00377253991671137));
#19202=CARTESIAN_POINT('',(-0.236714334761573,-0.1343,-0.00328454802552837));
#19203=CARTESIAN_POINT('',(-0.237944710579815,-0.1343,-0.00300000000000006));
#19204=CARTESIAN_POINT('',(-0.238589831305201,-0.1343,-0.003));
#19205=CARTESIAN_POINT('',(-0.1884,-0.067625,-0.025));
#19206=CARTESIAN_POINT('',(-0.1884,-0.0581,-0.025));
#19207=CARTESIAN_POINT('',(-0.1884,-0.0581,-0.00427411045973921));
#19208=CARTESIAN_POINT('',(-0.1884,-0.0581,-0.00427411045973921));
#19209=CARTESIAN_POINT('',(-0.1884,-0.0584012542463046,-0.00351799031901904));
#19210=CARTESIAN_POINT('',(-0.1884,-0.0591778677303552,-0.00300000000000026));
#19211=CARTESIAN_POINT('',(-0.1884,-0.0599915378911739,-0.003));
#19212=CARTESIAN_POINT('',(-0.1884,-0.132918462108825,-0.003));
#19213=CARTESIAN_POINT('',(-0.1884,-0.133428468856242,-0.00299999999999999));
#19214=CARTESIAN_POINT('',(-0.1884,-0.133923919094272,-0.00319247872043645));
#19215=CARTESIAN_POINT('',(-0.1884,-0.1343,-0.00353696274076042));
#19216=CARTESIAN_POINT('',(-0.236024999999997,-0.0581,-0.025));
#19217=CARTESIAN_POINT('',(-0.239081662364308,-0.0581,-0.003));
#19218=CARTESIAN_POINT('',(-0.238705915409306,-0.0581,-0.00300000000000001));
#19219=CARTESIAN_POINT('',(-0.237972920709815,-0.0581,-0.00312029569691859));
#19220=CARTESIAN_POINT('',(-0.236929360504948,-0.0581,-0.00354201914043352));
#19221=CARTESIAN_POINT('',(-0.236116479467513,-0.0581,-0.00400984641211387));
#19222=CARTESIAN_POINT('',(-0.235475260879133,-0.0581,-0.00437893553274481));
#19223=CARTESIAN_POINT('',(-0.234930647660725,-0.0581,-0.00459980784626512));
#19224=CARTESIAN_POINT('',(-0.234364449443492,-0.0581,-0.0044207754789651));
#19225=CARTESIAN_POINT('',(-0.233711790872139,-0.0581,-0.0040424525043169));
#19226=CARTESIAN_POINT('',(-0.232887209506374,-0.0581,-0.00356630001433846));
#19227=CARTESIAN_POINT('',(-0.231837999917934,-0.0581,-0.00312994039824345));
#19228=CARTESIAN_POINT('',(-0.231073710532617,-0.0581,-0.00300000000000006));
#19229=CARTESIAN_POINT('',(-0.230688337635692,-0.0581,-0.003));
#19230=CARTESIAN_POINT('',(-0.193361662364308,-0.0581,-0.003));
#19231=CARTESIAN_POINT('',(-0.192913253799757,-0.0581,-0.00300000000000001));
#19232=CARTESIAN_POINT('',(-0.192259523956196,-0.0581,-0.00312816976012358));
#19233=CARTESIAN_POINT('',(-0.191428486612269,-0.0581,-0.00345639933295868));
#19234=CARTESIAN_POINT('',(-0.190833672561534,-0.0581,-0.00375881446894106));
#19235=CARTESIAN_POINT('',(-0.190251367660767,-0.0581,-0.0040893613614465));
#19236=CARTESIAN_POINT('',(-0.189681420560619,-0.0581,-0.00443700711974138));
#19237=CARTESIAN_POINT('',(-0.189007036679328,-0.0581,-0.0046061928473643));
#19238=CARTESIAN_POINT('',(-0.188596257445474,-0.0581,-0.00438011039525615));
#19239=CARTESIAN_POINT('',(-0.1884,-0.0581,-0.0042741104597392));
#19240=CARTESIAN_POINT('',(-0.0501,-0.189925,-0.025));
#19241=CARTESIAN_POINT('',(-0.0501,-0.1804,-0.025));
#19242=CARTESIAN_POINT('',(-0.0501,-0.23755,-0.025));
#19243=CARTESIAN_POINT('',(-0.03105,-0.23755,-0.025));
#19244=CARTESIAN_POINT('',(-0.012,-0.23755,-0.025));
#19245=CARTESIAN_POINT('',(-0.012,-0.189925,-0.025));
#19246=CARTESIAN_POINT('',(-0.012,-0.1804,-0.025));
#19247=CARTESIAN_POINT('',(-0.03105,-0.1804,-0.025));
#19248=CARTESIAN_POINT('',(-0.0676249999999991,-0.1423,-0.025));
#19249=CARTESIAN_POINT('',(-0.0580999999999992,-0.1423,-0.025));
#19250=CARTESIAN_POINT('',(-0.115249999999999,-0.1423,-0.025));
#19251=CARTESIAN_POINT('',(-0.115249999999998,-0.151825,-0.025));
#19252=CARTESIAN_POINT('',(-0.115249999999999,-0.16135,-0.025));
#19253=CARTESIAN_POINT('',(-0.0676249999999991,-0.16135,-0.025));
#19254=CARTESIAN_POINT('',(-0.0580999999999992,-0.16135,-0.025));
#19255=CARTESIAN_POINT('',(-0.0580999999999992,-0.151825,-0.025));
#19256=CARTESIAN_POINT('',(-0.105724999999999,-0.1343,-0.025));
#19257=CARTESIAN_POINT('',(-0.115249999999998,-0.1343,-0.025));
#19258=CARTESIAN_POINT('',(-0.0961999999999988,-0.1343,-0.025));
#19259=CARTESIAN_POINT('',(-0.0961999999999987,-0.124775,-0.025));
#19260=CARTESIAN_POINT('',(-0.0961999999999987,-0.11525,-0.025));
#19261=CARTESIAN_POINT('',(-0.105724999999999,-0.11525,-0.025));
#19262=CARTESIAN_POINT('',(-0.115249999999998,-0.11525,-0.025));
#19263=CARTESIAN_POINT('',(-0.115249999999998,-0.124775,-0.025));
#19264=CARTESIAN_POINT('',(-0.105724999999999,-0.105725,-0.025));
#19265=CARTESIAN_POINT('',(-0.115249999999998,-0.105725,-0.025));
#19266=CARTESIAN_POINT('',(-0.0961999999999987,-0.105725,-0.025));
#19267=CARTESIAN_POINT('',(-0.0961999999999987,-0.0962,-0.025));
#19268=CARTESIAN_POINT('',(-0.0961999999999987,-0.086675,-0.025));
#19269=CARTESIAN_POINT('',(-0.105724999999999,-0.086675,-0.025));
#19270=CARTESIAN_POINT('',(-0.115249999999998,-0.086675,-0.025));
#19271=CARTESIAN_POINT('',(-0.115249999999998,-0.0962,-0.025));
#19272=CARTESIAN_POINT('',(-0.312224999999996,-0.23755,-0.025));
#19273=CARTESIAN_POINT('',(-0.321749999999996,-0.23755,-0.025));
#19274=CARTESIAN_POINT('',(-0.302699999999996,-0.23755,-0.025));
#19275=CARTESIAN_POINT('',(-0.302699999999996,-0.228025,-0.025));
#19276=CARTESIAN_POINT('',(-0.302699999999996,-0.2185,-0.025));
#19277=CARTESIAN_POINT('',(-0.312224999999996,-0.2185,-0.025));
#19278=CARTESIAN_POINT('',(-0.321749999999996,-0.2185,-0.025));
#19279=CARTESIAN_POINT('',(-0.321749999999996,-0.228025,-0.025));
#19280=CARTESIAN_POINT('',(-0.350325,-0.23755,-0.025));
#19281=CARTESIAN_POINT('',(-0.35985,-0.23755,-0.025));
#19282=CARTESIAN_POINT('',(-0.340799999999996,-0.23755,-0.025));
#19283=CARTESIAN_POINT('',(-0.340799999999996,-0.228025,-0.025));
#19284=CARTESIAN_POINT('',(-0.340799999999996,-0.2185,-0.025));
#19285=CARTESIAN_POINT('',(-0.350325,-0.2185,-0.025));
#19286=CARTESIAN_POINT('',(-0.35985,-0.2185,-0.025));
#19287=CARTESIAN_POINT('',(-0.35985,-0.228025,-0.025));
#19288=CARTESIAN_POINT('',(-0.388425,-0.23755,-0.025));
#19289=CARTESIAN_POINT('',(-0.39795,-0.23755,-0.025));
#19290=CARTESIAN_POINT('',(-0.3789,-0.23755,-0.025));
#19291=CARTESIAN_POINT('',(-0.3789,-0.228025,-0.025));
#19292=CARTESIAN_POINT('',(-0.3789,-0.2185,-0.025));
#19293=CARTESIAN_POINT('',(-0.388425,-0.2185,-0.025));
#19294=CARTESIAN_POINT('',(-0.39795,-0.2185,-0.025));
#19295=CARTESIAN_POINT('',(-0.39795,-0.228025,-0.025));
#19296=CARTESIAN_POINT('',(-0.369375,-0.228025,-0.0125));
#19297=CARTESIAN_POINT('',(-0.369375,-0.228025,-0.0115));
#19298=CARTESIAN_POINT('',(-0.370125,-0.228025,-0.0115));
#19299=CARTESIAN_POINT('',(-0.369375,-0.228025,-0.003));
#19300=CARTESIAN_POINT('',(-0.370125,-0.228025,-0.003));
#19301=CARTESIAN_POINT('',(-0.369375,-0.228025,-0.0125));
#19302=CARTESIAN_POINT('',(-0.369375,-0.228025,-0.005));
#19303=CARTESIAN_POINT('',(-0.365875,-0.228025,-0.005));
#19304=CARTESIAN_POINT('',(-0.369375,-0.228025,-0.0125));
#19305=CARTESIAN_POINT('',(-0.372875,-0.228025,-0.0125));
#19306=CARTESIAN_POINT('',(-0.204975,-0.125044466497459,-0.0125));
#19307=CARTESIAN_POINT('',(-0.369375,-0.228025,-0.0125));
#19308=CARTESIAN_POINT('',(-0.372225,-0.228025,-0.0125));
#19309=CARTESIAN_POINT('',(-0.409952,-0.124775,-0.003));
#19310=CARTESIAN_POINT('',(-0.369375,-0.228025,-0.005));
#19311=CARTESIAN_POINT('',(-0.369375,-0.228025,-0.0115));
#19312=CARTESIAN_POINT('',(-0.331274999999996,-0.228025,-0.0125));
#19313=CARTESIAN_POINT('',(-0.331274999999996,-0.228025,-0.0115));
#19314=CARTESIAN_POINT('',(-0.332024999999996,-0.228025,-0.0115));
#19315=CARTESIAN_POINT('',(-0.331274999999996,-0.228025,-0.003));
#19316=CARTESIAN_POINT('',(-0.332024999999996,-0.228025,-0.003));
#19317=CARTESIAN_POINT('',(-0.331274999999996,-0.228025,-0.0125));
#19318=CARTESIAN_POINT('',(-0.331274999999996,-0.228025,-0.005));
#19319=CARTESIAN_POINT('',(-0.327774999999996,-0.228025,-0.005));
#19320=CARTESIAN_POINT('',(-0.331274999999996,-0.228025,-0.0125));
#19321=CARTESIAN_POINT('',(-0.334774999999996,-0.228025,-0.0125));
#19322=CARTESIAN_POINT('',(-0.166875,-0.125044466497459,-0.0125));
#19323=CARTESIAN_POINT('',(-0.331274999999996,-0.228025,-0.0125));
#19324=CARTESIAN_POINT('',(-0.334124999999996,-0.228025,-0.0125));
#19325=CARTESIAN_POINT('',(-0.409952,-0.124775,-0.003));
#19326=CARTESIAN_POINT('',(-0.331274999999996,-0.228025,-0.005));
#19327=CARTESIAN_POINT('',(-0.331274999999996,-0.228025,-0.0115));
#19328=CARTESIAN_POINT('',(-0.289364999999996,-0.228025,-0.0125));
#19329=CARTESIAN_POINT('',(-0.289364999999996,-0.228025,-0.0115));
#19330=CARTESIAN_POINT('',(-0.290114999999996,-0.228025,-0.0115));
#19331=CARTESIAN_POINT('',(-0.289364999999996,-0.228025,-0.003));
#19332=CARTESIAN_POINT('',(-0.290114999999996,-0.228025,-0.003));
#19333=CARTESIAN_POINT('',(-0.289364999999996,-0.228025,-0.0125));
#19334=CARTESIAN_POINT('',(-0.289364999999996,-0.228025,-0.005));
#19335=CARTESIAN_POINT('',(-0.285864999999996,-0.228025,-0.005));
#19336=CARTESIAN_POINT('',(-0.289364999999996,-0.228025,-0.0125));
#19337=CARTESIAN_POINT('',(-0.292864999999996,-0.228025,-0.0125));
#19338=CARTESIAN_POINT('',(-0.124964999999998,-0.125044466497459,-0.0125));
#19339=CARTESIAN_POINT('',(-0.289364999999996,-0.228025,-0.0125));
#19340=CARTESIAN_POINT('',(-0.292214999999996,-0.228025,-0.0125));
#19341=CARTESIAN_POINT('',(-0.409952,-0.124775,-0.003));
#19342=CARTESIAN_POINT('',(-0.289364999999996,-0.228025,-0.005));
#19343=CARTESIAN_POINT('',(-0.289364999999996,-0.228025,-0.0115));
#19344=CARTESIAN_POINT('',(-0.035495,-0.0139049999999996,-0.0125));
#19345=CARTESIAN_POINT('',(-0.035495,-0.0139049999999996,-0.0115));
#19346=CARTESIAN_POINT('',(-0.036245,-0.0139049999999996,-0.0115));
#19347=CARTESIAN_POINT('',(-0.035495,-0.0139049999999996,-0.003));
#19348=CARTESIAN_POINT('',(-0.036245,-0.0139049999999996,-0.003));
#19349=CARTESIAN_POINT('',(-0.035495,-0.0139049999999996,-0.0125));
#19350=CARTESIAN_POINT('',(-0.035495,-0.0139049999999996,-0.005));
#19351=CARTESIAN_POINT('',(-0.031995,-0.0139049999999996,-0.005));
#19352=CARTESIAN_POINT('',(-0.035495,-0.0139049999999996,-0.0125));
#19353=CARTESIAN_POINT('',(-0.038995,-0.0139049999999996,-0.0125));
#19354=CARTESIAN_POINT('',(0.128904999999998,0.0890755335025406,-0.0125));
#19355=CARTESIAN_POINT('',(-0.035495,-0.0139049999999996,-0.0125));
#19356=CARTESIAN_POINT('',(-0.038345,-0.0139049999999996,-0.0125));
#19357=CARTESIAN_POINT('',(-0.409952,-0.124775,-0.003));
#19358=CARTESIAN_POINT('',(-0.035495,-0.0139049999999996,-0.005));
#19359=CARTESIAN_POINT('',(-0.035495,-0.0139049999999996,-0.0115));
#19360=CARTESIAN_POINT('',(-0.119315,-0.0113649999999996,-0.0125));
#19361=CARTESIAN_POINT('',(-0.119315,-0.0113649999999996,-0.0115));
#19362=CARTESIAN_POINT('',(-0.120065,-0.0113649999999996,-0.0115));
#19363=CARTESIAN_POINT('',(-0.119315,-0.0113649999999996,-0.003));
#19364=CARTESIAN_POINT('',(-0.120065,-0.0113649999999996,-0.003));
#19365=CARTESIAN_POINT('',(-0.119315,-0.0113649999999996,-0.0125));
#19366=CARTESIAN_POINT('',(-0.119315,-0.0113649999999996,-0.005));
#19367=CARTESIAN_POINT('',(-0.115815,-0.0113649999999996,-0.005));
#19368=CARTESIAN_POINT('',(-0.119315,-0.0113649999999996,-0.0125));
#19369=CARTESIAN_POINT('',(-0.122815,-0.0113649999999996,-0.0125));
#19370=CARTESIAN_POINT('',(0.045084999999998,0.0916155335025406,-0.0125));
#19371=CARTESIAN_POINT('',(-0.119315,-0.0113649999999996,-0.0125));
#19372=CARTESIAN_POINT('',(-0.122165,-0.0113649999999996,-0.0125));
#19373=CARTESIAN_POINT('',(-0.409952,-0.124775,-0.003));
#19374=CARTESIAN_POINT('',(-0.119315,-0.0113649999999996,-0.005));
#19375=CARTESIAN_POINT('',(-0.119315,-0.0113649999999996,-0.0115));
#19376=CARTESIAN_POINT('',(-0.196785,-0.0164449999999997,-0.0125));
#19377=CARTESIAN_POINT('',(-0.196785,-0.0164449999999997,-0.0115));
#19378=CARTESIAN_POINT('',(-0.197535,-0.0164449999999997,-0.0115));
#19379=CARTESIAN_POINT('',(-0.196785,-0.0164449999999997,-0.003));
#19380=CARTESIAN_POINT('',(-0.197535,-0.0164449999999997,-0.003));
#19381=CARTESIAN_POINT('',(-0.196785,-0.0164449999999997,-0.0125));
#19382=CARTESIAN_POINT('',(-0.196785,-0.0164449999999997,-0.005));
#19383=CARTESIAN_POINT('',(-0.193285,-0.0164449999999997,-0.005));
#19384=CARTESIAN_POINT('',(-0.196785,-0.0164449999999997,-0.0125));
#19385=CARTESIAN_POINT('',(-0.200285,-0.0164449999999997,-0.0125));
#19386=CARTESIAN_POINT('',(-0.0323850000000019,0.0865355335025406,-0.0125));
#19387=CARTESIAN_POINT('',(-0.196785,-0.0164449999999997,-0.0125));
#19388=CARTESIAN_POINT('',(-0.199635,-0.0164449999999997,-0.0125));
#19389=CARTESIAN_POINT('',(-0.409952,-0.124775,-0.003));
#19390=CARTESIAN_POINT('',(-0.196785,-0.0164449999999997,-0.005));
#19391=CARTESIAN_POINT('',(-0.196785,-0.0164449999999997,-0.0115));
#19392=CARTESIAN_POINT('',(-0.046925,-0.054545,-0.0125));
#19393=CARTESIAN_POINT('',(-0.046925,-0.054545,-0.0115));
#19394=CARTESIAN_POINT('',(-0.047675,-0.054545,-0.0115));
#19395=CARTESIAN_POINT('',(-0.046925,-0.054545,-0.003));
#19396=CARTESIAN_POINT('',(-0.047675,-0.054545,-0.003));
#19397=CARTESIAN_POINT('',(-0.046925,-0.054545,-0.0125));
#19398=CARTESIAN_POINT('',(-0.046925,-0.054545,-0.005));
#19399=CARTESIAN_POINT('',(-0.043425,-0.054545,-0.005));
#19400=CARTESIAN_POINT('',(-0.046925,-0.054545,-0.0125));
#19401=CARTESIAN_POINT('',(-0.050425,-0.054545,-0.0125));
#19402=CARTESIAN_POINT('',(0.117474999999998,0.0484355335025405,-0.0125));
#19403=CARTESIAN_POINT('',(-0.046925,-0.054545,-0.0125));
#19404=CARTESIAN_POINT('',(-0.049775,-0.054545,-0.0125));
#19405=CARTESIAN_POINT('',(-0.409952,-0.124775,-0.003));
#19406=CARTESIAN_POINT('',(-0.046925,-0.054545,-0.005));
#19407=CARTESIAN_POINT('',(-0.046925,-0.054545,-0.0115));
#19408=CARTESIAN_POINT('',(-0.119315,-0.054545,-0.0125));
#19409=CARTESIAN_POINT('',(-0.119315,-0.054545,-0.0115));
#19410=CARTESIAN_POINT('',(-0.120065,-0.054545,-0.0115));
#19411=CARTESIAN_POINT('',(-0.119315,-0.054545,-0.003));
#19412=CARTESIAN_POINT('',(-0.120065,-0.054545,-0.003));
#19413=CARTESIAN_POINT('',(-0.119315,-0.054545,-0.0125));
#19414=CARTESIAN_POINT('',(-0.119315,-0.054545,-0.005));
#19415=CARTESIAN_POINT('',(-0.115815,-0.054545,-0.005));
#19416=CARTESIAN_POINT('',(-0.119315,-0.054545,-0.0125));
#19417=CARTESIAN_POINT('',(-0.122815,-0.054545,-0.0125));
#19418=CARTESIAN_POINT('',(0.045084999999998,0.0484355335025405,-0.0125));
#19419=CARTESIAN_POINT('',(-0.119315,-0.054545,-0.0125));
#19420=CARTESIAN_POINT('',(-0.122165,-0.054545,-0.0125));
#19421=CARTESIAN_POINT('',(-0.409952,-0.124775,-0.003));
#19422=CARTESIAN_POINT('',(-0.119315,-0.054545,-0.005));
#19423=CARTESIAN_POINT('',(-0.119315,-0.054545,-0.0115));
#19424=CARTESIAN_POINT('',(-0.189165,-0.054545,-0.0125));
#19425=CARTESIAN_POINT('',(-0.189165,-0.054545,-0.0115));
#19426=CARTESIAN_POINT('',(-0.189915,-0.054545,-0.0115));
#19427=CARTESIAN_POINT('',(-0.189165,-0.054545,-0.003));
#19428=CARTESIAN_POINT('',(-0.189915,-0.054545,-0.003));
#19429=CARTESIAN_POINT('',(-0.189165,-0.054545,-0.0125));
#19430=CARTESIAN_POINT('',(-0.189165,-0.054545,-0.005));
#19431=CARTESIAN_POINT('',(-0.185665,-0.054545,-0.005));
#19432=CARTESIAN_POINT('',(-0.189165,-0.054545,-0.0125));
#19433=CARTESIAN_POINT('',(-0.192665,-0.054545,-0.0125));
#19434=CARTESIAN_POINT('',(-0.0247650000000019,0.0484355335025405,-0.0125));
#19435=CARTESIAN_POINT('',(-0.189165,-0.054545,-0.0125));
#19436=CARTESIAN_POINT('',(-0.192015,-0.054545,-0.0125));
#19437=CARTESIAN_POINT('',(-0.409952,-0.124775,-0.003));
#19438=CARTESIAN_POINT('',(-0.189165,-0.054545,-0.005));
#19439=CARTESIAN_POINT('',(-0.189165,-0.054545,-0.0115));
#19440=CARTESIAN_POINT('',(-0.234885,-0.054545,-0.0125));
#19441=CARTESIAN_POINT('',(-0.234885,-0.054545,-0.0115));
#19442=CARTESIAN_POINT('',(-0.235635,-0.054545,-0.0115));
#19443=CARTESIAN_POINT('',(-0.234885,-0.054545,-0.003));
#19444=CARTESIAN_POINT('',(-0.235635,-0.054545,-0.003));
#19445=CARTESIAN_POINT('',(-0.234885,-0.054545,-0.0125));
#19446=CARTESIAN_POINT('',(-0.234885,-0.054545,-0.005));
#19447=CARTESIAN_POINT('',(-0.231385,-0.054545,-0.005));
#19448=CARTESIAN_POINT('',(-0.234885,-0.054545,-0.0125));
#19449=CARTESIAN_POINT('',(-0.238385,-0.054545,-0.0125));
#19450=CARTESIAN_POINT('',(-0.070485000000002,0.0484355335025406,-0.0125));
#19451=CARTESIAN_POINT('',(-0.234885,-0.054545,-0.0125));
#19452=CARTESIAN_POINT('',(-0.237735,-0.054545,-0.0125));
#19453=CARTESIAN_POINT('',(-0.409952,-0.124775,-0.003));
#19454=CARTESIAN_POINT('',(-0.234885,-0.054545,-0.005));
#19455=CARTESIAN_POINT('',(-0.234885,-0.054545,-0.0115));
#19456=CARTESIAN_POINT('',(-0.234885,-0.138365,-0.0125));
#19457=CARTESIAN_POINT('',(-0.234885,-0.138365,-0.0115));
#19458=CARTESIAN_POINT('',(-0.235635,-0.138365,-0.0115));
#19459=CARTESIAN_POINT('',(-0.234885,-0.138365,-0.003));
#19460=CARTESIAN_POINT('',(-0.235635,-0.138365,-0.003));
#19461=CARTESIAN_POINT('',(-0.234885,-0.138365,-0.0125));
#19462=CARTESIAN_POINT('',(-0.234885,-0.138365,-0.005));
#19463=CARTESIAN_POINT('',(-0.231385,-0.138365,-0.005));
#19464=CARTESIAN_POINT('',(-0.234885,-0.138365,-0.0125));
#19465=CARTESIAN_POINT('',(-0.238385,-0.138365,-0.0125));
#19466=CARTESIAN_POINT('',(-0.070485000000002,-0.0353844664974595,-0.0125));
#19467=CARTESIAN_POINT('',(-0.234885,-0.138365,-0.0125));
#19468=CARTESIAN_POINT('',(-0.237735,-0.138365,-0.0125));
#19469=CARTESIAN_POINT('',(-0.409952,-0.124775,-0.003));
#19470=CARTESIAN_POINT('',(-0.234885,-0.138365,-0.005));
#19471=CARTESIAN_POINT('',(-0.234885,-0.138365,-0.0115));
#19472=CARTESIAN_POINT('',(-0.189165,-0.138365,-0.0125));
#19473=CARTESIAN_POINT('',(-0.189165,-0.138365,-0.0115));
#19474=CARTESIAN_POINT('',(-0.189915,-0.138365,-0.0115));
#19475=CARTESIAN_POINT('',(-0.189165,-0.138365,-0.003));
#19476=CARTESIAN_POINT('',(-0.189915,-0.138365,-0.003));
#19477=CARTESIAN_POINT('',(-0.189165,-0.138365,-0.0125));
#19478=CARTESIAN_POINT('',(-0.189165,-0.138365,-0.005));
#19479=CARTESIAN_POINT('',(-0.185665,-0.138365,-0.005));
#19480=CARTESIAN_POINT('',(-0.189165,-0.138365,-0.0125));
#19481=CARTESIAN_POINT('',(-0.192665,-0.138365,-0.0125));
#19482=CARTESIAN_POINT('',(-0.0247650000000019,-0.0353844664974595,-0.0125));
#19483=CARTESIAN_POINT('',(-0.189165,-0.138365,-0.0125));
#19484=CARTESIAN_POINT('',(-0.192015,-0.138365,-0.0125));
#19485=CARTESIAN_POINT('',(-0.409952,-0.124775,-0.003));
#19486=CARTESIAN_POINT('',(-0.189165,-0.138365,-0.005));
#19487=CARTESIAN_POINT('',(-0.189165,-0.138365,-0.0115));
#19488=CARTESIAN_POINT('',(-0.119315,-0.138365,-0.0125));
#19489=CARTESIAN_POINT('',(-0.119315,-0.138365,-0.0115));
#19490=CARTESIAN_POINT('',(-0.120065,-0.138365,-0.0115));
#19491=CARTESIAN_POINT('',(-0.119315,-0.138365,-0.003));
#19492=CARTESIAN_POINT('',(-0.120065,-0.138365,-0.003));
#19493=CARTESIAN_POINT('',(-0.119315,-0.138365,-0.0125));
#19494=CARTESIAN_POINT('',(-0.119315,-0.138365,-0.005));
#19495=CARTESIAN_POINT('',(-0.115815,-0.138365,-0.005));
#19496=CARTESIAN_POINT('',(-0.119315,-0.138365,-0.0125));
#19497=CARTESIAN_POINT('',(-0.122815,-0.138365,-0.0125));
#19498=CARTESIAN_POINT('',(0.045084999999998,-0.0353844664974595,-0.0125));
#19499=CARTESIAN_POINT('',(-0.119315,-0.138365,-0.0125));
#19500=CARTESIAN_POINT('',(-0.122165,-0.138365,-0.0125));
#19501=CARTESIAN_POINT('',(-0.409952,-0.124775,-0.003));
#19502=CARTESIAN_POINT('',(-0.119315,-0.138365,-0.005));
#19503=CARTESIAN_POINT('',(-0.119315,-0.138365,-0.0115));
#19504=CARTESIAN_POINT('',(-0.046925,-0.138365,-0.0125));
#19505=CARTESIAN_POINT('',(-0.046925,-0.138365,-0.0115));
#19506=CARTESIAN_POINT('',(-0.047675,-0.138365,-0.0115));
#19507=CARTESIAN_POINT('',(-0.046925,-0.138365,-0.003));
#19508=CARTESIAN_POINT('',(-0.047675,-0.138365,-0.003));
#19509=CARTESIAN_POINT('',(-0.046925,-0.138365,-0.0125));
#19510=CARTESIAN_POINT('',(-0.046925,-0.138365,-0.005));
#19511=CARTESIAN_POINT('',(-0.043425,-0.138365,-0.005));
#19512=CARTESIAN_POINT('',(-0.046925,-0.138365,-0.0125));
#19513=CARTESIAN_POINT('',(-0.050425,-0.138365,-0.0125));
#19514=CARTESIAN_POINT('',(0.117474999999998,-0.0353844664974595,-0.0125));
#19515=CARTESIAN_POINT('',(-0.046925,-0.138365,-0.0125));
#19516=CARTESIAN_POINT('',(-0.049775,-0.138365,-0.0125));
#19517=CARTESIAN_POINT('',(-0.409952,-0.124775,-0.003));
#19518=CARTESIAN_POINT('',(-0.046925,-0.138365,-0.005));
#19519=CARTESIAN_POINT('',(-0.046925,-0.138365,-0.0115));
#19520=CARTESIAN_POINT('',(-0.062165,-0.092645,-0.0125));
#19521=CARTESIAN_POINT('',(-0.062165,-0.092645,-0.0115));
#19522=CARTESIAN_POINT('',(-0.062915,-0.092645,-0.0115));
#19523=CARTESIAN_POINT('',(-0.062165,-0.092645,-0.003));
#19524=CARTESIAN_POINT('',(-0.062915,-0.092645,-0.003));
#19525=CARTESIAN_POINT('',(-0.062165,-0.092645,-0.0125));
#19526=CARTESIAN_POINT('',(-0.062165,-0.092645,-0.005));
#19527=CARTESIAN_POINT('',(-0.058665,-0.092645,-0.005));
#19528=CARTESIAN_POINT('',(-0.062165,-0.092645,-0.0125));
#19529=CARTESIAN_POINT('',(-0.065665,-0.092645,-0.0125));
#19530=CARTESIAN_POINT('',(0.102234999999998,0.0103355335025405,-0.0125));
#19531=CARTESIAN_POINT('',(-0.062165,-0.092645,-0.0125));
#19532=CARTESIAN_POINT('',(-0.065015,-0.092645,-0.0125));
#19533=CARTESIAN_POINT('',(-0.409952,-0.124775,-0.003));
#19534=CARTESIAN_POINT('',(-0.062165,-0.092645,-0.005));
#19535=CARTESIAN_POINT('',(-0.062165,-0.092645,-0.0115));
#19536=CARTESIAN_POINT('',(-0.046925,-0.173925,-0.0125));
#19537=CARTESIAN_POINT('',(-0.046925,-0.173925,-0.0115));
#19538=CARTESIAN_POINT('',(-0.047675,-0.173925,-0.0115));
#19539=CARTESIAN_POINT('',(-0.046925,-0.173925,-0.003));
#19540=CARTESIAN_POINT('',(-0.047675,-0.173925,-0.003));
#19541=CARTESIAN_POINT('',(-0.046925,-0.173925,-0.0125));
#19542=CARTESIAN_POINT('',(-0.046925,-0.173925,-0.005));
#19543=CARTESIAN_POINT('',(-0.043425,-0.173925,-0.005));
#19544=CARTESIAN_POINT('',(-0.046925,-0.173925,-0.0125));
#19545=CARTESIAN_POINT('',(-0.050425,-0.173925,-0.0125));
#19546=CARTESIAN_POINT('',(0.117474999999998,-0.0709444664974595,-0.0125));
#19547=CARTESIAN_POINT('',(-0.046925,-0.173925,-0.0125));
#19548=CARTESIAN_POINT('',(-0.049775,-0.173925,-0.0125));
#19549=CARTESIAN_POINT('',(-0.409952,-0.124775,-0.003));
#19550=CARTESIAN_POINT('',(-0.046925,-0.173925,-0.005));
#19551=CARTESIAN_POINT('',(-0.046925,-0.173925,-0.0115));
#19552=CARTESIAN_POINT('',(-0.102805,-0.168845,-0.0125));
#19553=CARTESIAN_POINT('',(-0.102805,-0.168845,-0.0115));
#19554=CARTESIAN_POINT('',(-0.103555,-0.168845,-0.0115));
#19555=CARTESIAN_POINT('',(-0.102805,-0.168845,-0.003));
#19556=CARTESIAN_POINT('',(-0.103555,-0.168845,-0.003));
#19557=CARTESIAN_POINT('',(-0.102805,-0.168845,-0.0125));
#19558=CARTESIAN_POINT('',(-0.102805,-0.168845,-0.005));
#19559=CARTESIAN_POINT('',(-0.099305,-0.168845,-0.005));
#19560=CARTESIAN_POINT('',(-0.102805,-0.168845,-0.0125));
#19561=CARTESIAN_POINT('',(-0.106305,-0.168845,-0.0125));
#19562=CARTESIAN_POINT('',(0.061594999999998,-0.0658644664974595,-0.0125));
#19563=CARTESIAN_POINT('',(-0.102805,-0.168845,-0.0125));
#19564=CARTESIAN_POINT('',(-0.105655,-0.168845,-0.0125));
#19565=CARTESIAN_POINT('',(-0.409952,-0.124775,-0.003));
#19566=CARTESIAN_POINT('',(-0.102805,-0.168845,-0.005));
#19567=CARTESIAN_POINT('',(-0.102805,-0.168845,-0.0115));
#19568=CARTESIAN_POINT('',(-0.102805,-0.219645,-0.0125));
#19569=CARTESIAN_POINT('',(-0.102805,-0.219645,-0.0115));
#19570=CARTESIAN_POINT('',(-0.103555,-0.219645,-0.0115));
#19571=CARTESIAN_POINT('',(-0.102805,-0.219645,-0.003));
#19572=CARTESIAN_POINT('',(-0.103555,-0.219645,-0.003));
#19573=CARTESIAN_POINT('',(-0.102805,-0.219645,-0.0125));
#19574=CARTESIAN_POINT('',(-0.102805,-0.219645,-0.005));
#19575=CARTESIAN_POINT('',(-0.099305,-0.219645,-0.005));
#19576=CARTESIAN_POINT('',(-0.102805,-0.219645,-0.0125));
#19577=CARTESIAN_POINT('',(-0.106305,-0.219645,-0.0125));
#19578=CARTESIAN_POINT('',(0.061594999999998,-0.116664466497459,-0.0125));
#19579=CARTESIAN_POINT('',(-0.102805,-0.219645,-0.0125));
#19580=CARTESIAN_POINT('',(-0.105655,-0.219645,-0.0125));
#19581=CARTESIAN_POINT('',(-0.409952,-0.124775,-0.003));
#19582=CARTESIAN_POINT('',(-0.102805,-0.219645,-0.005));
#19583=CARTESIAN_POINT('',(-0.102805,-0.219645,-0.0115));
#19584=CARTESIAN_POINT('',(-0.062165,-0.219645,-0.0125));
#19585=CARTESIAN_POINT('',(-0.062165,-0.219645,-0.0115));
#19586=CARTESIAN_POINT('',(-0.062915,-0.219645,-0.0115));
#19587=CARTESIAN_POINT('',(-0.062165,-0.219645,-0.003));
#19588=CARTESIAN_POINT('',(-0.062915,-0.219645,-0.003));
#19589=CARTESIAN_POINT('',(-0.062165,-0.219645,-0.0125));
#19590=CARTESIAN_POINT('',(-0.062165,-0.219645,-0.005));
#19591=CARTESIAN_POINT('',(-0.058665,-0.219645,-0.005));
#19592=CARTESIAN_POINT('',(-0.062165,-0.219645,-0.0125));
#19593=CARTESIAN_POINT('',(-0.065665,-0.219645,-0.0125));
#19594=CARTESIAN_POINT('',(0.102234999999998,-0.116664466497459,-0.0125));
#19595=CARTESIAN_POINT('',(-0.062165,-0.219645,-0.0125));
#19596=CARTESIAN_POINT('',(-0.065015,-0.219645,-0.0125));
#19597=CARTESIAN_POINT('',(-0.409952,-0.124775,-0.003));
#19598=CARTESIAN_POINT('',(-0.062165,-0.219645,-0.005));
#19599=CARTESIAN_POINT('',(-0.062165,-0.219645,-0.0115));
#19600=CARTESIAN_POINT('',(-0.171385,-0.227265,-0.0125));
#19601=CARTESIAN_POINT('',(-0.171385,-0.227265,-0.005));
#19602=CARTESIAN_POINT('',(-0.167885,-0.227265,-0.005));
#19603=CARTESIAN_POINT('',(-0.171385,-0.227265,-0.0125));
#19604=CARTESIAN_POINT('',(-0.174885,-0.227265,-0.0125));
#19605=CARTESIAN_POINT('',(-0.00698500000000202,-0.124284466497459,-0.0125));
#19606=CARTESIAN_POINT('',(-0.171385,-0.227265,-0.0125));
#19607=CARTESIAN_POINT('',(-0.174235,-0.227265,-0.0125));
#19608=CARTESIAN_POINT('',(-0.171385,-0.227265,-0.005));
#19609=CARTESIAN_POINT('',(-0.409952,-0.124775,-0.003));
#19610=CARTESIAN_POINT('',(-0.171385,-0.227265,-0.003));
#19611=CARTESIAN_POINT('',(-0.172135,-0.227265,-0.003));
#19612=CARTESIAN_POINT('',(-0.171385,-0.227265,-0.0125));
#19613=CARTESIAN_POINT('',(-0.171385,-0.227265,-0.0115));
#19614=CARTESIAN_POINT('',(-0.172135,-0.227265,-0.0115));
#19615=CARTESIAN_POINT('',(-0.171385,-0.227265,-0.0115));
#19616=CARTESIAN_POINT('',(-0.219645,-0.227265,-0.0125));
#19617=CARTESIAN_POINT('',(-0.219645,-0.227265,-0.0115));
#19618=CARTESIAN_POINT('',(-0.220395,-0.227265,-0.0115));
#19619=CARTESIAN_POINT('',(-0.219645,-0.227265,-0.003));
#19620=CARTESIAN_POINT('',(-0.220395,-0.227265,-0.003));
#19621=CARTESIAN_POINT('',(-0.219645,-0.227265,-0.0125));
#19622=CARTESIAN_POINT('',(-0.219645,-0.227265,-0.005));
#19623=CARTESIAN_POINT('',(-0.216145,-0.227265,-0.005));
#19624=CARTESIAN_POINT('',(-0.219645,-0.227265,-0.0125));
#19625=CARTESIAN_POINT('',(-0.223145,-0.227265,-0.0125));
#19626=CARTESIAN_POINT('',(-0.055245000000002,-0.124284466497459,-0.0125));
#19627=CARTESIAN_POINT('',(-0.219645,-0.227265,-0.0125));
#19628=CARTESIAN_POINT('',(-0.222495,-0.227265,-0.0125));
#19629=CARTESIAN_POINT('',(-0.409952,-0.124775,-0.003));
#19630=CARTESIAN_POINT('',(-0.219645,-0.227265,-0.005));
#19631=CARTESIAN_POINT('',(-0.219645,-0.227265,-0.0115));
#19632=CARTESIAN_POINT('',(-0.07,-0.0067839832166409,-0.0242977021211171));
#19633=CARTESIAN_POINT('',(-0.0655,-0.0067839832166409,-0.0242977021211171));
#19634=CARTESIAN_POINT('',(-0.0655,-0.0058010377808583,-0.0244815995661079));
#19635=CARTESIAN_POINT('',(-0.07,-0.0058010377808583,-0.0244815995661079));
#19636=CARTESIAN_POINT('',(-0.0745,-0.0058010377808583,-0.0244815995661079));
#19637=CARTESIAN_POINT('',(-0.0745,-0.0046215032579192,-0.024702276500097));
#19638=CARTESIAN_POINT('',(-0.0635,-0.00792414737558433,-0.0303919638229692));
#19639=CARTESIAN_POINT('',(-0.0635,-0.00774024993059346,-0.0294090183871865));
#19640=CARTESIAN_POINT('',(-0.0635,-0.00675730449481087,-0.0295929158321775));
#19641=CARTESIAN_POINT('',(-0.0635,-0.00616883267084006,-0.0264474904376731));
#19642=CARTESIAN_POINT('',(-0.0635,-0.00616883267084006,-0.0264474904376731));
#19643=CARTESIAN_POINT('',(-0.0635,-0.00715177810662265,-0.0262635929926823));
#19644=CARTESIAN_POINT('',(-0.07,-0.00810804482057521,-0.0313749092587518));
#19645=CARTESIAN_POINT('',(-0.0745,-0.00810804482057521,-0.0313749092587518));
#19646=CARTESIAN_POINT('',(-0.0745,-0.00712509938479262,-0.0315588067037426));
#19647=CARTESIAN_POINT('',(-0.0655,-0.00712509938479262,-0.0315588067037426));
#19648=CARTESIAN_POINT('',(-0.0655,-0.00712509938479262,-0.0315588067037426));
#19649=CARTESIAN_POINT('',(-0.0655,-0.00594556486185351,-0.0317794836377316));
#19650=CARTESIAN_POINT('',(-0.0765,-0.00792414737558433,-0.0303919638229692));
#19651=CARTESIAN_POINT('',(-0.0765,-0.00715177810662265,-0.0262635929926823));
#19652=CARTESIAN_POINT('',(-0.0765,-0.00616883267084006,-0.0264474904376731));
#19653=CARTESIAN_POINT('',(-0.0765,-0.00694120193980174,-0.03057586126796));
#19654=CARTESIAN_POINT('',(-0.0765,-0.00675730449481086,-0.0295929158321774));
#19655=CARTESIAN_POINT('',(-0.0765,-0.00774024993059345,-0.0294090183871865));
#19656=CARTESIAN_POINT('',(-0.0655,-0.00774024993059346,-0.0294090183871865));
#19657=CARTESIAN_POINT('',(-0.0655,-0.00675730449481087,-0.0295929158321775));
#19658=CARTESIAN_POINT('',(-0.0745,-0.00774024993059345,-0.0294090183871865));
#19659=CARTESIAN_POINT('',(-0.0745,-0.00675730449481086,-0.0295929158321774));
#19660=CARTESIAN_POINT('',(-0.0745,-0.00715177810662265,-0.0262635929926823));
#19661=CARTESIAN_POINT('',(-0.0745,-0.00616883267084006,-0.0264474904376731));
#19662=CARTESIAN_POINT('',(-0.0655,-0.00715177810662265,-0.0262635929926823));
#19663=CARTESIAN_POINT('',(-0.0655,-0.00616883267084006,-0.0264474904376731));
#19664=CARTESIAN_POINT('',(-0.07,-0.0301514058664366,-0.0252161566413946));
#19665=CARTESIAN_POINT('',(-0.0665,-0.00774024993059346,-0.0294090183871865));
#19666=CARTESIAN_POINT('',(-0.0735,-0.0301514058664366,-0.0252161566413946));
#19667=CARTESIAN_POINT('',(-0.0745,-0.0298571699544511,-0.0236434439441424));
#19668=CARTESIAN_POINT('',(-0.0745,-0.00812203190023959,-0.0270994204724722));
#19669=CARTESIAN_POINT('',(-0.0745,-0.0128528616341617,-0.0251969878117352));
#19670=CARTESIAN_POINT('',(-0.0745,-0.0128528616341617,-0.0251969878117352));
#19671=CARTESIAN_POINT('',(-0.0745,-0.0131470975461471,-0.0267697005089873));
#19672=CARTESIAN_POINT('',(-0.0745,-0.0134413334581325,-0.0283424132062394));
#19673=CARTESIAN_POINT('',(-0.0745,-0.0134413334581325,-0.0283424132062394));
#19674=CARTESIAN_POINT('',(-0.0745,-0.0299675084214456,-0.0242332112056119));
#19675=CARTESIAN_POINT('',(-0.07,-0.0295629340424657,-0.0220707312468902));
#19676=CARTESIAN_POINT('',(-0.0665,-0.0295629340424657,-0.0220707312468902));
#19677=CARTESIAN_POINT('',(-0.0655,-0.0128528616341617,-0.0251969878117352));
#19678=CARTESIAN_POINT('',(-0.0655,-0.0128528616341617,-0.0251969878117352));
#19679=CARTESIAN_POINT('',(-0.07,-0.0128528616341617,-0.0251969878117352));
#19680=CARTESIAN_POINT('',(-0.0735,-0.00715177810662264,-0.0262635929926823));
#19681=CARTESIAN_POINT('',(-0.0655,-0.0298571699544511,-0.0236434439441424));
#19682=CARTESIAN_POINT('',(-0.0655,-0.00834270883422865,-0.0282789549954112));
#19683=CARTESIAN_POINT('',(-0.0655,-0.0134413334581325,-0.0283424132062394));
#19684=CARTESIAN_POINT('',(-0.0655,-0.0134413334581325,-0.0283424132062394));
#19685=CARTESIAN_POINT('',(-0.0655,-0.0131470975461471,-0.0267697005089873));
#19686=CARTESIAN_POINT('',(-0.0655,-0.0297468314874566,-0.0230536766826729));
#19687=CARTESIAN_POINT('',(-0.0665,-0.0299675084214456,-0.0242332112056119));
#19688=CARTESIAN_POINT('',(-0.0735,-0.0299675084214456,-0.0242332112056119));
#19689=CARTESIAN_POINT('',(-0.0735,-0.0297468314874566,-0.0230536766826729));
#19690=CARTESIAN_POINT('',(-0.0665,-0.0297468314874566,-0.0230536766826729));
#19691=CARTESIAN_POINT('',(-0.0655,-0.00675730449481087,-0.0295929158321775));
#19692=CARTESIAN_POINT('',(-0.0645,-0.00675730449481087,-0.0295929158321775));
#19693=CARTESIAN_POINT('',(-0.0655,-0.00694120193980174,-0.03057586126796));
#19694=CARTESIAN_POINT('',(-0.07,-0.00694120193980174,-0.03057586126796));
#19695=CARTESIAN_POINT('',(-0.0745,-0.00694120193980174,-0.03057586126796));
#19696=CARTESIAN_POINT('',(-0.0645,-0.00694120193980174,-0.03057586126796));
#19697=CARTESIAN_POINT('',(-0.0645,-0.00616883267084006,-0.0264474904376731));
#19698=CARTESIAN_POINT('',(-0.0745,-0.00675730449481086,-0.0295929158321774));
#19699=CARTESIAN_POINT('',(-0.0755,-0.00675730449481086,-0.0295929158321774));
#19700=CARTESIAN_POINT('',(-0.0655,-0.00616883267084006,-0.0264474904376731));
#19701=CARTESIAN_POINT('',(-0.0655,-0.00598493522584918,-0.0254645450018906));
#19702=CARTESIAN_POINT('',(-0.0755,-0.00534001860233944,-0.0220174179818785));
#19703=CARTESIAN_POINT('',(-0.0755,-0.00616883267084006,-0.0264474904376731));
#19704=CARTESIAN_POINT('',(-0.204975,-0.00598493522584918,-0.0254645450018906));
#19705=CARTESIAN_POINT('',(-0.0745,-0.00598493522584918,-0.0254645450018906));
#19706=CARTESIAN_POINT('',(-0.0745,-0.00616883267084006,-0.0264474904376731));
#19707=CARTESIAN_POINT('',(-0.0645,-0.0134413334581325,-0.0283424132062394));
#19708=CARTESIAN_POINT('',(-0.0635,-0.0134413334581325,-0.0283424132062394));
#19709=CARTESIAN_POINT('',(-0.0635,-0.0134413334581325,-0.0283424132062394));
#19710=CARTESIAN_POINT('',(-0.0645,-0.0134413334581325,-0.0283424132062394));
#19711=CARTESIAN_POINT('',(-0.0755,-0.0134413334581325,-0.0283424132062394));
#19712=CARTESIAN_POINT('',(-0.0755,-0.0134413334581325,-0.0283424132062394));
#19713=CARTESIAN_POINT('',(-0.0765,-0.0134413334581325,-0.0283424132062394));
#19714=CARTESIAN_POINT('',(-0.0765,-0.0134413334581325,-0.0283424132062394));
#19715=CARTESIAN_POINT('',(-0.0765,-0.0129632001011562,-0.0257867550732048));
#19716=CARTESIAN_POINT('',(-0.0765,-0.0129632001011562,-0.0257867550732048));
#19717=CARTESIAN_POINT('',(-0.0765,-0.0124850667441799,-0.02323109694017));
#19718=CARTESIAN_POINT('',(-0.0765,-0.00665085234031258,-0.0192358569862114));
#19719=CARTESIAN_POINT('',(-0.0635,-0.0129632001011562,-0.0257867550732048));
#19720=CARTESIAN_POINT('',(-0.0635,-0.0140019624891854,-0.0242698593281992));
#19721=CARTESIAN_POINT('',(-0.0635,-0.0124850667441799,-0.02323109694017));
#19722=CARTESIAN_POINT('',(-0.0635,-0.0129632001011562,-0.0257867550732048));
#19723=CARTESIAN_POINT('',(-0.204975,-0.0120240475656611,-0.0207669153559406));
#19724=CARTESIAN_POINT('',(-0.07,-0.0124850667441799,-0.02323109694017));
#19725=CARTESIAN_POINT('',(-0.409952,-0.00665085234031258,-0.0192358569862114));
#19726=CARTESIAN_POINT('',(-0.261,-0.0145936244307584,-0.0349428061666441));
#19727=CARTESIAN_POINT('',(-0.261,-0.0149943457290954,-0.0399267225424532));
#19728=CARTESIAN_POINT('',(-0.261,-0.0145972433974247,-0.0399586507189957));
#19729=CARTESIAN_POINT('',(-0.261,-0.0159911290042573,-0.0398465782827859));
#19730=CARTESIAN_POINT('',(-0.261,-0.0136904511596316,-0.0351117791847771));
#19731=CARTESIAN_POINT('',(-0.261,-0.0134928457689414,-0.0340555637660442));
#19732=CARTESIAN_POINT('',(-0.261,-0.0146475124111668,-0.0349384734170861));
#19733=CARTESIAN_POINT('',(-0.261,-0.0146475124111668,-0.0349384734170861));
#19734=CARTESIAN_POINT('',(-0.261,-0.0145936244307584,-0.0349428061666441));
#19735=CARTESIAN_POINT('',(-0.261,-0.0155904077059202,-0.0348626619069766));
#19736=CARTESIAN_POINT('',(-0.261,-0.0155904077059202,-0.0348626619069766));
#19737=CARTESIAN_POINT('',(-0.271,-0.0145936244307584,-0.0349428061666441));
#19738=CARTESIAN_POINT('',(-0.271,-0.0145936244307584,-0.0349428061666441));
#19739=CARTESIAN_POINT('',(-0.271,-0.0146475124111668,-0.0349384734170861));
#19740=CARTESIAN_POINT('',(-0.271,-0.0155904077059202,-0.0348626619069766));
#19741=CARTESIAN_POINT('',(-0.271,-0.014615597499921,-0.034914069851485));
#19742=CARTESIAN_POINT('',(-0.271,-0.0134928457689414,-0.0340555637660442));
#19743=CARTESIAN_POINT('',(-0.271,-0.0145199297961324,-0.0395454038056524));
#19744=CARTESIAN_POINT('',(-0.271,-0.0145972433974247,-0.0399586507189957));
#19745=CARTESIAN_POINT('',(-0.271,-0.0149943457290954,-0.0399267225424532));
#19746=CARTESIAN_POINT('',(-0.271,-0.0159911290042573,-0.0398465782827859));
#19747=CARTESIAN_POINT('',(-0.271,-0.0155904077059202,-0.0348626619069766));
#19748=CARTESIAN_POINT('',(-0.204974999999997,-0.125414454002062,-0.0260324907921436));
#19749=CARTESIAN_POINT('',(-0.275,-0.0146475124111668,-0.0349384734170861));
#19750=CARTESIAN_POINT('',(-0.267,-0.0155904077059202,-0.0348626619069766));
#19751=CARTESIAN_POINT('',(-0.267,-0.0195775408065676,-0.034542084868307));
#19752=CARTESIAN_POINT('',(-0.266,-0.0195775408065676,-0.034542084868307));
#19753=CARTESIAN_POINT('',(-0.265,-0.0195775408065676,-0.034542084868307));
#19754=CARTESIAN_POINT('',(-0.265,-0.0155904077059202,-0.0348626619069766));
#19755=CARTESIAN_POINT('',(-0.204974999999997,-0.125815175300399,-0.0310164071679528));
#19756=CARTESIAN_POINT('',(-0.266,-0.0149943457290954,-0.0399267225424532));
#19757=CARTESIAN_POINT('',(-0.266,-0.0130007791787717,-0.0400870110617881));
#19758=CARTESIAN_POINT('',(-0.266,-0.0199782621049046,-0.0395260012441162));
#19759=CARTESIAN_POINT('',(-0.265,-0.0199782621049046,-0.0395260012441162));
#19760=CARTESIAN_POINT('',(-0.267,-0.0199782621049046,-0.0395260012441162));
#19761=CARTESIAN_POINT('',(-0.267,-0.0159911290042573,-0.0398465782827859));
#19762=CARTESIAN_POINT('',(-0.275,-0.0145972433974247,-0.0399586507189957));
#19763=CARTESIAN_POINT('',(-0.257,-0.0145972433974247,-0.0399586507189957));
#19764=CARTESIAN_POINT('',(-0.265,-0.0159911290042573,-0.0398465782827859));
#19765=CARTESIAN_POINT('',(-0.266,-0.0195775408065676,-0.034542084868307));
#19766=CARTESIAN_POINT('',(-0.267,-0.0199782621049046,-0.0395260012441162));
#19767=CARTESIAN_POINT('',(-0.265,-0.0195775408065676,-0.034542084868307));
#19768=CARTESIAN_POINT('',(-0.266,-0.0146737686904258,-0.0359395894418058));
#19769=CARTESIAN_POINT('',(-0.266,-0.0146737686904258,-0.0359395894418058));
#19770=CARTESIAN_POINT('',(-0.266,-0.0126802021401021,-0.0360998779611407));
#19771=CARTESIAN_POINT('',(-0.204974999999997,-0.12549459826173,-0.0270292740673054));
#19772=CARTESIAN_POINT('',(-0.368301739512646,-0.0145936244307584,-0.0349428061666441));
#19773=CARTESIAN_POINT('',(-0.368301739512646,-0.0149943457290954,-0.0399267225424532));
#19774=CARTESIAN_POINT('',(-0.368301739512646,-0.0145972433974247,-0.0399586507189957));
#19775=CARTESIAN_POINT('',(-0.368301739512646,-0.0159911290042573,-0.0398465782827859));
#19776=CARTESIAN_POINT('',(-0.368301739512646,-0.0136904511596316,-0.0351117791847771));
#19777=CARTESIAN_POINT('',(-0.368301739512646,-0.0134928457689414,-0.0340555637660442));
#19778=CARTESIAN_POINT('',(-0.368301739512646,-0.0146475124111668,-0.0349384734170861));
#19779=CARTESIAN_POINT('',(-0.368301739512646,-0.0146475124111668,-0.0349384734170861));
#19780=CARTESIAN_POINT('',(-0.368301739512646,-0.0145936244307584,-0.0349428061666441));
#19781=CARTESIAN_POINT('',(-0.368301739512646,-0.0155904077059202,-0.0348626619069766));
#19782=CARTESIAN_POINT('',(-0.368301739512646,-0.0155904077059202,-0.0348626619069766));
#19783=CARTESIAN_POINT('',(-0.378301739512646,-0.0145936244307584,-0.0349428061666441));
#19784=CARTESIAN_POINT('',(-0.378301739512646,-0.0149943457290954,-0.0399267225424532));
#19785=CARTESIAN_POINT('',(-0.378301739512646,-0.0145972433974247,-0.0399586507189957));
#19786=CARTESIAN_POINT('',(-0.378301739512646,-0.0159911290042573,-0.0398465782827859));
#19787=CARTESIAN_POINT('',(-0.378301739512646,-0.0155904077059202,-0.0348626619069766));
#19788=CARTESIAN_POINT('',(-0.378301739512646,-0.0155904077059202,-0.0348626619069766));
#19789=CARTESIAN_POINT('',(-0.378301739512646,-0.0145936244307584,-0.0349428061666441));
#19790=CARTESIAN_POINT('',(-0.378301739512646,-0.0146475124111668,-0.0349384734170861));
#19791=CARTESIAN_POINT('',(-0.378301739512646,-0.014615597499921,-0.034914069851485));
#19792=CARTESIAN_POINT('',(-0.378301739512646,-0.0134928457689414,-0.0340555637660442));
#19793=CARTESIAN_POINT('',(-0.378301739512646,-0.0145199297961324,-0.0395454038056524));
#19794=CARTESIAN_POINT('',(-0.312276739512643,-0.125414454002062,-0.0260324907921436));
#19795=CARTESIAN_POINT('',(-0.382301739512646,-0.0146475124111668,-0.0349384734170861));
#19796=CARTESIAN_POINT('',(-0.374301739512646,-0.0155904077059202,-0.0348626619069766));
#19797=CARTESIAN_POINT('',(-0.374301739512646,-0.0195775408065676,-0.034542084868307));
#19798=CARTESIAN_POINT('',(-0.373301739512646,-0.0195775408065676,-0.034542084868307));
#19799=CARTESIAN_POINT('',(-0.372301739512646,-0.0195775408065676,-0.034542084868307));
#19800=CARTESIAN_POINT('',(-0.372301739512646,-0.0155904077059202,-0.0348626619069766));
#19801=CARTESIAN_POINT('',(-0.312276739512643,-0.125815175300399,-0.0310164071679528));
#19802=CARTESIAN_POINT('',(-0.373301739512646,-0.0149943457290954,-0.0399267225424532));
#19803=CARTESIAN_POINT('',(-0.373301739512646,-0.0130007791787717,-0.0400870110617881));
#19804=CARTESIAN_POINT('',(-0.372301739512646,-0.0159911290042573,-0.0398465782827859));
#19805=CARTESIAN_POINT('',(-0.372301739512646,-0.0199782621049046,-0.0395260012441162));
#19806=CARTESIAN_POINT('',(-0.373301739512646,-0.0199782621049046,-0.0395260012441162));
#19807=CARTESIAN_POINT('',(-0.374301739512646,-0.0199782621049046,-0.0395260012441162));
#19808=CARTESIAN_POINT('',(-0.374301739512646,-0.0159911290042573,-0.0398465782827859));
#19809=CARTESIAN_POINT('',(-0.382301739512646,-0.0145972433974247,-0.0399586507189957));
#19810=CARTESIAN_POINT('',(-0.364301739512646,-0.0145972433974247,-0.0399586507189957));
#19811=CARTESIAN_POINT('',(-0.373301739512646,-0.0195775408065676,-0.034542084868307));
#19812=CARTESIAN_POINT('',(-0.372301739512646,-0.0195775408065676,-0.034542084868307));
#19813=CARTESIAN_POINT('',(-0.374301739512646,-0.0199782621049046,-0.0395260012441162));
#19814=CARTESIAN_POINT('',(-0.373301739512646,-0.0146737686904258,-0.0359395894418058));
#19815=CARTESIAN_POINT('',(-0.373301739512646,-0.0146737686904258,-0.0359395894418058));
#19816=CARTESIAN_POINT('',(-0.373301739512646,-0.0126802021401021,-0.0360998779611407));
#19817=CARTESIAN_POINT('',(-0.312276739512643,-0.12549459826173,-0.0270292740673054));
#19818=CARTESIAN_POINT('',(-0.398556161828816,-0.0395132063098044,-0.032939199674959));
#19819=CARTESIAN_POINT('',(-0.398556161828816,-0.0399139276081414,-0.0379231160507682));
#19820=CARTESIAN_POINT('',(-0.397556161828816,-0.0399139276081414,-0.0379231160507682));
#19821=CARTESIAN_POINT('',(-0.398878500999752,-0.0399139276081414,-0.0379231160507682));
#19822=CARTESIAN_POINT('',(-0.399448360527038,-0.039479412871326,-0.0325188984029121));
#19823=CARTESIAN_POINT('',(-0.399502736493033,-0.039437951498089,-0.0320032282403906));
#19824=CARTESIAN_POINT('',(-0.398513038182328,-0.0395093677706976,-0.0328914583694846));
#19825=CARTESIAN_POINT('',(-0.398459843083636,-0.0395132063098044,-0.032939199674959));
#19826=CARTESIAN_POINT('',(-0.398556161828816,-0.0395132063098044,-0.032939199674959));
#19827=CARTESIAN_POINT('',(-0.397556161828816,-0.0395132063098044,-0.032939199674959));
#19828=CARTESIAN_POINT('',(-0.397556161828816,-0.0399139276081414,-0.0379231160507682));
#19829=CARTESIAN_POINT('',(-0.398556161828816,-0.0494810390614228,-0.032137757078285));
#19830=CARTESIAN_POINT('',(-0.398556161828816,-0.0498817603597598,-0.0371216734540942));
#19831=CARTESIAN_POINT('',(-0.397556161828816,-0.0498817603597598,-0.0371216734540942));
#19832=CARTESIAN_POINT('',(-0.399030618755231,-0.0498817603597598,-0.0371216734540942));
#19833=CARTESIAN_POINT('',(-0.397556161828816,-0.0494810390614228,-0.032137757078285));
#19834=CARTESIAN_POINT('',(-0.397556161828816,-0.0494810390614228,-0.032137757078285));
#19835=CARTESIAN_POINT('',(-0.398556161828816,-0.0494810390614228,-0.032137757078285));
#19836=CARTESIAN_POINT('',(-0.398544352947792,-0.0494810390614228,-0.032137757078285));
#19837=CARTESIAN_POINT('',(-0.399037480721898,-0.0494454551393675,-0.0316951869114802));
#19838=CARTESIAN_POINT('',(-0.399661921197497,-0.0494003957402043,-0.0311347667932945));
#19839=CARTESIAN_POINT('',(-0.39954523176014,-0.049489370790607,-0.0322413818211976));
#19840=CARTESIAN_POINT('',(-0.337531161828813,-0.155317952256917,-0.0236281630021216));
#19841=CARTESIAN_POINT('',(-0.398578229874986,-0.0534767802424755,-0.031816487925042));
#19842=CARTESIAN_POINT('',(-0.397556161828816,-0.0454939059607755,-0.0324583341169546));
#19843=CARTESIAN_POINT('',(-0.393556161828816,-0.0454939059607755,-0.0324583341169546));
#19844=CARTESIAN_POINT('',(-0.393556161828816,-0.0444971226856136,-0.032538478376622));
#19845=CARTESIAN_POINT('',(-0.393556161828816,-0.0435003394104517,-0.0326186226362894));
#19846=CARTESIAN_POINT('',(-0.397556161828816,-0.0435003394104517,-0.0326186226362894));
#19847=CARTESIAN_POINT('',(-0.337531161828813,-0.155718673555254,-0.0286120793779307));
#19848=CARTESIAN_POINT('',(-0.398556161828816,-0.0448978439839506,-0.0375223947524312));
#19849=CARTESIAN_POINT('',(-0.398556161828816,-0.0429042774336269,-0.037682683271766));
#19850=CARTESIAN_POINT('',(-0.397556161828816,-0.0439010607087888,-0.0376025390120986));
#19851=CARTESIAN_POINT('',(-0.393556161828816,-0.0439010607087888,-0.0376025390120986));
#19852=CARTESIAN_POINT('',(-0.393556161828816,-0.0448978439839506,-0.0375223947524312));
#19853=CARTESIAN_POINT('',(-0.393556161828816,-0.0458946272591125,-0.0374422504927638));
#19854=CARTESIAN_POINT('',(-0.397556161828816,-0.0458946272591125,-0.0374422504927638));
#19855=CARTESIAN_POINT('',(-0.399030618755232,-0.0538688934604072,-0.0368010964154245));
#19856=CARTESIAN_POINT('',(-0.398878500999752,-0.035926794507494,-0.0382436930894378));
#19857=CARTESIAN_POINT('',(-0.393556161828816,-0.0444971226856136,-0.032538478376622));
#19858=CARTESIAN_POINT('',(-0.393556161828816,-0.0435003394104517,-0.0326186226362894));
#19859=CARTESIAN_POINT('',(-0.393556161828816,-0.0454939059607755,-0.0324583341169546));
#19860=CARTESIAN_POINT('',(-0.398556161828816,-0.044577266945281,-0.0335352616517838));
#19861=CARTESIAN_POINT('',(-0.398556161828816,-0.044577266945281,-0.0335352616517838));
#19862=CARTESIAN_POINT('',(-0.398556161828816,-0.0425837003949573,-0.0336955501711186));
#19863=CARTESIAN_POINT('',(-0.337531161828813,-0.155398096516585,-0.0246249462772834));
#19864=CARTESIAN_POINT('',(-0.261,-0.241219199949175,-0.0167214541193061));
#19865=CARTESIAN_POINT('',(-0.261,-0.241619921247512,-0.0217053704951153));
#19866=CARTESIAN_POINT('',(-0.261,-0.24062313797235,-0.0217855147547828));
#19867=CARTESIAN_POINT('',(-0.261,-0.242017023579184,-0.0216734423185729));
#19868=CARTESIAN_POINT('',(-0.261,-0.240222416674014,-0.0168015983789736));
#19869=CARTESIAN_POINT('',(-0.261,-0.240222416674014,-0.0168015983789736));
#19870=CARTESIAN_POINT('',(-0.261,-0.241219199949175,-0.0167214541193061));
#19871=CARTESIAN_POINT('',(-0.261,-0.241165311968768,-0.016725786868864));
#19872=CARTESIAN_POINT('',(-0.261,-0.241165311968768,-0.016725786868864));
#19873=CARTESIAN_POINT('',(-0.261,-0.242164080478059,-0.0156697348003473));
#19874=CARTESIAN_POINT('',(-0.261,-0.242137768183278,-0.0167439538489319));
#19875=CARTESIAN_POINT('',(-0.271,-0.241219199949175,-0.0167214541193061));
#19876=CARTESIAN_POINT('',(-0.271,-0.241219199949175,-0.0167214541193061));
#19877=CARTESIAN_POINT('',(-0.271,-0.240222416674014,-0.0168015983789736));
#19878=CARTESIAN_POINT('',(-0.271,-0.241165311968768,-0.016725786868864));
#19879=CARTESIAN_POINT('',(-0.271,-0.240222416674014,-0.0168015983789736));
#19880=CARTESIAN_POINT('',(-0.271,-0.24062313797235,-0.0217855147547828));
#19881=CARTESIAN_POINT('',(-0.271,-0.241619921247512,-0.0217053704951153));
#19882=CARTESIAN_POINT('',(-0.271,-0.242017023579184,-0.0216734423185729));
#19883=CARTESIAN_POINT('',(-0.271,-0.242150427751024,-0.016227117558782));
#19884=CARTESIAN_POINT('',(-0.271,-0.242164080478059,-0.0156697348003473));
#19885=CARTESIAN_POINT('',(-0.271,-0.241192917865711,-0.016696597658052));
#19886=CARTESIAN_POINT('',(-0.204974999999997,-0.352040029520479,-0.00781113874480569));
#19887=CARTESIAN_POINT('',(-0.257,-0.241165311968768,-0.016725786868864));
#19888=CARTESIAN_POINT('',(-0.265,-0.240222416674014,-0.0168015983789736));
#19889=CARTESIAN_POINT('',(-0.265,-0.236235283573366,-0.0171221754176431));
#19890=CARTESIAN_POINT('',(-0.266,-0.236235283573366,-0.0171221754176431));
#19891=CARTESIAN_POINT('',(-0.267,-0.236235283573366,-0.0171221754176431));
#19892=CARTESIAN_POINT('',(-0.267,-0.240222416674014,-0.0168015983789736));
#19893=CARTESIAN_POINT('',(-0.204974999999997,-0.352440750818817,-0.0127950551206149));
#19894=CARTESIAN_POINT('',(-0.266,-0.241619921247512,-0.0217053704951153));
#19895=CARTESIAN_POINT('',(-0.266,-0.239626354697189,-0.0218656590144502));
#19896=CARTESIAN_POINT('',(-0.267,-0.24062313797235,-0.0217855147547828));
#19897=CARTESIAN_POINT('',(-0.267,-0.236636004871703,-0.0221060917934524));
#19898=CARTESIAN_POINT('',(-0.266,-0.236636004871703,-0.0221060917934524));
#19899=CARTESIAN_POINT('',(-0.265,-0.236636004871703,-0.0221060917934524));
#19900=CARTESIAN_POINT('',(-0.265,-0.24062313797235,-0.0217855147547828));
#19901=CARTESIAN_POINT('',(-0.257,-0.242017023579184,-0.0216734423185729));
#19902=CARTESIAN_POINT('',(-0.275,-0.242017023579184,-0.0216734423185729));
#19903=CARTESIAN_POINT('',(-0.266,-0.236235283573366,-0.0171221754176431));
#19904=CARTESIAN_POINT('',(-0.267,-0.236235283573366,-0.0171221754176431));
#19905=CARTESIAN_POINT('',(-0.265,-0.236636004871703,-0.0221060917934524));
#19906=CARTESIAN_POINT('',(-0.266,-0.241299344208843,-0.0177182373944679));
#19907=CARTESIAN_POINT('',(-0.266,-0.241299344208843,-0.0177182373944679));
#19908=CARTESIAN_POINT('',(-0.266,-0.239305777658519,-0.0178785259138028));
#19909=CARTESIAN_POINT('',(-0.204974999999997,-0.352120173780147,-0.00880792201996753));
#19910=CARTESIAN_POINT('',(-0.37022312975649,-0.241219199949175,-0.0167214541193061));
#19911=CARTESIAN_POINT('',(-0.37022312975649,-0.241219199949175,-0.0167214541193061));
#19912=CARTESIAN_POINT('',(-0.37022312975649,-0.240222416674014,-0.0168015983789736));
#19913=CARTESIAN_POINT('',(-0.37022312975649,-0.241165311968768,-0.016725786868864));
#19914=CARTESIAN_POINT('',(-0.37022312975649,-0.241165311968768,-0.016725786868864));
#19915=CARTESIAN_POINT('',(-0.37022312975649,-0.242164080478059,-0.0156697348003473));
#19916=CARTESIAN_POINT('',(-0.37022312975649,-0.242137768183278,-0.0167439538489319));
#19917=CARTESIAN_POINT('',(-0.37022312975649,-0.242017023579184,-0.0216734423185729));
#19918=CARTESIAN_POINT('',(-0.37022312975649,-0.241619921247512,-0.0217053704951153));
#19919=CARTESIAN_POINT('',(-0.37022312975649,-0.24062313797235,-0.0217855147547828));
#19920=CARTESIAN_POINT('',(-0.37022312975649,-0.240222416674014,-0.0168015983789736));
#19921=CARTESIAN_POINT('',(-0.38022312975649,-0.241219199949175,-0.0167214541193061));
#19922=CARTESIAN_POINT('',(-0.38022312975649,-0.241619921247512,-0.0217053704951153));
#19923=CARTESIAN_POINT('',(-0.38022312975649,-0.24062313797235,-0.0217855147547828));
#19924=CARTESIAN_POINT('',(-0.38022312975649,-0.242017023579184,-0.0216734423185729));
#19925=CARTESIAN_POINT('',(-0.38022312975649,-0.242150427751024,-0.016227117558782));
#19926=CARTESIAN_POINT('',(-0.38022312975649,-0.242164080478059,-0.0156697348003473));
#19927=CARTESIAN_POINT('',(-0.38022312975649,-0.241192917865711,-0.016696597658052));
#19928=CARTESIAN_POINT('',(-0.38022312975649,-0.241165311968768,-0.016725786868864));
#19929=CARTESIAN_POINT('',(-0.38022312975649,-0.241219199949175,-0.0167214541193061));
#19930=CARTESIAN_POINT('',(-0.38022312975649,-0.240222416674014,-0.0168015983789736));
#19931=CARTESIAN_POINT('',(-0.38022312975649,-0.240222416674014,-0.0168015983789736));
#19932=CARTESIAN_POINT('',(-0.314198129756486,-0.352040029520479,-0.00781113874480569));
#19933=CARTESIAN_POINT('',(-0.36622312975649,-0.241165311968768,-0.016725786868864));
#19934=CARTESIAN_POINT('',(-0.37422312975649,-0.240222416674014,-0.0168015983789736));
#19935=CARTESIAN_POINT('',(-0.37422312975649,-0.236235283573366,-0.0171221754176431));
#19936=CARTESIAN_POINT('',(-0.37522312975649,-0.236235283573366,-0.0171221754176431));
#19937=CARTESIAN_POINT('',(-0.37622312975649,-0.236235283573366,-0.0171221754176431));
#19938=CARTESIAN_POINT('',(-0.37622312975649,-0.240222416674014,-0.0168015983789736));
#19939=CARTESIAN_POINT('',(-0.314198129756486,-0.352440750818817,-0.0127950551206149));
#19940=CARTESIAN_POINT('',(-0.37522312975649,-0.241619921247512,-0.0217053704951153));
#19941=CARTESIAN_POINT('',(-0.37522312975649,-0.239626354697189,-0.0218656590144502));
#19942=CARTESIAN_POINT('',(-0.37622312975649,-0.24062313797235,-0.0217855147547828));
#19943=CARTESIAN_POINT('',(-0.37622312975649,-0.236636004871703,-0.0221060917934524));
#19944=CARTESIAN_POINT('',(-0.37522312975649,-0.236636004871703,-0.0221060917934524));
#19945=CARTESIAN_POINT('',(-0.37422312975649,-0.236636004871703,-0.0221060917934524));
#19946=CARTESIAN_POINT('',(-0.37422312975649,-0.24062313797235,-0.0217855147547828));
#19947=CARTESIAN_POINT('',(-0.36622312975649,-0.242017023579184,-0.0216734423185729));
#19948=CARTESIAN_POINT('',(-0.38422312975649,-0.242017023579184,-0.0216734423185729));
#19949=CARTESIAN_POINT('',(-0.37522312975649,-0.236235283573366,-0.0171221754176431));
#19950=CARTESIAN_POINT('',(-0.37622312975649,-0.236235283573366,-0.0171221754176431));
#19951=CARTESIAN_POINT('',(-0.37422312975649,-0.236636004871703,-0.0221060917934524));
#19952=CARTESIAN_POINT('',(-0.37522312975649,-0.241299344208843,-0.0177182373944679));
#19953=CARTESIAN_POINT('',(-0.37522312975649,-0.241299344208843,-0.0177182373944679));
#19954=CARTESIAN_POINT('',(-0.37522312975649,-0.239305777658519,-0.0178785259138028));
#19955=CARTESIAN_POINT('',(-0.314198129756486,-0.352120173780147,-0.00880792201996753));
#19956=CARTESIAN_POINT('',(-0.399970492887727,-0.206331785318511,-0.0195265032076652));
#19957=CARTESIAN_POINT('',(-0.399970492887727,-0.206331785318511,-0.0195265032076652));
#19958=CARTESIAN_POINT('',(-0.398970492887727,-0.206331785318511,-0.0195265032076652));
#19959=CARTESIAN_POINT('',(-0.399874174142547,-0.206331785318511,-0.0195265032076652));
#19960=CARTESIAN_POINT('',(-0.398970492887727,-0.206732506616848,-0.0245104195834744));
#19961=CARTESIAN_POINT('',(-0.398970492887727,-0.206732506616848,-0.0245104195834744));
#19962=CARTESIAN_POINT('',(-0.399970492887727,-0.206732506616848,-0.0245104195834744));
#19963=CARTESIAN_POINT('',(-0.400292832058663,-0.206732506616848,-0.0245104195834744));
#19964=CARTESIAN_POINT('',(-0.400862691585948,-0.206297991880033,-0.0191062019356182));
#19965=CARTESIAN_POINT('',(-0.400917067551943,-0.206256530506796,-0.0185905317730969));
#19966=CARTESIAN_POINT('',(-0.399927369241239,-0.206327946779404,-0.0194787619021909));
#19967=CARTESIAN_POINT('',(-0.399970492887727,-0.21629961807013,-0.0187250606109912));
#19968=CARTESIAN_POINT('',(-0.399970492887727,-0.216700339368466,-0.0237089769868004));
#19969=CARTESIAN_POINT('',(-0.398970492887727,-0.216700339368466,-0.0237089769868004));
#19970=CARTESIAN_POINT('',(-0.400444949814142,-0.216700339368466,-0.0237089769868004));
#19971=CARTESIAN_POINT('',(-0.398970492887727,-0.21629961807013,-0.0187250606109912));
#19972=CARTESIAN_POINT('',(-0.398970492887727,-0.21629961807013,-0.0187250606109912));
#19973=CARTESIAN_POINT('',(-0.399970492887727,-0.21629961807013,-0.0187250606109912));
#19974=CARTESIAN_POINT('',(-0.399958684006703,-0.21629961807013,-0.0187250606109912));
#19975=CARTESIAN_POINT('',(-0.400451811780809,-0.216264034148074,-0.0182824904441864));
#19976=CARTESIAN_POINT('',(-0.401076252256408,-0.216218974748911,-0.0177220703260008));
#19977=CARTESIAN_POINT('',(-0.40095956281905,-0.216307949799314,-0.0188286853539037));
#19978=CARTESIAN_POINT('',(-0.338945492887723,-0.322136531265625,-0.0102154665348277));
#19979=CARTESIAN_POINT('',(-0.399992560933897,-0.220295359251182,-0.0184037914577482));
#19980=CARTESIAN_POINT('',(-0.398970492887727,-0.212312484969482,-0.0190456376496608));
#19981=CARTESIAN_POINT('',(-0.394970492887727,-0.212312484969482,-0.0190456376496608));
#19982=CARTESIAN_POINT('',(-0.394970492887727,-0.21131570169432,-0.0191257819093282));
#19983=CARTESIAN_POINT('',(-0.394970492887727,-0.210318918419159,-0.0192059261689956));
#19984=CARTESIAN_POINT('',(-0.398970492887727,-0.210318918419159,-0.0192059261689956));
#19985=CARTESIAN_POINT('',(-0.338945492887723,-0.322537252563961,-0.015199382910637));
#19986=CARTESIAN_POINT('',(-0.399970492887727,-0.211716422992657,-0.0241096982851374));
#19987=CARTESIAN_POINT('',(-0.399970492887727,-0.209722856442334,-0.0242699868044722));
#19988=CARTESIAN_POINT('',(-0.398970492887727,-0.210719639717495,-0.0241898425448048));
#19989=CARTESIAN_POINT('',(-0.394970492887727,-0.210719639717495,-0.0241898425448048));
#19990=CARTESIAN_POINT('',(-0.394970492887727,-0.211716422992657,-0.0241096982851374));
#19991=CARTESIAN_POINT('',(-0.394970492887727,-0.212713206267819,-0.02402955402547));
#19992=CARTESIAN_POINT('',(-0.398970492887727,-0.212713206267819,-0.02402955402547));
#19993=CARTESIAN_POINT('',(-0.400444949814142,-0.220687472469114,-0.0233883999481307));
#19994=CARTESIAN_POINT('',(-0.400292832058663,-0.202745373516201,-0.024830996622144));
#19995=CARTESIAN_POINT('',(-0.394970492887727,-0.21131570169432,-0.0191257819093282));
#19996=CARTESIAN_POINT('',(-0.394970492887727,-0.210318918419159,-0.0192059261689956));
#19997=CARTESIAN_POINT('',(-0.394970492887727,-0.212312484969482,-0.0190456376496608));
#19998=CARTESIAN_POINT('',(-0.399970492887727,-0.211395845953988,-0.02012256518449));
#19999=CARTESIAN_POINT('',(-0.399970492887727,-0.211395845953988,-0.02012256518449));
#20000=CARTESIAN_POINT('',(-0.399970492887727,-0.209402279403664,-0.0202828537038248));
#20001=CARTESIAN_POINT('',(-0.338945492887723,-0.322216675525292,-0.0112122498099896));
#20002=CARTESIAN_POINT('',(-0.399263257897788,-0.122914303037137,-0.0262335101642916));
#20003=CARTESIAN_POINT('',(-0.399263257897788,-0.122914303037137,-0.0262335101642916));
#20004=CARTESIAN_POINT('',(-0.398263257897788,-0.122914303037137,-0.0262335101642916));
#20005=CARTESIAN_POINT('',(-0.399166939152609,-0.122914303037137,-0.0262335101642916));
#20006=CARTESIAN_POINT('',(-0.398263257897788,-0.123315024335474,-0.0312174265401008));
#20007=CARTESIAN_POINT('',(-0.398263257897788,-0.123315024335474,-0.0312174265401008));
#20008=CARTESIAN_POINT('',(-0.399263257897788,-0.123315024335474,-0.0312174265401008));
#20009=CARTESIAN_POINT('',(-0.399585597068725,-0.123315024335474,-0.0312174265401008));
#20010=CARTESIAN_POINT('',(-0.40015545659601,-0.122880509598659,-0.0258132088922447));
#20011=CARTESIAN_POINT('',(-0.400209832562005,-0.122839048225422,-0.0252975387297233));
#20012=CARTESIAN_POINT('',(-0.399220134251301,-0.12291046449803,-0.0261857688588173));
#20013=CARTESIAN_POINT('',(-0.399263257897788,-0.132882135788755,-0.0254320675676176));
#20014=CARTESIAN_POINT('',(-0.399263257897788,-0.133282857087092,-0.0304159839434268));
#20015=CARTESIAN_POINT('',(-0.398263257897788,-0.133282857087092,-0.0304159839434268));
#20016=CARTESIAN_POINT('',(-0.399737714824205,-0.133282857087092,-0.0304159839434268));
#20017=CARTESIAN_POINT('',(-0.398263257897788,-0.132882135788755,-0.0254320675676176));
#20018=CARTESIAN_POINT('',(-0.398263257897788,-0.132882135788755,-0.0254320675676176));
#20019=CARTESIAN_POINT('',(-0.399263257897788,-0.132882135788755,-0.0254320675676176));
#20020=CARTESIAN_POINT('',(-0.399251449016764,-0.132882135788755,-0.0254320675676176));
#20021=CARTESIAN_POINT('',(-0.399744576790871,-0.1328465518667,-0.0249894974008129));
#20022=CARTESIAN_POINT('',(-0.40036901726647,-0.132801492467537,-0.0244290772826272));
#20023=CARTESIAN_POINT('',(-0.400252327829112,-0.13289046751794,-0.0255356923105301));
#20024=CARTESIAN_POINT('',(-0.338238257897785,-0.23871904898425,-0.0169224734914541));
#20025=CARTESIAN_POINT('',(-0.399285325943959,-0.136877876969808,-0.0251107984143746));
#20026=CARTESIAN_POINT('',(-0.398263257897788,-0.128895002688108,-0.0257526446062872));
#20027=CARTESIAN_POINT('',(-0.394263257897788,-0.128895002688108,-0.0257526446062872));
#20028=CARTESIAN_POINT('',(-0.394263257897788,-0.127898219412946,-0.0258327888659546));
#20029=CARTESIAN_POINT('',(-0.394263257897788,-0.126901436137784,-0.025912933125622));
#20030=CARTESIAN_POINT('',(-0.398263257897788,-0.126901436137784,-0.025912933125622));
#20031=CARTESIAN_POINT('',(-0.338238257897785,-0.239119770282588,-0.0219063898672633));
#20032=CARTESIAN_POINT('',(-0.399263257897788,-0.128298940711283,-0.0308167052417638));
#20033=CARTESIAN_POINT('',(-0.399263257897788,-0.12630537416096,-0.0309769937610986));
#20034=CARTESIAN_POINT('',(-0.398263257897788,-0.127302157436121,-0.0308968495014312));
#20035=CARTESIAN_POINT('',(-0.394263257897788,-0.127302157436121,-0.0308968495014312));
#20036=CARTESIAN_POINT('',(-0.394263257897788,-0.128298940711283,-0.0308167052417638));
#20037=CARTESIAN_POINT('',(-0.394263257897788,-0.129295723986445,-0.0307365609820964));
#20038=CARTESIAN_POINT('',(-0.398263257897788,-0.129295723986445,-0.0307365609820964));
#20039=CARTESIAN_POINT('',(-0.399737714824205,-0.13726999018774,-0.0300954069047572));
#20040=CARTESIAN_POINT('',(-0.399585597068725,-0.119327891234827,-0.0315380035787704));
#20041=CARTESIAN_POINT('',(-0.394263257897788,-0.127898219412946,-0.0258327888659546));
#20042=CARTESIAN_POINT('',(-0.394263257897788,-0.126901436137784,-0.025912933125622));
#20043=CARTESIAN_POINT('',(-0.394263257897788,-0.128895002688108,-0.0257526446062872));
#20044=CARTESIAN_POINT('',(-0.399263257897788,-0.127978363672614,-0.0268295721411165));
#20045=CARTESIAN_POINT('',(-0.399263257897788,-0.127978363672614,-0.0268295721411165));
#20046=CARTESIAN_POINT('',(-0.399263257897788,-0.12598479712229,-0.0269898606604513));
#20047=CARTESIAN_POINT('',(-0.338238257897785,-0.238799193243917,-0.017919256766616));
#20048=CARTESIAN_POINT('',(-0.237,-0.0145936244307584,-0.0349428061666441));
#20049=CARTESIAN_POINT('',(-0.237,-0.0136904511596316,-0.0351117791847771));
#20050=CARTESIAN_POINT('',(-0.237,-0.0145972433974247,-0.0399586507189957));
#20051=CARTESIAN_POINT('',(-0.237,-0.0134928457689414,-0.0340555637660441));
#20052=CARTESIAN_POINT('',(-0.237,-0.0146475124111668,-0.0349384734170861));
#20053=CARTESIAN_POINT('',(-0.237,-0.0146475124111668,-0.0349384734170861));
#20054=CARTESIAN_POINT('',(-0.237,-0.0145936244307584,-0.0349428061666441));
#20055=CARTESIAN_POINT('',(-0.237,-0.0155904077059203,-0.0348626619069766));
#20056=CARTESIAN_POINT('',(-0.237,-0.0155904077059203,-0.0348626619069766));
#20057=CARTESIAN_POINT('',(-0.237,-0.0159911290042573,-0.0398465782827859));
#20058=CARTESIAN_POINT('',(-0.237,-0.0149943457290954,-0.0399267225424532));
#20059=CARTESIAN_POINT('',(-0.247,-0.0145936244307584,-0.0349428061666441));
#20060=CARTESIAN_POINT('',(-0.247,-0.0145936244307584,-0.0349428061666441));
#20061=CARTESIAN_POINT('',(-0.247,-0.0146475124111668,-0.0349384734170861));
#20062=CARTESIAN_POINT('',(-0.247,-0.0155904077059203,-0.0348626619069766));
#20063=CARTESIAN_POINT('',(-0.247,-0.014615597499921,-0.034914069851485));
#20064=CARTESIAN_POINT('',(-0.247,-0.0134928457689414,-0.0340555637660441));
#20065=CARTESIAN_POINT('',(-0.247,-0.0145199297961324,-0.0395454038056524));
#20066=CARTESIAN_POINT('',(-0.247,-0.0145972433974247,-0.0399586507189957));
#20067=CARTESIAN_POINT('',(-0.247,-0.0149943457290954,-0.0399267225424532));
#20068=CARTESIAN_POINT('',(-0.247,-0.0159911290042573,-0.0398465782827859));
#20069=CARTESIAN_POINT('',(-0.247,-0.0155904077059203,-0.0348626619069766));
#20070=CARTESIAN_POINT('',(-0.180974999999996,-0.125414454002062,-0.0260324907921436));
#20071=CARTESIAN_POINT('',(-0.251,-0.0146475124111668,-0.0349384734170861));
#20072=CARTESIAN_POINT('',(-0.243,-0.0155904077059203,-0.0348626619069766));
#20073=CARTESIAN_POINT('',(-0.243,-0.0195775408065677,-0.034542084868307));
#20074=CARTESIAN_POINT('',(-0.242,-0.0195775408065677,-0.034542084868307));
#20075=CARTESIAN_POINT('',(-0.241,-0.0195775408065677,-0.034542084868307));
#20076=CARTESIAN_POINT('',(-0.241,-0.0155904077059203,-0.0348626619069766));
#20077=CARTESIAN_POINT('',(-0.180974999999996,-0.125815175300399,-0.0310164071679528));
#20078=CARTESIAN_POINT('',(-0.242,-0.0149943457290954,-0.0399267225424532));
#20079=CARTESIAN_POINT('',(-0.242,-0.0130007791787718,-0.0400870110617881));
#20080=CARTESIAN_POINT('',(-0.242,-0.0199782621049047,-0.0395260012441162));
#20081=CARTESIAN_POINT('',(-0.241,-0.0199782621049047,-0.0395260012441162));
#20082=CARTESIAN_POINT('',(-0.243,-0.0199782621049047,-0.0395260012441162));
#20083=CARTESIAN_POINT('',(-0.243,-0.0159911290042573,-0.0398465782827859));
#20084=CARTESIAN_POINT('',(-0.251,-0.0145972433974247,-0.0399586507189957));
#20085=CARTESIAN_POINT('',(-0.233,-0.0145972433974247,-0.0399586507189957));
#20086=CARTESIAN_POINT('',(-0.241,-0.0159911290042573,-0.0398465782827859));
#20087=CARTESIAN_POINT('',(-0.242,-0.0195775408065677,-0.034542084868307));
#20088=CARTESIAN_POINT('',(-0.243,-0.0199782621049047,-0.0395260012441162));
#20089=CARTESIAN_POINT('',(-0.241,-0.0195775408065677,-0.034542084868307));
#20090=CARTESIAN_POINT('',(-0.242,-0.0146737686904258,-0.0359395894418058));
#20091=CARTESIAN_POINT('',(-0.242,-0.0146737686904258,-0.0359395894418058));
#20092=CARTESIAN_POINT('',(-0.242,-0.0126802021401022,-0.0360998779611407));
#20093=CARTESIAN_POINT('',(-0.180974999999996,-0.12549459826173,-0.0270292740673054));
#20094=CARTESIAN_POINT('',(-0.237,-0.241219199949175,-0.0167214541193061));
#20095=CARTESIAN_POINT('',(-0.237,-0.241619921247512,-0.0217053704951153));
#20096=CARTESIAN_POINT('',(-0.237,-0.24062313797235,-0.0217855147547828));
#20097=CARTESIAN_POINT('',(-0.237,-0.242017023579184,-0.0216734423185729));
#20098=CARTESIAN_POINT('',(-0.237,-0.240222416674014,-0.0168015983789736));
#20099=CARTESIAN_POINT('',(-0.237,-0.240222416674014,-0.0168015983789736));
#20100=CARTESIAN_POINT('',(-0.237,-0.241219199949175,-0.0167214541193061));
#20101=CARTESIAN_POINT('',(-0.237,-0.241165311968768,-0.016725786868864));
#20102=CARTESIAN_POINT('',(-0.237,-0.241165311968768,-0.016725786868864));
#20103=CARTESIAN_POINT('',(-0.237,-0.242164080478059,-0.0156697348003473));
#20104=CARTESIAN_POINT('',(-0.237,-0.242137768183278,-0.0167439538489319));
#20105=CARTESIAN_POINT('',(-0.247,-0.241219199949175,-0.0167214541193061));
#20106=CARTESIAN_POINT('',(-0.247,-0.241219199949175,-0.0167214541193061));
#20107=CARTESIAN_POINT('',(-0.247,-0.240222416674014,-0.0168015983789736));
#20108=CARTESIAN_POINT('',(-0.247,-0.241165311968768,-0.016725786868864));
#20109=CARTESIAN_POINT('',(-0.247,-0.240222416674014,-0.0168015983789736));
#20110=CARTESIAN_POINT('',(-0.247,-0.24062313797235,-0.0217855147547828));
#20111=CARTESIAN_POINT('',(-0.247,-0.241619921247512,-0.0217053704951153));
#20112=CARTESIAN_POINT('',(-0.247,-0.242017023579184,-0.0216734423185729));
#20113=CARTESIAN_POINT('',(-0.247,-0.242150427751024,-0.016227117558782));
#20114=CARTESIAN_POINT('',(-0.247,-0.242164080478059,-0.0156697348003473));
#20115=CARTESIAN_POINT('',(-0.247,-0.241192917865711,-0.016696597658052));
#20116=CARTESIAN_POINT('',(-0.180974999999996,-0.352040029520479,-0.00781113874480569));
#20117=CARTESIAN_POINT('',(-0.233,-0.241165311968768,-0.016725786868864));
#20118=CARTESIAN_POINT('',(-0.241,-0.240222416674014,-0.0168015983789736));
#20119=CARTESIAN_POINT('',(-0.241,-0.236235283573366,-0.0171221754176431));
#20120=CARTESIAN_POINT('',(-0.242,-0.236235283573366,-0.0171221754176431));
#20121=CARTESIAN_POINT('',(-0.243,-0.236235283573366,-0.0171221754176431));
#20122=CARTESIAN_POINT('',(-0.243,-0.240222416674014,-0.0168015983789736));
#20123=CARTESIAN_POINT('',(-0.180974999999996,-0.352440750818817,-0.0127950551206149));
#20124=CARTESIAN_POINT('',(-0.242,-0.241619921247512,-0.0217053704951153));
#20125=CARTESIAN_POINT('',(-0.242,-0.239626354697189,-0.0218656590144502));
#20126=CARTESIAN_POINT('',(-0.243,-0.24062313797235,-0.0217855147547828));
#20127=CARTESIAN_POINT('',(-0.243,-0.236636004871703,-0.0221060917934524));
#20128=CARTESIAN_POINT('',(-0.242,-0.236636004871703,-0.0221060917934524));
#20129=CARTESIAN_POINT('',(-0.241,-0.236636004871703,-0.0221060917934524));
#20130=CARTESIAN_POINT('',(-0.241,-0.24062313797235,-0.0217855147547828));
#20131=CARTESIAN_POINT('',(-0.233,-0.242017023579184,-0.0216734423185729));
#20132=CARTESIAN_POINT('',(-0.251,-0.242017023579184,-0.0216734423185729));
#20133=CARTESIAN_POINT('',(-0.242,-0.236235283573366,-0.0171221754176431));
#20134=CARTESIAN_POINT('',(-0.243,-0.236235283573366,-0.0171221754176431));
#20135=CARTESIAN_POINT('',(-0.241,-0.236636004871703,-0.0221060917934524));
#20136=CARTESIAN_POINT('',(-0.242,-0.241299344208843,-0.0177182373944679));
#20137=CARTESIAN_POINT('',(-0.242,-0.241299344208843,-0.0177182373944679));
#20138=CARTESIAN_POINT('',(-0.242,-0.239305777658519,-0.0178785259138028));
#20139=CARTESIAN_POINT('',(-0.180974999999996,-0.352120173780147,-0.00880792201996753));
#20140=CARTESIAN_POINT('',(-0.133367133244881,-0.241219199949175,-0.0167214541193061));
#20141=CARTESIAN_POINT('',(-0.133367133244881,-0.241219199949175,-0.0167214541193061));
#20142=CARTESIAN_POINT('',(-0.133367133244881,-0.240222416674014,-0.0168015983789736));
#20143=CARTESIAN_POINT('',(-0.133367133244881,-0.241165311968768,-0.016725786868864));
#20144=CARTESIAN_POINT('',(-0.133367133244881,-0.241165311968768,-0.016725786868864));
#20145=CARTESIAN_POINT('',(-0.133367133244881,-0.242164080478059,-0.0156697348003473));
#20146=CARTESIAN_POINT('',(-0.133367133244881,-0.242137768183278,-0.0167439538489319));
#20147=CARTESIAN_POINT('',(-0.133367133244881,-0.242017023579184,-0.0216734423185729));
#20148=CARTESIAN_POINT('',(-0.133367133244881,-0.241619921247512,-0.0217053704951153));
#20149=CARTESIAN_POINT('',(-0.133367133244881,-0.24062313797235,-0.0217855147547828));
#20150=CARTESIAN_POINT('',(-0.133367133244881,-0.240222416674014,-0.0168015983789736));
#20151=CARTESIAN_POINT('',(-0.143367133244881,-0.241219199949175,-0.0167214541193061));
#20152=CARTESIAN_POINT('',(-0.143367133244881,-0.241619921247512,-0.0217053704951153));
#20153=CARTESIAN_POINT('',(-0.143367133244881,-0.24062313797235,-0.0217855147547828));
#20154=CARTESIAN_POINT('',(-0.143367133244881,-0.242017023579184,-0.0216734423185729));
#20155=CARTESIAN_POINT('',(-0.143367133244881,-0.242150427751024,-0.016227117558782));
#20156=CARTESIAN_POINT('',(-0.143367133244881,-0.242164080478059,-0.0156697348003473));
#20157=CARTESIAN_POINT('',(-0.143367133244881,-0.241192917865711,-0.016696597658052));
#20158=CARTESIAN_POINT('',(-0.143367133244881,-0.241165311968768,-0.016725786868864));
#20159=CARTESIAN_POINT('',(-0.143367133244881,-0.241219199949175,-0.0167214541193061));
#20160=CARTESIAN_POINT('',(-0.143367133244881,-0.240222416674014,-0.0168015983789736));
#20161=CARTESIAN_POINT('',(-0.143367133244881,-0.240222416674014,-0.0168015983789736));
#20162=CARTESIAN_POINT('',(-0.0773421332448777,-0.352040029520479,-0.00781113874480569));
#20163=CARTESIAN_POINT('',(-0.129367133244881,-0.241165311968768,-0.016725786868864));
#20164=CARTESIAN_POINT('',(-0.137367133244881,-0.240222416674014,-0.0168015983789736));
#20165=CARTESIAN_POINT('',(-0.137367133244881,-0.236235283573366,-0.0171221754176431));
#20166=CARTESIAN_POINT('',(-0.138367133244881,-0.236235283573366,-0.0171221754176431));
#20167=CARTESIAN_POINT('',(-0.139367133244881,-0.236235283573366,-0.0171221754176431));
#20168=CARTESIAN_POINT('',(-0.139367133244881,-0.240222416674014,-0.0168015983789736));
#20169=CARTESIAN_POINT('',(-0.0773421332448777,-0.352440750818817,-0.0127950551206149));
#20170=CARTESIAN_POINT('',(-0.138367133244881,-0.241619921247512,-0.0217053704951153));
#20171=CARTESIAN_POINT('',(-0.138367133244881,-0.239626354697189,-0.0218656590144502));
#20172=CARTESIAN_POINT('',(-0.138367133244881,-0.236636004871703,-0.0221060917934524));
#20173=CARTESIAN_POINT('',(-0.137367133244881,-0.236636004871703,-0.0221060917934524));
#20174=CARTESIAN_POINT('',(-0.139367133244881,-0.236636004871703,-0.0221060917934524));
#20175=CARTESIAN_POINT('',(-0.137367133244881,-0.24062313797235,-0.0217855147547828));
#20176=CARTESIAN_POINT('',(-0.129367133244881,-0.242017023579184,-0.0216734423185729));
#20177=CARTESIAN_POINT('',(-0.147367133244881,-0.242017023579184,-0.0216734423185729));
#20178=CARTESIAN_POINT('',(-0.139367133244881,-0.24062313797235,-0.0217855147547828));
#20179=CARTESIAN_POINT('',(-0.138367133244881,-0.236235283573366,-0.0171221754176431));
#20180=CARTESIAN_POINT('',(-0.137367133244881,-0.236636004871703,-0.0221060917934524));
#20181=CARTESIAN_POINT('',(-0.139367133244881,-0.236235283573366,-0.0171221754176431));
#20182=CARTESIAN_POINT('',(-0.138367133244881,-0.241299344208843,-0.0177182373944679));
#20183=CARTESIAN_POINT('',(-0.138367133244881,-0.241299344208843,-0.0177182373944679));
#20184=CARTESIAN_POINT('',(-0.138367133244881,-0.239305777658519,-0.0178785259138028));
#20185=CARTESIAN_POINT('',(-0.0773421332448777,-0.352120173780147,-0.00880792201996753));
#20186=CARTESIAN_POINT('',(-0.0297342664897625,-0.241219199949175,-0.0167214541193061));
#20187=CARTESIAN_POINT('',(-0.0297342664897625,-0.241219199949175,-0.0167214541193061));
#20188=CARTESIAN_POINT('',(-0.0297342664897625,-0.240222416674014,-0.0168015983789736));
#20189=CARTESIAN_POINT('',(-0.0297342664897625,-0.241165311968768,-0.016725786868864));
#20190=CARTESIAN_POINT('',(-0.0297342664897625,-0.241165311968768,-0.016725786868864));
#20191=CARTESIAN_POINT('',(-0.0297342664897625,-0.242164080478059,-0.0156697348003473));
#20192=CARTESIAN_POINT('',(-0.0297342664897625,-0.242137768183278,-0.0167439538489319));
#20193=CARTESIAN_POINT('',(-0.0297342664897625,-0.242017023579184,-0.0216734423185729));
#20194=CARTESIAN_POINT('',(-0.0297342664897625,-0.241619921247512,-0.0217053704951153));
#20195=CARTESIAN_POINT('',(-0.0297342664897625,-0.24062313797235,-0.0217855147547828));
#20196=CARTESIAN_POINT('',(-0.0297342664897625,-0.240222416674014,-0.0168015983789736));
#20197=CARTESIAN_POINT('',(-0.0397342664897625,-0.241219199949175,-0.0167214541193061));
#20198=CARTESIAN_POINT('',(-0.0397342664897625,-0.241619921247512,-0.0217053704951153));
#20199=CARTESIAN_POINT('',(-0.0397342664897625,-0.24062313797235,-0.0217855147547828));
#20200=CARTESIAN_POINT('',(-0.0397342664897625,-0.242017023579184,-0.0216734423185729));
#20201=CARTESIAN_POINT('',(-0.0397342664897625,-0.242150427751024,-0.016227117558782));
#20202=CARTESIAN_POINT('',(-0.0397342664897625,-0.242164080478059,-0.0156697348003473));
#20203=CARTESIAN_POINT('',(-0.0397342664897625,-0.241192917865711,-0.016696597658052));
#20204=CARTESIAN_POINT('',(-0.0397342664897625,-0.241165311968768,-0.016725786868864));
#20205=CARTESIAN_POINT('',(-0.0397342664897625,-0.241219199949175,-0.0167214541193061));
#20206=CARTESIAN_POINT('',(-0.0397342664897625,-0.240222416674014,-0.0168015983789736));
#20207=CARTESIAN_POINT('',(-0.0397342664897625,-0.240222416674014,-0.0168015983789736));
#20208=CARTESIAN_POINT('',(0.0262907335102411,-0.352040029520479,-0.00781113874480569));
#20209=CARTESIAN_POINT('',(-0.0257342664897625,-0.241165311968768,-0.016725786868864));
#20210=CARTESIAN_POINT('',(-0.0337342664897624,-0.240222416674014,-0.0168015983789736));
#20211=CARTESIAN_POINT('',(-0.0337342664897624,-0.236235283573366,-0.0171221754176431));
#20212=CARTESIAN_POINT('',(-0.0347342664897624,-0.236235283573366,-0.0171221754176431));
#20213=CARTESIAN_POINT('',(-0.0357342664897624,-0.236235283573366,-0.0171221754176431));
#20214=CARTESIAN_POINT('',(-0.0357342664897624,-0.240222416674014,-0.0168015983789736));
#20215=CARTESIAN_POINT('',(0.0262907335102411,-0.352440750818817,-0.0127950551206149));
#20216=CARTESIAN_POINT('',(-0.0347342664897624,-0.241619921247512,-0.0217053704951153));
#20217=CARTESIAN_POINT('',(-0.0347342664897624,-0.239626354697189,-0.0218656590144502));
#20218=CARTESIAN_POINT('',(-0.0347342664897624,-0.236636004871703,-0.0221060917934524));
#20219=CARTESIAN_POINT('',(-0.0337342664897624,-0.236636004871703,-0.0221060917934524));
#20220=CARTESIAN_POINT('',(-0.0357342664897624,-0.236636004871703,-0.0221060917934524));
#20221=CARTESIAN_POINT('',(-0.0337342664897624,-0.24062313797235,-0.0217855147547828));
#20222=CARTESIAN_POINT('',(-0.0257342664897625,-0.242017023579184,-0.0216734423185729));
#20223=CARTESIAN_POINT('',(-0.0437342664897625,-0.242017023579184,-0.0216734423185729));
#20224=CARTESIAN_POINT('',(-0.0357342664897624,-0.24062313797235,-0.0217855147547828));
#20225=CARTESIAN_POINT('',(-0.0347342664897624,-0.236235283573366,-0.0171221754176431));
#20226=CARTESIAN_POINT('',(-0.0337342664897624,-0.236636004871703,-0.0221060917934524));
#20227=CARTESIAN_POINT('',(-0.0357342664897624,-0.236235283573366,-0.0171221754176431));
#20228=CARTESIAN_POINT('',(-0.0347342664897624,-0.241299344208843,-0.0177182373944679));
#20229=CARTESIAN_POINT('',(-0.0347342664897624,-0.241299344208843,-0.0177182373944679));
#20230=CARTESIAN_POINT('',(-0.0347342664897624,-0.239305777658519,-0.0178785259138028));
#20231=CARTESIAN_POINT('',(0.0262907335102411,-0.352120173780147,-0.00880792201996753));
#20232=CARTESIAN_POINT('',(-0.00997950711226997,-0.206331785318511,-0.0195265032076652));
#20233=CARTESIAN_POINT('',(-0.00997950711226997,-0.206331785318511,-0.0195265032076652));
#20234=CARTESIAN_POINT('',(-0.0100758258574496,-0.206331785318511,-0.0195265032076652));
#20235=CARTESIAN_POINT('',(-0.01097950711227,-0.206331785318511,-0.0195265032076652));
#20236=CARTESIAN_POINT('',(-0.0100226307587572,-0.206327946779404,-0.0194787619021909));
#20237=CARTESIAN_POINT('',(-0.00903293244805349,-0.206256530506796,-0.0185905317730969));
#20238=CARTESIAN_POINT('',(-0.00961284835618536,-0.20669871317837,-0.0240901183114275));
#20239=CARTESIAN_POINT('',(-0.00965716794133404,-0.206732506616848,-0.0245104195834744));
#20240=CARTESIAN_POINT('',(-0.00997950711226997,-0.206732506616848,-0.0245104195834744));
#20241=CARTESIAN_POINT('',(-0.01097950711227,-0.206732506616848,-0.0245104195834744));
#20242=CARTESIAN_POINT('',(-0.01097950711227,-0.206331785318511,-0.0195265032076652));
#20243=CARTESIAN_POINT('',(-0.00997950711226997,-0.21629961807013,-0.0187250606109912));
#20244=CARTESIAN_POINT('',(-0.00899043718094655,-0.216307949799314,-0.0188286853539037));
#20245=CARTESIAN_POINT('',(-0.00950505018585413,-0.216700339368466,-0.0237089769868004));
#20246=CARTESIAN_POINT('',(-0.00887374774358868,-0.216218974748911,-0.0177220703260008));
#20247=CARTESIAN_POINT('',(-0.00949337448197411,-0.216263686790536,-0.0182781702322792));
#20248=CARTESIAN_POINT('',(-0.00999131599329411,-0.21629961807013,-0.0187250606109912));
#20249=CARTESIAN_POINT('',(-0.00997950711226997,-0.21629961807013,-0.0187250606109912));
#20250=CARTESIAN_POINT('',(-0.01097950711227,-0.21629961807013,-0.0187250606109912));
#20251=CARTESIAN_POINT('',(-0.01097950711227,-0.216700339368466,-0.0237089769868004));
#20252=CARTESIAN_POINT('',(-0.01097950711227,-0.216700339368466,-0.0237089769868004));
#20253=CARTESIAN_POINT('',(-0.00997950711226997,-0.216700339368466,-0.0237089769868004));
#20254=CARTESIAN_POINT('',(0.0510454928877336,-0.322136531265625,-0.0102154665348277));
#20255=CARTESIAN_POINT('',(-0.0101095568215797,-0.202353260298269,-0.0198463881317614));
#20256=CARTESIAN_POINT('',(-0.01097950711227,-0.210318918419159,-0.0192059261689956));
#20257=CARTESIAN_POINT('',(-0.01497950711227,-0.210318918419159,-0.0192059261689956));
#20258=CARTESIAN_POINT('',(-0.01497950711227,-0.21131570169432,-0.0191257819093282));
#20259=CARTESIAN_POINT('',(-0.01497950711227,-0.212312484969482,-0.0190456376496608));
#20260=CARTESIAN_POINT('',(-0.01097950711227,-0.212312484969482,-0.0190456376496608));
#20261=CARTESIAN_POINT('',(0.0510454928877336,-0.322537252563961,-0.015199382910637));
#20262=CARTESIAN_POINT('',(-0.00997950711226997,-0.211716422992657,-0.0241096982851374));
#20263=CARTESIAN_POINT('',(-0.00997950711226997,-0.209722856442334,-0.0242699868044722));
#20264=CARTESIAN_POINT('',(-0.01097950711227,-0.212713206267819,-0.02402955402547));
#20265=CARTESIAN_POINT('',(-0.01497950711227,-0.212713206267819,-0.02402955402547));
#20266=CARTESIAN_POINT('',(-0.01497950711227,-0.211716422992657,-0.0241096982851374));
#20267=CARTESIAN_POINT('',(-0.01497950711227,-0.210719639717495,-0.0241898425448048));
#20268=CARTESIAN_POINT('',(-0.01097950711227,-0.210719639717495,-0.0241898425448048));
#20269=CARTESIAN_POINT('',(-0.00965716794133404,-0.202745373516201,-0.024830996622144));
#20270=CARTESIAN_POINT('',(-0.00950505018585412,-0.220687472469114,-0.0233883999481307));
#20271=CARTESIAN_POINT('',(-0.01497950711227,-0.21131570169432,-0.0191257819093282));
#20272=CARTESIAN_POINT('',(-0.01497950711227,-0.212312484969482,-0.0190456376496608));
#20273=CARTESIAN_POINT('',(-0.01497950711227,-0.210318918419159,-0.0192059261689956));
#20274=CARTESIAN_POINT('',(-0.00997950711226997,-0.211395845953987,-0.02012256518449));
#20275=CARTESIAN_POINT('',(-0.00997950711226997,-0.211395845953987,-0.02012256518449));
#20276=CARTESIAN_POINT('',(-0.00997950711226997,-0.209402279403664,-0.0202828537038248));
#20277=CARTESIAN_POINT('',(0.0510454928877336,-0.322216675525291,-0.0112122498099896));
#20278=CARTESIAN_POINT('',(-0.0106867421022079,-0.122914303037137,-0.0262335101642916));
#20279=CARTESIAN_POINT('',(-0.0106867421022079,-0.122914303037137,-0.0262335101642916));
#20280=CARTESIAN_POINT('',(-0.0107830608473875,-0.122914303037137,-0.0262335101642916));
#20281=CARTESIAN_POINT('',(-0.0116867421022079,-0.122914303037137,-0.0262335101642916));
#20282=CARTESIAN_POINT('',(-0.0107298657486951,-0.12291046449803,-0.0261857688588173));
#20283=CARTESIAN_POINT('',(-0.00974016743799137,-0.122839048225422,-0.0252975387297233));
#20284=CARTESIAN_POINT('',(-0.0103200833461232,-0.123281230896996,-0.0307971252680539));
#20285=CARTESIAN_POINT('',(-0.0103644029312719,-0.123315024335474,-0.0312174265401008));
#20286=CARTESIAN_POINT('',(-0.0106867421022079,-0.123315024335474,-0.0312174265401008));
#20287=CARTESIAN_POINT('',(-0.0116867421022079,-0.123315024335474,-0.0312174265401008));
#20288=CARTESIAN_POINT('',(-0.0116867421022079,-0.122914303037137,-0.0262335101642916));
#20289=CARTESIAN_POINT('',(-0.0106867421022079,-0.132882135788755,-0.0254320675676176));
#20290=CARTESIAN_POINT('',(-0.0106867421022079,-0.133282857087092,-0.0304159839434268));
#20291=CARTESIAN_POINT('',(-0.010212285175792,-0.133282857087092,-0.0304159839434268));
#20292=CARTESIAN_POINT('',(-0.0116867421022079,-0.133282857087092,-0.0304159839434268));
#20293=CARTESIAN_POINT('',(-0.00969767217088442,-0.13289046751794,-0.0255356923105301));
#20294=CARTESIAN_POINT('',(-0.00958098273352655,-0.132801492467537,-0.0244290772826272));
#20295=CARTESIAN_POINT('',(-0.010200609471912,-0.132846204509162,-0.0249851771889055));
#20296=CARTESIAN_POINT('',(-0.010698550983232,-0.132882135788755,-0.0254320675676176));
#20297=CARTESIAN_POINT('',(-0.0106867421022079,-0.132882135788755,-0.0254320675676176));
#20298=CARTESIAN_POINT('',(-0.0116867421022079,-0.132882135788755,-0.0254320675676176));
#20299=CARTESIAN_POINT('',(-0.0116867421022079,-0.133282857087092,-0.0304159839434268));
#20300=CARTESIAN_POINT('',(0.0503382578977957,-0.23871904898425,-0.0169224734914541));
#20301=CARTESIAN_POINT('',(-0.0108167918115176,-0.118935778016895,-0.0265533950883878));
#20302=CARTESIAN_POINT('',(-0.0116867421022079,-0.126901436137784,-0.025912933125622));
#20303=CARTESIAN_POINT('',(-0.0156867421022079,-0.126901436137784,-0.025912933125622));
#20304=CARTESIAN_POINT('',(-0.0156867421022079,-0.127898219412946,-0.0258327888659546));
#20305=CARTESIAN_POINT('',(-0.0156867421022079,-0.128895002688108,-0.0257526446062872));
#20306=CARTESIAN_POINT('',(-0.0116867421022079,-0.128895002688108,-0.0257526446062872));
#20307=CARTESIAN_POINT('',(0.0503382578977957,-0.239119770282588,-0.0219063898672633));
#20308=CARTESIAN_POINT('',(-0.0106867421022079,-0.128298940711283,-0.0308167052417638));
#20309=CARTESIAN_POINT('',(-0.0106867421022079,-0.12630537416096,-0.0309769937610986));
#20310=CARTESIAN_POINT('',(-0.0156867421022079,-0.128298940711283,-0.0308167052417638));
#20311=CARTESIAN_POINT('',(-0.0156867421022079,-0.127302157436121,-0.0308968495014312));
#20312=CARTESIAN_POINT('',(-0.0156867421022079,-0.129295723986445,-0.0307365609820964));
#20313=CARTESIAN_POINT('',(-0.0116867421022079,-0.127302157436121,-0.0308968495014312));
#20314=CARTESIAN_POINT('',(-0.0103644029312719,-0.119327891234827,-0.0315380035787704));
#20315=CARTESIAN_POINT('',(-0.010212285175792,-0.13726999018774,-0.0300954069047572));
#20316=CARTESIAN_POINT('',(-0.0116867421022079,-0.129295723986445,-0.0307365609820964));
#20317=CARTESIAN_POINT('',(-0.0156867421022079,-0.127898219412946,-0.0258327888659546));
#20318=CARTESIAN_POINT('',(-0.0156867421022079,-0.126901436137784,-0.025912933125622));
#20319=CARTESIAN_POINT('',(-0.0156867421022079,-0.128895002688108,-0.0257526446062872));
#20320=CARTESIAN_POINT('',(-0.0106867421022079,-0.127978363672614,-0.0268295721411165));
#20321=CARTESIAN_POINT('',(-0.0106867421022079,-0.127978363672614,-0.0268295721411165));
#20322=CARTESIAN_POINT('',(-0.0106867421022079,-0.12598479712229,-0.0269898606604513));
#20323=CARTESIAN_POINT('',(0.0503382578977957,-0.238799193243917,-0.017919256766616));
#20324=CARTESIAN_POINT('',(-0.0297342664897625,-0.0145936244307584,-0.0349428061666441));
#20325=CARTESIAN_POINT('',(-0.0297342664897625,-0.0149943457290954,-0.0399267225424532));
#20326=CARTESIAN_POINT('',(-0.0297342664897625,-0.0145972433974247,-0.0399586507189957));
#20327=CARTESIAN_POINT('',(-0.0297342664897625,-0.0159911290042573,-0.0398465782827859));
#20328=CARTESIAN_POINT('',(-0.0297342664897625,-0.0136904511596316,-0.0351117791847771));
#20329=CARTESIAN_POINT('',(-0.0297342664897625,-0.0134928457689414,-0.0340555637660441));
#20330=CARTESIAN_POINT('',(-0.0297342664897625,-0.0146475124111668,-0.0349384734170861));
#20331=CARTESIAN_POINT('',(-0.0297342664897625,-0.0146475124111668,-0.0349384734170861));
#20332=CARTESIAN_POINT('',(-0.0297342664897625,-0.0145936244307584,-0.0349428061666441));
#20333=CARTESIAN_POINT('',(-0.0297342664897625,-0.0155904077059203,-0.0348626619069766));
#20334=CARTESIAN_POINT('',(-0.0297342664897625,-0.0155904077059203,-0.0348626619069766));
#20335=CARTESIAN_POINT('',(-0.0397342664897625,-0.0145936244307584,-0.0349428061666441));
#20336=CARTESIAN_POINT('',(-0.0397342664897625,-0.0145936244307584,-0.0349428061666441));
#20337=CARTESIAN_POINT('',(-0.0397342664897625,-0.0146475124111668,-0.0349384734170861));
#20338=CARTESIAN_POINT('',(-0.0397342664897625,-0.0155904077059203,-0.0348626619069766));
#20339=CARTESIAN_POINT('',(-0.0397342664897625,-0.014615597499921,-0.034914069851485));
#20340=CARTESIAN_POINT('',(-0.0397342664897625,-0.0134928457689414,-0.0340555637660441));
#20341=CARTESIAN_POINT('',(-0.0397342664897625,-0.0145199297961324,-0.0395454038056524));
#20342=CARTESIAN_POINT('',(-0.0397342664897625,-0.0145972433974247,-0.0399586507189957));
#20343=CARTESIAN_POINT('',(-0.0397342664897625,-0.0149943457290954,-0.0399267225424532));
#20344=CARTESIAN_POINT('',(-0.0397342664897625,-0.0159911290042573,-0.0398465782827859));
#20345=CARTESIAN_POINT('',(-0.0397342664897625,-0.0155904077059203,-0.0348626619069766));
#20346=CARTESIAN_POINT('',(0.0262907335102411,-0.125414454002062,-0.0260324907921436));
#20347=CARTESIAN_POINT('',(-0.0437342664897625,-0.0146475124111668,-0.0349384734170861));
#20348=CARTESIAN_POINT('',(-0.0357342664897624,-0.0155904077059203,-0.0348626619069766));
#20349=CARTESIAN_POINT('',(-0.0357342664897624,-0.0195775408065677,-0.034542084868307));
#20350=CARTESIAN_POINT('',(-0.0347342664897624,-0.0195775408065677,-0.034542084868307));
#20351=CARTESIAN_POINT('',(-0.0337342664897624,-0.0195775408065677,-0.034542084868307));
#20352=CARTESIAN_POINT('',(-0.0337342664897624,-0.0155904077059203,-0.0348626619069766));
#20353=CARTESIAN_POINT('',(0.0262907335102411,-0.125815175300399,-0.0310164071679528));
#20354=CARTESIAN_POINT('',(-0.0347342664897624,-0.0149943457290954,-0.0399267225424532));
#20355=CARTESIAN_POINT('',(-0.0347342664897624,-0.0130007791787718,-0.0400870110617881));
#20356=CARTESIAN_POINT('',(-0.0337342664897624,-0.0159911290042573,-0.0398465782827859));
#20357=CARTESIAN_POINT('',(-0.0337342664897624,-0.0199782621049047,-0.0395260012441162));
#20358=CARTESIAN_POINT('',(-0.0347342664897624,-0.0199782621049047,-0.0395260012441162));
#20359=CARTESIAN_POINT('',(-0.0357342664897624,-0.0199782621049047,-0.0395260012441162));
#20360=CARTESIAN_POINT('',(-0.0357342664897624,-0.0159911290042573,-0.0398465782827859));
#20361=CARTESIAN_POINT('',(-0.0437342664897625,-0.0145972433974247,-0.0399586507189957));
#20362=CARTESIAN_POINT('',(-0.0257342664897625,-0.0145972433974247,-0.0399586507189957));
#20363=CARTESIAN_POINT('',(-0.0347342664897624,-0.0195775408065677,-0.034542084868307));
#20364=CARTESIAN_POINT('',(-0.0337342664897624,-0.0195775408065677,-0.034542084868307));
#20365=CARTESIAN_POINT('',(-0.0357342664897624,-0.0199782621049047,-0.0395260012441162));
#20366=CARTESIAN_POINT('',(-0.0347342664897624,-0.0146737686904258,-0.0359395894418058));
#20367=CARTESIAN_POINT('',(-0.0347342664897624,-0.0146737686904258,-0.0359395894418058));
#20368=CARTESIAN_POINT('',(-0.0347342664897624,-0.0126802021401022,-0.0360998779611407));
#20369=CARTESIAN_POINT('',(0.0262907335102411,-0.12549459826173,-0.0270292740673054));
#20370=CARTESIAN_POINT('',(-0.0113939770921457,-0.0394968207557629,-0.032940517120918));
#20371=CARTESIAN_POINT('',(-0.0113939770921457,-0.0394968207557629,-0.032940517120918));
#20372=CARTESIAN_POINT('',(-0.0114902958373254,-0.0394968207557629,-0.032940517120918));
#20373=CARTESIAN_POINT('',(-0.0123939770921457,-0.0394968207557629,-0.032940517120918));
#20374=CARTESIAN_POINT('',(-0.011437100738633,-0.0394929822166561,-0.0328927758154438));
#20375=CARTESIAN_POINT('',(-0.0104474024279292,-0.0394215659440476,-0.0320045456863497));
#20376=CARTESIAN_POINT('',(-0.0110273183360611,-0.0398637486156216,-0.0375041322246803));
#20377=CARTESIAN_POINT('',(-0.0110716379212098,-0.0398975420540999,-0.0379244334967272));
#20378=CARTESIAN_POINT('',(-0.0113939770921457,-0.0398975420540999,-0.0379244334967272));
#20379=CARTESIAN_POINT('',(-0.0123939770921457,-0.0398975420540999,-0.0379244334967272));
#20380=CARTESIAN_POINT('',(-0.0123939770921457,-0.0394968207557629,-0.032940517120918));
#20381=CARTESIAN_POINT('',(-0.0113939770921457,-0.0494646535073813,-0.032139074524244));
#20382=CARTESIAN_POINT('',(-0.0104049071608223,-0.0494729852365655,-0.0322426992671566));
#20383=CARTESIAN_POINT('',(-0.0109195201657299,-0.0498653748057184,-0.0371229909000532));
#20384=CARTESIAN_POINT('',(-0.0102882177234644,-0.0493840101861628,-0.0311360842392536));
#20385=CARTESIAN_POINT('',(-0.0109078444618499,-0.0494287222277875,-0.031692184145532));
#20386=CARTESIAN_POINT('',(-0.0114057859731699,-0.0494646535073813,-0.032139074524244));
#20387=CARTESIAN_POINT('',(-0.0113939770921457,-0.0494646535073813,-0.032139074524244));
#20388=CARTESIAN_POINT('',(-0.0123939770921457,-0.0494646535073813,-0.032139074524244));
#20389=CARTESIAN_POINT('',(-0.0123939770921457,-0.0498653748057184,-0.0371229909000532));
#20390=CARTESIAN_POINT('',(-0.0123939770921457,-0.0498653748057184,-0.0371229909000532));
#20391=CARTESIAN_POINT('',(-0.0113939770921457,-0.0498653748057184,-0.0371229909000532));
#20392=CARTESIAN_POINT('',(0.0496310229078578,-0.155301566702876,-0.0236294804480805));
#20393=CARTESIAN_POINT('',(-0.0115240268014555,-0.0355182957355209,-0.0332604020450143));
#20394=CARTESIAN_POINT('',(-0.0123939770921457,-0.0434839538564103,-0.0326199400822484));
#20395=CARTESIAN_POINT('',(-0.0163939770921457,-0.0434839538564103,-0.0326199400822484));
#20396=CARTESIAN_POINT('',(-0.0163939770921457,-0.0444807371315721,-0.032539795822581));
#20397=CARTESIAN_POINT('',(-0.0163939770921457,-0.045477520406734,-0.0324596515629136));
#20398=CARTESIAN_POINT('',(-0.0123939770921457,-0.045477520406734,-0.0324596515629136));
#20399=CARTESIAN_POINT('',(0.0496310229078578,-0.155702288001213,-0.0286133968238898));
#20400=CARTESIAN_POINT('',(-0.0113939770921457,-0.0448814584299091,-0.0375237121983902));
#20401=CARTESIAN_POINT('',(-0.0113939770921457,-0.0428878918795855,-0.037684000717725));
#20402=CARTESIAN_POINT('',(-0.0123939770921457,-0.045878241705071,-0.0374435679387228));
#20403=CARTESIAN_POINT('',(-0.0163939770921457,-0.045878241705071,-0.0374435679387228));
#20404=CARTESIAN_POINT('',(-0.0163939770921457,-0.0448814584299091,-0.0375237121983902));
#20405=CARTESIAN_POINT('',(-0.0163939770921457,-0.0438846751547473,-0.0376038564580576));
#20406=CARTESIAN_POINT('',(-0.0123939770921457,-0.0438846751547473,-0.0376038564580576));
#20407=CARTESIAN_POINT('',(-0.0110716379212098,-0.0359104089534526,-0.0382450105353969));
#20408=CARTESIAN_POINT('',(-0.0109195201657299,-0.0538525079063657,-0.0368024138613836));
#20409=CARTESIAN_POINT('',(-0.0163939770921457,-0.0444807371315721,-0.032539795822581));
#20410=CARTESIAN_POINT('',(-0.0163939770921457,-0.045477520406734,-0.0324596515629136));
#20411=CARTESIAN_POINT('',(-0.0163939770921457,-0.0434839538564103,-0.0326199400822484));
#20412=CARTESIAN_POINT('',(-0.0113939770921457,-0.0445608813912396,-0.0335365790977428));
#20413=CARTESIAN_POINT('',(-0.0113939770921457,-0.0445608813912396,-0.0335365790977428));
#20414=CARTESIAN_POINT('',(-0.0113939770921457,-0.0425673148409159,-0.0336968676170777));
#20415=CARTESIAN_POINT('',(0.0496310229078578,-0.155381710962543,-0.0246262637232424));
#20416=CARTESIAN_POINT('',(-0.133367133244881,-0.0145936244307584,-0.0349428061666441));
#20417=CARTESIAN_POINT('',(-0.133367133244881,-0.0149943457290954,-0.0399267225424532));
#20418=CARTESIAN_POINT('',(-0.133367133244881,-0.0145972433974247,-0.0399586507189957));
#20419=CARTESIAN_POINT('',(-0.133367133244881,-0.0159911290042573,-0.0398465782827859));
#20420=CARTESIAN_POINT('',(-0.133367133244881,-0.0136904511596316,-0.0351117791847771));
#20421=CARTESIAN_POINT('',(-0.133367133244881,-0.0134928457689414,-0.0340555637660441));
#20422=CARTESIAN_POINT('',(-0.133367133244881,-0.0146475124111668,-0.0349384734170861));
#20423=CARTESIAN_POINT('',(-0.133367133244881,-0.0146475124111668,-0.0349384734170861));
#20424=CARTESIAN_POINT('',(-0.133367133244881,-0.0145936244307584,-0.0349428061666441));
#20425=CARTESIAN_POINT('',(-0.133367133244881,-0.0155904077059203,-0.0348626619069766));
#20426=CARTESIAN_POINT('',(-0.133367133244881,-0.0155904077059203,-0.0348626619069766));
#20427=CARTESIAN_POINT('',(-0.143367133244881,-0.0145936244307584,-0.0349428061666441));
#20428=CARTESIAN_POINT('',(-0.143367133244881,-0.0149943457290954,-0.0399267225424532));
#20429=CARTESIAN_POINT('',(-0.143367133244881,-0.0145972433974247,-0.0399586507189957));
#20430=CARTESIAN_POINT('',(-0.143367133244881,-0.0159911290042573,-0.0398465782827859));
#20431=CARTESIAN_POINT('',(-0.143367133244881,-0.0155904077059203,-0.0348626619069766));
#20432=CARTESIAN_POINT('',(-0.143367133244881,-0.0155904077059203,-0.0348626619069766));
#20433=CARTESIAN_POINT('',(-0.143367133244881,-0.0145936244307584,-0.0349428061666441));
#20434=CARTESIAN_POINT('',(-0.143367133244881,-0.0146475124111668,-0.0349384734170861));
#20435=CARTESIAN_POINT('',(-0.143367133244881,-0.014615597499921,-0.034914069851485));
#20436=CARTESIAN_POINT('',(-0.143367133244881,-0.0134928457689414,-0.0340555637660441));
#20437=CARTESIAN_POINT('',(-0.143367133244881,-0.0145199297961324,-0.0395454038056524));
#20438=CARTESIAN_POINT('',(-0.0773421332448776,-0.125414454002062,-0.0260324907921436));
#20439=CARTESIAN_POINT('',(-0.147367133244881,-0.0146475124111668,-0.0349384734170861));
#20440=CARTESIAN_POINT('',(-0.139367133244881,-0.0155904077059203,-0.0348626619069766));
#20441=CARTESIAN_POINT('',(-0.139367133244881,-0.0195775408065677,-0.034542084868307));
#20442=CARTESIAN_POINT('',(-0.138367133244881,-0.0195775408065677,-0.034542084868307));
#20443=CARTESIAN_POINT('',(-0.137367133244881,-0.0195775408065677,-0.034542084868307));
#20444=CARTESIAN_POINT('',(-0.137367133244881,-0.0155904077059203,-0.0348626619069766));
#20445=CARTESIAN_POINT('',(-0.0773421332448776,-0.125815175300399,-0.0310164071679528));
#20446=CARTESIAN_POINT('',(-0.138367133244881,-0.0149943457290954,-0.0399267225424532));
#20447=CARTESIAN_POINT('',(-0.138367133244881,-0.0130007791787718,-0.0400870110617881));
#20448=CARTESIAN_POINT('',(-0.137367133244881,-0.0159911290042573,-0.0398465782827859));
#20449=CARTESIAN_POINT('',(-0.137367133244881,-0.0199782621049047,-0.0395260012441162));
#20450=CARTESIAN_POINT('',(-0.138367133244881,-0.0199782621049047,-0.0395260012441162));
#20451=CARTESIAN_POINT('',(-0.139367133244881,-0.0199782621049047,-0.0395260012441162));
#20452=CARTESIAN_POINT('',(-0.139367133244881,-0.0159911290042573,-0.0398465782827859));
#20453=CARTESIAN_POINT('',(-0.147367133244881,-0.0145972433974247,-0.0399586507189957));
#20454=CARTESIAN_POINT('',(-0.129367133244881,-0.0145972433974247,-0.0399586507189957));
#20455=CARTESIAN_POINT('',(-0.138367133244881,-0.0195775408065677,-0.034542084868307));
#20456=CARTESIAN_POINT('',(-0.137367133244881,-0.0195775408065677,-0.034542084868307));
#20457=CARTESIAN_POINT('',(-0.139367133244881,-0.0199782621049047,-0.0395260012441162));
#20458=CARTESIAN_POINT('',(-0.138367133244881,-0.0146737686904258,-0.0359395894418058));
#20459=CARTESIAN_POINT('',(-0.138367133244881,-0.0146737686904258,-0.0359395894418058));
#20460=CARTESIAN_POINT('',(-0.138367133244881,-0.0126802021401022,-0.0360998779611407));
#20461=CARTESIAN_POINT('',(-0.0773421332448776,-0.12549459826173,-0.0270292740673054));
#20462=CARTESIAN_POINT('',(-0.251,-0.0136904511596316,-0.0351117791847771));
#20463=CARTESIAN_POINT('',(-0.251,-0.0134928457689414,-0.0340555637660441));
#20464=CARTESIAN_POINT('',(-0.243,-0.0155904077059203,-0.0348626619069766));
#20465=CARTESIAN_POINT('',(-0.241,-0.0155904077059203,-0.0348626619069766));
#20466=CARTESIAN_POINT('',(-0.233,-0.00688061805047813,0.00128728211493631));
#20467=CARTESIAN_POINT('',(-0.233,-0.0134928457689414,-0.0340555637660442));
#20468=CARTESIAN_POINT('',(-0.129367133244881,-0.00688061805047813,0.00128728211493631));
#20469=CARTESIAN_POINT('',(-0.129367133244881,-0.0134928457689414,-0.0340555637660442));
#20470=CARTESIAN_POINT('',(-0.137367133244881,-0.0155904077059203,-0.0348626619069766));
#20471=CARTESIAN_POINT('',(-0.139367133244881,-0.0155904077059203,-0.0348626619069766));
#20472=CARTESIAN_POINT('',(-0.147367133244881,-0.0136904511596316,-0.0351117791847771));
#20473=CARTESIAN_POINT('',(-0.147367133244881,-0.0134928457689414,-0.0340555637660441));
#20474=CARTESIAN_POINT('',(-0.0257342664897625,-0.00688061805047813,0.00128728211493631));
#20475=CARTESIAN_POINT('',(-0.0257342664897625,-0.0134928457689414,-0.0340555637660442));
#20476=CARTESIAN_POINT('',(-0.0337342664897624,-0.0155904077059203,-0.0348626619069766));
#20477=CARTESIAN_POINT('',(-0.0437342664897625,-0.0136904511596316,-0.0351117791847771));
#20478=CARTESIAN_POINT('',(-0.0437342664897625,-0.0134928457689414,-0.0340555637660441));
#20479=CARTESIAN_POINT('',(-0.0357342664897624,-0.0155904077059203,-0.0348626619069766));
#20480=CARTESIAN_POINT('',(-0.0123939770921457,-0.045477520406734,-0.0324596515629136));
#20481=CARTESIAN_POINT('',(-0.00757745911106018,-0.0513042048420857,-0.00510824281208519));
#20482=CARTESIAN_POINT('',(-0.0102917511979569,-0.0533738375415618,-0.030849016625795));
#20483=CARTESIAN_POINT('',(-0.0105553627299316,-0.0355167519763882,-0.0333489556898345));
#20484=CARTESIAN_POINT('',(-0.0104438689534368,-0.0354317385886486,-0.0322916132998083));
#20485=CARTESIAN_POINT('',(-0.0123939770921457,-0.0434839538564103,-0.0326199400822484));
#20486=CARTESIAN_POINT('',(-0.0098481277399937,-0.118934234257762,-0.0266419487332081));
#20487=CARTESIAN_POINT('',(-0.00973663396349892,-0.118849220870023,-0.0255846063431819));
#20488=CARTESIAN_POINT('',(-0.0116867421022079,-0.126901436137784,-0.025912933125622));
#20489=CARTESIAN_POINT('',(-0.0068779520576633,-0.134727579632318,0.00152547687103491));
#20490=CARTESIAN_POINT('',(-0.00958451620801901,-0.136791319822936,-0.0241420096691686));
#20491=CARTESIAN_POINT('',(-0.0116867421022079,-0.128895002688108,-0.0257526446062872));
#20492=CARTESIAN_POINT('',(-0.01097950711227,-0.212312484969482,-0.0190456376496608));
#20493=CARTESIAN_POINT('',(-0.00617844500426642,-0.21815095442255,0.00815919655415502));
#20494=CARTESIAN_POINT('',(-0.00887728121808113,-0.22020880210431,-0.0174350027125422));
#20495=CARTESIAN_POINT('',(-0.00914089275005583,-0.202351716539137,-0.0199349417765816));
#20496=CARTESIAN_POINT('',(-0.00902939897356104,-0.202266703151397,-0.0188775993865554));
#20497=CARTESIAN_POINT('',(-0.01097950711227,-0.210318918419159,-0.0192059261689956));
#20498=CARTESIAN_POINT('',(-0.0437342664897625,-0.242137768183278,-0.0167439538489319));
#20499=CARTESIAN_POINT('',(-0.0437342664897625,-0.242164080478059,-0.0156697348003473));
#20500=CARTESIAN_POINT('',(-0.0257342664897625,-0.242552098961282,0.000171409020553759));
#20501=CARTESIAN_POINT('',(-0.0257342664897625,-0.242164080478059,-0.0156697348003473));
#20502=CARTESIAN_POINT('',(-0.0337342664897624,-0.240222416674014,-0.0168015983789736));
#20503=CARTESIAN_POINT('',(-0.0357342664897624,-0.240222416674014,-0.0168015983789736));
#20504=CARTESIAN_POINT('',(-0.129367133244881,-0.242552098961282,0.000171409020553759));
#20505=CARTESIAN_POINT('',(-0.129367133244881,-0.242164080478059,-0.0156697348003473));
#20506=CARTESIAN_POINT('',(-0.137367133244881,-0.240222416674014,-0.0168015983789736));
#20507=CARTESIAN_POINT('',(-0.147367133244881,-0.242137768183278,-0.0167439538489319));
#20508=CARTESIAN_POINT('',(-0.147367133244881,-0.242164080478059,-0.0156697348003473));
#20509=CARTESIAN_POINT('',(-0.139367133244881,-0.240222416674014,-0.0168015983789736));
#20510=CARTESIAN_POINT('',(-0.243,-0.240222416674014,-0.0168015983789736));
#20511=CARTESIAN_POINT('',(-0.251,-0.242137768183278,-0.0167439538489319));
#20512=CARTESIAN_POINT('',(-0.251,-0.242164080478059,-0.0156697348003473));
#20513=CARTESIAN_POINT('',(-0.241,-0.240222416674014,-0.0168015983789736));
#20514=CARTESIAN_POINT('',(-0.233,-0.242552098961282,0.000171409020553759));
#20515=CARTESIAN_POINT('',(-0.233,-0.242164080478059,-0.0156697348003473));
#20516=CARTESIAN_POINT('',(-0.257,-0.00688061805047813,0.00128728211493631));
#20517=CARTESIAN_POINT('',(-0.257,-0.0134928457689414,-0.0340555637660441));
#20518=CARTESIAN_POINT('',(-0.275,-0.0136904511596316,-0.0351117791847771));
#20519=CARTESIAN_POINT('',(-0.275,-0.0134928457689414,-0.0340555637660442));
#20520=CARTESIAN_POINT('',(-0.398263257897788,-0.126901436137784,-0.025912933125622));
#20521=CARTESIAN_POINT('',(-0.398263257897788,-0.128895002688108,-0.0257526446062872));
#20522=CARTESIAN_POINT('',(-0.403072047942333,-0.134727579632318,0.00152547687103491));
#20523=CARTESIAN_POINT('',(-0.400365483791978,-0.136791319822936,-0.0241420096691686));
#20524=CARTESIAN_POINT('',(-0.400101872260003,-0.118934234257762,-0.0266419487332081));
#20525=CARTESIAN_POINT('',(-0.400213366036498,-0.118849220870023,-0.0255846063431819));
#20526=CARTESIAN_POINT('',(-0.364301739512646,-0.00688061805047813,0.00128728211493631));
#20527=CARTESIAN_POINT('',(-0.364301739512646,-0.0134928457689414,-0.0340555637660441));
#20528=CARTESIAN_POINT('',(-0.372301739512646,-0.0155904077059202,-0.0348626619069766));
#20529=CARTESIAN_POINT('',(-0.374301739512646,-0.0155904077059202,-0.0348626619069766));
#20530=CARTESIAN_POINT('',(-0.382301739512646,-0.0136904511596316,-0.0351117791847771));
#20531=CARTESIAN_POINT('',(-0.382301739512646,-0.0134928457689414,-0.0340555637660442));
#20532=CARTESIAN_POINT('',(-0.267,-0.0155904077059202,-0.0348626619069766));
#20533=CARTESIAN_POINT('',(-0.265,-0.0155904077059202,-0.0348626619069766));
#20534=CARTESIAN_POINT('',(-0.39939477619103,-0.0355331375304297,-0.0333476382438755));
#20535=CARTESIAN_POINT('',(-0.399506269967525,-0.0354481241426901,-0.0322902958538492));
#20536=CARTESIAN_POINT('',(-0.397556161828816,-0.0435003394104517,-0.0326186226362894));
#20537=CARTESIAN_POINT('',(-0.397556161828816,-0.0454939059607755,-0.0324583341169546));
#20538=CARTESIAN_POINT('',(-0.402372678291916,-0.0513205915535826,-0.00510693976182053));
#20539=CARTESIAN_POINT('',(-0.399658387723005,-0.0533902230956032,-0.030847699179836));
#20540=CARTESIAN_POINT('',(-0.36622312975649,-0.242552098961282,0.000171409020553759));
#20541=CARTESIAN_POINT('',(-0.36622312975649,-0.242164080478059,-0.0156697348003473));
#20542=CARTESIAN_POINT('',(-0.38422312975649,-0.242137768183278,-0.0167439538489319));
#20543=CARTESIAN_POINT('',(-0.38422312975649,-0.242164080478059,-0.0156697348003473));
#20544=CARTESIAN_POINT('',(-0.37622312975649,-0.240222416674014,-0.0168015983789736));
#20545=CARTESIAN_POINT('',(-0.37422312975649,-0.240222416674014,-0.0168015983789736));
#20546=CARTESIAN_POINT('',(-0.267,-0.240222416674014,-0.0168015983789736));
#20547=CARTESIAN_POINT('',(-0.265,-0.240222416674014,-0.0168015983789736));
#20548=CARTESIAN_POINT('',(-0.257,-0.242552098961282,0.000171409020553759));
#20549=CARTESIAN_POINT('',(-0.257,-0.242164080478059,-0.0156697348003473));
#20550=CARTESIAN_POINT('',(-0.275,-0.242137768183278,-0.0167439538489319));
#20551=CARTESIAN_POINT('',(-0.275,-0.242164080478059,-0.0156697348003473));
#20552=CARTESIAN_POINT('',(-0.398970492887727,-0.210318918419159,-0.0192059261689956));
#20553=CARTESIAN_POINT('',(-0.398970492887727,-0.212312484969482,-0.0190456376496608));
#20554=CARTESIAN_POINT('',(-0.40377155499573,-0.21815095442255,0.00815919655415502));
#20555=CARTESIAN_POINT('',(-0.401072718781915,-0.22020880210431,-0.0174350027125423));
#20556=CARTESIAN_POINT('',(-0.400809107249941,-0.202351716539137,-0.0199349417765816));
#20557=CARTESIAN_POINT('',(-0.400920601026436,-0.202266703151397,-0.0188775993865555));
#20558=CARTESIAN_POINT('',(-0.0773421332448776,-0.0146475124111668,-0.0349384734170861));
#20559=CARTESIAN_POINT('',(-0.0105041784431124,-0.155808133727334,-0.0235887509934852));
#20560=CARTESIAN_POINT('',(0.0262907335102411,-0.0146475124111668,-0.0349384734170861));
#20561=CARTESIAN_POINT('',(-0.00979694345317458,-0.239225616008709,-0.0168817440368588));
#20562=CARTESIAN_POINT('',(-0.0090897084632367,-0.322643098290083,-0.0101747370802324));
#20563=CARTESIAN_POINT('',(0.0262907335102411,-0.241165311968768,-0.016725786868864));
#20564=CARTESIAN_POINT('',(-0.0773421332448777,-0.241165311968768,-0.016725786868864));
#20565=CARTESIAN_POINT('',(-0.180974999999996,-0.241165311968768,-0.016725786868864));
#20566=CARTESIAN_POINT('',(-0.180974999999996,-0.0146475124111668,-0.0349384734170861));
#20567=CARTESIAN_POINT('',(-0.400144340459449,-0.238197564407254,-0.0169644023604398));
#20568=CARTESIAN_POINT('',(-0.400851575449386,-0.321615046688628,-0.0102573954038134));
#20569=CARTESIAN_POINT('',(-0.314198129756486,-0.241165311968768,-0.016725786868864));
#20570=CARTESIAN_POINT('',(-0.204974999999997,-0.241165311968768,-0.016725786868864));
#20571=CARTESIAN_POINT('',(-0.399437244390476,-0.154796467679921,-0.0236700918711072));
#20572=CARTESIAN_POINT('',(-0.312276739512643,-0.0146475124111668,-0.0349384734170861));
#20573=CARTESIAN_POINT('',(-0.204974999999997,-0.0146475124111668,-0.0349384734170861));
#20574=MECHANICAL_DESIGN_GEOMETRIC_PRESENTATION_REPRESENTATION('',(#12203),
#20575);
#20575=(
GEOMETRIC_REPRESENTATION_CONTEXT(3)
GLOBAL_UNCERTAINTY_ASSIGNED_CONTEXT((#20576))
GLOBAL_UNIT_ASSIGNED_CONTEXT((#20579,#20578,#20577))
REPRESENTATION_CONTEXT('Top-Left','TOP_LEVEL_ASSEMBLY_PART')
);
#20576=UNCERTAINTY_MEASURE_WITH_UNIT(LENGTH_MEASURE(2.E-5),#20579,
'DISTANCE_ACCURACY_VALUE','Maximum Tolerance applied to model');
#20577=(
NAMED_UNIT(*)
SI_UNIT($,.STERADIAN.)
SOLID_ANGLE_UNIT()
);
#20578=(
NAMED_UNIT(*)
PLANE_ANGLE_UNIT()
SI_UNIT($,.RADIAN.)
);
#20579=(
LENGTH_UNIT()
NAMED_UNIT(*)
SI_UNIT($,.METRE.)
);
#20580=PRODUCT_DEFINITION_SHAPE('','',#20581);
#20581=PRODUCT_DEFINITION('','',#20583,#20582);
#20582=PRODUCT_DEFINITION_CONTEXT('',#20589,'design');
#20583=PRODUCT_DEFINITION_FORMATION_WITH_SPECIFIED_SOURCE('','',#20585,
 .NOT_KNOWN.);
#20584=PRODUCT_RELATED_PRODUCT_CATEGORY('','',(#20585));
#20585=PRODUCT('Top-Left','Top-Left','Top-Left',(#20587));
#20586=PRODUCT_CATEGORY('','');
#20587=PRODUCT_CONTEXT('',#20589,'mechanical');
#20588=APPLICATION_PROTOCOL_DEFINITION('international standard',
'ap242_managed_model_based_3d_engineering',2020,#20589);
#20589=APPLICATION_CONTEXT('managed model based 3d engineering');
ENDSEC;
END-ISO-10303-21;
