ISO-10303-21;
HEADER;
/* Generated by software containing ST-Developer
 * from STEP Tools, Inc. (www.steptools.com) 
 */
/* OPTION: using custom renumber hook */

FILE_DESCRIPTION(
/* description */ ('STEP AP242 Edition 2',
'CAx-IF Rec.Pracs.---Representation and Presentation of Product Manufa
cturing Information (PMI)---4.0---2014-10-13',
'CAx-IF Rec.Pracs.---3D Tessellated Geometry---0.4---2014-09-14','2;1',
'CAx-IF Rec.Pracs.---User Defined Attributes---1.5---2016-08-15'),
/* implementation_level */ '2;1');

FILE_NAME(
/* name */ 'Encoder Knob - Encoder Knob',
/* time_stamp */ '2026-09-30T14:08:19Z',
/* author */ (''),
/* organization */ (''),
/* preprocessor_version */ 'ST-DEVELOPER v20',
/* originating_system */ 'ONSHAPE BY PTC INC, 1.221',
/* authorisation */ '  ');

FILE_SCHEMA (('AP242_MANAGED_MODEL_BASED_3D_ENGINEERING_MIM_LF { 1 0 10303 442 3 1 4 }'));
ENDSEC;

DATA;
#10=SHAPE_REPRESENTATION_RELATIONSHIP('','',#1177,#11);
#11=ADVANCED_BREP_SHAPE_REPRESENTATION('',(#1175),#2945);
#12=CYLINDRICAL_SURFACE('',#1266,0.00305);
#13=CYLINDRICAL_SURFACE('',#1269,0.0045);
#14=B_SPLINE_SURFACE_WITH_KNOTS('',1,3,((#2394,#2395,#2396,#2397,#2398,
#2399,#2400,#2401,#2402,#2403),(#2404,#2405,#2406,#2407,#2408,#2409,#2410,
#2411,#2412,#2413)),.RULED_SURF.,.F.,.F.,.F.,(2,2),(4,2,2,2,4),(0.,1.),
(1.47158488234999,2.30658876796989,3.14159265358979,3.97659653920969,4.8116004248296),
 .UNSPECIFIED.);
#15=B_SPLINE_SURFACE_WITH_KNOTS('',1,3,((#2428,#2429,#2430,#2431,#2432,
#2433,#2434,#2435,#2436,#2437),(#2438,#2439,#2440,#2441,#2442,#2443,#2444,
#2445,#2446,#2447)),.RULED_SURF.,.F.,.F.,.F.,(2,2),(4,2,2,2,4),(0.,1.),
(1.47158488234999,2.30658876796989,3.1415926535898,3.97659653920969,4.8116004248296),
 .UNSPECIFIED.);
#16=B_SPLINE_SURFACE_WITH_KNOTS('',1,3,((#2455,#2456,#2457,#2458,#2459,
#2460,#2461,#2462,#2463,#2464),(#2465,#2466,#2467,#2468,#2469,#2470,#2471,
#2472,#2473,#2474)),.RULED_SURF.,.F.,.F.,.F.,(2,2),(4,2,2,2,4),(0.,1.),
(1.47158488234999,2.30658876796989,3.1415926535898,3.97659653920969,4.8116004248296),
 .UNSPECIFIED.);
#17=B_SPLINE_SURFACE_WITH_KNOTS('',1,3,((#2482,#2483,#2484,#2485,#2486,
#2487,#2488,#2489,#2490,#2491),(#2492,#2493,#2494,#2495,#2496,#2497,#2498,
#2499,#2500,#2501)),.RULED_SURF.,.F.,.F.,.F.,(2,2),(4,2,2,2,4),(0.,1.),
(1.47158488234999,2.30658876796989,3.1415926535898,3.97659653920969,4.8116004248296),
 .UNSPECIFIED.);
#18=B_SPLINE_SURFACE_WITH_KNOTS('',1,3,((#2509,#2510,#2511,#2512,#2513,
#2514,#2515,#2516,#2517,#2518),(#2519,#2520,#2521,#2522,#2523,#2524,#2525,
#2526,#2527,#2528)),.RULED_SURF.,.F.,.F.,.F.,(2,2),(4,2,2,2,4),(0.,1.),
(1.47158488235001,2.30658876796991,3.14159265358981,3.9765965392097,4.8116004248296),
 .UNSPECIFIED.);
#19=B_SPLINE_SURFACE_WITH_KNOTS('',1,3,((#2536,#2537,#2538,#2539,#2540,
#2541,#2542,#2543,#2544,#2545),(#2546,#2547,#2548,#2549,#2550,#2551,#2552,
#2553,#2554,#2555)),.RULED_SURF.,.F.,.F.,.F.,(2,2),(4,2,2,2,4),(0.,1.),
(1.47158488235001,2.30658876796991,3.14159265358981,3.9765965392097,4.8116004248296),
 .UNSPECIFIED.);
#20=B_SPLINE_SURFACE_WITH_KNOTS('',1,3,((#2563,#2564,#2565,#2566,#2567,
#2568,#2569,#2570,#2571,#2572),(#2573,#2574,#2575,#2576,#2577,#2578,#2579,
#2580,#2581,#2582)),.RULED_SURF.,.F.,.F.,.F.,(2,2),(4,2,2,2,4),(0.,1.),
(1.47158488235003,2.30658876796992,3.14159265358982,3.97659653920971,4.81160042482959),
 .UNSPECIFIED.);
#21=B_SPLINE_SURFACE_WITH_KNOTS('',1,3,((#2590,#2591,#2592,#2593,#2594,
#2595,#2596,#2597,#2598,#2599),(#2600,#2601,#2602,#2603,#2604,#2605,#2606,
#2607,#2608,#2609)),.RULED_SURF.,.F.,.F.,.F.,(2,2),(4,2,2,2,4),(0.,1.),
(1.47158488234999,2.30658876796989,3.1415926535898,3.97659653920969,4.8116004248296),
 .UNSPECIFIED.);
#22=B_SPLINE_SURFACE_WITH_KNOTS('',1,3,((#2617,#2618,#2619,#2620,#2621,
#2622,#2623,#2624,#2625,#2626),(#2627,#2628,#2629,#2630,#2631,#2632,#2633,
#2634,#2635,#2636)),.RULED_SURF.,.F.,.F.,.F.,(2,2),(4,2,2,2,4),(0.,1.),
(1.47158488234999,2.30658876796989,3.1415926535898,3.97659653920969,4.8116004248296),
 .UNSPECIFIED.);
#23=B_SPLINE_SURFACE_WITH_KNOTS('',1,3,((#2644,#2645,#2646,#2647,#2648,
#2649,#2650,#2651,#2652,#2653),(#2654,#2655,#2656,#2657,#2658,#2659,#2660,
#2661,#2662,#2663)),.RULED_SURF.,.F.,.F.,.F.,(2,2),(4,2,2,2,4),(0.,1.),
(1.47158488234999,2.30658876796989,3.14159265358979,3.97659653920969,4.8116004248296),
 .UNSPECIFIED.);
#24=B_SPLINE_SURFACE_WITH_KNOTS('',1,3,((#2671,#2672,#2673,#2674,#2675,
#2676,#2677,#2678,#2679,#2680),(#2681,#2682,#2683,#2684,#2685,#2686,#2687,
#2688,#2689,#2690)),.RULED_SURF.,.F.,.F.,.F.,(2,2),(4,2,2,2,4),(0.,1.),
(1.47158488235003,2.30658876796992,3.14159265358981,3.9765965392097,4.81160042482959),
 .UNSPECIFIED.);
#25=B_SPLINE_SURFACE_WITH_KNOTS('',1,3,((#2698,#2699,#2700,#2701,#2702,
#2703,#2704,#2705,#2706,#2707),(#2708,#2709,#2710,#2711,#2712,#2713,#2714,
#2715,#2716,#2717)),.RULED_SURF.,.F.,.F.,.F.,(2,2),(4,2,2,2,4),(0.,1.),
(1.47158488234999,2.30658876796989,3.1415926535898,3.97659653920969,4.8116004248296),
 .UNSPECIFIED.);
#26=B_SPLINE_SURFACE_WITH_KNOTS('',1,3,((#2725,#2726,#2727,#2728,#2729,
#2730,#2731,#2732,#2733,#2734),(#2735,#2736,#2737,#2738,#2739,#2740,#2741,
#2742,#2743,#2744)),.RULED_SURF.,.F.,.F.,.F.,(2,2),(4,2,2,2,4),(0.,1.),
(1.47158488234999,2.30658876796989,3.1415926535898,3.97659653920969,4.8116004248296),
 .UNSPECIFIED.);
#27=B_SPLINE_SURFACE_WITH_KNOTS('',1,3,((#2752,#2753,#2754,#2755,#2756,
#2757,#2758,#2759,#2760,#2761),(#2762,#2763,#2764,#2765,#2766,#2767,#2768,
#2769,#2770,#2771)),.RULED_SURF.,.F.,.F.,.F.,(2,2),(4,2,2,2,4),(0.,1.),
(1.47158488234999,2.30658876796989,3.1415926535898,3.97659653920969,4.8116004248296),
 .UNSPECIFIED.);
#28=B_SPLINE_SURFACE_WITH_KNOTS('',1,3,((#2779,#2780,#2781,#2782,#2783,
#2784,#2785,#2786,#2787,#2788),(#2789,#2790,#2791,#2792,#2793,#2794,#2795,
#2796,#2797,#2798)),.RULED_SURF.,.F.,.F.,.F.,(2,2),(4,2,2,2,4),(0.,1.),
(1.47158488235001,2.30658876796991,3.14159265358981,3.9765965392097,4.8116004248296),
 .UNSPECIFIED.);
#29=B_SPLINE_SURFACE_WITH_KNOTS('',1,3,((#2806,#2807,#2808,#2809,#2810,
#2811,#2812,#2813,#2814,#2815),(#2816,#2817,#2818,#2819,#2820,#2821,#2822,
#2823,#2824,#2825)),.RULED_SURF.,.F.,.F.,.F.,(2,2),(4,2,2,2,4),(0.,1.),
(1.47158488234999,2.30658876796989,3.1415926535898,3.97659653920969,4.8116004248296),
 .UNSPECIFIED.);
#30=B_SPLINE_SURFACE_WITH_KNOTS('',1,3,((#2833,#2834,#2835,#2836,#2837,
#2838,#2839,#2840,#2841,#2842),(#2843,#2844,#2845,#2846,#2847,#2848,#2849,
#2850,#2851,#2852)),.RULED_SURF.,.F.,.F.,.F.,(2,2),(4,2,2,2,4),(0.,1.),
(1.47158488235001,2.30658876796991,3.14159265358981,3.9765965392097,4.8116004248296),
 .UNSPECIFIED.);
#31=B_SPLINE_SURFACE_WITH_KNOTS('',1,3,((#2860,#2861,#2862,#2863,#2864,
#2865,#2866,#2867,#2868,#2869),(#2870,#2871,#2872,#2873,#2874,#2875,#2876,
#2877,#2878,#2879)),.RULED_SURF.,.F.,.F.,.F.,(2,2),(4,2,2,2,4),(0.,1.),
(1.47158488234999,2.30658876796989,3.1415926535898,3.97659653920969,4.8116004248296),
 .UNSPECIFIED.);
#32=B_SPLINE_SURFACE_WITH_KNOTS('',1,3,((#2887,#2888,#2889,#2890,#2891,
#2892,#2893,#2894,#2895,#2896),(#2897,#2898,#2899,#2900,#2901,#2902,#2903,
#2904,#2905,#2906)),.RULED_SURF.,.F.,.F.,.F.,(2,2),(4,2,2,2,4),(0.,1.),
(1.47158488235001,2.30658876796991,3.14159265358981,3.9765965392097,4.81160042482959),
 .UNSPECIFIED.);
#33=B_SPLINE_SURFACE_WITH_KNOTS('',1,3,((#2914,#2915,#2916,#2917,#2918,
#2919,#2920,#2921,#2922,#2923),(#2924,#2925,#2926,#2927,#2928,#2929,#2930,
#2931,#2932,#2933)),.RULED_SURF.,.F.,.F.,.F.,(2,2),(4,2,2,2,4),(0.,1.),
(1.47158488234999,2.30658876796989,3.14159265358979,3.97659653920969,4.81160042482959),
 .UNSPECIFIED.);
#34=PLANE('',#1257);
#35=PLANE('',#1258);
#36=PLANE('',#1263);
#37=PLANE('',#1271);
#38=PLANE('',#1272);
#39=ELLIPSE('',#1182,0.00125505497241962,0.00124817754942271);
#40=ELLIPSE('',#1186,0.00125505497241962,0.00124817754942271);
#41=ELLIPSE('',#1190,0.00125505497241962,0.00124817754942271);
#42=ELLIPSE('',#1194,0.00125505497241962,0.00124817754942271);
#43=ELLIPSE('',#1198,0.00125505497241962,0.00124817754942271);
#44=ELLIPSE('',#1202,0.00125505497241962,0.00124817754942271);
#45=ELLIPSE('',#1206,0.00125505497241962,0.00124817754942271);
#46=ELLIPSE('',#1210,0.00125505497241962,0.00124817754942271);
#47=ELLIPSE('',#1214,0.00125505497241962,0.00124817754942271);
#48=ELLIPSE('',#1218,0.00125505497241962,0.00124817754942271);
#49=ELLIPSE('',#1222,0.00125505497241962,0.00124817754942271);
#50=ELLIPSE('',#1226,0.00125505497241962,0.00124817754942271);
#51=ELLIPSE('',#1230,0.00125505497241962,0.00124817754942271);
#52=ELLIPSE('',#1234,0.00125505497241962,0.00124817754942271);
#53=ELLIPSE('',#1238,0.00125505497241962,0.00124817754942271);
#54=ELLIPSE('',#1242,0.00125505497241962,0.00124817754942271);
#55=ELLIPSE('',#1246,0.00125505497241962,0.00124817754942271);
#56=ELLIPSE('',#1250,0.00125505497241962,0.00124817754942271);
#57=ELLIPSE('',#1254,0.00125505497241962,0.00124817754942271);
#58=ELLIPSE('',#1260,0.00125505497241962,0.00124817754942271);
#59=CIRCLE('',#1180,0.0115);
#60=CIRCLE('',#1184,0.0115);
#61=CIRCLE('',#1188,0.0115);
#62=CIRCLE('',#1192,0.0115);
#63=CIRCLE('',#1196,0.0115);
#64=CIRCLE('',#1200,0.0115);
#65=CIRCLE('',#1204,0.0115);
#66=CIRCLE('',#1208,0.0115);
#67=CIRCLE('',#1212,0.0115);
#68=CIRCLE('',#1216,0.0115);
#69=CIRCLE('',#1220,0.0115);
#70=CIRCLE('',#1224,0.0115);
#71=CIRCLE('',#1228,0.0115);
#72=CIRCLE('',#1232,0.0115);
#73=CIRCLE('',#1236,0.0115);
#74=CIRCLE('',#1240,0.0115);
#75=CIRCLE('',#1244,0.0115);
#76=CIRCLE('',#1248,0.0115);
#77=CIRCLE('',#1252,0.0115);
#78=CIRCLE('',#1256,0.0115);
#79=CIRCLE('',#1259,0.00948898344087297);
#80=CIRCLE('',#1262,0.0084379410882162);
#81=CIRCLE('',#1264,0.0045);
#82=CIRCLE('',#1267,0.00305);
#83=CIRCLE('',#1268,0.00305);
#84=CIRCLE('',#1270,0.0045);
#85=ORIENTED_EDGE('',*,*,#457,.T.);
#86=ORIENTED_EDGE('',*,*,#458,.T.);
#87=ORIENTED_EDGE('',*,*,#459,.T.);
#88=ORIENTED_EDGE('',*,*,#460,.T.);
#89=ORIENTED_EDGE('',*,*,#461,.T.);
#90=ORIENTED_EDGE('',*,*,#459,.F.);
#91=ORIENTED_EDGE('',*,*,#462,.T.);
#92=ORIENTED_EDGE('',*,*,#463,.F.);
#93=ORIENTED_EDGE('',*,*,#464,.F.);
#94=ORIENTED_EDGE('',*,*,#463,.T.);
#95=ORIENTED_EDGE('',*,*,#465,.T.);
#96=ORIENTED_EDGE('',*,*,#466,.T.);
#97=ORIENTED_EDGE('',*,*,#467,.T.);
#98=ORIENTED_EDGE('',*,*,#468,.T.);
#99=ORIENTED_EDGE('',*,*,#467,.F.);
#100=ORIENTED_EDGE('',*,*,#469,.T.);
#101=ORIENTED_EDGE('',*,*,#470,.F.);
#102=ORIENTED_EDGE('',*,*,#471,.F.);
#103=ORIENTED_EDGE('',*,*,#472,.T.);
#104=ORIENTED_EDGE('',*,*,#473,.T.);
#105=ORIENTED_EDGE('',*,*,#474,.T.);
#106=ORIENTED_EDGE('',*,*,#475,.T.);
#107=ORIENTED_EDGE('',*,*,#470,.T.);
#108=ORIENTED_EDGE('',*,*,#474,.F.);
#109=ORIENTED_EDGE('',*,*,#476,.T.);
#110=ORIENTED_EDGE('',*,*,#477,.F.);
#111=ORIENTED_EDGE('',*,*,#478,.F.);
#112=ORIENTED_EDGE('',*,*,#479,.T.);
#113=ORIENTED_EDGE('',*,*,#480,.T.);
#114=ORIENTED_EDGE('',*,*,#481,.T.);
#115=ORIENTED_EDGE('',*,*,#482,.T.);
#116=ORIENTED_EDGE('',*,*,#477,.T.);
#117=ORIENTED_EDGE('',*,*,#481,.F.);
#118=ORIENTED_EDGE('',*,*,#483,.T.);
#119=ORIENTED_EDGE('',*,*,#484,.F.);
#120=ORIENTED_EDGE('',*,*,#485,.F.);
#121=ORIENTED_EDGE('',*,*,#486,.T.);
#122=ORIENTED_EDGE('',*,*,#487,.T.);
#123=ORIENTED_EDGE('',*,*,#488,.T.);
#124=ORIENTED_EDGE('',*,*,#489,.T.);
#125=ORIENTED_EDGE('',*,*,#484,.T.);
#126=ORIENTED_EDGE('',*,*,#488,.F.);
#127=ORIENTED_EDGE('',*,*,#490,.T.);
#128=ORIENTED_EDGE('',*,*,#491,.F.);
#129=ORIENTED_EDGE('',*,*,#492,.F.);
#130=ORIENTED_EDGE('',*,*,#493,.T.);
#131=ORIENTED_EDGE('',*,*,#494,.T.);
#132=ORIENTED_EDGE('',*,*,#495,.T.);
#133=ORIENTED_EDGE('',*,*,#496,.T.);
#134=ORIENTED_EDGE('',*,*,#491,.T.);
#135=ORIENTED_EDGE('',*,*,#495,.F.);
#136=ORIENTED_EDGE('',*,*,#497,.T.);
#137=ORIENTED_EDGE('',*,*,#498,.F.);
#138=ORIENTED_EDGE('',*,*,#499,.F.);
#139=ORIENTED_EDGE('',*,*,#500,.T.);
#140=ORIENTED_EDGE('',*,*,#501,.T.);
#141=ORIENTED_EDGE('',*,*,#502,.T.);
#142=ORIENTED_EDGE('',*,*,#503,.T.);
#143=ORIENTED_EDGE('',*,*,#498,.T.);
#144=ORIENTED_EDGE('',*,*,#502,.F.);
#145=ORIENTED_EDGE('',*,*,#504,.T.);
#146=ORIENTED_EDGE('',*,*,#505,.F.);
#147=ORIENTED_EDGE('',*,*,#506,.F.);
#148=ORIENTED_EDGE('',*,*,#507,.T.);
#149=ORIENTED_EDGE('',*,*,#508,.T.);
#150=ORIENTED_EDGE('',*,*,#509,.T.);
#151=ORIENTED_EDGE('',*,*,#510,.T.);
#152=ORIENTED_EDGE('',*,*,#505,.T.);
#153=ORIENTED_EDGE('',*,*,#509,.F.);
#154=ORIENTED_EDGE('',*,*,#511,.T.);
#155=ORIENTED_EDGE('',*,*,#512,.F.);
#156=ORIENTED_EDGE('',*,*,#513,.F.);
#157=ORIENTED_EDGE('',*,*,#514,.T.);
#158=ORIENTED_EDGE('',*,*,#515,.T.);
#159=ORIENTED_EDGE('',*,*,#516,.T.);
#160=ORIENTED_EDGE('',*,*,#517,.T.);
#161=ORIENTED_EDGE('',*,*,#512,.T.);
#162=ORIENTED_EDGE('',*,*,#516,.F.);
#163=ORIENTED_EDGE('',*,*,#518,.T.);
#164=ORIENTED_EDGE('',*,*,#519,.F.);
#165=ORIENTED_EDGE('',*,*,#520,.F.);
#166=ORIENTED_EDGE('',*,*,#521,.T.);
#167=ORIENTED_EDGE('',*,*,#522,.T.);
#168=ORIENTED_EDGE('',*,*,#523,.T.);
#169=ORIENTED_EDGE('',*,*,#524,.T.);
#170=ORIENTED_EDGE('',*,*,#519,.T.);
#171=ORIENTED_EDGE('',*,*,#523,.F.);
#172=ORIENTED_EDGE('',*,*,#525,.T.);
#173=ORIENTED_EDGE('',*,*,#526,.F.);
#174=ORIENTED_EDGE('',*,*,#527,.F.);
#175=ORIENTED_EDGE('',*,*,#528,.T.);
#176=ORIENTED_EDGE('',*,*,#529,.T.);
#177=ORIENTED_EDGE('',*,*,#530,.T.);
#178=ORIENTED_EDGE('',*,*,#531,.T.);
#179=ORIENTED_EDGE('',*,*,#526,.T.);
#180=ORIENTED_EDGE('',*,*,#530,.F.);
#181=ORIENTED_EDGE('',*,*,#532,.T.);
#182=ORIENTED_EDGE('',*,*,#533,.F.);
#183=ORIENTED_EDGE('',*,*,#534,.F.);
#184=ORIENTED_EDGE('',*,*,#535,.T.);
#185=ORIENTED_EDGE('',*,*,#536,.T.);
#186=ORIENTED_EDGE('',*,*,#537,.T.);
#187=ORIENTED_EDGE('',*,*,#538,.T.);
#188=ORIENTED_EDGE('',*,*,#533,.T.);
#189=ORIENTED_EDGE('',*,*,#537,.F.);
#190=ORIENTED_EDGE('',*,*,#539,.T.);
#191=ORIENTED_EDGE('',*,*,#540,.F.);
#192=ORIENTED_EDGE('',*,*,#541,.F.);
#193=ORIENTED_EDGE('',*,*,#542,.T.);
#194=ORIENTED_EDGE('',*,*,#543,.T.);
#195=ORIENTED_EDGE('',*,*,#544,.T.);
#196=ORIENTED_EDGE('',*,*,#545,.T.);
#197=ORIENTED_EDGE('',*,*,#540,.T.);
#198=ORIENTED_EDGE('',*,*,#544,.F.);
#199=ORIENTED_EDGE('',*,*,#546,.T.);
#200=ORIENTED_EDGE('',*,*,#547,.F.);
#201=ORIENTED_EDGE('',*,*,#548,.F.);
#202=ORIENTED_EDGE('',*,*,#549,.T.);
#203=ORIENTED_EDGE('',*,*,#550,.T.);
#204=ORIENTED_EDGE('',*,*,#551,.T.);
#205=ORIENTED_EDGE('',*,*,#552,.T.);
#206=ORIENTED_EDGE('',*,*,#547,.T.);
#207=ORIENTED_EDGE('',*,*,#551,.F.);
#208=ORIENTED_EDGE('',*,*,#553,.T.);
#209=ORIENTED_EDGE('',*,*,#554,.F.);
#210=ORIENTED_EDGE('',*,*,#555,.F.);
#211=ORIENTED_EDGE('',*,*,#556,.T.);
#212=ORIENTED_EDGE('',*,*,#557,.T.);
#213=ORIENTED_EDGE('',*,*,#558,.T.);
#214=ORIENTED_EDGE('',*,*,#559,.T.);
#215=ORIENTED_EDGE('',*,*,#554,.T.);
#216=ORIENTED_EDGE('',*,*,#558,.F.);
#217=ORIENTED_EDGE('',*,*,#560,.T.);
#218=ORIENTED_EDGE('',*,*,#561,.F.);
#219=ORIENTED_EDGE('',*,*,#562,.F.);
#220=ORIENTED_EDGE('',*,*,#563,.T.);
#221=ORIENTED_EDGE('',*,*,#564,.T.);
#222=ORIENTED_EDGE('',*,*,#565,.T.);
#223=ORIENTED_EDGE('',*,*,#566,.T.);
#224=ORIENTED_EDGE('',*,*,#561,.T.);
#225=ORIENTED_EDGE('',*,*,#565,.F.);
#226=ORIENTED_EDGE('',*,*,#567,.T.);
#227=ORIENTED_EDGE('',*,*,#568,.F.);
#228=ORIENTED_EDGE('',*,*,#569,.F.);
#229=ORIENTED_EDGE('',*,*,#570,.T.);
#230=ORIENTED_EDGE('',*,*,#571,.T.);
#231=ORIENTED_EDGE('',*,*,#572,.T.);
#232=ORIENTED_EDGE('',*,*,#573,.T.);
#233=ORIENTED_EDGE('',*,*,#568,.T.);
#234=ORIENTED_EDGE('',*,*,#572,.F.);
#235=ORIENTED_EDGE('',*,*,#574,.T.);
#236=ORIENTED_EDGE('',*,*,#575,.F.);
#237=ORIENTED_EDGE('',*,*,#576,.F.);
#238=ORIENTED_EDGE('',*,*,#577,.T.);
#239=ORIENTED_EDGE('',*,*,#578,.T.);
#240=ORIENTED_EDGE('',*,*,#579,.T.);
#241=ORIENTED_EDGE('',*,*,#580,.T.);
#242=ORIENTED_EDGE('',*,*,#575,.T.);
#243=ORIENTED_EDGE('',*,*,#579,.F.);
#244=ORIENTED_EDGE('',*,*,#581,.T.);
#245=ORIENTED_EDGE('',*,*,#582,.F.);
#246=ORIENTED_EDGE('',*,*,#583,.F.);
#247=ORIENTED_EDGE('',*,*,#584,.T.);
#248=ORIENTED_EDGE('',*,*,#585,.T.);
#249=ORIENTED_EDGE('',*,*,#586,.T.);
#250=ORIENTED_EDGE('',*,*,#587,.T.);
#251=ORIENTED_EDGE('',*,*,#582,.T.);
#252=ORIENTED_EDGE('',*,*,#586,.F.);
#253=ORIENTED_EDGE('',*,*,#588,.T.);
#254=ORIENTED_EDGE('',*,*,#589,.F.);
#255=ORIENTED_EDGE('',*,*,#590,.F.);
#256=ORIENTED_EDGE('',*,*,#591,.T.);
#257=ORIENTED_EDGE('',*,*,#592,.T.);
#258=ORIENTED_EDGE('',*,*,#593,.T.);
#259=ORIENTED_EDGE('',*,*,#594,.T.);
#260=ORIENTED_EDGE('',*,*,#589,.T.);
#261=ORIENTED_EDGE('',*,*,#595,.T.);
#262=ORIENTED_EDGE('',*,*,#596,.T.);
#263=ORIENTED_EDGE('',*,*,#597,.T.);
#264=ORIENTED_EDGE('',*,*,#598,.T.);
#265=ORIENTED_EDGE('',*,*,#599,.T.);
#266=ORIENTED_EDGE('',*,*,#600,.T.);
#267=ORIENTED_EDGE('',*,*,#601,.T.);
#268=ORIENTED_EDGE('',*,*,#602,.T.);
#269=ORIENTED_EDGE('',*,*,#603,.T.);
#270=ORIENTED_EDGE('',*,*,#604,.T.);
#271=ORIENTED_EDGE('',*,*,#605,.T.);
#272=ORIENTED_EDGE('',*,*,#606,.T.);
#273=ORIENTED_EDGE('',*,*,#607,.T.);
#274=ORIENTED_EDGE('',*,*,#608,.T.);
#275=ORIENTED_EDGE('',*,*,#609,.T.);
#276=ORIENTED_EDGE('',*,*,#610,.T.);
#277=ORIENTED_EDGE('',*,*,#611,.T.);
#278=ORIENTED_EDGE('',*,*,#612,.T.);
#279=ORIENTED_EDGE('',*,*,#613,.T.);
#280=ORIENTED_EDGE('',*,*,#614,.T.);
#281=ORIENTED_EDGE('',*,*,#615,.T.);
#282=ORIENTED_EDGE('',*,*,#468,.F.);
#283=ORIENTED_EDGE('',*,*,#471,.T.);
#284=ORIENTED_EDGE('',*,*,#475,.F.);
#285=ORIENTED_EDGE('',*,*,#478,.T.);
#286=ORIENTED_EDGE('',*,*,#482,.F.);
#287=ORIENTED_EDGE('',*,*,#485,.T.);
#288=ORIENTED_EDGE('',*,*,#489,.F.);
#289=ORIENTED_EDGE('',*,*,#492,.T.);
#290=ORIENTED_EDGE('',*,*,#496,.F.);
#291=ORIENTED_EDGE('',*,*,#499,.T.);
#292=ORIENTED_EDGE('',*,*,#503,.F.);
#293=ORIENTED_EDGE('',*,*,#506,.T.);
#294=ORIENTED_EDGE('',*,*,#510,.F.);
#295=ORIENTED_EDGE('',*,*,#513,.T.);
#296=ORIENTED_EDGE('',*,*,#517,.F.);
#297=ORIENTED_EDGE('',*,*,#520,.T.);
#298=ORIENTED_EDGE('',*,*,#524,.F.);
#299=ORIENTED_EDGE('',*,*,#527,.T.);
#300=ORIENTED_EDGE('',*,*,#531,.F.);
#301=ORIENTED_EDGE('',*,*,#534,.T.);
#302=ORIENTED_EDGE('',*,*,#538,.F.);
#303=ORIENTED_EDGE('',*,*,#541,.T.);
#304=ORIENTED_EDGE('',*,*,#545,.F.);
#305=ORIENTED_EDGE('',*,*,#548,.T.);
#306=ORIENTED_EDGE('',*,*,#552,.F.);
#307=ORIENTED_EDGE('',*,*,#555,.T.);
#308=ORIENTED_EDGE('',*,*,#559,.F.);
#309=ORIENTED_EDGE('',*,*,#562,.T.);
#310=ORIENTED_EDGE('',*,*,#566,.F.);
#311=ORIENTED_EDGE('',*,*,#569,.T.);
#312=ORIENTED_EDGE('',*,*,#573,.F.);
#313=ORIENTED_EDGE('',*,*,#576,.T.);
#314=ORIENTED_EDGE('',*,*,#580,.F.);
#315=ORIENTED_EDGE('',*,*,#583,.T.);
#316=ORIENTED_EDGE('',*,*,#587,.F.);
#317=ORIENTED_EDGE('',*,*,#590,.T.);
#318=ORIENTED_EDGE('',*,*,#594,.F.);
#319=ORIENTED_EDGE('',*,*,#616,.T.);
#320=ORIENTED_EDGE('',*,*,#460,.F.);
#321=ORIENTED_EDGE('',*,*,#464,.T.);
#322=ORIENTED_EDGE('',*,*,#617,.T.);
#323=ORIENTED_EDGE('',*,*,#615,.F.);
#324=ORIENTED_EDGE('',*,*,#618,.F.);
#325=ORIENTED_EDGE('',*,*,#617,.F.);
#326=ORIENTED_EDGE('',*,*,#593,.F.);
#327=ORIENTED_EDGE('',*,*,#619,.T.);
#328=ORIENTED_EDGE('',*,*,#461,.F.);
#329=ORIENTED_EDGE('',*,*,#616,.F.);
#330=ORIENTED_EDGE('',*,*,#620,.F.);
#331=ORIENTED_EDGE('',*,*,#606,.F.);
#332=ORIENTED_EDGE('',*,*,#621,.F.);
#333=ORIENTED_EDGE('',*,*,#535,.F.);
#334=ORIENTED_EDGE('',*,*,#532,.F.);
#335=ORIENTED_EDGE('',*,*,#529,.F.);
#336=ORIENTED_EDGE('',*,*,#621,.T.);
#337=ORIENTED_EDGE('',*,*,#605,.F.);
#338=ORIENTED_EDGE('',*,*,#622,.F.);
#339=ORIENTED_EDGE('',*,*,#542,.F.);
#340=ORIENTED_EDGE('',*,*,#539,.F.);
#341=ORIENTED_EDGE('',*,*,#536,.F.);
#342=ORIENTED_EDGE('',*,*,#525,.F.);
#343=ORIENTED_EDGE('',*,*,#522,.F.);
#344=ORIENTED_EDGE('',*,*,#623,.F.);
#345=ORIENTED_EDGE('',*,*,#607,.F.);
#346=ORIENTED_EDGE('',*,*,#620,.T.);
#347=ORIENTED_EDGE('',*,*,#528,.F.);
#348=ORIENTED_EDGE('',*,*,#622,.T.);
#349=ORIENTED_EDGE('',*,*,#604,.F.);
#350=ORIENTED_EDGE('',*,*,#624,.F.);
#351=ORIENTED_EDGE('',*,*,#549,.F.);
#352=ORIENTED_EDGE('',*,*,#546,.F.);
#353=ORIENTED_EDGE('',*,*,#543,.F.);
#354=ORIENTED_EDGE('',*,*,#518,.F.);
#355=ORIENTED_EDGE('',*,*,#515,.F.);
#356=ORIENTED_EDGE('',*,*,#625,.F.);
#357=ORIENTED_EDGE('',*,*,#608,.F.);
#358=ORIENTED_EDGE('',*,*,#623,.T.);
#359=ORIENTED_EDGE('',*,*,#521,.F.);
#360=ORIENTED_EDGE('',*,*,#624,.T.);
#361=ORIENTED_EDGE('',*,*,#603,.F.);
#362=ORIENTED_EDGE('',*,*,#626,.F.);
#363=ORIENTED_EDGE('',*,*,#556,.F.);
#364=ORIENTED_EDGE('',*,*,#553,.F.);
#365=ORIENTED_EDGE('',*,*,#550,.F.);
#366=ORIENTED_EDGE('',*,*,#511,.F.);
#367=ORIENTED_EDGE('',*,*,#508,.F.);
#368=ORIENTED_EDGE('',*,*,#627,.F.);
#369=ORIENTED_EDGE('',*,*,#609,.F.);
#370=ORIENTED_EDGE('',*,*,#625,.T.);
#371=ORIENTED_EDGE('',*,*,#514,.F.);
#372=ORIENTED_EDGE('',*,*,#626,.T.);
#373=ORIENTED_EDGE('',*,*,#602,.F.);
#374=ORIENTED_EDGE('',*,*,#628,.F.);
#375=ORIENTED_EDGE('',*,*,#563,.F.);
#376=ORIENTED_EDGE('',*,*,#560,.F.);
#377=ORIENTED_EDGE('',*,*,#557,.F.);
#378=ORIENTED_EDGE('',*,*,#504,.F.);
#379=ORIENTED_EDGE('',*,*,#501,.F.);
#380=ORIENTED_EDGE('',*,*,#629,.F.);
#381=ORIENTED_EDGE('',*,*,#610,.F.);
#382=ORIENTED_EDGE('',*,*,#627,.T.);
#383=ORIENTED_EDGE('',*,*,#507,.F.);
#384=ORIENTED_EDGE('',*,*,#628,.T.);
#385=ORIENTED_EDGE('',*,*,#601,.F.);
#386=ORIENTED_EDGE('',*,*,#630,.F.);
#387=ORIENTED_EDGE('',*,*,#570,.F.);
#388=ORIENTED_EDGE('',*,*,#567,.F.);
#389=ORIENTED_EDGE('',*,*,#564,.F.);
#390=ORIENTED_EDGE('',*,*,#497,.F.);
#391=ORIENTED_EDGE('',*,*,#494,.F.);
#392=ORIENTED_EDGE('',*,*,#631,.F.);
#393=ORIENTED_EDGE('',*,*,#611,.F.);
#394=ORIENTED_EDGE('',*,*,#629,.T.);
#395=ORIENTED_EDGE('',*,*,#500,.F.);
#396=ORIENTED_EDGE('',*,*,#630,.T.);
#397=ORIENTED_EDGE('',*,*,#600,.F.);
#398=ORIENTED_EDGE('',*,*,#632,.F.);
#399=ORIENTED_EDGE('',*,*,#577,.F.);
#400=ORIENTED_EDGE('',*,*,#574,.F.);
#401=ORIENTED_EDGE('',*,*,#571,.F.);
#402=ORIENTED_EDGE('',*,*,#490,.F.);
#403=ORIENTED_EDGE('',*,*,#487,.F.);
#404=ORIENTED_EDGE('',*,*,#633,.F.);
#405=ORIENTED_EDGE('',*,*,#612,.F.);
#406=ORIENTED_EDGE('',*,*,#631,.T.);
#407=ORIENTED_EDGE('',*,*,#493,.F.);
#408=ORIENTED_EDGE('',*,*,#632,.T.);
#409=ORIENTED_EDGE('',*,*,#599,.F.);
#410=ORIENTED_EDGE('',*,*,#634,.F.);
#411=ORIENTED_EDGE('',*,*,#584,.F.);
#412=ORIENTED_EDGE('',*,*,#581,.F.);
#413=ORIENTED_EDGE('',*,*,#578,.F.);
#414=ORIENTED_EDGE('',*,*,#483,.F.);
#415=ORIENTED_EDGE('',*,*,#480,.F.);
#416=ORIENTED_EDGE('',*,*,#635,.F.);
#417=ORIENTED_EDGE('',*,*,#613,.F.);
#418=ORIENTED_EDGE('',*,*,#633,.T.);
#419=ORIENTED_EDGE('',*,*,#486,.F.);
#420=ORIENTED_EDGE('',*,*,#634,.T.);
#421=ORIENTED_EDGE('',*,*,#598,.F.);
#422=ORIENTED_EDGE('',*,*,#636,.F.);
#423=ORIENTED_EDGE('',*,*,#591,.F.);
#424=ORIENTED_EDGE('',*,*,#588,.F.);
#425=ORIENTED_EDGE('',*,*,#585,.F.);
#426=ORIENTED_EDGE('',*,*,#476,.F.);
#427=ORIENTED_EDGE('',*,*,#473,.F.);
#428=ORIENTED_EDGE('',*,*,#637,.F.);
#429=ORIENTED_EDGE('',*,*,#614,.F.);
#430=ORIENTED_EDGE('',*,*,#635,.T.);
#431=ORIENTED_EDGE('',*,*,#479,.F.);
#432=ORIENTED_EDGE('',*,*,#636,.T.);
#433=ORIENTED_EDGE('',*,*,#597,.F.);
#434=ORIENTED_EDGE('',*,*,#638,.F.);
#435=ORIENTED_EDGE('',*,*,#457,.F.);
#436=ORIENTED_EDGE('',*,*,#619,.F.);
#437=ORIENTED_EDGE('',*,*,#592,.F.);
#438=ORIENTED_EDGE('',*,*,#469,.F.);
#439=ORIENTED_EDGE('',*,*,#466,.F.);
#440=ORIENTED_EDGE('',*,*,#639,.F.);
#441=ORIENTED_EDGE('',*,*,#595,.F.);
#442=ORIENTED_EDGE('',*,*,#637,.T.);
#443=ORIENTED_EDGE('',*,*,#472,.F.);
#444=ORIENTED_EDGE('',*,*,#638,.T.);
#445=ORIENTED_EDGE('',*,*,#596,.F.);
#446=ORIENTED_EDGE('',*,*,#639,.T.);
#447=ORIENTED_EDGE('',*,*,#465,.F.);
#448=ORIENTED_EDGE('',*,*,#462,.F.);
#449=ORIENTED_EDGE('',*,*,#458,.F.);
#450=ORIENTED_EDGE('',*,*,#640,.T.);
#451=ORIENTED_EDGE('',*,*,#641,.F.);
#452=ORIENTED_EDGE('',*,*,#642,.F.);
#453=ORIENTED_EDGE('',*,*,#618,.T.);
#454=ORIENTED_EDGE('',*,*,#640,.F.);
#455=ORIENTED_EDGE('',*,*,#642,.T.);
#456=ORIENTED_EDGE('',*,*,#641,.T.);
#457=EDGE_CURVE('',#643,#644,#769,.T.);
#458=EDGE_CURVE('',#644,#645,#770,.T.);
#459=EDGE_CURVE('',#645,#646,#771,.T.);
#460=EDGE_CURVE('',#646,#647,#59,.T.);
#461=EDGE_CURVE('',#647,#643,#772,.T.);
#462=EDGE_CURVE('',#645,#648,#773,.T.);
#463=EDGE_CURVE('',#649,#648,#774,.T.);
#464=EDGE_CURVE('',#646,#649,#39,.T.);
#465=EDGE_CURVE('',#648,#650,#775,.T.);
#466=EDGE_CURVE('',#650,#651,#776,.T.);
#467=EDGE_CURVE('',#651,#652,#777,.T.);
#468=EDGE_CURVE('',#652,#649,#60,.T.);
#469=EDGE_CURVE('',#651,#653,#778,.T.);
#470=EDGE_CURVE('',#654,#653,#779,.T.);
#471=EDGE_CURVE('',#652,#654,#40,.T.);
#472=EDGE_CURVE('',#653,#655,#780,.T.);
#473=EDGE_CURVE('',#655,#656,#781,.T.);
#474=EDGE_CURVE('',#656,#657,#782,.T.);
#475=EDGE_CURVE('',#657,#654,#61,.T.);
#476=EDGE_CURVE('',#656,#658,#783,.T.);
#477=EDGE_CURVE('',#659,#658,#784,.T.);
#478=EDGE_CURVE('',#657,#659,#41,.T.);
#479=EDGE_CURVE('',#658,#660,#785,.T.);
#480=EDGE_CURVE('',#660,#661,#786,.T.);
#481=EDGE_CURVE('',#661,#662,#787,.T.);
#482=EDGE_CURVE('',#662,#659,#62,.T.);
#483=EDGE_CURVE('',#661,#663,#788,.T.);
#484=EDGE_CURVE('',#664,#663,#789,.T.);
#485=EDGE_CURVE('',#662,#664,#42,.T.);
#486=EDGE_CURVE('',#663,#665,#790,.T.);
#487=EDGE_CURVE('',#665,#666,#791,.T.);
#488=EDGE_CURVE('',#666,#667,#792,.T.);
#489=EDGE_CURVE('',#667,#664,#63,.T.);
#490=EDGE_CURVE('',#666,#668,#793,.T.);
#491=EDGE_CURVE('',#669,#668,#794,.T.);
#492=EDGE_CURVE('',#667,#669,#43,.T.);
#493=EDGE_CURVE('',#668,#670,#795,.T.);
#494=EDGE_CURVE('',#670,#671,#796,.T.);
#495=EDGE_CURVE('',#671,#672,#797,.T.);
#496=EDGE_CURVE('',#672,#669,#64,.T.);
#497=EDGE_CURVE('',#671,#673,#798,.T.);
#498=EDGE_CURVE('',#674,#673,#799,.T.);
#499=EDGE_CURVE('',#672,#674,#44,.T.);
#500=EDGE_CURVE('',#673,#675,#800,.T.);
#501=EDGE_CURVE('',#675,#676,#801,.T.);
#502=EDGE_CURVE('',#676,#677,#802,.T.);
#503=EDGE_CURVE('',#677,#674,#65,.T.);
#504=EDGE_CURVE('',#676,#678,#803,.T.);
#505=EDGE_CURVE('',#679,#678,#804,.T.);
#506=EDGE_CURVE('',#677,#679,#45,.T.);
#507=EDGE_CURVE('',#678,#680,#805,.T.);
#508=EDGE_CURVE('',#680,#681,#806,.T.);
#509=EDGE_CURVE('',#681,#682,#807,.T.);
#510=EDGE_CURVE('',#682,#679,#66,.T.);
#511=EDGE_CURVE('',#681,#683,#808,.T.);
#512=EDGE_CURVE('',#684,#683,#809,.T.);
#513=EDGE_CURVE('',#682,#684,#46,.T.);
#514=EDGE_CURVE('',#683,#685,#810,.T.);
#515=EDGE_CURVE('',#685,#686,#811,.T.);
#516=EDGE_CURVE('',#686,#687,#812,.T.);
#517=EDGE_CURVE('',#687,#684,#67,.T.);
#518=EDGE_CURVE('',#686,#688,#813,.T.);
#519=EDGE_CURVE('',#689,#688,#814,.T.);
#520=EDGE_CURVE('',#687,#689,#47,.T.);
#521=EDGE_CURVE('',#688,#690,#815,.T.);
#522=EDGE_CURVE('',#690,#691,#816,.T.);
#523=EDGE_CURVE('',#691,#692,#817,.T.);
#524=EDGE_CURVE('',#692,#689,#68,.T.);
#525=EDGE_CURVE('',#691,#693,#818,.T.);
#526=EDGE_CURVE('',#694,#693,#819,.T.);
#527=EDGE_CURVE('',#692,#694,#48,.T.);
#528=EDGE_CURVE('',#693,#695,#820,.T.);
#529=EDGE_CURVE('',#695,#696,#821,.T.);
#530=EDGE_CURVE('',#696,#697,#822,.T.);
#531=EDGE_CURVE('',#697,#694,#69,.T.);
#532=EDGE_CURVE('',#696,#698,#823,.T.);
#533=EDGE_CURVE('',#699,#698,#824,.T.);
#534=EDGE_CURVE('',#697,#699,#49,.T.);
#535=EDGE_CURVE('',#698,#700,#825,.T.);
#536=EDGE_CURVE('',#700,#701,#826,.T.);
#537=EDGE_CURVE('',#701,#702,#827,.T.);
#538=EDGE_CURVE('',#702,#699,#70,.T.);
#539=EDGE_CURVE('',#701,#703,#828,.T.);
#540=EDGE_CURVE('',#704,#703,#829,.T.);
#541=EDGE_CURVE('',#702,#704,#50,.T.);
#542=EDGE_CURVE('',#703,#705,#830,.T.);
#543=EDGE_CURVE('',#705,#706,#831,.T.);
#544=EDGE_CURVE('',#706,#707,#832,.T.);
#545=EDGE_CURVE('',#707,#704,#71,.T.);
#546=EDGE_CURVE('',#706,#708,#833,.T.);
#547=EDGE_CURVE('',#709,#708,#834,.T.);
#548=EDGE_CURVE('',#707,#709,#51,.T.);
#549=EDGE_CURVE('',#708,#710,#835,.T.);
#550=EDGE_CURVE('',#710,#711,#836,.T.);
#551=EDGE_CURVE('',#711,#712,#837,.T.);
#552=EDGE_CURVE('',#712,#709,#72,.T.);
#553=EDGE_CURVE('',#711,#713,#838,.T.);
#554=EDGE_CURVE('',#714,#713,#839,.T.);
#555=EDGE_CURVE('',#712,#714,#52,.T.);
#556=EDGE_CURVE('',#713,#715,#840,.T.);
#557=EDGE_CURVE('',#715,#716,#841,.T.);
#558=EDGE_CURVE('',#716,#717,#842,.T.);
#559=EDGE_CURVE('',#717,#714,#73,.T.);
#560=EDGE_CURVE('',#716,#718,#843,.T.);
#561=EDGE_CURVE('',#719,#718,#844,.T.);
#562=EDGE_CURVE('',#717,#719,#53,.T.);
#563=EDGE_CURVE('',#718,#720,#845,.T.);
#564=EDGE_CURVE('',#720,#721,#846,.T.);
#565=EDGE_CURVE('',#721,#722,#847,.T.);
#566=EDGE_CURVE('',#722,#719,#74,.T.);
#567=EDGE_CURVE('',#721,#723,#848,.T.);
#568=EDGE_CURVE('',#724,#723,#849,.T.);
#569=EDGE_CURVE('',#722,#724,#54,.T.);
#570=EDGE_CURVE('',#723,#725,#850,.T.);
#571=EDGE_CURVE('',#725,#726,#851,.T.);
#572=EDGE_CURVE('',#726,#727,#852,.T.);
#573=EDGE_CURVE('',#727,#724,#75,.T.);
#574=EDGE_CURVE('',#726,#728,#853,.T.);
#575=EDGE_CURVE('',#729,#728,#854,.T.);
#576=EDGE_CURVE('',#727,#729,#55,.T.);
#577=EDGE_CURVE('',#728,#730,#855,.T.);
#578=EDGE_CURVE('',#730,#731,#856,.T.);
#579=EDGE_CURVE('',#731,#732,#857,.T.);
#580=EDGE_CURVE('',#732,#729,#76,.T.);
#581=EDGE_CURVE('',#731,#733,#858,.T.);
#582=EDGE_CURVE('',#734,#733,#859,.T.);
#583=EDGE_CURVE('',#732,#734,#56,.T.);
#584=EDGE_CURVE('',#733,#735,#860,.T.);
#585=EDGE_CURVE('',#735,#736,#861,.T.);
#586=EDGE_CURVE('',#736,#737,#862,.T.);
#587=EDGE_CURVE('',#737,#734,#77,.T.);
#588=EDGE_CURVE('',#736,#738,#863,.T.);
#589=EDGE_CURVE('',#739,#738,#864,.T.);
#590=EDGE_CURVE('',#737,#739,#57,.T.);
#591=EDGE_CURVE('',#738,#740,#865,.T.);
#592=EDGE_CURVE('',#740,#741,#866,.T.);
#593=EDGE_CURVE('',#741,#742,#867,.T.);
#594=EDGE_CURVE('',#742,#739,#78,.T.);
#595=EDGE_CURVE('',#743,#744,#868,.T.);
#596=EDGE_CURVE('',#744,#745,#869,.T.);
#597=EDGE_CURVE('',#745,#746,#870,.T.);
#598=EDGE_CURVE('',#746,#747,#871,.T.);
#599=EDGE_CURVE('',#747,#748,#872,.T.);
#600=EDGE_CURVE('',#748,#749,#873,.T.);
#601=EDGE_CURVE('',#749,#750,#874,.T.);
#602=EDGE_CURVE('',#750,#751,#875,.T.);
#603=EDGE_CURVE('',#751,#752,#876,.T.);
#604=EDGE_CURVE('',#752,#753,#877,.T.);
#605=EDGE_CURVE('',#753,#754,#878,.T.);
#606=EDGE_CURVE('',#754,#755,#879,.T.);
#607=EDGE_CURVE('',#755,#756,#880,.T.);
#608=EDGE_CURVE('',#756,#757,#881,.T.);
#609=EDGE_CURVE('',#757,#758,#882,.T.);
#610=EDGE_CURVE('',#758,#759,#883,.T.);
#611=EDGE_CURVE('',#759,#760,#884,.T.);
#612=EDGE_CURVE('',#760,#761,#885,.T.);
#613=EDGE_CURVE('',#761,#762,#886,.T.);
#614=EDGE_CURVE('',#762,#743,#887,.T.);
#615=EDGE_CURVE('',#763,#763,#79,.T.);
#616=EDGE_CURVE('',#742,#647,#58,.T.);
#617=EDGE_CURVE('',#764,#764,#80,.T.);
#618=EDGE_CURVE('',#765,#765,#81,.F.);
#619=EDGE_CURVE('',#741,#643,#888,.T.);
#620=EDGE_CURVE('',#755,#695,#889,.F.);
#621=EDGE_CURVE('',#700,#754,#890,.F.);
#622=EDGE_CURVE('',#705,#753,#891,.F.);
#623=EDGE_CURVE('',#756,#690,#892,.F.);
#624=EDGE_CURVE('',#710,#752,#893,.F.);
#625=EDGE_CURVE('',#757,#685,#894,.F.);
#626=EDGE_CURVE('',#715,#751,#895,.F.);
#627=EDGE_CURVE('',#758,#680,#896,.F.);
#628=EDGE_CURVE('',#720,#750,#897,.F.);
#629=EDGE_CURVE('',#759,#675,#898,.F.);
#630=EDGE_CURVE('',#725,#749,#899,.F.);
#631=EDGE_CURVE('',#760,#670,#900,.F.);
#632=EDGE_CURVE('',#730,#748,#901,.F.);
#633=EDGE_CURVE('',#761,#665,#902,.F.);
#634=EDGE_CURVE('',#735,#747,#903,.F.);
#635=EDGE_CURVE('',#762,#660,#904,.F.);
#636=EDGE_CURVE('',#740,#746,#905,.F.);
#637=EDGE_CURVE('',#743,#655,#906,.F.);
#638=EDGE_CURVE('',#644,#745,#907,.F.);
#639=EDGE_CURVE('',#744,#650,#908,.F.);
#640=EDGE_CURVE('',#766,#766,#82,.T.);
#641=EDGE_CURVE('',#767,#767,#83,.T.);
#642=EDGE_CURVE('',#768,#768,#84,.T.);
#643=VERTEX_POINT('',#1469);
#644=VERTEX_POINT('',#1470);
#645=VERTEX_POINT('',#1475);
#646=VERTEX_POINT('',#1480);
#647=VERTEX_POINT('',#1482);
#648=VERTEX_POINT('',#1503);
#649=VERTEX_POINT('',#1508);
#650=VERTEX_POINT('',#1515);
#651=VERTEX_POINT('',#1520);
#652=VERTEX_POINT('',#1525);
#653=VERTEX_POINT('',#1543);
#654=VERTEX_POINT('',#1548);
#655=VERTEX_POINT('',#1555);
#656=VERTEX_POINT('',#1560);
#657=VERTEX_POINT('',#1565);
#658=VERTEX_POINT('',#1583);
#659=VERTEX_POINT('',#1588);
#660=VERTEX_POINT('',#1595);
#661=VERTEX_POINT('',#1600);
#662=VERTEX_POINT('',#1605);
#663=VERTEX_POINT('',#1623);
#664=VERTEX_POINT('',#1628);
#665=VERTEX_POINT('',#1635);
#666=VERTEX_POINT('',#1640);
#667=VERTEX_POINT('',#1645);
#668=VERTEX_POINT('',#1663);
#669=VERTEX_POINT('',#1668);
#670=VERTEX_POINT('',#1675);
#671=VERTEX_POINT('',#1680);
#672=VERTEX_POINT('',#1685);
#673=VERTEX_POINT('',#1703);
#674=VERTEX_POINT('',#1708);
#675=VERTEX_POINT('',#1715);
#676=VERTEX_POINT('',#1720);
#677=VERTEX_POINT('',#1725);
#678=VERTEX_POINT('',#1743);
#679=VERTEX_POINT('',#1748);
#680=VERTEX_POINT('',#1755);
#681=VERTEX_POINT('',#1760);
#682=VERTEX_POINT('',#1765);
#683=VERTEX_POINT('',#1783);
#684=VERTEX_POINT('',#1788);
#685=VERTEX_POINT('',#1795);
#686=VERTEX_POINT('',#1800);
#687=VERTEX_POINT('',#1805);
#688=VERTEX_POINT('',#1823);
#689=VERTEX_POINT('',#1828);
#690=VERTEX_POINT('',#1835);
#691=VERTEX_POINT('',#1840);
#692=VERTEX_POINT('',#1845);
#693=VERTEX_POINT('',#1863);
#694=VERTEX_POINT('',#1868);
#695=VERTEX_POINT('',#1875);
#696=VERTEX_POINT('',#1880);
#697=VERTEX_POINT('',#1885);
#698=VERTEX_POINT('',#1903);
#699=VERTEX_POINT('',#1908);
#700=VERTEX_POINT('',#1915);
#701=VERTEX_POINT('',#1920);
#702=VERTEX_POINT('',#1925);
#703=VERTEX_POINT('',#1943);
#704=VERTEX_POINT('',#1948);
#705=VERTEX_POINT('',#1955);
#706=VERTEX_POINT('',#1960);
#707=VERTEX_POINT('',#1965);
#708=VERTEX_POINT('',#1983);
#709=VERTEX_POINT('',#1988);
#710=VERTEX_POINT('',#1995);
#711=VERTEX_POINT('',#2000);
#712=VERTEX_POINT('',#2005);
#713=VERTEX_POINT('',#2023);
#714=VERTEX_POINT('',#2028);
#715=VERTEX_POINT('',#2035);
#716=VERTEX_POINT('',#2040);
#717=VERTEX_POINT('',#2045);
#718=VERTEX_POINT('',#2063);
#719=VERTEX_POINT('',#2068);
#720=VERTEX_POINT('',#2075);
#721=VERTEX_POINT('',#2080);
#722=VERTEX_POINT('',#2085);
#723=VERTEX_POINT('',#2103);
#724=VERTEX_POINT('',#2108);
#725=VERTEX_POINT('',#2115);
#726=VERTEX_POINT('',#2120);
#727=VERTEX_POINT('',#2125);
#728=VERTEX_POINT('',#2143);
#729=VERTEX_POINT('',#2148);
#730=VERTEX_POINT('',#2155);
#731=VERTEX_POINT('',#2160);
#732=VERTEX_POINT('',#2165);
#733=VERTEX_POINT('',#2183);
#734=VERTEX_POINT('',#2188);
#735=VERTEX_POINT('',#2195);
#736=VERTEX_POINT('',#2200);
#737=VERTEX_POINT('',#2205);
#738=VERTEX_POINT('',#2223);
#739=VERTEX_POINT('',#2228);
#740=VERTEX_POINT('',#2235);
#741=VERTEX_POINT('',#2240);
#742=VERTEX_POINT('',#2245);
#743=VERTEX_POINT('',#2253);
#744=VERTEX_POINT('',#2254);
#745=VERTEX_POINT('',#2260);
#746=VERTEX_POINT('',#2266);
#747=VERTEX_POINT('',#2272);
#748=VERTEX_POINT('',#2278);
#749=VERTEX_POINT('',#2284);
#750=VERTEX_POINT('',#2290);
#751=VERTEX_POINT('',#2296);
#752=VERTEX_POINT('',#2302);
#753=VERTEX_POINT('',#2308);
#754=VERTEX_POINT('',#2314);
#755=VERTEX_POINT('',#2320);
#756=VERTEX_POINT('',#2326);
#757=VERTEX_POINT('',#2332);
#758=VERTEX_POINT('',#2338);
#759=VERTEX_POINT('',#2344);
#760=VERTEX_POINT('',#2350);
#761=VERTEX_POINT('',#2356);
#762=VERTEX_POINT('',#2362);
#763=VERTEX_POINT('',#2370);
#764=VERTEX_POINT('',#2374);
#765=VERTEX_POINT('',#2377);
#766=VERTEX_POINT('',#2936);
#767=VERTEX_POINT('',#2938);
#768=VERTEX_POINT('',#2941);
#769=B_SPLINE_CURVE_WITH_KNOTS('',3,(#1465,#1466,#1467,#1468),
 .UNSPECIFIED.,.F.,.F.,(4,4),(0.,1.),.UNSPECIFIED.);
#770=B_SPLINE_CURVE_WITH_KNOTS('',3,(#1471,#1472,#1473,#1474),
 .UNSPECIFIED.,.F.,.F.,(4,4),(0.,1.),.UNSPECIFIED.);
#771=B_SPLINE_CURVE_WITH_KNOTS('',3,(#1476,#1477,#1478,#1479),
 .UNSPECIFIED.,.F.,.F.,(4,4),(0.00231741161185606,0.0132731928093924),
 .UNSPECIFIED.);
#772=B_SPLINE_CURVE_WITH_KNOTS('',3,(#1483,#1484,#1485,#1486),
 .UNSPECIFIED.,.F.,.F.,(4,4),(0.00120683337736019,0.0121635940403539),
 .UNSPECIFIED.);
#773=B_SPLINE_CURVE_WITH_KNOTS('',3,(#1488,#1489,#1490,#1491,#1492,#1493,
#1494,#1495,#1496,#1497,#1498,#1499,#1500,#1501,#1502),.UNSPECIFIED.,.F.,
 .F.,(4,1,1,1,1,1,1,1,1,1,1,1,4),(0.,0.125,0.1875,0.25,0.3125,0.375,0.5,
0.625,0.6875,0.75,0.8125,0.875,1.),.UNSPECIFIED.);
#774=B_SPLINE_CURVE_WITH_KNOTS('',3,(#1504,#1505,#1506,#1507),
 .UNSPECIFIED.,.F.,.F.,(4,4),(0.00120683337736019,0.0121635940403539),
 .UNSPECIFIED.);
#775=B_SPLINE_CURVE_WITH_KNOTS('',3,(#1511,#1512,#1513,#1514),
 .UNSPECIFIED.,.F.,.F.,(4,4),(0.,1.),.UNSPECIFIED.);
#776=B_SPLINE_CURVE_WITH_KNOTS('',3,(#1516,#1517,#1518,#1519),
 .UNSPECIFIED.,.F.,.F.,(4,4),(0.,1.),.UNSPECIFIED.);
#777=B_SPLINE_CURVE_WITH_KNOTS('',3,(#1521,#1522,#1523,#1524),
 .UNSPECIFIED.,.F.,.F.,(4,4),(0.00231741161185605,0.0132731928093924),
 .UNSPECIFIED.);
#778=B_SPLINE_CURVE_WITH_KNOTS('',3,(#1528,#1529,#1530,#1531,#1532,#1533,
#1534,#1535,#1536,#1537,#1538,#1539,#1540,#1541,#1542),.UNSPECIFIED.,.F.,
 .F.,(4,1,1,1,1,1,1,1,1,1,1,1,4),(0.,0.125,0.1875,0.25,0.3125,0.375,0.5,
0.625,0.6875,0.75,0.8125,0.875,1.),.UNSPECIFIED.);
#779=B_SPLINE_CURVE_WITH_KNOTS('',3,(#1544,#1545,#1546,#1547),
 .UNSPECIFIED.,.F.,.F.,(4,4),(0.00120683337736019,0.0121635940403539),
 .UNSPECIFIED.);
#780=B_SPLINE_CURVE_WITH_KNOTS('',3,(#1551,#1552,#1553,#1554),
 .UNSPECIFIED.,.F.,.F.,(4,4),(0.,1.),.UNSPECIFIED.);
#781=B_SPLINE_CURVE_WITH_KNOTS('',3,(#1556,#1557,#1558,#1559),
 .UNSPECIFIED.,.F.,.F.,(4,4),(0.,1.),.UNSPECIFIED.);
#782=B_SPLINE_CURVE_WITH_KNOTS('',3,(#1561,#1562,#1563,#1564),
 .UNSPECIFIED.,.F.,.F.,(4,4),(0.00231741161185605,0.0132731928093924),
 .UNSPECIFIED.);
#783=B_SPLINE_CURVE_WITH_KNOTS('',3,(#1568,#1569,#1570,#1571,#1572,#1573,
#1574,#1575,#1576,#1577,#1578,#1579,#1580,#1581,#1582),.UNSPECIFIED.,.F.,
 .F.,(4,1,1,1,1,1,1,1,1,1,1,1,4),(0.,0.125,0.1875,0.25,0.3125,0.375,0.5,
0.625,0.6875,0.75,0.8125,0.875,1.),.UNSPECIFIED.);
#784=B_SPLINE_CURVE_WITH_KNOTS('',3,(#1584,#1585,#1586,#1587),
 .UNSPECIFIED.,.F.,.F.,(4,4),(0.00120683337736019,0.0121635940403539),
 .UNSPECIFIED.);
#785=B_SPLINE_CURVE_WITH_KNOTS('',3,(#1591,#1592,#1593,#1594),
 .UNSPECIFIED.,.F.,.F.,(4,4),(0.,1.),.UNSPECIFIED.);
#786=B_SPLINE_CURVE_WITH_KNOTS('',3,(#1596,#1597,#1598,#1599),
 .UNSPECIFIED.,.F.,.F.,(4,4),(0.,1.),.UNSPECIFIED.);
#787=B_SPLINE_CURVE_WITH_KNOTS('',3,(#1601,#1602,#1603,#1604),
 .UNSPECIFIED.,.F.,.F.,(4,4),(0.00231741161185605,0.0132731928093924),
 .UNSPECIFIED.);
#788=B_SPLINE_CURVE_WITH_KNOTS('',3,(#1608,#1609,#1610,#1611,#1612,#1613,
#1614,#1615,#1616,#1617,#1618,#1619,#1620,#1621,#1622),.UNSPECIFIED.,.F.,
 .F.,(4,1,1,1,1,1,1,1,1,1,1,1,4),(0.,0.125,0.1875,0.25,0.3125,0.375,0.5,
0.625,0.6875,0.75,0.8125,0.875,1.),.UNSPECIFIED.);
#789=B_SPLINE_CURVE_WITH_KNOTS('',3,(#1624,#1625,#1626,#1627),
 .UNSPECIFIED.,.F.,.F.,(4,4),(0.00120683337736019,0.0121635940403539),
 .UNSPECIFIED.);
#790=B_SPLINE_CURVE_WITH_KNOTS('',3,(#1631,#1632,#1633,#1634),
 .UNSPECIFIED.,.F.,.F.,(4,4),(0.,1.),.UNSPECIFIED.);
#791=B_SPLINE_CURVE_WITH_KNOTS('',3,(#1636,#1637,#1638,#1639),
 .UNSPECIFIED.,.F.,.F.,(4,4),(0.,1.),.UNSPECIFIED.);
#792=B_SPLINE_CURVE_WITH_KNOTS('',3,(#1641,#1642,#1643,#1644),
 .UNSPECIFIED.,.F.,.F.,(4,4),(0.00231741161185605,0.0132731928093924),
 .UNSPECIFIED.);
#793=B_SPLINE_CURVE_WITH_KNOTS('',3,(#1648,#1649,#1650,#1651,#1652,#1653,
#1654,#1655,#1656,#1657,#1658,#1659,#1660,#1661,#1662),.UNSPECIFIED.,.F.,
 .F.,(4,1,1,1,1,1,1,1,1,1,1,1,4),(0.,0.125,0.1875,0.25,0.3125,0.375,0.5,
0.625,0.6875,0.75,0.8125,0.875,1.),.UNSPECIFIED.);
#794=B_SPLINE_CURVE_WITH_KNOTS('',3,(#1664,#1665,#1666,#1667),
 .UNSPECIFIED.,.F.,.F.,(4,4),(0.00120683337736019,0.0121635940403539),
 .UNSPECIFIED.);
#795=B_SPLINE_CURVE_WITH_KNOTS('',3,(#1671,#1672,#1673,#1674),
 .UNSPECIFIED.,.F.,.F.,(4,4),(0.,1.),.UNSPECIFIED.);
#796=B_SPLINE_CURVE_WITH_KNOTS('',3,(#1676,#1677,#1678,#1679),
 .UNSPECIFIED.,.F.,.F.,(4,4),(0.,1.),.UNSPECIFIED.);
#797=B_SPLINE_CURVE_WITH_KNOTS('',3,(#1681,#1682,#1683,#1684),
 .UNSPECIFIED.,.F.,.F.,(4,4),(0.00231741161185605,0.0132731928093924),
 .UNSPECIFIED.);
#798=B_SPLINE_CURVE_WITH_KNOTS('',3,(#1688,#1689,#1690,#1691,#1692,#1693,
#1694,#1695,#1696,#1697,#1698,#1699,#1700,#1701,#1702),.UNSPECIFIED.,.F.,
 .F.,(4,1,1,1,1,1,1,1,1,1,1,1,4),(0.,0.125,0.1875,0.25,0.3125,0.375,0.5,
0.625,0.6875,0.75,0.8125,0.875,1.),.UNSPECIFIED.);
#799=B_SPLINE_CURVE_WITH_KNOTS('',3,(#1704,#1705,#1706,#1707),
 .UNSPECIFIED.,.F.,.F.,(4,4),(0.00120683337736019,0.0121635940403539),
 .UNSPECIFIED.);
#800=B_SPLINE_CURVE_WITH_KNOTS('',3,(#1711,#1712,#1713,#1714),
 .UNSPECIFIED.,.F.,.F.,(4,4),(0.,1.),.UNSPECIFIED.);
#801=B_SPLINE_CURVE_WITH_KNOTS('',3,(#1716,#1717,#1718,#1719),
 .UNSPECIFIED.,.F.,.F.,(4,4),(0.,1.),.UNSPECIFIED.);
#802=B_SPLINE_CURVE_WITH_KNOTS('',3,(#1721,#1722,#1723,#1724),
 .UNSPECIFIED.,.F.,.F.,(4,4),(0.00231741161185605,0.0132731928093924),
 .UNSPECIFIED.);
#803=B_SPLINE_CURVE_WITH_KNOTS('',3,(#1728,#1729,#1730,#1731,#1732,#1733,
#1734,#1735,#1736,#1737,#1738,#1739,#1740,#1741,#1742),.UNSPECIFIED.,.F.,
 .F.,(4,1,1,1,1,1,1,1,1,1,1,1,4),(0.,0.125,0.1875,0.25,0.3125,0.375,0.5,
0.625,0.6875,0.75,0.8125,0.875,1.),.UNSPECIFIED.);
#804=B_SPLINE_CURVE_WITH_KNOTS('',3,(#1744,#1745,#1746,#1747),
 .UNSPECIFIED.,.F.,.F.,(4,4),(0.00120683337736019,0.012163594040354),
 .UNSPECIFIED.);
#805=B_SPLINE_CURVE_WITH_KNOTS('',3,(#1751,#1752,#1753,#1754),
 .UNSPECIFIED.,.F.,.F.,(4,4),(0.,1.),.UNSPECIFIED.);
#806=B_SPLINE_CURVE_WITH_KNOTS('',3,(#1756,#1757,#1758,#1759),
 .UNSPECIFIED.,.F.,.F.,(4,4),(0.,1.),.UNSPECIFIED.);
#807=B_SPLINE_CURVE_WITH_KNOTS('',3,(#1761,#1762,#1763,#1764),
 .UNSPECIFIED.,.F.,.F.,(4,4),(0.00231741161185605,0.0132731928093924),
 .UNSPECIFIED.);
#808=B_SPLINE_CURVE_WITH_KNOTS('',3,(#1768,#1769,#1770,#1771,#1772,#1773,
#1774,#1775,#1776,#1777,#1778,#1779,#1780,#1781,#1782),.UNSPECIFIED.,.F.,
 .F.,(4,1,1,1,1,1,1,1,1,1,1,1,4),(0.,0.125,0.1875,0.25,0.3125,0.375,0.5,
0.625,0.6875,0.75,0.8125,0.875,1.),.UNSPECIFIED.);
#809=B_SPLINE_CURVE_WITH_KNOTS('',3,(#1784,#1785,#1786,#1787),
 .UNSPECIFIED.,.F.,.F.,(4,4),(0.00120683337736019,0.0121635940403539),
 .UNSPECIFIED.);
#810=B_SPLINE_CURVE_WITH_KNOTS('',3,(#1791,#1792,#1793,#1794),
 .UNSPECIFIED.,.F.,.F.,(4,4),(0.,1.),.UNSPECIFIED.);
#811=B_SPLINE_CURVE_WITH_KNOTS('',3,(#1796,#1797,#1798,#1799),
 .UNSPECIFIED.,.F.,.F.,(4,4),(0.,1.),.UNSPECIFIED.);
#812=B_SPLINE_CURVE_WITH_KNOTS('',3,(#1801,#1802,#1803,#1804),
 .UNSPECIFIED.,.F.,.F.,(4,4),(0.00231741161185605,0.0132731928093924),
 .UNSPECIFIED.);
#813=B_SPLINE_CURVE_WITH_KNOTS('',3,(#1808,#1809,#1810,#1811,#1812,#1813,
#1814,#1815,#1816,#1817,#1818,#1819,#1820,#1821,#1822),.UNSPECIFIED.,.F.,
 .F.,(4,1,1,1,1,1,1,1,1,1,1,1,4),(0.,0.125,0.1875,0.25,0.3125,0.375,0.5,
0.625,0.6875,0.75,0.8125,0.875,1.),.UNSPECIFIED.);
#814=B_SPLINE_CURVE_WITH_KNOTS('',3,(#1824,#1825,#1826,#1827),
 .UNSPECIFIED.,.F.,.F.,(4,4),(0.00120683337736019,0.0121635940403538),
 .UNSPECIFIED.);
#815=B_SPLINE_CURVE_WITH_KNOTS('',3,(#1831,#1832,#1833,#1834),
 .UNSPECIFIED.,.F.,.F.,(4,4),(0.,1.),.UNSPECIFIED.);
#816=B_SPLINE_CURVE_WITH_KNOTS('',3,(#1836,#1837,#1838,#1839),
 .UNSPECIFIED.,.F.,.F.,(4,4),(0.,1.),.UNSPECIFIED.);
#817=B_SPLINE_CURVE_WITH_KNOTS('',3,(#1841,#1842,#1843,#1844),
 .UNSPECIFIED.,.F.,.F.,(4,4),(0.00231741161185606,0.0132731928093924),
 .UNSPECIFIED.);
#818=B_SPLINE_CURVE_WITH_KNOTS('',3,(#1848,#1849,#1850,#1851,#1852,#1853,
#1854,#1855,#1856,#1857,#1858,#1859,#1860,#1861,#1862),.UNSPECIFIED.,.F.,
 .F.,(4,1,1,1,1,1,1,1,1,1,1,1,4),(0.,0.125,0.1875,0.25,0.3125,0.375,0.5,
0.625,0.6875,0.75,0.8125,0.875,1.),.UNSPECIFIED.);
#819=B_SPLINE_CURVE_WITH_KNOTS('',3,(#1864,#1865,#1866,#1867),
 .UNSPECIFIED.,.F.,.F.,(4,4),(0.00120683337736019,0.0121635940403539),
 .UNSPECIFIED.);
#820=B_SPLINE_CURVE_WITH_KNOTS('',3,(#1871,#1872,#1873,#1874),
 .UNSPECIFIED.,.F.,.F.,(4,4),(0.,1.),.UNSPECIFIED.);
#821=B_SPLINE_CURVE_WITH_KNOTS('',3,(#1876,#1877,#1878,#1879),
 .UNSPECIFIED.,.F.,.F.,(4,4),(0.,1.),.UNSPECIFIED.);
#822=B_SPLINE_CURVE_WITH_KNOTS('',3,(#1881,#1882,#1883,#1884),
 .UNSPECIFIED.,.F.,.F.,(4,4),(0.00231741161185605,0.0132731928093924),
 .UNSPECIFIED.);
#823=B_SPLINE_CURVE_WITH_KNOTS('',3,(#1888,#1889,#1890,#1891,#1892,#1893,
#1894,#1895,#1896,#1897,#1898,#1899,#1900,#1901,#1902),.UNSPECIFIED.,.F.,
 .F.,(4,1,1,1,1,1,1,1,1,1,1,1,4),(0.,0.125,0.1875,0.25,0.3125,0.375,0.5,
0.625,0.6875,0.75,0.8125,0.875,1.),.UNSPECIFIED.);
#824=B_SPLINE_CURVE_WITH_KNOTS('',3,(#1904,#1905,#1906,#1907),
 .UNSPECIFIED.,.F.,.F.,(4,4),(0.00120683337736019,0.0121635940403539),
 .UNSPECIFIED.);
#825=B_SPLINE_CURVE_WITH_KNOTS('',3,(#1911,#1912,#1913,#1914),
 .UNSPECIFIED.,.F.,.F.,(4,4),(0.,1.),.UNSPECIFIED.);
#826=B_SPLINE_CURVE_WITH_KNOTS('',3,(#1916,#1917,#1918,#1919),
 .UNSPECIFIED.,.F.,.F.,(4,4),(0.,1.),.UNSPECIFIED.);
#827=B_SPLINE_CURVE_WITH_KNOTS('',3,(#1921,#1922,#1923,#1924),
 .UNSPECIFIED.,.F.,.F.,(4,4),(0.00231741161185605,0.0132731928093924),
 .UNSPECIFIED.);
#828=B_SPLINE_CURVE_WITH_KNOTS('',3,(#1928,#1929,#1930,#1931,#1932,#1933,
#1934,#1935,#1936,#1937,#1938,#1939,#1940,#1941,#1942),.UNSPECIFIED.,.F.,
 .F.,(4,1,1,1,1,1,1,1,1,1,1,1,4),(0.,0.125,0.1875,0.25,0.3125,0.375,0.5,
0.625,0.6875,0.75,0.8125,0.875,1.),.UNSPECIFIED.);
#829=B_SPLINE_CURVE_WITH_KNOTS('',3,(#1944,#1945,#1946,#1947),
 .UNSPECIFIED.,.F.,.F.,(4,4),(0.00120683337736019,0.012163594040354),
 .UNSPECIFIED.);
#830=B_SPLINE_CURVE_WITH_KNOTS('',3,(#1951,#1952,#1953,#1954),
 .UNSPECIFIED.,.F.,.F.,(4,4),(0.,1.),.UNSPECIFIED.);
#831=B_SPLINE_CURVE_WITH_KNOTS('',3,(#1956,#1957,#1958,#1959),
 .UNSPECIFIED.,.F.,.F.,(4,4),(0.,1.),.UNSPECIFIED.);
#832=B_SPLINE_CURVE_WITH_KNOTS('',3,(#1961,#1962,#1963,#1964),
 .UNSPECIFIED.,.F.,.F.,(4,4),(0.00231741161185607,0.0132731928093924),
 .UNSPECIFIED.);
#833=B_SPLINE_CURVE_WITH_KNOTS('',3,(#1968,#1969,#1970,#1971,#1972,#1973,
#1974,#1975,#1976,#1977,#1978,#1979,#1980,#1981,#1982),.UNSPECIFIED.,.F.,
 .F.,(4,1,1,1,1,1,1,1,1,1,1,1,4),(0.,0.125,0.1875,0.25,0.3125,0.375,0.5,
0.625,0.6875,0.75,0.8125,0.875,1.),.UNSPECIFIED.);
#834=B_SPLINE_CURVE_WITH_KNOTS('',3,(#1984,#1985,#1986,#1987),
 .UNSPECIFIED.,.F.,.F.,(4,4),(0.00120683337736019,0.0121635940403539),
 .UNSPECIFIED.);
#835=B_SPLINE_CURVE_WITH_KNOTS('',3,(#1991,#1992,#1993,#1994),
 .UNSPECIFIED.,.F.,.F.,(4,4),(0.,1.),.UNSPECIFIED.);
#836=B_SPLINE_CURVE_WITH_KNOTS('',3,(#1996,#1997,#1998,#1999),
 .UNSPECIFIED.,.F.,.F.,(4,4),(0.,1.),.UNSPECIFIED.);
#837=B_SPLINE_CURVE_WITH_KNOTS('',3,(#2001,#2002,#2003,#2004),
 .UNSPECIFIED.,.F.,.F.,(4,4),(0.00231741161185605,0.0132731928093924),
 .UNSPECIFIED.);
#838=B_SPLINE_CURVE_WITH_KNOTS('',3,(#2008,#2009,#2010,#2011,#2012,#2013,
#2014,#2015,#2016,#2017,#2018,#2019,#2020,#2021,#2022),.UNSPECIFIED.,.F.,
 .F.,(4,1,1,1,1,1,1,1,1,1,1,1,4),(0.,0.125,0.1875,0.25,0.3125,0.375,0.5,
0.625,0.6875,0.75,0.8125,0.875,1.),.UNSPECIFIED.);
#839=B_SPLINE_CURVE_WITH_KNOTS('',3,(#2024,#2025,#2026,#2027),
 .UNSPECIFIED.,.F.,.F.,(4,4),(0.00120683337736019,0.0121635940403539),
 .UNSPECIFIED.);
#840=B_SPLINE_CURVE_WITH_KNOTS('',3,(#2031,#2032,#2033,#2034),
 .UNSPECIFIED.,.F.,.F.,(4,4),(0.,1.),.UNSPECIFIED.);
#841=B_SPLINE_CURVE_WITH_KNOTS('',3,(#2036,#2037,#2038,#2039),
 .UNSPECIFIED.,.F.,.F.,(4,4),(0.,1.),.UNSPECIFIED.);
#842=B_SPLINE_CURVE_WITH_KNOTS('',3,(#2041,#2042,#2043,#2044),
 .UNSPECIFIED.,.F.,.F.,(4,4),(0.00231741161185606,0.0132731928093924),
 .UNSPECIFIED.);
#843=B_SPLINE_CURVE_WITH_KNOTS('',3,(#2048,#2049,#2050,#2051,#2052,#2053,
#2054,#2055,#2056,#2057,#2058,#2059,#2060,#2061,#2062),.UNSPECIFIED.,.F.,
 .F.,(4,1,1,1,1,1,1,1,1,1,1,1,4),(0.,0.125,0.1875,0.25,0.3125,0.375,0.5,
0.625,0.6875,0.75,0.8125,0.875,1.),.UNSPECIFIED.);
#844=B_SPLINE_CURVE_WITH_KNOTS('',3,(#2064,#2065,#2066,#2067),
 .UNSPECIFIED.,.F.,.F.,(4,4),(0.00120683337736019,0.0121635940403539),
 .UNSPECIFIED.);
#845=B_SPLINE_CURVE_WITH_KNOTS('',3,(#2071,#2072,#2073,#2074),
 .UNSPECIFIED.,.F.,.F.,(4,4),(0.,1.),.UNSPECIFIED.);
#846=B_SPLINE_CURVE_WITH_KNOTS('',3,(#2076,#2077,#2078,#2079),
 .UNSPECIFIED.,.F.,.F.,(4,4),(0.,1.),.UNSPECIFIED.);
#847=B_SPLINE_CURVE_WITH_KNOTS('',3,(#2081,#2082,#2083,#2084),
 .UNSPECIFIED.,.F.,.F.,(4,4),(0.00231741161185605,0.0132731928093924),
 .UNSPECIFIED.);
#848=B_SPLINE_CURVE_WITH_KNOTS('',3,(#2088,#2089,#2090,#2091,#2092,#2093,
#2094,#2095,#2096,#2097,#2098,#2099,#2100,#2101,#2102),.UNSPECIFIED.,.F.,
 .F.,(4,1,1,1,1,1,1,1,1,1,1,1,4),(0.,0.125,0.1875,0.25,0.3125,0.375,0.5,
0.625,0.6875,0.75,0.8125,0.875,1.),.UNSPECIFIED.);
#849=B_SPLINE_CURVE_WITH_KNOTS('',3,(#2104,#2105,#2106,#2107),
 .UNSPECIFIED.,.F.,.F.,(4,4),(0.00120683337736019,0.0121635940403539),
 .UNSPECIFIED.);
#850=B_SPLINE_CURVE_WITH_KNOTS('',3,(#2111,#2112,#2113,#2114),
 .UNSPECIFIED.,.F.,.F.,(4,4),(0.,1.),.UNSPECIFIED.);
#851=B_SPLINE_CURVE_WITH_KNOTS('',3,(#2116,#2117,#2118,#2119),
 .UNSPECIFIED.,.F.,.F.,(4,4),(0.,1.),.UNSPECIFIED.);
#852=B_SPLINE_CURVE_WITH_KNOTS('',3,(#2121,#2122,#2123,#2124),
 .UNSPECIFIED.,.F.,.F.,(4,4),(0.00231741161185605,0.0132731928093924),
 .UNSPECIFIED.);
#853=B_SPLINE_CURVE_WITH_KNOTS('',3,(#2128,#2129,#2130,#2131,#2132,#2133,
#2134,#2135,#2136,#2137,#2138,#2139,#2140,#2141,#2142),.UNSPECIFIED.,.F.,
 .F.,(4,1,1,1,1,1,1,1,1,1,1,1,4),(0.,0.125,0.1875,0.25,0.3125,0.375,0.5,
0.625,0.6875,0.75,0.8125,0.875,1.),.UNSPECIFIED.);
#854=B_SPLINE_CURVE_WITH_KNOTS('',3,(#2144,#2145,#2146,#2147),
 .UNSPECIFIED.,.F.,.F.,(4,4),(0.00120683337736019,0.0121635940403539),
 .UNSPECIFIED.);
#855=B_SPLINE_CURVE_WITH_KNOTS('',3,(#2151,#2152,#2153,#2154),
 .UNSPECIFIED.,.F.,.F.,(4,4),(0.,1.),.UNSPECIFIED.);
#856=B_SPLINE_CURVE_WITH_KNOTS('',3,(#2156,#2157,#2158,#2159),
 .UNSPECIFIED.,.F.,.F.,(4,4),(0.,1.),.UNSPECIFIED.);
#857=B_SPLINE_CURVE_WITH_KNOTS('',3,(#2161,#2162,#2163,#2164),
 .UNSPECIFIED.,.F.,.F.,(4,4),(0.00231741161185605,0.0132731928093924),
 .UNSPECIFIED.);
#858=B_SPLINE_CURVE_WITH_KNOTS('',3,(#2168,#2169,#2170,#2171,#2172,#2173,
#2174,#2175,#2176,#2177,#2178,#2179,#2180,#2181,#2182),.UNSPECIFIED.,.F.,
 .F.,(4,1,1,1,1,1,1,1,1,1,1,1,4),(0.,0.125,0.1875,0.25,0.3125,0.375,0.5,
0.625,0.6875,0.75,0.8125,0.875,1.),.UNSPECIFIED.);
#859=B_SPLINE_CURVE_WITH_KNOTS('',3,(#2184,#2185,#2186,#2187),
 .UNSPECIFIED.,.F.,.F.,(4,4),(0.00120683337736019,0.012163594040354),
 .UNSPECIFIED.);
#860=B_SPLINE_CURVE_WITH_KNOTS('',3,(#2191,#2192,#2193,#2194),
 .UNSPECIFIED.,.F.,.F.,(4,4),(0.,1.),.UNSPECIFIED.);
#861=B_SPLINE_CURVE_WITH_KNOTS('',3,(#2196,#2197,#2198,#2199),
 .UNSPECIFIED.,.F.,.F.,(4,4),(0.,1.),.UNSPECIFIED.);
#862=B_SPLINE_CURVE_WITH_KNOTS('',3,(#2201,#2202,#2203,#2204),
 .UNSPECIFIED.,.F.,.F.,(4,4),(0.00231741161185606,0.0132731928093924),
 .UNSPECIFIED.);
#863=B_SPLINE_CURVE_WITH_KNOTS('',3,(#2208,#2209,#2210,#2211,#2212,#2213,
#2214,#2215,#2216,#2217,#2218,#2219,#2220,#2221,#2222),.UNSPECIFIED.,.F.,
 .F.,(4,1,1,1,1,1,1,1,1,1,1,1,4),(0.,0.125,0.1875,0.25,0.3125,0.375,0.5,
0.625,0.6875,0.75,0.8125,0.875,1.),.UNSPECIFIED.);
#864=B_SPLINE_CURVE_WITH_KNOTS('',3,(#2224,#2225,#2226,#2227),
 .UNSPECIFIED.,.F.,.F.,(4,4),(0.00120683337736019,0.0121635940403539),
 .UNSPECIFIED.);
#865=B_SPLINE_CURVE_WITH_KNOTS('',3,(#2231,#2232,#2233,#2234),
 .UNSPECIFIED.,.F.,.F.,(4,4),(0.,1.),.UNSPECIFIED.);
#866=B_SPLINE_CURVE_WITH_KNOTS('',3,(#2236,#2237,#2238,#2239),
 .UNSPECIFIED.,.F.,.F.,(4,4),(0.,1.),.UNSPECIFIED.);
#867=B_SPLINE_CURVE_WITH_KNOTS('',3,(#2241,#2242,#2243,#2244),
 .UNSPECIFIED.,.F.,.F.,(4,4),(0.00231741161185606,0.0132731928093924),
 .UNSPECIFIED.);
#868=B_SPLINE_CURVE_WITH_KNOTS('',3,(#2248,#2249,#2250,#2251,#2252),
 .UNSPECIFIED.,.F.,.F.,(4,1,4),(0.,0.5,1.),.UNSPECIFIED.);
#869=B_SPLINE_CURVE_WITH_KNOTS('',3,(#2255,#2256,#2257,#2258,#2259),
 .UNSPECIFIED.,.F.,.F.,(4,1,4),(0.,0.5,1.),.UNSPECIFIED.);
#870=B_SPLINE_CURVE_WITH_KNOTS('',3,(#2261,#2262,#2263,#2264,#2265),
 .UNSPECIFIED.,.F.,.F.,(4,1,4),(0.,0.5,1.),.UNSPECIFIED.);
#871=B_SPLINE_CURVE_WITH_KNOTS('',3,(#2267,#2268,#2269,#2270,#2271),
 .UNSPECIFIED.,.F.,.F.,(4,1,4),(0.,0.5,1.),.UNSPECIFIED.);
#872=B_SPLINE_CURVE_WITH_KNOTS('',3,(#2273,#2274,#2275,#2276,#2277),
 .UNSPECIFIED.,.F.,.F.,(4,1,4),(0.,0.5,1.),.UNSPECIFIED.);
#873=B_SPLINE_CURVE_WITH_KNOTS('',3,(#2279,#2280,#2281,#2282,#2283),
 .UNSPECIFIED.,.F.,.F.,(4,1,4),(0.,0.5,1.),.UNSPECIFIED.);
#874=B_SPLINE_CURVE_WITH_KNOTS('',3,(#2285,#2286,#2287,#2288,#2289),
 .UNSPECIFIED.,.F.,.F.,(4,1,4),(0.,0.5,1.),.UNSPECIFIED.);
#875=B_SPLINE_CURVE_WITH_KNOTS('',3,(#2291,#2292,#2293,#2294,#2295),
 .UNSPECIFIED.,.F.,.F.,(4,1,4),(0.,0.5,1.),.UNSPECIFIED.);
#876=B_SPLINE_CURVE_WITH_KNOTS('',3,(#2297,#2298,#2299,#2300,#2301),
 .UNSPECIFIED.,.F.,.F.,(4,1,4),(0.,0.5,1.),.UNSPECIFIED.);
#877=B_SPLINE_CURVE_WITH_KNOTS('',3,(#2303,#2304,#2305,#2306,#2307),
 .UNSPECIFIED.,.F.,.F.,(4,1,4),(0.,0.5,1.),.UNSPECIFIED.);
#878=B_SPLINE_CURVE_WITH_KNOTS('',3,(#2309,#2310,#2311,#2312,#2313),
 .UNSPECIFIED.,.F.,.F.,(4,1,4),(0.,0.5,1.),.UNSPECIFIED.);
#879=B_SPLINE_CURVE_WITH_KNOTS('',3,(#2315,#2316,#2317,#2318,#2319),
 .UNSPECIFIED.,.F.,.F.,(4,1,4),(0.,0.5,1.),.UNSPECIFIED.);
#880=B_SPLINE_CURVE_WITH_KNOTS('',3,(#2321,#2322,#2323,#2324,#2325),
 .UNSPECIFIED.,.F.,.F.,(4,1,4),(0.,0.5,1.),.UNSPECIFIED.);
#881=B_SPLINE_CURVE_WITH_KNOTS('',3,(#2327,#2328,#2329,#2330,#2331),
 .UNSPECIFIED.,.F.,.F.,(4,1,4),(0.,0.5,1.),.UNSPECIFIED.);
#882=B_SPLINE_CURVE_WITH_KNOTS('',3,(#2333,#2334,#2335,#2336,#2337),
 .UNSPECIFIED.,.F.,.F.,(4,1,4),(0.,0.5,1.),.UNSPECIFIED.);
#883=B_SPLINE_CURVE_WITH_KNOTS('',3,(#2339,#2340,#2341,#2342,#2343),
 .UNSPECIFIED.,.F.,.F.,(4,1,4),(0.,0.5,1.),.UNSPECIFIED.);
#884=B_SPLINE_CURVE_WITH_KNOTS('',3,(#2345,#2346,#2347,#2348,#2349),
 .UNSPECIFIED.,.F.,.F.,(4,1,4),(0.,0.5,1.),.UNSPECIFIED.);
#885=B_SPLINE_CURVE_WITH_KNOTS('',3,(#2351,#2352,#2353,#2354,#2355),
 .UNSPECIFIED.,.F.,.F.,(4,1,4),(0.,0.5,1.),.UNSPECIFIED.);
#886=B_SPLINE_CURVE_WITH_KNOTS('',3,(#2357,#2358,#2359,#2360,#2361),
 .UNSPECIFIED.,.F.,.F.,(4,1,4),(0.,0.5,1.),.UNSPECIFIED.);
#887=B_SPLINE_CURVE_WITH_KNOTS('',3,(#2363,#2364,#2365,#2366,#2367),
 .UNSPECIFIED.,.F.,.F.,(4,1,4),(0.,0.5,1.),.UNSPECIFIED.);
#888=B_SPLINE_CURVE_WITH_KNOTS('',3,(#2379,#2380,#2381,#2382,#2383,#2384,
#2385,#2386,#2387,#2388,#2389,#2390,#2391,#2392,#2393),.UNSPECIFIED.,.F.,
 .F.,(4,1,1,1,1,1,1,1,1,1,1,1,4),(0.,0.125,0.1875,0.25,0.3125,0.375,0.5,
0.625,0.6875,0.75,0.8125,0.875,1.),.UNSPECIFIED.);
#889=B_SPLINE_CURVE_WITH_KNOTS('',3,(#2414,#2415,#2416,#2417,#2418,#2419,
#2420),.UNSPECIFIED.,.F.,.F.,(4,1,1,1,4),(0.,0.25,0.5,0.75,1.),
 .UNSPECIFIED.);
#890=B_SPLINE_CURVE_WITH_KNOTS('',3,(#2421,#2422,#2423,#2424,#2425,#2426,
#2427),.UNSPECIFIED.,.F.,.F.,(4,1,1,1,4),(0.,0.25,0.5,0.75,1.),
 .UNSPECIFIED.);
#891=B_SPLINE_CURVE_WITH_KNOTS('',3,(#2448,#2449,#2450,#2451,#2452,#2453,
#2454),.UNSPECIFIED.,.F.,.F.,(4,1,1,1,4),(0.,0.25,0.5,0.75,1.),
 .UNSPECIFIED.);
#892=B_SPLINE_CURVE_WITH_KNOTS('',3,(#2475,#2476,#2477,#2478,#2479,#2480,
#2481),.UNSPECIFIED.,.F.,.F.,(4,1,1,1,4),(0.,0.25,0.5,0.75,1.),
 .UNSPECIFIED.);
#893=B_SPLINE_CURVE_WITH_KNOTS('',3,(#2502,#2503,#2504,#2505,#2506,#2507,
#2508),.UNSPECIFIED.,.F.,.F.,(4,1,1,1,4),(0.,0.25,0.5,0.75,1.),
 .UNSPECIFIED.);
#894=B_SPLINE_CURVE_WITH_KNOTS('',3,(#2529,#2530,#2531,#2532,#2533,#2534,
#2535),.UNSPECIFIED.,.F.,.F.,(4,1,1,1,4),(0.,0.25,0.5,0.75,1.),
 .UNSPECIFIED.);
#895=B_SPLINE_CURVE_WITH_KNOTS('',3,(#2556,#2557,#2558,#2559,#2560,#2561,
#2562),.UNSPECIFIED.,.F.,.F.,(4,1,1,1,4),(0.,0.25,0.5,0.75,1.),
 .UNSPECIFIED.);
#896=B_SPLINE_CURVE_WITH_KNOTS('',3,(#2583,#2584,#2585,#2586,#2587,#2588,
#2589),.UNSPECIFIED.,.F.,.F.,(4,1,1,1,4),(0.,0.25,0.5,0.75,1.),
 .UNSPECIFIED.);
#897=B_SPLINE_CURVE_WITH_KNOTS('',3,(#2610,#2611,#2612,#2613,#2614,#2615,
#2616),.UNSPECIFIED.,.F.,.F.,(4,1,1,1,4),(0.,0.25,0.5,0.75,1.),
 .UNSPECIFIED.);
#898=B_SPLINE_CURVE_WITH_KNOTS('',3,(#2637,#2638,#2639,#2640,#2641,#2642,
#2643),.UNSPECIFIED.,.F.,.F.,(4,1,1,1,4),(0.,0.25,0.5,0.75,1.),
 .UNSPECIFIED.);
#899=B_SPLINE_CURVE_WITH_KNOTS('',3,(#2664,#2665,#2666,#2667,#2668,#2669,
#2670),.UNSPECIFIED.,.F.,.F.,(4,1,1,1,4),(0.,0.25,0.5,0.75,1.),
 .UNSPECIFIED.);
#900=B_SPLINE_CURVE_WITH_KNOTS('',3,(#2691,#2692,#2693,#2694,#2695,#2696,
#2697),.UNSPECIFIED.,.F.,.F.,(4,1,1,1,4),(0.,0.25,0.5,0.75,1.),
 .UNSPECIFIED.);
#901=B_SPLINE_CURVE_WITH_KNOTS('',3,(#2718,#2719,#2720,#2721,#2722,#2723,
#2724),.UNSPECIFIED.,.F.,.F.,(4,1,1,1,4),(0.,0.25,0.5,0.75,1.),
 .UNSPECIFIED.);
#902=B_SPLINE_CURVE_WITH_KNOTS('',3,(#2745,#2746,#2747,#2748,#2749,#2750,
#2751),.UNSPECIFIED.,.F.,.F.,(4,1,1,1,4),(0.,0.25,0.5,0.75,1.),
 .UNSPECIFIED.);
#903=B_SPLINE_CURVE_WITH_KNOTS('',3,(#2772,#2773,#2774,#2775,#2776,#2777,
#2778),.UNSPECIFIED.,.F.,.F.,(4,1,1,1,4),(0.,0.25,0.5,0.75,1.),
 .UNSPECIFIED.);
#904=B_SPLINE_CURVE_WITH_KNOTS('',3,(#2799,#2800,#2801,#2802,#2803,#2804,
#2805),.UNSPECIFIED.,.F.,.F.,(4,1,1,1,4),(0.,0.25,0.5,0.75,1.),
 .UNSPECIFIED.);
#905=B_SPLINE_CURVE_WITH_KNOTS('',3,(#2826,#2827,#2828,#2829,#2830,#2831,
#2832),.UNSPECIFIED.,.F.,.F.,(4,1,1,1,4),(0.,0.25,0.5,0.75,1.),
 .UNSPECIFIED.);
#906=B_SPLINE_CURVE_WITH_KNOTS('',3,(#2853,#2854,#2855,#2856,#2857,#2858,
#2859),.UNSPECIFIED.,.F.,.F.,(4,1,1,1,4),(0.,0.25,0.5,0.75,1.),
 .UNSPECIFIED.);
#907=B_SPLINE_CURVE_WITH_KNOTS('',3,(#2880,#2881,#2882,#2883,#2884,#2885,
#2886),.UNSPECIFIED.,.F.,.F.,(4,1,1,1,4),(0.,0.25,0.5,0.75,1.),
 .UNSPECIFIED.);
#908=B_SPLINE_CURVE_WITH_KNOTS('',3,(#2907,#2908,#2909,#2910,#2911,#2912,
#2913),.UNSPECIFIED.,.F.,.F.,(4,1,1,1,4),(0.,0.25,0.5,0.75,1.),
 .UNSPECIFIED.);
#909=EDGE_LOOP('',(#85,#86,#87,#88,#89));
#910=EDGE_LOOP('',(#90,#91,#92,#93));
#911=EDGE_LOOP('',(#94,#95,#96,#97,#98));
#912=EDGE_LOOP('',(#99,#100,#101,#102));
#913=EDGE_LOOP('',(#103,#104,#105,#106,#107));
#914=EDGE_LOOP('',(#108,#109,#110,#111));
#915=EDGE_LOOP('',(#112,#113,#114,#115,#116));
#916=EDGE_LOOP('',(#117,#118,#119,#120));
#917=EDGE_LOOP('',(#121,#122,#123,#124,#125));
#918=EDGE_LOOP('',(#126,#127,#128,#129));
#919=EDGE_LOOP('',(#130,#131,#132,#133,#134));
#920=EDGE_LOOP('',(#135,#136,#137,#138));
#921=EDGE_LOOP('',(#139,#140,#141,#142,#143));
#922=EDGE_LOOP('',(#144,#145,#146,#147));
#923=EDGE_LOOP('',(#148,#149,#150,#151,#152));
#924=EDGE_LOOP('',(#153,#154,#155,#156));
#925=EDGE_LOOP('',(#157,#158,#159,#160,#161));
#926=EDGE_LOOP('',(#162,#163,#164,#165));
#927=EDGE_LOOP('',(#166,#167,#168,#169,#170));
#928=EDGE_LOOP('',(#171,#172,#173,#174));
#929=EDGE_LOOP('',(#175,#176,#177,#178,#179));
#930=EDGE_LOOP('',(#180,#181,#182,#183));
#931=EDGE_LOOP('',(#184,#185,#186,#187,#188));
#932=EDGE_LOOP('',(#189,#190,#191,#192));
#933=EDGE_LOOP('',(#193,#194,#195,#196,#197));
#934=EDGE_LOOP('',(#198,#199,#200,#201));
#935=EDGE_LOOP('',(#202,#203,#204,#205,#206));
#936=EDGE_LOOP('',(#207,#208,#209,#210));
#937=EDGE_LOOP('',(#211,#212,#213,#214,#215));
#938=EDGE_LOOP('',(#216,#217,#218,#219));
#939=EDGE_LOOP('',(#220,#221,#222,#223,#224));
#940=EDGE_LOOP('',(#225,#226,#227,#228));
#941=EDGE_LOOP('',(#229,#230,#231,#232,#233));
#942=EDGE_LOOP('',(#234,#235,#236,#237));
#943=EDGE_LOOP('',(#238,#239,#240,#241,#242));
#944=EDGE_LOOP('',(#243,#244,#245,#246));
#945=EDGE_LOOP('',(#247,#248,#249,#250,#251));
#946=EDGE_LOOP('',(#252,#253,#254,#255));
#947=EDGE_LOOP('',(#256,#257,#258,#259,#260));
#948=EDGE_LOOP('',(#261,#262,#263,#264,#265,#266,#267,#268,#269,#270,#271,
#272,#273,#274,#275,#276,#277,#278,#279,#280));
#949=EDGE_LOOP('',(#281));
#950=EDGE_LOOP('',(#282,#283,#284,#285,#286,#287,#288,#289,#290,#291,#292,
#293,#294,#295,#296,#297,#298,#299,#300,#301,#302,#303,#304,#305,#306,#307,
#308,#309,#310,#311,#312,#313,#314,#315,#316,#317,#318,#319,#320,#321));
#951=EDGE_LOOP('',(#322));
#952=EDGE_LOOP('',(#323));
#953=EDGE_LOOP('',(#324));
#954=EDGE_LOOP('',(#325));
#955=EDGE_LOOP('',(#326,#327,#328,#329));
#956=EDGE_LOOP('',(#330,#331,#332,#333,#334,#335));
#957=EDGE_LOOP('',(#336,#337,#338,#339,#340,#341));
#958=EDGE_LOOP('',(#342,#343,#344,#345,#346,#347));
#959=EDGE_LOOP('',(#348,#349,#350,#351,#352,#353));
#960=EDGE_LOOP('',(#354,#355,#356,#357,#358,#359));
#961=EDGE_LOOP('',(#360,#361,#362,#363,#364,#365));
#962=EDGE_LOOP('',(#366,#367,#368,#369,#370,#371));
#963=EDGE_LOOP('',(#372,#373,#374,#375,#376,#377));
#964=EDGE_LOOP('',(#378,#379,#380,#381,#382,#383));
#965=EDGE_LOOP('',(#384,#385,#386,#387,#388,#389));
#966=EDGE_LOOP('',(#390,#391,#392,#393,#394,#395));
#967=EDGE_LOOP('',(#396,#397,#398,#399,#400,#401));
#968=EDGE_LOOP('',(#402,#403,#404,#405,#406,#407));
#969=EDGE_LOOP('',(#408,#409,#410,#411,#412,#413));
#970=EDGE_LOOP('',(#414,#415,#416,#417,#418,#419));
#971=EDGE_LOOP('',(#420,#421,#422,#423,#424,#425));
#972=EDGE_LOOP('',(#426,#427,#428,#429,#430,#431));
#973=EDGE_LOOP('',(#432,#433,#434,#435,#436,#437));
#974=EDGE_LOOP('',(#438,#439,#440,#441,#442,#443));
#975=EDGE_LOOP('',(#444,#445,#446,#447,#448,#449));
#976=EDGE_LOOP('',(#450));
#977=EDGE_LOOP('',(#451));
#978=EDGE_LOOP('',(#452));
#979=EDGE_LOOP('',(#453));
#980=EDGE_LOOP('',(#454));
#981=EDGE_LOOP('',(#455));
#982=EDGE_LOOP('',(#456));
#983=FACE_BOUND('',#909,.T.);
#984=FACE_BOUND('',#910,.T.);
#985=FACE_BOUND('',#911,.T.);
#986=FACE_BOUND('',#912,.T.);
#987=FACE_BOUND('',#913,.T.);
#988=FACE_BOUND('',#914,.T.);
#989=FACE_BOUND('',#915,.T.);
#990=FACE_BOUND('',#916,.T.);
#991=FACE_BOUND('',#917,.T.);
#992=FACE_BOUND('',#918,.T.);
#993=FACE_BOUND('',#919,.T.);
#994=FACE_BOUND('',#920,.T.);
#995=FACE_BOUND('',#921,.T.);
#996=FACE_BOUND('',#922,.T.);
#997=FACE_BOUND('',#923,.T.);
#998=FACE_BOUND('',#924,.T.);
#999=FACE_BOUND('',#925,.T.);
#1000=FACE_BOUND('',#926,.T.);
#1001=FACE_BOUND('',#927,.T.);
#1002=FACE_BOUND('',#928,.T.);
#1003=FACE_BOUND('',#929,.T.);
#1004=FACE_BOUND('',#930,.T.);
#1005=FACE_BOUND('',#931,.T.);
#1006=FACE_BOUND('',#932,.T.);
#1007=FACE_BOUND('',#933,.T.);
#1008=FACE_BOUND('',#934,.T.);
#1009=FACE_BOUND('',#935,.T.);
#1010=FACE_BOUND('',#936,.T.);
#1011=FACE_BOUND('',#937,.T.);
#1012=FACE_BOUND('',#938,.T.);
#1013=FACE_BOUND('',#939,.T.);
#1014=FACE_BOUND('',#940,.T.);
#1015=FACE_BOUND('',#941,.T.);
#1016=FACE_BOUND('',#942,.T.);
#1017=FACE_BOUND('',#943,.T.);
#1018=FACE_BOUND('',#944,.T.);
#1019=FACE_BOUND('',#945,.T.);
#1020=FACE_BOUND('',#946,.T.);
#1021=FACE_BOUND('',#947,.T.);
#1022=FACE_BOUND('',#948,.T.);
#1023=FACE_BOUND('',#949,.T.);
#1024=FACE_BOUND('',#950,.T.);
#1025=FACE_BOUND('',#951,.T.);
#1026=FACE_BOUND('',#952,.T.);
#1027=FACE_BOUND('',#953,.T.);
#1028=FACE_BOUND('',#954,.T.);
#1029=FACE_BOUND('',#955,.T.);
#1030=FACE_BOUND('',#956,.T.);
#1031=FACE_BOUND('',#957,.T.);
#1032=FACE_BOUND('',#958,.T.);
#1033=FACE_BOUND('',#959,.T.);
#1034=FACE_BOUND('',#960,.T.);
#1035=FACE_BOUND('',#961,.T.);
#1036=FACE_BOUND('',#962,.T.);
#1037=FACE_BOUND('',#963,.T.);
#1038=FACE_BOUND('',#964,.T.);
#1039=FACE_BOUND('',#965,.T.);
#1040=FACE_BOUND('',#966,.T.);
#1041=FACE_BOUND('',#967,.T.);
#1042=FACE_BOUND('',#968,.T.);
#1043=FACE_BOUND('',#969,.T.);
#1044=FACE_BOUND('',#970,.T.);
#1045=FACE_BOUND('',#971,.T.);
#1046=FACE_BOUND('',#972,.T.);
#1047=FACE_BOUND('',#973,.T.);
#1048=FACE_BOUND('',#974,.T.);
#1049=FACE_BOUND('',#975,.T.);
#1050=FACE_BOUND('',#976,.T.);
#1051=FACE_BOUND('',#977,.T.);
#1052=FACE_BOUND('',#978,.T.);
#1053=FACE_BOUND('',#979,.T.);
#1054=FACE_BOUND('',#980,.T.);
#1055=FACE_BOUND('',#981,.T.);
#1056=FACE_BOUND('',#982,.T.);
#1057=CONICAL_SURFACE('',#1179,0.0115,0.10471975511966);
#1058=CONICAL_SURFACE('',#1181,0.00125,0.0174532925199433);
#1059=CONICAL_SURFACE('',#1183,0.0115,0.10471975511966);
#1060=CONICAL_SURFACE('',#1185,0.00125,0.0174532925199433);
#1061=CONICAL_SURFACE('',#1187,0.0115,0.10471975511966);
#1062=CONICAL_SURFACE('',#1189,0.00125,0.0174532925199433);
#1063=CONICAL_SURFACE('',#1191,0.0115,0.10471975511966);
#1064=CONICAL_SURFACE('',#1193,0.00125,0.0174532925199433);
#1065=CONICAL_SURFACE('',#1195,0.0115,0.10471975511966);
#1066=CONICAL_SURFACE('',#1197,0.00125,0.0174532925199433);
#1067=CONICAL_SURFACE('',#1199,0.0115,0.10471975511966);
#1068=CONICAL_SURFACE('',#1201,0.00125,0.0174532925199433);
#1069=CONICAL_SURFACE('',#1203,0.0115,0.10471975511966);
#1070=CONICAL_SURFACE('',#1205,0.00125,0.0174532925199433);
#1071=CONICAL_SURFACE('',#1207,0.0115,0.10471975511966);
#1072=CONICAL_SURFACE('',#1209,0.00125,0.0174532925199433);
#1073=CONICAL_SURFACE('',#1211,0.0115,0.10471975511966);
#1074=CONICAL_SURFACE('',#1213,0.00125,0.0174532925199433);
#1075=CONICAL_SURFACE('',#1215,0.0115,0.10471975511966);
#1076=CONICAL_SURFACE('',#1217,0.00125,0.0174532925199433);
#1077=CONICAL_SURFACE('',#1219,0.0115,0.10471975511966);
#1078=CONICAL_SURFACE('',#1221,0.00125,0.0174532925199433);
#1079=CONICAL_SURFACE('',#1223,0.0115,0.10471975511966);
#1080=CONICAL_SURFACE('',#1225,0.00125,0.0174532925199433);
#1081=CONICAL_SURFACE('',#1227,0.0115,0.10471975511966);
#1082=CONICAL_SURFACE('',#1229,0.00125,0.0174532925199433);
#1083=CONICAL_SURFACE('',#1231,0.0115,0.10471975511966);
#1084=CONICAL_SURFACE('',#1233,0.00125,0.0174532925199433);
#1085=CONICAL_SURFACE('',#1235,0.0115,0.10471975511966);
#1086=CONICAL_SURFACE('',#1237,0.00125,0.0174532925199433);
#1087=CONICAL_SURFACE('',#1239,0.0115,0.10471975511966);
#1088=CONICAL_SURFACE('',#1241,0.00125,0.0174532925199433);
#1089=CONICAL_SURFACE('',#1243,0.0115,0.10471975511966);
#1090=CONICAL_SURFACE('',#1245,0.00125,0.0174532925199433);
#1091=CONICAL_SURFACE('',#1247,0.0115,0.10471975511966);
#1092=CONICAL_SURFACE('',#1249,0.00125,0.0174532925199433);
#1093=CONICAL_SURFACE('',#1251,0.0115,0.10471975511966);
#1094=CONICAL_SURFACE('',#1253,0.00125,0.0174532925199433);
#1095=CONICAL_SURFACE('',#1255,0.0115,0.10471975511966);
#1096=CONICAL_SURFACE('',#1261,0.00951095620926345,0.10471975511966);
#1097=CONICAL_SURFACE('',#1265,0.00125,0.0174532925199433);
#1098=ADVANCED_FACE('',(#983),#1057,.T.);
#1099=ADVANCED_FACE('',(#984),#1058,.F.);
#1100=ADVANCED_FACE('',(#985),#1059,.T.);
#1101=ADVANCED_FACE('',(#986),#1060,.F.);
#1102=ADVANCED_FACE('',(#987),#1061,.T.);
#1103=ADVANCED_FACE('',(#988),#1062,.F.);
#1104=ADVANCED_FACE('',(#989),#1063,.T.);
#1105=ADVANCED_FACE('',(#990),#1064,.F.);
#1106=ADVANCED_FACE('',(#991),#1065,.T.);
#1107=ADVANCED_FACE('',(#992),#1066,.F.);
#1108=ADVANCED_FACE('',(#993),#1067,.T.);
#1109=ADVANCED_FACE('',(#994),#1068,.F.);
#1110=ADVANCED_FACE('',(#995),#1069,.T.);
#1111=ADVANCED_FACE('',(#996),#1070,.F.);
#1112=ADVANCED_FACE('',(#997),#1071,.T.);
#1113=ADVANCED_FACE('',(#998),#1072,.F.);
#1114=ADVANCED_FACE('',(#999),#1073,.T.);
#1115=ADVANCED_FACE('',(#1000),#1074,.F.);
#1116=ADVANCED_FACE('',(#1001),#1075,.T.);
#1117=ADVANCED_FACE('',(#1002),#1076,.F.);
#1118=ADVANCED_FACE('',(#1003),#1077,.T.);
#1119=ADVANCED_FACE('',(#1004),#1078,.F.);
#1120=ADVANCED_FACE('',(#1005),#1079,.T.);
#1121=ADVANCED_FACE('',(#1006),#1080,.F.);
#1122=ADVANCED_FACE('',(#1007),#1081,.T.);
#1123=ADVANCED_FACE('',(#1008),#1082,.F.);
#1124=ADVANCED_FACE('',(#1009),#1083,.T.);
#1125=ADVANCED_FACE('',(#1010),#1084,.F.);
#1126=ADVANCED_FACE('',(#1011),#1085,.T.);
#1127=ADVANCED_FACE('',(#1012),#1086,.F.);
#1128=ADVANCED_FACE('',(#1013),#1087,.T.);
#1129=ADVANCED_FACE('',(#1014),#1088,.F.);
#1130=ADVANCED_FACE('',(#1015),#1089,.T.);
#1131=ADVANCED_FACE('',(#1016),#1090,.F.);
#1132=ADVANCED_FACE('',(#1017),#1091,.T.);
#1133=ADVANCED_FACE('',(#1018),#1092,.F.);
#1134=ADVANCED_FACE('',(#1019),#1093,.T.);
#1135=ADVANCED_FACE('',(#1020),#1094,.F.);
#1136=ADVANCED_FACE('',(#1021),#1095,.T.);
#1137=ADVANCED_FACE('',(#1022),#34,.T.);
#1138=ADVANCED_FACE('',(#1023,#1024),#35,.F.);
#1139=ADVANCED_FACE('',(#1025,#1026),#1096,.F.);
#1140=ADVANCED_FACE('',(#1027,#1028),#36,.F.);
#1141=ADVANCED_FACE('',(#1029),#1097,.F.);
#1142=ADVANCED_FACE('',(#1030),#14,.T.);
#1143=ADVANCED_FACE('',(#1031),#15,.T.);
#1144=ADVANCED_FACE('',(#1032),#16,.T.);
#1145=ADVANCED_FACE('',(#1033),#17,.T.);
#1146=ADVANCED_FACE('',(#1034),#18,.T.);
#1147=ADVANCED_FACE('',(#1035),#19,.T.);
#1148=ADVANCED_FACE('',(#1036),#20,.T.);
#1149=ADVANCED_FACE('',(#1037),#21,.T.);
#1150=ADVANCED_FACE('',(#1038),#22,.T.);
#1151=ADVANCED_FACE('',(#1039),#23,.T.);
#1152=ADVANCED_FACE('',(#1040),#24,.T.);
#1153=ADVANCED_FACE('',(#1041),#25,.T.);
#1154=ADVANCED_FACE('',(#1042),#26,.T.);
#1155=ADVANCED_FACE('',(#1043),#27,.T.);
#1156=ADVANCED_FACE('',(#1044),#28,.T.);
#1157=ADVANCED_FACE('',(#1045),#29,.T.);
#1158=ADVANCED_FACE('',(#1046),#30,.T.);
#1159=ADVANCED_FACE('',(#1047),#31,.T.);
#1160=ADVANCED_FACE('',(#1048),#32,.T.);
#1161=ADVANCED_FACE('',(#1049),#33,.T.);
#1162=ADVANCED_FACE('',(#1050,#1051),#12,.F.);
#1163=ADVANCED_FACE('',(#1052,#1053),#13,.T.);
#1164=ADVANCED_FACE('',(#1054,#1055),#37,.T.);
#1165=ADVANCED_FACE('',(#1056),#38,.F.);
#1166=CLOSED_SHELL('',(#1098,#1099,#1100,#1101,#1102,#1103,#1104,#1105,
#1106,#1107,#1108,#1109,#1110,#1111,#1112,#1113,#1114,#1115,#1116,#1117,
#1118,#1119,#1120,#1121,#1122,#1123,#1124,#1125,#1126,#1127,#1128,#1129,
#1130,#1131,#1132,#1133,#1134,#1135,#1136,#1137,#1138,#1139,#1140,#1141,
#1142,#1143,#1144,#1145,#1146,#1147,#1148,#1149,#1150,#1151,#1152,#1153,
#1154,#1155,#1156,#1157,#1158,#1159,#1160,#1161,#1162,#1163,#1164,#1165));
#1167=STYLED_ITEM('',(#1168),#1175);
#1168=PRESENTATION_STYLE_ASSIGNMENT((#1169));
#1169=SURFACE_STYLE_USAGE(.BOTH.,#1170);
#1170=SURFACE_SIDE_STYLE('',(#1171));
#1171=SURFACE_STYLE_FILL_AREA(#1172);
#1172=FILL_AREA_STYLE('',(#1173));
#1173=FILL_AREA_STYLE_COLOUR('',#1174);
#1174=COLOUR_RGB('',0.647058823529412,0.647058823529412,0.647058823529412);
#1175=MANIFOLD_SOLID_BREP('Encoder Knob',#1166);
#1176=SHAPE_DEFINITION_REPRESENTATION(#2950,#1177);
#1177=SHAPE_REPRESENTATION('Encoder Knob',(#1178),#2945);
#1178=AXIS2_PLACEMENT_3D('',#1463,#1273,#1274);
#1179=AXIS2_PLACEMENT_3D('',#1464,#1275,#1276);
#1180=AXIS2_PLACEMENT_3D('',#1481,#1277,#1278);
#1181=AXIS2_PLACEMENT_3D('',#1487,#1279,#1280);
#1182=AXIS2_PLACEMENT_3D('',#1509,#1281,#1282);
#1183=AXIS2_PLACEMENT_3D('',#1510,#1283,#1284);
#1184=AXIS2_PLACEMENT_3D('',#1526,#1285,#1286);
#1185=AXIS2_PLACEMENT_3D('',#1527,#1287,#1288);
#1186=AXIS2_PLACEMENT_3D('',#1549,#1289,#1290);
#1187=AXIS2_PLACEMENT_3D('',#1550,#1291,#1292);
#1188=AXIS2_PLACEMENT_3D('',#1566,#1293,#1294);
#1189=AXIS2_PLACEMENT_3D('',#1567,#1295,#1296);
#1190=AXIS2_PLACEMENT_3D('',#1589,#1297,#1298);
#1191=AXIS2_PLACEMENT_3D('',#1590,#1299,#1300);
#1192=AXIS2_PLACEMENT_3D('',#1606,#1301,#1302);
#1193=AXIS2_PLACEMENT_3D('',#1607,#1303,#1304);
#1194=AXIS2_PLACEMENT_3D('',#1629,#1305,#1306);
#1195=AXIS2_PLACEMENT_3D('',#1630,#1307,#1308);
#1196=AXIS2_PLACEMENT_3D('',#1646,#1309,#1310);
#1197=AXIS2_PLACEMENT_3D('',#1647,#1311,#1312);
#1198=AXIS2_PLACEMENT_3D('',#1669,#1313,#1314);
#1199=AXIS2_PLACEMENT_3D('',#1670,#1315,#1316);
#1200=AXIS2_PLACEMENT_3D('',#1686,#1317,#1318);
#1201=AXIS2_PLACEMENT_3D('',#1687,#1319,#1320);
#1202=AXIS2_PLACEMENT_3D('',#1709,#1321,#1322);
#1203=AXIS2_PLACEMENT_3D('',#1710,#1323,#1324);
#1204=AXIS2_PLACEMENT_3D('',#1726,#1325,#1326);
#1205=AXIS2_PLACEMENT_3D('',#1727,#1327,#1328);
#1206=AXIS2_PLACEMENT_3D('',#1749,#1329,#1330);
#1207=AXIS2_PLACEMENT_3D('',#1750,#1331,#1332);
#1208=AXIS2_PLACEMENT_3D('',#1766,#1333,#1334);
#1209=AXIS2_PLACEMENT_3D('',#1767,#1335,#1336);
#1210=AXIS2_PLACEMENT_3D('',#1789,#1337,#1338);
#1211=AXIS2_PLACEMENT_3D('',#1790,#1339,#1340);
#1212=AXIS2_PLACEMENT_3D('',#1806,#1341,#1342);
#1213=AXIS2_PLACEMENT_3D('',#1807,#1343,#1344);
#1214=AXIS2_PLACEMENT_3D('',#1829,#1345,#1346);
#1215=AXIS2_PLACEMENT_3D('',#1830,#1347,#1348);
#1216=AXIS2_PLACEMENT_3D('',#1846,#1349,#1350);
#1217=AXIS2_PLACEMENT_3D('',#1847,#1351,#1352);
#1218=AXIS2_PLACEMENT_3D('',#1869,#1353,#1354);
#1219=AXIS2_PLACEMENT_3D('',#1870,#1355,#1356);
#1220=AXIS2_PLACEMENT_3D('',#1886,#1357,#1358);
#1221=AXIS2_PLACEMENT_3D('',#1887,#1359,#1360);
#1222=AXIS2_PLACEMENT_3D('',#1909,#1361,#1362);
#1223=AXIS2_PLACEMENT_3D('',#1910,#1363,#1364);
#1224=AXIS2_PLACEMENT_3D('',#1926,#1365,#1366);
#1225=AXIS2_PLACEMENT_3D('',#1927,#1367,#1368);
#1226=AXIS2_PLACEMENT_3D('',#1949,#1369,#1370);
#1227=AXIS2_PLACEMENT_3D('',#1950,#1371,#1372);
#1228=AXIS2_PLACEMENT_3D('',#1966,#1373,#1374);
#1229=AXIS2_PLACEMENT_3D('',#1967,#1375,#1376);
#1230=AXIS2_PLACEMENT_3D('',#1989,#1377,#1378);
#1231=AXIS2_PLACEMENT_3D('',#1990,#1379,#1380);
#1232=AXIS2_PLACEMENT_3D('',#2006,#1381,#1382);
#1233=AXIS2_PLACEMENT_3D('',#2007,#1383,#1384);
#1234=AXIS2_PLACEMENT_3D('',#2029,#1385,#1386);
#1235=AXIS2_PLACEMENT_3D('',#2030,#1387,#1388);
#1236=AXIS2_PLACEMENT_3D('',#2046,#1389,#1390);
#1237=AXIS2_PLACEMENT_3D('',#2047,#1391,#1392);
#1238=AXIS2_PLACEMENT_3D('',#2069,#1393,#1394);
#1239=AXIS2_PLACEMENT_3D('',#2070,#1395,#1396);
#1240=AXIS2_PLACEMENT_3D('',#2086,#1397,#1398);
#1241=AXIS2_PLACEMENT_3D('',#2087,#1399,#1400);
#1242=AXIS2_PLACEMENT_3D('',#2109,#1401,#1402);
#1243=AXIS2_PLACEMENT_3D('',#2110,#1403,#1404);
#1244=AXIS2_PLACEMENT_3D('',#2126,#1405,#1406);
#1245=AXIS2_PLACEMENT_3D('',#2127,#1407,#1408);
#1246=AXIS2_PLACEMENT_3D('',#2149,#1409,#1410);
#1247=AXIS2_PLACEMENT_3D('',#2150,#1411,#1412);
#1248=AXIS2_PLACEMENT_3D('',#2166,#1413,#1414);
#1249=AXIS2_PLACEMENT_3D('',#2167,#1415,#1416);
#1250=AXIS2_PLACEMENT_3D('',#2189,#1417,#1418);
#1251=AXIS2_PLACEMENT_3D('',#2190,#1419,#1420);
#1252=AXIS2_PLACEMENT_3D('',#2206,#1421,#1422);
#1253=AXIS2_PLACEMENT_3D('',#2207,#1423,#1424);
#1254=AXIS2_PLACEMENT_3D('',#2229,#1425,#1426);
#1255=AXIS2_PLACEMENT_3D('',#2230,#1427,#1428);
#1256=AXIS2_PLACEMENT_3D('',#2246,#1429,#1430);
#1257=AXIS2_PLACEMENT_3D('',#2247,#1431,#1432);
#1258=AXIS2_PLACEMENT_3D('',#2368,#1433,#1434);
#1259=AXIS2_PLACEMENT_3D('',#2369,#1435,#1436);
#1260=AXIS2_PLACEMENT_3D('',#2371,#1437,#1438);
#1261=AXIS2_PLACEMENT_3D('',#2372,#1439,#1440);
#1262=AXIS2_PLACEMENT_3D('',#2373,#1441,#1442);
#1263=AXIS2_PLACEMENT_3D('',#2375,#1443,#1444);
#1264=AXIS2_PLACEMENT_3D('',#2376,#1445,#1446);
#1265=AXIS2_PLACEMENT_3D('',#2378,#1447,#1448);
#1266=AXIS2_PLACEMENT_3D('',#2934,#1449,#1450);
#1267=AXIS2_PLACEMENT_3D('',#2935,#1451,#1452);
#1268=AXIS2_PLACEMENT_3D('',#2937,#1453,#1454);
#1269=AXIS2_PLACEMENT_3D('',#2939,#1455,#1456);
#1270=AXIS2_PLACEMENT_3D('',#2940,#1457,#1458);
#1271=AXIS2_PLACEMENT_3D('',#2942,#1459,#1460);
#1272=AXIS2_PLACEMENT_3D('',#2943,#1461,#1462);
#1273=DIRECTION('',(0.,0.,1.));
#1274=DIRECTION('',(1.,0.,0.));
#1275=DIRECTION('',(0.,0.,-1.));
#1276=DIRECTION('',(1.,0.,0.));
#1277=DIRECTION('',(0.,0.,1.));
#1278=DIRECTION('',(1.,0.,0.));
#1279=DIRECTION('',(0.0994124761290205,-0.0323010715456024,-0.994521895368273));
#1280=DIRECTION('',(-0.945846529188203,0.30732416694678,-0.104528463267653));
#1281=DIRECTION('',(0.,0.,1.));
#1282=DIRECTION('',(0.951056516295154,-0.309016994374948,0.));
#1283=DIRECTION('',(0.,0.,-1.));
#1284=DIRECTION('',(1.,0.,0.));
#1285=DIRECTION('',(0.,0.,1.));
#1286=DIRECTION('',(1.,0.,0.));
#1287=DIRECTION('',(0.0845653031794291,-0.0614402891535223,-0.994521895368273));
#1288=DIRECTION('',(-0.804585114630916,0.584565303179429,-0.104528463267653));
#1289=DIRECTION('',(0.,0.,1.));
#1290=DIRECTION('',(0.809016994374947,-0.587785252292473,0.));
#1291=DIRECTION('',(0.,0.,-1.));
#1292=DIRECTION('',(1.,0.,0.));
#1293=DIRECTION('',(0.,0.,1.));
#1294=DIRECTION('',(1.,0.,0.));
#1295=DIRECTION('',(0.0614402891535222,-0.0845653031794292,-0.994521895368273));
#1296=DIRECTION('',(-0.584565303179429,0.804585114630917,-0.104528463267653));
#1297=DIRECTION('',(0.,0.,1.));
#1298=DIRECTION('',(0.587785252292473,-0.809016994374948,0.));
#1299=DIRECTION('',(0.,0.,-1.));
#1300=DIRECTION('',(1.,0.,0.));
#1301=DIRECTION('',(0.,0.,1.));
#1302=DIRECTION('',(1.,0.,0.));
#1303=DIRECTION('',(0.0323010715456023,-0.0994124761290205,-0.994521895368273));
#1304=DIRECTION('',(-0.307324166946779,0.945846529188203,-0.104528463267653));
#1305=DIRECTION('',(0.,0.,1.));
#1306=DIRECTION('',(0.309016994374948,-0.951056516295154,0.));
#1307=DIRECTION('',(0.,0.,-1.));
#1308=DIRECTION('',(1.,0.,0.));
#1309=DIRECTION('',(0.,0.,1.));
#1310=DIRECTION('',(1.,0.,0.));
#1311=DIRECTION('',(-1.92015671940785E-17,-0.104528463267653,-0.994521895368273));
#1312=DIRECTION('',(1.82690708376707E-16,0.994521895368273,-0.104528463267653));
#1313=DIRECTION('',(0.,0.,1.));
#1314=DIRECTION('',(-1.83697019872103E-16,-1.,0.));
#1315=DIRECTION('',(0.,0.,-1.));
#1316=DIRECTION('',(1.,0.,0.));
#1317=DIRECTION('',(0.,0.,1.));
#1318=DIRECTION('',(1.,0.,0.));
#1319=DIRECTION('',(-0.0323010715456024,-0.0994124761290205,-0.994521895368273));
#1320=DIRECTION('',(0.30732416694678,0.945846529188203,-0.104528463267653));
#1321=DIRECTION('',(0.,0.,1.));
#1322=DIRECTION('',(-0.309016994374948,-0.951056516295154,0.));
#1323=DIRECTION('',(0.,0.,-1.));
#1324=DIRECTION('',(1.,0.,0.));
#1325=DIRECTION('',(0.,0.,1.));
#1326=DIRECTION('',(1.,0.,0.));
#1327=DIRECTION('',(-0.0614402891535223,-0.0845653031794291,-0.994521895368273));
#1328=DIRECTION('',(0.584565303179429,0.804585114630916,-0.104528463267653));
#1329=DIRECTION('',(0.,0.,1.));
#1330=DIRECTION('',(-0.587785252292473,-0.809016994374947,0.));
#1331=DIRECTION('',(0.,0.,-1.));
#1332=DIRECTION('',(1.,0.,0.));
#1333=DIRECTION('',(0.,0.,1.));
#1334=DIRECTION('',(1.,0.,0.));
#1335=DIRECTION('',(-0.0845653031794292,-0.0614402891535222,-0.994521895368273));
#1336=DIRECTION('',(0.804585114630917,0.584565303179429,-0.104528463267653));
#1337=DIRECTION('',(0.,0.,1.));
#1338=DIRECTION('',(-0.809016994374948,-0.587785252292473,0.));
#1339=DIRECTION('',(0.,0.,-1.));
#1340=DIRECTION('',(1.,0.,0.));
#1341=DIRECTION('',(0.,0.,1.));
#1342=DIRECTION('',(1.,0.,0.));
#1343=DIRECTION('',(-0.0994124761290205,-0.0323010715456023,-0.994521895368273));
#1344=DIRECTION('',(0.945846529188203,0.307324166946779,-0.104528463267653));
#1345=DIRECTION('',(0.,0.,1.));
#1346=DIRECTION('',(-0.951056516295154,-0.309016994374948,0.));
#1347=DIRECTION('',(0.,0.,-1.));
#1348=DIRECTION('',(1.,0.,0.));
#1349=DIRECTION('',(0.,0.,1.));
#1350=DIRECTION('',(1.,0.,0.));
#1351=DIRECTION('',(-0.104528463267653,1.28010447960524E-17,-0.994521895368273));
#1352=DIRECTION('',(0.994521895368273,-1.21793805584471E-16,-0.104528463267653));
#1353=DIRECTION('',(0.,0.,1.));
#1354=DIRECTION('',(-1.,1.22464679914735E-16,0.));
#1355=DIRECTION('',(0.,0.,-1.));
#1356=DIRECTION('',(1.,0.,0.));
#1357=DIRECTION('',(0.,0.,1.));
#1358=DIRECTION('',(1.,0.,0.));
#1359=DIRECTION('',(-0.0994124761290205,0.0323010715456024,-0.994521895368273));
#1360=DIRECTION('',(0.945846529188203,-0.30732416694678,-0.104528463267653));
#1361=DIRECTION('',(0.,0.,1.));
#1362=DIRECTION('',(-0.951056516295154,0.309016994374948,0.));
#1363=DIRECTION('',(0.,0.,-1.));
#1364=DIRECTION('',(1.,0.,0.));
#1365=DIRECTION('',(0.,0.,1.));
#1366=DIRECTION('',(1.,0.,0.));
#1367=DIRECTION('',(-0.0845653031794291,0.0614402891535223,-0.994521895368273));
#1368=DIRECTION('',(0.804585114630916,-0.584565303179429,-0.104528463267653));
#1369=DIRECTION('',(0.,0.,1.));
#1370=DIRECTION('',(-0.809016994374947,0.587785252292473,0.));
#1371=DIRECTION('',(0.,0.,-1.));
#1372=DIRECTION('',(1.,0.,0.));
#1373=DIRECTION('',(0.,0.,1.));
#1374=DIRECTION('',(1.,0.,0.));
#1375=DIRECTION('',(-0.0614402891535222,0.0845653031794292,-0.994521895368273));
#1376=DIRECTION('',(0.584565303179429,-0.804585114630917,-0.104528463267653));
#1377=DIRECTION('',(0.,0.,1.));
#1378=DIRECTION('',(-0.587785252292473,0.809016994374948,0.));
#1379=DIRECTION('',(0.,0.,-1.));
#1380=DIRECTION('',(1.,0.,0.));
#1381=DIRECTION('',(0.,0.,1.));
#1382=DIRECTION('',(1.,0.,0.));
#1383=DIRECTION('',(-0.0323010715456024,0.0994124761290205,-0.994521895368273));
#1384=DIRECTION('',(0.307324166946779,-0.945846529188203,-0.104528463267653));
#1385=DIRECTION('',(0.,0.,1.));
#1386=DIRECTION('',(-0.309016994374948,0.951056516295154,0.));
#1387=DIRECTION('',(0.,0.,-1.));
#1388=DIRECTION('',(1.,0.,0.));
#1389=DIRECTION('',(0.,0.,1.));
#1390=DIRECTION('',(1.,0.,0.));
#1391=DIRECTION('',(6.40052239802618E-18,0.104528463267653,-0.994521895368273));
#1392=DIRECTION('',(-6.08969027922358E-17,-0.994521895368273,-0.104528463267653));
#1393=DIRECTION('',(0.,0.,1.));
#1394=DIRECTION('',(6.12323399573677E-17,1.,0.));
#1395=DIRECTION('',(0.,0.,-1.));
#1396=DIRECTION('',(1.,0.,0.));
#1397=DIRECTION('',(0.,0.,1.));
#1398=DIRECTION('',(1.,0.,0.));
#1399=DIRECTION('',(0.0323010715456024,0.0994124761290205,-0.994521895368273));
#1400=DIRECTION('',(-0.30732416694678,-0.945846529188203,-0.104528463267653));
#1401=DIRECTION('',(0.,0.,1.));
#1402=DIRECTION('',(0.309016994374948,0.951056516295154,0.));
#1403=DIRECTION('',(0.,0.,-1.));
#1404=DIRECTION('',(1.,0.,0.));
#1405=DIRECTION('',(0.,0.,1.));
#1406=DIRECTION('',(1.,0.,0.));
#1407=DIRECTION('',(0.0614402891535222,0.0845653031794292,-0.994521895368273));
#1408=DIRECTION('',(-0.584565303179429,-0.804585114630917,-0.104528463267653));
#1409=DIRECTION('',(0.,0.,1.));
#1410=DIRECTION('',(0.587785252292473,0.809016994374948,0.));
#1411=DIRECTION('',(0.,0.,-1.));
#1412=DIRECTION('',(1.,0.,0.));
#1413=DIRECTION('',(0.,0.,1.));
#1414=DIRECTION('',(1.,0.,0.));
#1415=DIRECTION('',(0.0845653031794292,0.0614402891535222,-0.994521895368273));
#1416=DIRECTION('',(-0.804585114630917,-0.584565303179429,-0.104528463267653));
#1417=DIRECTION('',(0.,0.,1.));
#1418=DIRECTION('',(0.809016994374948,0.587785252292473,0.));
#1419=DIRECTION('',(0.,0.,-1.));
#1420=DIRECTION('',(1.,0.,0.));
#1421=DIRECTION('',(0.,0.,1.));
#1422=DIRECTION('',(1.,0.,0.));
#1423=DIRECTION('',(0.0994124761290205,0.0323010715456024,-0.994521895368273));
#1424=DIRECTION('',(-0.945846529188203,-0.30732416694678,-0.104528463267653));
#1425=DIRECTION('',(0.,0.,1.));
#1426=DIRECTION('',(0.951056516295154,0.309016994374948,0.));
#1427=DIRECTION('',(0.,0.,-1.));
#1428=DIRECTION('',(1.,0.,0.));
#1429=DIRECTION('',(0.,0.,1.));
#1430=DIRECTION('',(1.,0.,0.));
#1431=DIRECTION('',(0.,0.,1.));
#1432=DIRECTION('',(1.,0.,0.));
#1433=DIRECTION('',(0.,0.,1.));
#1434=DIRECTION('',(1.,0.,0.));
#1435=DIRECTION('',(0.,0.,1.));
#1436=DIRECTION('',(1.,0.,0.));
#1437=DIRECTION('',(0.,0.,1.));
#1438=DIRECTION('',(1.,0.,0.));
#1439=DIRECTION('',(0.,0.,-1.));
#1440=DIRECTION('',(1.,0.,0.));
#1441=DIRECTION('',(0.,0.,1.));
#1442=DIRECTION('',(1.,0.,0.));
#1443=DIRECTION('',(0.,0.,1.));
#1444=DIRECTION('',(1.,0.,0.));
#1445=DIRECTION('',(0.,0.,1.));
#1446=DIRECTION('',(1.,0.,0.));
#1447=DIRECTION('',(0.104528463267653,0.,-0.994521895368273));
#1448=DIRECTION('',(-0.994521895368273,0.,-0.104528463267653));
#1449=DIRECTION('',(0.,0.,1.));
#1450=DIRECTION('',(1.,0.,0.));
#1451=DIRECTION('',(0.,0.,-1.));
#1452=DIRECTION('',(-1.,0.,0.));
#1453=DIRECTION('',(0.,0.,-1.));
#1454=DIRECTION('',(-1.,0.,0.));
#1455=DIRECTION('',(0.,0.,1.));
#1456=DIRECTION('',(1.,0.,0.));
#1457=DIRECTION('',(0.,0.,-1.));
#1458=DIRECTION('',(-1.,0.,0.));
#1459=DIRECTION('',(0.,0.,-1.));
#1460=DIRECTION('',(1.,0.,0.));
#1461=DIRECTION('',(0.,0.,1.));
#1462=DIRECTION('',(1.,0.,0.));
#1463=CARTESIAN_POINT('',(0.,0.,0.));
#1464=CARTESIAN_POINT('',(0.,7.04171909509728E-19,0.));
#1465=CARTESIAN_POINT('',(0.0103008873199031,-0.00105559538956336,0.0108955386127608));
#1466=CARTESIAN_POINT('',(0.010261512092027,-0.0012422541552248,0.0110871738285153));
#1467=CARTESIAN_POINT('',(0.0102170626810575,-0.00142727956672993,0.0112788090442698));
#1468=CARTESIAN_POINT('',(0.010167666486172,-0.00161040016581876,0.0114704442600242));
#1469=CARTESIAN_POINT('',(0.0103007978180228,-0.00105546844228123,0.0108965088518321));
#1470=CARTESIAN_POINT('',(0.010167666486172,-0.00161040016581876,0.0114704442600242));
#1471=CARTESIAN_POINT('',(0.010167666486172,-0.0016104001658189,0.0114704442600243));
#1472=CARTESIAN_POINT('',(0.0101580576820594,-0.00179982246852778,0.0112788090442696));
#1473=CARTESIAN_POINT('',(0.010143155587461,-0.00198952771519996,0.011087173828515));
#1474=CARTESIAN_POINT('',(0.0101229229237746,-0.0021792183651775,0.0108955386127603));
#1475=CARTESIAN_POINT('',(0.0101229138700679,-0.00217927290941396,0.0108955383019512));
#1476=CARTESIAN_POINT('',(0.0101228996645353,-0.00217932678048913,0.0108955378636366));
#1477=CARTESIAN_POINT('',(0.0105012925060196,-0.00223541277708915,0.00726370024165652));
#1478=CARTESIAN_POINT('',(0.010879600455304,-0.00229147824170712,0.00363185345870589));
#1479=CARTESIAN_POINT('',(0.0112578464788805,-0.00234752905369829,1.15795616089787E-17));
#1480=CARTESIAN_POINT('',(0.0112578464788805,-0.00234752905369829,0.));
#1481=CARTESIAN_POINT('',(0.,7.04171909509728E-19,0.));
#1482=CARTESIAN_POINT('',(0.0114322746255715,-0.00124623307832629,0.));
#1483=CARTESIAN_POINT('',(0.0114322746255712,-0.00124623307832882,1.43903709021995E-17));
#1484=CARTESIAN_POINT('',(0.0110551869173517,-0.00118265043508649,0.00363217815269485));
#1485=CARTESIAN_POINT('',(0.0106780357752473,-0.00111906259030898,0.00726434962789763));
#1486=CARTESIAN_POINT('',(0.0103007975330754,-0.00105546803811874,0.0108965119407853));
#1487=CARTESIAN_POINT('',(0.0109475413707537,-0.00355707181668246,-0.000103955845408881));
#1488=CARTESIAN_POINT('',(0.0101228992340671,-0.00217932665930796,0.0108955373973092));
#1489=CARTESIAN_POINT('',(0.00995483554786821,-0.00213451708258182,0.0109139775556998));
#1490=CARTESIAN_POINT('',(0.00972051663573594,-0.00213343150182806,0.0109366807310338));
#1491=CARTESIAN_POINT('',(0.00946977727203187,-0.00220478675525552,0.0109604498350134));
#1492=CARTESIAN_POINT('',(0.0093462892506579,-0.00225675613951199,0.0109717019610157));
#1493=CARTESIAN_POINT('',(0.00915096748702708,-0.00238244503140756,0.0109870385442487));
#1494=CARTESIAN_POINT('',(0.00896516296199417,-0.00257373271203872,0.0109994812520314));
#1495=CARTESIAN_POINT('',(0.00880655465289686,-0.00286145549332738,0.0110066889833474));
#1496=CARTESIAN_POINT('',(0.00876578124864509,-0.00318730300285591,0.0109994783074678));
#1497=CARTESIAN_POINT('',(0.00880362782549079,-0.00345129327200394,0.0109870351509968));
#1498=CARTESIAN_POINT('',(0.00888781584565383,-0.00366789897340869,0.0109716993482256));
#1499=CARTESIAN_POINT('',(0.00895709420274571,-0.00378238918257595,0.0109604636794255));
#1500=CARTESIAN_POINT('',(0.00911796441902741,-0.00398750750617653,0.0109366956438287));
#1501=CARTESIAN_POINT('',(0.00930819592070549,-0.00412441685153091,0.0109139858354203));
#1502=CARTESIAN_POINT('',(0.00947057358297444,-0.00418697857655289,0.0108955373973092));
#1503=CARTESIAN_POINT('',(0.00947048320217817,-0.00418693172116489,0.0108965088518321));
#1504=CARTESIAN_POINT('',(0.0104876320785694,-0.00471800523363019,1.42490182466209E-17));
#1505=CARTESIAN_POINT('',(0.0101486484737616,-0.00454100803624159,0.00363217815269485));
#1506=CARTESIAN_POINT('',(0.00980960614710695,-0.00436398628975056,0.00726434962789763));
#1507=CARTESIAN_POINT('',(0.00947048305607015,-0.00418693124872993,0.0108965119407853));
#1508=CARTESIAN_POINT('',(0.0104876320785705,-0.00471800523362786,0.));
#1509=CARTESIAN_POINT('',(0.010939339769201,-0.00355440695479734,0.));
#1510=CARTESIAN_POINT('',(0.,7.04171909509728E-19,0.));
#1511=CARTESIAN_POINT('',(0.00947052909465705,-0.00418708011280681,0.0108955386127608));
#1512=CARTESIAN_POINT('',(0.00937540029686641,-0.00435243553364163,0.0110871738285153));
#1513=CARTESIAN_POINT('',(0.0092759503983721,-0.00451466953355425,0.0112788090442697));
#1514=CARTESIAN_POINT('',(0.00917238444820751,-0.00467356330890849,0.0114704442600242));
#1515=CARTESIAN_POINT('',(0.00917238444820744,-0.00467356330890861,0.0114704442600243));
#1516=CARTESIAN_POINT('',(0.00917238444820744,-0.0046735633089086,0.0114704442600243));
#1517=CARTESIAN_POINT('',(0.00910471122179166,-0.0048507453404651,0.0112788090442696));
#1518=CARTESIAN_POINT('',(0.00903191634247363,-0.00502656075100537,0.011087173828515));
#1519=CARTESIAN_POINT('',(0.00895405630131563,-0.00520071504282623,0.0108955386127603));
#1520=CARTESIAN_POINT('',(0.00895403083563279,-0.00520076411972848,0.0108955383019512));
#1521=CARTESIAN_POINT('',(0.00895400067829078,-0.00520081096441459,0.0108955378636366));
#1522=CARTESIAN_POINT('',(0.009296542129808,-0.00537108173552243,0.00726370024165652));
#1523=CARTESIAN_POINT('',(0.00963900918877665,-0.00554130674642246,0.00363185345870589));
#1524=CARTESIAN_POINT('',(0.00998142188080806,-0.00571149868575019,1.19773937043935E-17));
#1525=CARTESIAN_POINT('',(0.00998142188080805,-0.0057114986857502,0.));
#1526=CARTESIAN_POINT('',(0.,7.04171909509728E-19,0.));
#1527=CARTESIAN_POINT('',(0.00931253491649901,-0.00676595266037138,-0.000103955845408881));
#1528=CARTESIAN_POINT('',(0.00895400030633817,-0.00520081071614243,0.0108955373973092));
#1529=CARTESIAN_POINT('',(0.0088080091631589,-0.00510625974104069,0.0109139775556981));
#1530=CARTESIAN_POINT('',(0.00858549409779891,-0.0050328187664357,0.0109366807310307));
#1531=CARTESIAN_POINT('',(0.00832497680610613,-0.00502319892062842,0.0109604498350106));
#1532=CARTESIAN_POINT('',(0.00819147329573869,-0.00503446484497079,0.0109717019610162));
#1533=CARTESIAN_POINT('',(0.00796687125608846,-0.00509364434029467,0.0109870385442494));
#1534=CARTESIAN_POINT('',(0.00773104950766808,-0.00521815297957111,0.010999481252032));
#1535=CARTESIAN_POINT('',(0.00749129281265641,-0.00544278094265855,0.0110066889833471));
#1536=CARTESIAN_POINT('',(0.00735182258283737,-0.00574008066507789,0.0109994783074678));
#1537=CARTESIAN_POINT('',(0.00730623933684913,-0.00600284556621446,0.0109870351509968));
#1538=CARTESIAN_POINT('',(0.00731937205920668,-0.00623486535895424,0.0109716993482257));
#1539=CARTESIAN_POINT('',(0.00734988027183511,-0.00636516020811974,0.0109604636794254));
#1540=CARTESIAN_POINT('',(0.00743949189145769,-0.00660995095711144,0.0109366956438286));
#1541=CARTESIAN_POINT('',(0.00757810548632993,-0.00679894424903594,0.0109139858354202));
#1542=CARTESIAN_POINT('',(0.00771320318390192,-0.00690862144243637,0.0108955373973092));
#1543=CARTESIAN_POINT('',(0.00771313170576784,-0.00690854895111229,0.010896508851832));
#1544=CARTESIAN_POINT('',(0.00851638703208786,-0.00772794616438842,1.48341218679709E-17));
#1545=CARTESIAN_POINT('',(0.00824868960776802,-0.00745486013174593,0.00363217815269482));
#1546=CARTESIAN_POINT('',(0.00798094392174287,-0.00718173260547098,0.00726434962789757));
#1547=CARTESIAN_POINT('',(0.00771313171280129,-0.00690854845665007,0.0108965119407853));
#1548=CARTESIAN_POINT('',(0.00851638703208957,-0.00772794616438654,0.));
#1549=CARTESIAN_POINT('',(0.00930555821750845,-0.00676088379184965,0.));
#1550=CARTESIAN_POINT('',(0.,7.04171909509728E-19,0.));
#1551=CARTESIAN_POINT('',(0.00771312949656975,-0.00690870426150618,0.0108955386127608));
#1552=CARTESIAN_POINT('',(0.00757155899839366,-0.00703657019682409,0.0110871738285153));
#1553=CARTESIAN_POINT('',(0.00742684346134733,-0.00716013219088201,0.0112788090442698));
#1554=CARTESIAN_POINT('',(0.00727924551269214,-0.00727924551269195,0.0114704442600242));
#1555=CARTESIAN_POINT('',(0.00727924551269214,-0.00727924551269195,0.0114704442600242));
#1556=CARTESIAN_POINT('',(0.00727924551269205,-0.00727924551269204,0.0114704442600243));
#1557=CARTESIAN_POINT('',(0.00716013219088176,-0.0074268434613476,0.0112788090442696));
#1558=CARTESIAN_POINT('',(0.00703657019682347,-0.00757155899839429,0.011087173828515));
#1559=CARTESIAN_POINT('',(0.00690870426150518,-0.00771312949657072,0.0108955386127603));
#1560=CARTESIAN_POINT('',(0.00690866487660474,-0.00771316830214964,0.0108955383019512));
#1561=CARTESIAN_POINT('',(0.006908621719464,-0.00771320353496244,0.0108955378636366));
#1562=CARTESIAN_POINT('',(0.00718178143711301,-0.00798099179115583,0.00726370024165653));
#1563=CARTESIAN_POINT('',(0.00745488454392581,-0.00824871353824364,0.0036318534587059));
#1564=CARTESIAN_POINT('',(0.00772794616438654,-0.00851638703208957,1.69736039683681E-17));
#1565=CARTESIAN_POINT('',(0.00772794616438654,-0.00851638703208957,0.));
#1566=CARTESIAN_POINT('',(0.,7.04171909509728E-19,0.));
#1567=CARTESIAN_POINT('',(0.00676595266037138,-0.00931253491649901,-0.000103955845408881));
#1568=CARTESIAN_POINT('',(0.00690862144243636,-0.0077132031839019,0.0108955373973092));
#1569=CARTESIAN_POINT('',(0.00679899347252566,-0.0075781661186266,0.0109139775556998));
#1570=CARTESIAN_POINT('',(0.00661006357886493,-0.00743955866446353,0.0109366807310337));
#1571=CARTESIAN_POINT('',(0.00636526960683132,-0.00734990537696948,0.0109604498350133));
#1572=CARTESIAN_POINT('',(0.00623481886130009,-0.00731936505422157,0.0109717019610157));
#1573=CARTESIAN_POINT('',(0.00600292215811938,-0.00730624225165518,0.0109870385442487));
#1574=CARTESIAN_POINT('',(0.00574016706211496,-0.00735178407647749,0.0109994812520314));
#1575=CARTESIAN_POINT('',(0.00544273103702176,-0.00749132907122331,0.0110066889833471));
#1576=CARTESIAN_POINT('',(0.00521821629944442,-0.00773097923832723,0.0109994783074686));
#1577=CARTESIAN_POINT('',(0.00509366523634809,-0.00796679751213874,0.0109870351509978));
#1578=CARTESIAN_POINT('',(0.00503445713854276,-0.00819151968229188,0.0109716993482264));
#1579=CARTESIAN_POINT('',(0.00502320885028712,-0.00832486500384318,0.0109604636794217));
#1580=CARTESIAN_POINT('',(0.00503279006357112,-0.00858536635416164,0.0109366956438246));
#1581=CARTESIAN_POINT('',(0.00510621728719763,-0.0088079436124327,0.010913985835418));
#1582=CARTESIAN_POINT('',(0.00520081071614245,-0.00895400030633819,0.0108955373973092));
#1583=CARTESIAN_POINT('',(0.00520076513744835,-0.00895390927503388,0.010896508851832));
#1584=CARTESIAN_POINT('',(0.00571149868574798,-0.00998142188080932,1.47713355507557E-17));
#1585=CARTESIAN_POINT('',(0.00554129153096614,-0.00963897857649025,0.00363217815269482));
#1586=CARTESIAN_POINT('',(0.00537105129881255,-0.00929648089569454,0.00726434962789757));
#1587=CARTESIAN_POINT('',(0.00520076529693478,-0.00895390880694582,0.0108965119407852));
#1588=CARTESIAN_POINT('',(0.00571149868575019,-0.00998142188080805,0.));
#1589=CARTESIAN_POINT('',(0.00676088379184965,-0.00930555821750845,0.));
#1590=CARTESIAN_POINT('',(0.,7.04171909509728E-19,0.));
#1591=CARTESIAN_POINT('',(0.00520071504282498,-0.0089540563013163,0.0108955386127608));
#1592=CARTESIAN_POINT('',(0.00502656075100458,-0.00903191634247402,0.0110871738285153));
#1593=CARTESIAN_POINT('',(0.00485074534046476,-0.00910471122179182,0.0112788090442697));
#1594=CARTESIAN_POINT('',(0.00467356330890873,-0.00917238444820738,0.0114704442600242));
#1595=CARTESIAN_POINT('',(0.00467356330890873,-0.00917238444820738,0.0114704442600242));
#1596=CARTESIAN_POINT('',(0.0046735633089086,-0.00917238444820744,0.0114704442600243));
#1597=CARTESIAN_POINT('',(0.00451466953355392,-0.00927595039837228,0.0112788090442696));
#1598=CARTESIAN_POINT('',(0.00435243553364084,-0.00937540029686682,0.011087173828515));
#1599=CARTESIAN_POINT('',(0.00418708011280555,-0.00947052909465767,0.0108955386127603));
#1600=CARTESIAN_POINT('',(0.004187030663956,-0.00947055383035281,0.0108955383019512));
#1601=CARTESIAN_POINT('',(0.00418697873153816,-0.00947057400245909,0.0108955378636366));
#1602=CARTESIAN_POINT('',(0.0043640179389398,-0.00980966676343134,0.00726370024165653));
#1603=CARTESIAN_POINT('',(0.00454102385868068,-0.0101486787767749,0.0036318534587059));
#1604=CARTESIAN_POINT('',(0.00471800523362787,-0.0104876320785705,1.89065923392494E-17));
#1605=CARTESIAN_POINT('',(0.00471800523362786,-0.0104876320785705,0.));
#1606=CARTESIAN_POINT('',(0.,7.04171909509728E-19,0.));
#1607=CARTESIAN_POINT('',(0.00355707181668245,-0.0109475413707537,-0.000103955845408881));
#1608=CARTESIAN_POINT('',(0.00418697857655288,-0.00947057358297442,0.0108955373973092));
#1609=CARTESIAN_POINT('',(0.00412444492945254,-0.0093082687963699,0.0109139775556966));
#1610=CARTESIAN_POINT('',(0.00398759398186955,-0.00911806272600425,0.010936680731028));
#1611=CARTESIAN_POINT('',(0.00378248546905826,-0.00895715188523111,0.010960449835008));
#1612=CARTESIAN_POINT('',(0.00366785691615453,-0.00888779481494352,0.0109717019610167));
#1613=CARTESIAN_POINT('',(0.00345136521453818,-0.00880365426584658,0.01098703854425));
#1614=CARTESIAN_POINT('',(0.00318739707047621,-0.00876577132507026,0.0109994812520326));
#1615=CARTESIAN_POINT('',(0.00286139682572115,-0.00880657371515402,0.0110066889833468));
#1616=CARTESIAN_POINT('',(0.00257381464723709,-0.00896511569879754,0.0109994783074681));
#1617=CARTESIAN_POINT('',(0.00238248769286774,-0.00915090380960028,0.0109870351509971));
#1618=CARTESIAN_POINT('',(0.00225673447603072,-0.00934633098547337,0.0109716993482259));
#1619=CARTESIAN_POINT('',(0.00220483074772035,-0.00946967401019684,0.0109604636794242));
#1620=CARTESIAN_POINT('',(0.00213344367873624,-0.00972038627464738,0.0109366956438273));
#1621=CARTESIAN_POINT('',(0.00213449696286659,-0.00995476008646568,0.0109139858354195));
#1622=CARTESIAN_POINT('',(0.00217932665930795,-0.0101228992340671,0.0108955373973092));
#1623=CARTESIAN_POINT('',(0.00217931144161398,-0.0101227985735609,0.010896508851832));
#1624=CARTESIAN_POINT('',(0.0023475290536958,-0.011257846478881,1.47622157294059E-17));
#1625=CARTESIAN_POINT('',(0.00229147323066496,-0.0108795666394549,0.00363217815269483));
#1626=CARTESIAN_POINT('',(0.00223540275243958,-0.0105012248634564,0.00726434962789759));
#1627=CARTESIAN_POINT('',(0.00217931173794175,-0.0101227981776667,0.0108965119407853));
#1628=CARTESIAN_POINT('',(0.00234752905369829,-0.0112578464788805,0.));
#1629=CARTESIAN_POINT('',(0.00355440695479734,-0.010939339769201,0.));
#1630=CARTESIAN_POINT('',(0.,7.04171909509728E-19,0.));
#1631=CARTESIAN_POINT('',(0.00217921836517612,-0.0101229229237749,0.0108955386127608));
#1632=CARTESIAN_POINT('',(0.00198952771519908,-0.0101431555874611,0.0110871738285153));
#1633=CARTESIAN_POINT('',(0.0017998224685274,-0.0101580576820594,0.0112788090442698));
#1634=CARTESIAN_POINT('',(0.00161040016581903,-0.010167666486172,0.0114704442600242));
#1635=CARTESIAN_POINT('',(0.00161040016581903,-0.010167666486172,0.0114704442600242));
#1636=CARTESIAN_POINT('',(0.0016104001658189,-0.010167666486172,0.0114704442600243));
#1637=CARTESIAN_POINT('',(0.00142727956672957,-0.0102170626810576,0.0112788090442696));
#1638=CARTESIAN_POINT('',(0.00124225415522393,-0.0102615120920271,0.011087173828515));
#1639=CARTESIAN_POINT('',(0.00105559538956198,-0.0103008873199033,0.0108955386127603));
#1640=CARTESIAN_POINT('',(0.0010555407171612,-0.0103008955644125,0.0108955383019512));
#1641=CARTESIAN_POINT('',(0.00105548509297316,-0.0103008987012259,0.0108955378636366));
#1642=CARTESIAN_POINT('',(0.00111907395900227,-0.0106781032049349,0.00726370024165652));
#1643=CARTESIAN_POINT('',(0.00118265611897423,-0.0110552206266325,0.00363185345870589));
#1644=CARTESIAN_POINT('',(0.00124623307832629,-0.0114322746255715,1.28160424340261E-17));
#1645=CARTESIAN_POINT('',(0.00124623307832629,-0.0114322746255715,0.));
#1646=CARTESIAN_POINT('',(0.,7.04171909509728E-19,0.));
#1647=CARTESIAN_POINT('',(-2.19106326378702E-18,-0.0115109261996331,-0.000103955845408881));
#1648=CARTESIAN_POINT('',(0.00105548507520129,-0.0103008982543793,0.0108955373973092));
#1649=CARTESIAN_POINT('',(0.00104616697996692,-0.0101272132697585,0.0109139775556987));
#1650=CARTESIAN_POINT('',(0.000974790902670785,-0.0099040272785879,0.0109366807310318));
#1651=CARTESIAN_POINT('',(0.000829445299386319,-0.00968760995878771,0.0109604498350116));
#1652=CARTESIAN_POINT('',(0.000741859580620745,-0.00958622529428236,0.010971701961016));
#1653=CARTESIAN_POINT('',(0.000561964596636859,-0.00943930326181761,0.0109870385442492));
#1654=CARTESIAN_POINT('',(0.000322622445622861,-0.00932170380165385,0.0109994812520318));
#1655=CARTESIAN_POINT('',(-3.08433880654446E-8,-0.00925976956483249,0.0110066889833473));
#1656=CARTESIAN_POINT('',(-0.000322529915458674,-0.0093216841710445,0.0109994783074674));
#1657=CARTESIAN_POINT('',(-0.000561904345749744,-0.00943925588408644,0.0109870351509965));
#1658=CARTESIAN_POINT('',(-0.000741893080594226,-0.00958625829207764,0.0109716993482254));
#1659=CARTESIAN_POINT('',(-0.000829371550379546,-0.00968752534533777,0.010960463679427));
#1660=CARTESIAN_POINT('',(-0.000974739037933927,-0.00990390706065678,0.0109366956438303));
#1661=CARTESIAN_POINT('',(-0.00104616279609601,-0.0101271352843401,0.0109139858354212));
#1662=CARTESIAN_POINT('',(-0.00105548507520129,-0.0103008982543793,0.0108955373973092));
#1663=CARTESIAN_POINT('',(-0.00105546844228123,-0.0103007978180228,0.0108965088518321));
#1664=CARTESIAN_POINT('',(-0.00124623307832882,-0.0114322746255712,1.43903733837413E-17));
#1665=CARTESIAN_POINT('',(-0.00118265043508649,-0.0110551869173517,0.00363217815269484));
#1666=CARTESIAN_POINT('',(-0.00111906259030898,-0.0106780357752473,0.00726434962789761));
#1667=CARTESIAN_POINT('',(-0.00105546803811874,-0.0103007975330754,0.0108965119407853));
#1668=CARTESIAN_POINT('',(-0.00124623307832629,-0.0114322746255715,0.));
#1669=CARTESIAN_POINT('',(-2.18947912053413E-18,-0.0115023025254222,0.));
#1670=CARTESIAN_POINT('',(0.,7.04171909509728E-19,0.));
#1671=CARTESIAN_POINT('',(-0.00105559538956338,-0.0103008873199031,0.0108955386127608));
#1672=CARTESIAN_POINT('',(-0.00124225415522482,-0.010261512092027,0.0110871738285153));
#1673=CARTESIAN_POINT('',(-0.00142727956672995,-0.0102170626810575,0.0112788090442697));
#1674=CARTESIAN_POINT('',(-0.00161040016581878,-0.010167666486172,0.0114704442600242));
#1675=CARTESIAN_POINT('',(-0.00161040016581876,-0.010167666486172,0.0114704442600242));
#1676=CARTESIAN_POINT('',(-0.00161040016581888,-0.010167666486172,0.0114704442600243));
#1677=CARTESIAN_POINT('',(-0.00179982246852776,-0.0101580576820594,0.0112788090442696));
#1678=CARTESIAN_POINT('',(-0.00198952771519995,-0.010143155587461,0.011087173828515));
#1679=CARTESIAN_POINT('',(-0.00217921836517749,-0.0101229229237746,0.0108955386127603));
#1680=CARTESIAN_POINT('',(-0.00217927290941396,-0.0101229138700679,0.0108955383019512));
#1681=CARTESIAN_POINT('',(-0.00217932678048913,-0.0101228996645353,0.0108955378636366));
#1682=CARTESIAN_POINT('',(-0.00223541277708915,-0.0105012925060196,0.00726370024165652));
#1683=CARTESIAN_POINT('',(-0.00229147824170712,-0.010879600455304,0.00363185345870589));
#1684=CARTESIAN_POINT('',(-0.00234752905369829,-0.0112578464788805,1.15795616089789E-17));
#1685=CARTESIAN_POINT('',(-0.00234752905369829,-0.0112578464788805,0.));
#1686=CARTESIAN_POINT('',(0.,7.04171909509728E-19,0.));
#1687=CARTESIAN_POINT('',(-0.00355707181668246,-0.0109475413707537,-0.000103955845408881));
#1688=CARTESIAN_POINT('',(-0.00217932665930795,-0.010122899234067,0.0108955373973092));
#1689=CARTESIAN_POINT('',(-0.00213451708258596,-0.0099548355478837,0.0109139775556981));
#1690=CARTESIAN_POINT('',(-0.00213343150182557,-0.00972051663576273,0.0109366807310308));
#1691=CARTESIAN_POINT('',(-0.00220478675524647,-0.00946977727205309,0.0109604498350106));
#1692=CARTESIAN_POINT('',(-0.00225675613951648,-0.0093462892506493,0.0109717019610162));
#1693=CARTESIAN_POINT('',(-0.0023824450313987,-0.00915096748704012,0.0109870385442494));
#1694=CARTESIAN_POINT('',(-0.00257373271202274,-0.00896516296200376,0.010999481252032));
#1695=CARTESIAN_POINT('',(-0.00286145549333315,-0.00880655465289351,0.0110066889833472));
#1696=CARTESIAN_POINT('',(-0.00318730300285456,-0.00876578124864556,0.0109994783074678));
#1697=CARTESIAN_POINT('',(-0.00345129327200355,-0.00880362782549052,0.0109870351509968));
#1698=CARTESIAN_POINT('',(-0.00366789897340896,-0.008887815845654,0.0109716993482256));
#1699=CARTESIAN_POINT('',(-0.00378238918257529,-0.00895709420274531,0.0109604636794256));
#1700=CARTESIAN_POINT('',(-0.00398750750617593,-0.00911796441902674,0.0109366956438288));
#1701=CARTESIAN_POINT('',(-0.00412441685153071,-0.00930819592070498,0.0109139858354203));
#1702=CARTESIAN_POINT('',(-0.00418697857655289,-0.00947057358297443,0.0108955373973092));
#1703=CARTESIAN_POINT('',(-0.00418693172116489,-0.00947048320217818,0.010896508851832));
#1704=CARTESIAN_POINT('',(-0.00471800523363019,-0.0104876320785694,1.42490182466209E-17));
#1705=CARTESIAN_POINT('',(-0.00454100803624159,-0.0101486484737616,0.00363217815269483));
#1706=CARTESIAN_POINT('',(-0.00436398628975057,-0.00980960614710696,0.00726434962789759));
#1707=CARTESIAN_POINT('',(-0.00418693124872994,-0.00947048305607015,0.0108965119407853));
#1708=CARTESIAN_POINT('',(-0.00471800523362786,-0.0104876320785705,0.));
#1709=CARTESIAN_POINT('',(-0.00355440695479734,-0.010939339769201,0.));
#1710=CARTESIAN_POINT('',(0.,7.04171909509728E-19,0.));
#1711=CARTESIAN_POINT('',(-0.0041870801128068,-0.00947052909465706,0.0108955386127608));
#1712=CARTESIAN_POINT('',(-0.00435243553364163,-0.00937540029686641,0.0110871738285152));
#1713=CARTESIAN_POINT('',(-0.00451466953355427,-0.00927595039837209,0.0112788090442697));
#1714=CARTESIAN_POINT('',(-0.00467356330890851,-0.0091723844482075,0.0114704442600242));
#1715=CARTESIAN_POINT('',(-0.00467356330890849,-0.00917238444820751,0.0114704442600242));
#1716=CARTESIAN_POINT('',(-0.0046735633089086,-0.00917238444820744,0.0114704442600243));
#1717=CARTESIAN_POINT('',(-0.0048507453404651,-0.00910471122179166,0.0112788090442696));
#1718=CARTESIAN_POINT('',(-0.00502656075100538,-0.00903191634247362,0.011087173828515));
#1719=CARTESIAN_POINT('',(-0.00520071504282623,-0.00895405630131562,0.0108955386127603));
#1720=CARTESIAN_POINT('',(-0.00520076411972849,-0.0089540308356328,0.0108955383019512));
#1721=CARTESIAN_POINT('',(-0.00520081096441459,-0.00895400067829078,0.0108955378636366));
#1722=CARTESIAN_POINT('',(-0.00537108173552242,-0.009296542129808,0.00726370024165652));
#1723=CARTESIAN_POINT('',(-0.00554130674642246,-0.00963900918877665,0.00363185345870589));
#1724=CARTESIAN_POINT('',(-0.00571149868575019,-0.00998142188080806,1.19773937043937E-17));
#1725=CARTESIAN_POINT('',(-0.0057114986857502,-0.00998142188080805,0.));
#1726=CARTESIAN_POINT('',(0.,7.04171909509728E-19,0.));
#1727=CARTESIAN_POINT('',(-0.00676595266037138,-0.00931253491649901,-0.000103955845408881));
#1728=CARTESIAN_POINT('',(-0.00520081071614244,-0.00895400030633818,0.0108955373973092));
#1729=CARTESIAN_POINT('',(-0.00510625974102831,-0.00880800916313979,0.0109139775557005));
#1730=CARTESIAN_POINT('',(-0.00503281876642732,-0.00858549409776165,0.0109366807310351));
#1731=CARTESIAN_POINT('',(-0.00502319892063131,-0.00832497680607353,0.0109604498350146));
#1732=CARTESIAN_POINT('',(-0.00503446484496856,-0.00819147329575223,0.0109717019610155));
#1733=CARTESIAN_POINT('',(-0.0050936443403007,-0.007966871256067,0.0109870385442484));
#1734=CARTESIAN_POINT('',(-0.00521815297958989,-0.00773104950764746,0.0109994812520312));
#1735=CARTESIAN_POINT('',(-0.00544278094264133,-0.00749129281266811,0.011006688983347));
#1736=CARTESIAN_POINT('',(-0.00574008066511076,-0.00735182258282288,0.0109994783074689));
#1737=CARTESIAN_POINT('',(-0.00600284556624385,-0.00730623933685019,0.0109870351509981));
#1738=CARTESIAN_POINT('',(-0.00623486535893641,-0.00731937205920401,0.0109716993482267));
#1739=CARTESIAN_POINT('',(-0.00636516020816163,-0.00734988027184472,0.0109604636794201));
#1740=CARTESIAN_POINT('',(-0.00660995095715456,-0.00743949189148326,0.0109366956438229));
#1741=CARTESIAN_POINT('',(-0.00679894424905479,-0.00757810548635314,0.0109139858354171));
#1742=CARTESIAN_POINT('',(-0.00690862144243637,-0.00771320318390192,0.0108955373973092));
#1743=CARTESIAN_POINT('',(-0.00690854895111228,-0.00771313170576784,0.0108965088518321));
#1744=CARTESIAN_POINT('',(-0.00772794616438842,-0.00851638703208786,1.50138895149794E-17));
#1745=CARTESIAN_POINT('',(-0.00745486013174593,-0.00824868960776802,0.00363217815269486));
#1746=CARTESIAN_POINT('',(-0.00718173260547097,-0.00798094392174287,0.00726434962789764));
#1747=CARTESIAN_POINT('',(-0.00690854845665006,-0.00771313171280129,0.0108965119407854));
#1748=CARTESIAN_POINT('',(-0.00772794616438654,-0.00851638703208957,0.));
#1749=CARTESIAN_POINT('',(-0.00676088379184965,-0.00930555821750845,0.));
#1750=CARTESIAN_POINT('',(0.,7.04171909509728E-19,0.));
#1751=CARTESIAN_POINT('',(-0.00690870426150617,-0.00771312949656976,0.0108955386127608));
#1752=CARTESIAN_POINT('',(-0.00703657019682408,-0.00757155899839367,0.0110871738285153));
#1753=CARTESIAN_POINT('',(-0.007160132190882,-0.00742684346134734,0.0112788090442698));
#1754=CARTESIAN_POINT('',(-0.00727924551269194,-0.00727924551269215,0.0114704442600242));
#1755=CARTESIAN_POINT('',(-0.00727924551269195,-0.00727924551269214,0.0114704442600242));
#1756=CARTESIAN_POINT('',(-0.00727924551269204,-0.00727924551269204,0.0114704442600243));
#1757=CARTESIAN_POINT('',(-0.00742684346134761,-0.00716013219088176,0.0112788090442696));
#1758=CARTESIAN_POINT('',(-0.0075715589983943,-0.00703657019682347,0.011087173828515));
#1759=CARTESIAN_POINT('',(-0.00771312949657073,-0.00690870426150516,0.0108955386127603));
#1760=CARTESIAN_POINT('',(-0.00771316830214964,-0.00690866487660474,0.0108955383019512));
#1761=CARTESIAN_POINT('',(-0.00771320353496244,-0.006908621719464,0.0108955378636366));
#1762=CARTESIAN_POINT('',(-0.00798099179115583,-0.00718178143711301,0.00726370024165652));
#1763=CARTESIAN_POINT('',(-0.00824871353824364,-0.00745488454392581,0.00363185345870589));
#1764=CARTESIAN_POINT('',(-0.00851638703208956,-0.00772794616438654,1.39970069022731E-17));
#1765=CARTESIAN_POINT('',(-0.00851638703208957,-0.00772794616438654,0.));
#1766=CARTESIAN_POINT('',(0.,7.04171909509728E-19,0.));
#1767=CARTESIAN_POINT('',(-0.00931253491649901,-0.00676595266037138,-0.000103955845408881));
#1768=CARTESIAN_POINT('',(-0.00771320318390189,-0.00690862144243635,0.0108955373973092));
#1769=CARTESIAN_POINT('',(-0.00757816611863345,-0.00679899347253122,0.0109139775556988));
#1770=CARTESIAN_POINT('',(-0.00743955866447108,-0.00661006357887767,0.010936680731032));
#1771=CARTESIAN_POINT('',(-0.00734990537697233,-0.00636526960684369,0.0109604498350118));
#1772=CARTESIAN_POINT('',(-0.00731936505422075,-0.00623481886129483,0.010971701961016));
#1773=CARTESIAN_POINT('',(-0.0073062422516556,-0.00600292215812797,0.0109870385442491));
#1774=CARTESIAN_POINT('',(-0.00735178407647266,-0.00574016706212515,0.0109994812520318));
#1775=CARTESIAN_POINT('',(-0.00749132907123115,-0.00544273103701287,0.0110066889833472));
#1776=CARTESIAN_POINT('',(-0.00773097923830855,-0.0052182162994609,0.0109994783074678));
#1777=CARTESIAN_POINT('',(-0.00796679751211884,-0.00509366523635382,0.0109870351509968));
#1778=CARTESIAN_POINT('',(-0.00819151968230439,-0.00503445713854065,0.0109716993482257));
#1779=CARTESIAN_POINT('',(-0.00832486500381309,-0.0050232088502898,0.0109604636794254));
#1780=CARTESIAN_POINT('',(-0.00858536635412725,-0.0050327900635634,0.0109366956438286));
#1781=CARTESIAN_POINT('',(-0.00880794361241506,-0.0051062172871862,0.0109139858354202));
#1782=CARTESIAN_POINT('',(-0.00895400030633819,-0.00520081071614245,0.0108955373973092));
#1783=CARTESIAN_POINT('',(-0.00895390927503388,-0.00520076513744835,0.010896508851832));
#1784=CARTESIAN_POINT('',(-0.00998142188080932,-0.00571149868574798,1.47713355507557E-17));
#1785=CARTESIAN_POINT('',(-0.00963897857649025,-0.00554129153096614,0.00363217815269483));
#1786=CARTESIAN_POINT('',(-0.00929648089569454,-0.00537105129881255,0.00726434962789759));
#1787=CARTESIAN_POINT('',(-0.00895390880694582,-0.00520076529693478,0.0108965119407853));
#1788=CARTESIAN_POINT('',(-0.00998142188080805,-0.00571149868575019,0.));
#1789=CARTESIAN_POINT('',(-0.00930555821750845,-0.00676088379184965,0.));
#1790=CARTESIAN_POINT('',(0.,7.04171909509728E-19,0.));
#1791=CARTESIAN_POINT('',(-0.00895405630131628,-0.00520071504282499,0.0108955386127608));
#1792=CARTESIAN_POINT('',(-0.00903191634247401,-0.00502656075100459,0.0110871738285153));
#1793=CARTESIAN_POINT('',(-0.00910471122179181,-0.00485074534046477,0.0112788090442698));
#1794=CARTESIAN_POINT('',(-0.00917238444820738,-0.00467356330890874,0.0114704442600242));
#1795=CARTESIAN_POINT('',(-0.00917238444820738,-0.00467356330890873,0.0114704442600242));
#1796=CARTESIAN_POINT('',(-0.00917238444820745,-0.0046735633089086,0.0114704442600243));
#1797=CARTESIAN_POINT('',(-0.00927595039837229,-0.00451466953355391,0.0112788090442696));
#1798=CARTESIAN_POINT('',(-0.00937540029686682,-0.00435243553364083,0.011087173828515));
#1799=CARTESIAN_POINT('',(-0.00947052909465767,-0.00418708011280554,0.0108955386127603));
#1800=CARTESIAN_POINT('',(-0.00947055383035281,-0.004187030663956,0.0108955383019512));
#1801=CARTESIAN_POINT('',(-0.00947057400245909,-0.00418697873153816,0.0108955378636366));
#1802=CARTESIAN_POINT('',(-0.00980966676343134,-0.0043640179389398,0.00726370024165653));
#1803=CARTESIAN_POINT('',(-0.0101486787767749,-0.00454102385868068,0.0036318534587059));
#1804=CARTESIAN_POINT('',(-0.0104876320785705,-0.00471800523362787,1.96059501472091E-17));
#1805=CARTESIAN_POINT('',(-0.0104876320785705,-0.00471800523362786,0.));
#1806=CARTESIAN_POINT('',(0.,7.04171909509728E-19,0.));
#1807=CARTESIAN_POINT('',(-0.0109475413707537,-0.00355707181668245,-0.000103955845408881));
#1808=CARTESIAN_POINT('',(-0.00947057358297442,-0.00418697857655288,0.0108955373973092));
#1809=CARTESIAN_POINT('',(-0.00930826879635715,-0.00412444492944763,0.010913977555698));
#1810=CARTESIAN_POINT('',(-0.00911806272598705,-0.00398759398185443,0.0109366807310306));
#1811=CARTESIAN_POINT('',(-0.00895715188522103,-0.00378248546904141,0.0109604498350104));
#1812=CARTESIAN_POINT('',(-0.00888779481494717,-0.00366785691616192,0.0109717019610162));
#1813=CARTESIAN_POINT('',(-0.00880365426584208,-0.00345136521452546,0.0109870385442495));
#1814=CARTESIAN_POINT('',(-0.00876577132507142,-0.00318739707046077,0.0109994812520321));
#1815=CARTESIAN_POINT('',(-0.00880657371515528,-0.00286139682572374,0.0110066889833471));
#1816=CARTESIAN_POINT('',(-0.00896511569879259,-0.00257381464724474,0.0109994783074677));
#1817=CARTESIAN_POINT('',(-0.00915090380959346,-0.00238248769287251,0.0109870351509968));
#1818=CARTESIAN_POINT('',(-0.00934633098547783,-0.00225673447602835,0.0109716993482256));
#1819=CARTESIAN_POINT('',(-0.00946967401018582,-0.00220483074772506,0.0109604636794257));
#1820=CARTESIAN_POINT('',(-0.00972038627463346,-0.00213344367873754,0.0109366956438289));
#1821=CARTESIAN_POINT('',(-0.00995476008645762,-0.00213449696286444,0.0109139858354204));
#1822=CARTESIAN_POINT('',(-0.0101228992340671,-0.00217932665930795,0.0108955373973092));
#1823=CARTESIAN_POINT('',(-0.0101227985735609,-0.00217931144161398,0.010896508851832));
#1824=CARTESIAN_POINT('',(-0.011257846478881,-0.0023475290536958,1.47622157294059E-17));
#1825=CARTESIAN_POINT('',(-0.0108795666394549,-0.00229147323066497,0.00363217815269482));
#1826=CARTESIAN_POINT('',(-0.0105012248634564,-0.00223540275243958,0.00726434962789756));
#1827=CARTESIAN_POINT('',(-0.0101227981776667,-0.00217931173794175,0.0108965119407852));
#1828=CARTESIAN_POINT('',(-0.0112578464788805,-0.00234752905369829,0.));
#1829=CARTESIAN_POINT('',(-0.010939339769201,-0.00355440695479734,0.));
#1830=CARTESIAN_POINT('',(0.,7.04171909509728E-19,0.));
#1831=CARTESIAN_POINT('',(-0.0101229229237749,-0.00217921836517612,0.0108955386127608));
#1832=CARTESIAN_POINT('',(-0.0101431555874611,-0.00198952771519908,0.0110871738285153));
#1833=CARTESIAN_POINT('',(-0.0101580576820594,-0.0017998224685274,0.0112788090442698));
#1834=CARTESIAN_POINT('',(-0.010167666486172,-0.00161040016581903,0.0114704442600242));
#1835=CARTESIAN_POINT('',(-0.010167666486172,-0.00161040016581903,0.0114704442600242));
#1836=CARTESIAN_POINT('',(-0.010167666486172,-0.00161040016581888,0.0114704442600243));
#1837=CARTESIAN_POINT('',(-0.0102170626810576,-0.00142727956672955,0.0112788090442696));
#1838=CARTESIAN_POINT('',(-0.0102615120920271,-0.0012422541552239,0.011087173828515));
#1839=CARTESIAN_POINT('',(-0.0103008873199033,-0.00105559538956194,0.0108955386127603));
#1840=CARTESIAN_POINT('',(-0.0103008955644125,-0.0010555407171612,0.0108955383019512));
#1841=CARTESIAN_POINT('',(-0.0103008987012259,-0.00105548509297316,0.0108955378636366));
#1842=CARTESIAN_POINT('',(-0.0106781032049349,-0.00111907395900227,0.00726370024165652));
#1843=CARTESIAN_POINT('',(-0.0110552206266325,-0.00118265611897423,0.00363185345870589));
#1844=CARTESIAN_POINT('',(-0.0114322746255715,-0.00124623307832629,1.28199629039753E-17));
#1845=CARTESIAN_POINT('',(-0.0114322746255715,-0.00124623307832629,0.));
#1846=CARTESIAN_POINT('',(0.,7.04171909509728E-19,0.));
#1847=CARTESIAN_POINT('',(-0.0115109261996331,1.48622231750692E-18,-0.000103955845408881));
#1848=CARTESIAN_POINT('',(-0.0103008982543793,-0.00105548507520129,0.0108955373973092));
#1849=CARTESIAN_POINT('',(-0.010127213269756,-0.00104616697996678,0.010913977555699));
#1850=CARTESIAN_POINT('',(-0.00990402727858399,-0.000974790902669098,0.0109366807310323));
#1851=CARTESIAN_POINT('',(-0.00968760995878496,-0.00082944529938392,0.010960449835012));
#1852=CARTESIAN_POINT('',(-0.00958622529428343,-0.000741859580621826,0.0109717019610159));
#1853=CARTESIAN_POINT('',(-0.00943930326181604,-0.000561964596634921,0.0109870385442491));
#1854=CARTESIAN_POINT('',(-0.00932170380165326,-0.000322622445619555,0.0109994812520317));
#1855=CARTESIAN_POINT('',(-0.00925976956483202,3.08433839799015E-8,0.0110066889833473));
#1856=CARTESIAN_POINT('',(-0.00932168417104651,0.000322529915467621,0.0109994783074677));
#1857=CARTESIAN_POINT('',(-0.00943925588409114,0.000561904345755785,0.0109870351509968));
#1858=CARTESIAN_POINT('',(-0.00958625829207435,0.000741893080590879,0.0109716993482256));
#1859=CARTESIAN_POINT('',(-0.00968752534534619,0.000829371550386889,0.0109604636794256));
#1860=CARTESIAN_POINT('',(-0.00990390706066874,0.000974739037939086,0.0109366956438288));
#1861=CARTESIAN_POINT('',(-0.0101271352843478,0.00104616279609642,0.0109139858354203));
#1862=CARTESIAN_POINT('',(-0.0103008982543793,0.00105548507520129,0.0108955373973092));
#1863=CARTESIAN_POINT('',(-0.0103007978180228,0.00105546844228123,0.0108965088518321));
#1864=CARTESIAN_POINT('',(-0.0114322746255712,0.00124623307832882,1.43850884234101E-17));
#1865=CARTESIAN_POINT('',(-0.0110551869173517,0.00118265043508649,0.00363217815269485));
#1866=CARTESIAN_POINT('',(-0.0106780357752473,0.00111906259030898,0.00726434962789763));
#1867=CARTESIAN_POINT('',(-0.0103007975330754,0.00105546803811874,0.0108965119407853));
#1868=CARTESIAN_POINT('',(-0.0114322746255715,0.00124623307832629,0.));
#1869=CARTESIAN_POINT('',(-0.0115023025254222,1.48516622200499E-18,0.));
#1870=CARTESIAN_POINT('',(0.,7.04171909509728E-19,0.));
#1871=CARTESIAN_POINT('',(-0.0103008873199031,0.00105559538956336,0.0108955386127608));
#1872=CARTESIAN_POINT('',(-0.010261512092027,0.0012422541552248,0.0110871738285153));
#1873=CARTESIAN_POINT('',(-0.0102170626810575,0.00142727956672994,0.0112788090442697));
#1874=CARTESIAN_POINT('',(-0.010167666486172,0.00161040016581876,0.0114704442600242));
#1875=CARTESIAN_POINT('',(-0.010167666486172,0.00161040016581876,0.0114704442600242));
#1876=CARTESIAN_POINT('',(-0.010167666486172,0.00161040016581892,0.0114704442600243));
#1877=CARTESIAN_POINT('',(-0.0101580576820594,0.00179982246852778,0.0112788090442696));
#1878=CARTESIAN_POINT('',(-0.010143155587461,0.00198952771519995,0.011087173828515));
#1879=CARTESIAN_POINT('',(-0.0101229229237746,0.00217921836517748,0.0108955386127603));
#1880=CARTESIAN_POINT('',(-0.0101229138700679,0.00217927290941396,0.0108955383019512));
#1881=CARTESIAN_POINT('',(-0.0101228996645353,0.00217932678048913,0.0108955378636366));
#1882=CARTESIAN_POINT('',(-0.0105012925060196,0.00223541277708915,0.00726370024165653));
#1883=CARTESIAN_POINT('',(-0.010879600455304,0.00229147824170712,0.0036318534587059));
#1884=CARTESIAN_POINT('',(-0.0112578464788805,0.00234752905369829,1.51522002140483E-17));
#1885=CARTESIAN_POINT('',(-0.0112578464788805,0.00234752905369829,0.));
#1886=CARTESIAN_POINT('',(0.,7.04171909509728E-19,0.));
#1887=CARTESIAN_POINT('',(-0.0109475413707537,0.00355707181668246,-0.000103955845408881));
#1888=CARTESIAN_POINT('',(-0.0101228992340671,0.00217932665930796,0.0108955373973092));
#1889=CARTESIAN_POINT('',(-0.00995483554788462,0.00213451708258619,0.010913977555698));
#1890=CARTESIAN_POINT('',(-0.00972051663576427,0.00213343150182543,0.0109366807310306));
#1891=CARTESIAN_POINT('',(-0.00946977727205432,0.00220478675524593,0.0109604498350104));
#1892=CARTESIAN_POINT('',(-0.00934628925064883,0.00225675613951679,0.0109717019610162));
#1893=CARTESIAN_POINT('',(-0.00915096748704096,0.00238244503139793,0.0109870385442494));
#1894=CARTESIAN_POINT('',(-0.00896516296200427,0.00257373271202284,0.0109994812520321));
#1895=CARTESIAN_POINT('',(-0.00880655465289408,0.00286145549332455,0.0110066889833468));
#1896=CARTESIAN_POINT('',(-0.00876578124864334,0.00318730300288028,0.0109994783074686));
#1897=CARTESIAN_POINT('',(-0.00880362782549792,0.00345129327202416,0.0109870351509977));
#1898=CARTESIAN_POINT('',(-0.00888781584564807,0.00366789897339697,0.0109716993482264));
#1899=CARTESIAN_POINT('',(-0.00895709420276164,0.00378238918260259,0.0109604636794217));
#1900=CARTESIAN_POINT('',(-0.00911796441905459,0.00398750750620041,0.0109366956438246));
#1901=CARTESIAN_POINT('',(-0.00930819592072563,0.00412441685153867,0.010913985835418));
#1902=CARTESIAN_POINT('',(-0.00947057358297444,0.00418697857655289,0.0108955373973092));
#1903=CARTESIAN_POINT('',(-0.00947048320217817,0.00418693172116489,0.0108965088518321));
#1904=CARTESIAN_POINT('',(-0.0104876320785694,0.00471800523363019,1.42490182466209E-17));
#1905=CARTESIAN_POINT('',(-0.0101486484737616,0.00454100803624159,0.00363217815269485));
#1906=CARTESIAN_POINT('',(-0.00980960614710695,0.00436398628975056,0.00726434962789763));
#1907=CARTESIAN_POINT('',(-0.00947048305607015,0.00418693124872993,0.0108965119407853));
#1908=CARTESIAN_POINT('',(-0.0104876320785705,0.00471800523362786,0.));
#1909=CARTESIAN_POINT('',(-0.010939339769201,0.00355440695479734,0.));
#1910=CARTESIAN_POINT('',(0.,7.04171909509728E-19,0.));
#1911=CARTESIAN_POINT('',(-0.00947052909465704,0.00418708011280683,0.0108955386127608));
#1912=CARTESIAN_POINT('',(-0.0093754002968664,0.00435243553364164,0.0110871738285153));
#1913=CARTESIAN_POINT('',(-0.00927595039837209,0.00451466953355426,0.0112788090442698));
#1914=CARTESIAN_POINT('',(-0.0091723844482075,0.0046735633089085,0.0114704442600242));
#1915=CARTESIAN_POINT('',(-0.00917238444820751,0.00467356330890848,0.0114704442600242));
#1916=CARTESIAN_POINT('',(-0.00917238444820745,0.00467356330890859,0.0114704442600243));
#1917=CARTESIAN_POINT('',(-0.00910471122179167,0.00485074534046509,0.0112788090442696));
#1918=CARTESIAN_POINT('',(-0.00903191634247363,0.00502656075100536,0.011087173828515));
#1919=CARTESIAN_POINT('',(-0.00895405630131563,0.00520071504282621,0.0108955386127603));
#1920=CARTESIAN_POINT('',(-0.0089540308356328,0.00520076411972849,0.0108955383019512));
#1921=CARTESIAN_POINT('',(-0.00895400067829078,0.00520081096441459,0.0108955378636366));
#1922=CARTESIAN_POINT('',(-0.009296542129808,0.00537108173552242,0.00726370024165652));
#1923=CARTESIAN_POINT('',(-0.00963900918877665,0.00554130674642246,0.00363185345870589));
#1924=CARTESIAN_POINT('',(-0.00998142188080806,0.00571149868575019,1.19773937043938E-17));
#1925=CARTESIAN_POINT('',(-0.00998142188080805,0.0057114986857502,0.));
#1926=CARTESIAN_POINT('',(0.,7.04171909509728E-19,0.));
#1927=CARTESIAN_POINT('',(-0.00931253491649901,0.00676595266037138,-0.000103955845408881));
#1928=CARTESIAN_POINT('',(-0.00895400030633818,0.00520081071614244,0.0108955373973092));
#1929=CARTESIAN_POINT('',(-0.00880800916314687,0.00510625974103289,0.0109139775556996));
#1930=CARTESIAN_POINT('',(-0.00858549409777544,0.00503281876643043,0.0109366807310335));
#1931=CARTESIAN_POINT('',(-0.0083249768060856,0.00502319892063023,0.0109604498350131));
#1932=CARTESIAN_POINT('',(-0.00819147329574723,0.00503446484496939,0.0109717019610157));
#1933=CARTESIAN_POINT('',(-0.00796687125607495,0.00509364434029845,0.0109870385442488));
#1934=CARTESIAN_POINT('',(-0.00773104950765506,0.00521815297958302,0.0109994812520315));
#1935=CARTESIAN_POINT('',(-0.00749129281266404,0.0054427809426471,0.011006688983347));
#1936=CARTESIAN_POINT('',(-0.00735182258282751,0.00574008066510033,0.0109994783074686));
#1937=CARTESIAN_POINT('',(-0.00730623933684985,0.00600284556623456,0.0109870351509977));
#1938=CARTESIAN_POINT('',(-0.00731937205920486,0.00623486535894206,0.0109716993482263));
#1939=CARTESIAN_POINT('',(-0.00734988027184167,0.00636516020814834,0.0109604636794218));
#1940=CARTESIAN_POINT('',(-0.00743949189147514,0.00660995095714088,0.0109366956438247));
#1941=CARTESIAN_POINT('',(-0.00757810548634578,0.00679894424904881,0.010913985835418));
#1942=CARTESIAN_POINT('',(-0.00771320318390192,0.00690862144243637,0.0108955373973092));
#1943=CARTESIAN_POINT('',(-0.00771313170576784,0.00690854895111228,0.0108965088518321));
#1944=CARTESIAN_POINT('',(-0.00851638703208786,0.00772794616438843,1.51936571102892E-17));
#1945=CARTESIAN_POINT('',(-0.00824868960776802,0.00745486013174593,0.00363217815269486));
#1946=CARTESIAN_POINT('',(-0.00798094392174287,0.00718173260547097,0.00726434962789764));
#1947=CARTESIAN_POINT('',(-0.00771313171280129,0.00690854845665006,0.0108965119407854));
#1948=CARTESIAN_POINT('',(-0.00851638703208957,0.00772794616438654,0.));
#1949=CARTESIAN_POINT('',(-0.00930555821750845,0.00676088379184965,0.));
#1950=CARTESIAN_POINT('',(0.,7.04171909509728E-19,0.));
#1951=CARTESIAN_POINT('',(-0.00771312949656973,0.0069087042615062,0.0108955386127608));
#1952=CARTESIAN_POINT('',(-0.00757155899839364,0.00703657019682411,0.0110871738285153));
#1953=CARTESIAN_POINT('',(-0.00742684346134731,0.00716013219088203,0.0112788090442698));
#1954=CARTESIAN_POINT('',(-0.00727924551269213,0.00727924551269196,0.0114704442600242));
#1955=CARTESIAN_POINT('',(-0.00727924551269214,0.00727924551269195,0.0114704442600242));
#1956=CARTESIAN_POINT('',(-0.00727924551269205,0.00727924551269203,0.0114704442600243));
#1957=CARTESIAN_POINT('',(-0.00716013219088177,0.0074268434613476,0.0112788090442696));
#1958=CARTESIAN_POINT('',(-0.00703657019682348,0.00757155899839429,0.011087173828515));
#1959=CARTESIAN_POINT('',(-0.00690870426150518,0.00771312949657072,0.0108955386127603));
#1960=CARTESIAN_POINT('',(-0.00690866487660475,0.00771316830214965,0.0108955383019512));
#1961=CARTESIAN_POINT('',(-0.00690862171946401,0.00771320353496244,0.0108955378636366));
#1962=CARTESIAN_POINT('',(-0.00718178143711301,0.00798099179115583,0.00726370024165652));
#1963=CARTESIAN_POINT('',(-0.00745488454392581,0.00824871353824364,0.00363185345870589));
#1964=CARTESIAN_POINT('',(-0.00772794616438654,0.00851638703208956,1.56931499973924E-17));
#1965=CARTESIAN_POINT('',(-0.00772794616438654,0.00851638703208957,0.));
#1966=CARTESIAN_POINT('',(0.,7.04171909509728E-19,0.));
#1967=CARTESIAN_POINT('',(-0.00676595266037138,0.00931253491649901,-0.000103955845408881));
#1968=CARTESIAN_POINT('',(-0.00690862144243637,0.00771320318390192,0.0108955373973092));
#1969=CARTESIAN_POINT('',(-0.00679899347253028,0.00757816611863227,0.010913977555699));
#1970=CARTESIAN_POINT('',(-0.00661006357887547,0.00743955866446977,0.0109366807310323));
#1971=CARTESIAN_POINT('',(-0.00636526960684154,0.00734990537697185,0.010960449835012));
#1972=CARTESIAN_POINT('',(-0.00623481886129582,0.00731936505422086,0.0109717019610159));
#1973=CARTESIAN_POINT('',(-0.00600292215812635,0.00730624225165566,0.0109870385442491));
#1974=CARTESIAN_POINT('',(-0.00574016706212401,0.00735178407647276,0.0109994812520317));
#1975=CARTESIAN_POINT('',(-0.00544273103700917,0.00749132907123583,0.0110066889833475));
#1976=CARTESIAN_POINT('',(-0.00521821629947313,0.00773097923829442,0.0109994783074672));
#1977=CARTESIAN_POINT('',(-0.00509366523635829,0.00796679751210358,0.0109870351509961));
#1978=CARTESIAN_POINT('',(-0.00503445713853902,0.00819151968231396,0.0109716993482251));
#1979=CARTESIAN_POINT('',(-0.00502320885029186,0.00832486500379001,0.0109604636794282));
#1980=CARTESIAN_POINT('',(-0.00503279006355747,0.00858536635410089,0.0109366956438317));
#1981=CARTESIAN_POINT('',(-0.00510621728717744,0.00880794361240153,0.0109139858354219));
#1982=CARTESIAN_POINT('',(-0.00520081071614244,0.00895400030633818,0.0108955373973092));
#1983=CARTESIAN_POINT('',(-0.00520076513744835,0.00895390927503388,0.010896508851832));
#1984=CARTESIAN_POINT('',(-0.00571149868574798,0.00998142188080932,1.47713355507557E-17));
#1985=CARTESIAN_POINT('',(-0.00554129153096613,0.00963897857649025,0.00363217815269484));
#1986=CARTESIAN_POINT('',(-0.00537105129881255,0.00929648089569454,0.0072643496278976));
#1987=CARTESIAN_POINT('',(-0.00520076529693478,0.00895390880694582,0.0108965119407853));
#1988=CARTESIAN_POINT('',(-0.00571149868575019,0.00998142188080805,0.));
#1989=CARTESIAN_POINT('',(-0.00676088379184965,0.00930555821750845,0.));
#1990=CARTESIAN_POINT('',(0.,7.04171909509728E-19,0.));
#1991=CARTESIAN_POINT('',(-0.00520071504282501,0.00895405630131628,0.0108955386127608));
#1992=CARTESIAN_POINT('',(-0.00502656075100459,0.00903191634247402,0.0110871738285153));
#1993=CARTESIAN_POINT('',(-0.00485074534046475,0.00910471122179182,0.0112788090442698));
#1994=CARTESIAN_POINT('',(-0.00467356330890871,0.0091723844482074,0.0114704442600242));
#1995=CARTESIAN_POINT('',(-0.00467356330890873,0.00917238444820738,0.0114704442600242));
#1996=CARTESIAN_POINT('',(-0.00467356330890861,0.00917238444820744,0.0114704442600243));
#1997=CARTESIAN_POINT('',(-0.00451466953355393,0.00927595039837228,0.0112788090442696));
#1998=CARTESIAN_POINT('',(-0.00435243553364084,0.00937540029686682,0.011087173828515));
#1999=CARTESIAN_POINT('',(-0.00418708011280555,0.00947052909465767,0.0108955386127603));
#2000=CARTESIAN_POINT('',(-0.004187030663956,0.00947055383035281,0.0108955383019512));
#2001=CARTESIAN_POINT('',(-0.00418697873153816,0.00947057400245909,0.0108955378636366));
#2002=CARTESIAN_POINT('',(-0.0043640179389398,0.00980966676343133,0.00726370024165652));
#2003=CARTESIAN_POINT('',(-0.00454102385868068,0.0101486787767749,0.00363185345870589));
#2004=CARTESIAN_POINT('',(-0.00471800523362787,0.0104876320785705,1.30586842578166E-17));
#2005=CARTESIAN_POINT('',(-0.00471800523362786,0.0104876320785705,0.));
#2006=CARTESIAN_POINT('',(0.,7.04171909509728E-19,0.));
#2007=CARTESIAN_POINT('',(-0.00355707181668245,0.0109475413707537,-0.000103955845408881));
#2008=CARTESIAN_POINT('',(-0.00418697857655288,0.00947057358297442,0.0108955373973092));
#2009=CARTESIAN_POINT('',(-0.0041244449294472,0.00930826879635604,0.0109139775556981));
#2010=CARTESIAN_POINT('',(-0.0039875939818531,0.00911806272598556,0.0109366807310308));
#2011=CARTESIAN_POINT('',(-0.00378248546903995,0.00895715188522014,0.0109604498350106));
#2012=CARTESIAN_POINT('',(-0.00366785691616252,0.00888779481494752,0.0109717019610162));
#2013=CARTESIAN_POINT('',(-0.00345136521452451,0.00880365426584156,0.0109870385442494));
#2014=CARTESIAN_POINT('',(-0.00318739707045839,0.00876577132507213,0.010999481252032));
#2015=CARTESIAN_POINT('',(-0.00286139682573194,0.0088065737151506,0.0110066889833469));
#2016=CARTESIAN_POINT('',(-0.00257381464722252,0.00896511569880592,0.0109994783074686));
#2017=CARTESIAN_POINT('',(-0.00238248769286019,0.00915090380961155,0.0109870351509977));
#2018=CARTESIAN_POINT('',(-0.00225673447603455,0.00934633098546599,0.0109716993482263));
#2019=CARTESIAN_POINT('',(-0.00220483074771257,0.00946967401021512,0.0109604636794218));
#2020=CARTESIAN_POINT('',(-0.00213344367873408,0.00972038627467045,0.0109366956438247));
#2021=CARTESIAN_POINT('',(-0.00213449696287015,0.00995476008647904,0.010913985835418));
#2022=CARTESIAN_POINT('',(-0.00217932665930795,0.0101228992340671,0.0108955373973092));
#2023=CARTESIAN_POINT('',(-0.00217931144161398,0.0101227985735609,0.010896508851832));
#2024=CARTESIAN_POINT('',(-0.00234752905369579,0.011257846478881,1.45956617239962E-17));
#2025=CARTESIAN_POINT('',(-0.00229147323066496,0.0108795666394549,0.00363217815269483));
#2026=CARTESIAN_POINT('',(-0.00223540275243958,0.0105012248634564,0.00726434962789759));
#2027=CARTESIAN_POINT('',(-0.00217931173794175,0.0101227981776667,0.0108965119407853));
#2028=CARTESIAN_POINT('',(-0.00234752905369829,0.0112578464788805,0.));
#2029=CARTESIAN_POINT('',(-0.00355440695479734,0.010939339769201,0.));
#2030=CARTESIAN_POINT('',(0.,7.04171909509728E-19,0.));
#2031=CARTESIAN_POINT('',(-0.00217921836517613,0.0101229229237749,0.0108955386127608));
#2032=CARTESIAN_POINT('',(-0.00198952771519907,0.0101431555874611,0.0110871738285153));
#2033=CARTESIAN_POINT('',(-0.00179982246852739,0.0101580576820594,0.0112788090442697));
#2034=CARTESIAN_POINT('',(-0.001610400165819,0.010167666486172,0.0114704442600242));
#2035=CARTESIAN_POINT('',(-0.00161040016581903,0.010167666486172,0.0114704442600242));
#2036=CARTESIAN_POINT('',(-0.0016104001658189,0.010167666486172,0.0114704442600243));
#2037=CARTESIAN_POINT('',(-0.00142727956672958,0.0102170626810576,0.0112788090442696));
#2038=CARTESIAN_POINT('',(-0.00124225415522396,0.0102615120920271,0.011087173828515));
#2039=CARTESIAN_POINT('',(-0.00105559538956202,0.0103008873199033,0.0108955386127603));
#2040=CARTESIAN_POINT('',(-0.0010555407171612,0.0103008955644125,0.0108955383019512));
#2041=CARTESIAN_POINT('',(-0.00105548509297316,0.0103008987012259,0.0108955378636366));
#2042=CARTESIAN_POINT('',(-0.00111907395900227,0.0106781032049349,0.00726370024165652));
#2043=CARTESIAN_POINT('',(-0.00118265611897423,0.0110552206266325,0.00363185345870589));
#2044=CARTESIAN_POINT('',(-0.00124623307832629,0.0114322746255715,1.28134626426912E-17));
#2045=CARTESIAN_POINT('',(-0.00124623307832629,0.0114322746255715,0.));
#2046=CARTESIAN_POINT('',(0.,7.04171909509728E-19,0.));
#2047=CARTESIAN_POINT('',(7.81381371226814E-19,0.0115109261996331,-0.000103955845408881));
#2048=CARTESIAN_POINT('',(-0.00105548507520129,0.0103008982543793,0.0108955373973092));
#2049=CARTESIAN_POINT('',(-0.0010461669799668,0.0101272132697563,0.0109139775556989));
#2050=CARTESIAN_POINT('',(-0.000974790902669262,0.00990402727858438,0.0109366807310323));
#2051=CARTESIAN_POINT('',(-0.00082944529938417,0.00968760995878524,0.010960449835012));
#2052=CARTESIAN_POINT('',(-0.000741859580621695,0.00958622529428333,0.0109717019610159));
#2053=CARTESIAN_POINT('',(-0.000561964596635229,0.0094393032618162,0.0109870385442491));
#2054=CARTESIAN_POINT('',(-0.000322622445619484,0.00932170380165343,0.0109994812520317));
#2055=CARTESIAN_POINT('',(3.08433808041419E-8,0.00925976956483123,0.0110066889833471));
#2056=CARTESIAN_POINT('',(0.000322529915477075,0.0093216841710487,0.0109994783074681));
#2057=CARTESIAN_POINT('',(0.000561904345762294,0.00943925588409618,0.0109870351509972));
#2058=CARTESIAN_POINT('',(0.00074189308058728,0.00958625829207084,0.0109716993482259));
#2059=CARTESIAN_POINT('',(0.000829371550394759,0.00968752534535522,0.0109604636794241));
#2060=CARTESIAN_POINT('',(0.000974739037944614,0.00990390706068156,0.0109366956438272));
#2061=CARTESIAN_POINT('',(0.00104616279609687,0.0101271352843562,0.0109139858354194));
#2062=CARTESIAN_POINT('',(0.00105548507520129,0.0103008982543793,0.0108955373973092));
#2063=CARTESIAN_POINT('',(0.00105546844228123,0.0103007978180228,0.0108965088518321));
#2064=CARTESIAN_POINT('',(0.00124623307832882,0.0114322746255712,1.43877307484794E-17));
#2065=CARTESIAN_POINT('',(0.00118265043508649,0.0110551869173517,0.00363217815269485));
#2066=CARTESIAN_POINT('',(0.00111906259030898,0.0106780357752473,0.00726434962789763));
#2067=CARTESIAN_POINT('',(0.00105546803811874,0.0103007975330754,0.0108965119407853));
#2068=CARTESIAN_POINT('',(0.00124623307832629,0.0114322746255715,0.));
#2069=CARTESIAN_POINT('',(7.80853323475851E-19,0.0115023025254222,0.));
#2070=CARTESIAN_POINT('',(0.,7.04171909509728E-19,0.));
#2071=CARTESIAN_POINT('',(0.00105559538956335,0.0103008873199031,0.0108955386127608));
#2072=CARTESIAN_POINT('',(0.00124225415522481,0.010261512092027,0.0110871738285153));
#2073=CARTESIAN_POINT('',(0.00142727956672996,0.0102170626810575,0.0112788090442697));
#2074=CARTESIAN_POINT('',(0.0016104001658188,0.010167666486172,0.0114704442600242));
#2075=CARTESIAN_POINT('',(0.00161040016581876,0.010167666486172,0.0114704442600242));
#2076=CARTESIAN_POINT('',(0.0016104001658189,0.010167666486172,0.0114704442600243));
#2077=CARTESIAN_POINT('',(0.00179982246852777,0.0101580576820594,0.0112788090442696));
#2078=CARTESIAN_POINT('',(0.00198952771519993,0.010143155587461,0.011087173828515));
#2079=CARTESIAN_POINT('',(0.00217921836517746,0.0101229229237747,0.0108955386127603));
#2080=CARTESIAN_POINT('',(0.00217927290941396,0.0101229138700679,0.0108955383019512));
#2081=CARTESIAN_POINT('',(0.00217932678048912,0.0101228996645353,0.0108955378636366));
#2082=CARTESIAN_POINT('',(0.00223541277708915,0.0105012925060196,0.00726370024165653));
#2083=CARTESIAN_POINT('',(0.00229147824170711,0.010879600455304,0.0036318534587059));
#2084=CARTESIAN_POINT('',(0.00234752905369828,0.0112578464788805,1.51849128102118E-17));
#2085=CARTESIAN_POINT('',(0.00234752905369829,0.0112578464788805,0.));
#2086=CARTESIAN_POINT('',(0.,7.04171909509728E-19,0.));
#2087=CARTESIAN_POINT('',(0.00355707181668245,0.0109475413707537,-0.000103955845408881));
#2088=CARTESIAN_POINT('',(0.00217932665930795,0.0101228992340671,0.0108955373973092));
#2089=CARTESIAN_POINT('',(0.00213451708258427,0.0099548355478774,0.0109139775556988));
#2090=CARTESIAN_POINT('',(0.00213343150182659,0.0097205166357518,0.010936680731032));
#2091=CARTESIAN_POINT('',(0.00220478675525014,0.00946977727204445,0.0109604498350118));
#2092=CARTESIAN_POINT('',(0.00225675613951468,0.00934628925065282,0.010971701961016));
#2093=CARTESIAN_POINT('',(0.00238244503140214,0.00915096748703484,0.0109870385442491));
#2094=CARTESIAN_POINT('',(0.00257373271202998,0.0089651629619998,0.0109994812520318));
#2095=CARTESIAN_POINT('',(0.00286145549332462,0.00880655465289541,0.011006688983347));
#2096=CARTESIAN_POINT('',(0.0031873030028729,0.00876578124864382,0.0109994783074684));
#2097=CARTESIAN_POINT('',(0.00345129327201793,0.00880362782549574,0.0109870351509975));
#2098=CARTESIAN_POINT('',(0.00366789897340057,0.00888781584564983,0.0109716993482261));
#2099=CARTESIAN_POINT('',(0.0037823891825944,0.00895709420275675,0.0109604636794228));
#2100=CARTESIAN_POINT('',(0.00398750750619308,0.00911796441904624,0.0109366956438259));
#2101=CARTESIAN_POINT('',(0.00412441685153628,0.00930819592071945,0.0109139858354187));
#2102=CARTESIAN_POINT('',(0.00418697857655289,0.00947057358297444,0.0108955373973092));
#2103=CARTESIAN_POINT('',(0.00418693172116489,0.00947048320217817,0.0108965088518321));
#2104=CARTESIAN_POINT('',(0.00471800523363019,0.0104876320785694,1.42186500164911E-17));
#2105=CARTESIAN_POINT('',(0.00454100803624158,0.0101486484737616,0.00363217815269485));
#2106=CARTESIAN_POINT('',(0.00436398628975056,0.00980960614710696,0.00726434962789763));
#2107=CARTESIAN_POINT('',(0.00418693124872993,0.00947048305607015,0.0108965119407853));
#2108=CARTESIAN_POINT('',(0.00471800523362786,0.0104876320785705,0.));
#2109=CARTESIAN_POINT('',(0.00355440695479734,0.010939339769201,0.));
#2110=CARTESIAN_POINT('',(0.,7.04171909509728E-19,0.));
#2111=CARTESIAN_POINT('',(0.00418708011280681,0.00947052909465705,0.0108955386127608));
#2112=CARTESIAN_POINT('',(0.00435243553364164,0.0093754002968664,0.0110871738285153));
#2113=CARTESIAN_POINT('',(0.00451466953355428,0.00927595039837209,0.0112788090442698));
#2114=CARTESIAN_POINT('',(0.00467356330890852,0.00917238444820749,0.0114704442600242));
#2115=CARTESIAN_POINT('',(0.00467356330890848,0.00917238444820751,0.0114704442600242));
#2116=CARTESIAN_POINT('',(0.00467356330890861,0.00917238444820744,0.0114704442600243));
#2117=CARTESIAN_POINT('',(0.0048507453404651,0.00910471122179166,0.0112788090442696));
#2118=CARTESIAN_POINT('',(0.00502656075100536,0.00903191634247363,0.011087173828515));
#2119=CARTESIAN_POINT('',(0.00520071504282621,0.00895405630131564,0.0108955386127603));
#2120=CARTESIAN_POINT('',(0.00520076411972848,0.0089540308356328,0.0108955383019512));
#2121=CARTESIAN_POINT('',(0.00520081096441459,0.00895400067829078,0.0108955378636366));
#2122=CARTESIAN_POINT('',(0.00537108173552242,0.009296542129808,0.00726370024165653));
#2123=CARTESIAN_POINT('',(0.00554130674642246,0.00963900918877665,0.0036318534587059));
#2124=CARTESIAN_POINT('',(0.00571149868575019,0.00998142188080806,1.53709872589129E-17));
#2125=CARTESIAN_POINT('',(0.0057114986857502,0.00998142188080805,0.));
#2126=CARTESIAN_POINT('',(0.,7.04171909509728E-19,0.));
#2127=CARTESIAN_POINT('',(0.00676595266037138,0.00931253491649901,-0.000103955845408881));
#2128=CARTESIAN_POINT('',(0.00520081071614244,0.00895400030633818,0.0108955373973092));
#2129=CARTESIAN_POINT('',(0.00510625974102445,0.00880800916313383,0.0109139775557013));
#2130=CARTESIAN_POINT('',(0.0050328187664247,0.00858549409775003,0.0109366807310364));
#2131=CARTESIAN_POINT('',(0.00502319892063223,0.00832497680606335,0.0109604498350159));
#2132=CARTESIAN_POINT('',(0.00503446484496777,0.00819147329575648,0.0109717019610152));
#2133=CARTESIAN_POINT('',(0.00509364434030293,0.00796687125606014,0.0109870385442481));
#2134=CARTESIAN_POINT('',(0.00521815297959392,0.00773104950764179,0.0109994812520308));
#2135=CARTESIAN_POINT('',(0.00544278094265082,0.00749129281266546,0.0110066889833475));
#2136=CARTESIAN_POINT('',(0.00574008066507827,0.00735182258283649,0.0109994783074677));
#2137=CARTESIAN_POINT('',(0.00600284556621372,0.00730623933684932,0.0109870351509968));
#2138=CARTESIAN_POINT('',(0.00623486535895464,0.00731937205920668,0.0109716993482256));
#2139=CARTESIAN_POINT('',(0.0063651602081189,0.00734988027183494,0.0109604636794255));
#2140=CARTESIAN_POINT('',(0.0066099509571106,0.00743949189145717,0.0109366956438287));
#2141=CARTESIAN_POINT('',(0.00679894424903557,0.00757810548632947,0.0109139858354203));
#2142=CARTESIAN_POINT('',(0.00690862144243637,0.00771320318390192,0.0108955373973092));
#2143=CARTESIAN_POINT('',(0.00690854895111228,0.00771313170576784,0.0108965088518321));
#2144=CARTESIAN_POINT('',(0.00772794616438843,0.00851638703208786,1.50138688354641E-17));
#2145=CARTESIAN_POINT('',(0.00745486013174593,0.00824868960776802,0.00363217815269485));
#2146=CARTESIAN_POINT('',(0.00718173260547098,0.00798094392174287,0.00726434962789763));
#2147=CARTESIAN_POINT('',(0.00690854845665007,0.00771313171280129,0.0108965119407853));
#2148=CARTESIAN_POINT('',(0.00772794616438654,0.00851638703208957,0.));
#2149=CARTESIAN_POINT('',(0.00676088379184965,0.00930555821750845,0.));
#2150=CARTESIAN_POINT('',(0.,7.04171909509728E-19,0.));
#2151=CARTESIAN_POINT('',(0.00690870426150619,0.00771312949656975,0.0108955386127608));
#2152=CARTESIAN_POINT('',(0.00703657019682411,0.00757155899839364,0.0110871738285153));
#2153=CARTESIAN_POINT('',(0.00716013219088204,0.0074268434613473,0.0112788090442698));
#2154=CARTESIAN_POINT('',(0.00727924551269199,0.00727924551269211,0.0114704442600242));
#2155=CARTESIAN_POINT('',(0.00727924551269195,0.00727924551269215,0.0114704442600242));
#2156=CARTESIAN_POINT('',(0.00727924551269205,0.00727924551269203,0.0114704442600243));
#2157=CARTESIAN_POINT('',(0.00742684346134761,0.00716013219088176,0.0112788090442696));
#2158=CARTESIAN_POINT('',(0.00757155899839428,0.00703657019682348,0.011087173828515));
#2159=CARTESIAN_POINT('',(0.00771312949657071,0.00690870426150519,0.0108955386127603));
#2160=CARTESIAN_POINT('',(0.00771316830214965,0.00690866487660475,0.0108955383019512));
#2161=CARTESIAN_POINT('',(0.00771320353496244,0.006908621719464,0.0108955378636366));
#2162=CARTESIAN_POINT('',(0.00798099179115583,0.00718178143711301,0.00726370024165652));
#2163=CARTESIAN_POINT('',(0.00824871353824364,0.00745488454392581,0.00363185345870589));
#2164=CARTESIAN_POINT('',(0.00851638703208956,0.00772794616438654,1.39963726955547E-17));
#2165=CARTESIAN_POINT('',(0.00851638703208957,0.00772794616438654,0.));
#2166=CARTESIAN_POINT('',(0.,7.04171909509728E-19,0.));
#2167=CARTESIAN_POINT('',(0.00931253491649901,0.00676595266037138,-0.000103955845408881));
#2168=CARTESIAN_POINT('',(0.00771320318390192,0.00690862144243637,0.0108955373973092));
#2169=CARTESIAN_POINT('',(0.00757816611862697,0.00679899347252597,0.0109139775556997));
#2170=CARTESIAN_POINT('',(0.00743955866446394,0.00661006357886561,0.0109366807310336));
#2171=CARTESIAN_POINT('',(0.00734990537696963,0.00636526960683198,0.0109604498350133));
#2172=CARTESIAN_POINT('',(0.00731936505422153,0.00623481886129983,0.0109717019610157));
#2173=CARTESIAN_POINT('',(0.00730624225165519,0.00600292215811987,0.0109870385442488));
#2174=CARTESIAN_POINT('',(0.00735178407647728,0.00574016706211548,0.0109994812520315));
#2175=CARTESIAN_POINT('',(0.00749132907122322,0.00544273103702172,0.011006688983347));
#2176=CARTESIAN_POINT('',(0.00773097923832772,0.005218216299444,0.0109994783074686));
#2177=CARTESIAN_POINT('',(0.00796679751213928,0.00509366523634793,0.0109870351509978));
#2178=CARTESIAN_POINT('',(0.00819151968229154,0.00503445713854282,0.0109716993482264));
#2179=CARTESIAN_POINT('',(0.00832486500384397,0.00502320885028705,0.0109604636794216));
#2180=CARTESIAN_POINT('',(0.00858536635416254,0.00503279006357133,0.0109366956438245));
#2181=CARTESIAN_POINT('',(0.00880794361243316,0.00510621728719793,0.0109139858354179));
#2182=CARTESIAN_POINT('',(0.00895400030633818,0.00520081071614244,0.0108955373973092));
#2183=CARTESIAN_POINT('',(0.00895390927503387,0.00520076513744835,0.0108965088518321));
#2184=CARTESIAN_POINT('',(0.00998142188080932,0.00571149868574798,1.4652706270387E-17));
#2185=CARTESIAN_POINT('',(0.00963897857649025,0.00554129153096613,0.00363217815269486));
#2186=CARTESIAN_POINT('',(0.00929648089569453,0.00537105129881255,0.00726434962789764));
#2187=CARTESIAN_POINT('',(0.00895390880694582,0.00520076529693478,0.0108965119407854));
#2188=CARTESIAN_POINT('',(0.00998142188080805,0.00571149868575019,0.));
#2189=CARTESIAN_POINT('',(0.00930555821750845,0.00676088379184965,0.));
#2190=CARTESIAN_POINT('',(0.,7.04171909509728E-19,0.));
#2191=CARTESIAN_POINT('',(0.0089540563013163,0.00520071504282498,0.0108955386127608));
#2192=CARTESIAN_POINT('',(0.00903191634247402,0.00502656075100458,0.0110871738285153));
#2193=CARTESIAN_POINT('',(0.00910471122179181,0.00485074534046478,0.0112788090442698));
#2194=CARTESIAN_POINT('',(0.00917238444820737,0.00467356330890876,0.0114704442600242));
#2195=CARTESIAN_POINT('',(0.00917238444820738,0.00467356330890873,0.0114704442600242));
#2196=CARTESIAN_POINT('',(0.00917238444820745,0.00467356330890858,0.0114704442600243));
#2197=CARTESIAN_POINT('',(0.00927595039837229,0.00451466953355392,0.0112788090442696));
#2198=CARTESIAN_POINT('',(0.00937540029686682,0.00435243553364084,0.011087173828515));
#2199=CARTESIAN_POINT('',(0.00947052909465766,0.00418708011280557,0.0108955386127603));
#2200=CARTESIAN_POINT('',(0.00947055383035282,0.004187030663956,0.0108955383019512));
#2201=CARTESIAN_POINT('',(0.00947057400245909,0.00418697873153816,0.0108955378636366));
#2202=CARTESIAN_POINT('',(0.00980966676343133,0.0043640179389398,0.00726370024165652));
#2203=CARTESIAN_POINT('',(0.0101486787767749,0.00454102385868068,0.00363185345870589));
#2204=CARTESIAN_POINT('',(0.0104876320785705,0.00471800523362787,1.63869591413662E-17));
#2205=CARTESIAN_POINT('',(0.0104876320785705,0.00471800523362786,0.));
#2206=CARTESIAN_POINT('',(0.,7.04171909509728E-19,0.));
#2207=CARTESIAN_POINT('',(0.0109475413707537,0.00355707181668245,-0.000103955845408881));
#2208=CARTESIAN_POINT('',(0.00947057358297444,0.00418697857655289,0.0108955373973092));
#2209=CARTESIAN_POINT('',(0.00930826879634903,0.00412444492944451,0.0109139775556989));
#2210=CARTESIAN_POINT('',(0.00911806272597608,0.00398759398184479,0.0109366807310322));
#2211=CARTESIAN_POINT('',(0.0089571518852146,0.00378248546903067,0.0109604498350119));
#2212=CARTESIAN_POINT('',(0.00888779481494953,0.00366785691616662,0.0109717019610159));
#2213=CARTESIAN_POINT('',(0.00880365426583912,0.00345136521451746,0.0109870385442491));
#2214=CARTESIAN_POINT('',(0.00876577132507257,0.00318739707045023,0.0109994812520317));
#2215=CARTESIAN_POINT('',(0.00880657371515287,0.00286139682573074,0.0110066889833471));
#2216=CARTESIAN_POINT('',(0.00896511569879866,0.00257381464723427,0.0109994783074681));
#2217=CARTESIAN_POINT('',(0.00915090380960164,0.00238248769286701,0.0109870351509972));
#2218=CARTESIAN_POINT('',(0.00934633098547246,0.00225673447603114,0.0109716993482259));
#2219=CARTESIAN_POINT('',(0.00946967401019908,0.00220483074771941,0.0109604636794239));
#2220=CARTESIAN_POINT('',(0.0097203862746502,0.00213344367873597,0.010936695643827));
#2221=CARTESIAN_POINT('',(0.00995476008646731,0.00213449696286702,0.0109139858354193));
#2222=CARTESIAN_POINT('',(0.0101228992340671,0.00217932665930795,0.0108955373973092));
#2223=CARTESIAN_POINT('',(0.0101227985735609,0.00217931144161398,0.0108965088518321));
#2224=CARTESIAN_POINT('',(0.011257846478881,0.0023475290536958,1.4775429319306E-17));
#2225=CARTESIAN_POINT('',(0.0108795666394549,0.00229147323066496,0.00363217815269484));
#2226=CARTESIAN_POINT('',(0.0105012248634564,0.00223540275243958,0.00726434962789761));
#2227=CARTESIAN_POINT('',(0.0101227981776667,0.00217931173794175,0.0108965119407853));
#2228=CARTESIAN_POINT('',(0.0112578464788805,0.00234752905369829,0.));
#2229=CARTESIAN_POINT('',(0.010939339769201,0.00355440695479734,0.));
#2230=CARTESIAN_POINT('',(0.,7.04171909509728E-19,0.));
#2231=CARTESIAN_POINT('',(0.0101229229237749,0.0021792183651761,0.0108955386127608));
#2232=CARTESIAN_POINT('',(0.0101431555874611,0.00198952771519908,0.0110871738285153));
#2233=CARTESIAN_POINT('',(0.0101580576820594,0.00179982246852742,0.0112788090442698));
#2234=CARTESIAN_POINT('',(0.010167666486172,0.00161040016581906,0.0114704442600242));
#2235=CARTESIAN_POINT('',(0.010167666486172,0.00161040016581904,0.0114704442600242));
#2236=CARTESIAN_POINT('',(0.010167666486172,0.00161040016581886,0.0114704442600243));
#2237=CARTESIAN_POINT('',(0.0102170626810576,0.00142727956672954,0.0112788090442696));
#2238=CARTESIAN_POINT('',(0.0102615120920271,0.00124225415522392,0.011087173828515));
#2239=CARTESIAN_POINT('',(0.0103008873199033,0.00105559538956197,0.0108955386127603));
#2240=CARTESIAN_POINT('',(0.0103008955644125,0.0010555407171612,0.0108955383019512));
#2241=CARTESIAN_POINT('',(0.0103008987012259,0.00105548509297316,0.0108955378636366));
#2242=CARTESIAN_POINT('',(0.0106781032049349,0.00111907395900227,0.00726370024165652));
#2243=CARTESIAN_POINT('',(0.0110552206266325,0.00118265611897424,0.00363185345870589));
#2244=CARTESIAN_POINT('',(0.0114322746255715,0.00124623307832629,1.28173543946606E-17));
#2245=CARTESIAN_POINT('',(0.0114322746255715,0.00124623307832629,0.));
#2246=CARTESIAN_POINT('',(0.,7.04171909509728E-19,0.));
#2247=CARTESIAN_POINT('',(0.,0.,0.012));
#2248=CARTESIAN_POINT('',(0.00622952138714015,-0.00622952138648104,0.012));
#2249=CARTESIAN_POINT('',(0.00619580551593876,-0.00572940725584057,0.012));
#2250=CARTESIAN_POINT('',(0.00648440082434864,-0.00471074483870427,0.012));
#2251=CARTESIAN_POINT('',(0.00736268336725235,-0.0041223078019214,0.012));
#2252=CARTESIAN_POINT('',(0.00784965487914751,-0.00399959893448184,0.012));
#2253=CARTESIAN_POINT('',(0.00622952138714015,-0.00622952138648104,0.012));
#2254=CARTESIAN_POINT('',(0.00784965487914751,-0.00399959893448184,0.012));
#2255=CARTESIAN_POINT('',(0.00784965488389051,-0.00399959893257932,0.012));
#2256=CARTESIAN_POINT('',(0.00766304541938302,-0.00353438090692435,0.012));
#2257=CARTESIAN_POINT('',(0.00762273186958443,-0.00247639452239819,0.012));
#2258=CARTESIAN_POINT('',(0.00827619116068072,-0.00164535341250942,0.012));
#2259=CARTESIAN_POINT('',(0.00870140946492011,-0.0013781678715713,0.012));
#2260=CARTESIAN_POINT('',(0.00870140946884305,-0.00137816786829623,0.012));
#2261=CARTESIAN_POINT('',(0.00870140946884305,-0.00137816786829623,0.012));
#2262=CARTESIAN_POINT('',(0.00838017304561681,-0.000993384729358564,0.012));
#2263=CARTESIAN_POINT('',(0.00801489680875273,3.6254375657466E-7,0.012));
#2264=CARTESIAN_POINT('',(0.00837956769964376,0.000992659632673218,0.012));
#2265=CARTESIAN_POINT('',(0.00870140946590448,0.00137816786477635,0.012));
#2266=CARTESIAN_POINT('',(0.00870140946868687,0.00137816786920446,0.012));
#2267=CARTESIAN_POINT('',(0.00870140946868687,0.00137816786920446,0.012));
#2268=CARTESIAN_POINT('',(0.00827699094603252,0.0016448508668626,0.012));
#2269=CARTESIAN_POINT('',(0.00762250780521321,0.00247708412167757,0.012));
#2270=CARTESIAN_POINT('',(0.00766269376835794,0.00353350423682575,0.012));
#2271=CARTESIAN_POINT('',(0.00784965488218346,0.00399959892832364,0.012));
#2272=CARTESIAN_POINT('',(0.00784965488346131,0.00399959893339483,0.012));
#2273=CARTESIAN_POINT('',(0.00784965488346131,0.00399959893339483,0.012));
#2274=CARTESIAN_POINT('',(0.00736359930346568,0.00412207699987544,0.012));
#2275=CARTESIAN_POINT('',(0.00648397462856481,0.0047113314468993,0.012));
#2276=CARTESIAN_POINT('',(0.00619574198189602,0.0057284648269028,0.012));
#2277=CARTESIAN_POINT('',(0.00622952138683281,0.00622952138192228,0.012));
#2278=CARTESIAN_POINT('',(0.00622952138648103,0.00622952138714015,0.012));
#2279=CARTESIAN_POINT('',(0.00622952138648103,0.00622952138714015,0.012));
#2280=CARTESIAN_POINT('',(0.00572940725586096,0.00619580551594014,0.012));
#2281=CARTESIAN_POINT('',(0.00471074483876534,0.00648440082432297,0.012));
#2282=CARTESIAN_POINT('',(0.0041223078019738,0.00736268336716068,0.012));
#2283=CARTESIAN_POINT('',(0.00399959893451127,0.00784965487903071,0.012));
#2284=CARTESIAN_POINT('',(0.0039995989325643,0.00784965488388449,0.012));
#2285=CARTESIAN_POINT('',(0.0039995989325643,0.00784965488388449,0.012));
#2286=CARTESIAN_POINT('',(0.00353438090692864,0.00766304541938885,0.012));
#2287=CARTESIAN_POINT('',(0.00247639452245732,0.00762273186958291,0.012));
#2288=CARTESIAN_POINT('',(0.00164535341258524,0.00827619116061345,0.012));
#2289=CARTESIAN_POINT('',(0.00137816787163539,0.00870140946481812,0.012));
#2290=CARTESIAN_POINT('',(0.00137816786828382,0.00870140946883269,0.012));
#2291=CARTESIAN_POINT('',(0.00137816786828382,0.00870140946883269,0.012));
#2292=CARTESIAN_POINT('',(0.000993384729345875,0.00838017304561117,0.012));
#2293=CARTESIAN_POINT('',(-3.62543765599667E-7,0.00801489680875488,0.012));
#2294=CARTESIAN_POINT('',(-0.000992659632674833,0.0083795676996451,0.012));
#2295=CARTESIAN_POINT('',(-0.00137816786477636,0.00870140946590449,0.012));
#2296=CARTESIAN_POINT('',(-0.00137816786920446,0.00870140946868687,0.012));
#2297=CARTESIAN_POINT('',(-0.00137816786920446,0.00870140946868687,0.012));
#2298=CARTESIAN_POINT('',(-0.0016448508668634,0.00827699094603126,0.012));
#2299=CARTESIAN_POINT('',(-0.00247708412167674,0.00762250780521365,0.012));
#2300=CARTESIAN_POINT('',(-0.00353350423682662,0.00766269376835829,0.012));
#2301=CARTESIAN_POINT('',(-0.00399959892832364,0.00784965488218346,0.012));
#2302=CARTESIAN_POINT('',(-0.00399959893339483,0.00784965488346131,0.012));
#2303=CARTESIAN_POINT('',(-0.00399959893339483,0.00784965488346131,0.012));
#2304=CARTESIAN_POINT('',(-0.00412207699987615,0.00736359930346287,0.012));
#2305=CARTESIAN_POINT('',(-0.00471133144689764,0.00648397462856611,0.012));
#2306=CARTESIAN_POINT('',(-0.0057284648269054,0.0061957419818962,0.012));
#2307=CARTESIAN_POINT('',(-0.00622952138192228,0.00622952138683281,0.012));
#2308=CARTESIAN_POINT('',(-0.00622952138714015,0.00622952138648104,0.012));
#2309=CARTESIAN_POINT('',(-0.00622952138714015,0.00622952138648104,0.012));
#2310=CARTESIAN_POINT('',(-0.0061958055159401,0.00572940725586031,0.012));
#2311=CARTESIAN_POINT('',(-0.00648440082432235,0.00471074483876583,0.012));
#2312=CARTESIAN_POINT('',(-0.00736268336716196,0.00412230780197348,0.012));
#2313=CARTESIAN_POINT('',(-0.00784965487903071,0.00399959893451127,0.012));
#2314=CARTESIAN_POINT('',(-0.00784965488388449,0.0039995989325643,0.012));
#2315=CARTESIAN_POINT('',(-0.00784965488388449,0.0039995989325643,0.012));
#2316=CARTESIAN_POINT('',(-0.00766304541938885,0.00353438090692865,0.012));
#2317=CARTESIAN_POINT('',(-0.00762273186958354,0.00247639452245692,0.012));
#2318=CARTESIAN_POINT('',(-0.00827619116061219,0.00164535341258603,0.012));
#2319=CARTESIAN_POINT('',(-0.00870140946481812,0.00137816787163539,0.012));
#2320=CARTESIAN_POINT('',(-0.00870140946883269,0.00137816786828382,0.012));
#2321=CARTESIAN_POINT('',(-0.00870140946883269,0.00137816786828382,0.012));
#2322=CARTESIAN_POINT('',(-0.00838017304561232,0.00099338472934724,0.012));
#2323=CARTESIAN_POINT('',(-0.00801489680875545,-3.62543767638509E-7,0.012));
#2324=CARTESIAN_POINT('',(-0.00837956769964283,-0.0009926596326721,0.012));
#2325=CARTESIAN_POINT('',(-0.00870140946590448,-0.00137816786477635,0.012));
#2326=CARTESIAN_POINT('',(-0.00870140946868687,-0.00137816786920446,0.012));
#2327=CARTESIAN_POINT('',(-0.00870140946868687,-0.00137816786920446,0.012));
#2328=CARTESIAN_POINT('',(-0.00827699094602987,-0.00164485086686427,0.012));
#2329=CARTESIAN_POINT('',(-0.00762250780521399,-0.00247708412167543,0.012));
#2330=CARTESIAN_POINT('',(-0.00766269376835899,-0.00353350423682836,0.012));
#2331=CARTESIAN_POINT('',(-0.00784965488218346,-0.00399959892832364,0.012));
#2332=CARTESIAN_POINT('',(-0.00784965488346131,-0.00399959893339483,0.012));
#2333=CARTESIAN_POINT('',(-0.00784965488346131,-0.00399959893339483,0.012));
#2334=CARTESIAN_POINT('',(-0.00736359930346518,-0.00412207699987557,0.012));
#2335=CARTESIAN_POINT('',(-0.00648397462856509,-0.00471133144689956,0.012));
#2336=CARTESIAN_POINT('',(-0.00619574198189597,-0.00572846482690216,0.012));
#2337=CARTESIAN_POINT('',(-0.00622952138683281,-0.00622952138192228,0.012));
#2338=CARTESIAN_POINT('',(-0.00622952138648104,-0.00622952138714015,0.012));
#2339=CARTESIAN_POINT('',(-0.00622952138648104,-0.00622952138714015,0.012));
#2340=CARTESIAN_POINT('',(-0.00572940725586121,-0.00619580551594015,0.012));
#2341=CARTESIAN_POINT('',(-0.00471074483876534,-0.00648440082432246,0.012));
#2342=CARTESIAN_POINT('',(-0.00412230780197355,-0.0073626833671617,0.012));
#2343=CARTESIAN_POINT('',(-0.00399959893451127,-0.0078496548790307,0.012));
#2344=CARTESIAN_POINT('',(-0.0039995989325643,-0.00784965488388448,0.012));
#2345=CARTESIAN_POINT('',(-0.0039995989325643,-0.00784965488388448,0.012));
#2346=CARTESIAN_POINT('',(-0.00353438090693036,-0.00766304541938955,0.012));
#2347=CARTESIAN_POINT('',(-0.002476394522456,-0.00762273186958331,0.012));
#2348=CARTESIAN_POINT('',(-0.00164535341258619,-0.00827619116061195,0.012));
#2349=CARTESIAN_POINT('',(-0.0013781678716354,-0.00870140946481811,0.012));
#2350=CARTESIAN_POINT('',(-0.00137816786828382,-0.00870140946883269,0.012));
#2351=CARTESIAN_POINT('',(-0.00137816786828382,-0.00870140946883269,0.012));
#2352=CARTESIAN_POINT('',(-0.000993384729348516,-0.00838017304561337,0.012));
#2353=CARTESIAN_POINT('',(3.62543765568008E-7,-0.00801489680875266,0.012));
#2354=CARTESIAN_POINT('',(0.000992659632677522,-0.00837956769964735,0.012));
#2355=CARTESIAN_POINT('',(0.00137816786477635,-0.00870140946590448,0.012));
#2356=CARTESIAN_POINT('',(0.00137816786920446,-0.00870140946868687,0.012));
#2357=CARTESIAN_POINT('',(0.00137816786920446,-0.00870140946868687,0.012));
#2358=CARTESIAN_POINT('',(0.00164485086686514,-0.00827699094602848,0.012));
#2359=CARTESIAN_POINT('',(0.00247708412167545,-0.00762250780521486,0.012));
#2360=CARTESIAN_POINT('',(0.00353350423682746,-0.00766269376835863,0.012));
#2361=CARTESIAN_POINT('',(0.00399959892832365,-0.00784965488218346,0.012));
#2362=CARTESIAN_POINT('',(0.00399959893339483,-0.00784965488346131,0.012));
#2363=CARTESIAN_POINT('',(0.00399959893339483,-0.00784965488346131,0.012));
#2364=CARTESIAN_POINT('',(0.00412207699987596,-0.00736359930346363,0.012));
#2365=CARTESIAN_POINT('',(0.00471133144689904,-0.00648397462856581,0.012));
#2366=CARTESIAN_POINT('',(0.0057284648269028,-0.00619574198189602,0.012));
#2367=CARTESIAN_POINT('',(0.00622952138192228,-0.00622952138683281,0.012));
#2368=CARTESIAN_POINT('',(0.,0.,0.));
#2369=CARTESIAN_POINT('',(0.,7.04171909509728E-19,0.));
#2370=CARTESIAN_POINT('',(0.00948898344087297,7.04171909509728E-19,0.));
#2371=CARTESIAN_POINT('',(0.0115023025254222,-7.65404249467096E-20,0.));
#2372=CARTESIAN_POINT('',(0.,7.04171909509728E-19,-0.000209056926535307));
#2373=CARTESIAN_POINT('',(0.,7.04171909509728E-19,0.01));
#2374=CARTESIAN_POINT('',(0.0084379410882162,7.04171909509728E-19,0.01));
#2375=CARTESIAN_POINT('',(0.,0.,0.01));
#2376=CARTESIAN_POINT('',(0.,-2.75545529808154E-19,0.01));
#2377=CARTESIAN_POINT('',(0.0045,-2.75545529808154E-19,0.01));
#2378=CARTESIAN_POINT('',(0.0115109261996331,-7.65404249467096E-20,-0.000103955845408881));
#2379=CARTESIAN_POINT('',(0.0103008982543793,0.00105548507520129,0.0108955373973092));
#2380=CARTESIAN_POINT('',(0.0101272132697564,0.00104616697996681,0.0109139775556989));
#2381=CARTESIAN_POINT('',(0.0099040272785846,0.000974790902669358,0.0109366807310323));
#2382=CARTESIAN_POINT('',(0.00968760995878539,0.000829445299384305,0.010960449835012));
#2383=CARTESIAN_POINT('',(0.00958622529428327,0.000741859580621634,0.0109717019610159));
#2384=CARTESIAN_POINT('',(0.00943930326181629,0.000561964596635341,0.0109870385442491));
#2385=CARTESIAN_POINT('',(0.00932170380165347,0.000322622445619647,0.0109994812520317));
#2386=CARTESIAN_POINT('',(0.00925976956483122,-3.08433808599372E-8,0.0110066889833471));
#2387=CARTESIAN_POINT('',(0.0093216841710487,-0.000322529915477067,0.0109994783074681));
#2388=CARTESIAN_POINT('',(0.00943925588409618,-0.000561904345762295,0.0109870351509972));
#2389=CARTESIAN_POINT('',(0.00958625829207084,-0.000741893080587279,0.0109716993482259));
#2390=CARTESIAN_POINT('',(0.00968752534535522,-0.000829371550394759,0.0109604636794241));
#2391=CARTESIAN_POINT('',(0.00990390706068156,-0.000974739037944613,0.0109366956438272));
#2392=CARTESIAN_POINT('',(0.0101271352843562,-0.00104616279609687,0.0109139858354194));
#2393=CARTESIAN_POINT('',(0.0103008982543793,-0.00105548507520129,0.0108955373973092));
#2394=CARTESIAN_POINT('',(-0.0102768593607767,0.00223296120924274,0.0108782456697521));
#2395=CARTESIAN_POINT('',(-0.0100025258800755,0.0021122264461169,0.010909862383078));
#2396=CARTESIAN_POINT('',(-0.00967896693562634,0.00211395551343546,0.0109425513817921));
#2397=CARTESIAN_POINT('',(-0.00913515082052987,0.00235338387330626,0.0109898203701978));
#2398=CARTESIAN_POINT('',(-0.00892102436612355,0.00258931059642198,0.0110038053019082));
#2399=CARTESIAN_POINT('',(-0.00873921890160841,0.00314885028152872,0.0110038053019082));
#2400=CARTESIAN_POINT('',(-0.00877377659369927,0.00346557938198224,0.0109898203701978));
#2401=CARTESIAN_POINT('',(-0.00907300061371464,0.00397892808646573,0.0109425513817921));
#2402=CARTESIAN_POINT('',(-0.00933374897818597,0.0041705101071054,0.010909862383078));
#2403=CARTESIAN_POINT('',(-0.00962665553940365,0.00423408280609099,0.0108782456697521));
#2404=CARTESIAN_POINT('',(-0.0107145259635901,0.00123372387968909,0.012));
#2405=CARTESIAN_POINT('',(-0.0101640380266742,0.000989454039089321,0.012));
#2406=CARTESIAN_POINT('',(-0.00951263287713746,0.000993724427755065,0.012));
#2407=CARTESIAN_POINT('',(-0.00841492562630515,0.00148248280468947,0.012));
#2408=CARTESIAN_POINT('',(-0.00798127159510534,0.00196346234313885,0.012));
#2409=CARTESIAN_POINT('',(-0.0076110785658909,0.00310279933472916,0.012));
#2410=CARTESIAN_POINT('',(-0.00767919936745577,0.00374681539941775,0.012));
#2411=CARTESIAN_POINT('',(-0.00827997822233126,0.00478744536587455,0.012));
#2412=CARTESIAN_POINT('',(-0.00880446598705055,0.00517378652304279,0.012));
#2413=CARTESIAN_POINT('',(-0.00939339829309827,0.00529973676166837,0.012));
#2414=CARTESIAN_POINT('',(-0.010167666486172,0.00161040016581894,0.0114704442600242));
#2415=CARTESIAN_POINT('',(-0.01003756178525,0.00158979360557982,0.0114698046804523));
#2416=CARTESIAN_POINT('',(-0.0097945513392459,0.00155312778729566,0.0114947652773718));
#2417=CARTESIAN_POINT('',(-0.00938284734810012,0.00148567777511305,0.01163158141907));
#2418=CARTESIAN_POINT('',(-0.00906967738603874,0.001436349524578,0.0117818381093732));
#2419=CARTESIAN_POINT('',(-0.008825569024402,0.00139783281197946,0.0119222979074189));
#2420=CARTESIAN_POINT('',(-0.00870140946744611,0.00137816786998409,0.012));
#2421=CARTESIAN_POINT('',(-0.00784965488333895,0.00399959893120427,0.012));
#2422=CARTESIAN_POINT('',(-0.00796166083782239,0.00405666881544646,0.0119222979074189));
#2423=CARTESIAN_POINT('',(-0.00818178820648775,0.00416899143531815,0.0117818381093732));
#2424=CARTESIAN_POINT('',(-0.00846414244610904,0.00431316072749318,0.01163158141907));
#2425=CARTESIAN_POINT('',(-0.00883686409402588,0.0045005860556721,0.0114947652773718));
#2426=CARTESIAN_POINT('',(-0.0090550153019045,0.00461376074188177,0.0114698046804523));
#2427=CARTESIAN_POINT('',(-0.00917238444820748,0.00467356330890857,0.0114704442600242));
#2428=CARTESIAN_POINT('',(-0.00908385110067948,0.00529939649996587,0.0108782456697521));
#2429=CARTESIAN_POINT('',(-0.00886025354983841,0.00509979720908899,0.010909862383078));
#2430=CARTESIAN_POINT('',(-0.00855199639612859,0.00500145643731261,0.0109425513817921));
#2431=CARTESIAN_POINT('',(-0.00796080910406438,0.00506111791777382,0.0109898203701978));
#2432=CARTESIAN_POINT('',(-0.00768425737742012,0.00521932885180438,0.0110038053019082));
#2433=CARTESIAN_POINT('',(-0.00733844283396974,0.00569530173724548,0.0110038053019082));
#2434=CARTESIAN_POINT('',(-0.00727343447756765,0.00600720792627455,0.0109898203701978));
#2435=CARTESIAN_POINT('',(-0.00739937995790954,0.0065878968641152,0.0109425513817921));
#2436=CARTESIAN_POINT('',(-0.00758816428885895,0.00685067786912666,0.010909862383078));
#2437=CARTESIAN_POINT('',(-0.0078470899382058,0.00700165220393556,0.0108782456697521));
#2438=CARTESIAN_POINT('',(-0.00980887809149582,0.00448431174450819,0.012));
#2439=CARTESIAN_POINT('',(-0.0093608164839087,0.00408188719316599,0.012));
#2440=CARTESIAN_POINT('',(-0.00873997374902326,0.00388465331270346,0.012));
#2441=CARTESIAN_POINT('',(-0.00754495747051891,0.00401027995662497,0.012));
#2442=CARTESIAN_POINT('',(-0.00698389712700119,0.00433371221555195,0.012));
#2443=CARTESIAN_POINT('',(-0.00627974814155832,0.00530289014843363,0.012));
#2444=CARTESIAN_POINT('',(-0.00614552296514258,0.00593643630870846,0.012));
#2445=CARTESIAN_POINT('',(-0.00639532526543328,0.00711178509537686,0.012));
#2446=CARTESIAN_POINT('',(-0.00677475678859517,0.00764129300305471,0.012));
#2447=CARTESIAN_POINT('',(-0.00729594393173771,0.00794306888933367,0.012));
#2448=CARTESIAN_POINT('',(-0.00622952138704158,0.00622952138501898,0.012));
#2449=CARTESIAN_POINT('',(-0.00631840981581907,0.00631840981371829,0.0119222979074189));
#2450=CARTESIAN_POINT('',(-0.00649305378581009,0.00649325807111924,0.0117818381093732));
#2451=CARTESIAN_POINT('',(-0.00671703786395639,0.00671762347436876,0.01163158141907));
#2452=CARTESIAN_POINT('',(-0.00701359960438846,0.00701105287742986,0.0114947652773718));
#2453=CARTESIAN_POINT('',(-0.00718610083080723,0.0071861008308071,0.0114698046804523));
#2454=CARTESIAN_POINT('',(-0.00727924551269212,0.00727924551269199,0.0114704442600242));
#2455=CARTESIAN_POINT('',(-0.0104638970235516,-0.00105205188259665,0.0108782456697521));
#2456=CARTESIAN_POINT('',(-0.0101656812854751,-0.00108210375814813,0.010909862383078));
#2457=CARTESIAN_POINT('',(-0.00985849275413694,-0.000980474104890889,0.0109425513817921));
#2458=CARTESIAN_POINT('',(-0.00941528032634352,-0.000584715781670128,0.0109898203701978));
#2459=CARTESIAN_POINT('',(-0.00928453933343917,-0.000294167420925957,0.0110038053019082));
#2460=CARTESIAN_POINT('',(-0.00928453933343916,0.000294167420925958,0.0110038053019082));
#2461=CARTESIAN_POINT('',(-0.00941528032634352,0.000584715781670128,0.0109898203701978));
#2462=CARTESIAN_POINT('',(-0.00985849275413694,0.000980474104890891,0.0109425513817921));
#2463=CARTESIAN_POINT('',(-0.0101656812854751,0.00108210375814813,0.010909862383078));
#2464=CARTESIAN_POINT('',(-0.0104638970235516,0.00105205188259665,0.0108782456697521));
#2465=CARTESIAN_POINT('',(-0.0105713613818761,-0.00213762947433369,0.012));
#2466=CARTESIAN_POINT('',(-0.00997233271037177,-0.00219983377026507,0.012));
#2467=CARTESIAN_POINT('',(-0.00935412922082693,-0.0019944771278672,0.012));
#2468=CARTESIAN_POINT('',(-0.00846118223155427,-0.0011904300932341,0.012));
#2469=CARTESIAN_POINT('',(-0.00819738359069151,-0.000598984903667247,0.012));
#2470=CARTESIAN_POINT('',(-0.0081973835906915,0.000598984903667245,0.012));
#2471=CARTESIAN_POINT('',(-0.00846118223155427,0.0011904300932341,0.012));
#2472=CARTESIAN_POINT('',(-0.00935412922082693,0.0019944771278672,0.012));
#2473=CARTESIAN_POINT('',(-0.00997233271037177,0.00219983377026507,0.012));
#2474=CARTESIAN_POINT('',(-0.0105713613818761,0.00213762947433369,0.012));
#2475=CARTESIAN_POINT('',(-0.010167666486172,-0.00161040016581885,0.0114704442600242));
#2476=CARTESIAN_POINT('',(-0.01003756178525,-0.00158979360557973,0.0114698046804523));
#2477=CARTESIAN_POINT('',(-0.00979511475608756,-0.00154957051335828,0.0114947652773718));
#2478=CARTESIAN_POINT('',(-0.00938271779248842,-0.00148649575705269,0.01163158141907));
#2479=CARTESIAN_POINT('',(-0.00906963219164392,-0.00143663487075677,0.0117818381093732));
#2480=CARTESIAN_POINT('',(-0.00882556902486676,-0.0013978328090451,0.0119222979074189));
#2481=CARTESIAN_POINT('',(-0.00870140946789357,-0.00137816786715892,0.012));
#2482=CARTESIAN_POINT('',(-0.00700165220393556,0.0078470899382058,0.0108782456697521));
#2483=CARTESIAN_POINT('',(-0.00685067786912666,0.00758816428885895,0.010909862383078));
#2484=CARTESIAN_POINT('',(-0.00658789686411519,0.00739937995790954,0.0109425513817921));
#2485=CARTESIAN_POINT('',(-0.00600720792627455,0.00727343447756765,0.0109898203701978));
#2486=CARTESIAN_POINT('',(-0.00569530173724548,0.00733844283396974,0.0110038053019082));
#2487=CARTESIAN_POINT('',(-0.00521932885180438,0.00768425737742012,0.0110038053019082));
#2488=CARTESIAN_POINT('',(-0.00506111791777383,0.00796080910406438,0.0109898203701978));
#2489=CARTESIAN_POINT('',(-0.0050014564373126,0.00855199639612859,0.0109425513817921));
#2490=CARTESIAN_POINT('',(-0.00509979720908899,0.00886025354983842,0.010909862383078));
#2491=CARTESIAN_POINT('',(-0.00529939649996587,0.00908385110067949,0.0108782456697521));
#2492=CARTESIAN_POINT('',(-0.00794306888933367,0.00729594393173771,0.012));
#2493=CARTESIAN_POINT('',(-0.00764129300305471,0.00677475678859518,0.012));
#2494=CARTESIAN_POINT('',(-0.00711178509537685,0.00639532526543329,0.012));
#2495=CARTESIAN_POINT('',(-0.00593643630870846,0.00614552296514258,0.012));
#2496=CARTESIAN_POINT('',(-0.00530289014843363,0.00627974814155832,0.012));
#2497=CARTESIAN_POINT('',(-0.00433371221555195,0.00698389712700119,0.012));
#2498=CARTESIAN_POINT('',(-0.00401027995662497,0.0075449574705189,0.012));
#2499=CARTESIAN_POINT('',(-0.00388465331270345,0.00873997374902326,0.012));
#2500=CARTESIAN_POINT('',(-0.00408188719316599,0.0093608164839087,0.012));
#2501=CARTESIAN_POINT('',(-0.00448431174450819,0.00980887809149582,0.012));
#2502=CARTESIAN_POINT('',(-0.00399959893375289,0.00784965488204036,0.012));
#2503=CARTESIAN_POINT('',(-0.00405666881809359,0.0079616608364736,0.0119222979074189));
#2504=CARTESIAN_POINT('',(-0.00416873402081146,0.00818191936572996,0.0117818381093732));
#2505=CARTESIAN_POINT('',(-0.00431242281532499,0.00846451843113824,0.01163158141907));
#2506=CARTESIAN_POINT('',(-0.0045037951188515,0.00883522899466694,0.0114947652773718));
#2507=CARTESIAN_POINT('',(-0.00461376074188185,0.00905501530190446,0.0114698046804523));
#2508=CARTESIAN_POINT('',(-0.00467356330890866,0.00917238444820744,0.0114704442600242));
#2509=CARTESIAN_POINT('',(-0.00962665553940363,-0.00423408280609099,0.0108782456697521));
#2510=CARTESIAN_POINT('',(-0.00933374897818596,-0.0041705101071054,0.010909862383078));
#2511=CARTESIAN_POINT('',(-0.00907300061371463,-0.00397892808646572,0.0109425513817921));
#2512=CARTESIAN_POINT('',(-0.00877377659369927,-0.00346557938198223,0.0109898203701978));
#2513=CARTESIAN_POINT('',(-0.00873921890160841,-0.0031488502815287,0.0110038053019082));
#2514=CARTESIAN_POINT('',(-0.00892102436612356,-0.00258931059642197,0.0110038053019082));
#2515=CARTESIAN_POINT('',(-0.00913515082052988,-0.00235338387330626,0.0109898203701978));
#2516=CARTESIAN_POINT('',(-0.00967896693562634,-0.00211395551343546,0.0109425513817921));
#2517=CARTESIAN_POINT('',(-0.0100025258800755,-0.0021122264461169,0.010909862383078));
#2518=CARTESIAN_POINT('',(-0.0102768593607767,-0.00223296120924274,0.0108782456697521));
#2519=CARTESIAN_POINT('',(-0.00939339829309823,-0.00529973676166836,0.012));
#2520=CARTESIAN_POINT('',(-0.00880446598705052,-0.00517378652304277,0.012));
#2521=CARTESIAN_POINT('',(-0.00827997822233124,-0.00478744536587452,0.012));
#2522=CARTESIAN_POINT('',(-0.00767919936745576,-0.00374681539941772,0.012));
#2523=CARTESIAN_POINT('',(-0.0076110785658909,-0.00310279933472913,0.012));
#2524=CARTESIAN_POINT('',(-0.00798127159510535,-0.00196346234313883,0.012));
#2525=CARTESIAN_POINT('',(-0.00841492562630516,-0.00148248280468946,0.012));
#2526=CARTESIAN_POINT('',(-0.00951263287713747,-0.000993724427755063,0.012));
#2527=CARTESIAN_POINT('',(-0.0101640380266742,-0.000989454039089322,0.012));
#2528=CARTESIAN_POINT('',(-0.0107145259635901,-0.00123372387968909,0.012));
#2529=CARTESIAN_POINT('',(-0.00917238444820749,-0.00467356330890858,0.0114704442600242));
#2530=CARTESIAN_POINT('',(-0.00905501530190451,-0.00461376074188177,0.0114698046804523));
#2531=CARTESIAN_POINT('',(-0.00883686409402587,-0.00450058605567209,0.0114947652773718));
#2532=CARTESIAN_POINT('',(-0.00846414244610906,-0.00431316072749317,0.01163158141907));
#2533=CARTESIAN_POINT('',(-0.00818178820648774,-0.00416899143531814,0.0117818381093732));
#2534=CARTESIAN_POINT('',(-0.00796166083782239,-0.00405666881544646,0.0119222979074189));
#2535=CARTESIAN_POINT('',(-0.00784965488333895,-0.00399959893120427,0.012));
#2536=CARTESIAN_POINT('',(-0.00423408280609099,0.00962665553940363,0.0108782456697521));
#2537=CARTESIAN_POINT('',(-0.0041705101071054,0.00933374897818596,0.010909862383078));
#2538=CARTESIAN_POINT('',(-0.00397892808646572,0.00907300061371463,0.0109425513817921));
#2539=CARTESIAN_POINT('',(-0.00346557938198223,0.00877377659369927,0.0109898203701978));
#2540=CARTESIAN_POINT('',(-0.00314885028152871,0.00873921890160841,0.0110038053019082));
#2541=CARTESIAN_POINT('',(-0.00258931059642197,0.00892102436612356,0.0110038053019083));
#2542=CARTESIAN_POINT('',(-0.00235338387330626,0.00913515082052988,0.0109898203701978));
#2543=CARTESIAN_POINT('',(-0.00211395551343546,0.00967896693562634,0.0109425513817921));
#2544=CARTESIAN_POINT('',(-0.0021122264461169,0.0100025258800755,0.010909862383078));
#2545=CARTESIAN_POINT('',(-0.00223296120924274,0.0102768593607767,0.0108782456697521));
#2546=CARTESIAN_POINT('',(-0.00529973676166836,0.00939339829309823,0.012));
#2547=CARTESIAN_POINT('',(-0.00517378652304277,0.00880446598705052,0.012));
#2548=CARTESIAN_POINT('',(-0.00478744536587452,0.00827997822233124,0.012));
#2549=CARTESIAN_POINT('',(-0.00374681539941772,0.00767919936745576,0.012));
#2550=CARTESIAN_POINT('',(-0.00310279933472913,0.0076110785658909,0.012));
#2551=CARTESIAN_POINT('',(-0.00196346234313883,0.00798127159510535,0.012));
#2552=CARTESIAN_POINT('',(-0.00148248280468946,0.00841492562630517,0.012));
#2553=CARTESIAN_POINT('',(-0.000993724427755062,0.00951263287713747,0.012));
#2554=CARTESIAN_POINT('',(-0.000989454039089322,0.0101640380266742,0.012));
#2555=CARTESIAN_POINT('',(-0.00123372387968909,0.0107145259635901,0.012));
#2556=CARTESIAN_POINT('',(-0.00137816786998409,0.00870140946744611,0.012));
#2557=CARTESIAN_POINT('',(-0.00139783281197946,0.008825569024402,0.0119222979074189));
#2558=CARTESIAN_POINT('',(-0.00143634952457799,0.00906967738603874,0.0117818381093732));
#2559=CARTESIAN_POINT('',(-0.00148567777511304,0.00938284734810013,0.01163158141907));
#2560=CARTESIAN_POINT('',(-0.00155312778729566,0.00979455133924591,0.0114947652773718));
#2561=CARTESIAN_POINT('',(-0.00158979360557982,0.01003756178525,0.0114698046804523));
#2562=CARTESIAN_POINT('',(-0.00161040016581894,0.010167666486172,0.0114704442600242));
#2563=CARTESIAN_POINT('',(-0.00784708993820576,-0.00700165220393554,0.0108782456697521));
#2564=CARTESIAN_POINT('',(-0.00758816428885892,-0.00685067786912663,0.010909862383078));
#2565=CARTESIAN_POINT('',(-0.00739937995790952,-0.00658789686411516,0.0109425513817921));
#2566=CARTESIAN_POINT('',(-0.00727343447756765,-0.00600720792627452,0.0109898203701978));
#2567=CARTESIAN_POINT('',(-0.00733844283396975,-0.00569530173724545,0.0110038053019082));
#2568=CARTESIAN_POINT('',(-0.00768425737742014,-0.00521932885180437,0.0110038053019082));
#2569=CARTESIAN_POINT('',(-0.00796080910406439,-0.00506111791777382,0.0109898203701978));
#2570=CARTESIAN_POINT('',(-0.0085519963961286,-0.00500145643731261,0.0109425513817921));
#2571=CARTESIAN_POINT('',(-0.00886025354983841,-0.005099797209089,0.010909862383078));
#2572=CARTESIAN_POINT('',(-0.00908385110067948,-0.00529939649996586,0.0108782456697521));
#2573=CARTESIAN_POINT('',(-0.00729594393173763,-0.00794306888933362,0.012));
#2574=CARTESIAN_POINT('',(-0.00677475678859513,-0.00764129300305464,0.012));
#2575=CARTESIAN_POINT('',(-0.00639532526543325,-0.00711178509537678,0.012));
#2576=CARTESIAN_POINT('',(-0.00614552296514259,-0.0059364363087084,0.012));
#2577=CARTESIAN_POINT('',(-0.00627974814155834,-0.00530289014843358,0.012));
#2578=CARTESIAN_POINT('',(-0.00698389712700122,-0.00433371221555192,0.012));
#2579=CARTESIAN_POINT('',(-0.00754495747051893,-0.00401027995662497,0.012));
#2580=CARTESIAN_POINT('',(-0.00873997374902327,-0.00388465331270346,0.012));
#2581=CARTESIAN_POINT('',(-0.0093608164839087,-0.00408188719316599,0.012));
#2582=CARTESIAN_POINT('',(-0.00980887809149581,-0.00448431174450818,0.012));
#2583=CARTESIAN_POINT('',(-0.00727924551269212,-0.00727924551269199,0.0114704442600242));
#2584=CARTESIAN_POINT('',(-0.00718610083080723,-0.00718610083080709,0.0114698046804523));
#2585=CARTESIAN_POINT('',(-0.00701359960438846,-0.00701105287742985,0.0114947652773718));
#2586=CARTESIAN_POINT('',(-0.00671703786395639,-0.00671762347436876,0.01163158141907));
#2587=CARTESIAN_POINT('',(-0.0064930537858101,-0.00649325807111924,0.0117818381093732));
#2588=CARTESIAN_POINT('',(-0.00631840981581907,-0.00631840981371829,0.0119222979074189));
#2589=CARTESIAN_POINT('',(-0.00622952138704158,-0.00622952138501898,0.012));
#2590=CARTESIAN_POINT('',(-0.00105205188259665,0.0104638970235516,0.0108782456697521));
#2591=CARTESIAN_POINT('',(-0.00108210375814813,0.010165681285475,0.010909862383078));
#2592=CARTESIAN_POINT('',(-0.000980474104890889,0.00985849275413694,0.0109425513817921));
#2593=CARTESIAN_POINT('',(-0.000584715781670128,0.00941528032634352,0.0109898203701978));
#2594=CARTESIAN_POINT('',(-0.000294167420925958,0.00928453933343917,0.0110038053019082));
#2595=CARTESIAN_POINT('',(0.000294167420925957,0.00928453933343916,0.0110038053019082));
#2596=CARTESIAN_POINT('',(0.000584715781670127,0.00941528032634352,0.0109898203701978));
#2597=CARTESIAN_POINT('',(0.000980474104890891,0.00985849275413694,0.0109425513817921));
#2598=CARTESIAN_POINT('',(0.00108210375814813,0.0101656812854751,0.010909862383078));
#2599=CARTESIAN_POINT('',(0.00105205188259665,0.0104638970235516,0.0108782456697521));
#2600=CARTESIAN_POINT('',(-0.00213762947433369,0.0105713613818761,0.012));
#2601=CARTESIAN_POINT('',(-0.00219983377026507,0.00997233271037177,0.012));
#2602=CARTESIAN_POINT('',(-0.0019944771278672,0.00935412922082694,0.012));
#2603=CARTESIAN_POINT('',(-0.00119043009323411,0.00846118223155427,0.012));
#2604=CARTESIAN_POINT('',(-0.000598984903667249,0.00819738359069151,0.012));
#2605=CARTESIAN_POINT('',(0.000598984903667244,0.0081973835906915,0.012));
#2606=CARTESIAN_POINT('',(0.0011904300932341,0.00846118223155427,0.012));
#2607=CARTESIAN_POINT('',(0.0019944771278672,0.00935412922082693,0.012));
#2608=CARTESIAN_POINT('',(0.00219983377026507,0.00997233271037177,0.012));
#2609=CARTESIAN_POINT('',(0.00213762947433369,0.0105713613818761,0.012));
#2610=CARTESIAN_POINT('',(0.00137816786715893,0.00870140946789358,0.012));
#2611=CARTESIAN_POINT('',(0.0013978328090451,0.00882556902486676,0.0119222979074189));
#2612=CARTESIAN_POINT('',(0.00143663487075677,0.00906963219164392,0.0117818381093732));
#2613=CARTESIAN_POINT('',(0.0014864957570527,0.00938271779248842,0.01163158141907));
#2614=CARTESIAN_POINT('',(0.00154957051335828,0.00979511475608757,0.0114947652773718));
#2615=CARTESIAN_POINT('',(0.00158979360557973,0.01003756178525,0.0114698046804523));
#2616=CARTESIAN_POINT('',(0.00161040016581885,0.010167666486172,0.0114704442600242));
#2617=CARTESIAN_POINT('',(-0.00529939649996587,-0.00908385110067948,0.0108782456697521));
#2618=CARTESIAN_POINT('',(-0.00509979720908899,-0.00886025354983841,0.010909862383078));
#2619=CARTESIAN_POINT('',(-0.00500145643731261,-0.00855199639612859,0.0109425513817921));
#2620=CARTESIAN_POINT('',(-0.00506111791777382,-0.00796080910406438,0.0109898203701978));
#2621=CARTESIAN_POINT('',(-0.00521932885180438,-0.00768425737742012,0.0110038053019082));
#2622=CARTESIAN_POINT('',(-0.00569530173724548,-0.00733844283396974,0.0110038053019082));
#2623=CARTESIAN_POINT('',(-0.00600720792627455,-0.00727343447756765,0.0109898203701978));
#2624=CARTESIAN_POINT('',(-0.00658789686411519,-0.00739937995790954,0.0109425513817921));
#2625=CARTESIAN_POINT('',(-0.00685067786912666,-0.00758816428885895,0.010909862383078));
#2626=CARTESIAN_POINT('',(-0.00700165220393556,-0.0078470899382058,0.0108782456697521));
#2627=CARTESIAN_POINT('',(-0.00448431174450819,-0.00980887809149582,0.012));
#2628=CARTESIAN_POINT('',(-0.00408188719316599,-0.0093608164839087,0.012));
#2629=CARTESIAN_POINT('',(-0.00388465331270346,-0.00873997374902326,0.012));
#2630=CARTESIAN_POINT('',(-0.00401027995662497,-0.00754495747051891,0.012));
#2631=CARTESIAN_POINT('',(-0.00433371221555195,-0.00698389712700119,0.012));
#2632=CARTESIAN_POINT('',(-0.00530289014843363,-0.00627974814155832,0.012));
#2633=CARTESIAN_POINT('',(-0.00593643630870846,-0.00614552296514258,0.012));
#2634=CARTESIAN_POINT('',(-0.00711178509537685,-0.00639532526543328,0.012));
#2635=CARTESIAN_POINT('',(-0.0076412930030547,-0.00677475678859517,0.012));
#2636=CARTESIAN_POINT('',(-0.00794306888933367,-0.00729594393173771,0.012));
#2637=CARTESIAN_POINT('',(-0.00467356330890866,-0.00917238444820744,0.0114704442600242));
#2638=CARTESIAN_POINT('',(-0.00461376074188186,-0.00905501530190446,0.0114698046804523));
#2639=CARTESIAN_POINT('',(-0.0045037951188515,-0.00883522899466693,0.0114947652773718));
#2640=CARTESIAN_POINT('',(-0.004312422815325,-0.00846451843113822,0.01163158141907));
#2641=CARTESIAN_POINT('',(-0.00416873402081147,-0.00818191936572996,0.0117818381093732));
#2642=CARTESIAN_POINT('',(-0.00405666881809359,-0.00796166083647361,0.0119222979074189));
#2643=CARTESIAN_POINT('',(-0.00399959893375289,-0.00784965488204036,0.012));
#2644=CARTESIAN_POINT('',(0.00223296120924274,0.0102768593607767,0.0108782456697521));
#2645=CARTESIAN_POINT('',(0.0021122264461169,0.0100025258800755,0.010909862383078));
#2646=CARTESIAN_POINT('',(0.00211395551343546,0.00967896693562634,0.0109425513817921));
#2647=CARTESIAN_POINT('',(0.00235338387330626,0.00913515082052987,0.0109898203701978));
#2648=CARTESIAN_POINT('',(0.00258931059642198,0.00892102436612355,0.0110038053019082));
#2649=CARTESIAN_POINT('',(0.00314885028152872,0.00873921890160841,0.0110038053019082));
#2650=CARTESIAN_POINT('',(0.00346557938198224,0.00877377659369927,0.0109898203701978));
#2651=CARTESIAN_POINT('',(0.00397892808646573,0.00907300061371464,0.0109425513817921));
#2652=CARTESIAN_POINT('',(0.0041705101071054,0.00933374897818597,0.010909862383078));
#2653=CARTESIAN_POINT('',(0.00423408280609099,0.00962665553940365,0.0108782456697521));
#2654=CARTESIAN_POINT('',(0.00123372387968909,0.0107145259635901,0.012));
#2655=CARTESIAN_POINT('',(0.00098945403908932,0.0101640380266742,0.012));
#2656=CARTESIAN_POINT('',(0.000993724427755064,0.00951263287713746,0.012));
#2657=CARTESIAN_POINT('',(0.00148248280468947,0.00841492562630515,0.012));
#2658=CARTESIAN_POINT('',(0.00196346234313885,0.00798127159510534,0.012));
#2659=CARTESIAN_POINT('',(0.00310279933472916,0.0076110785658909,0.012));
#2660=CARTESIAN_POINT('',(0.00374681539941775,0.00767919936745577,0.012));
#2661=CARTESIAN_POINT('',(0.00478744536587455,0.00827997822233126,0.012));
#2662=CARTESIAN_POINT('',(0.00517378652304279,0.00880446598705055,0.012));
#2663=CARTESIAN_POINT('',(0.00529973676166837,0.00939339829309827,0.012));
#2664=CARTESIAN_POINT('',(0.00399959893120428,0.00784965488333895,0.012));
#2665=CARTESIAN_POINT('',(0.00405666881544646,0.0079616608378224,0.0119222979074189));
#2666=CARTESIAN_POINT('',(0.00416899143531815,0.00818178820648775,0.0117818381093732));
#2667=CARTESIAN_POINT('',(0.00431316072749319,0.00846414244610906,0.01163158141907));
#2668=CARTESIAN_POINT('',(0.0045005860556721,0.00883686409402587,0.0114947652773718));
#2669=CARTESIAN_POINT('',(0.00461376074188177,0.0090550153019045,0.0114698046804523));
#2670=CARTESIAN_POINT('',(0.00467356330890857,0.00917238444820748,0.0114704442600242));
#2671=CARTESIAN_POINT('',(-0.00223296120924272,-0.0102768593607767,0.0108782456697521));
#2672=CARTESIAN_POINT('',(-0.0021122264461169,-0.0100025258800755,0.010909862383078));
#2673=CARTESIAN_POINT('',(-0.00211395551343546,-0.00967896693562631,0.0109425513817921));
#2674=CARTESIAN_POINT('',(-0.00235338387330629,-0.00913515082052985,0.0109898203701978));
#2675=CARTESIAN_POINT('',(-0.002589310596422,-0.00892102436612354,0.0110038053019082));
#2676=CARTESIAN_POINT('',(-0.00314885028152874,-0.00873921890160841,0.0110038053019082));
#2677=CARTESIAN_POINT('',(-0.00346557938198226,-0.00877377659369928,0.0109898203701978));
#2678=CARTESIAN_POINT('',(-0.00397892808646574,-0.00907300061371464,0.0109425513817921));
#2679=CARTESIAN_POINT('',(-0.0041705101071054,-0.00933374897818597,0.010909862383078));
#2680=CARTESIAN_POINT('',(-0.00423408280609099,-0.00962665553940365,0.0108782456697521));
#2681=CARTESIAN_POINT('',(-0.00123372387968906,-0.01071452596359,0.012));
#2682=CARTESIAN_POINT('',(-0.000989454039089313,-0.0101640380266741,0.012));
#2683=CARTESIAN_POINT('',(-0.000993724427755079,-0.00951263287713739,0.012));
#2684=CARTESIAN_POINT('',(-0.00148248280468951,-0.00841492562630511,0.012));
#2685=CARTESIAN_POINT('',(-0.00196346234313889,-0.00798127159510531,0.012));
#2686=CARTESIAN_POINT('',(-0.00310279933472919,-0.0076110785658909,0.012));
#2687=CARTESIAN_POINT('',(-0.00374681539941778,-0.00767919936745578,0.012));
#2688=CARTESIAN_POINT('',(-0.00478744536587455,-0.00827997822233127,0.012));
#2689=CARTESIAN_POINT('',(-0.00517378652304279,-0.00880446598705056,0.012));
#2690=CARTESIAN_POINT('',(-0.00529973676166837,-0.00939339829309826,0.012));
#2691=CARTESIAN_POINT('',(-0.00161040016581895,-0.010167666486172,0.0114704442600242));
#2692=CARTESIAN_POINT('',(-0.00158979360557983,-0.01003756178525,0.0114698046804523));
#2693=CARTESIAN_POINT('',(-0.00155312778729566,-0.00979455133924591,0.0114947652773718));
#2694=CARTESIAN_POINT('',(-0.00148567777511305,-0.00938284734810014,0.01163158141907));
#2695=CARTESIAN_POINT('',(-0.001436349524578,-0.00906967738603873,0.0117818381093732));
#2696=CARTESIAN_POINT('',(-0.00139783281197947,-0.008825569024402,0.0119222979074189));
#2697=CARTESIAN_POINT('',(-0.0013781678699841,-0.00870140946744611,0.012));
#2698=CARTESIAN_POINT('',(0.00529939649996587,0.00908385110067948,0.0108782456697521));
#2699=CARTESIAN_POINT('',(0.00509979720908899,0.00886025354983841,0.010909862383078));
#2700=CARTESIAN_POINT('',(0.00500145643731261,0.00855199639612859,0.0109425513817921));
#2701=CARTESIAN_POINT('',(0.00506111791777382,0.00796080910406438,0.0109898203701978));
#2702=CARTESIAN_POINT('',(0.00521932885180438,0.00768425737742012,0.0110038053019082));
#2703=CARTESIAN_POINT('',(0.00569530173724548,0.00733844283396974,0.0110038053019082));
#2704=CARTESIAN_POINT('',(0.00600720792627455,0.00727343447756765,0.0109898203701978));
#2705=CARTESIAN_POINT('',(0.0065878968641152,0.00739937995790954,0.0109425513817921));
#2706=CARTESIAN_POINT('',(0.00685067786912666,0.00758816428885895,0.010909862383078));
#2707=CARTESIAN_POINT('',(0.00700165220393556,0.0078470899382058,0.0108782456697521));
#2708=CARTESIAN_POINT('',(0.00448431174450819,0.00980887809149582,0.012));
#2709=CARTESIAN_POINT('',(0.00408188719316599,0.0093608164839087,0.012));
#2710=CARTESIAN_POINT('',(0.00388465331270346,0.00873997374902326,0.012));
#2711=CARTESIAN_POINT('',(0.00401027995662497,0.00754495747051891,0.012));
#2712=CARTESIAN_POINT('',(0.00433371221555195,0.00698389712700119,0.012));
#2713=CARTESIAN_POINT('',(0.00530289014843363,0.00627974814155832,0.012));
#2714=CARTESIAN_POINT('',(0.00593643630870846,0.00614552296514258,0.012));
#2715=CARTESIAN_POINT('',(0.00711178509537686,0.00639532526543328,0.012));
#2716=CARTESIAN_POINT('',(0.00764129300305471,0.00677475678859518,0.012));
#2717=CARTESIAN_POINT('',(0.00794306888933367,0.00729594393173771,0.012));
#2718=CARTESIAN_POINT('',(0.00622952138501898,0.00622952138704158,0.012));
#2719=CARTESIAN_POINT('',(0.00631840981371829,0.00631840981581907,0.0119222979074189));
#2720=CARTESIAN_POINT('',(0.00649325807111924,0.00649305378581009,0.0117818381093732));
#2721=CARTESIAN_POINT('',(0.00671762347436876,0.00671703786395639,0.01163158141907));
#2722=CARTESIAN_POINT('',(0.00701105287742986,0.00701359960438846,0.0114947652773718));
#2723=CARTESIAN_POINT('',(0.0071861008308071,0.00718610083080723,0.0114698046804523));
#2724=CARTESIAN_POINT('',(0.00727924551269199,0.00727924551269212,0.0114704442600242));
#2725=CARTESIAN_POINT('',(0.00105205188259665,-0.0104638970235516,0.0108782456697521));
#2726=CARTESIAN_POINT('',(0.00108210375814813,-0.010165681285475,0.010909862383078));
#2727=CARTESIAN_POINT('',(0.000980474104890886,-0.00985849275413694,0.0109425513817921));
#2728=CARTESIAN_POINT('',(0.000584715781670126,-0.00941528032634352,0.0109898203701978));
#2729=CARTESIAN_POINT('',(0.000294167420925957,-0.00928453933343916,0.0110038053019082));
#2730=CARTESIAN_POINT('',(-0.000294167420925958,-0.00928453933343917,0.0110038053019082));
#2731=CARTESIAN_POINT('',(-0.000584715781670127,-0.00941528032634352,0.0109898203701978));
#2732=CARTESIAN_POINT('',(-0.000980474104890892,-0.00985849275413694,0.0109425513817921));
#2733=CARTESIAN_POINT('',(-0.00108210375814813,-0.0101656812854751,0.010909862383078));
#2734=CARTESIAN_POINT('',(-0.00105205188259665,-0.0104638970235516,0.0108782456697521));
#2735=CARTESIAN_POINT('',(0.00213762947433369,-0.0105713613818761,0.012));
#2736=CARTESIAN_POINT('',(0.00219983377026507,-0.00997233271037177,0.012));
#2737=CARTESIAN_POINT('',(0.0019944771278672,-0.00935412922082693,0.012));
#2738=CARTESIAN_POINT('',(0.0011904300932341,-0.00846118223155427,0.012));
#2739=CARTESIAN_POINT('',(0.000598984903667248,-0.00819738359069151,0.012));
#2740=CARTESIAN_POINT('',(-0.000598984903667247,-0.00819738359069151,0.012));
#2741=CARTESIAN_POINT('',(-0.0011904300932341,-0.00846118223155427,0.012));
#2742=CARTESIAN_POINT('',(-0.00199447712786721,-0.00935412922082693,0.012));
#2743=CARTESIAN_POINT('',(-0.00219983377026508,-0.00997233271037177,0.012));
#2744=CARTESIAN_POINT('',(-0.00213762947433369,-0.0105713613818761,0.012));
#2745=CARTESIAN_POINT('',(0.00161040016581885,-0.010167666486172,0.0114704442600242));
#2746=CARTESIAN_POINT('',(0.00158979360557973,-0.01003756178525,0.0114698046804523));
#2747=CARTESIAN_POINT('',(0.00154957051335828,-0.00979511475608755,0.0114947652773718));
#2748=CARTESIAN_POINT('',(0.00148649575705269,-0.00938271779248842,0.01163158141907));
#2749=CARTESIAN_POINT('',(0.00143663487075677,-0.00906963219164391,0.0117818381093732));
#2750=CARTESIAN_POINT('',(0.00139783280904509,-0.00882556902486676,0.0119222979074189));
#2751=CARTESIAN_POINT('',(0.00137816786715892,-0.00870140946789357,0.012));
#2752=CARTESIAN_POINT('',(0.0078470899382058,0.00700165220393556,0.0108782456697521));
#2753=CARTESIAN_POINT('',(0.00758816428885895,0.00685067786912666,0.010909862383078));
#2754=CARTESIAN_POINT('',(0.00739937995790954,0.00658789686411519,0.0109425513817921));
#2755=CARTESIAN_POINT('',(0.00727343447756765,0.00600720792627455,0.0109898203701978));
#2756=CARTESIAN_POINT('',(0.00733844283396974,0.00569530173724548,0.0110038053019082));
#2757=CARTESIAN_POINT('',(0.00768425737742012,0.00521932885180439,0.0110038053019082));
#2758=CARTESIAN_POINT('',(0.00796080910406438,0.00506111791777383,0.0109898203701978));
#2759=CARTESIAN_POINT('',(0.00855199639612859,0.0050014564373126,0.0109425513817921));
#2760=CARTESIAN_POINT('',(0.00886025354983841,0.00509979720908899,0.010909862383078));
#2761=CARTESIAN_POINT('',(0.00908385110067948,0.00529939649996587,0.0108782456697521));
#2762=CARTESIAN_POINT('',(0.00729594393173771,0.00794306888933367,0.012));
#2763=CARTESIAN_POINT('',(0.00677475678859518,0.00764129300305471,0.012));
#2764=CARTESIAN_POINT('',(0.00639532526543328,0.00711178509537685,0.012));
#2765=CARTESIAN_POINT('',(0.00614552296514258,0.00593643630870847,0.012));
#2766=CARTESIAN_POINT('',(0.00627974814155832,0.00530289014843363,0.012));
#2767=CARTESIAN_POINT('',(0.00698389712700119,0.00433371221555195,0.012));
#2768=CARTESIAN_POINT('',(0.00754495747051891,0.00401027995662497,0.012));
#2769=CARTESIAN_POINT('',(0.00873997374902326,0.00388465331270346,0.012));
#2770=CARTESIAN_POINT('',(0.00936081648390869,0.00408188719316599,0.012));
#2771=CARTESIAN_POINT('',(0.00980887809149581,0.00448431174450818,0.012));
#2772=CARTESIAN_POINT('',(0.00784965488204035,0.0039995989337529,0.012));
#2773=CARTESIAN_POINT('',(0.0079616608364736,0.00405666881809359,0.0119222979074189));
#2774=CARTESIAN_POINT('',(0.00818191936572996,0.00416873402081147,0.0117818381093732));
#2775=CARTESIAN_POINT('',(0.00846451843113822,0.00431242281532499,0.01163158141907));
#2776=CARTESIAN_POINT('',(0.00883522899466692,0.00450379511885149,0.0114947652773718));
#2777=CARTESIAN_POINT('',(0.00905501530190445,0.00461376074188185,0.0114698046804523));
#2778=CARTESIAN_POINT('',(0.00917238444820744,0.00467356330890865,0.0114704442600242));
#2779=CARTESIAN_POINT('',(0.00423408280609098,-0.00962665553940363,0.0108782456697521));
#2780=CARTESIAN_POINT('',(0.0041705101071054,-0.00933374897818596,0.010909862383078));
#2781=CARTESIAN_POINT('',(0.00397892808646572,-0.00907300061371463,0.0109425513817921));
#2782=CARTESIAN_POINT('',(0.00346557938198223,-0.00877377659369927,0.0109898203701978));
#2783=CARTESIAN_POINT('',(0.00314885028152871,-0.00873921890160841,0.0110038053019082));
#2784=CARTESIAN_POINT('',(0.00258931059642197,-0.00892102436612356,0.0110038053019083));
#2785=CARTESIAN_POINT('',(0.00235338387330626,-0.00913515082052988,0.0109898203701978));
#2786=CARTESIAN_POINT('',(0.00211395551343546,-0.00967896693562635,0.0109425513817921));
#2787=CARTESIAN_POINT('',(0.0021122264461169,-0.0100025258800755,0.010909862383078));
#2788=CARTESIAN_POINT('',(0.00223296120924273,-0.0102768593607767,0.0108782456697521));
#2789=CARTESIAN_POINT('',(0.00529973676166836,-0.00939339829309823,0.012));
#2790=CARTESIAN_POINT('',(0.00517378652304277,-0.00880446598705052,0.012));
#2791=CARTESIAN_POINT('',(0.00478744536587452,-0.00827997822233123,0.012));
#2792=CARTESIAN_POINT('',(0.00374681539941772,-0.00767919936745576,0.012));
#2793=CARTESIAN_POINT('',(0.00310279933472913,-0.0076110785658909,0.012));
#2794=CARTESIAN_POINT('',(0.00196346234313883,-0.00798127159510535,0.012));
#2795=CARTESIAN_POINT('',(0.00148248280468946,-0.00841492562630517,0.012));
#2796=CARTESIAN_POINT('',(0.00099372442775506,-0.00951263287713747,0.012));
#2797=CARTESIAN_POINT('',(0.000989454039089321,-0.0101640380266742,0.012));
#2798=CARTESIAN_POINT('',(0.00123372387968909,-0.0107145259635901,0.012));
#2799=CARTESIAN_POINT('',(0.00467356330890857,-0.00917238444820749,0.0114704442600242));
#2800=CARTESIAN_POINT('',(0.00461376074188177,-0.0090550153019045,0.0114698046804523));
#2801=CARTESIAN_POINT('',(0.00450058605567209,-0.00883686409402588,0.0114947652773718));
#2802=CARTESIAN_POINT('',(0.00431316072749318,-0.00846414244610905,0.01163158141907));
#2803=CARTESIAN_POINT('',(0.00416899143531814,-0.00818178820648775,0.0117818381093732));
#2804=CARTESIAN_POINT('',(0.00405666881544646,-0.00796166083782239,0.0119222979074189));
#2805=CARTESIAN_POINT('',(0.00399959893120427,-0.00784965488333894,0.012));
#2806=CARTESIAN_POINT('',(0.00962665553940365,0.00423408280609099,0.0108782456697521));
#2807=CARTESIAN_POINT('',(0.00933374897818598,0.0041705101071054,0.010909862383078));
#2808=CARTESIAN_POINT('',(0.00907300061371464,0.00397892808646573,0.0109425513817921));
#2809=CARTESIAN_POINT('',(0.00877377659369927,0.00346557938198224,0.0109898203701978));
#2810=CARTESIAN_POINT('',(0.00873921890160841,0.00314885028152872,0.0110038053019082));
#2811=CARTESIAN_POINT('',(0.00892102436612355,0.00258931059642198,0.0110038053019082));
#2812=CARTESIAN_POINT('',(0.00913515082052987,0.00235338387330626,0.0109898203701978));
#2813=CARTESIAN_POINT('',(0.00967896693562634,0.00211395551343546,0.0109425513817921));
#2814=CARTESIAN_POINT('',(0.0100025258800755,0.0021122264461169,0.010909862383078));
#2815=CARTESIAN_POINT('',(0.0102768593607767,0.00223296120924274,0.0108782456697521));
#2816=CARTESIAN_POINT('',(0.00939339829309827,0.00529973676166837,0.012));
#2817=CARTESIAN_POINT('',(0.00880446598705055,0.00517378652304279,0.012));
#2818=CARTESIAN_POINT('',(0.00827997822233126,0.00478744536587455,0.012));
#2819=CARTESIAN_POINT('',(0.00767919936745577,0.00374681539941775,0.012));
#2820=CARTESIAN_POINT('',(0.0076110785658909,0.00310279933472916,0.012));
#2821=CARTESIAN_POINT('',(0.00798127159510534,0.00196346234313885,0.012));
#2822=CARTESIAN_POINT('',(0.00841492562630515,0.00148248280468947,0.012));
#2823=CARTESIAN_POINT('',(0.00951263287713747,0.000993724427755064,0.012));
#2824=CARTESIAN_POINT('',(0.0101640380266742,0.000989454039089319,0.012));
#2825=CARTESIAN_POINT('',(0.0107145259635901,0.00123372387968909,0.012));
#2826=CARTESIAN_POINT('',(0.00870140946744611,0.00137816786998409,0.012));
#2827=CARTESIAN_POINT('',(0.008825569024402,0.00139783281197946,0.0119222979074189));
#2828=CARTESIAN_POINT('',(0.00906967738603874,0.001436349524578,0.0117818381093732));
#2829=CARTESIAN_POINT('',(0.00938284734810012,0.00148567777511305,0.01163158141907));
#2830=CARTESIAN_POINT('',(0.0097945513392459,0.00155312778729566,0.0114947652773718));
#2831=CARTESIAN_POINT('',(0.01003756178525,0.00158979360557982,0.0114698046804523));
#2832=CARTESIAN_POINT('',(0.010167666486172,0.00161040016581894,0.0114704442600242));
#2833=CARTESIAN_POINT('',(0.00700165220393555,-0.00784708993820578,0.0108782456697521));
#2834=CARTESIAN_POINT('',(0.00685067786912664,-0.00758816428885894,0.010909862383078));
#2835=CARTESIAN_POINT('',(0.00658789686411517,-0.00739937995790953,0.0109425513817921));
#2836=CARTESIAN_POINT('',(0.00600720792627454,-0.00727343447756765,0.0109898203701978));
#2837=CARTESIAN_POINT('',(0.00569530173724546,-0.00733844283396975,0.0110038053019082));
#2838=CARTESIAN_POINT('',(0.00521932885180438,-0.00768425737742013,0.0110038053019082));
#2839=CARTESIAN_POINT('',(0.00506111791777382,-0.00796080910406439,0.0109898203701978));
#2840=CARTESIAN_POINT('',(0.0050014564373126,-0.00855199639612859,0.0109425513817921));
#2841=CARTESIAN_POINT('',(0.005099797209089,-0.00886025354983842,0.010909862383078));
#2842=CARTESIAN_POINT('',(0.00529939649996586,-0.00908385110067948,0.0108782456697521));
#2843=CARTESIAN_POINT('',(0.00794306888933364,-0.00729594393173767,0.012));
#2844=CARTESIAN_POINT('',(0.00764129300305468,-0.00677475678859515,0.012));
#2845=CARTESIAN_POINT('',(0.00711178509537682,-0.00639532526543327,0.012));
#2846=CARTESIAN_POINT('',(0.00593643630870843,-0.00614552296514259,0.012));
#2847=CARTESIAN_POINT('',(0.0053028901484336,-0.00627974814155833,0.012));
#2848=CARTESIAN_POINT('',(0.00433371221555193,-0.0069838971270012,0.012));
#2849=CARTESIAN_POINT('',(0.00401027995662497,-0.00754495747051893,0.012));
#2850=CARTESIAN_POINT('',(0.00388465331270346,-0.00873997374902327,0.012));
#2851=CARTESIAN_POINT('',(0.004081887193166,-0.0093608164839087,0.012));
#2852=CARTESIAN_POINT('',(0.00448431174450818,-0.00980887809149581,0.012));
#2853=CARTESIAN_POINT('',(0.00727924551269199,-0.00727924551269213,0.0114704442600242));
#2854=CARTESIAN_POINT('',(0.0071861008308071,-0.00718610083080723,0.0114698046804523));
#2855=CARTESIAN_POINT('',(0.00701105287742986,-0.00701359960438846,0.0114947652773718));
#2856=CARTESIAN_POINT('',(0.00671762347436876,-0.00671703786395639,0.01163158141907));
#2857=CARTESIAN_POINT('',(0.00649325807111924,-0.0064930537858101,0.0117818381093732));
#2858=CARTESIAN_POINT('',(0.00631840981371829,-0.00631840981581908,0.0119222979074189));
#2859=CARTESIAN_POINT('',(0.00622952138501898,-0.00622952138704158,0.012));
#2860=CARTESIAN_POINT('',(0.0104638970235516,0.00105205188259665,0.0108782456697521));
#2861=CARTESIAN_POINT('',(0.010165681285475,0.00108210375814813,0.010909862383078));
#2862=CARTESIAN_POINT('',(0.00985849275413694,0.00098047410489089,0.0109425513817921));
#2863=CARTESIAN_POINT('',(0.00941528032634352,0.000584715781670129,0.0109898203701978));
#2864=CARTESIAN_POINT('',(0.00928453933343917,0.000294167420925959,0.0110038053019082));
#2865=CARTESIAN_POINT('',(0.00928453933343916,-0.000294167420925956,0.0110038053019082));
#2866=CARTESIAN_POINT('',(0.00941528032634352,-0.000584715781670127,0.0109898203701978));
#2867=CARTESIAN_POINT('',(0.00985849275413694,-0.00098047410489089,0.0109425513817921));
#2868=CARTESIAN_POINT('',(0.0101656812854751,-0.00108210375814813,0.010909862383078));
#2869=CARTESIAN_POINT('',(0.0104638970235516,-0.00105205188259665,0.0108782456697521));
#2870=CARTESIAN_POINT('',(0.0105713613818761,0.00213762947433369,0.012));
#2871=CARTESIAN_POINT('',(0.00997233271037177,0.00219983377026507,0.012));
#2872=CARTESIAN_POINT('',(0.00935412922082694,0.00199447712786721,0.012));
#2873=CARTESIAN_POINT('',(0.00846118223155427,0.00119043009323411,0.012));
#2874=CARTESIAN_POINT('',(0.00819738359069151,0.00059898490366725,0.012));
#2875=CARTESIAN_POINT('',(0.0081973835906915,-0.000598984903667244,0.012));
#2876=CARTESIAN_POINT('',(0.00846118223155427,-0.0011904300932341,0.012));
#2877=CARTESIAN_POINT('',(0.00935412922082693,-0.0019944771278672,0.012));
#2878=CARTESIAN_POINT('',(0.00997233271037177,-0.00219983377026507,0.012));
#2879=CARTESIAN_POINT('',(0.0105713613818761,-0.00213762947433369,0.012));
#2880=CARTESIAN_POINT('',(0.00870140946792536,-0.001378167867197,0.012));
#2881=CARTESIAN_POINT('',(0.00882556902493026,-0.00139783280908947,0.0119222979074018));
#2882=CARTESIAN_POINT('',(0.00906963219174665,-0.00143663487078906,0.0117818381093324));
#2883=CARTESIAN_POINT('',(0.00938271779251141,-0.00148649575705196,0.0116315814190594));
#2884=CARTESIAN_POINT('',(0.00979511475610834,-0.00154957051336309,0.0114947652773686));
#2885=CARTESIAN_POINT('',(0.0100375617852563,-0.00158979360558073,0.0114698046804523));
#2886=CARTESIAN_POINT('',(0.010167666486172,-0.00161040016581886,0.0114704442600242));
#2887=CARTESIAN_POINT('',(0.00908385110067947,-0.00529939649996585,0.0108782456697521));
#2888=CARTESIAN_POINT('',(0.00886025354983839,-0.00509979720908899,0.010909862383078));
#2889=CARTESIAN_POINT('',(0.00855199639612857,-0.0050014564373126,0.0109425513817921));
#2890=CARTESIAN_POINT('',(0.00796080910406436,-0.00506111791777383,0.0109898203701978));
#2891=CARTESIAN_POINT('',(0.00768425737742011,-0.0052193288518044,0.0110038053019082));
#2892=CARTESIAN_POINT('',(0.00733844283396974,-0.00569530173724549,0.0110038053019082));
#2893=CARTESIAN_POINT('',(0.00727343447756765,-0.00600720792627456,0.0109898203701978));
#2894=CARTESIAN_POINT('',(0.00739937995790954,-0.00658789686411519,0.0109425513817921));
#2895=CARTESIAN_POINT('',(0.00758816428885895,-0.00685067786912666,0.010909862383078));
#2896=CARTESIAN_POINT('',(0.0078470899382058,-0.00700165220393556,0.0108782456697521));
#2897=CARTESIAN_POINT('',(0.00980887809149578,-0.00448431174450816,0.012));
#2898=CARTESIAN_POINT('',(0.00936081648390865,-0.00408188719316598,0.012));
#2899=CARTESIAN_POINT('',(0.00873997374902322,-0.00388465331270345,0.012));
#2900=CARTESIAN_POINT('',(0.00754495747051888,-0.00401027995662499,0.012));
#2901=CARTESIAN_POINT('',(0.00698389712700117,-0.00433371221555197,0.012));
#2902=CARTESIAN_POINT('',(0.00627974814155832,-0.00530289014843365,0.012));
#2903=CARTESIAN_POINT('',(0.00614552296514258,-0.00593643630870847,0.012));
#2904=CARTESIAN_POINT('',(0.00639532526543329,-0.00711178509537686,0.012));
#2905=CARTESIAN_POINT('',(0.00677475678859518,-0.00764129300305471,0.012));
#2906=CARTESIAN_POINT('',(0.0072959439317377,-0.00794306888933367,0.012));
#2907=CARTESIAN_POINT('',(0.00917238444820744,-0.00467356330890866,0.0114704442600242));
#2908=CARTESIAN_POINT('',(0.00905501530191011,-0.00461376074188473,0.0114698046804523));
#2909=CARTESIAN_POINT('',(0.00883522899468657,-0.00450379511885982,0.0114947652773685));
#2910=CARTESIAN_POINT('',(0.0084645184311564,-0.00431242281533911,0.0116315814190594));
#2911=CARTESIAN_POINT('',(0.00818191936583206,-0.00416873402084573,0.0117818381093324));
#2912=CARTESIAN_POINT('',(0.00796166083655107,-0.00405666881809502,0.0119222979074018));
#2913=CARTESIAN_POINT('',(0.00784965488208846,-0.00399959893374078,0.012));
#2914=CARTESIAN_POINT('',(0.0102768593607767,-0.00223296120924274,0.0108782456697521));
#2915=CARTESIAN_POINT('',(0.0100025258800755,-0.00211222644611691,0.010909862383078));
#2916=CARTESIAN_POINT('',(0.00967896693562634,-0.00211395551343546,0.0109425513817921));
#2917=CARTESIAN_POINT('',(0.00913515082052987,-0.00235338387330627,0.0109898203701978));
#2918=CARTESIAN_POINT('',(0.00892102436612355,-0.00258931059642198,0.0110038053019082));
#2919=CARTESIAN_POINT('',(0.00873921890160841,-0.00314885028152872,0.0110038053019082));
#2920=CARTESIAN_POINT('',(0.00877377659369927,-0.00346557938198224,0.0109898203701978));
#2921=CARTESIAN_POINT('',(0.00907300061371464,-0.00397892808646573,0.0109425513817921));
#2922=CARTESIAN_POINT('',(0.00933374897818597,-0.0041705101071054,0.010909862383078));
#2923=CARTESIAN_POINT('',(0.00962665553940365,-0.00423408280609099,0.0108782456697521));
#2924=CARTESIAN_POINT('',(0.0107145259635901,-0.00123372387968909,0.012));
#2925=CARTESIAN_POINT('',(0.0101640380266742,-0.000989454039089323,0.012));
#2926=CARTESIAN_POINT('',(0.00951263287713746,-0.000993724427755066,0.012));
#2927=CARTESIAN_POINT('',(0.00841492562630515,-0.00148248280468947,0.012));
#2928=CARTESIAN_POINT('',(0.00798127159510534,-0.00196346234313885,0.012));
#2929=CARTESIAN_POINT('',(0.0076110785658909,-0.00310279933472916,0.012));
#2930=CARTESIAN_POINT('',(0.00767919936745576,-0.00374681539941775,0.012));
#2931=CARTESIAN_POINT('',(0.00827997822233126,-0.00478744536587455,0.012));
#2932=CARTESIAN_POINT('',(0.00880446598705055,-0.00517378652304279,0.012));
#2933=CARTESIAN_POINT('',(0.00939339829309827,-0.00529973676166837,0.012));
#2934=CARTESIAN_POINT('',(0.,-1.86758636869971E-19,0.001));
#2935=CARTESIAN_POINT('',(0.,-1.86758636869971E-19,0.001));
#2936=CARTESIAN_POINT('',(-0.00305,-1.86758636869971E-19,0.001));
#2937=CARTESIAN_POINT('',(0.,-1.86758636869971E-19,0.01));
#2938=CARTESIAN_POINT('',(-0.00305,-1.86758636869971E-19,0.01));
#2939=CARTESIAN_POINT('',(0.,-2.75545529808154E-19,0.001));
#2940=CARTESIAN_POINT('',(0.,-2.75545529808154E-19,0.001));
#2941=CARTESIAN_POINT('',(-0.0045,-2.75545529808154E-19,0.001));
#2942=CARTESIAN_POINT('',(0.,0.,0.001));
#2943=CARTESIAN_POINT('',(0.,0.,0.01));
#2944=MECHANICAL_DESIGN_GEOMETRIC_PRESENTATION_REPRESENTATION('',(#1167),
#2945);
#2945=(
GEOMETRIC_REPRESENTATION_CONTEXT(3)
GLOBAL_UNCERTAINTY_ASSIGNED_CONTEXT((#2946))
GLOBAL_UNIT_ASSIGNED_CONTEXT((#2949,#2948,#2947))
REPRESENTATION_CONTEXT('Encoder Knob','TOP_LEVEL_ASSEMBLY_PART')
);
#2946=UNCERTAINTY_MEASURE_WITH_UNIT(LENGTH_MEASURE(2.E-5),#2949,
'DISTANCE_ACCURACY_VALUE','Maximum Tolerance applied to model');
#2947=(
NAMED_UNIT(*)
SI_UNIT($,.STERADIAN.)
SOLID_ANGLE_UNIT()
);
#2948=(
NAMED_UNIT(*)
PLANE_ANGLE_UNIT()
SI_UNIT($,.RADIAN.)
);
#2949=(
LENGTH_UNIT()
NAMED_UNIT(*)
SI_UNIT($,.METRE.)
);
#2950=PRODUCT_DEFINITION_SHAPE('','',#2951);
#2951=PRODUCT_DEFINITION('','',#2953,#2952);
#2952=PRODUCT_DEFINITION_CONTEXT('',#2959,'design');
#2953=PRODUCT_DEFINITION_FORMATION_WITH_SPECIFIED_SOURCE('','',#2955,
 .NOT_KNOWN.);
#2954=PRODUCT_RELATED_PRODUCT_CATEGORY('','',(#2955));
#2955=PRODUCT('Encoder Knob','Encoder Knob','Encoder Knob',(#2957));
#2956=PRODUCT_CATEGORY('','');
#2957=PRODUCT_CONTEXT('',#2959,'mechanical');
#2958=APPLICATION_PROTOCOL_DEFINITION('international standard',
'ap242_managed_model_based_3d_engineering',2020,#2959);
#2959=APPLICATION_CONTEXT('managed model based 3d engineering');
ENDSEC;
END-ISO-10303-21;
